0.05  -0.08114472714538801  0.006397116497088916
0.1  -0.16377364068170086  0.007155745053302732
0.15000000000000002  -0.22302254375490516  0.005623791792393334
0.2  -0.2633412074485644  0.003704623982435524
0.25  -0.2879730300694902  0.0019302578371975072
0.30000000000000004  -0.29986586768646384  0.0004141829031002194
0.35000000000000003  -0.30174057076792765  -0.0008512639536875448
0.4  -0.29596738428781516  -0.001866253179621085
0.45  -0.2845268605467403  -0.0026271710217648796
0.5  -0.26904386125581464  -0.003144654149759065
0.55  -0.2508313547450494  -0.0034361683651104335
0.6000000000000001  -0.23092217201029333  -0.0035064288385499515
0.65  -0.21013940456164865  -0.003377798447263747
0.7000000000000001  -0.18914585097516046  -0.0030864475068911315
0.75  -0.16846517245148512  -0.002664585965682777
0.8  -0.1484997380613122  -0.0021269447586766024
0.8500000000000001  -0.12956156738446364  -0.0014547674973370696
0.9  -0.11188182853036377  -0.0006397802738364983
0.9500000000000001  -0.09556863127614895  0.00025963441071583397
1.0  -0.0807450475977423  0.0011687762191160628
1.05  -0.06754029584889888  0.0019344122343098538
1.1  -0.05594776067181163  0.0021300871886869278
1.1500000000000001  -0.04619613951892163  0.0019342182054997758
1.2000000000000002  -0.03837393356819908  0.0015167481453734325
1.25  -0.032426952513563825  0.0009517063562811315
1.3  -0.028211536955765795  0.00030594816731941473
1.35  -0.025512908013914957  -0.0003572821433482651
1.4000000000000001  -0.024062109618757915  -0.000982550232334372
1.4500000000000002  -0.02354448008028419  -0.0015246848627660276
1.5  -0.023625586702460157  -0.001945764501238958
1.55  -0.023983330215824036  -0.0022162374411591377
1.6  -0.024330542886939963  -0.0023154164042048964
1.6500000000000001  -0.024437386071836147  -0.0022328675116688825
1.7000000000000002  -0.024146165157582933  -0.0019696357412212675
1.75  -0.023373882580069512  -0.0015381182214151707
1.8  -0.022101526070771572  -0.0009576686642546433
1.85  -0.020364340485829958  -0.00025091272017835277
1.9000000000000001  -0.018244879275112726  0.0005490968146906019
1.9500000000000002  -0.015866079916061204  0.001392819137064498
2.0  -0.013365429047169104  0.002222765774093122
2.0500000000000003  -0.010873755791844332  0.0029796106921690223
2.1  -0.008502473133250879  0.0036071567514256303
2.15  -0.006335272453172504  0.004058004055082529
2.2  -0.004425241994952699  0.004297828186052609
2.25  -0.002796743329967711  0.0043084804954204425
2.3000000000000003  -0.0014505929868696942  0.004089556773806419
2.35  -0.0003707191635615942  0.0036583210056409187
2.4000000000000004  0.0004691967109906707  0.0030480050373459626
2.45  0.0011000297254613678  0.0023045948059745927
2.5  0.001552924860638077  0.0014824682375956745
2.5500000000000003  0.001856496409044567  0.0006394204925298653
2.6  0.0020354239419776423  -0.00016839574466317707
2.6500000000000004  0.002110384427873856  -0.000890967798725486
2.7  0.0020990593537338707  -0.0014878996141765742
2.75  0.002017671597455033  -0.00193080522756544
2.8000000000000003  0.001882535332436037  -0.002204552932883857
2.85  0.00171115961582573  -0.002307289388054322
2.9000000000000004  0.0015226023760337285  -0.0022493829444378043
2.95  0.0013369715307566096  -0.0020515165437484753
3.0  0.0011745835391468436  -0.00174184994239483
3.0500000000000003  0.001055859295022122  -0.0013525623148837361
3.1  0.0009994585703055191  -0.0009181085228809169
3.1500000000000004  0.0010195916402459052  -0.0004732096442015652
3.2  0.0011252969984637184  -4.9766909983528875e-05
3.25  0.0013202987101120878  0.0003255910287184968
3.3000000000000003  0.001602701561457976  0.0006331310614186006
3.35  0.001965003743073253  0.0008608421930253506
3.4000000000000004  0.0023946470808042086  0.0010045670670264435
3.45  0.0028748960524566155  0.0010675130459207698
3.5  0.003386015242410586  0.0010592080017071352
3.5500000000000003  0.003906790658216444  0.0009939634731551726
3.6  0.004416111746021441  0.0008888357841112622
3.6500000000000004  0.004894224317100757  0.000761103983943219
3.7  0.0053239067761556395  0.0006257680547757304
3.75  0.005692053207287033  0.0004939851135173383
3.8000000000000003  0.005991233683506677  0.00037283034590560705
3.85  0.006220320221914266  0.000265960692423009
3.9000000000000004  0.006383926739521417  0.0001746056260837777
3.95  0.006491076920817717  9.855333067745344e-05
4.0  0.006553619903460326  3.6990048049583175e-05
4.05  0.0065847369219054295  -1.0875242371367205e-05
4.1000000000000005  0.006597693978032682  -4.54349723347867e-05
4.15  0.006604875396782097  -6.655938425480549e-05
4.2  0.00661707470344032  -7.369936756908235e-05
4.25  0.006643000918733244  -6.617096493756e-05
4.3  0.006688962020576088  -4.35677179250091e-05
4.3500000000000005  0.006758698674101342  -6.224092719707061e-06
4.4  0.006853351900477746  4.439684667570688e-05
4.45  0.00697156340035299  0.00010552939266221
4.5  0.007109725693655964  0.00017319685359799483
4.55  0.007262394606774241  0.00024252426266548063
4.6000000000000005  0.007422848347962087  0.000308197136727799
4.65  0.007583751946826549  0.0003649947999956895
4.7  0.007737869979662802  0.000408332523199875
4.75  0.007878761995062948  0.0004347516114299309
4.800000000000001  0.008001393463598547  0.00044230210872496056
4.8500000000000005  0.008102599519158808  0.00043077351474220005
4.9  0.008181350427172551  0.00040174634754036446
4.95  0.008238787535226702  0.0003584581517919387
5.0  0.008278023945462284  0.00030549833251808525
5.050000000000001  0.008303731355720406  0.00024836478342088193
5.1000000000000005  0.008321559988794235  0.00019292956896199524
5.15  0.008337459285414912  0.00014486979013847337
5.2  0.008356980507966294  0.00010912297039045702
5.25  0.008384646268493385  8.942320071651729e-05
5.300000000000001  0.008423463207070618  8.796325487645977e-05
5.3500000000000005  0.008474637001654942  0.00010521047767217786
5.4  0.008537522886947271  0.00013988931746582671
5.45  0.00860980969581351  0.00018913370028288416
5.5  0.008687902024013578  0.00024879420872885635
5.550000000000001  0.008767440886792863  0.0003138639619675625
5.6000000000000005  0.008843888531377575  0.00037897293118756737
5.65  0.008913096597913938  0.0004388963309485747
5.7  0.008971779836444625  0.0004890266907510417
5.75  0.009017831023584853  0.000525765119886713
5.800000000000001  0.009050435240287829  0.0005467951150338826
5.8500000000000005  0.009069972524575136  0.0005512161601900879
5.9  0.009077732319863831  0.0005395321849372386
5.95  0.009075493517696686  0.0005135068928662882
6.0  0.009065044825712736  0.00047591151500524145
6.050000000000001  0.009047728580587076  0.0004301998806177227
6.1000000000000005  0.009024085814306824  0.00038015064112463705
6.15  0.008993662643662016  0.0003295168198997879
6.2  0.008955010822581969  0.00028171850729680583
6.25  0.008905882524246091  0.0002396058538133553
6.300000000000001  0.008843586402613294  0.00020530777920375583
6.3500000000000005  0.008765444770847852  0.00018016921678160448
6.4  0.00866927505883999  0.00016476895587225492
6.45  0.008553814035342664  0.00015900322474347248
6.5  0.008419011420376328  0.0001622168001632209
6.550000000000001  0.008266142130191821  0.0001733607535808332
6.6000000000000005  0.008097719500548566  0.00019115257376575717
6.65  0.007917225402003576  0.00021421465237070263
6.7  0.007728701390436246  0.00024117612380453142
6.75  0.007536266475390668  0.0002707372757879173
6.800000000000001  0.007343637086995467  0.0003017044145832419
6.8500000000000005  0.007153720670869614  0.0003330041145066103
6.9  0.006968339500859572  0.0003636853674911133
6.95  0.0067881195420841835  0.00039291782610481135
7.0  0.006612553216505477  0.0004199926132171763
7.050000000000001  0.006440217580502299  0.00044432876685146066
7.1000000000000005  0.006269105030888762  0.0004654846136242022
7.15  0.006097008237024326  0.0004831707757077392
7.2  0.005921897735307705  0.0004972601149262934
7.25  0.0057422389825648205  0.0005077897087564941
7.300000000000001  0.005557212831028497  0.0005149521752023125
7.3500000000000005  0.005366822036654461  0.0005190768120465132
7.4  0.005171881654872103  0.0005206013728595163
7.45  0.0049739067416966045  0.0005200350333924138
7.5  0.0047749253330474665  0.0005179156157819461
7.550000000000001  0.004577252996200756  0.0005147667148079556
7.6000000000000005  0.004383265660841712  0.0005110605013862403
7.65  0.004195201504595674  0.0005071903861911606
7.7  0.004015012698261879  0.0005034555737191403
7.75  0.0038442762632531083  0.0005000574092744176
7.800000000000001  0.003684162432310471  0.0004971056660969307
7.8500000000000005  0.003535450480779411  0.0004946318037106391
7.9  0.0033985770559852775  0.0004926058039403621
7.95  0.003273700786808217  0.0004909533733734293
8.0  0.0031607687760035453  0.0004895711125480885
8.05  0.0030595744810468207  0.0004883385249712271
8.1  0.0029698017877662695  0.00048712677957220665
8.15  0.0028910558611728475  0.00048580453644951843
8.200000000000001  0.0028228855677611166  0.0004842418110211146
8.25  0.0027648030826092625  0.00048231425423124084
8.3  0.002716304562197565  0.0004799101199263815
8.35  0.0026768942173934877  0.00047693971318542273
8.4  0.0026461129649781247  0.0004733449761018628
8.450000000000001  0.0026235704323804556  0.0004691066866317971
8.5  0.0026089763640507143  0.0004642477265916758
8.55  0.0026021660713314706  0.00045883189364097246
8.6  0.0026031147913235914  0.0004529584337111224
8.65  0.002611937458597575  0.00044675294901583675
8.700000000000001  0.002628872886654041  0.00044035549573471046
8.75  0.00265425337572094  0.00043390659808007203
8.8  0.002688461606204813  0.00042753249122467877
8.85  0.0027318778231916856  0.00042133196199389437
8.9  0.002784822437009556  0.00041536660238506183
8.950000000000001  0.0028475004044238683  0.0004096545117985951
9.0  0.002919953611354123  0.0004041670357647482
9.05  0.0030020269739227073  0.00039882891286718814
9.1  0.003093352651528904  0.0003935223806129282
9.15  0.00319335423503014  0.00038809540063621255
9.200000000000001  0.003301270019359286  0.0003823738007916793
9.25  0.003416191675268799  0.00037617608602224346
9.3  0.003537112683882458  0.0003693286889409854
9.35  0.003662981438905739  0.00036168037017549276
9.4  0.003792755276644119  0.00035311580459110396
9.450000000000001  0.003925451657946711  0.00034356807003090104
9.5  0.004060192322225503  0.00033302900934172616
9.55  0.004196236627804435  0.00032155633017239607
9.600000000000001  0.004333001356923704  0.00030927629506801796
9.65  0.00447006590959507  0.00029638080926659715
9.700000000000001  0.004607163771434495  0.00028311841609396165
9.75  0.004744162576704683  0.0002697800599916903
9.8  0.004881035700096659  0.0002566813027191289
9.850000000000001  0.005017828540042264  0.000244142667680448
9.9  0.005154622740229374  0.00023246954696051563
9.950000000000001  0.005291501481251978  0.00022193296643052633
10.0  0.005428518639921524  0.0002127523919847974
10.05  0.005565674006278408  0.00020508162796128223
10.100000000000001  0.005702895877314728  0.00019899875010168127
10.15  0.005840031570066771  0.00019450083301403997
10.200000000000001  0.005976845860065948  0.00019150392192118462
10.25  0.006113026831652008  0.00018984833042609832
10.3  0.00624819812475937  0.00018930892698289941
10.350000000000001  0.006381936143886641  0.00018960957637309853
10.4  0.006513790319128105  0.00019044033319667877
10.450000000000001  0.0066433037258467635  0.0001914755487383353
10.5  0.006770030618613759  0.00019239176036522744
10.55  0.006893548989953643  0.0001928878912541648
10.600000000000001  0.0070134719085812305  0.00019271453286736641
10.65  0.007129463877667749  0.00019171213789265196
10.700000000000001  0.007241260158427253  0.0001898402557798672
10.75  0.007348681095400039  0.00018718026137888252
10.8  0.007451638355451019  0.00018391550445823765
10.850000000000001  0.007550133228243133  0.00018030400195732157
10.9  0.007644246427014222  0.00017665316681364656
10.950000000000001  0.007734119795220893  0.00017329855705163448
11.0  0.007819932061152854  0.00017058612961922664
11.05  0.007901871211551573  0.00016885792384271697
11.100000000000001  0.007980105580058969  0.00016844181321970804
11.15  0.008054755193215479  0.00016964617097997274
11.200000000000001  0.008125864565197621  0.00017276002047640393
11.25  0.00819337808975987  0.00017805852849007696
11.3  0.008257119779957772  0.00018581255981839847
11.350000000000001  0.008316781129407253  0.00019629962704779494
11.4  0.00837192554181928  0.00020981257245699666
11.450000000000001  0.008422026133945883  0.00022666295403739363
11.5  0.008466564168611867  0.0002471797778509198
11.55  0.00850521868744111  0.00027171005589291127
11.600000000000001  0.008538153857995511  0.000300628673122181
11.65  0.008566339747338293  0.0003343507250546853
11.700000000000001  0.008591744679034974  0.00037331297981549625
11.75  0.008617200316015875  0.0004178822214657244
11.8  0.008645854616253513  0.0004681835086661064
11.850000000000001  0.008680355561862864  0.000523897874813956
11.9  0.008722078110908924  0.0005841052422631358
11.950000000000001  0.008770687003609539  0.0006472290625702861
12.0  0.008824156238231405  0.0007111015468703142
12.05  0.008879177575375966  0.0007731380773561437
12.100000000000001  0.008931783472514245  0.0008305911982289271
12.15  0.008977998214873302  0.0008808442166892039
12.200000000000001  0.009014378591048533  0.0009216998992815734
12.25  0.009038370807687898  0.0009516215762321003
12.3  0.009048467319520298  0.000969892590074328
12.350000000000001  0.009044185836692923  0.0009766748497956029
12.4  0.009025912644256603  0.0009729653537402348
12.450000000000001  0.008994658333535008  0.0009604641231729318
12.5  0.008951773693127123  0.0009413753444312996
12.55  0.008898671120414866  0.0009181716805265125
12.600000000000001  0.008836591190537688  0.0008933546009083282
12.65  0.008766440330377701  0.0008692323210771
12.700000000000001  0.008688704326620982  0.0008477283403275311
12.75  0.008603429631881803  0.0008302394939161163
12.8  0.008510266347493082  0.0008175647349433844
12.850000000000001  0.008408562018251301  0.0008099196001499444
12.9  0.008297481661863563  0.0008070161396580454
12.950000000000001  0.00817615172915682  0.0008081522700146567
13.0  0.008043827102198215  0.0008123342554814045
13.05  0.007900019025175333  0.0008184341809055618
13.100000000000001  0.007744567990483422  0.0008253338730619835
13.15  0.007577680342694849  0.0008320488576710705
13.200000000000001  0.007399932521941823  0.0008378224386278352
13.25  0.007212247165612741  0.0008421770363196478
13.3  0.0070158478873496325  0.0008449215917791895
13.350000000000001  0.006812199015256719  0.0008461219078440376
13.4  0.006602935991345438  0.0008460444729895193
13.450000000000001  0.006389791944169948  0.000845085941889204
13.5  0.0061745261661222805  0.0008436995640645793
13.55  0.005958859498861384  0.0008423266858513907
13.600000000000001  0.005744419154956446  0.0008413420046191221
13.65  0.005532695921385681  0.0008410172507078779
13.700000000000001  0.005325015550488471  0.0008415033347770317
13.75  0.0051225241199606844  0.0008428291619253412
13.8  0.004926186090436047  0.0008449137371568936
13.850000000000001  0.004736793074378721  0.0008475873625985635
13.9  0.004554980880441692  0.0008506177984652279
13.950000000000001  0.004381252191855173  0.0008537378243640622
14.0  0.0042160022938240935  0.0008566712566099343
14.05  0.00405954550501254  0.0008591552080081502
14.100000000000001  0.003912140168131547  0.0008609577206544281
14.15  0.0037740110182997535  0.0008618923077083339
14.200000000000001  0.003645368450344495  0.0008618329186081479
14.25  0.0035264227180176323  0.0008607301625085088
14.3  0.003417389885809488  0.0008586225826581351
14.350000000000001  0.003318487750412564  0.0008556342810694334
14.4  0.0032299247062586717  0.0008519568142549194
14.450000000000001  0.0031518887046905345  0.0008478216464894702
14.5  0.0030845396315704555  0.0008434733856927824
14.55  0.0030280017981925735  0.0008391512844086792
14.600000000000001  0.002982353933018223  0.0008350785204956392
14.65  0.002947617828695602  0.0008314534226391542
14.700000000000001  0.0029237481085062273  0.0008284366010760909
14.75  0.002910625826225919  0.0008261329402822424
14.8  0.0029080563783194778  0.0008245753066497849
14.850000000000001  0.002915770221568466  0.0008237174884766281
14.9  0.0029334262894147307  0.000823436801545745
14.950000000000001  0.0029606181890712143  0.0008235428998443082
15.0  0.0029968823620503855  0.0008237905300478865
15.05  0.0030417075174760597  0.0008238958030807351
15.100000000000001  0.0030945455668765355  0.000823556231676962
15.15  0.0031548244506232784  0.0008224733245725222
15.200000000000001  0.0032219624608649943  0.0008203749345537103
15.25  0.0032953831186719813  0.0008170355247291997
15.3  0.003374529293202149  0.0008122940233639218
15.350000000000001  0.0034588745058852046  0.0008060684628946698
15.4  0.0035479304042290343  0.0007983647213462008
15.450000000000001  0.003641252728563776  0.0007892777725541482
15.5  0.0037384484395401015  0.0007789868506473584
15.55  0.0038391840116244152  0.0007677453101296171
15.600000000000001  0.003943193126835186  0.0007558645791230272
15.65  0.004050281564314801  0.0007436925221205486
15.700000000000001  0.004160327504037324  0.000731588052688843
15.75  0.004273276369549328  0.0007198946017144501
15.8  0.004389130240886146  0.0007089150797330147
15.850000000000001  0.004507932496209261  0.0006988905831714089
15.9  0.0046297486833805435  0.0006899845152603367
15.950000000000001  0.004754644791464797  0.0006822731751751924
16.0  0.004882664191248158  0.0006757432825459592
16.05  0.0050138045977892644  0.0006702963917465438
16.1  0.005147996455524949  0.0006657598341272407
16.150000000000002  0.005285083981052615  0.0006619037178490223
16.2  0.005424809749349989  0.000658461602045255
16.25  0.00556680626599591  0.0006551431845776063
16.3  0.005710602869431293  0.0006516377591401571
16.35  0.0058556327748982406  0.0006476581109299769
16.400000000000002  0.006001234188182987  0.0006429905206522508
16.45  0.006146669325420795  0.0006375036099129479
16.5  0.006291154252544245  0.0006311470865317907
16.55  0.006433893138679843  0.000623949509723523
16.6  0.006574114875726104  0.0006160126142146454
16.650000000000002  0.006711109490876081  0.0006075016600906877
16.7  0.006844262697290982  0.0005986324320447164
16.75  0.006973087998315891  0.0005896564456485677
16.8  0.007097234685548137  0.0005808470244506201
16.85  0.007216454367179076  0.000572477891960533
16.900000000000002  0.007330625772837578  0.0005647875057278531
16.95  0.007439771847631821  0.0005579571954920851
17.0  0.007544032797977224  0.0005520998711701764
17.05  0.007643638511885745  0.0005472511168246063
17.1  0.007738882436981436  0.0005433659824278464
17.150000000000002  0.007830096623843551  0.0005403232725566046
17.2  0.007917629009460806  0.0005379372884879561
17.25  0.008001823884677137  0.0005359760771315324
17.3  0.008083006202769964  0.0005341844628425174
17.35  0.008161469644377492  0.0005323085194876207
17.400000000000002  0.008237466940471182  0.0005301147983261356
17.45  0.008311200704877402  0.0005273972685039083
17.5  0.008382817429416912  0.0005239776821141878
17.55  0.008452409317040159  0.0005197165777712738
17.6  0.008520018416723545  0.0005145336299669475
17.650000000000002  0.008585636365077438  0.0005084190698595027
17.7  0.008649204028279157  0.0005014303836965942
17.75  0.00871061567150568  0.0004936804496214457
17.8  0.008769726787055607  0.00048532294475324276
17.85  0.008826362866842541  0.0004765377943737393
17.900000000000002  0.008880327186417283  0.0004675178378843001
17.95  0.00893140672467566  0.0004584573348202824
18.0  0.008979375994733007  0.0004495426825134443
18.05  0.00902399888133696  0.000440945491065169
18.1  0.009065028722466839  0.000432817909534682
18.150000000000002  0.009102206941023826  0.00042528979828609096
18.2  0.009135260581150354  0.00041846687215001317
18.25  0.009163899049058524  0.0004124280818398723
18.3  0.009187810356788725  0.0004072205181757869
18.35  0.009206656595162385  0.00040286045254829355
18.400000000000002  0.009220067136741303  0.0003993681228335602
18.45  0.00922764065603408  0.0003967960189771468
18.5  0.00922896865951859  0.0003951872207313389
18.55  0.009223648829831609  0.00039454909716289097
18.6  0.009211281174014131  0.0003948568101233904
18.650000000000002  0.009191461668622239  0.00039605721845369557
18.7  0.009163776429188307  0.00039807463269841514
18.75  0.009127798521820137  0.0004008226109054132
18.8  0.009083092243017673  0.00040421960578962597
18.85  0.009029228439152603  0.0004082018872449098
18.900000000000002  0.008965808932445616  0.00041272863829047615
18.95  0.008892493599464538  0.0004177794437818062
19.0  0.008809023882385428  0.0004233476819561682
19.05  0.008715239423116444  0.0004294331780466253
19.1  0.008611087047056699  0.00043603609606830283
19.150000000000002  0.008496622773502032  0.0004431529020275967
19.200000000000003  0.008372008303342641  0.00045077450665029434
19.25  0.008237503816597621  0.00045888621589180957
19.3  0.008093458973688409  0.0004674688059314507
19.35  0.007940303794002701  0.00047649991254503234
19.400000000000002  0.007778540658180405  0.00048595499457009396
19.450000000000003  0.007608738150336187  0.0004958073655593601
19.5  0.007431526924951465  0.0005060271230503432
19.55  0.007247597336562016  0.0005165791840074027
19.6  0.007057698335626825  0.0005274210888848996
19.650000000000002  0.006862637308810061  0.0005385015406658386
19.700000000000003  0.006663280346809158  0.000549759179185074
19.75  0.006460550748416768  0.0005611204242136191
19.8  0.006255424737919803  0.0005724994055783408
19.85  0.006048925703319928  0.0005838010727726154
19.900000000000002  0.005842117049789541  0.0005949255669282377
19.950000000000003  0.005636093040295446  0.0006057729575679978
20.0  0.005431967246176768  0.000616247831177662
20.05  0.005230858687320929  0.0006262630289295771
20.1  0.005033876105355909  0.0006357420815114432
20.150000000000002  0.004842100861655671  0.0006446203872923259
20.200000000000003  0.004656568902764915  0.0006528454034562691
20.25  0.004478252305255521  0.0006603760967751857
20.3  0.004308041080191514  0.0006671818176557805
20.35  0.004146726192658641  0.0006732406215772943
20.400000000000002  0.003994985228030703  0.0006785368899366144
20.450000000000003  0.0038533726346958483  0.0006830581317997096
20.5  0.0037223162011973962  0.0006867913580521851
20.55  0.0036021198717772858  0.0006897201657605419
20.6  0.0034929716741780937  0.0006918237094157335
20.650000000000002  0.0033949550312266635  0.0006930767629749933
20.700000000000003  0.003308060445872674  0.000693448252511411
20.75  0.0032321978912756197  0.0006928989741242535
20.8  0.003167211379545653  0.0006913825335288428
20.85  0.003112894464731826  0.0006888589149484793
20.900000000000002  0.003069005124025256  0.0006853275855890062
20.950000000000003  0.003035279795263252  0.0006808559123186852
21.0  0.0030114477067161947  0.0006755593917712023
21.05  0.0029972451087034125  0.0006695484472561
21.1  0.0029924306606393214  0.000662895023229156
21.150000000000002  0.0029967954866837827  0.0006556225878284466
21.200000000000003  0.003010159589568423  0.0006477064491556257
21.25  0.0030323629680081474  0.0006390813479806685
21.3  0.003063257273102964  0.0006296488329000022
21.35  0.0031026969750073395  0.0006192836660738413
21.400000000000002  0.0031505296543220583  0.0006078421908280395
21.450000000000003  0.003206586833887625  0.0005951710132137315
21.5  0.003270677576763976  0.0005811099843501959
21.55  0.0033425870616794638  0.0005654886760373603
21.6  0.003422077630364744  0.0005481357829086741
21.650000000000002  0.0035088853072958504  0.0005289112811277431
21.700000000000003  0.0036027176889259094  0.0005077319833043188
21.75  0.003703263325021694  0.00048457502411216203
21.8  0.0038102077292384785  0.0004594724561697657
21.85  0.003923247401366811  0.0004325049913649104
21.900000000000002  0.004042098326341167  0.0004037948954426224
21.950000000000003  0.004166498361185406  0.0003734975898771846
22.0  0.004296203750218028  0.0003417925104268186
22.05  0.004430980430237125  0.00030887424545941863
22.1  0.004570591264708333  0.0002749450367880105
22.150000000000002  0.004714780824481037  0.00024020957776962686
22.200000000000003  0.004863259647583864  0.00020487282127937907
22.25  0.005015689849794016  0.0001691413490721823
22.3  0.0051716733846326  0.00013322866626367904
22.35  0.005330743917014458  9.736249758582501e-05
22.400000000000002  0.005492366843616776  6.17837661573252e-05
22.450000000000003  0.005655959837754905  2.6730261163811775e-05
22.5  0.005820928034871007  -7.570203385356656e-06
22.55  0.005986677121200182  -4.089259890168893e-05
22.6  0.006152607404924217  -7.30143723998673e-05
22.650000000000002  0.006318112665423523  -0.00010372140112709324
22.700000000000003  0.006482586441507792  -0.00013281586293953889
22.75  0.006645431771425767  -0.00016012438706457482
22.8  0.006806071826355282  -0.0001855054162499491
22.85  0.00696395938595519  -0.00020885494184504587
22.900000000000002  0.00711858125777441  -0.00023010922203360815
22.950000000000003  0.007269454974065944  -0.0002492409925041718
23.0  0.0074161287889324915  -0.0002662500310289242
23.05  0.007558197432032468  -0.00028115945870909134
23.1  0.007695324320698216  -0.00029402086054375353
23.150000000000002  0.007827257354361456  -0.000304919337607857
23.200000000000003  0.00795383568068381  -0.00031397347095895315
23.25  0.008074988907083865  -0.0003213304452999358
23.3  0.008190730116544514  -0.00032715794696541804
23.35  0.008301143842102088  -0.00033163468602757647
23.400000000000002  0.008406370393383933  -0.00033494130668512397
23.450000000000003  0.008506588140353922  -0.00033725284594345484
23.5  0.008601995349680524  -0.0003387330506676356
23.55  0.008692793067104552  -0.00033953024785482726
23.6  0.008779170349796616  -0.0003397742427690832
23.650000000000002  0.008861292800324432  -0.0003395738066487298
23.700000000000003  0.008939294901951621  -0.0003390145469838474
23.75  0.009013276232169347  -0.00033815719192018987
23.8  0.009083301304264869  -0.00033703648031932064
23.85  0.009149402550236503  -0.0003356608873108807
23.900000000000002  0.009211585777620155  -0.00033401331740286417
23.950000000000003  0.009269837243651682  -0.00033205268747320916
24.0  0.009324131141100644  -0.0003297161292443217
24.05  0.009374435510624552  -0.00032692177243680477
24.1  0.009420713475870361  -0.00032357351258300074
24.150000000000002  0.009462917695699916  -0.00031957155390290845
24.200000000000003  0.009500983586624198  -0.00031483037822065493
24.25  0.009534833459254249  -0.0003092942332025561
24.3  0.009564390168073592  -0.0003029360962184877
24.35  0.009589583236484353  -0.0002957432213522361
24.400000000000002  0.009610340362387148  -0.0002877045267480836
24.450000000000003  0.009626571209458644  -0.00027880632618283046
24.5  0.009638151189844813  -0.0002690280240945038
24.55  0.00964491242040394  -0.0002583299423723651
24.6  0.009646651222434575  -0.0002466507625638471
24.650000000000002  0.009643145434624693  -0.0002339246455034938
24.700000000000003  0.009634164515997128  -0.00022009754960788838
24.75  0.009619471440673353  -0.00020513506843850254
24.8  0.00959882150495889  -0.00018902636163160554
24.85  0.009571960720590899  -0.00017178619460752367
24.900000000000002  0.009538625471538404  -0.00015345502696530156
24.950000000000003  0.009498544383669701  -0.0001340971456713436
25.0  0.009451442167608235  -0.00011379745199829264
25.05  0.00939704463016981  -9.265754758813792e-05
25.1  0.009335084335293597  -7.07914760668454e-05
25.150000000000002  0.009265306684370367  -4.832135046480002e-05
25.200000000000003  0.009187476259691985  -2.5373062800733773e-05
25.25  0.009101383361287574  -2.072253006485977e-06
25.3  0.009006850781488199  2.145929442577216e-05
25.35  0.008903740863768814  4.51066669135398e-05
25.400000000000002  0.008791962742337825  6.876410458688182e-05
25.450000000000003  0.008671479478902039  9.23364117181105e-05
25.5  0.008542314751248033  0.00011573940755502273
25.55  0.008404558817569564  0.00013889941821063057
25.6  0.008258373578233051  0.00016175194737793903
25.650000000000002  0.008103996612606775  0.00018423981302069292
25.700000000000003  0.007941744080667888  0.00020631115412777308
25.75  0.007772012410904307  0.00022791774129420013
25.8  0.00759527877501266  0.00024901397947550274
25.85  0.007412100445332842  0.00026955689219339464
25.900000000000002  0.007223113197104266  0.0002895071747405838
25.950000000000003  0.007029028943850525  0.00030883107977880213
26.0  0.006830632753983688  0.0003275024568219326
26.05  0.006628779246900257  0.00034550387786244717
26.1  0.006424387992960154  0.00036282589479033286
26.150000000000002  0.00621843711758416  0.0003794644429931761
26.200000000000003  0.0060119545911240975  0.0003954172795038344
26.25  0.005806007056641312  0.0004106802770351259
26.3  0.00560168611496686  0.0004252441994556614
26.35  0.005400092372869118  0.00043909234398753635
26.400000000000002  0.005202317945432528  0.00045219911045026213
26.450000000000003  0.005009428292166725  0.00046452936796273633
26.5  0.004822444268426838  0.00047603844747741723
26.55  0.004642325148651535  0.0004866726196823029
26.6  0.004469953228172169  0.0004963700612339824
26.650000000000002  0.004306120554283628  0.0005050627580343505
26.700000000000003  0.00415151850408126  0.000512680677087954
26.75  0.0040067313059079495  0.0005191601129298042
26.8  0.0038722346766949054  0.0005244558346877826
26.85  0.0037483997601450493  0.0005285505110372489
26.900000000000002  0.003635501076316155  0.0005314527148532618
26.950000000000003  0.0035337268190151275  0.0005331838951192769
27.0  0.003443189867841899  0.0005337634150038445
27.05  0.003363937040533906  0.0005331984028803861
27.1  0.003295954367478088  0.0005314792708229882
27.150000000000002  0.003239169015077746  0.0005285789832534163
27.200000000000003  0.003193450498593818  0.0005244543350831881
27.25  0.0031586140698832595  0.0005190484800530232
27.3  0.003134429217139378  0.0005122940815298191
27.35  0.0031206331489522674  0.0005041163535576377
27.400000000000002  0.0031169446704204518  0.0004944360105170759
27.450000000000003  0.003123074525569622  0.0004831726260849953
27.5  0.0031387323400704544  0.0004702483096035794
27.55  0.003163631982539999  0.00045559123873180416
27.6  0.0031974964207689793  0.0004391391551178499
27.650000000000002  0.003240061820404813  0.00042084338934497635
27.700000000000003  0.0032910795970932803  0.00040067374782600245
27.75  0.003350314707718426  0.0003786243529773611
27.8  0.0034175395963228646  0.0003547198489485915
27.85  0.0034925262624115132  0.0003290196828403171
27.900000000000002  0.0035750402932646637  0.00030161801260368857
27.950000000000003  0.0036648375190424013  0.0002726398122313902
28.0  0.00376166093670566  0.0002422358030822454
28.05  0.003865236428209529  0.00021057789699160386
28.1  0.003975267636957238  0.00017785537970554607
28.150000000000002  0.00409143100650687  0.00014427152423680866
28.200000000000003  0.004213372052376483  0.00011004049966498061
28.25  0.004340703873217087  7.538466680251927e-05
28.3  0.004473008542626554  4.053226535767596e-05
28.35  0.0046098413872209636  5.715371217916295e-06
28.400000000000002  0.004750737512911033  -2.8832027743602654e-05
28.450000000000003  0.004895219535464321  -6.287610472177082e-05
28.5  0.005042805432426228  -9.618590274619403e-05
28.55  0.005193015738018018  -0.00012853743226825731
28.6  0.0053453794948300146  -0.00015971981351263812
28.650000000000002  0.00549943874252035  -0.00018954248288544746
28.700000000000003  0.005654752792170222  -0.00021784130599758554
28.75  0.005810902821557596  -0.00024448212640837354
28.8  0.005967495486981165  -0.000269360181305988
28.85  0.006124164504697237  -0.0002924024170561509
28.900000000000002  0.0062805698007515585  -0.00031358863065250657
28.950000000000003  0.006436393541982782  -0.00033294674853680663
29.0  0.006591323882040324  -0.00035052172262320565
29.05  0.006745036192983241  -0.00036636897447923396
29.1  0.006897182795356552  -0.00038055120533048007
29.150000000000002  0.007047390650518356  -0.00039313552041722957
29.200000000000003  0.0071952707605672985  -0.0004041937071485696
29.25  0.007340435265882876  -0.00041379309964912806
29.3  0.007482508712172472  -0.00042199256508259795
29.35  0.007621136591233979  -0.00042885328724034336
29.400000000000002  0.0077559947633932865  -0.0004344471804069264
29.450000000000003  0.007886797854115389  -0.00043886003056987477
29.5  0.008013305825493469  -0.00044219170203221197
29.55  0.008135328523577083  -0.00044455453004007493
29.6  0.008252727974189019  -0.0004460703264429903
29.650000000000002  0.008365418179148616  -0.00044686621618417064
29.700000000000003  0.008473362235874292  -0.00044706956589516864
29.75  0.008576566770669087  -0.00044680242486557734
29.8  0.008675073927858443  -0.00044617606588531885
29.85  0.00876895146454069  -0.0004452863172077164
29.900000000000002  0.00885828181761968  -0.00044421037557103933
29.950000000000003  0.008943151264050785  -0.00044300564286184444
30.0  0.009023640381130541  -0.0004417107569102749
30.05  0.009099816810049306  -0.00044034831092279334
30.1  0.009171730794407456  -0.00043892787971272723
30.150000000000002  0.009239413320347743  -0.00043744739637804046
30.200000000000003  0.009302876345599677  -0.0004358914753532191
30.25  0.009362114644760784  -0.0004342272721482183
30.3  0.009417108685858629  -0.00043240053366731216
30.35  0.009467827547950624  -0.0004303344886005904
30.400000000000002  0.009514230932605398  -0.00042793237627845523
30.450000000000003  0.009556269981622378  -0.0004250832058547018
30.5  0.009593887278414752  -0.0004216709621990099
30.55  0.009627017424721298  -0.0004175878273859446
30.6  0.009655590793625848  -0.0004127475021759283
30.650000000000002  0.009679540141137387  -0.0004070882315157636
30.700000000000003  0.009698802734779504  -0.0004005623644567763
30.75  0.009713312069224657  -0.00039312582666732625
30.8  0.0097229828765383  -0.0003847401129690454
30.85  0.009727694863422672  -0.0003753759838619411
30.900000000000002  0.009727280795198202  -0.00036498819114203765
30.950000000000003  0.009721538328243746  -0.00035349358235724844
31.0  0.009710260998190398  -0.0003408018693086969
31.05  0.009693253826282229  -0.00032684452475766995
31.1  0.009670332209960544  -0.00031158404358261045
31.150000000000002  0.009641314453289493  -0.0002950185053324276
31.200000000000003  0.009606011602058062  -0.0002771831229443886
31.25  0.009564217960517095  -0.00025814649004373975
31.3  0.009515707792085406  -0.00023800149111174345
31.35  0.009460238273247896  -0.00021685538053152335
31.400000000000002  0.009397555923583167  -0.0001948219963922637
31.450000000000003  0.009327406785058025  -0.00017201588218069126
31.5  0.009249549372724266  -0.00014854851941517317
31.55  0.009163768203441832  -0.0001245271277064557
31.6  0.009069885948728165  -0.00010005587348470475
31.650000000000002  0.008967772817047553  -7.523880964271142e-05
31.700000000000003  0.008857352231171579  -5.018372724223337e-05
31.75  0.008738602252480443  -2.5006174463749597e-05
31.8  0.00861155342782476  1.6744456091187347e-07
31.85  0.008476288954640518  2.5199945907864623e-05
31.900000000000002  0.008332959348905933  4.995080250505763e-05
31.950000000000003  0.008181801167141881  7.429383192247613e-05
32.0  0.008023131079421032  9.812981895280555e-05
32.050000000000004  0.007857329109948727  0.00012138288043906222
32.1  0.007684830845129429  0.00014399172203080548
32.15  0.007506128075965972  0.0001659041690388945
32.2  0.007321773167293591  0.0001870755944527156
32.25  0.0071323842932408624  0.00020746967389140123
32.300000000000004  0.006938649899168052  0.00022705999906789492
32.35  0.006741330969217444  0.0002458315222988351
32.4  0.006541259512624765  0.0002637819333628136
32.45  0.006339332283906955  0.000280926277484698
32.5  0.0061365016363078085  0.000297306715537525
32.550000000000004  0.005933771117937652  0.000312978322534901
32.6  0.005732190388455406  0.00032794400659808616
32.65  0.0055328294363592035  0.0003421386744852378
32.7  0.005336753117785283  0.0003554739246732435
32.75  0.00514500212959196  0.00036786234924348786
32.800000000000004  0.004958574879685356  0.0003792229768063374
32.85  0.004778413038415513  0.0003894832729050044
32.9  0.004605391456901007  0.00039858084212440764
32.95  0.004440311645461489  0.00040646463956624663
33.0  0.004283897705983369  0.00041309539181416996
33.050000000000004  0.004136793541583886  0.000418445167144865
33.1  0.00399956027966622  0.0004224961349519867
33.15  0.00387267325971028  0.0004252384642780435
33.2  0.003756518740596184  0.0004266671983892468
33.25  0.0036513914294357313  0.0004267781497112068
33.300000000000004  0.003557494328782396  0.00042556358702235114
33.35  0.0034749417462788834  0.00042300918705219525
33.4  0.0034037650284275893  0.00041909338515226885
33.45  0.00334391997387919  0.0004137889294270789
33.5  0.0032952957963844035  0.0004070654073897148
33.550000000000004  0.00325772594133203  0.00039889148285016606
33.6  0.0032309998516338026  0.00038923622025509514
33.65  0.0032148741631489734  0.00037806967839953395
33.7  0.003209082737815715  0.0003653635241331278
33.75  0.0032133459209095177  0.00035109252678818556
33.800000000000004  0.0032273794218733013  0.0003352374545312918
33.85  0.0032509024585968068  0.0003177890519692468
33.9  0.00328364366908653  0.00029875183042012013
33.95  0.003325342780608079  0.0002781464041215546
34.0  0.003375747190805571  0.0002560100026423414
34.050000000000004  0.003434605522241117  0.00023239566160836953
34.1  0.0035016624779758733  0.00020737119284020998
34.15  0.0035766568417743036  0.00018101880486236487
34.2  0.0036593200686064133  0.00015343519684284947
34.25  0.003749372918556219  0.00012473160760354573
34.300000000000004  0.0038465202261018993  9.50337578339892e-05
34.35  0.003950445253117354  6.448180190861812e-05
34.4  0.004060805031349005  3.3230203933329905e-05
34.45  0.004177227749809389  1.4473422630668176e-06
34.5  0.004299312882442909  -3.068520677687541e-05
34.550000000000004  0.0044266342363345835  -6.297357238254027e-05
34.6  0.004558745441438756  -9.521267179116649e-05
34.65  0.00469518692907511  -0.0001271878129072358
34.7  0.004835493365386867  -0.00015867721903963314
34.75  0.004979200597775729  -0.00018945566568929313
34.800000000000004  0.005125851306186119  -0.00021929936929573343
34.85  0.00527499891047819  -0.0002479925160740441
34.9  0.0054262100707926884  -0.0002753361377815776
34.95  0.005579067160433644  -0.0003011593894289618
35.0  0.005733172935435057  -0.0003253303867188283
35.050000000000004  0.0058881586282291225  -0.0003477597063385688
35.1  0.006043691174355691  -0.0003683930394842521
35.15  0.0061994709362114386  -0.0003872103511371059
35.2  0.006355214655053112  -0.00040421923938306446
35.25  0.006510632474416158  -0.00041942660458584025
35.300000000000004  0.006665418175286323  -0.000432844668850756
35.35  0.006819245344943024  -0.0004445066027662574
35.4  0.006971767123916077  -0.0004544730075840142
35.45  0.007122624471810785  -0.0004628284904825712
35.5  0.007271453747296316  -0.0004696689564003515
35.550000000000004  0.00741788661193101  -0.00047510066674422494
35.6  0.007561554264194312  -0.00047924313046618686
35.65  0.007702096122043394  -0.00048222613972286673
35.7  0.007839169693234338  -0.00048418514106366426
35.75  0.007972460359601034  -0.00048525707012463115
35.800000000000004  0.008101690217511764  -0.000485576985293611
35.85  0.008226625221820893  -0.00048527534020836215
35.9  0.008347080014855067  -0.0004844756499344218
35.95  0.008462920007827729  -0.0004832923894118481
36.0  0.008574060513275458  -0.0004818291021843825
36.050000000000004  0.008680462981853444  -0.00048017682208862744
36.1  0.008782128653178345  -0.00047841297597654074
36.15  0.008879090178669726  -0.00047660090838450773
36.2  0.008971401997058958  -0.00047479003676031403
36.25  0.009059130377463892  -0.000473016469205273
36.300000000000004  0.00914234400106379  -0.0004713038363487258
36.35  0.00922110572969772  -0.0004696641803558761
36.4  0.009295465946614458  -0.00046809891098758573
36.45  0.009365457683835631  -0.0004665999196253428
36.5  0.009431093668294583  -0.0004651508626752141
36.550000000000004  0.009492365331185774  -0.00046372845530696504
36.6  0.009549243666380922  -0.00046230349287880077
36.65  0.00960168161220345  -0.00046084132576060103
36.7  0.009649617435530698  -0.0004593016459066312
36.75  0.009692978478465042  -0.0004576376385577678
36.800000000000004  0.009731684604731818  -0.0004557947488039196
36.85  0.00976565074441811  -0.00045370949978144225
36.9  0.009794788053755835  -0.00045130906581486316
36.95  0.009819003296558536  -0.00044851278969604264
37.0  0.009838195819822747  -0.00044523682927286485
37.050000000000004  0.00985225096734642  -0.00044139718006824965
37.1  0.009861032481982165  -0.0004368933557135186
37.15  0.009864385532402225  -0.00043158486920420464
37.2  0.009862151462022361  -0.0004253064285950319
37.25  0.00985417842407074  -0.0004178947504170866
37.300000000000004  0.00984032315980545  -0.00040920225343887145
37.35  0.009820448222331146  -0.000399107523084938
37.4  0.009794416533703587  -0.0003875248874484902
37.45  0.009762083683057539  -0.00037441109166440995
37.5  0.009723290363392331  -0.0003597659675401203
37.550000000000004  0.00967786285302544  -0.00034362510068861583
37.6  0.009625619409051964  -0.0003260512208627935
37.65  0.009566376408097155  -0.00030712825851963673
37.7  0.009499956097130105  -0.00028695592042659104
37.75  0.00942619579304112  -0.00026564480309795944
37.800000000000004  0.009344956686616447  -0.00024331283894067065
37.85  0.009256130936596853  -0.0002200832084758195
37.9  0.009159646440430581  -0.0001960834756887724
37.95  0.009055469296876855  -0.0001714456413157439
38.0  0.008943604476234624  -0.0001463068311389314
38.050000000000004  0.008824095482600392  -0.00012081027883768764
38.1  0.008697023797634712  -9.510611468357163e-05
38.15  0.008562508713909825  -6.935136083093733e-05
38.2  0.00842070792563663  -4.370858838755661e-05
38.25  0.008271819043576736  -1.8342926489806066e-05
38.300000000000004  0.008116082072432503  6.582550784007418e-06
38.35  0.007953782813020704  3.0912694591416845e-05
38.400000000000006  0.0077852570779269655  5.450675043988174e-05
38.45  0.007610895486544149  7.724451579339391e-05
38.5  0.007431148420789807  9.903111559965926e-05
38.550000000000004  0.007246530599825208  0.00011979950319800586
38.6  0.007057624808769552  0.0001395104814533217
38.650000000000006  0.0068650843973220195  0.0001581508209968003
38.7  0.0066696339349974895  0.00017573051969245744
38.75  0.006472067055847949  0.00019228084917030517
38.800000000000004  0.006273240891113172  0.00020785505071188527
38.85  0.006074069475531817  0.0002225263206244652
38.900000000000006  0.005875520904163325  0.00023636023670524302
38.95  0.005678608197738462  0.0002493717218865816
39.0  0.00548436494899862  0.00026152616385437044
39.050000000000004  0.005293822941779712  0.0002727670052642318
39.1  0.005107993845764022  0.00028303088706902347
39.150000000000006  0.004927851998561362  0.0002922533143850162
39.2  0.004754319829444881  0.0003003722594731132
39.25  0.004588256444859032  0.00030733130940662336
39.300000000000004  0.004430448916331067  0.0003130821147008074
39.35  0.004281605604659552  0.000317585801303215
39.400000000000006  0.004142350921596918  0.00032081321758169293
39.45  0.004013221131625633  0.0003227440218740988
39.5  0.003894661150642139  0.0003233646812953967
39.550000000000004  0.003787022728815083  0.0003226655858819333
39.6  0.0036905646267456817  0.0003206377529960372
39.650000000000006  0.0036054551734963428  0.0003172698320060363
39.7  0.0035317771688063433  0.0003125460997545716
39.75  0.003469534690210187  0.00030644595904162175
39.800000000000004  0.003418661182012732  0.00029894509998743034
39.85  0.0033790293965523634  0.0002900180446908369
39.900000000000006  0.0033504630267006436  0.0002796411158650872
39.95  0.0033327486680416064  0.0002677944724303217
40.0  0.0033256469932226814  0.0002544626155256785
40.050000000000004  0.0033289020369024415  0.00023963373857768903
40.1  0.003342247926535737  0.00022329963524359256
40.150000000000006  0.0033654134654676295  0.00020545976157880153
40.2  0.0033981258356550513  0.00018613058352671039
40.25  0.0034401140519267374  0.00016535156970319174
40.300000000000004  0.003491109383579084  0.00014318130317502603
40.35  0.0035508407059122744  0.00011969193027182296
40.400000000000006  0.003619028289004786  9.496850793970976e-05
40.45  0.0036953782431093487  6.911098743761737e-05
40.5  0.003779577306994199  4.2235999768305894e-05
40.550000000000004  0.0038712882063996197  1.4477788047489847e-05
40.6  0.003970146471588663  -1.4011579205855788e-05
40.650000000000006  0.004075759496042189  -4.306262782260787e-05
40.7  0.004187708210447032  -7.248957898519464e-05
40.75  0.004305551321607745  -0.00010209219793407619
40.800000000000004  0.004428831685831225  -0.00013165838714523497
40.85  0.004557084085661691  -0.00016096743695509071
40.900000000000006  0.00468984351622931  -0.0001897938055188259
40.95  0.004826653097583935  -0.00021791139166969808
41.0  0.004967070885096491  -0.0002450987103005067
41.050000000000004  0.005110675027033993  -0.0002711461803874414
41.1  0.00525706669077663  -0.0002958660599031349
41.150000000000006  0.005405870118451471  -0.0003191011999973539
41.2  0.0055567299331159385  -0.00034072761977598897
41.25  0.005709307215541968  -0.0003606528636747501
41.300000000000004  0.005863275927657324  -0.00037881421701795585
41.35  0.006018319610401205  -0.0003951773149094143
41.400000000000006  0.006174127541293879  -0.0004097345986393458
41.45  0.006330390015858979  -0.00042250359132894194
41.5  0.006486793200102222  -0.0004335252339400015
41.550000000000004  0.006643017065433091  -0.00044285900547459374
41.6  0.0067987394017485  -0.0004505703346614097
41.650000000000006  0.006953630236784543  -0.0004567252359506533
41.7  0.007107343136621747  -0.00046139850524033613
41.75  0.00725951674747541  -0.00046467775393595624
41.800000000000004  0.007409779604157353  -0.0004666613207662604
41.85  0.007557756516814977  -0.0004674556761649917
41.900000000000006  0.007703076347286083  -0.00046717349530530055
41.95  0.007845380618370583  -0.00046593221765533127
42.0  0.007984332281110059  -0.00046385281662047193
42.050000000000004  0.008119623957102053  -0.00046105855353815447
42.1  0.008250985018503763  -0.0004576735584417823
42.150000000000006  0.00837818695913651  -0.0004538211602859582
42.2  0.008501046629386637  -0.00044962198337829983
42.25  0.008619427063933037  -0.000445191934291208
42.300000000000004  0.008733235843912817  -0.0004406402849450172
42.35  0.008842421196325376  -0.00043606808719995674
42.400000000000006  0.008946966293977036  -0.0004315671333355393
42.45  0.009046882392971812  -0.0004272196245669
42.5  0.009142201458306742  -0.0004230986055518116
42.550000000000004  0.009232968761495016  -0.00041926900918317267
42.6  0.009319235654068623  -0.0004157888896151421
42.650000000000006  0.009401052513103997  -0.0004127103073734068
42.7  0.009478461921812915  -0.00041007944325457263
42.75  0.009551492454906246  -0.0004079358107984067
42.800000000000004  0.009620153685831166  -0.000406310758533792
42.85  0.009684432965668557  -0.0004052256029037751
42.900000000000006  0.009744294177806477  -0.00040468969211087546
42.95  0.009799678263399616  -0.00040469859353203157
43.0  0.009850505017767157  -0.00040523251934949657
43.050000000000004  0.009896675536690458  -0.0004062550691436594
43.1  0.009938074718118447  -0.0004077123430678336
43.150000000000006  0.009974573342257381  -0.0004095324427560897
43.2  0.01000602940312756  -0.00041162534700772864
43.25  0.010032288444891862  -0.0004138831675165687
43.300000000000004  0.010053182519132346  -0.0004161811065404144
43.35  0.010068527197939587  -0.0004183808224987831
43.400000000000006  0.010078116272239306  -0.0004203394342238474
43.45  0.010081715618921148  -0.00042192222673385617
43.5  0.010079062523703664  -0.0004229945482049995
43.550000000000004  0.010069881308822958  -0.0004233839649221592
43.6  0.010053913374552269  -0.0004228807160790333
43.650000000000006  0.010030937178406127  -0.0004212649110303502
43.7  0.010000772912543233  -0.000418317199077976
43.75  0.009963283113150197  -0.00041382909807966483
43.800000000000004  0.009918369042684203  -0.00040761810355627196
43.85  0.009865965044387724  -0.0003995410670350957
43.900000000000006  0.009806034010473454  -0.0003895016457731007
43.95  0.009738564616839852  -0.00037745204007706343
44.0  0.009663570169236486  -0.00036339084027411093
44.050000000000004  0.009581088584775226  -0.00034735890741400936
44.1  0.009491182822656158  -0.00032943476230493985
44.150000000000006  0.009393941048111991  -0.00030973032613804027
44.2  0.009289475975375959  -0.0002883872832873205
44.25  0.009177923141854113  -0.0002655739467165977
44.300000000000004  0.009059438234426459  -0.00024148231291920715
44.35  0.008934193912388859  -0.00021632494466693837
44.400000000000006  0.00880237674462167  -0.0001903313537736965
44.45  0.008664184859193375  -0.00016374364447381963
44.5  0.008519826762757374  -0.00013681133962331062
44.550000000000004  0.008369521658924585  -0.00010978556038884074
44.6  0.008213501535805431  -8.291297443056552e-05
44.650000000000006  0.008052015203109993  -5.642997271506232e-05
44.7  0.007885334205939135  -3.055731556230609e-05
44.75  0.007713760180564022  -5.495242623422493e-06
44.800000000000004  0.0075376329771690495  1.8580973127813575e-05
44.85  0.007357338880816645  4.1524883094934856e-05
44.900000000000006  0.007173318379259654  6.322186327291376e-05
44.95  0.006986073000242009  8.359103626015962e-05
45.0  0.0067961708157672105  0.00010258606186168417
45.050000000000004  0.006604250159158434  0.00012019445158514861
45.1  0.006411020402495364  0.00013643379902152365
45.150000000000006  0.0062172585988132  0.00015134465986190858
45.2  0.006023802403235122  0.000164984687079277
45.25  0.005831539766518867  0.00017742649190463893
45.300000000000004  0.005641397907156504  0.000188752371125616
45.35  0.00545433580688663  0.00019903350586907232
45.400000000000006  0.005271331674094008  0.00020830626599405895
45.45  0.005093358805445334  0.00021657450797572906
45.5  0.004921361801456872  0.00022382547618465364
45.550000000000004  0.004756237636572859  0.00023003952233422367
45.6  0.004598821013803697  0.00023519433203382224
45.650000000000006  0.004449873858899623  0.00023926722056749172
45.7  0.004310078383210538  0.00024223566514010322
45.75  0.004180033021305185  0.0002440753136947091
45.800000000000004  0.0040602504867729965  0.00024475637122631276
45.85  0.003951157131611547  0.0002442409174136143
45.900000000000006  0.0038530931331736728  0.0002424824736084201
45.95  0.0037663133879595077  0.00023942706601832463
46.0  0.003690989712247499  0.00023501548050006515
46.050000000000004  0.0036272156740010586  0.0002291877171987631
46.1  0.0035750136284224054  0.00022188890117311253
46.150000000000006  0.003534342197974025  0.00021307398473238457
46.2  0.003505103485131833  0.0002027097958474631
46.25  0.0034871504957768667  0.00019077547922902117
46.300000000000004  0.003480294617039436  0.0001772627549116502
46.35  0.003484312632250817  0.00016217697797861236
46.400000000000006  0.0034989525489633674  0.00014553975902366475
46.45  0.0035239377608993158  0.00012739332497436397
46.5  0.003558969770531843  0.00010780534805645057
46.550000000000004  0.003603729819763437  8.687199840702469e-05
46.6  0.0036578790865585027  6.4717852350272e-05
46.650000000000006  0.00372105732570861  4.1492441990412506e-05
46.7  0.00379288064035002  1.7364317318197253e-05
46.75  0.0038729395919528554  -7.484996446945225e-06
46.800000000000004  0.003960799444383009  -3.286489459928688e-05
46.85  0.0040560030892714816  -5.8577309974031155e-05
46.900000000000006  0.004158075191120679  -8.441769493016651e-05
46.95  0.004266526692090013  -0.00011017702381112846
47.0  0.004380860538216496  -0.00013564495106613983
47.050000000000004  0.00450057989729093  -0.00016061260703527326
47.1  0.004625197260032507  -0.00018487361129902507
47.150000000000006  0.004754242773725438  -0.00020822610108199902
47.2  0.00488727109869845  -0.00023047807757944292
47.25  0.005023865897399613  -0.0002514532829052717
47.300000000000004  0.005163642232093745  -0.00027099570778176316
47.35  0.0053062469466429625  -0.0002889730643996706
47.400000000000006  0.005451356856354749  -0.00030527965501719114
47.45  0.005598674878533744  -0.0003198385734907988
47.5  0.005747924550991665  -0.0003326029843948753
47.550000000000004  0.005898843521500119  -0.00034355625739076513
47.6  0.006051176619097954  -0.0003527108517232866
47.650000000000006  0.006204669092577586  -0.000360105970809848
47.7  0.006359060524613  -0.00036580411839804577
47.75  0.006514079815274094  -0.000369886799919505
47.800000000000004  0.006669441509768672  -0.00037244970662190786
47.85  0.006824843655345517  -0.0003735977516357568
47.900000000000006  0.006979967328109131  -0.00037344028351336
47.95  0.007134477945806459  -0.0003720867136055757
48.0  0.007288028387043757  -0.0003696427215402443
48.050000000000004  0.0074402636650690345  -0.00036620723552325694
48.1  0.0075908265320828025  -0.00036187051937284934
48.150000000000006  0.007739363262794149  -0.0003567137331729859
48.2  0.00788552918477741  -0.00035081009598428715
48.25  0.008028993984377425  -0.000344227414536959
48.300000000000004  0.008169447012822628  -0.000337031507674105
48.35  0.008306602705037303  -0.00032928999534628854
48.400000000000006  0.008440205962569287  -0.0003210759433085901
48.45  0.00857003705929116  -0.00031247092839153847
48.5  0.008695915431414687  -0.0003035672075032729
48.550000000000004  0.008817701733537627  -0.0002944687721782645
48.6  0.0089352977447181  -0.0002852911070019237
48.650000000000006  0.009048643983581314  -0.00027615951747200133
48.7  0.009157715203939164  -0.00026720606301881025
48.75  0.009262514268292062  -0.00025856541140373615
48.800000000000004  0.009363065123939794  -0.0002503701826921038
48.85  0.009459405637493553  -0.0002427464772637126
48.900000000000006  0.00955158089191204  -0.00023581018262208432
48.95  0.009639637238224624  -0.00022966425579141385
49.0  0.009723617246098402  -0.0002243971645586
49.050000000000004  0.009803555519981718  -0.00022008262122747734
49.1  0.00987947511979215  -0.0002167804225468139
49.150000000000006  0.00995138434229579  -0.00021453811496713272
49.2  0.010019273631275784  -0.00021339316761512673
49.25  0.01008311239940707  -0.000213375311322671
49.300000000000004  0.010142845584550439  -0.00021450871136774599
49.35  0.010198389813747632  -0.000216813687797967
49.400000000000006  0.01024962908797617  -0.00022030776603514815
49.45  0.010296409893484909  -0.00022500587214349725
49.5  0.01033853583443441  -0.0002309195180271457
49.550000000000004  0.010375762588477295  -0.0002380546076468027
49.6  0.010407794834247898  -0.0002464055353624617
49.650000000000006  0.010434286816704618  -0.0002559431417988461
49.7  0.010454845318172472  -0.0002666034213235015
49.75  0.01046903384569439  -0.00027828532659989857
49.800000000000004  0.010476380240094006  -0.00029085142883526847
49.85  0.010476387867418549  -0.0003041267683416775
49.900000000000006  0.01046854869070609  -0.0003178982842792435
49.95  0.010452357466740968  -0.00033191516370255434
50.0  0.010427326922656322  -0.0003458887899511246
50.050000000000004  0.010393003730484355  -0.00035949243947318397
50.1  0.010348985178121616  -0.00037236254318982515
50.150000000000006  0.01029493656559493  -0.00038410338300996023
50.2  0.010230609032704268  -0.00039429602052585313
50.25  0.010155856755432981  -0.00040251119360741236
50.300000000000004  0.010070651749367377  -0.0004083253310871192
50.35  0.009975094310500806  -0.0004113386013010012
50.400000000000006  0.009869417459922715  -0.00041119380279921775
50.45  0.009753984444153548  -0.00040759482461400187
50.5  0.009629279126814251  -0.0004003233563187614
50.550000000000004  0.00949588981497604  -0.0003892525522003321
50.6  0.009354487649250474  -0.00037435650450166744
50.650000000000006  0.009205801176559315  -0.0003557147532614747
50.7  0.00905058910711276  -0.00033351165188418713
50.75  0.008889613454103969  -0.00030803095625703226
50.800000000000004  0.008723615182709872  -0.0002796462394916596
50.85  0.008553294145211996  -0.0002488077125554936
50.900000000000006  0.008379294538660712  -0.00021602600359061787
50.95  0.008202196515644229  -0.0001818535509167677
51.0  0.0080225140032738  -0.00014686446172563594
51.050000000000004  0.007840698291201492  -0.00011163388107256856
51.1  0.007657146564388122  -7.671802164243348e-05
51.150000000000006  0.00747221430537028  -4.263598421313036e-05
51.2  0.0072862303647041205  -9.854342120910328e-06
51.25  0.007099513432036975  2.122480761940207e-05
51.300000000000004  0.0069123885983970726  5.027195796364994e-05
51.35  0.006725202706255073  7.703447513924031e-05
51.400000000000006  0.006538337274725212  0.00010133747020695732
51.45  0.006352218011555187  0.00012308214373513488
51.5  0.006167320319044065  0.00014224302108426033
51.550000000000004  0.005984171014228394  0.00015886538280289144
51.6  0.0058033486427367005  0.00017305970649711898
51.650000000000006  0.005625486280099804  0.00018497969769440655
51.7  0.005451270803613268  0.00019478409049266128
51.75  0.005281427008364016  0.0002026192322331874
51.800000000000004  0.0051166976360232635  0.00020862859739034383
51.85  0.0049578296017625915  0.00021296059169713502
51.900000000000006  0.00480556298903481  0.00021576710373726984
51.95  0.004660620957941101  0.00021719803056968994
52.0  0.004523700855789563  0.00021739477999423035
52.050000000000004  0.00439546656416152  0.00021648337790515612
52.1  0.004276541461595509  0.00021456727949531094
52.150000000000006  0.004167501074635592  0.00021172048132996762
52.2  0.004068865607677234  0.0002079826735087241
52.25  0.00398109343047396  0.00020335799027470597
52.300000000000004  0.00390457474362917  0.00019781696326802081
52.35  0.0038396248428535914  0.00019130089164417631
52.400000000000006  0.0037864779720635047  0.0001837285700413806
52.45  0.003745282531201097  0.00017500545591041787
52.5  0.0037160980510590764  0.00016503495976853694
52.550000000000004  0.0036988942292337733  0.0001537309074106895
52.6  0.003693552131980271  0.00014102982850810927
52.650000000000006  0.00369986765893333  0.00012690212439060133
52.7  0.003717556898432774  0.00011136129098970638
52.75  0.0037462627245914773  9.447047119617456e-05
52.800000000000004  0.0037855620746515134  7.634572481033305e-05
52.85  0.0038349736612295496  5.7155272265062604e-05
52.900000000000006  0.0038939661718633434  3.711404771607545e-05
52.95  0.003961967035387292  1.6473858417960578e-05
53.0  0.004038371913416098  -4.489210133863635e-06
53.050000000000004  0.0041225554853009175  -2.5488230860896e-05
53.1  0.0042138844012438925  -4.6238350444977454e-05
53.150000000000006  0.004311733653631986  -6.646747722076169e-05
53.2  0.004415507359200155  -8.592219428958454e-05
53.25  0.004524659048197724  -0.0001043695201666131
53.300000000000004  0.004638700388940972  -0.00012160153594402385
53.35  0.004757198154048307  -0.00013744479747131717
53.400000000000006  0.004879769307453312  -0.00015176625278908747
53.45  0.0050060770900383095  -0.00016447261919113059
53.5  0.0051358259894076445  -0.0001755064400925188
53.550000000000004  0.005268754793662001  -0.0001848411768720049
53.6  0.005404628282587045  -0.00019247616940689893
53.650000000000006  0.00554322835311815  -0.00019843188682789747
53.7  0.005684345268715455  -0.0002027457799110569
53.75  0.005827769632290283  -0.00020546882817030812
53.800000000000004  0.005973285589083296  -0.00020666262321480922
53.85  0.006120665575257377  -0.0002063967160933876
53.900000000000006  0.006269666666821798  -0.00020474604604179034
53.95  0.006420028292225572  -0.00020178860141468325
54.0  0.006571470416636831  -0.0001976039274540384
54.050000000000004  0.006723690212895006  -0.00019227050977874247
54.1  0.006876364765892659  -0.00018585052862482332
54.150000000000006  0.007029168656177357  -0.00017838705830321077
54.2  0.007181770957269774  -0.0001699245528001416
54.25  0.00733383180827585  -0.00016050616974690434
54.300000000000004  0.007485008331404002  -0.0001501691489727017
54.35  0.007634960099597165  -0.00013894557737782284
54.400000000000006  0.007783353233275444  -0.00012686517539428914
54.45  0.007929863854091555  -0.00011395906661109642
54.5  0.008074181564737451  -0.00010026390885402559
54.550000000000004  0.008216013383052756  -8.582573065488784e-05
54.6  0.008355088214685414  -7.070288085556876e-05
54.650000000000006  0.008491161649481655  -5.4967664676968336e-05
54.7  0.008624020671846316  -3.8706460971107346e-05
54.75  0.008753487783448064  -2.2018352203875363e-05
54.800000000000004  0.008879424040087468  -5.012500981038621e-06
54.85  0.009001730591335983  1.2195371149481646e-05
54.900000000000006  0.009120348463605949  2.9487013261153376e-05
54.95  0.009235256527231358  4.674581499472069e-05
55.0  0.009346467812946607  6.386078402366788e-05
55.050000000000004  0.009454024549628846  8.073002773568017e-05
55.1  0.009557992427769838  9.726346400411055e-05
55.150000000000006  0.009658454628235147  0.0001133845222248115
55.2  0.0097555061378279  0.000129030676328028
55.25  0.009849248806372243  0.0001441528498779896
55.300000000000004  0.009939787396345002  0.00015871389956506398
55.35  0.010027226742188495  0.00017268642293285163
55.400000000000006  0.010111669993574546  0.0001860502525630521
55.45  0.010193217633037335  0.00019879008456539615
55.5  0.010271966716937026  0.0002108936118524575
55.550000000000004  0.01034800970231669  0.00022235034393094396
55.6  0.0104214322993555  0.00023315107568195486
55.650000000000006  0.010492309985988822  0.00024328778838175389
55.7  0.010560703063980003  0.000252753686266535
55.75  0.010626650371362477  0.00026154310830222075
55.800000000000004  0.010690162063063377  0.0002696510195534976
55.85  0.010751212066431355  0.00027707168288129344
55.900000000000006  0.010809730778108772  0.00028379643483314443
55.95  0.010865599405521825  0.000289811902224773
56.0  0.010918648618297023  0.0002951026023879059
56.050000000000004  0.01096866127166048  0.00029965763099287074
56.1  0.011015374398943975  0.0003034700598739359
56.150000000000006  0.011058481161720188  0.0003065288753480878
56.2  0.01109763576614923  0.00030881448117533973
56.25  0.01113245922506912  0.0003102978978141629
56.300000000000004  0.011162543731336854  0.0003109407079470198
56.35  0.011187455555634435  0.00031069585068777515
56.400000000000006  0.01120673735083438  0.00030950990696792776
56.45  0.011219910842032391  0.0003073267320848639
56.5  0.01122648062014341  0.0003040916610195499
56.550000000000004  0.011225939388095631  0.00029975531716585496
56.6  0.011217774656447164  0.00029427620199838254
56.650000000000006  0.011201476604496653  0.00028762158990284115
56.7  0.011176546624638177  0.00027976667927414255
56.75  0.011142505936389005  0.0002706923618827265
56.800000000000004  0.011098903582119044  0.0002603822777893415
56.85  0.01104532313454249  0.00024881993547164243
56.900000000000006  0.010981387629844469  0.00023598655406286393
56.95  0.010906762615936153  0.0002218599856116931
57.0  0.010821157661981584  0.0002064147512329738
57.050000000000004  0.010724327008548768  0.00018962305196852593
57.1  0.010616070117983108  0.0001714566905761779
57.150000000000006  0.010496232723797861  0.00015189006727385127
57.2  0.0103647087219141  0.00013090453390588358
57.25  0.010221443066935702  0.00010849425918838126
57.300000000000004  0.01006643575294137  8.467353330388066e-05
57.35  0.009899746971213139  5.9485257269969045e-05
57.400000000000006  0.00972150362861886  3.3010201302545445e-05
57.45  0.009531907465117409  5.376495682719531e-06
57.5  0.00933124495133179  -2.323123584128584e-05
57.550000000000004  0.009119898953542777  -5.2563778219140854e-05
57.6  0.008898361862289482  -8.230130206320711e-05
57.650000000000006  0.008667249597042183  -0.000112050635572719
57.7  0.00842731552025224  -0.0001413466449157427
57.75  0.008179463270333063  -0.0001696586106653957
57.800000000000004  0.007924757653695935  -0.00019640237883722446
57.85  0.007664432204837073  -0.00022095788842885162
57.900000000000006  0.007399891564903484  -0.00024269051796322686
57.95  0.007132707148069265  -0.0002609749153781003
58.0  0.006864605226762837  -0.00027522120154601526
58.050000000000004  0.006597446990119034  -0.0002849036762366117
58.1  0.006333200512099476  -0.00028959099175779286
58.150000000000006  0.0060739051754982315  -0.0002889756838027614
58.2  0.00582162972225367  -0.00028290074204853784
58.25  0.005578425460891842  -0.0002713808887149982
58.300000000000004  0.005346276430305118  -0.0002546158201421996
58.35  0.005127048900426177  -0.00023299270176898513
58.400000000000006  0.004922443176824752  -0.00020707673979323795
58.45  0.00473395059646687  -0.00017759081464726207
58.5  0.004562817979171521  -0.00014538636123514684
58.550000000000004  0.004410021176542126  -0.00011140759881599938
58.6  0.00427624921946811  -7.66503736922433e-05
58.650000000000006  0.004161900339275024  -4.21169113554283e-05
58.7  0.0040670898180270015  -8.769436115972827e-06
58.75  0.003991668427817098  2.25137411713805e-05
58.800000000000004  0.003935249543588678  5.0976999836320936e-05
58.85  0.0038972425058533128  7.601906649721215e-05
58.900000000000006  0.0038768895346509317  9.721577291928864e-05
58.95  0.0038733034343260654  0.00011433234938524766
59.0  0.003885503531115662  0.00012732413844063537
59.050000000000004  0.003912447498599136  0.00013632534360203465
59.1  0.003953057723461122  0.00014162653976234832
59.150000000000006  0.004006243920377456  0.0001436427100563389
59.2  0.004070923435507396  0.00014287412165188524
59.25  0.0041460370371606175  0.0001398642280950614
59.300000000000004  0.0042305590826582085  0.00013516022462159867
59.35  0.004323503255648309  0.0001292808935737128
59.400000000000006  0.004423925156782177  0.00012269453207296987
59.45  0.004530922509211004  0.00011580771199413124
59.5  0.004643634945866746  0.00010896445073094836
59.550000000000004  0.004761252354846291  0.00010245627594444295
59.6  0.004883037973753231  9.653761069788435e-05
59.650000000000006  0.005008337248213476  9.143250150131167e-05
59.7  0.005136563626222596  8.733366611960897e-05
59.75  0.0052671891535196295  8.440384120223448e-05
59.800000000000004  0.0053997439648403155  8.278053063714877e-05
59.85  0.005533818303933787  8.257933663336505e-05
59.900000000000006  0.005669063894905341  8.389412126829003e-05
59.95  0.0058051931396558044  8.679470065973808e-05
60.0  0.0059419757316593125  9.132348631404403e-05
60.050000000000004  0.006079233746723982  9.74922274915946e-05
60.1  0.006216835793221327  0.00010527820046468111
60.150000000000006  0.00635468787285968  0.00011461954983828065
60.2  0.006492720730308276  0.00012541324885823908
60.25  0.006630876900212848  0.00013751746680223348
60.300000000000004  0.006769098826875311  0.00015075682344640212
60.35  0.006907318211947903  0.00016492943509334928
60.400000000000006  0.007045447096328247  0.00017981536968162697
60.45  0.007183371256448828  0.00019518609262454245
60.5  0.00732094626796588  0.00021081435786120245
60.550000000000004  0.007457996321510511  0.0002264839296312383
60.6  0.007594315686009571  0.00024199850282728187
60.650000000000006  0.007729672706457938  0.00025718918717897345
60.7  0.007863816387617014  0.0002719198979507018
60.75  0.00799648560082757  0.00028609003997799375
60.800000000000004  0.008127420112568126  0.0002996342427416536
60.85  0.008256371120340967  0.0003125196191387838
60.900000000000006  0.008383108548326032  0.00032474145788271983
60.95  0.008507424091224819  0.0003363179964964638
61.0  0.008629131208091233  0.00034728452960451113
61.050000000000004  0.008748064012113612  0.000357687145648883
61.1  0.008864076439570403  0.0003675766383497979
61.150000000000006  0.008977042258915015  0.0003770032216833472
61.2  0.009086855933053398  0.0003860125191753095
61.25  0.009193434095688879  0.00039464301977517555
61.300000000000004  0.009296717328769114  0.000402924918155496
61.35  0.009396671942412324  0.0004108800673024642
61.400000000000006  0.009493291512371493  0.00041852269521216085
61.45  0.009586597987312517  0.0004258605599465016
61.5  0.0096766421980821  0.00043289629272561555
61.550000000000004  0.009763503575065783  0.00043962873433316466
61.6  0.009847288885274696  0.00044605406609680883
61.650000000000006  0.009928129891487654  0.00045216651824443396
61.7  0.01000617996837152  0.00045795845868047214
61.75  0.010081609838143117  0.0004634197288884804
61.800000000000004  0.010154602694637206  0.0004685361767875159
61.85  0.010225349063078043  0.00047328742104005067
61.900000000000006  0.010294041759822342  0.0004776439573365656
61.95  0.010360871261854379  0.0004815637635486099
62.0  0.010426021698331732  0.00048498857191433306
62.050000000000004  0.010489667558306208  0.0004878399794367641
62.1  0.010551971065550243  0.0004900155933522379
62.150000000000006  0.010613079966872456  0.0004913854632392124
62.2  0.010673125169043628  0.0004917891410550285
62.25  0.01073221729809507  0.0004910340608891006
62.300000000000004  0.01079044139061331  0.0004888974557847616
62.35  0.010847850140451481  0.0004851368615227313
62.400000000000006  0.010904454859982204  0.00047951028191845765
62.45  0.010960207207068022  0.00047179437362724155
62.5  0.011014969571290851  0.00046179832180531815
62.550000000000004  0.011068481807924501  0.00044938357746086486
62.6  0.0111203309791466  0.00043448486116757254
62.650000000000006  0.011169932260473858  0.0004171227462189084
62.7  0.011216531328174052  0.00039740330965762924
62.75  0.011259236795374213  0.0003755048792029943
62.800000000000004  0.011297086425706728  0.0003516605570261698
62.85  0.011329137799194668  0.00032615151236945145
62.900000000000006  0.011354555714907498  0.0002993133611832535
62.95  0.01137267003412356  0.00027154345722055163
63.0  0.011382995360087474  0.00024330035175869263
63.050000000000004  0.01138521485731549  0.00021509349224335423
63.1  0.011379135818866664  0.0001874627681475851
63.150000000000006  0.011364629279447628  0.00016094808312020034
63.2  0.011341568393935506  0.0001360510989766063
63.25  0.011309779016830642  0.00011319372808844087
63.300000000000004  0.011269011620479793  9.267947539799466e-05
63.35  0.01121893804170306  7.46636927317711e-05
63.400000000000006  0.011159171149787254  5.9137292750797494e-05
63.45  0.011089301464567486  4.5926013529572706e-05
63.5  0.011008942506035381  3.470460539713166e-05
63.550000000000004  0.010917776226444116  2.5022932170063922e-05
63.6  0.010815590942717035  1.6339350592992674e-05
63.650000000000006  0.01070230626412376  8.056043648798557e-06
63.7  0.010577982059735105  -4.4876331112872047e-07
63.75  0.010442811030580233  -9.795691934627647e-06
63.800000000000004  0.010297096544407367  -2.058844384253979e-05
63.85  0.01014121881107529  -3.340740303115672e-05
63.900000000000006  0.009975593167468861  -4.8810229538405165e-05
63.95  0.009800624351014873  -6.733477844397083e-05
64.0  0.009616660505220986  -8.949778292647395e-05
64.05  0.00942395074827465  -0.00011578149129835254
64.10000000000001  0.009222610945950175  -0.00014660024529635277
64.15  0.00901260418174008  -0.00018224060704810202
64.2  0.008793745067167616  -0.00022277328928260525
64.25  0.008565739181002653  -0.00026794394570044117
64.3  0.008328267970354703  -0.00031706251170865446
64.35000000000001  0.008081122288079747  -0.0003689235864443332
64.4  0.007824373188398202  -0.00042179574933333235
64.45  0.007558550426707807  -0.0004735076293044944
64.5  0.007284786429846769  -0.0005216316135943475
64.55  0.007004885688972364  -0.0005637326096791305
64.60000000000001  0.006721298355524899  -0.0005976265881269342
64.65  0.00643700368797046  -0.0006215935154775788
64.7  0.006155330983970984  -0.0006345094352016938
64.75  0.005879754565864599  -0.0006358899776335177
64.8  0.005613695580645124  -0.0006258593631254634
64.85000000000001  0.005360352605224759  -0.0006050690680096205
64.9  0.005122571421769809  -0.000574590327243872
64.95  0.004902755370487754  -0.0005357994192181576
65.0  0.004702812306735282  -0.0004902683203580178
65.05  0.004524131863630281  -0.0004396678560175022
65.10000000000001  0.004367586458113816  -0.0003856864778388323
65.15  0.004233550321566991  -0.0003299651843761514
65.2  0.004121932139473988  -0.00027404759644566025
65.25  0.004032218132766378  -0.00021934348931061494
65.3  0.00396352318154139  -0.00016710374412683265
65.35000000000001  0.003914647985903955  -0.00011840444542481689
65.4  0.0038841406023065288  -7.413782464162037e-05
65.45  0.0038703609424483526  -3.500800587880848e-05
65.5  0.0038715467226039303  -1.5298396876577624e-06
65.55  0.003885878951115772  2.5970619488815494e-05
65.60000000000001  0.003911544905018591  4.735482994436689e-05
65.65  0.003946797055786872  6.266926792532475e-05
65.7  0.0039900070153271  7.214004656852537e-05
65.75  0.004039713550699757  7.616201166995678e-05
65.8  0.004094662597661069  7.527951581151211e-05
65.85000000000001  0.004153836099899393  7.015853614963116e-05
65.9  0.004216467840907619  6.155310033415511e-05
65.95  0.00428204631111675  5.026892375304052e-05
66.0  0.004350304676033121  3.712556673413485e-05
66.05  0.004421198086598124  2.291817739694979e-05
66.10000000000001  0.0044948696443416454  8.380461159065346e-06
66.15  0.004571607267369153  -5.848963896277088e-06
66.2  0.004651794228731586  -1.9254478295501298e-05
66.25  0.004735856467664182  -3.1463480252246466e-05
66.3  0.004824209979399372  -4.2256867901648685e-05
66.35000000000001  0.004917211616380271  -5.156907935459719e-05
66.4  0.0050151164257974945  -5.947763658926375e-05
66.45  0.005118044189240012  -6.618299952041362e-05
66.5  0.0052259571446763246  -7.198032191424602e-05
66.55  0.005338650018426826  -7.722535078164949e-05
66.60000000000001  0.005455752560856815  -8.22971881444822e-05
66.65  0.005576743855614437  -8.756091158183268e-05
66.7  0.005700976832771336  -9.333309261998492e-05
66.75  0.0058277107140709775  -9.9853021445677e-05
66.8  0.005956148601232346  -0.00010726193410931239
66.85000000000001  0.0060854771373453145  -0.00011559179129961715
66.9  0.0062149051639576285  -0.00012476425928270934
66.95  0.006343698556578355  -0.0001345995770948822
67.0  0.006471208901320973  -0.00014483405746356742
67.05  0.00659689431783555  -0.00015514420861959688
67.10000000000001  0.006720331485601455  -0.00016517499230052606
67.15  0.006841218721329418  -0.00017456953289885326
67.2  0.006959370699649144  -0.00018299760125149172
67.25  0.0070747060398238535  -0.00019018041725852114
67.3  0.007187229448093679  -0.0001959098084851022
67.35000000000001  0.00729701036148453  -0.00020006053941604344
67.4  0.00740416007073224  -0.0002025955012833015
67.45  0.007508809187897671  -0.00020356411583737438
67.5  0.007611087190023458  -0.00020309468865590028
67.55  0.007711105580704077  -0.0002013817303869582
67.60000000000001  0.007808945792743708  -0.00019866953418981692
67.65  0.007904652305263543  -0.00019523348954453122
67.7  0.007998230787986508  -0.00019136066037699843
67.75  0.008089650585333705  -0.00018733105688434378
67.8  0.008178850537085735  -0.00018340082528866208
67.85000000000001  0.008265746970357262  -0.0001797883094367962
67.9  0.008350242666136598  -0.00017666363466343056
67.95  0.008432235685493637  -0.00017414215474859888
68.0  0.00851162711435389  -0.00017228180900261242
68.05  0.008588327021813377  -0.00017108417244600258
68.10000000000001  0.008662258193652402  -0.00017049875808943172
68.15  0.008733357470827032  -0.00017042996181939547
68.2  0.00880157476641783  -0.00017074594712932438
68.25  0.00886687003256857  -0.0001712887759385111
68.3  0.008929208581895784  -0.0001718852331803352
68.35000000000001  0.008988555217374601  -0.00017235803099574382
68.4  0.009044867625278256  -0.00017253716785448357
68.45  0.009098089588087417  -0.00017227071467812818
68.5  0.009148144793935444  -0.00017143318134371259
68.55  0.009194931807928382  -0.0001699290822864939
68.60000000000001  0.009238319711124232  -0.0001676907887877673
68.65  0.00927814310975008  -0.0001646723764568717
68.7  0.009314195988071042  -0.00016084234202489215
68.75  0.009346225350146006  -0.0001561770400438123
68.8  0.009373926112778914  -0.00015065517888424295
68.85000000000001  0.009396938176659736  -0.00014425308090417957
68.9  0.009414845893179574  -0.00013694057106585725
68.95  0.009427179785548176  -0.00012867773604690949
69.0  0.009433420376237997  -0.0001194130404030583
69.05  0.009433004142089864  -0.00010908329266930283
69.10000000000001  0.009425331804834222  -9.761574862343457e-05
69.15  0.009409779269975247  -8.493231759469291e-05
69.2  0.009385711508290538  -7.095551251534401e-05
69.25  0.009352499536337797  -5.5615531100306625e-05
69.3  0.009309540424392006  -3.8857712252005256e-05
69.35000000000001  0.009256279974213199  -2.0649589122727e-05
69.4  0.00919223739667405  -9.868475232642228e-07
69.45  0.0091170310129681  2.0102329895459683e-05
69.5  0.009030403736992567  4.255483168773467e-05
69.55  0.008932246901870361  6.627216275543844e-05
69.60000000000001  0.008822620884976609  9.112182383613997e-05
69.65  0.008701770949451043  0.00011694023619280649
69.7  0.008570136723755383  0.00014353687079729532
69.75  0.008428353765899317  0.00017069929815659643
69.8  0.008277245743500892  0.00019819899611340773
69.85000000000001  0.008117806016178768  0.00022579782395697008
69.9  0.007951167983742865  0.0002532549771903549
69.95  0.007778564576172333  0.00028033397673208016
70.0  0.007601278702623223  0.0003068089778068818
70.05  0.007420588167517004  0.0003324696597936862
70.10000000000001  0.007237710148999444  0.0003571243527974871
70.15  0.0070537513421881325  0.00038060174933082254
70.2  0.00686966982032589  0.0004027521028884115
70.25  0.006686253323656065  0.00042344882012081944
70.3  0.006504116259102686  0.0004425908245810111
70.35000000000001  0.006323714779339734  0.00046010540029081844
70.4  0.006145376613079311  0.00047595078477857876
70.45  0.00596934041311333  0.0004901176845503066
70.5  0.005795798592646157  0.0005026290577060895
70.55  0.005624937948590704  0.0005135378427243182
70.60000000000001  0.005456973563807437  0.0005229227197321362
70.65  0.005292173126260088  0.0005308823722067185
70.7  0.005130870504018658  0.0005375289613267046
70.75  0.004973468900447021  0.0005429815621344787
70.8  0.004820435044869612  0.0005473601672559233
70.85000000000001  0.004672286589025017  0.0005507806403527003
70.9  0.004529575164042942  0.0005533507892037958
70.95  0.004392867446531295  0.0005551675621945199
71.0  0.004262726183254096  0.0005563152505886282
71.05  0.004139692565880476  0.0005568644971251957
71.10000000000001  0.004024270780393045  0.0005568718462604344
71.15  0.003916915169825415  0.0005563794122853296
71.2  0.00381802036051643  0.0005554138973163449
71.25  0.0037279140542660167  0.0005539845250488902
71.3  0.0036468505943401033  0.000552081354467919
71.35000000000001  0.003575005052509937  0.0005496755252451606
71.4  0.003512470248120758  0.0005467206254657795
71.45  0.0034592573106059393  0.000543154248672499
71.5  0.00341529897066898  0.0005389000845248769
71.55  0.0033804551466937683  0.0005338714437680515
71.60000000000001  0.0033545206229606134  0.0005279770825931329
71.65  0.003337234419300956  0.0005211294720628838
71.7  0.003328290297874569  0.0005132541387609017
71.75  0.0033273479634278857  0.0005042976446531977
71.8  0.0033340447165079064  0.0004942324273968401
71.85000000000001  0.003348007370909357  0.0004830584976297385
71.9  0.0033688641487123086  0.0004708031956530717
71.95  0.0033962561273726817  0.0004575201595966046
72.0  0.0034298476771577316  0.0004432879953230802
72.05  0.0034693352633055124  0.000428208596229577
72.10000000000001  0.0035144540712131406  0.00041240481985806133
72.15  0.0035649821147130042  0.0003960171838728498
72.2  0.0036207417299744956  0.00037919930565809886
72.25  0.003681598651659997  0.00036211195477381267
72.3  0.0037474593192340323  0.00034491586274569796
72.35000000000001  0.0038182675766199065  0.00032776394751105227
72.4  0.003894001565248978  0.00031079427885139215
72.45  0.003974669317676706  0.0002941248691563025
72.5  0.004060300142429489  0.0002778487133136342
72.55  0.004150931911288802  0.0002620266467932271
72.60000000000001  0.004246597019521136  0.0002466814274693562
72.65  0.004347309732304328  0.00023179737795791313
72.7  0.004453057155202291  0.00021732378439107396
72.75  0.0045637950661444405  0.00020317878153964676
72.8  0.004679449051810237  0.00018925259040874443
72.85000000000001  0.004799920752161093  0.00017541048955190653
72.9  0.0049250982989482005  0.00016149639643962214
72.95  0.00505486952959494  0.00014733780617326732
73.0  0.005189136389661866  0.00013275243418419173
73.05  0.005327828873407461  0.00011755650743311836
73.10000000000001  0.005470916665286642  0.00010157436359541502
73.15  0.005618416317013133  8.464891651763413e-05
73.2  0.0057703914565182856  6.665265806666092e-05
73.25  0.00592694341650605  4.749909923025375e-05
73.3  0.006088190123964508  2.7154703974253055e-05
73.35000000000001  0.006254232420314872  5.651246669250852e-06
73.4  0.00642510926601433  -1.6901931545066013e-05
73.45  0.006600746174102523  -4.0306985445289216e-05
73.5  0.0067809039280350295  -6.42698954178094e-05
73.55  0.006965136214376117  -8.839849017878449e-05
73.60000000000001  0.007152764527264393  -0.00011220844929768836
73.65  0.007342876511455043  -0.00013513852151706974
73.7  0.007534350687633527  -0.00015657451717648023
73.75  0.007725907763906277  -0.00017588136011337238
73.8  0.007916185533905414  -0.00019244682065739846
73.85000000000001  0.008103823849040325  -0.00020574222983925648
73.9  0.008287534350038176  -0.00021538575503643836
73.95  0.008466144620628235  -0.000221178428761264
74.0  0.008638629424700416  -0.00022310731060274578
74.05  0.008804137463806672  -0.00022132995186400516
74.10000000000001  0.008962012034437585  -0.00021614914210338682
74.15  0.009111802637269474  -0.0002079805515881802
74.2  0.009253266111437812  -0.00019731527767046793
74.25  0.009386357219108094  -0.00018468043752365996
74.3  0.009511209754437448  -0.0001706015875070443
74.35000000000001  0.009628110195523228  -0.0001555704152230056
74.4  0.00973746634640375  -0.00014002008191896806
74.45  0.009839773238696111  -0.00012430929965221045
74.5  0.00993557814800273  -0.00010871510318373562
74.55  0.0100254462955747  -9.343344639953076e-05
74.60000000000001  0.010109928679231762  -7.858619551984699e-05
74.65  0.01018953338650175  -6.423276577962559e-05
74.7  0.010264701612165252  -5.038452455107006e-05
74.75  0.010335789401955654  -3.702013784826757e-05
74.8  0.010403055854218647  -2.410025032193995e-05
74.85000000000001  0.010466658123446321  -1.1580249911761581e-05
74.9  0.010526653101679277  5.7963620429905e-07
74.95  0.010583005177611004  1.2407106426490103e-05
75.0  0.01063559915697924  2.3913219308456133e-05
75.05  0.010684257395461973  3.509052263294836e-05
75.10000000000001  0.010728760013511713  4.5914583653112475e-05
75.15  0.010768865878940714  5.634931192113543e-05
75.2  0.010804330667459484  6.635442210951955e-05
75.25  0.010834919063330714  7.589193931517085e-05
75.3  0.010860410588622296  8.492969391589097e-05
75.35000000000001  0.010880600046004683  9.344178416749522e-05
75.4  0.010895293616008998  0.00010140719890329856
75.45  0.010904301510655377  0.00010880835869446807
75.5  0.010907428467060727  0.00011563156039000165
75.55  0.010904463426791881  0.00012186891693097203
75.60000000000001  0.01089516963121252  0.00012752053992993222
75.65  0.010879281661866715  0.00013260290070221957
75.7  0.010856516000117892  0.0001371626541468765
75.75  0.010826581759916232  0.0001412799878538027
75.8  0.010789176216537535  0.0001450514849930766
75.85000000000001  0.01074397875750437  0.00014856692331479472
75.9  0.010690662519576783  0.0001518971354548612
75.95  0.010628919370363652  0.00015509200218737795
76.0  0.010558485174565369  0.00015818173182689387
76.05  0.010479159309508585  0.00016117911744484889
76.10000000000001  0.010390818277664415  0.00016408304521694977
76.15  0.010293424829594427  0.0001668831757917445
76.2  0.010187033625194417  0.00016956498529756875
76.25  0.010071793874185834  0.0001721141370329366
76.3  0.00994794915152087  0.00017451941301976646
76.35000000000001  0.009815834623236395  0.00017677391731384668
76.4  0.009675872073046212  0.00017887472960464223
76.45  0.009528563280764691  0.00018082149969539428
76.5  0.00937448242497952  0.00018261459402762293
76.55  0.0092142682359035  0.00018425335851340484
76.60000000000001  0.009048616579602618  0.00018573489862427905
76.65  0.008878273990630164  0.00018705355436118127
76.7  0.008704032392960383  0.00018820102186492034
76.75  0.008526724904829652  0.00018916689803166826
76.80000000000001  0.008347222288322449  0.00018993933426694846
76.85000000000001  0.00816642936109437  0.00019050548684103986
76.9  0.007985280595578606  0.00019085152742687384
76.95  0.007804734211324552  0.00019096210115904198
77.0  0.007625764297233615  0.00019081926105101216
77.05000000000001  0.007449350829186845  0.0001904010358957192
77.10000000000001  0.007276467807495801  0.00018967987538773105
77.15  0.007108070063764678  0.00018862124358307614
77.2  0.006945079527638457  0.0001871825982818142
77.25  0.006788371869287336  0.00018531291119645534
77.30000000000001  0.006638764433728704  0.0001829527718861757
77.35000000000001  0.006497006266035007  0.00018003500135036865
77.4  0.006363770812296186  0.0001764855905947928
77.45  0.006239651599433796  0.00017222465413559108
77.5  0.006125160888451206  0.00016716702529285418
77.55000000000001  0.006020731118915427  0.0001612224780449636
77.60000000000001  0.005926718957635562  0.00015429590839026694
77.65  0.005843411360857765  0.00014628741939025732
77.7  0.005771032463146033  0.00013709223055469367
77.75  0.005709749753554671  0.00012660082973773993
77.80000000000001  0.005659677698842467  0.0001147002121533171
77.85000000000001  0.005620876717189503  0.00010127728590195527
77.9  0.005593345335588543  8.622553576249707e-05
77.95  0.005577003736122424  6.945575344460585e-05
78.0  0.00557166808295347  5.0910921415400995e-05
78.05000000000001  0.0055770173806951205  3.058409197297565e-05
78.10000000000001  0.00559255817870212  8.536483472589885e-06
78.15  0.005617596452368185  -1.5088458985061033e-05
78.2  0.0056512286306924665  -4.005981731218812e-05
78.25  0.005692362579108197  -6.606642297828342e-05
78.30000000000001  0.005739773152467088  -9.27372342068902e-05
78.35000000000001  0.005792187808882832  -0.00011967135844342949
78.4  0.005848389866131471  -0.000146470876787405
78.45  0.005907321535625809  -0.00017276966816696845
78.5  0.005968166580562873  -0.0001982540231074383
78.55000000000001  0.006030397297832609  -0.00022267345250730965
78.60000000000001  0.006093781291597615  -0.00024584241214589475
78.65  0.006158353306706887  -0.0002676354887213667
78.7  0.006224362607549676  -0.00028797925725781054
78.75  0.006292207530901367  -0.00030684360518784575
78.80000000000001  0.0063623672814531315  -0.00032423425108821794
78.85000000000001  0.006435338075737417  -0.0003401868650296143
78.9  0.006511577996635936  -0.00035476215434593583
78.95  0.006591463282776043  -0.0003680409668557699
79.0  0.006675257408177867  -0.00038011865639154136
79.05000000000001  0.006763092987841789  -0.00039109826187038924
79.10000000000001  0.006854965804774274  -0.0004010825492581865
79.15  0.006950739642661926  -0.0004101655361588091
79.2  0.007050159889692369  -0.00041842445536487035
79.25  0.007152873446375253  -0.0004259131506303329
79.30000000000001  0.007258452487164522  -0.00043265772249670805
79.35000000000001  0.00736641991419131  -0.00043865495390109734
79.4  0.007476274703026262  -0.0004438737020879279
79.45  0.00758751568916916  -0.000448259052884886
79.5  0.007699662637625375  -0.0004517386718032063
79.55000000000001  0.007812273679506757  -0.00045423061158959095
79.60000000000001  0.007924958494169866  -0.00045565181886024605
79.65  0.008037387007764771  -0.00045592655205241946
79.7  0.008149293757145824  -0.0004549938985101682
79.75  0.008260478356013522  -0.0004528136867130995
79.80000000000001  0.00837080271055254  -0.00044937030565776065
79.85000000000001  0.008480185707010198  -0.00044467419190851246
79.9  0.00858859608643991  -0.0004387610447158461
79.95  0.008696044246596833  -0.00043168910341683507
80.0  0.008802573714535154  -0.0004235350176344187
80.05000000000001  0.008908252983049501  -0.00041438897306565476
80.10000000000001  0.009013168257461115  -0.00040434974884303524
80.15  0.009117417375617831  -0.0003935202576187338
80.2  0.009221104782039935  -0.00038200402791442015
80.25  0.0093243368838452  -0.00036990338606521656
80.30000000000001  0.009427216233641629  -0.00035732092542505224
80.35000000000001  0.009529832967753882  -0.0003443658238773027
80.4  0.009632254139916665  -0.00033116372611060105
80.45  0.009734511945346316  -0.00031786695278922695
80.5  0.00983658922296779  -0.00030466435613028125
80.55000000000001  0.009938400955759943  -0.00029179160039739354
80.60000000000001  0.01003977296587089  -0.00027954046996694887
80.65  0.010140420556149178  -0.00026826356721669796
80.7  0.010239930956329999  -0.00025837023723940055
80.75  0.010337754582914074  -0.0002503103696285572
80.80000000000001  0.01043321066402377  -0.0002445443329122587
80.85000000000001  0.010525512045020403  -0.00024149937593587298
80.9  0.010613812325237532  -0.00024151591008653883
80.95  0.010697274650875128  -0.00024479248995674333
81.0  0.010775146234424137  -0.00025133258059763914
81.05000000000001  0.010846822411731629  -0.0002608932122566865
81.10000000000001  0.01091191701282185  -0.0002729753511833625
81.15  0.010970334578949685  -0.0002868567328522197
81.2  0.011022309623370382  -0.00030165447379344544
81.25  0.011068403611085203  -0.00031641289679397563
81.30000000000001  0.011109457278822515  -0.0003301994275636268
81.35000000000001  0.011146491313320267  -0.00034219170285720347
81.4  0.011180579115927392  -0.00035175134921301167
81.45  0.011212720993851706  -0.0003584738212417854
81.5  0.011243722736427883  -0.00036221773487421114
81.55000000000001  0.011274100503900503  -0.0003631059660100342
81.60000000000001  0.011304018910110535  -0.00036149203469503974
81.65  0.011333265335377637  -0.00035790436246668387
81.7  0.011361265862599229  -0.00035297673817907
81.75  0.011387140438699572  -0.0003473725616980539
81.80000000000001  0.011409788988422733  -0.000341711723732458
81.85000000000001  0.011427996570161476  -0.0003365085497465248
81.9  0.011440543696035031  -0.00033212762704618937
81.95  0.01144630788015301  -0.00032876191408203153
82.0  0.011444344383152713  -0.0003264345494096814
82.05000000000001  0.011433937663744094  -0.00032502260180606137
82.10000000000001  0.011414619624879099  -0.00032429808550798973
82.15  0.011386155617249913  -0.0003239793498317183
82.2  0.011348503601355073  -0.0003237847888224516
82.25  0.011301755243768417  -0.0003234808891900932
82.30000000000001  0.011246069598935789  -0.0003229179235903416
82.35000000000001  0.011181610220333238  -0.0003220488699605177
82.4  0.011108495138446098  -0.000320929991647462
82.45  0.011026766464257914  -0.00031970444788615907
82.5  0.01093638292512092  -0.00031857282653851855
82.55000000000001  0.010837234982234026  -0.00031775620879664646
82.60000000000001  0.010729178832901146  -0.0003174580647367784
82.65  0.010612082954414388  -0.0003178309296051276
82.7  0.010485879237141406  -0.00031895266087698124
82.75  0.01035061067206015  -0.0003208154917613577
82.80000000000001  0.010206469314830297  -0.0003233291477279456
82.85000000000001  0.010053820881782019  -0.00032633675086449063
82.9  0.00989321416383634  -0.0003296397270235167
82.95  0.009725374673318006  -0.0003330268161498128
83.0  0.009551183909558964  -0.00033630255053593376
83.05000000000001  0.00937164791855211  -0.0003393111916171442
83.10000000000001  0.009187860131477371  -0.0003419529538063194
83.15  0.009000963510884996  -0.00034419068944595673
83.2  0.008812116201465098  -0.0003460469145122006
83.25  0.008622463543942187  -0.00034759268560336475
83.30000000000001  0.008433117753746862  -0.000348931028716514
83.35000000000001  0.008245145072626992  -0.00035017818353493533
83.4  0.008059559022633344  -0.0003514458464660909
83.45  0.007877317691676515  -0.00035282698445904644
83.5  0.007699322805279399  -0.00035438684463963085
83.55000000000001  0.0075264186302200185  -0.0003561597238773367
83.60000000000001  0.007359389372808226  -0.0003581510875365521
83.65  0.007198954498579527  -0.00036034388249082234
83.7  0.007045762161568504  -0.0003627074372414432
83.75  0.006900381572931603  -0.0003652071907457398
83.80000000000001  0.006763295510271846  -0.00036781364741859956
83.85000000000001  0.006634894220731265  -0.00037050934131148394
83.9  0.00651547180560001  -0.00037329307403300175
83.95  0.006405225856062403  -0.0003761811919036701
84.0  0.006304260684645806  -0.0003792061246275063
84.05000000000001  0.006212594048882797  -0.00038241275481448516
84.10000000000001  0.0061301668737689715  -0.00038585339039983683
84.15  0.006056855199568462  -0.0003895821676841876
84.2  0.0059924834332773635  -0.00039364963916886756
84.25  0.005936837961739956  -0.00039809812825460436
84.30000000000001  0.005889680269270436  -0.0004029582054343758
84.35000000000001  0.005850758863596777  -0.0004082464140044987
84.4  0.005819819519207971  -0.00041396420126369143
84.45  0.005796613560227233  -0.0004200979195722331
84.5  0.005780904094498069  -0.00042661973733989995
84.55000000000001  0.00577247024919907  -0.00043348930346843735
84.60000000000001  0.005771109537748386  -0.00044065601378937225
84.65  0.00577663853002299  -0.0004480617252551662
84.7  0.005788892031695039  -0.00045564375040069264
84.75  0.0058077210130584225  -0.0004633379452171275
84.80000000000001  0.005832989542945059  -0.0004710816835158311
84.85000000000001  0.0058645709490995615  -0.0004788164933286806
84.9  0.005902343340099727  -0.0004864901271590926
84.95  0.005946184539925962  -0.0004940578751202952
85.0  0.0059959665019918085  -0.0005014830321864578
85.05000000000001  0.006051549443253441  -0.0005087365836680459
85.10000000000001  0.0061127761838575285  -0.0005157963091660121
85.15  0.006179467289192594  -0.0005226455427339608
85.2  0.006251417474810806  -0.0005292717393666241
85.25  0.006328393448268877  -0.0005356648484244665
85.30000000000001  0.00641013310102531  -0.0005418154053644104
85.35000000000001  0.006496345833225591  -0.0005477123070209508
85.4  0.006586713818060837  -0.0005533403862358552
85.45  0.006680894129853364  -0.0005586780382626711
85.5  0.006778521760611392  -0.0005636952176524133
85.55000000000001  0.006879213560562829  -0.000568352118345952
85.60000000000001  0.006982573051171902  -0.000572598782402968
85.65  0.007088195934793578  -0.0005763757570619055
85.7  0.00719567608683948  -0.0005796157316413743
85.75  0.007304611905271088  -0.0005822458909656343
85.80000000000001  0.007414612978404438  -0.0005841906469642646
85.85000000000001  0.007525306984865196  -0.0005853744966186466
85.9  0.007636346568127361  -0.0005857248872070484
85.95  0.007747415789799799  -0.0005851750083704713
86.0  0.007858235787929452  -0.0005836663649418481
86.05000000000001  0.007968569385274883  -0.0005811509187886156
86.10000000000001  0.008078224499147434  -0.0005775926026078139
86.15  0.008187056272016534  -0.0005729681030015503
86.2  0.008294967888393493  -0.0005672669614555418
86.25  0.008401910087117416  -0.0005604912247894648
86.30000000000001  0.008507879417380088  -0.000552655041546032
86.35000000000001  0.008612915299102915  -0.0005437846826796935
86.4  0.008717095910472338  -0.00053391942918052
86.45  0.008820532832424888  -0.0005231136548463772
86.5  0.008923364236475955  -0.0005114403406266506
86.55000000000001  0.00902574620410022  -0.0004989962676579756
86.60000000000001  0.009127841499984914  -0.0004859092142779876
86.65  0.009229804801433138  -0.00047234746432925405
86.7  0.009331763112098747  -0.00045853161623304097
86.75  0.009433790080375728  -0.0004447479336160446
86.80000000000001  0.00953587350754064  -0.00043136128147140576
86.85000000000001  0.009637876773067437  -0.00041882416611162314
86.9  0.009739497371978736  -0.0004076768975059677
86.95  0.009840229013200249  -0.000398533082448967
87.0  0.00993933695976823  -0.0003920453895148346
87.05000000000001  0.010035858156863933  -0.00038884947065224475
87.10000000000001  0.01012863671238238  -0.0003894889746402045
87.15  0.01021640059700051  -0.00039433048746723934
87.2  0.010297877589123042  -0.00040348210351022745
87.25  0.010371939418950808  -0.0004167317833477576
87.30000000000001  0.010437754451686721  -0.00043352057066323787
87.35000000000001  0.010494923366275707  -0.0004529602579625841
87.4  0.010543572046491879  -0.00047389711007321636
87.45  0.010584381811566894  -0.0004950155486516956
87.5  0.010618547184353105  -0.0005149691501147596
87.55000000000001  0.010647663292864937  -0.0005325210843406141
87.60000000000001  0.01067355679317404  -0.0005466736430400063
87.65  0.010698083422215359  -0.0005567693635430571
87.7  0.010722919103667676  -0.00056255282373371
87.75  0.010749370598367967  -0.0005641869404025459
87.80000000000001  0.01077822915426073  -0.0005622217141961481
87.85000000000001  0.010809685070946026  -0.0005575196325819865
87.9  0.010843312110803081  -0.0005511468541980635
87.95  0.010878121931107947  -0.0005442430714401791
88.0  0.010912680406200899  -0.0005378862512966202
88.05000000000001  0.0109452700621598  -0.0005329692018630975
88.10000000000001  0.010974077287397766  -0.0005301030280591653
88.15  0.010997380289391233  -0.0005295588417686954
88.2  0.011013714169825314  -0.0005312541552829134
88.25  0.011021992912951977  -0.0005347847779038594
88.30000000000001  0.011021574145391665  -0.0005394973977905051
88.35000000000001  0.011012260533939463  -0.000544593008282405
88.4  0.010994240558510095  -0.0005492474403398668
88.45  0.010967979662450184  -0.0005527327046844172
88.5  0.010934079403344942  -0.0005545216382642115
88.55000000000001  0.010893127250099513  -0.000554359259867885
88.60000000000001  0.010845561881920016  -0.000552289295344818
88.65  0.010791575286350953  -0.0005486337629018025
88.7  0.010731064271736259  -0.0005439331835361726
88.75  0.010663634616415478  -0.0005388605703629296
88.80000000000001  0.01058865355958201  -0.0005341236831134913
88.85000000000001  0.010505340571630032  -0.0005303692540588884
88.9  0.010412881995710705  -0.0005281012880516198
88.95  0.010310552606162732  -0.0005276231439326329
89.0  0.010197826930467595  -0.0005290096812005441
89.05000000000001  0.010074465510682112  -0.0005321114667335771
89.10000000000001  0.009940565826832549  -0.0005365885231293114
89.15  0.009796573659687889  -0.0005419672683578397
89.2  0.009643257112307919  -0.0005477118930374436
89.25  0.00948165007198325  -0.0005532997254911269
89.30000000000001  0.009312970546236036  -0.0005582851907016083
89.35000000000001  0.009138518543318  -0.0005623331416506146
89.4  0.008959585941119057  -0.0005652287891352504
89.45  0.0087774140249871  -0.0005668899678834976
89.5  0.008593171331631733  -0.0005673674504270536
89.55000000000001  0.008407935640439321  -0.0005668238604530324
89.60000000000001  0.008222690863993805  -0.0005655025721836636
89.65  0.00803833754660263  -0.0005636899671241325
89.7  0.007855712349103306  -0.0005616726765943659
89.75  0.007675613274085176  -0.0005596964469178513
89.80000000000001  0.007498825837131804  -0.0005579351854508524
89.85000000000001  0.007326143871431892  -0.0005564763193674814
89.9  0.007158379310277893  -0.0005553240215147944
89.95  0.006996357891935796  -0.0005544174776530031
90.0  0.0068409011014454605  -0.0005536585282049768
90.05000000000001  0.006692797666382484  -0.0005529420677544634
90.10000000000001  0.006552769823778367  -0.000552183260951783
90.15  0.006421440147317371  -0.0005513373346500227
90.2  0.006299304129188372  -0.0005504097993951675
90.25  0.006186712291940255  -0.0005494569576091615
90.30000000000001  0.006083863771001468  -0.0005485781519393293
90.35000000000001  0.005990811452103027  -0.0005479022253015115
90.4  0.005907477178536066  -0.0005475710734259979
90.45  0.005833674452448354  -0.0005477230495555903
90.5  0.005769135514589515  -0.0005484784728443826
90.55000000000001  0.005713539665900311  -0.0005499287654184842
90.60000000000001  0.00566654008655538  -0.000552129960386441
90.65  0.005627787070560835  -0.0005551006132958984
90.7  0.005596946374582439  -0.0005588235950841464
90.75  0.005573712143032359  -0.0005632508826350565
90.80000000000001  0.0055578145161334445  -0.0005683102920733669
90.85000000000001  0.005549022496816477  -0.000573913094484571
90.9  0.005547142937917353  -0.0005799615835441931
90.95  0.005552016639026172  -0.000586355898703282
91.0  0.005563512535777369  -0.0005929996960101528
91.05000000000001  0.005581520834799351  -0.0005998045243240052
91.10000000000001  0.0056059457296057  -0.0006066929405439352
91.15  0.005636698099647192  -0.0006136004704057681
91.2  0.005673688411020422  -0.0006204765277376187
91.25  0.005716819919393193  -0.0006272843872152824
91.30000000000001  0.005765982218256367  -0.0006340002852614517
91.35000000000001  0.005821045192874878  -0.0006406117263848636
91.4  0.005881853537723032  -0.000647115110038656
91.45  0.005948222122145911  -0.0006535128245764665
91.5  0.006019932589833067  -0.000659810023717276
91.55000000000001  0.006096731602238665  -0.0006660114369497553
91.60000000000001  0.006178330986238  -0.0006721185737937193
91.65  0.006264409712110328  -0.0006781274506931876
91.7  0.006354617299334772  -0.000684026674720533
91.75  0.006448578131960983  -0.0006897956390804947
91.80000000000001  0.006545896271759139  -0.0006954027927170216
91.85000000000001  0.006646160540091485  -0.0007008042155785281
91.9  0.006748949791471014  -0.0007059427767969527
91.95  0.0068538384090111905  -0.0007107479279520328
92.0  0.006960402082824708  -0.000715135991050517
92.05000000000001  0.007068223844458523  -0.0007190109350546107
92.10000000000001  0.007176900251481273  -0.0007222658574532943
92.15  0.00728604770408826  -0.000724785358581962
92.2  0.007395308919172784  -0.0007264488945688126
92.25  0.007504359372630247  -0.000727135104869602
92.30000000000001  0.0076129132756576935  -0.0007267268963322404
92.35000000000001  0.007720728630800727  -0.0007251168314971164
92.4  0.007827611101431688  -0.000722212222278547
92.45  0.007933416626313501  -0.00071793935443426
92.5  0.008038052806762952  -0.0007122464867190761
92.55000000000001  0.008141479106213469  -0.0007051056192699443
92.60000000000001  0.008243705877178535  -0.0006965134674060735
92.65  0.008344792173506923  -0.0006864925075072777
92.7  0.008444842171149188  -0.0006750931961243239
92.75  0.008543999776359626  -0.000662398352563066
92.80000000000001  0.008642440667840954  -0.0006485303291857431
92.85000000000001  0.008740360632784256  -0.000633661305485742
92.9  0.008837958611739142  -0.000618026917147772
92.95  0.008935412417965666  -0.0006019429874684655
93.0  0.009032844961206673  -0.0005858238091525816
93.05000000000001  0.009130279613960924  -0.0005701981635829552
93.10000000000001  0.009227585801073242  -0.0005557165368574888
93.15  0.009324420243392476  -0.000543140768973643
93.2  0.009420174887749027  -0.000533307084536959
93.25  0.009513947573329936  -0.0005270565664350235
93.30000000000001  0.009604553103198509  -0.0005251341151107781
93.35000000000001  0.009690588813636696  -0.0005280663916297291
93.4  0.009770559034722228  -0.0005360381435937356
93.45  0.009843048856981708  -0.000548789767236537
93.5  0.009906925969278533  -0.0005655578002235471
93.55000000000001  0.009961543336273946  -0.0005850785988642628
93.60000000000001  0.010006911904315767  -0.0006056890334914188
93.65  0.010043799219687463  -0.0006255525579992886
93.7  0.010073694089563977  -0.0006429445839429616
93.75  0.010098620106538838  -0.0006564752047478144
93.80000000000001  0.010120895475072835  -0.0006652109381219631
93.85000000000001  0.010142898989049442  -0.0006687249715851567
93.9  0.010166829665016731  -0.0006671053889335354
93.95  0.010194467636819027  -0.0006609295628411528
94.0  0.010226968078325915  -0.0006512016443522778
94.05000000000001  0.01026472055494325  -0.0006392509602544706
94.10000000000001  0.010307295474174595  -0.0006265956765920777
94.15  0.01035348550293432  -0.0006147833229988204
94.2  0.010401436382386553  -0.0006052250647527672
94.25  0.010448850070586845  -0.0005990429444331419
94.30000000000001  0.010493234481993274  -0.0005969485909683647
94.35000000000001  0.010532168877302685  -0.000599168472661226
94.4  0.010563552560794137  -0.0006054252600993921
94.45  0.01058580704658266  -0.0006149780262769035
94.5  0.010598007978191755  -0.0006267167127393642
94.55000000000001  0.010599932144932973  -0.0006392994463458365
94.60000000000001  0.010592015863648996  -0.0006513157853410203
94.65  0.01057523241099603  -0.0006614555659488177
94.7  0.010550906575094499  -0.0006686622476274797
94.75  0.010520492300988815  -0.0006722517228877669
94.80000000000001  0.010485343733028715  -0.0006719822506257516
94.85000000000001  0.010446510155079306  -0.0006680678328886378
94.9  0.010404581423762113  -0.000661134995163963
94.95  0.010359603022082893  -0.0006521304373637409
95.0  0.01031106984170714  -0.0006421933464540098
95.05000000000001  0.010257996657902094  -0.0006325104293087997
95.10000000000001  0.01019905265269356  -0.0006241733461173032
95.15  0.010132738880741128  -0.0006180570140043315
95.2  0.010057582534149156  -0.0006147334721858949
95.25  0.009972320949683032  -0.0006144302993339958
95.30000000000001  0.009876051490819144  -0.000617035847006453
95.35000000000001  0.009768329972420782  -0.0006221468202308078
95.4  0.009649208895103909  -0.0006291480181685153
95.45  0.009519215936987992  -0.000637310201237304
95.5  0.009379281520033644  -0.0006458905976140513
95.55000000000001  0.009230630664155554  -0.0006542217312395331
95.60000000000001  0.009074657454650787  -0.0006617783369975807
95.65  0.008912800799624873  -0.0006682175387415409
95.7  0.008746437668009852  -0.0006733899086510248
95.75  0.008576804050051632  -0.0006773224565734775
95.80000000000001  0.0084049506403801  -0.000680180469554596
95.85000000000001  0.008231733987452522  -0.000682217726292409
95.9  0.00805783638163049  -0.0006837241262212478
95.95  0.007883802077828772  -0.0006849749329361555
96.0  0.0077100830466072644  -0.0006861760177590237
96.05000000000001  0.007537108013215107  -0.0006874035722549786
96.10000000000001  0.007365385342450464  -0.0006885657319909162
96.15  0.007195617091739215  -0.0006894317336455082
96.2  0.0070287506174974215  -0.0006897685961689862
96.25  0.00686589592061866  -0.0006894826992877345
96.30000000000001  0.006708194506465952  -0.0006886413548703369
96.35000000000001  0.006556732402122987  -0.0006874127158647092
96.4  0.006412499643808812  -0.0006859959239629407
96.45  0.006276370086521228  -0.000684573604971015
96.5  0.006149084379039399  -0.0006832898429453892
96.55000000000001  0.006031232178369804  -0.0006822464663382943
96.60000000000001  0.00592323684487126  -0.0006815097670556223
96.65  0.0058253473155025805  -0.0006811217126222384
96.7  0.005737640311200751  -0.0006811116721768254
96.75  0.005660033619702997  -0.0006815061573913231
96.80000000000001  0.005592309057305223  -0.0006823351942101762
96.85000000000001  0.0055341423005305255  -0.0006836348346592583
96.9  0.005485136151996759  -0.0006854460289415614
96.95  0.00544485384903807  -0.0006878105909280248
97.0  0.005412849554086713  -0.0006907652973823616
97.05000000000001  0.005388693974679891  -0.00069433528132913
97.10000000000001  0.005371993950284495  -0.000698527846438858
97.15  0.005362405656203873  -0.0007033276776158161
97.2  0.0053596417153779115  -0.0007086941897747208
97.25  0.0053634729417397714  -0.0007145614787448262
97.30000000000001  0.005373725673624553  -0.0007208410461886487
97.35000000000001  0.005390275730786446  -0.000727427190308627
97.4  0.005413040002731467  -0.0007342047072412982
97.45  0.005441966621340492  -0.000741058349645533
97.5  0.005477024663229116  -0.0007478833436254098
97.55000000000001  0.005518194424622284  -0.0007545961417325876
97.60000000000001  0.005565459469564065  -0.0007611443531158836
97.65  0.005618801485336839  -0.0007675141024034362
97.7  0.005678197275008111  -0.0007737315185455242
97.75  0.005743612275930264  -0.0007798536005099608
97.80000000000001  0.005814979957783116  -0.0007859468381125837
97.85000000000001  0.005892163387010371  -0.0007920617895499056
97.9  0.005974914067541318  -0.0007982173617681295
97.95  0.006062850456081134  -0.0008044008628796886
98.0  0.006155465531122309  -0.0008105792081134083
98.05000000000001  0.006252156555730803  -0.0008167131107897935
98.10000000000001  0.0063522638007894126  -0.0008227679346585433
98.15  0.006455107011415947  -0.0008287180047210298
98.2  0.006560013557169134  -0.0008345439910235019
98.25  0.00666633709088359  -0.0008402249379765583
98.30000000000001  0.0067734681814607955  -0.0008457274586716656
98.35000000000001  0.006880838937238624  -0.0008509949533822626
98.4  0.006987923689845972  -0.0008559396107228761
98.45  0.007094238154275763  -0.0008604390844185958
98.5  0.0071993396313780374  -0.0008643381180236998
98.55000000000001  0.007302830177016047  -0.0008674540386111191
98.60000000000001  0.00740436326600776  -0.0008695848670843582
98.65  0.007503652951098135  -0.0008705194238639978
98.7  0.007600483765647076  -0.0008700490896541072
98.75  0.007694719673420301  -0.0008679805270554038
98.80000000000001  0.007786310664810877  -0.0008641484130617318
98.85000000000001  0.00787529601991747  -0.0008584273788434051
98.9  0.007961803880068542  -0.0008507429172613005
98.95  0.008046047424984082  -0.0008410819734072754
99.0  0.008128318368789588  -0.0008295048655681118
99.05000000000001  0.008208978623227663  -0.0008161603481999398
99.10000000000001  0.00828845107491917  -0.0008013042797529875
99.15  0.008367209438909303  -0.0007853173930115577
99.2  0.00844576097757729  -0.0007687038499432201
99.25  0.008524615231832016  -0.000752042406051677
99.30000000000001  0.008604231899917502  -0.0007359050920975403
99.35000000000001  0.008684896981966476  -0.0007207955764911074
99.4  0.008766591192001726  -0.0007071185206017358
99.45  0.008848962503200235  -0.0006951699750038237
99.5  0.008931371538092862  -0.000685134785900848
99.55000000000001  0.009012959423630241  -0.0006770794162040922
99.60000000000001  0.00909272767446147  -0.0006709411962506271
99.65  0.009169633896310694  -0.0006665222478121023
99.7  0.009242702642833306  -0.0006634953702838444
99.75  0.009311142334953488  -0.0006614250353626429
99.80000000000001  0.009374453149513332  -0.0006598027199765657
99.85000000000001  0.009432508942367867  -0.0006580931812241331
99.9  0.009485598408305042  -0.0006557868812001224
99.95  0.009534415864366761  -0.0006524532150890684
100.0  0.009579999068961632  -0.0006477891357716803
