0.02  -0.024280171985332454  0.0016224177250233236
0.04  -0.06764071424359809  0.003921113514497947
0.06  -0.10540101603558127  0.005001366368263804
0.08  -0.1384924932992021  0.005327306109266765
0.1  -0.16751338962609466  0.0052032858446427015
0.12  -0.19287909549504365  0.004823543733168118
0.14  -0.21490613270882117  0.004309063412664239
0.16  -0.23385687482438794  0.0037337228567341637
0.18  -0.24996368122524837  0.0031413925704110043
0.2  -0.2634405310471856  0.0025575395568909667
0.22  -0.27448892456487345  0.001996550705835751
0.24  -0.28330055905905804  0.001466556159634688
0.26  -0.29005792777997147  0.0009718286969193958
0.28  -0.294934574843482  0.0005147192289048923
0.3  -0.2980958672636215  9.668184561635521e-05
0.32  -0.29969873883421877  -0.000281712238297335
0.34  -0.299891467306771  -0.0006202389629805615
0.36  -0.2988140664867583  -0.0009189211290788215
0.38  -0.296598488878272  -0.0011780566823518285
0.4  -0.2933688422291052  -0.0013982522126832339
0.42  -0.2892415935521094  -0.0015803834483806105
0.44  -0.28432566570546713  -0.0017256396524739166
0.46  -0.2787227096244749  -0.001835666963830157
0.48  -0.27252746415525775  -0.0019123850126451334
0.5  -0.2658279684547528  -0.001957726185826936
0.52  -0.2587056661435829  -0.0019739218324087184
0.54  -0.2512356517045023  -0.001963556064919391
0.56  -0.2434870222745391  -0.0019293829103409802
0.58  -0.23552325476491445  -0.0018740644428558398
0.6  -0.2274024537606324  -0.001800242969732554
0.62  -0.21917751161976226  -0.001710629434999926
0.64  -0.2108963640497576  -0.0016079294580515903
0.66  -0.20260228747066442  -0.001494792439372823
0.68  -0.19433421878352264  -0.0013737464182670407
0.7000000000000001  -0.18612702400536907  -0.0012471385512114247
0.72  -0.1780117629927687  -0.001117138622454134
0.74  -0.17001596612145625  -0.0009857771059439936
0.76  -0.16216385436873917  -0.0008549248793834458
0.78  -0.15447657359098999  -0.0007262429824509159
0.8  -0.14697243517588085  -0.0006011774702289525
0.8200000000000001  -0.13966712947687346  -0.0004809629209352316
0.84  -0.13257392569575624  -0.0003666178058013656
0.86  -0.12570386383332943  -0.00025894223605692023
0.88  -0.11906594676491199  -0.00015853173261962588
0.9  -0.11266733364463222  -6.580899030709138e-05
0.92  -0.10651351386643258  1.8945962851285118e-05
0.9400000000000001  -0.10060844189844277  9.558142174340357e-05
0.96  -0.09495464510987196  0.00016406803439843366
0.98  -0.08955332350169377  0.0002244923937118776
1.0  -0.08440444837493859  0.00027704729836056704
1.02  -0.07950686102614032  0.0003220181614841674
1.04  -0.07485836630510848  0.00035976853013746366
1.06  -0.07045581837209933  0.0003907253268369191
1.08  -0.06629520272948479  0.00041536142254678613
1.1  -0.062371714705361465  0.00043417757603669876
1.12  -0.05867983150075634  0.0004476859920272688
1.1400000000000001  -0.055213376571957504  0.0004563958307970789
1.16  -0.05196557777372384  0.0004608003764262966
1.18  -0.04892912207352118  0.00046136499272752537
1.2  -0.04609620951336703  0.0004585161291541117
1.22  -0.043458607598540616  0.0004526348395199102
1.24  -0.04100770443705446  0.0004440583584297968
1.26  -0.03873455920676142  0.00043308916460255224
1.28  -0.036629954520253846  0.0004200060623470881
1.3  -0.03468445876579752  0.0004050706654999541
1.32  -0.03288849906128494  0.0003885334287148547
1.34  -0.03123243352004293  0.0003706575249984244
1.36  -0.029706614850241335  0.0003517533892205813
1.3800000000000001  -0.028301454952372858  0.00033216523825280517
1.4000000000000001  -0.027007492376551985  0.0003122036818017105
1.42  -0.025815446473313762  0.0002921021142451035
1.44  -0.02471625757489976  0.00027202245388664557
1.46  -0.02370112459390096  0.0002520782655690773
1.48  -0.022761544924485448  0.00023235427769537428
1.5  -0.021889355504908867  0.00021291980608401345
1.52  -0.021076772254078696  0.00019383829113800812
1.54  -0.02031642544805106  0.0001751744162886065
1.56  -0.019601389857751988  0.00015699932470766614
1.58  -0.018925209690052024  0.0001393940217373086
1.6  -0.018281918569154773  0.00012245058355194838
1.62  -0.017666054106502807  0.00010627041353147809
1.6400000000000001  -0.017072666251400342  9.095942495031412e-05
1.6600000000000001  -0.016497319206096345  7.662100019255552e-05
1.68  -0.015936087406482117  6.334771313915813e-05
1.7  -0.015385546057145753  5.1213194885489154e-05
1.72  -0.014842756323340454  4.026567923225091e-05
1.74  -0.014305245152537723  3.052382310433352e-05
1.76  -0.013770980028963561  2.197484376513607e-05
1.78  -0.013238339686270504  1.4575424522197494e-05
1.8  -0.012706082491776684  8.256066845780552e-06
1.82  -0.012173314309602487  2.9288067546403497e-06
1.84  -0.011639457107488427  -1.5032734502085443e-06
1.86  -0.011104218785728327  -5.137403412671024e-06
1.8800000000000001  -0.010567564151260565  -8.065625505144705e-06
1.9000000000000001  -0.010029686776201082  -1.0373079381064719e-05
1.92  -0.009490981470500589  -1.2138957853621621e-05
1.94  -0.008952017181119652  -1.343813479616517e-05
1.96  -0.008413510266369321  -1.4341867932767502e-05
1.98  -0.007876298230577982  -1.4917109517035082e-05
2.0  -0.007341314153626967  -1.522486586779765e-05
2.02  -0.0068095621635592025  -1.5318339234753615e-05
2.04  -0.006282094285545039  -1.5241469340485417e-05
2.06  -0.005759988841677755  -1.5028207391532691e-05
2.08  -0.0052443304435148  -1.4702518635930464e-05
2.1  -0.004736191589902562  -1.4278924094815352e-05
2.12  -0.0042366158540058175  -1.3763367663211105e-05
2.14  -0.0037466026251966687  -1.315422918520212e-05
2.16  -0.003267093410519309  -1.2443399080446103e-05
2.18  -0.0027989597589197423  -1.1617437698242504e-05
2.2  -0.0023429929581976483  -1.0658864996157979e-05
2.22  -0.001899895753180861  -9.547561023917546e-06
2.24  -0.00147027628665214  -8.262229808097541e-06
2.2600000000000002  -0.0010546441985607386  -6.781930632846461e-06
2.2800000000000002  -0.0006534086097200993  -5.087697573462378e-06
2.3000000000000003  -0.00026687775814872045  -3.164157952699008e-06
2.32  0.00010473988434222224  -1.000909372481914e-06
2.34  0.0004613331232736261  1.406608679007082e-06
2.36  0.0008028842437420572  4.0568602675428855e-06
2.38  0.001129464028915391  6.94244768982863e-06
2.4  0.0014412258111826878  1.005052446575973e-05
2.42  0.001738398805339646  1.3363030204878806e-05
2.44  0.002021280885582369  1.685648688710226e-05
2.46  0.0022902308237477418  2.0501327001429948e-05
2.48  0.002545659983147479  2.426103298887927e-05
2.5  0.0027880236962254026  2.8091574572871994e-05
2.52  0.0030178129382262336  3.194157091494913e-05
2.54  0.0032355470576875827  3.5753301356446316e-05
2.56  0.003441767992475952  3.946435968969893e-05
2.58  0.0036370358401707705  4.300960811878372e-05
2.6  0.0038219252969223273  4.632314599622861e-05
2.62  0.0039970224555128464  4.934012364447637e-05
2.64  0.004162921617071487  5.199832261269767e-05
2.66  0.004320221972099227  5.423949280153801e-05
2.68  0.004469524171771205  5.601047854332144e-05
2.7  0.004611426899774099  5.726419531343123e-05
2.72  0.004746523559996467  5.7960563904281865e-05
2.74  0.004875399151624859  5.806750895931196e-05
2.7600000000000002  0.00499862733592875  5.7562025571853624e-05
2.7800000000000002  0.005116767618906062  5.6431204272536016e-05
2.8000000000000003  0.00523036249953977  5.467305683855426e-05
2.82  0.005339934447013259  5.2296999452718844e-05
2.84  0.005445982733732412  4.9323936297992895e-05
2.86  0.005548980397714138  4.5786003474301235e-05
2.88  0.005649371770998198  4.172610291926718e-05
2.9  0.005747570927515322  3.719733410084431e-05
2.92  0.005843961077848015  3.226231978686134e-05
2.94  0.005938894605776871  2.69922971565447e-05
2.96  0.006032693355173737  2.1465818595647155e-05
2.98  0.006125648935700685  1.5766998377635763e-05
3.0  0.006218023015454442  9.983382455197717e-06
3.02  0.006310047659766678  4.203625408889829e-06
3.04  0.006401925773818371  -1.48481722139626e-06
3.06  0.006493831678019164  -6.997818567126877e-06
3.08  0.006585911823064108  -1.2256440776037484e-05
3.1  0.006678285640396197  -1.7188495046745976e-05
3.12  0.006771046518459507  -2.1729806307004876e-05
3.14  0.006864262891888623  -2.5825203753921593e-05
3.16  0.006957979430500924  -2.9429262330141478e-05
3.18  0.007052218317653904  -3.250681752094269e-05
3.2  0.0071469806109546105  -3.503326952677819e-05
3.22  0.007242247682031654  -3.699467939043987e-05
3.24  0.007337982734425661  -3.8387643081951125e-05
3.2600000000000002  0.007434132399560983  -3.921893140604728e-05
3.2800000000000002  0.007530628409595671  -3.950489509446873e-05
3.3000000000000003  0.007627389338862419  -3.927063536229165e-05
3.3200000000000003  0.007724322402007982  -3.854894641813695e-05
3.34  0.00782132529879467  -3.7379055080372876e-05
3.36  0.007918288092843844  -3.580520150953253e-05
3.38  0.008015095102456696  -3.3875119533799075e-05
3.4  0.008111626772378897  -3.163849120114081e-05
3.42  0.008207761488901868  -2.9145466756911807e-05
3.44  0.008303377293878294  -2.6445348857292163e-05
3.46  0.008398353445506376  -2.3585530031461594e-05
3.48  0.008492571773133055  -2.0610744640431812e-05
3.5  0.00858591779354145  -1.756265749986032e-05
3.52  0.008678281600330942  -1.4479757095541863e-05
3.54  0.008769558586900171  -1.1397452385121323e-05
3.56  0.008859650090950123  -8.348228652314285e-06
3.58  0.008948464036290694  -5.361740122763229e-06
3.6  0.009035915592719268  -2.464794783613162e-06
3.62  0.00912192780090375  3.187305643294123e-07
3.64  0.009206432063105011  2.967968980603821e-06
3.66  0.009289368414872346  5.465075722517692e-06
3.68  0.009370685554840715  7.795157666076432e-06
3.7  0.00945034067321227  9.946141706976868e-06
3.72  0.009528299151580408  1.1908619829153242e-05
3.74  0.009604534210389492  1.3675704640264757e-05
3.7600000000000002  0.009679026571432566  1.5242918695901888e-05
3.7800000000000002  0.009751764187088147  1.660813684668702e-05
3.8000000000000003  0.009822742062179802  1.7771599215307937e-05
3.8200000000000003  0.009891962166683265  1.873597487129418e-05
3.84  0.009959433416101757  1.950638322011904e-05
3.86  0.01002517166763971  2.0090277475897296e-05
3.88  0.010089199665779895  2.049718050562257e-05
3.9  0.01015154689611826  2.073831546348359e-05
3.92  0.010212249337207692  2.0826165749893706e-05
3.94  0.010271349111924214  2.0773989362751148e-05
3.96  0.010328894037168978  2.0595318762577113e-05
3.98  0.010384937064920753  2.030348673276677e-05
4.0  0.01043953561234404  1.9911223788525572e-05
4.0200000000000005  0.010492750803341815  1.943036847247927e-05
4.04  0.010544646675370029  1.8871714028419676e-05
4.0600000000000005  0.010595289406478317  1.8244988131747545e-05
4.08  0.010644746584089175  1.75589352559934e-05
4.1  0.010693086517074749  1.682145323122094e-05
4.12  0.010740377601897576  1.6039735529728602e-05
4.14  0.010786687759559205  1.522038845146276e-05
4.16  0.010832083948956572  1.436951550572663e-05
4.18  0.010876631748474062  1.3492778625533356e-05
4.2  0.010920394995644248  1.2595450633183754e-05
4.22  0.010963435480644537  1.1682468468222455e-05
4.24  0.011005812690097354  1.0758495337697652e-05
4.26  0.011047583593401099  9.828005149667745e-06
4.28  0.011088802464029686  8.895397769066846e-06
4.3  0.011129520731753035  7.96513540308146e-06
4.32  0.011169786861335134  7.041879621437578e-06
4.34  0.011209646251547419  6.13061187272317e-06
4.36  0.011249141151206149  5.236723626850948e-06
4.38  0.01128831059388171  4.3660637737477516e-06
4.4  0.011327190354503398  3.5249377238618802e-06
4.42  0.011365812928250169  2.7200617195048005e-06
4.44  0.011404207527008095  1.9584859119389528e-06
4.46  0.011442400083066148  1.2475095357890077e-06
4.48  0.011480413244973176  5.94614727386424e-07
4.5  0.011518266349390297  7.4395350961823644e-09
4.5200000000000005  0.011555975356342042  -5.062003672470732e-07
4.54  0.011593552739902483  -9.382470047721997e-07
4.5600000000000005  0.011631007328366623  -1.280325264522723e-06
4.58  0.011668344087045384  -1.5237442593171148e-06
4.6000000000000005  0.011705563841068413  -1.6597620328408057e-06
4.62  0.011742662972458994  -1.6804205317906418e-06
4.64  0.01177963321226479  -1.580231796001774e-06
4.66  0.01181646173174423  -1.3586257607086848e-06
4.68  0.011853131746945383  -1.0222715786528392e-06
4.7  0.011889623704157115  -5.855615423106896e-07
4.72  0.01192591675807932  -6.79436580065141e-08
4.74  0.01196198990939599  5.109939311050498e-07
4.76  0.01199782224985886  1.1357404787492486e-06
4.78  0.012033392336572272  1.796114834770793e-06
4.8  0.012068677260579946  2.4858351085050627e-06
4.82  0.012103652018503691  3.2001940751535748e-06
4.84  0.012138289459971625  3.93425021342037e-06
4.86  0.012172560744753445  4.681941356329446e-06
4.88  0.012206436075241855  5.435917681247691e-06
4.9  0.012239885438163864  6.187756690519512e-06
4.92  0.012272879129774292  6.9283029890709415e-06
4.94  0.01230538793002962  7.647987770161568e-06
4.96  0.012337382924755414  8.3370685652879e-06
4.98  0.012368835111802985  8.985785798714976e-06
5.0  0.012399715004979158  9.584464587647894e-06
5.0200000000000005  0.012429992431342973  1.0123600761716744e-05
5.04  0.012459636623161368  1.0593963445890147e-05
5.0600000000000005  0.01248861659077492  1.0986733196638251e-05
5.08  0.01251690167480853  1.1293675934648841e-05
5.1000000000000005  0.012544462149268016  1.1507320966084563e-05
5.12  0.012571269792092228  1.1621103793146947e-05
5.14  0.012597298391827952  1.1629479488124976e-05
5.16  0.012622524167707597  1.1528029664917826e-05
5.18  0.012646926092147848  1.1313561316769288e-05
5.2  0.012670486125605094  1.0984189767049592e-05
5.22  0.012693189378809254  1.0539404777228234e-05
5.24  0.01271502421277194  9.98011940039997e-06
5.26  0.012735982283050753  9.308698336655156e-06
5.28  0.012756058533208563  8.528960695367452e-06
5.3  0.012775251141674182  7.64615271718921e-06
5.32  0.012793561426575685  6.666889556531115e-06
5.34  0.012810993715278147  5.599070301366371e-06
5.36  0.012827555187249205  4.451773658511328e-06
5.38  0.012843255697751327  3.2351410964797406e-06
5.4  0.012858107586313996  1.960250673190556e-06
5.42  0.012872125470071641  6.389813735189079e-07
5.44  0.012885326019712758  -7.161333474891553e-07
5.46  0.012897727715765663  -2.09206233267837e-06
5.48  0.012909350584086755  -3.475440908071378e-06
5.5  0.012920215910496946  -4.852738760199229e-06
5.5200000000000005  0.012930345935434764  -6.210429337937514e-06
5.54  0.012939763531051297  -7.535160476559959e-06
5.5600000000000005  0.012948491864553666  -8.813926330790078e-06
5.58  0.01295655405180466  -1.0034240401013262e-05
5.6000000000000005  0.012963972804745046  -1.1184309075290662e-05
5.62  0.01297077007602435  -1.2253204408677314e-05
5.64  0.012976966704653809  -1.3231033228149469e-05
5.66  0.012982582067168603  -1.4109097855007422e-05
5.68  0.012987633738865842  -1.4880042450490207e-05
5.7  0.012992137169148663  -1.553797923427157e-05
5.72  0.012996105374002753  -1.607859025141943e-05
5.74  0.01299954864772086  -1.6499202011857548e-05
5.76  0.013002474295599357  -1.6798830744457418e-05
5.78  0.013004886390430565  -1.6978195568390698e-05
5.8  0.013006785557171467  -1.703969728078551e-05
5.82  0.013008168790345642  -1.6987362719355967e-05
5.84  0.013009029307790038  -1.68267569389913e-05
5.86  0.013009356444200561  -1.656486593295803e-05
5.88  0.013009135586944364  -1.6209951815116815e-05
5.9  0.013008348155382017  -1.57713823687974e-05
5.92  0.013006971627129797  -1.5259437498398624e-05
5.94  0.013004979618956242  -1.468509614100017e-05
5.96  0.013002342029273549  -1.405980868478857e-05
5.98  0.012999025243732433  -1.339526183390663e-05
6.0  0.012994992402081683  -1.2703143632881695e-05
6.0200000000000005  0.012990203724350315  -1.199491534267894e-05
6.04  0.012984616894485861  -1.1281595217526745e-05
6.0600000000000005  0.012978187497989116  -1.0573558369798332e-05
6.08  0.012970869507412799  -9.880356562568811e-06
6.1000000000000005  0.012962615806765491  -9.210561541984792e-06
6.12  0.012953378743596243  -8.571635007752528e-06
6.140000000000001  0.01294311069628067  -7.969827544513538e-06
6.16  0.012931764644038508  -7.41010778850996e-06
6.18  0.012919294728056047  -6.896121812679552e-06
6.2  0.01290565679315657  -6.430181515022283e-06
6.22  0.012890808900322539  -6.013279888029092e-06
6.24  0.012874711801132269  -5.64513070015705e-06
6.26  0.012857329365867871  -5.324230332487243e-06
6.28  0.012838628957978084  -5.047940185852411e-06
6.3  0.012818581748772354  -4.812589163560595e-06
6.32  0.012797162967658118  -4.613596432409906e-06
6.34  0.01277435208482813  -4.4456142037062495e-06
6.36  0.012750132925309946  -4.3026885206162455e-06
6.38  0.012724493715576563  -4.1784336864750916e-06
6.4  0.012697427066003924  -4.066214846859777e-06
6.42  0.012668929893277123  -3.959333988793437e-06
6.44  0.012639003286750584  -3.851216038217229e-06
6.46  0.012607652322868312  -3.7355922937814245e-06
6.48  0.012574885832650075  -3.6066777330028097e-06
6.5  0.012540716128746137  -3.4593375698201416e-06
6.5200000000000005  0.012505158699924373  -3.2892376550249e-06
6.54  0.012468231881900483  -3.09297307602766e-06
6.5600000000000005  0.012429956514089357  -2.8681695873502564e-06
6.58  0.01239035559216997  -2.6135533641943056e-06
6.6000000000000005  0.012349453926295703  -2.3289857447346656e-06
6.62  0.012307277814204027  -2.015461099337857e-06
6.640000000000001  0.012263854737355804  -1.6750676585867766e-06
6.66  0.012219213086672013  -1.310913041961511e-06
6.68  0.01217338192312358  -9.270180783726067e-07
6.7  0.012126390777438741  -5.281839599380613e-07
6.72  0.01207826949225012  -1.1983851781111448e-07
6.74  0.012029048108304314  2.921322767467323e-07
6.76  0.011978756794114701  7.01561082416018e-07
6.78  0.011927425816571392  1.102177283066022e-06
6.8  0.011875085548893096  1.4877792830363528e-06
6.82  0.01182176651169891  1.8523946260347055e-06
6.84  0.011767499442425788  2.1904227430336444e-06
6.86  0.011712315387676739  2.4967565410037678e-06
6.88  0.011656245812304665  2.766880202603353e-06
6.9  0.011599322718500853  2.9969416763798782e-06
6.92  0.011541578767917471  3.183799451507093e-06
6.94  0.011483047400403885  3.325044416170472e-06
6.96  0.01142376294390751  3.418998529008393e-06
6.98  0.011363760711177786  3.4646925076513303e-06
7.0  0.011303077079654254  3.4618252625482497e-06
7.0200000000000005  0.011241749551312845  3.4107082331055097e-06
7.04  0.011179816789901147  3.3121981556416635e-06
7.0600000000000005  0.011117318633889131  3.1676218161576145e-06
7.08  0.011054296084639181  2.9786960320904817e-06
7.1000000000000005  0.010990791270335053  2.747445798826364e-06
7.12  0.010926847386863132  2.4761232045513835e-06
7.140000000000001  0.010862508617319416  2.1671293342527003e-06
7.16  0.010797820032213912  1.8229410485412098e-06
7.18  0.010732827472971218  1.446044003147896e-06
7.2  0.010667577421762364  1.0388727602268267e-06
7.22  0.01060211686062199  6.03758454319956e-07
7.24  0.010536493122185051  1.4288484520833444e-07
7.26  0.010470753734208997  -3.417455437767819e-07
7.28  0.010404946260824919  -8.483332512054457e-07
7.3  0.01033911814417525  -1.3752907609807758e-06
7.32  0.010273316549993082  -1.9212388670412056e-06
7.34  0.010207588220368132  -2.484991932986882e-06
7.36  0.010141979336565979  -3.0655336707542677e-06
7.38  0.01007653539435895  -3.661985027404557e-06
7.4  0.010011301093870524  -4.27356581731647e-06
7.42  0.009946320245542527  -4.899551965100486e-06
7.44  0.009881635693445521  -5.539230425566803e-06
7.46  0.00981728925649423  -6.191853867287489e-06
7.48  0.009753321687334074  -6.856597200389794e-06
7.5  0.00968977264777111  -7.532518080259254e-06
7.5200000000000005  0.00962668069904717  -8.218523438592595e-06
7.54  0.009564083304811488  -8.913343458154726e-06
7.5600000000000005  0.009502016844454342  -9.615513736554313e-06
7.58  0.009440516634357016  -1.0323365849172738e-05
7.6000000000000005  0.009379616954541405  -1.1035026430004414e-05
7.62  0.009319351078086366  -1.1748424813734061e-05
7.640000000000001  0.009259751300974822  -1.2461309065495559e-05
7.66  0.009200848970507705  -1.317127007395211e-05
7.68  0.009142674511015528  -1.3875772972980316e-05
7.7  0.009085257446037375  -1.4572194675520977e-05
7.72  0.00902862641636017  -1.5257865885812978e-05
7.74  0.008972809193453337  -1.5930115780937604e-05
7.76  0.008917832688147755  -1.65863177429217e-05
7.78  0.008863722954667285  -1.7223934751199663e-05
7.8  0.00881050519049224  -1.7840563264273208e-05
7.82  0.008758203732474877  -1.843397449554179e-05
7.84  0.00870684204924047  -1.9002151974593163e-05
7.86  0.008656442729361136  -1.9543324317900713e-05
7.88  0.008607027464892118  -2.005599230103956e-05
7.9  0.008558617030584362  -2.053894966224144e-05
7.92  0.008511231260054949  -2.099129738435469e-05
7.94  0.008464889020728332  -2.141245146940272e-05
7.96  0.008419608189419461  -2.180214453449946e-05
7.98  0.008375405630196254  -2.216042203641959e-05
8.0  0.008332297175784983  -2.2487634270454223e-05
8.02  0.008290297612935956  -2.2784425179920897e-05
8.040000000000001  0.008249420671131496  -2.3051718304250973e-05
8.06  0.008209679013979218  -2.3290699035605766e-05
8.08  0.008171084235222649  -2.350279094237026e-05
8.1  0.008133646865091082  -2.3689623812528658e-05
8.120000000000001  0.008097376391271121  -2.3852994249280428e-05
8.14  0.008062281290133338  -2.3994823644877217e-05
8.16  0.008028369058854172  -2.4117117855980315e-05
8.18  0.007995646244581444  -2.422192876368427e-05
8.2  0.007964118473543655  -2.4311315784428024e-05
8.22  0.007933790483745942  -2.438730662944806e-05
8.24  0.007904666162455337  -2.445185810147198e-05
8.26  0.007876748587737008  -2.4506817866798445e-05
8.28  0.007850040071347316  -2.4553886996518356e-05
8.3  0.007824542194176363  -2.4594583428681315e-05
8.32  0.007800255814900456  -2.4630215153365426e-05
8.34  0.007777181059559746  -2.466187630534941e-05
8.36  0.007755317374227551  -2.469043768919669e-05
8.38  0.007734663637827801  -2.47165110960638e-05
8.4  0.007715218214619998  -2.474043691844358e-05
8.42  0.007696978962781054  -2.4762294233863285e-05
8.44  0.00767994325891773  -2.4781908962196257e-05
8.46  0.007664108034836375  -2.4798862111386828e-05
8.48  0.007649469814279813  -2.481250278318308e-05
8.5  0.0076360247460569835  -2.4821967167155234e-05
8.52  0.007623768632757787  -2.4826203097787075e-05
8.540000000000001  0.007612696954879845  -2.4823999043781482e-05
8.56  0.007602804890834497  -2.4814016012961244e-05
8.58  0.007594087333481332  -2.479482093810532e-05
8.6  0.00758653890388687  -2.476492021805273e-05
8.620000000000001  0.0075801539629568124  -2.472279223454107e-05
8.64  0.0075749266214703735  -2.466691795658826e-05
8.66  0.007570850748696014  -2.459580917264057e-05
8.68  0.007567919979439005  -2.4508034260727447e-05
8.700000000000001  0.007566127719260608  -2.440224155889573e-05
8.72  0.007565467147815426  -2.4277180558337153e-05
8.74  0.0075659312205118325  -2.413172108693615e-05
8.76  0.007567512668841836  -2.3964870701673673e-05
8.78  0.007570203999627975  -2.3775790403969406e-05
8.8  0.00757399749323061  -2.3563808739642666e-05
8.82  0.0075788852006220585  -2.332843399913648e-05
8.84  0.0075848589391541215  -2.3069364154371048e-05
8.86  0.007591910286843001  -2.278649425176195e-05
8.88  0.007600030574979734  -2.247992119173418e-05
8.9  0.007609210878886722  -2.2149945818038046e-05
8.92  0.00761944200678686  -2.1797072212152926e-05
8.94  0.007630714487152382  -2.1422004072591767e-05
8.96  0.007643018555166916  -2.1025638173800835e-05
8.98  0.00765634413930508  -2.060905498301191e-05
9.0  0.007670680849099408  -2.0173506378691635e-05
9.02  0.007686017964821355  -1.9720399603731907e-05
9.040000000000001  0.007702344428348219  -1.9251275385124066e-05
9.06  0.0077196488319999645  -1.876777916360078e-05
9.08  0.007737919401863202  -1.8271629887916733e-05
9.1  0.007757143977058208  -1.7764594719543548e-05
9.120000000000001  0.007777309991019822  -1.7248471638664025e-05
9.14  0.007798404457608493  -1.672507352584347e-05
9.16  0.007820413959626186  -1.6196209063353704e-05
9.18  0.007843324637819041  -1.5663661926130467e-05
9.200000000000001  0.007867122181600978  -1.5129171296168646e-05
9.22  0.0078917918238369  -1.4594415218636969e-05
9.24  0.007917318341410524  -1.4060997307384972e-05
9.26  0.00794368606236657  -1.3530437175729954e-05
9.28  0.007970878879684146  -1.3004165030531285e-05
9.3  0.007998880271070855  -1.2483520812558528e-05
9.32  0.00802767332370006  -1.1969758114578098e-05
9.34  0.008057240762485263  -1.1464052823421106e-05
9.36  0.008087564980451002  -1.0967515981644213e-05
9.38  0.008118628069669086  -1.0481210031716953e-05
9.4  0.008150411851278194  -1.0006167597904597e-05
9.42  0.00818289790323978  -9.543412310492212e-06
9.44  0.008216067584761729  -9.093981541223668e-06
9.46  0.008249902056602901  -8.658951178752953e-06
9.48  0.008284382296432313  -8.239462373690578e-06
9.5  0.00831948910826893  -7.836749782736997e-06
9.52  0.00835520312471082  -7.452170004356857e-06
9.540000000000001  0.008391504800754599  -7.0872279491831964e-06
9.56  0.008428374398582239  -6.74359778922863e-06
9.58  0.008465791963819268  -6.423134437415389e-06
9.6  0.008503737295447913  -6.127871107825144e-06
9.620000000000001  0.008542189913526422  -5.859998836298563e-06
9.64  0.00858112903059582  -5.62182491674207e-06
9.66  0.008620533533606648  -5.415709294431247e-06
9.68  0.008660381982818493  -5.2439807820855445e-06
9.700000000000001  0.008700652632044554  -5.108838397980351e-06
9.72  0.008741323471439976  -5.012246371360001e-06
9.74  0.0087823722903589  -4.955833771131269e-06
9.76  0.008823776754685467  -4.940810199943982e-06
9.78  0.008865514491038281  -4.967907213136472e-06
9.8  0.008907563169856452  -5.037351229614523e-06
9.82  0.008949900580357086  -5.148868771477363e-06
9.84  0.008992504692495108  -5.301720194115314e-06
9.86  0.009035353703638197  -5.494754681573255e-06
9.88  0.009078426070204442  -5.726477757687332e-06
9.9  0.009121700526473705  -5.995122681248174e-06
9.92  0.009165156093881001  -6.298718571619102e-06
9.94  0.009208772084287636  -6.635150244704134e-06
9.96  0.009252528100260287  -7.002207044640956e-06
9.98  0.009296404034727198  -7.397619747467308e-06
10.0  0.009340380071735797  -7.81908594020578e-06
10.02  0.009384436689383685  -8.264285345069971e-06
10.040000000000001  0.009428554665316129  -8.730887503177326e-06
10.06  0.009472715084356438  -9.216554956697962e-06
10.08  0.009516899347238823  -9.718945401049485e-06
10.1  0.009561089179010633  -1.0235716029819657e-05
10.120000000000001  0.009605266635751088  -1.0764532273356376e-05
10.14  0.009649414108797898  -1.130308152124713e-05
10.16  0.00969351432643428  -1.184909067395389e-05
10.18  0.009737550353792479  -1.2400345044206169e-05
10.200000000000001  0.009781505592166086  -1.2954705912920425e-05
10.22  0.009825363779131383  -1.3510124596381894e-05
10.24  0.00986910899091031  -1.4064652172507433e-05
10.26  0.009912725648394852  -1.461644517581474e-05
10.28  0.009956198527980586  -1.5163768585097488e-05
10.3  0.009999512777949408  -1.5704997992324595e-05
10.32  0.010042653940464167  -1.6238622861162715e-05
10.34  0.010085607978607896  -1.6763252120664923e-05
10.36  0.010128361307089346  -1.727762215625572e-05
10.38  0.010170900824486866  -1.7780606161732258e-05
10.4  0.010213213944341114  -1.8271223422647237e-05
10.42  0.010255288622595539  -1.874864736968732e-05
10.44  0.010297113379659086  -1.9212211870791065e-05
10.46  0.010338677316426376  -1.9661415957683066e-05
10.48  0.010379970124377249  -2.009592728442444e-05
10.5  0.010420982090376538  -2.051558453131246e-05
10.52  0.010461704096928195  -2.0920398659511733e-05
10.540000000000001  0.010502127618497767  -2.1310552775175403e-05
10.56  0.010542244714233363  -2.1686400546342813e-05
10.58  0.010582048017267328  -2.2048463282816582e-05
10.6  0.010621530720828613  -2.2397425948908742e-05
10.620000000000001  0.010660686561620671  -2.2734132311220637e-05
10.64  0.01069950980098625  -2.3059579287059907e-05
10.66  0.010737995204207755  -2.3374910350569027e-05
10.68  0.01077613801810449  -2.3681407686091713e-05
10.700000000000001  0.010813933947039004  -2.398048268739361e-05
10.72  0.01085137912751777  -2.427366456036332e-05
10.74  0.010888470101712434  -2.4562586991568185e-05
10.76  0.010925203790162161  -2.4848972992235637e-05
10.78  0.010961577463660409  -2.513461809497341e-05
10.8  0.010997588714082848  -2.542137212596102e-05
10.82  0.011033235423701562  -2.571111961405242e-05
10.84  0.011068515732677564  -2.600575862617626e-05
10.86  0.011103428004862522  -2.6307177806879596e-05
10.88  0.011137970792360683  -2.6617231663530166e-05
10.9  0.011172142799569207  -2.6937714364223486e-05
10.92  0.01120594284757758  -2.72703324430985e-05
10.94  0.011239369839881599  -2.7616676967277667e-05
10.96  0.01127242273050535  -2.7978195993542978e-05
10.98  0.011305100495707023  -2.835616847824131e-05
11.0  0.01133740211058758  -2.8751680877537304e-05
11.02  0.011369326531650235  -2.9165607432761997e-05
11.040000000000001  0.01140087268568834  -2.9598594747217028e-05
11.06  0.01143203946441623  -3.0051051028603524e-05
11.08  0.011462825723759148  -3.052314036369274e-05
11.1  0.011493230286478825  -3.101478202740495e-05
11.120000000000001  0.011523251946938458  -3.152565459341693e-05
11.14  0.011552889476862357  -3.205520430306579e-05
11.16  0.011582141631165178  -3.26026570290235e-05
11.18  0.011611007153016085  -3.316703317866161e-05
11.200000000000001  0.01163948477744845  -3.3747164806981275e-05
11.22  0.01166757323289927  -3.43417141123443e-05
11.24  0.011695271240172273  -3.4949192475011644e-05
11.26  0.011722577508545625  -3.5567979460765274e-05
11.28  0.01174949072905788  -3.619634157907534e-05
11.3  0.011776009565250321  -3.68324509244785e-05
11.32  0.011802132641845434  -3.747440400981935e-05
11.34  0.011827858531928304  -3.8120240954866276e-05
11.36  0.011853185743090714  -3.876796512404315e-05
11.38  0.011878112702773532  -3.941556316244349e-05
11.4  0.011902637742699894  -4.006102575676816e-05
11.42  0.011926759082269657  -4.070237000837701e-05
11.44  0.011950474811599653  -4.133766475614103e-05
11.46  0.011973782875908515  -4.196505906553223e-05
11.48  0.01199668106260271  -4.258281146526346e-05
11.5  0.012019166990547168  -4.3189316110552044e-05
11.52  0.012041238100003578  -4.378312393661755e-05
11.540000000000001  0.012062891642981856  -4.436295920436994e-05
11.56  0.012084124675394561  -4.492773139221742e-05
11.58  0.012104934050645428  -4.547653872729274e-05
11.6  0.012125316407717027  -4.600865890066322e-05
11.620000000000001  0.012145268146431376  -4.652353528111144e-05
11.64  0.012164785400919644  -4.7020777060470827e-05
11.66  0.01218386402790291  -4.75001677631988e-05
11.68  0.012202499602911808  -4.796166125888711e-05
11.700000000000001  0.012220687414089661  -4.840536588140985e-05
11.72  0.012238422455129225  -4.8831525861764067e-05
11.74  0.012255699419271843  -4.9240502279250916e-05
11.76  0.012272512693770813  -4.9632753121520254e-05
11.78  0.012288856354200248  -5.000881264878545e-05
11.8  0.012304724158472937  -5.0369270646031985e-05
11.82  0.012320109540612424  -5.071475221343503e-05
11.84  0.012335005604280117  -5.1045898718649674e-05
11.86  0.012349405115885222  -5.1363350289336955e-05
11.88  0.012363300497098216  -5.166772999905471e-05
11.9  0.01237668381660588  -5.195962965341759e-05
11.92  0.012389546781149811  -5.223959688135147e-05
11.94  0.012401880725972004  -5.250812328915213e-05
11.96  0.012413676604984767  -5.276563360764305e-05
11.98  0.012424924981135019  -5.301247608139398e-05
12.0  0.012435616017615152  -5.3248914579616226e-05
12.02  0.012445739470579264  -5.347512303669708e-05
12.040000000000001  0.012455284683862904  -5.369118278202072e-05
12.06  0.012464240585920418  -5.389708313072824e-05
12.08  0.012472595688950929  -5.409272527202372e-05
12.1  0.012480338090210073  -5.427792913638519e-05
12.120000000000001  0.012487455475517752  -5.445244277885976e-05
12.14  0.012493935125032026  -5.461595364572267e-05
12.16  0.012499763921431251  -5.476810108133795e-05
12.18  0.012504928360566435  -5.490848935411627e-05
12.200000000000001  0.012509414564593375  -5.503670065524529e-05
12.22  0.012513208297513172  -5.5152307676972235e-05
12.24  0.012516294983389797  -5.525488559127982e-05
12.26  0.012518659728036154  -5.534402338400867e-05
12.280000000000001  0.012520287345283135  -5.541933436137944e-05
12.3  0.012521162388940767  -5.548046545986713e-05
12.32  0.012521269191364908  -5.552710498142557e-05
12.34  0.012520591909146951  -5.555898852256938e-05
12.36  0.012519114576104934  -5.557590318818017e-05
12.38  0.012516821163381877  -5.557769053748779e-05
12.4  0.01251369564621053  -5.556424906062412e-05
12.42  0.01250972207669166  -5.5535537228563775e-05
12.44  0.012504884661744972  -5.549157819878316e-05
12.46  0.012499167845230537  -5.543246695689013e-05
12.48  0.01249255639299962  -5.5358380194894164e-05
12.5  0.012485035478931837  -5.526958891121351e-05
12.52  0.012476590768986273  -5.516647350265159e-05
12.540000000000001  0.012467208499686338  -5.504954066274096e-05
12.56  0.012456875548656519  -5.491944004299925e-05
12.58  0.01244557949697017  -5.477697690644928e-05
12.6  0.012433308684094695  -5.462311653618272e-05
12.620000000000001  0.012420052255840178  -5.445897738317924e-05
12.64  0.012405800205521608  -5.428581133227704e-05
12.66  0.012390543409092488  -5.4104970473706926e-05
12.68  0.01237427365542869  -5.3917860972920954e-05
12.700000000000001  0.012356983672993605  -5.3725886652908054e-05
12.72  0.012338667153885999  -5.353038752259225e-05
12.74  0.012319318776069708  -5.333258069646944e-05
12.76  0.01229893422414069  -5.31335118376624e-05
12.780000000000001  0.012277510208230764  -5.293402372097691e-05
12.8  0.01225504447968566  -5.273474490396027e-05
12.82  0.01223153584158916  -5.253609729128592e-05
12.84  0.012206984152521009  -5.233831816833171e-05
12.86  0.012181390323110249  -5.2141490863305746e-05
12.88  0.012154756306397915  -5.194557857594511e-05
12.9  0.012127085083799803  -5.175045728595052e-05
12.92  0.012098380648318247  -5.155594568274128e-05
12.94  0.01206864798650303  -5.136183173804501e-05
12.96  0.012037893060577317  -5.1167896203192434e-05
12.98  0.012006122792132977  -5.097393324565488e-05
13.0  0.011973345048347607  -5.0779768417199265e-05
13.02  0.011939568631282965  -5.0585274140815345e-05
13.040000000000001  0.011904803270506324  -5.039038289941372e-05
13.06  0.011869059619062055  -5.019509818926115e-05
13.08  0.011832349252678207  -4.999950297042206e-05
13.1  0.011794684672047369  -4.9803765250263165e-05
13.120000000000001  0.011756079307901509  -4.9608140344927564e-05
13.14  0.011716547528574503  -4.9412969531644435e-05
13.16  0.011676104649675487  -4.921867500174492e-05
13.18  0.011634766945416741  -4.90257513174392e-05
13.200000000000001  0.011592551661096849  -4.8834753857190756e-05
13.22  0.01154947702619242  -4.8646284993098715e-05
13.24  0.01150556226739603  -4.846097888388181e-05
13.26  0.01146082762095048  -4.82794857264609e-05
13.280000000000001  0.011415294343521929  -4.810245619891202e-05
13.3  0.011368984720891682  -4.7930526670402253e-05
13.32  0.011321922073709318  -4.776430546177789e-05
13.34  0.011274130759609247  -4.760436032608677e-05
13.36  0.011225636171031797  -4.745120711063358e-05
13.38  0.011176464728178775  -4.730529954916901e-05
13.4  0.011126643866587401  -4.7167020091771336e-05
13.42  0.01107620201897988  -4.7036671708992785e-05
13.44  0.011025168591126086  -4.6914470632401166e-05
13.46  0.01097357393157223  -4.6800540081029757e-05
13.48  0.01092144929516588  -4.669490509973699e-05
13.5  0.010868826800326066  -4.659748871805346e-05
13.52  0.010815739380173542  -4.650810972983023e-05
13.540000000000001  0.010762220727913354  -4.642648238326955e-05
13.56  0.010708305237148753  -4.6352218147397206e-05
13.58  0.010654027937973178  -4.6284829695323804e-05
13.6  0.010599424429706291  -4.622373708116353e-05
13.620000000000001  0.010544530811137903  -4.6168276039997056e-05
13.64  0.010489383609002322  -4.611770825172538e-05
13.66  0.01043401970545519  -4.607123324601648e-05
13.68  0.010378476265178549  -4.6028001491797795e-05
13.700000000000001  0.010322790662758484  -4.5987128073061114e-05
13.72  0.010267000410913366  -4.594770638078806e-05
13.74  0.010211143090139067  -4.5908821320963736e-05
13.76  0.01015525628024079  -4.586956164830348e-05
13.780000000000001  0.010099377494210774  -4.582903119195581e-05
13.8  0.010043544114717117  -4.578635884567999e-05
13.82  0.009987793333294075  -4.5740707281005084e-05
13.84  0.009932162092187911  -4.5691280368760225e-05
13.86  0.009876687028665877  -4.563732941349585e-05
13.88  0.009821404421549947  -4.557815826578081e-05
13.9  0.009766350139809386  -4.5513127416498376e-05
13.92  0.009711559593097257  -4.544165718071597e-05
13.94  0.009657067684261778  -4.536323005577508e-05
13.96  0.009602908764035557  -4.527739229770785e-05
13.98  0.009549116588187724  -4.518375473978286e-05
14.0  0.00949572427738961  -4.508199276205777e-05
14.02  0.009442764280018353  -4.497184528085586e-05
14.040000000000001  0.009390268337882306  -4.485311255846698e-05
14.06  0.009338267454763358  -4.47256526798954e-05
14.08  0.009286791867491286  -4.4589376552143785e-05
14.1  0.00923587101921424  -4.4444241587757635e-05
14.120000000000001  0.009185533534559965  -4.429024434851641e-05
14.14  0.009135807196408673  -4.41274127808998e-05
14.16  0.009086718924159071  -4.3955798839451086e-05
14.18  0.009038294753488418  -4.3775472350882705e-05
14.200000000000001  0.008990559817788102  -4.3586516903180583e-05
14.22  0.008943538331557137  -4.338902831917461e-05
14.24  0.008897253576214544  -4.31831159724205e-05
14.26  0.008851727888818042  -4.296890679139448e-05
14.280000000000001  0.00880698265425688  -4.274655155368273e-05
14.3  0.00876303830132311  -4.2516232704854685e-05
14.32  0.008719914302957054  -4.227817272933556e-05
14.34  0.008677629180528014  -4.2032641905494585e-05
14.36  0.008636200511489287  -4.177996427701238e-05
14.38  0.008595644938962513  -4.152052146964635e-05
14.4  0.008555978181808616  -4.1254755276786935e-05
14.42  0.008517215045200189  -4.098317008525272e-05
14.44  0.008479369432760573  -4.070633497116764e-05
14.46  0.008442454360754643  -4.0424884777964115e-05
14.48  0.00840648197396369  -4.013952020258816e-05
14.5  0.008371463562896413  -3.985100737023443e-05
14.52  0.008337409582364508  -3.9560177343682614e-05
14.540000000000001  0.008304329671647025  -3.926792564675663e-05
14.56  0.008272232676417246  -3.897521177073164e-05
14.58  0.008241126672467724  -3.868305855360136e-05
14.6  0.008211018991360739  -3.839255129437495e-05
14.620000000000001  0.00818191624842458  -3.8104836258364544e-05
14.64  0.008153824373819526  -3.78211179105631e-05
14.66  0.008126748647173084  -3.7542654024767125e-05
14.68  0.00810069373547764  -3.7270747779681736e-05
14.700000000000001  0.00807566373305809  -3.7006736413468804e-05
14.72  0.008051662201838805  -3.6751976572489116e-05
14.74  0.008028692210320008  -3.650782697155242e-05
14.76  0.008006756370113638  -3.627562919518329e-05
14.780000000000001  0.007985856869223075  -3.6056687030138355e-05
14.8  0.00796599550013954  -3.5852242869818815e-05
14.82  0.007947173676954269  -3.566344634621601e-05
14.84  0.007929392430162704  -3.549130890967749e-05
14.86  0.00791265236887036  -3.533664457675749e-05
14.88  0.007896953616253557  -3.5200009738151395e-05
14.9  0.007882295744365702  -3.508165818325876e-05
14.92  0.007868677735084866  -3.498151490221579e-05
14.94  0.007856097976743054  -3.489916186545793e-05
14.96  0.007844554292800104  -3.483383183137449e-05
14.98  0.007834043993210681  -3.4784411734089095e-05
15.0  0.007824563932057247  -3.47494571766446e-05
15.02  0.007816110548661721  -3.472721699079325e-05
15.040000000000001  0.007808679872629999  -3.4715666982476427e-05
15.06  0.007802267487913  -3.471255506956171e-05
15.08  0.0077968684703727115  -3.4715463162330675e-05
15.1  0.007792477328535576  -3.472189106446504e-05
15.120000000000001  0.007789087982047285  -3.472936238226059e-05
15.14  0.007786693804517995  -3.4735543278310426e-05
15.16  0.007785287738670467  -3.473835512171813e-05
15.18  0.007784862467146167  -3.473605700364301e-05
15.200000000000001  0.007785410600609733  -3.472727773291462e-05
15.22  0.007786924835526194  -3.471098960112634e-05
15.24  0.007789398042006446  -3.468643327583242e-05
15.26  0.007792823264502012  -3.465301699173698e-05
15.280000000000001  0.007797193644334248  -3.461021796468697e-05
15.3  0.007802502292125272  -3.455750875440391e-05
15.32  0.0078087421443062376  -3.449432017680788e-05
15.34  0.007815905832331816  -3.442004088181761e-05
15.36  0.007823985581812794  -3.4334045753980276e-05
15.38  0.007832973147269408  -3.423574208131443e-05
15.4  0.00784285978033471  -3.412462294538098e-05
15.42  0.00785363622561059  -3.400031972515008e-05
15.44  0.007865292738028492  -3.386264844031275e-05
15.46  0.007877819116493563  -3.371164678559232e-05
15.48  0.007891204749412236  -3.35475998966308e-05
15.5  0.007905438667726547  -3.3371053347363646e-05
15.52  0.007920509600768934  -3.3182812445955044e-05
15.540000000000001  0.0079364060301057  -3.298392799000418e-05
15.56  0.007953116237126752  -3.27756700239462e-05
15.58  0.007970628341459014  -3.2559492093155745e-05
15.6  0.007988930328899014  -3.2336988873251686e-05
15.620000000000001  0.008008010069136772  -3.210984960630897e-05
15.64  0.008027855324731976  -3.187980910826228e-05
15.66  0.008048453753462796  -3.16485975767042e-05
15.68  0.00806979290624886  -3.141789037076608e-05
15.700000000000001  0.008091860222337103  -3.118925920095545e-05
15.72  0.008114643022562939  -3.09641265476234e-05
15.74  0.008138128500527895  -3.0743725624795886e-05
15.76  0.008162303710901432  -3.052906844988682e-05
15.780000000000001  0.008187155553960743  -3.0320924610716944e-05
15.8  0.00821267075611069  -3.0119812680724766e-05
15.82  0.008238835847071744  -2.9926005067128813e-05
15.84  0.00826563713548607  -2.9739545639128665e-05
15.860000000000001  0.008293060685349891  -2.9560277979100907e-05
15.88  0.008321092295885454  -2.9387880991780126e-05
15.9  0.008349717487006345  -2.922190808995423e-05
15.92  0.008378921491613029  -2.9061826261797865e-05
15.94  0.008408689254788548  -2.890705217184928e-05
15.96  0.008439005439022927  -2.8756983661573768e-05
15.98  0.008469854434278765  -2.8611026149965285e-05
16.0  0.008501220371781994  -2.846861420093417e-05
16.02  0.008533087140779418  -2.8329228886913653e-05
16.04  0.008565438407641715  -2.8192411641142658e-05
16.06  0.008598257636918998  -2.805777520977611e-05
16.080000000000002  0.00863152811399245  -2.7925012151157374e-05
16.1  0.008665232969026429  -2.7793901168617945e-05
16.12  0.00869935520189543  -2.7664311464076533e-05
16.14  0.008733877707709744  -2.7536205200169396e-05
16.16  0.008768783302466913  -2.7409638090051952e-05
16.18  0.008804054748374864  -2.7284758073642537e-05
16.2  0.008839674778400334  -2.716180197090926e-05
16.22  0.008875626119673682  -2.7041090083303092e-05
16.240000000000002  0.008911891515443682  -2.692301876855188e-05
16.26  0.008948453745326502  -2.6808051206977323e-05
16.28  0.008985295643553519  -2.6696706725422212e-05
16.3  0.009022400114971497  -2.658954912724847e-05
16.32  0.009059750148560648  -2.6487174532239476e-05
16.34  0.009097328828385402  -2.6390199187893115e-05
16.36  0.009135119342079433  -2.6299247596236408e-05
16.38  0.009173104987250491  -2.621494105207165e-05
16.4  0.009211269176400284  -2.6137886442943833e-05
16.42  0.009249595441092516  -2.606866492439861e-05
16.44  0.009288067435956445  -2.6007820158985418e-05
16.46  0.009326668942903332  -2.5955845958351297e-05
16.48  0.009365383875576618  -2.5913173574363498e-05
16.5  0.009404196284049728  -2.58801591398749e-05
16.52  0.009443090359691013  -2.5857071918201727e-05
16.54  0.009482050440263115  -2.5844084014071618e-05
16.56  0.00952106101533843  -2.584126204458152e-05
16.580000000000002  0.009560106732122538  -2.5848561087119634e-05
16.6  0.00959917240183497  -2.5865821048574656e-05
16.62  0.009638243006771907  -2.589276545272907e-05
16.64  0.00967730370824616  -2.592900257998781e-05
16.66  0.009716339855531924  -2.5974028927767444e-05
16.68  0.00975533699590298  -2.6027234892802488e-05
16.7  0.00979428088572963  -2.608791257364132e-05
16.72  0.009833157502501366  -2.6155265541083343e-05
16.740000000000002  0.009871953057622266  -2.6228420393222167e-05
16.76  0.009910654009750868  -2.6306439845468467e-05
16.78  0.009949247078561523  -2.638833710231343e-05
16.8  0.009987719258818013  -2.647309118908905e-05
16.82  0.010026057834723682  -2.6559662896723998e-05
16.84  0.010064250394548049  -2.664701102365995e-05
16.86  0.010102284845509577  -2.673410869785634e-05
16.88  0.010140149428882294  -2.6819959651075993e-05
16.9  0.010177832735272055  -2.6903614411728163e-05
16.92  0.010215323719912668  -2.6984186331309104e-05
16.94  0.01025261171774271  -2.7060867281662738e-05
16.96  0.010289686457921884  -2.7132942922978644e-05
16.98  0.01032653807762119  -2.719980761597015e-05
17.0  0.010363157134999726  -2.726097909159122e-05
17.02  0.01039953462117439  -2.731611274572749e-05
17.04  0.01043566197082789  -2.7365015177187675e-05
17.06  0.010471531071072904  -2.74076565204098e-05
17.080000000000002  0.010507134268317418  -2.744418113505679e-05
17.1  0.010542464372899558  -2.747491627251142e-05
17.12  0.01057751466114795  -2.7500378275402265e-05
17.14  0.010612278874427724  -2.75212757636106e-05
17.16  0.010646751214758046  -2.7538509328462828e-05
17.18  0.010680926336671956  -2.755316720745833e-05
17.2  0.010714799334993629  -2.7566516403070723e-05
17.22  0.010748365728343775  -2.757998846613304e-05
17.240000000000002  0.010781621438358317  -2.7595159048005403e-05
17.26  0.010814562764902167  -2.7613720070650362e-05
17.28  0.010847186357785773  -2.763744315874344e-05
17.3  0.010879489185613498  -2.766813280293057e-05
17.32  0.010911468502640206  -2.7707567538454496e-05
17.34  0.010943121814575995  -2.7757427557191304e-05
17.36  0.010974446844535421  -2.781920773304278e-05
17.38  0.011005441500013256  -2.789411627758632e-05
17.400000000000002  0.011036103841075342  -2.7982961548213425e-05
17.42  0.011066432048817552  -2.808603283238309e-05
17.44  0.011096424391888461  -2.820298490060351e-05
17.46  0.011126079187870595  -2.8332740177307923e-05
17.48  0.011155394755784557  -2.8473425416565527e-05
17.5  0.011184369356625305  -2.862236071163601e-05
17.52  0.011213001121102805  -2.8776115817741238e-05
17.54  0.011241287967690103  -2.8930641592954487e-05
17.56  0.011269227519233406  -2.9081473009687698e-05
17.580000000000002  0.011296817030937793  -2.922398695301424e-05
17.6  0.011324053344506877  -2.935368588227253e-05
17.62  0.01135093288064127  -2.9466471011641994e-05
17.64  0.011377451675567331  -2.9558870009241953e-05
17.66  0.011403605459250078  -2.9628195380657482e-05
17.68  0.01142938976552376  -2.9672624948903825e-05
17.7  0.011454800059345696  -2.9691208722500286e-05
17.72  0.011479831864521636  -2.9683815437736944e-05
17.740000000000002  0.011504480876954881  -2.9651037090577264e-05
17.76  0.011528743052846008  -2.9594070866264522e-05
17.78  0.011552614666764105  -2.9514595112319134e-05
17.8  0.011576092339429583  -2.9414651251917418e-05
17.82  0.011599173038676138  -2.929653833840858e-05
17.84  0.011621854059022097  -2.9162722767943622e-05
17.86  0.011644132985901851  -2.9015763030262918e-05
17.88  0.011666007650204162  -2.8858248036908867e-05
17.900000000000002  0.011687476077758803  -2.8692746886113008e-05
17.92  0.011708536437055907  -2.852176763282517e-05
17.94  0.011729186986991222  -2.8347723060923298e-05
17.96  0.011749426025608155  -2.817290248086054e-05
17.98  0.011769251840683455  -2.799944917460419e-05
18.0  0.011788662662910869  -2.7829342836365143e-05
18.02  0.011807656621783812  -2.766438601107825e-05
18.04  0.011826231703418347  -2.7506193721432254e-05
18.06  0.011844385708952077  -2.7356186664692357e-05
18.080000000000002  0.011862116213082573  -2.7215589354655067e-05
18.1  0.011879420525352164  -2.7085432615348126e-05
18.12  0.01189629565785277  -2.696655461080965e-05
18.14  0.011912738297189925  -2.6859596353571656e-05
18.16  0.011928744774866013  -2.676499729063431e-05
18.18  0.01194431103595649  -2.6682996682884946e-05
18.2  0.011959432609526203  -2.661363880039281e-05
18.22  0.011974104582191492  -2.6556779159707787e-05
18.240000000000002  0.011988321575375604  -2.651209209371585e-05
18.26  0.01200207772816047  -2.6479080982731804e-05
18.28  0.012015366689151128  -2.6457091957547836e-05
18.3  0.012028181621385291  -2.6445330691405674e-05
18.32  0.012040515222299878  -2.6442880021402635e-05
18.34  0.012052359756050058  -2.6448714539506792e-05
18.36  0.012063707090172395  -2.646170868980537e-05
18.38  0.01207454872705325  -2.6480637738238087e-05
18.400000000000002  0.012084875825023813  -2.65041747603575e-05
18.42  0.012094679210869163  -2.653088869084599e-05
18.44  0.012103949390142126  -2.6559247336092587e-05
18.46  0.01211267656152563  -2.658762675748055e-05
18.48  0.012120850638473294  -2.6614326224934313e-05
18.5  0.0121284612781297  -2.663758713437201e-05
18.52  0.012135497915826807  -2.6655614342663483e-05
18.54  0.012141949803004147  -2.6666598857356054e-05
18.56  0.012147806046843035  -2.6668741023331638e-05
18.580000000000002  0.012153055650518883  -2.6660273437428697e-05
18.6  0.012157687553426357  -2.6639482825717325e-05
18.62  0.012161690670867387  -2.6604730248541925e-05
18.64  0.012165053932663384  -2.655446932811623e-05
18.66  0.012167766320094406  -2.648726250382381e-05
18.68  0.012169816900697997  -2.640179549813124e-05
18.7  0.012171194860683547  -2.6296890129505546e-05
18.72  0.012171889535015945  -2.617151541894193e-05
18.740000000000002  0.012171890435364477  -2.6024796787177765e-05
18.76  0.012171187276203843  -2.585602314832e-05
18.78  0.012169769999201623  -2.5664651732588826e-05
18.8  0.012167628795955716  -2.545031060089129e-05
18.82  0.01216475412910177  -2.5212798875605965e-05
18.84  0.01216113675185974  -2.495208484394157e-05
18.86  0.012156767726132481  -2.4668302234336362e-05
18.88  0.012151638439192449  -2.4361745058231256e-05
18.900000000000002  0.012145740618993815  -2.4032861344276445e-05
18.92  0.012139066348182223  -2.3682245970486127e-05
18.94  0.012131608076925286  -2.3310632693183908e-05
18.96  0.012123358634774312  -2.2918885472952732e-05
18.98  0.012114311241716995  -2.2507989208953628e-05
19.0  0.01210445951856765  -2.207904008156477e-05
19.02  0.012093797496893377  -2.163323569888542e-05
19.04  0.012082319628721418  -2.1171865210558595e-05
19.06  0.01207002079639894  -2.069629944706365e-05
19.080000000000002  0.012056896322984284  -2.0207980946257933e-05
19.1  0.012042941983453239  -1.9708413664863226e-05
19.12  0.01202815401686658  -1.919915201621036e-05
19.14  0.012012529139415074  -1.8681788960014286e-05
19.16  0.01199606455807127  -1.815794295341595e-05
19.18  0.011978757984443388  -1.7629243936897188e-05
19.2  0.011960607648544093  -1.7097318753324722e-05
19.22  0.011941612312537436  -1.6563776543513236e-05
19.240000000000002  0.011921771284832162  -1.6030194589552883e-05
19.26  0.01190108443498351  -1.5498104949403077e-05
19.28  0.011879552209763541  -1.4968982212596834e-05
19.3  0.011857175650555333  -1.4444232622089373e-05
19.32  0.01183395641220265  -1.3925184813515152e-05
19.34  0.011809896783282002  -1.3413082287354287e-05
19.36  0.011784999707706304  -1.2909077673318306e-05
19.38  0.011759268807449326  -1.2414228691250516e-05
19.400000000000002  0.01173270840609895  -1.1929495716991466e-05
19.42  0.011705323552870194  -1.1455740587745556e-05
19.44  0.01167712004673555  -1.099372624765527e-05
19.46  0.011648104460277661  -1.0544116718603001e-05
19.48  0.011618284162903605  -1.0107476959177769e-05
19.5  0.011587667343003179  -9.684272473211981e-06
19.52  0.011556263028683065  -9.274868776073878e-06
19.54  0.011524081106704432  -8.879531069957402e-06
19.56  0.01149113233937884  -8.498424549648006e-06
19.580000000000002  0.011457428379183034  -8.13161561254646e-06
19.6  0.011422981780887038  -7.77907412923351e-06
19.62  0.011387806011027537  -7.440676762195948e-06
19.64  0.011351915454526186  -7.1162111480108725e-06
19.66  0.011315325418276083  -6.805380716465072e-06
19.68  0.01127805213152264  -6.5078098667159976e-06
19.7  0.011240112742880308  -6.223049263722952e-06
19.72  0.011201525313851138  -5.950581031461814e-06
19.740000000000002  0.01116230880874301  -5.6898237503230525e-06
19.76  0.011122483080893536  -5.440137217271818e-06
19.78  0.011082068855131133  -5.200827050652516e-06
19.8  0.011041087706422797  -4.971149277304693e-06
19.82  0.010999562034622608  -4.750315080822363e-06
19.84  0.010957515035266431  -4.537495915473167e-06
19.86  0.010914970666374679  -4.331829132701546e-06
19.88  0.010871953611279178  -4.132424225112635e-06
19.900000000000002  0.01082848923750404  -3.9383697303436535e-06
19.92  0.01078460355178745  -3.7487407784956486e-06
19.94  0.010740323151349157  -3.5626072021486137e-06
19.96  0.010695675171601238  -3.3790421065145736e-06
19.98  0.010650687230568674  -3.1971307157367188e-06
20.0  0.010605387370457431  -3.01597927899473e-06
20.02  0.010559803996953316  -2.834723839108987e-06
20.04  0.0105139658169371  -2.652538681953037e-06
20.06  0.010467901775390564  -2.4686443444583307e-06
20.080000000000002  0.01042164099231314  -2.2823151595513183e-06
20.1  0.010375212700502902  -2.0928863284754433e-06
20.12  0.01032864618506069  -1.899760530782516e-06
20.14  0.010281970725492619  -1.7024140127029912e-06
20.16  0.010235215541276613  -1.500402045754242e-06
20.18  0.010188409741666675  -1.2933635758561613e-06
20.2  0.010141582280281867  -1.0810248429796178e-06
20.22  0.01009476191464866  -8.632017851573953e-07
20.240000000000002  0.010047977170489338  -6.398011523687043e-07
20.26  0.010001256310232114  -4.108203913298697e-07
20.28  0.009954627305137692  -1.7634651668830837e-07
20.3  0.009908117810564396  6.34457401860834e-08
20.32  0.009861755144101595  3.082963326286466e-07
20.34  0.00981556626642898  5.578626919275905e-07
20.36  0.009769577764762978  8.117229494334449e-07
20.38  0.00972381583871447  1.069379433374151e-06
20.400000000000002  0.00967830628835527  1.330262372077778e-06
20.42  0.009633074504260637  1.593733608540394e-06
20.44  0.009588145459278745  1.8590901582868458e-06
20.46  0.009543543701700161  2.125567369485748e-06
20.48  0.009499293349466253  2.3923414501241837e-06
20.5  0.00945541808504389  2.658531103316881e-06
20.52  0.009411941150720488  2.9231980859676377e-06
20.54  0.00936888534416847  3.1853468968605657e-06
20.56  0.009326273014208308  3.4439240813630694e-06
20.580000000000002  0.009284126056855312  3.6978181904234857e-06
20.6  0.009242465911955725  3.9458619069136185e-06
20.62  0.009201313561320043  4.186838526981005e-06
20.64  0.009160689530027832  4.419495510182666e-06
20.66  0.009120613893589882  4.642567894512371e-06
20.68  0.009081106294248601  4.854813182958451e-06
20.7  0.00904218596953023  5.055055795960007e-06
20.72  0.009003871793947738  5.24223300316075e-06
20.740000000000002  0.008966182329442966  5.415426422518588e-06
20.76  0.008929135871935294  5.57385875085697e-06
20.78  0.008892750472742076  5.716841522924831e-06
20.8  0.008857043911155335  5.843680621346621e-06
20.82  0.008822033604148023  5.953573245554627e-06
20.84  0.008787736460758743  6.045542659939354e-06
20.86  0.008754168710408617  6.118440236691538e-06
20.88  0.008721345742049599  6.1710084811224365e-06
20.900000000000002  0.008689281980546991  6.201971712657814e-06
20.92  0.008657990807077942  6.210119966960096e-06
20.94  0.008627484514470544  6.194368674972043e-06
20.96  0.008597774283336572  6.153794223122385e-06
20.98  0.008568870168741203  6.087653645332099e-06
21.0  0.008540781094446505  5.995396137352263e-06
21.02  0.008513514857230167  5.876669840128476e-06
21.04  0.00848707814578658  5.731323769055199e-06
21.06  0.008461476577778687  5.5594034789182945e-06
21.080000000000002  0.008436714756336932  5.361140002685113e-06
21.1  0.008412796344990734  5.136933351160973e-06
21.12  0.0083897241586647  4.88733290804735e-06
21.14  0.008367500268085087  4.613016507712882e-06
21.16  0.00834612611558841  4.314768104021379e-06
21.18  0.008325602640443075  3.993452854905184e-06
21.2  0.008305930409744597  3.649989027540206e-06
21.22  0.008287109747127583  3.2853176160622824e-06
21.240000000000002  0.008269140848425368  2.900371753495164e-06
21.26  0.00825202387392051  2.4960488565119633e-06
21.28  0.008235759010654573  2.073189076986556e-06
21.3  0.008220346503988247  1.6325636309706352e-06
21.32  0.008205786662487244  1.1748762211772455e-06
21.34  0.008192079842898036  7.007799688287102e-07
21.36  0.008179226421372076  2.109097503694317e-07
21.38  0.008167226754461864  -2.9407661183119876e-07
21.400000000000002  0.008156081131802778  -8.134622444554545e-07
21.42  0.008145789723954754  -1.3464529723705268e-06
21.44  0.008136352531088242  -1.8921764478567612e-06
21.46  0.008127769336997118  -2.4496869466023204e-06
21.48  0.008120039669000208  -3.017967197549422e-06
21.5  0.008113162761630639  -3.595927692368781e-06
21.52  0.008107137522029849  -4.18240757550554e-06
21.54  0.008101962497133255  -4.776179513356619e-06
21.56  0.008097635845335368  -5.375958797624241e-06
21.580000000000002  0.008094155316165705  -5.98041574713985e-06
21.6  0.008091518239640858  -6.5881902131802815e-06
21.62  0.008089721523927649  -7.1979070401059124e-06
21.64  0.008088761658079131  -7.80819150140384e-06
21.66  0.008088634716886358  -8.417684070716852e-06
21.68  0.008089336366333851  -9.02505403602794e-06
21.7  0.008090861869563077  -9.62901175965384e-06
21.72  0.008093206094038383  -1.0228319427787472e-05
21.740000000000002  0.008096363520707925  -1.0821800142192585e-05
21.76  0.008100328255766998  -1.1408345251199384e-05
21.78  0.008105094045194614  -1.1986919782927106e-05
21.8  0.008110654291926369  -1.2556566029477334e-05
21.82  0.008117002075183479  -1.3116405522419343e-05
21.84  0.008124130171386947  -1.3665639919511368e-05
21.86  0.008132031076060853  -1.4203551527239019e-05
21.88  0.008140697026242313  -1.4729504218106518e-05
21.900000000000002  0.00815012002299819  -1.5242945179630832e-05
21.92  0.008160291853589206  -1.5743407501716793e-05
21.94  0.008171204112627586  -1.623051319626458e-05
21.96  0.008182848221423492  -1.6703976065362655e-05
21.98  0.008195215444655927  -1.716360392378948e-05
22.0  0.00820829690362877  -1.7609299866426656e-05
22.02  0.00822208358562118  -1.804106244996975e-05
22.04  0.008236566349105974  -1.8458984775002994e-05
22.06  0.008251735924896074  -1.8863252484225075e-05
22.080000000000002  0.008267582913468047  -1.9254140741519668e-05
22.1  0.008284097778863844  -1.9632010192595192e-05
22.12  0.008301270839697355  -1.9997301991577556e-05
22.14  0.00831909225788555  -2.0350531915475147e-05
22.16  0.008337552025781318  -2.0692283641764902e-05
22.18  0.008356639952397058  -2.102320119589713e-05
22.2  0.008376345649396834  -2.1343980592678463e-05
22.22  0.008396658517500643  -2.1655360644801666e-05
22.240000000000002  0.008417567733863422  -2.195811298678967e-05
22.26  0.008439062240903624  -2.22530314142244e-05
22.28  0.008461130737027638  -2.2540920659020904e-05
22.3  0.008483761669620574  -2.2822584747692954e-05
22.32  0.00850694323064698  -2.3098815015877478e-05
22.34  0.008530663355176531  -2.3370377908324874e-05
22.36  0.008554909723047843  -2.363800274321941e-05
22.38  0.008579669763787328  -2.390236971410133e-05
22.400000000000002  0.00860493066476211  -2.416409848889621e-05
22.42  0.008630679382373973  -2.4423737676006725e-05
22.44  0.008656902656079086  -2.468175536902615e-05
22.46  0.008683587024968084  -2.4938530752547256e-05
22.48  0.008710718846717628  -2.519434656525787e-05
22.5  0.008738284318809415  -2.5449382213755915e-05
22.52  0.00876626950179296  -2.570370750828708e-05
22.54  0.008794660344075863  -2.5957277518429433e-05
22.56  0.008823442707367743  -2.6209929328979645e-05
22.580000000000002  0.00885260239173618  -2.646138139091801e-05
22.6  0.008882125159533237  -2.671123563172574e-05
22.62  0.008911996757748557  -2.695898213428776e-05
22.64  0.008942202938579925  -2.7204006060789314e-05
22.66  0.008972729478017805  -2.744559658316012e-05
22.68  0.009003562192245788  -2.7682957492897354e-05
22.7  0.00903468695165024  -2.7915219173568044e-05
22.72  0.009066089692315274  -2.8141451573542642e-05
22.740000000000002  0.009097756424928041  -2.8360677735482958e-05
22.76  0.009129673240929038  -2.8571887374018068e-05
22.78  0.009161826315232909  -2.877405009789966e-05
22.8  0.009194201904253064  -2.8966128886276208e-05
22.82  0.009226786338079147  -2.9147095453747073e-05
22.84  0.009259566006635724  -2.931594858838637e-05
22.86  0.009292527340438563  -2.94717346714721e-05
22.88  0.009325656787156819  -2.9613568764074205e-05
22.900000000000002  0.00935894078674088  -2.974065563572915e-05
22.92  0.009392365750211979  -2.9852310969545888e-05
22.94  0.009425918047993045  -2.9947982084437295e-05
22.96  0.00945958401099043  -3.002726571958511e-05
22.98  0.009493349942487945  -3.0089919503199194e-05
23.0  0.009527202134649373  -3.0135864824255698e-05
23.02  0.009561126882966793  -3.0165181347370748e-05
23.04  0.009595110495061138  -3.0178095516802104e-05
23.06  0.009629139294079513  -3.01749659240946e-05
23.080000000000002  0.009663199619422006  -3.0156267648394578e-05
23.1  0.009697277828097995  -3.0122576499218068e-05
23.12  0.009731360299456412  -3.0074553255125046e-05
23.14  0.009765433445103278  -3.0012927698472976e-05
23.16  0.00979948372504945  -2.993848236646601e-05
23.18  0.009833497670429148  -2.9852036160075458e-05
23.2  0.009867461912663003  -2.9754428261144226e-05
23.22  0.00990136321838233  -2.964650295955554e-05
23.240000000000002  0.009935188529092068  -2.9529096033492537e-05
23.26  0.009968925004129653  -2.9403023285492756e-05
23.28  0.010002560065270704  -2.926907165673213e-05
23.3  0.010036081441234308  -2.9127993171310998e-05
23.32  0.010069477210335956  -2.8980501707321023e-05
23.34  0.010102735839765403  -2.8827272408909574e-05
23.36  0.010135846220232668  -2.8668943413244207e-05
23.38  0.010168797695085306  -2.850611947733707e-05
23.400000000000002  0.010201580083346963  -2.8339377069752525e-05
23.42  0.010234183696382668  -2.816927051853747e-05
23.44  0.010266599348090707  -2.799633886058594e-05
23.46  0.010298818358556299  -2.782111304813813e-05
23.48  0.010330832551275107  -2.764412320711488e-05
23.5  0.010362634244204028  -2.7465905595681688e-05
23.52  0.01039421623510583  -2.7287008935670087e-05
23.54  0.010425571781801899  -2.710799978408539e-05
23.56  0.010456694577995286  -2.6929466717323665e-05
23.580000000000002  0.010487578725329674  -2.6752023193562943e-05
23.6  0.010518218702415627  -2.6576309041191446e-05
23.62  0.010548609331657306  -2.640299045192686e-05
23.64  0.010578745744892672  -2.623275824256356e-05
23.66  0.010608623348785715  -2.6066324226950922e-05
23.68  0.010638237790743679  -2.590441574729348e-05
23.7  0.010667584925911928  -2.574776859774872e-05
23.72  0.010696660785824158  -2.559711867067775e-05
23.740000000000002  0.01072546154922731  -2.545319257379155e-05
23.76  0.010753983515568237  -2.531669743776557e-05
23.78  0.010782223081436372  -2.5188310127512314e-05
23.8  0.010810176720051282  -2.5068666086666358e-05
23.82  0.010837840963803151  -2.495834814928173e-05
23.84  0.01086521238980873  -2.485787575666937e-05
23.86  0.010892287608557885  -2.4767694940664664e-05
23.88  0.010919063255638095  -2.468816945091249e-05
23.900000000000002  0.010945535986414477  -2.461957321674425e-05
23.92  0.01097170247330968  -2.4562084326594945e-05
23.94  0.010997559405307321  -2.4515780664732143e-05
23.96  0.011023103489246322  -2.44806372301662e-05
23.98  0.011048331452508345  -2.445652522417896e-05
24.0  0.01107324004662622  -2.4443212967788962e-05
24.02  0.011097826051271477  -2.4440368721413963e-05
24.04  0.011122086278158149  -2.4447565497098016e-05
24.060000000000002  0.011146017574483125  -2.446428784871211e-05
24.080000000000002  0.011169616825591101  -2.4489940656544467e-05
24.1  0.011192880956615438  -2.4523859730249383e-05
24.12  0.011215806932811007  -2.4565323880745455e-05
24.14  0.011238391758478529  -2.4613567905919847e-05
24.16  0.011260632474555499  -2.4667796064666687e-05
24.18  0.01128252615476484  -2.4727195548285608e-05
24.2  0.011304069899962592  -2.4790949566209752e-05
24.22  0.011325260830106754  -2.4858249629423355e-05
24.240000000000002  0.011346096073966052  -2.4928306562180707e-05
24.26  0.011366572757382773  -2.500035955928146e-05
24.28  0.011386687990655666  -2.5073682954889255e-05
24.3  0.011406438854788035  -2.5147590725276215e-05
24.32  0.011425822386567  -2.5221438772548925e-05
24.34  0.011444835562962195  -2.5294625004047383e-05
24.36  0.011463475285493605  -2.536658713895073e-05
24.38  0.0114817383650136  -2.5436798401077563e-05
24.400000000000002  0.011499621507067742  -2.5504761590237115e-05
24.42  0.01151712129812944  -2.5570002453536307e-05
24.44  0.01153423419323183  -2.5632063135169403e-05
24.46  0.011550956505730705  -2.569049582271933e-05
24.48  0.011567284399550602  -2.5744856287500924e-05
24.5  0.011583213883928177  -2.5794697165428378e-05
24.52  0.011598740810461526  -2.5839561135281803e-05
24.54  0.011613860872158686  -2.587897417407726e-05
24.560000000000002  0.011628569603680805  -2.591243931021587e-05
24.580000000000002  0.011642862380852291  -2.5939432167926605e-05
24.6  0.011656734417017773  -2.5959401796278503e-05
24.62  0.011670180759037982  -2.597177882182776e-05
24.64  0.011683196293766032  -2.5975981362975673e-05
24.66  0.011695775764604534  -2.5971406802863218e-05
24.68  0.011707913780097943  -2.595742221729864e-05
24.7  0.011719604812179632  -2.5933367987179022e-05
24.72  0.011730843195489622  -2.58985667520814e-05
24.740000000000002  0.011741623130584427  -2.5852329983653902e-05
24.76  0.011751938688862804  -2.5793962912121226e-05
24.78  0.011761783818443564  -2.5722769556109543e-05
24.8  0.011771152351228513  -2.5638058326913592e-05
24.82  0.011780038011402904  -2.5539148258893884e-05
24.84  0.011788434425425544  -2.5425375860803484e-05
24.86  0.011796335133301302  -2.5296102451855796e-05
24.88  0.011803733600850425  -2.515072173800617e-05
24.900000000000002  0.011810623232662723  -2.4988667339953837e-05
24.92  0.011816997385474428  -2.480942007995895e-05
24.94  0.011822849381698499  -2.4612514966603998e-05
24.96  0.011828172522731694  -2.4397547693548544e-05
24.98  0.011832960101725949  -2.4164180578199113e-05
25.0  0.011837205415636584  -2.3912147947712028e-05
25.02  0.011840901776495974  -2.3641261108251946e-05
25.04  0.011844042522027079  -2.3351413018945048e-05
25.060000000000002  0.011846621025801462  -2.3042582588478213e-05
25.080000000000002  0.011848630707184284  -2.2714838415456896e-05
25.1  0.011850065041263836  -2.2368341595062512e-05
25.12  0.011850917568814458  -2.2003347335169757e-05
25.14  0.011851181906235643  -2.1620205316023758e-05
25.16  0.011850851755351555  -2.1219358895180306e-05
25.18  0.011849920913063777  -2.0801343398852942e-05
25.2  0.011848383280806677  -2.0366783778665387e-05
25.22  0.01184623287373731  -1.991639183763448e-05
25.240000000000002  0.01184346382955107  -1.9450963211802397e-05
25.26  0.011840070416806743  -1.897137422692382e-05
25.28  0.011836047042660761  -1.847857872021774e-05
25.3  0.011831388259990082  -1.7973604841616366e-05
25.32  0.011826088773902422  -1.74575517752429e-05
25.34  0.011820143447754056  -1.6931586162429614e-05
25.36  0.011813547308834712  -1.6396937936570605e-05
25.38  0.011806295554023696  -1.5854895237030023e-05
25.400000000000002  0.011798383555818049  -1.5306798199846153e-05
25.42  0.011789806869091455  -1.4754031616839422e-05
25.44  0.011780561238952577  -1.4198016480565043e-05
25.46  0.011770642609910727  -1.364020061233826e-05
25.48  0.01176004713647838  -1.3082048465429252e-05
25.5  0.011748771195243706  -1.2525030313276838e-05
25.52  0.01173681139843936  -1.197061094943971e-05
25.54  0.01172416460912122  -1.1420238042329057e-05
25.560000000000002  0.011710827958030074  -1.0875330083018895e-05
25.580000000000002  0.011696798862370673  -1.033726386159325e-05
25.6  0.01168207504661061  -9.80736139312711e-06
25.62  0.011666654565514595  -9.286876411166491e-06
25.64  0.011650535829474784  -8.776980731598812e-06
25.66  0.011633717632170143  -8.27875098022281e-06
25.68  0.011616199180437074  -7.793156253805013e-06
25.7  0.011597980126064689  -7.321047307736916e-06
25.72  0.0115790605991088  -6.863147744044106e-06
25.740000000000002  0.01155944124208798  -6.420047419066005e-06
25.76  0.011539123244300972  -5.992197804219865e-06
25.78  0.011518108375517805  -5.579908898474509e-06
25.8  0.011496399018556197  -5.1833475815021115e-06
25.82  0.011473998200624051  -4.802538088326642e-06
25.84  0.011450909623385564  -4.4373656362992274e-06
25.86  0.011427137691482427  -4.087583715672101e-06
25.88  0.011402687538839494  -3.7528247724506643e-06
25.900000000000002  0.011377565051925966  -3.4326136174915253e-06
25.92  0.011351776889342736  -3.12638302924049e-06
25.94  0.01132533049722219  -2.833491266172841e-06
25.96  0.011298234120084225  -2.5532412199227603e-06
25.98  0.011270496806825752  -2.2849009992283616e-06
26.0  0.011242128411596093  -2.027725587583951e-06
26.02  0.011213139589407978  -1.780979135053052e-06
26.04  0.011183541786377406  -1.5439573927013386e-06
26.060000000000002  0.011153347224644254  -1.316009703034624e-06
26.080000000000002  0.011122568882127447  -1.0965599236224644e-06
26.1  0.011091220467437025  -8.851256046784263e-07
26.12  0.011059316390368463  -6.813347927556658e-07
26.14  0.011026871728670532  -4.849398662244025e-07
26.16  0.010993902191865598  -2.958279173464637e-07
26.18  0.010960424082977772  -1.1402738477432566e-07
26.2  0.010926454258967275  6.028934993126051e-08
26.22  0.010892010090556101  2.268076303987569e-07
26.240000000000002  0.010857109422179755  3.8507670534962854e-07
26.26  0.010821770532865566  5.345204655339257e-07
26.28  0.010786012098938081  6.744524611736857e-07
26.3  0.010749853159365014  8.040944134637268e-07
26.32  0.010713313084270953  9.225970844962932e-07
26.34  0.0106764115465024  1.0290623020076916e-06
26.36  0.010639168495799064  1.1225653662790084e-06
26.38  0.010601604135074544  1.202177298748317e-06
26.400000000000002  0.010563738898540715  1.2669863597831235e-06
26.42  0.010525593431430428  1.3161181287896781e-06
26.44  0.010487188571014494  1.348753399908689e-06
26.46  0.01044854532851541  1.3641433376959504e-06
26.48  0.010409684871564826  1.3616214908591667e-06
26.5  0.010370628506882883  1.3406124913231969e-06
26.52  0.010331397662950489  1.3006375009534389e-06
26.54  0.010292013872568439  1.241316708767302e-06
26.560000000000002  0.010252498755159049  1.1623693132589524e-06
26.580000000000002  0.010212873998808486  1.0636115924743283e-06
26.6  0.010173161342017241  9.449535856303187e-07
26.62  0.010133382555218704  8.063948154880434e-07
26.64  0.010093559422226327  6.48019332969446e-07
26.66  0.010053713721871842  4.6999021396363097e-07
26.68  0.010013867210297615  2.7254356197054843e-07
26.7  0.00997404160447162  5.598192144779237e-08
26.72  0.009934258567473014  -1.7933298108879046e-07
26.740000000000002  0.009894539696019982  -4.329882102065449e-07
26.76  0.009854906510515344  -7.045281554674321e-07
26.78  0.009815380447718158  -9.934633032268366e-07
26.8  0.009775982855775316  -1.2992787708578981e-06
26.82  0.009736734991041131  -1.6214419958186042e-06
26.84  0.009697658015758781  -1.9594089313635276e-06
26.86  0.009658772995388492  -2.3126281261305297e-06
26.88  0.009620100894155794  -2.680542190388284e-06
26.900000000000002  0.00958166256731658  -3.062586398701507e-06
26.92  0.009543478748716163  -3.458184385888915e-06
26.94  0.009505570032588773  -3.8667413439649775e-06
26.96  0.009467956848938018  -4.287635288408212e-06
26.98  0.009430659432362733  -4.720207182408647e-06
27.0  0.009393697784566673  -5.163750653504394e-06
27.02  0.009357091631331993  -5.6175019547385205e-06
27.04  0.009320860375110727  -6.080630727664564e-06
27.060000000000002  0.009285023044742184  -6.552232172415468e-06
27.080000000000002  0.009249598243962131  -7.03132117549006e-06
27.1  0.009214604100539191  -7.5168289708743096e-06
27.12  0.00918005821802763  -8.007602706051757e-06
27.14  0.009145977632246059  -8.502408158832823e-06
27.16  0.00911237877447019  -8.999935815030783e-06
27.18  0.009079277442918999  -9.498810439313132e-06
27.2  0.009046688783507558  -9.997604176759413e-06
27.22  0.009014627280341936  -1.0494853094357212e-05
27.240000000000002  0.008983106756230324  -1.098907685332395e-05
27.26  0.008952140383229779  -1.1478800975566215e-05
27.28  0.008921740702757057  -1.1962580881369134e-05
27.3  0.008891919654220183  -1.2439026493383219e-05
27.32  0.008862688610459513  -1.2906825914326332e-05
27.34  0.00883405841754104  -1.3364766671820335e-05
27.36  0.008806039436042058  -1.3811753560673073e-05
27.38  0.008778641581360158  -1.4246823042129081e-05
27.400000000000002  0.008751874361697687  -1.4669154479852472e-05
27.42  0.00872574691309038  -1.5078078213070708e-05
27.44  0.008700268030895908  -1.5473080169322104e-05
27.46  0.008675446197060666  -1.5853803045631984e-05
27.48  0.008651289602713304  -1.6220044405303623e-05
27.5  0.008627806165836088  -1.657175226450851e-05
27.52  0.008605003544057724  -1.690901878149143e-05
27.54  0.00858288914271566  -1.7232072590466634e-05
27.560000000000002  0.008561470118406226  -1.754127021216306e-05
27.580000000000002  0.008540753378416248  -1.7837086818268038e-05
27.6  0.008520745576638362  -1.812010654786356e-05
27.62  0.008501453106819327  -1.83910126043422e-05
27.64  0.008482882093971548  -1.865057757545656e-05
27.66  0.008465038384220249  -1.8899654463044295e-05
27.68  0.008447927532677545  -1.913916853025785e-05
27.7  0.008431554788841935  -1.937010954371695e-05
27.72  0.008415925079683396  -1.9593523809082985e-05
27.740000000000002  0.008401042991349804  -1.9810505601441338e-05
27.76  0.008386912750601706  -2.002218808478111e-05
27.78  0.008373538206861583  -2.0229734021268598e-05
27.8  0.008360922815423619  -2.0434326649978748e-05
27.82  0.008349069622211125  -2.06371608867282e-05
27.84  0.008337981250325572  -2.0839434648179866e-05
27.86  0.008327659888425225  -2.104233935693519e-05
27.88  0.008318107280570733  -2.1247047931439977e-05
27.900000000000002  0.008309324716368709  -2.145469843977455e-05
27.92  0.008301313019746678  -2.1666373611733523e-05
27.94  0.008294072535815388  -2.1883080632328295e-05
27.96  0.008287603118083648  -2.2105738321495026e-05
27.98  0.008281904120071112  -2.2335174732055416e-05
28.0  0.008276974393224099  -2.2572130240610763e-05
28.02  0.008272812289562613  -2.2817258519884494e-05
28.04  0.008269415666776768  -2.307112207053133e-05
28.060000000000002  0.008266781894715245  -2.333418365162706e-05
28.080000000000002  0.008264907863213272  -2.3606796049726534e-05
28.1  0.008263789991401704  -2.3889191901914116e-05
28.12  0.00826342423866237  -2.4181474397963967e-05
28.14  0.00826380611726783  -2.4483609324373966e-05
28.16  0.008264930706669303  -2.479541874660645e-05
28.18  0.008266792669310071  -2.5116576603418842e-05
28.2  0.008269386267792195  -2.5446606377164687e-05
28.22  0.008272705383217638  -2.5784880895647763e-05
28.240000000000002  0.008276743534527392  -2.6130624245227188e-05
28.26  0.008281493898657531  -2.648291570490335e-05
28.28  0.008286949331368608  -2.6840695690686185e-05
28.3  0.008293102388516571  -2.720277371485272e-05
28.32  0.008299945347523721  -2.7567838449151426e-05
28.34  0.00830747022867839  -2.7934469939304424e-05
28.36  0.008315668815876061  -2.8301153841458665e-05
28.38  0.008324532676484201  -2.8666297464017695e-05
28.400000000000002  0.008334053180044463  -2.902824729122523e-05
28.42  0.008344221515607722  -2.9385307675679677e-05
28.44  0.008355028707392034  -2.9735760456833123e-05
28.46  0.008366465628522852  -3.0077885144527542e-05
28.48  0.008378523012688911  -3.0409979402737777e-05
28.5  0.008391191463790925  -3.073037937181116e-05
28.52  0.008404461463818997  -3.103747946272858e-05
28.54  0.008418323379299274  -3.132975115152171e-05
28.560000000000002  0.008432767466673926  -3.1605760352309706e-05
28.580000000000002  0.008447783876857882  -3.18641828932896e-05
28.6  0.008463362659149518  -3.2103817782774184e-05
28.62  0.008479493764601746  -3.23235980565434e-05
28.64  0.00849616704889867  -3.2522599194138186e-05
28.66  0.008513372274841132  -3.270004524190354e-05
28.68  0.008531099114433756  -3.28553128291622e-05
28.7  0.008549337150726213  -3.2987933254019055e-05
28.72  0.008568075879435172  -3.309759282891443e-05
28.740000000000002  0.008587304710511992  -3.318413160891975e-05
28.76  0.00860701296987851  -3.32475406414323e-05
28.78  0.008627189901585624  -3.3287957911904896e-05
28.8  0.008647824670706307  -3.33056631120607e-05
28.82  0.00866890636721459  -3.330107141753177e-05
28.84  0.00869042401089857  -3.327472641446285e-05
28.86  0.008712366557264505  -3.322729238369143e-05
28.88  0.008734722904150841  -3.315954607809951e-05
28.900000000000002  0.008757481898631169  -3.307236816259457e-05
28.92  0.008780632343725291  -3.2966734401807104e-05
28.94  0.008804163004333553  -3.2843706606992106e-05
28.96  0.00882806261204365  -3.270442328603388e-05
28.98  0.008852319868663625  -3.255008984362384e-05
29.0  0.008876923448817879  -3.2381968152831634e-05
29.02  0.008901862002143848  -3.220136553551306e-05
29.04  0.008927124155451022  -3.2009623315635175e-05
29.060000000000002  0.008952698514806982  -3.180810532907135e-05
29.080000000000002  0.008978573667148163  -3.1598186593181625e-05
29.1  0.009004738181098117  -3.138124224972751e-05
29.12  0.009031180606943925  -3.115863660575592e-05
29.14  0.00905788947592352  -3.093171213851537e-05
29.16  0.009084853299041518  -3.070177837234133e-05
29.18  0.009112060565714898  -3.04701007954112e-05
29.2  0.009139499742568266  -3.023789028505788e-05
29.22  0.009167159272869648  -3.0006293664184967e-05
29.240000000000002  0.009195027577263303  -2.9776385941633857e-05
29.26  0.009223093056604157  -2.954916435473594e-05
29.28  0.009251344097489107  -2.9325543901160453e-05
29.3  0.009279769080688265  -2.9106353995774868e-05
29.32  0.009308356392143518  -2.889233620991976e-05
29.34  0.009337094435798839  -2.8684143519454135e-05
29.36  0.009365971647323033  -2.8482341754751695e-05
29.38  0.009394976507727767  -2.8287413736365035e-05
29.400000000000002  0.009424097556051223  -2.8099766171097198e-05
29.42  0.009453323400503595  -2.791973880140043e-05
29.44  0.009482642727852257  -2.7747614904030858e-05
29.46  0.009512044311091213  -2.7583631999992667e-05
29.48  0.009541517015679858  -2.74279916563129e-05
29.5  0.009571049804701099  -2.7280867419457832e-05
29.52  0.00960063174339746  -2.714241024033399e-05
29.54  0.009630252003482649  -2.701275103265947e-05
29.560000000000002  0.009659899867604748  -2.689200035380623e-05
29.580000000000002  0.00968956473421487  -2.6780245416618676e-05
29.6  0.0097192361230207  -2.667754483902029e-05
29.62  0.009748903681037598  -2.6583921662636435e-05
29.64  0.009778557189256513  -2.649935526762894e-05
29.66  0.009808186569849539  -2.6423772817245522e-05
29.68  0.00983778189385035  -2.6357040950133304e-05
29.7  0.009867333389262802  -2.629895838352356e-05
29.72  0.009896831449606059  -2.624925010862501e-05
29.740000000000002  0.009926266642975131  -2.6207563727167345e-05
29.76  0.009955629721699532  -2.6173468400851846e-05
29.78  0.009984911632660473  -2.6146456707374454e-05
29.8  0.010014103528118228  -2.6125949490861753e-05
29.82  0.01004319677667688  -2.6111303636888962e-05
29.84  0.010072182973712684  -2.6101822425124144e-05
29.86  0.010101053950412879  -2.6096768015804296e-05
29.88  0.01012980178056247  -2.609537543522366e-05
29.900000000000002  0.010158418784381687  -2.6096867344671666e-05
29.92  0.010186897529080051  -2.6100468833751407e-05
29.94  0.010215230826173984  -2.6105421573382982e-05
29.96  0.010243411725985835  -2.6110996731462244e-05
29.98  0.010271433509928754  -2.611650629466585e-05
30.0  0.01029928968127494  -2.612131254324294e-05
30.02  0.010326973954995869  -2.6124835642524323e-05
30.04  0.010354480247171574  -2.612655938346668e-05
30.060000000000002  0.010381802664272634  -2.6126035177475215e-05
30.080000000000002  0.010408935492540305  -2.612288440032426e-05
30.1  0.01043587318761215  -2.6116799191169123e-05
30.12  0.010462610364525053  -2.6107541708300408e-05
30.14  0.010489141788208286  -2.6094941936906096e-05
30.16  0.010515462364478348  -2.6078894103081113e-05
30.18  0.010541567131535434  -2.6059351932298993e-05
30.2  0.010567451251794415  -2.6036322876089745e-05
30.22  0.010593110003885086  -2.600986149195367e-05
30.240000000000002  0.01061853877463812  -2.598006198170113e-05
30.26  0.010643733051032596  -2.5947049955788588e-05
30.28  0.010668688412115091  -2.5910973496880212e-05
30.3  0.010693400521038544  -2.5871993583534482e-05
30.32  0.010717865117383056  -2.58302738827134e-05
30.34  0.010742078009871594  -2.578596976269466e-05
30.36  0.010766035069441342  -2.573921631383891e-05
30.38  0.010789732222595135  -2.5690115141503726e-05
30.400000000000002  0.01081316544488553  -2.5638719594248054e-05
30.42  0.010836330754448264  -2.5585017978955093e-05
30.44  0.010859224205555346  -2.552891416893768e-05
30.46  0.010881841882174923  -2.5470204862726347e-05
30.48  0.010904179891576663  -2.5408552653016664e-05
30.5  0.010926234358055939  -2.534345391762185e-05
30.52  0.010948001417026896  -2.5274200512546483e-05
30.54  0.010969477210085003  -2.5199834426839474e-05
30.560000000000002  0.010990657882366613  -2.511909507657733e-05
30.580000000000002  0.011011539584374742  -2.5030359499615036e-05
30.6  0.011032118481218642  -2.4931577205723907e-05
30.62  0.011052390773071755  -2.482020455744048e-05
30.64  0.011072352731477017  -2.4693149498252918e-05
30.66  0.011092000756122817  -2.4546746416943023e-05
30.68  0.01111133145423324  -2.437679305128963e-05
30.7  0.011130341737184858  -2.4178694621005708e-05
30.72  0.011149028913937124  -2.394776836121295e-05
30.740000000000002  0.011167390737734886  -2.3679751645497892e-05
30.76  0.011185425337623112  -2.3371512192414614e-05
30.78  0.011203130958182681  -2.302186986460298e-05
30.8  0.011220505468162507  -2.2632327033352882e-05
30.82  0.01123754569931535  -2.2207434361911862e-05
30.84  0.01125424681174225  -2.175457593280239e-05
30.86  0.011270601962224272  -2.128316440034555e-05
30.88  0.011286602486066602  -2.0803489577722567e-05
30.900000000000002  0.011302238597302817  -2.0325591621971403e-05
30.92  0.011317500392846116  -1.9858451589524803e-05
30.94  0.011332378849887453  -1.940958979305692e-05
30.96  0.011346866561010123  -1.8984989124860048e-05
30.98  0.011360958086740801  -1.858920099311035e-05
31.0  0.011374649938397412  -1.822552111579595e-05
31.02  0.011387940289658486  -1.7896173325073918e-05
31.04  0.011400828542371667  -1.7602474528312262e-05
31.060000000000002  0.011413314855639897  -1.7344971769049278e-05
31.080000000000002  0.011425399711696864  -1.7123551260516058e-05
31.1  0.011437083556579316  -1.693752399772047e-05
31.12  0.011448366526799106  -1.6785694715749675e-05
31.14  0.011459248256510285  -1.666642138212032e-05
31.16  0.011469727751377584  -1.657767160033621e-05
31.18  0.011479803314685528  -1.6517079692118374e-05
31.2  0.011489472514838773  -1.6482003751966273e-05
31.220000000000002  0.011498732184332464  -1.6469578792476543e-05
31.240000000000002  0.011507578438295562  -1.6476762877428884e-05
31.26  0.011516006703142317  -1.650037905744713e-05
31.28  0.011524011754185343  -1.6537164793369788e-05
31.3  0.011531587767409616  -1.6583838735653982e-05
31.32  0.011538728386326264  -1.6637176736178894e-05
31.34  0.011545426796095572  -1.6694078855398092e-05
31.36  0.011551675796357588  -1.6751619160989555e-05
31.38  0.011557467869795578  -1.6807081599611993e-05
31.400000000000002  0.011562795247153597  -1.6857986911512346e-05
31.42  0.011567649970362096  -1.6902112498694457e-05
31.44  0.011572023955047256  -1.6937504907666143e-05
31.46  0.011575909052665367  -1.6962484600691326e-05
31.48  0.011579297111326149  -1.6975644145140492e-05
31.5  0.011582180033765238  -1.6975841882516228e-05
31.52  0.011584549831321301  -1.6962192944410362e-05
31.54  0.011586398673259064  -1.693405870299577e-05
31.560000000000002  0.011587718931026022  -1.6891035152594666e-05
31.580000000000002  0.011588503217143924  -1.6832940328438457e-05
31.6  0.01158874441861837  -1.6759800652636326e-05
31.62  0.011588435725103147  -1.667183603122207e-05
31.64  0.011587570652195902  -1.6569443723234317e-05
31.66  0.011586143060384078  -1.6453181191504874e-05
31.68  0.011584147170065728  -1.6323748317464874e-05
31.7  0.011581577573070635  -1.6181969370838028e-05
31.720000000000002  0.011578429241084391  -1.6028775190433667e-05
31.740000000000002  0.011574697531342337  -1.5865185908370412e-05
31.76  0.011570378189932125  -1.56922945853844e-05
31.78  0.011565467353066697  -1.5511251985310955e-05
31.8  0.01155996154661266  -1.5323252707912856e-05
31.82  0.01155385768413  -1.5129522796695719e-05
31.84  0.011547153063613536  -1.4931308919376848e-05
31.86  0.011539845363092306  -1.4729869095022834e-05
31.88  0.011531932635285187  -1.4526464816870176e-05
31.900000000000002  0.011523413301517887  -1.4322354279803078e-05
31.92  0.011514286145178222  -1.4118786308192446e-05
31.94  0.011504550304930958  -1.3916994611275376e-05
31.96  0.01149420526784087  -1.3718192081108272e-05
31.98  0.01148325086251418  -1.3523564969378905e-05
32.0  0.011471687252384328  -1.3334266825485163e-05
32.02  0.011459514929398985  -1.3151412154573457e-05
32.04  0.011446734708468149  -1.2976069830467791e-05
32.06  0.011433347723052791  -1.2809256370760086e-05
32.08  0.011419355422163404  -1.2651929265239944e-05
32.1  0.011404759568920515  -1.2504980531924983e-05
32.12  0.011389562240709784  -1.236923064561502e-05
32.14  0.011373765830962761  -1.224542291261988e-05
32.160000000000004  0.011357373052551405  -1.213421838727051e-05
32.18  0.011340386942809703  -1.2036191441997542e-05
32.2  0.011322810870157653  -1.1951826092837407e-05
32.22  0.01130464854227571  -1.1881513269388068e-05
32.24  0.011285904015675948  -1.1825549164406782e-05
32.26  0.011266581706481593  -1.1784134768999218e-05
32.28  0.011246686402142542  -1.1757376611308192e-05
32.3  0.011226223273851482  -1.174528868360611e-05
32.32  0.011205197889371625  -1.1747795462496526e-05
32.34  0.011183616226049862  -1.1764736001743564e-05
32.36  0.011161484683754523  -1.1795869122919987e-05
32.38  0.011138810097430576  -1.1840879808521993e-05
32.4  0.01111559974895076  -1.1899386890697304e-05
32.42  0.011091861377860978  -1.1970952170964554e-05
32.44  0.011067603190526167  -1.2055090937948604e-05
32.46  0.011042833867293336  -1.2151283789827995e-05
32.480000000000004  0.01101756256723053  -1.2258989418168164e-05
32.5  0.010991798930245735  -1.2377657898316272e-05
32.52  0.010965553076534212  -1.2506743818784244e-05
32.54  0.010938835603485374  -1.2645718678665922e-05
32.56  0.01091165758032334  -1.2794081923089955e-05
32.58  0.010884030540755514  -1.2951370233158884e-05
32.6  0.010855966473916267  -1.3117164820648368e-05
32.62  0.01082747781378386  -1.3291096667565901e-05
32.64  0.010798577427177079  -1.3472849806890241e-05
32.660000000000004  0.010769278600431047  -1.3662162746167985e-05
32.68  0.010739595024754571  -1.3858828176169152e-05
32.7  0.01070954078034758  -1.4062691094012897e-05
32.72  0.010679130319316825  -1.4273645407833889e-05
32.74  0.010648378447495577  -1.449162912149952e-05
32.76  0.010617300305321264  -1.4716618218163168e-05
32.78  0.010585911347988952  -1.4948619412741506e-05
32.8  0.010554227325107149  -1.5187661965376728e-05
32.82  0.010522264260150738  -1.5433788833987073e-05
32.84  0.010490038429949057  -1.5687047430803948e-05
32.86  0.010457566344485114  -1.5947480280983713e-05
32.88  0.010424864727197024  -1.6215115917861484e-05
32.9  0.010391950495962308  -1.648996032788282e-05
32.92  0.010358840744819133  -1.677198921300744e-05
32.94  0.010325552726452554  -1.706114131988389e-05
32.96  0.010292103835398834  -1.735731298537372e-05
32.980000000000004  0.010258511591915079  -1.7660353957834763e-05
33.0  0.010224793626450393  -1.797006462783113e-05
33.02  0.010190967664664685  -1.8286194650211843e-05
33.04  0.010157051512893627  -1.8608443043114862e-05
33.06  0.010123063043958746  -1.8936459689980244e-05
33.08  0.01008902018322882  -1.926984819506074e-05
33.1  0.010054940894824607  -1.9608169938150797e-05
33.12  0.010020843167880317  -1.9950949159398644e-05
33.14  0.009986745002769443  -2.0297678868986056e-05
33.160000000000004  0.009952664397232773  -2.0647827334881807e-05
33.18  0.00991861933237057  -2.100084489364291e-05
33.2  0.009884627758470568  -2.1356170799428173e-05
33.22  0.009850707580668359  -2.1713239872231826e-05
33.24  0.009816876644486255  -2.2071488740473706e-05
33.26  0.009783152721197392  -2.243036154310713e-05
33.28  0.00974955349300744  -2.278931501233961e-05
33.3  0.00971609653796123  -2.314782288686065e-05
33.32  0.009682799314523557  -2.3505379621176212e-05
33.34  0.009649679145781874  -2.38615033080453e-05
33.36  0.009616753203244599  -2.4215737810564496e-05
33.38  0.009584038490254214  -2.4567654059056353e-05
33.4  0.009551551825086033  -2.4916850597749757e-05
33.42  0.009519309823904133  -2.5262953372796232e-05
33.44  0.009487328883780597  -2.5605614766765218e-05
33.46  0.009455625165995726  -2.5944511666042486e-05
33.480000000000004  0.009424214579707962  -2.6279342294980988e-05
33.5  0.009393112765992605  -2.6609821612742477e-05
33.52  0.009362335082297607  -2.693567538467656e-05
33.54  0.009331896587566836  -2.725663318361314e-05
33.56  0.009301812028459686  -2.7572420843993334e-05
33.58  0.009272095827219443  -2.7882752956563884e-05
33.6  0.009242762071722482  -2.818732611202182e-05
33.62  0.009213824508103294  -2.848581361651507e-05
33.64  0.009185296536058133  -2.87778623314343e-05
33.660000000000004  0.009157191206704645  -2.906309200104133e-05
33.68  0.00912952122261092  -2.9341097142846043e-05
33.7  0.009102298939478943  -2.9611451241965334e-05
33.72  0.009075536368854265  -2.987371276051192e-05
33.74  0.00904924518126001  -3.0127432434435636e-05
33.76  0.009023436709292733  -3.0372161310462736e-05
33.78  0.008998121950348922  -3.0607459158191605e-05
33.8  0.008973311568891243  -3.083290291688368e-05
33.82  0.008949015898178033  -3.104809497643734e-05
33.84  0.008925244941437436  -3.125267108126286e-05
33.86  0.008902008372438  -3.144630774493329e-05
33.88  0.008879315535413879  -3.1628729071829854e-05
33.9  0.008857175444301446  -3.1799712945694416e-05
33.92  0.00883559678127718  -3.195909651191702e-05
33.94  0.008814587894606587  -3.210678101210267e-05
33.96  0.008794156795862328  -3.2242735972515516e-05
33.980000000000004  0.008774311156681059  -3.236700295625489e-05
34.0  0.008755058305260138  -3.247969905803097e-05
34.02  0.008736405222843168  -3.258102020904159e-05
34.04  0.008718358540254859  -3.267124397041983e-05
34.06  0.008700924534146086  -3.2750730801405905e-05
34.08  0.008684109122317108  -3.281992268576407e-05
34.1  0.008667917857715951  -3.287933907800467e-05
34.12  0.00865235592158109  -3.2929571662781094e-05
34.14  0.00863742811676622  -3.2971279726920656e-05
34.160000000000004  0.008623138862032968  -3.300518664960756e-05
34.18  0.008609492187396392  -3.3032076861914584e-05
34.2  0.008596491730285021  -3.305279249289139e-05
34.22  0.008584140732258458  -3.306822954297932e-05
34.24  0.008572442036103942  -3.307933384369552e-05
34.26  0.008561398083216753  -3.3087097175136634e-05
34.28  0.008551010911128802  -3.309255380099402e-05
34.300000000000004  0.00854128215119352  -3.309677737981125e-05
34.32  0.008532213026514981  -3.310087800687382e-05
34.34  0.008523804350381832  -3.310599903257599e-05
34.36  0.008516056525534747  -3.3113313170216715e-05
34.38  0.008508969544547017  -3.312401749803724e-05
34.4  0.008502542991532405  -3.313932694223457e-05
34.42  0.008496776045363781  -3.31604658844525e-05
34.44  0.008491667484692923  -3.318865734174698e-05
34.46  0.008487215695337376  -3.322510879410866e-05
34.480000000000004  0.008483418680264821  -3.327099344984617e-05
34.5  0.008480274071129362  -3.332742728292844e-05
34.52  0.00847777913895529  -3.3395446425723755e-05
34.54  0.008475930803597471  -3.347599204204616e-05
34.56  0.008474725645236665  -3.356990333834044e-05
34.58  0.008474159920092095  -3.3677912015728695e-05
34.6  0.008474229578929687  -3.3800634245849134e-05
34.62  0.008474930286235242  -3.3938562026883345e-05
34.64  0.008476257439088468  -3.409205631448534e-05
34.660000000000004  0.008478206185326687  -3.4261342500881886e-05
34.68  0.008480771440818461  -3.4446507876879036e-05
34.7  0.008483947905716677  -3.4647500510080005e-05
34.72  0.00848773007967067  -3.4864129109566486e-05
34.74  0.00849211227596124  -3.509606363775095e-05
34.76  0.00849708863460025  -3.534283654683774e-05
34.78  0.00850265313444022  -3.5603844645392085e-05
34.800000000000004  0.008508799604389421  -3.58783517088223e-05
34.82  0.008515521733856411  -3.616549192868985e-05
34.84  0.008522813082533389  -3.646427439758085e-05
34.86  0.00853066708960177  -3.6773588735000036e-05
34.88  0.008539077082407738  -3.709221203940521e-05
34.9  0.008548036284574824  -3.741881717684929e-05
34.92  0.008557537823541975  -3.7751982489499715e-05
34.94  0.008567574737461389  -3.8090202838923896e-05
34.96  0.008578139981366844  -3.843190190558077e-05
34.980000000000004  0.008589226432500938  -3.877544558424188e-05
35.0  0.00860082689466398  -3.91191563363183e-05
35.02  0.00861293410143622  -3.9461328315533445e-05
35.04  0.00862554071820418  -3.9800243089364005e-05
35.06  0.008638639342988528  -4.013418573580025e-05
35.08  0.008652222506234245  -4.0461461030596353e-05
35.1  0.008666282669788805  -4.0780409377816835e-05
35.12  0.008680812225316376  -4.1089422252243884e-05
35.14  0.008695803492105754  -4.138695695842656e-05
35.160000000000004  0.008711248714058513  -4.1671550392784884e-05
35.18  0.008727140055723032  -4.194183134430937e-05
35.2  0.008743469597482094  -4.219653090694819e-05
35.22  0.008760229330287608  -4.243449084825025e-05
35.24  0.008777411150279406  -4.26546699607549e-05
35.26  0.008795006853589719  -4.285614855317989e-05
35.28  0.008813008131443156  -4.303813123746066e-05
35.300000000000004  0.008831406565591265  -4.3199948200176367e-05
35.32  0.008850193624108136  -4.3341055126712464e-05
35.34  0.008869360657551171  -4.346103194207154e-05
35.36  0.008888898895542481  -4.355958056371486e-05
35.38  0.008908799443869554  -4.363652188336369e-05
35.4  0.00892905328221008  -4.369179219836646e-05
35.42  0.008949651262605647  -4.372543932232718e-05
35.44  0.008970584108829898  -4.373761859691713e-05
35.46  0.008991842416792793  -4.372858895423349e-05
35.480000000000004  0.009013416656164433  -4.369870912425186e-05
35.5  0.009035297173361004  -4.364843400691206e-05
35.52  0.009057474196006386  -4.357831106739817e-05
35.54  0.009079937838999946  -4.348897658434921e-05
35.56  0.009102678112140978  -4.3381151363323524e-05
35.58  0.009125684929227655  -4.3255635482732834e-05
35.6  0.009148948118343204  -4.31133015284951e-05
35.62  0.009172457432871773  -4.295508590954898e-05
35.64  0.009196202562672383  -4.278197810164266e-05
35.660000000000004  0.009220173144762159  -4.259500817184022e-05
35.68  0.009244358772905635  -4.239523354077803e-05
35.7  0.009268749005691856  -4.2183726473676354e-05
35.72  0.00929333337302436  -4.1961563982207426e-05
35.74  0.009318101381375494  -4.172982140155672e-05
35.76  0.00934304251838388  -4.148957010157976e-05
35.78  0.00936814625755282  -4.1241878766150695e-05
35.800000000000004  0.0093934020635871  -4.0987816853176184e-05
35.82  0.00941879939874383  -4.072845841607926e-05
35.84  0.00944432773028717  -4.046488459392136e-05
35.86  0.00946997653897855  -4.019818353084384e-05
35.88  0.009495735328378978  -3.992944722540468e-05
35.9  0.009521593634699677  -3.965976545064537e-05
35.92  0.009547541036902276  -3.9390217321142704e-05
35.94  0.009573567166812123  -3.9121861350854615e-05
35.96  0.009599661719112435  -3.885572486411201e-05
35.980000000000004  0.009625814461111656  -3.859279355337705e-05
36.0  0.009652015242277061  -3.833400171702885e-05
36.02  0.00967825400344759  -3.808022344864146e-05
36.04  0.009704520785649637  -3.783226451796689e-05
36.06  0.009730805738240726  -3.7590854164430976e-05
36.08  0.00975709912602193  -3.735663562545025e-05
36.1  0.009783391334866758  -3.7130154661017736e-05
36.12  0.009809672875716097  -3.691184698883759e-05
36.14  0.0098359343874905  -3.670202742807166e-05
36.160000000000004  0.009862166640297203  -3.6500884092898634e-05
36.18  0.009888360540469201  -3.6308478951452885e-05
36.2  0.009914507138131187  -3.612475330129441e-05
36.22  0.009940597636770649  -3.594953534506187e-05
36.24  0.009966623403407206  -3.578254786229113e-05
36.26  0.009992575978056898  -3.562341545279273e-05
36.28  0.010018447081729064  -3.547167180739316e-05
36.300000000000004  0.010044228622755011  -3.532676763989721e-05
36.32  0.010069912701682445  -3.518807962437372e-05
36.34  0.01009549161509489  -3.5054920421868205e-05
36.36  0.010120957858681574  -3.49265495970267e-05
36.38  0.010146304129819326  -3.480218524628344e-05
36.4  0.010171523329820803  -3.468101614402163e-05
36.42  0.01019660856588789  -3.4562214259804545e-05
36.44  0.01022155315272781  -3.4444947533326063e-05
36.46  0.01024635061370424  -3.432839276676337e-05
36.480000000000004  0.010270994681360926  -3.4211748476572437e-05
36.5  0.01029547929708708  -3.40942475459728e-05
36.52  0.010319798609730984  -3.397516941879651e-05
36.54  0.010343946972948354  -3.3853851648340475e-05
36.56  0.010367918941112417  -3.372970046115138e-05
36.58  0.010391709263691339  -3.360220007513534e-05
36.6  0.010415312878114036  -3.347092044741869e-05
36.62  0.010438724901244421  -3.333552319159695e-05
36.64  0.010461940619721789  -3.3195765508131896e-05
36.660000000000004  0.01048495547952464  -3.30515020412468e-05
36.68  0.01050776507506135  -3.290268475389085e-05
36.7  0.010530365138154174  -3.27493609746996e-05
36.72  0.01055275152705919  -3.2591669843272104e-05
36.74  0.01057492021574172  -3.24298373797747e-05
36.76  0.01059686728361307  -3.226417044987897e-05
36.78  0.010618588905951649  -3.209504986794329e-05
36.800000000000004  0.010640081345177027  -3.1922922873750636e-05
36.82  0.010661340942859315  -3.174829517757417e-05
36.84  0.010682364112218689  -3.157172271368453e-05
36.86  0.01070314733070418  -3.13938031138005e-05
36.88  0.010723687132274558  -3.1215166854578424e-05
36.9  0.010743980099130428  -3.103646791379775e-05
36.92  0.010764022852773997  -3.0858373682755036e-05
36.94  0.01078381204450683  -3.068155397948343e-05
36.96  0.010803344345651222  -3.0506669063412382e-05
36.980000000000004  0.01082261643793392  -3.0334356698523408e-05
37.0  0.010841625004545033  -3.0165218475783238e-05
37.02  0.010860366722360688  -2.9999805741394492e-05
37.04  0.010878838255723205  -2.9838605547830908e-05
37.06  0.010897036251989052  -2.9682027229423992e-05
37.08  0.010914957338876508  -2.9530390241298003e-05
37.1  0.010932598123416066  -2.9383913886732972e-05
37.12  0.010949955192171996  -2.924270945031744e-05
37.14  0.010967025112279169  -2.9106775095102534e-05
37.160000000000004  0.010983804432856029  -2.8975993695136293e-05
37.18  0.01100028968633188  -2.885013362165649e-05
37.2  0.01101647738938669  -2.872885232397268e-05
37.22  0.011032364043215238  -2.8611702546420207e-05
37.24  0.01104794613299539  -2.8498140839370694e-05
37.26  0.011063220126466083  -2.8387538055425573e-05
37.28  0.011078182471580421  -2.82791914373684e-05
37.300000000000004  0.011092829593245425  -2.8172338000918203e-05
37.32  0.011107157889173588  -2.806616893586041e-05
37.34  0.011121163724920257  -2.7959844969944028e-05
37.36  0.011134843428372733  -2.7852512733480907e-05
37.38  0.011148193284477  -2.7743321730484368e-05
37.4  0.011161209531268318  -2.7631440284556152e-05
37.42  0.011173888357372269  -2.7516068097053765e-05
37.44  0.01118622589934038  -2.7396445122298887e-05
37.46  0.011198218237308578  -2.727185944621433e-05
37.480000000000004  0.011209861389667957  -2.7141656361033266e-05
37.5  0.011221151308523419  -2.7005248137866133e-05
37.52  0.011232083876977317  -2.686212294920284e-05
37.54  0.011242654908318935  -2.6711852069597376e-05
37.56  0.011252860146920802  -2.655409521066141e-05
37.58  0.011262695270719322  -2.6388604093857442e-05
37.6  0.011272155895150434  -2.6215224143221025e-05
37.62  0.011281237578441981  -2.6033893745665576e-05
37.64  0.01128993582778779  -2.5844640288548315e-05
37.660000000000004  0.01129824610521665  -2.5647574380758037e-05
37.68  0.011306163832336678  -2.544288742916749e-05
37.7  0.011313684395315545  -2.5230853574545173e-05
37.72  0.01132080315185958  -2.5011827699653924e-05
37.74  0.01132751543954531  -2.4786236120464147e-05
37.76  0.011333816583747044  -2.455456523633158e-05
37.78  0.011339701904669148  -2.43173514646861e-05
37.800000000000004  0.011345166723960659  -2.4075172058619362e-05
37.82  0.01135020637129483  -2.3828636057706226e-05
37.84  0.011354816190967365  -2.3578375245538964e-05
37.86  0.011358991548576022  -2.3325035274731196e-05
37.88  0.011362727837801527  -2.3069267118095613e-05
37.9  0.011366020487305856  -2.2811718972110406e-05
37.92  0.011368864967733448  -2.255302873910989e-05
37.94  0.011371256798838257  -2.2293817101522367e-05
37.96  0.011373191556718025  -2.20346813149737e-05
37.980000000000004  0.011374664881233844  -2.1776189731113114e-05
38.0  0.011375672483685503  -2.151887713171665e-05
38.02  0.011376210154876588  -2.1263240916205367e-05
38.04  0.01137627377369952  -2.1009738213685447e-05
38.06  0.011375859316449235  -2.075878395665016e-05
38.08  0.01137496286696874  -2.0510749966255173e-05
38.1  0.011373580627783562  -2.026596503920995e-05
38.12  0.011371708932211988  -2.0024715929063056e-05
38.14  0.011369344257389759  -1.9787249086138724e-05
38.160000000000004  0.01136648323799252  -1.9553772989302765e-05
38.18  0.011363122680364657  -1.932446095993394e-05
38.2  0.011359259576671275  -1.909945434365128e-05
38.22  0.011354891118769379  -1.8878865968566804e-05
38.24  0.011350014711527181  -1.866278373400372e-05
38.26  0.011344627985535797  -1.845127422028599e-05
38.28  0.011338728809198258  -1.8244386195543135e-05
38.300000000000004  0.011332315300273172  -1.8042153923691577e-05
38.32  0.011325385836895326  -1.7844600259042776e-05
38.34  0.011317939068046266  -1.7651739525694904e-05
38.36  0.011309973923361269  -1.7463580244003384e-05
38.38  0.01130148962211877  -1.728012776474944e-05
38.4  0.011292485681223381  -1.710138689800869e-05
38.42  0.011282961921979608  -1.6927364575771054e-05
38.44  0.011272918475473495  -1.6758072522924926e-05
38.46  0.011262355786457453  -1.6593529949653834e-05
38.480000000000004  0.011251274615670324  -1.6433766184121448e-05
38.5  0.011239676040671153  -1.6278823184820204e-05
38.52  0.011227561455304735  -1.612875791064022e-05
38.54  0.011214932568019967  -1.598364443291375e-05
38.56  0.011201791399246215  -1.584357575308362e-05
38.58  0.011188140278078807  -1.570866522746693e-05
38.6  0.011173981838474916  -1.5579047566098105e-05
38.62  0.011159319015190988  -1.545487935766793e-05
38.64  0.011144155039676508  -1.5336339097432087e-05
38.660000000000004  0.011128493436199633  -1.5223626679096038e-05
38.68  0.011112338018421661  -1.5116962296059649e-05
38.7  0.01109569288667288  -1.5016584731497388e-05
38.72  0.01107856242611238  -1.4922748981360838e-05
38.74  0.01106095130588735  -1.4835723211186802e-05
38.76  0.011042864479375681  -1.4755785095394478e-05
38.78  0.011024307185555403  -1.4683217659546086e-05
38.800000000000004  0.011005284951459453  -1.4618304804597425e-05
38.82  0.010985803595620632  -1.4561326716122294e-05
38.84  0.010965869232316064  -1.4512555326978784e-05
38.86  0.010945488276427405  -1.4472249943443095e-05
38.88  0.010924667448691293  -1.4440653068884592e-05
38.9  0.010903413781244953  -1.4417986433312201e-05
38.92  0.010881734623343216  -1.4404447292516622e-05
38.94  0.01085963764717787  -1.4400205079223285e-05
38.96  0.010837130853631242  -1.4405398559070418e-05
38.980000000000004  0.010814222577794848  -1.4420133614956284e-05
39.0  0.010790921494027071  -1.444448178928865e-05
39.02  0.01076723662031354  -1.4478479649660325e-05
39.04  0.010743177321692082  -1.4522129004380348e-05
39.06  0.010718753312539957  -1.4575397923997178e-05
39.08  0.010693974657573482  -1.4638222528965216e-05
39.1  0.010668851771422558  -1.4710509479546782e-05
39.12  0.010643395416757009  -1.4792139083378374e-05
39.14  0.010617616700948386  -1.4882968895553151e-05
39.160000000000004  0.0105915270712763  -1.498283769327371e-05
39.18  0.010565138308755587  -1.5091569632220521e-05
39.2  0.010538462520600677  -1.5208978365119672e-05
39.22  0.01051151213138576  -1.533487092466042e-05
39.24  0.010484299872937869  -1.5469051166427442e-05
39.26  0.010456838772995013  -1.561132261532175e-05
39.28  0.010429142142650118  -1.576149065570842e-05
39.300000000000004  0.010401223562666333  -1.5919363990191376e-05
39.32  0.01037309686871021  -1.6084755412715857e-05
39.34  0.010344776135607511  -1.625748193914515e-05
39.36  0.010316275660775778  -1.643736438749955e-05
39.38  0.010287609946985018  -1.662422653876489e-05
39.4  0.010258793684640345  -1.6817893995531763e-05
39.42  0.01022984173375382  -1.7018192870762078e-05
39.44  0.010200769105786123  -1.722494838714144e-05
39.46  0.010171590945476573  -1.7437983506197987e-05
39.480000000000004  0.01014232251275173  -1.7657117608790688e-05
39.5  0.010112979164826369  -1.7882165338298e-05
39.52  0.010083576338465476  -1.8112935559761615e-05
39.54  0.010054129532438949  -1.8349230428088835e-05
39.56  0.010024654290145762  -1.8590844522038825e-05
39.58  0.009995166182396376  -1.8837564012759744e-05
39.6  0.009965680790336433  -1.908916576732138e-05
39.62  0.00993621368846732  -1.9345416442914094e-05
39.64  0.009906780427772837  -1.96060715414121e-05
39.660000000000004  0.009877396519008765  -1.9870874536396352e-05
39.68  0.009848077416266086  -2.0139556088772562e-05
39.7  0.009818838500876908  -2.0411833429229718e-05
39.72  0.00978969506572401  -2.06874099121893e-05
39.74  0.009760662299977102  -2.096597479268924e-05
39.76  0.009731755274260973  -2.124720325295534e-05
39.78  0.009702988926218684  -2.1530756668755263e-05
39.800000000000004  0.009674378046525878  -2.181628316336403e-05
39.82  0.009645937265279712  -2.2103418416223695e-05
39.84  0.009617681038818335  -2.239178672040859e-05
39.86  0.00958962363696754  -2.2681002260340446e-05
39.88  0.009561779130795246  -2.2970670576111754e-05
39.9  0.009534161380942556  -2.326039021203576e-05
39.92  0.009506784026675322  -2.3549754481365013e-05
39.94  0.009479660475804293  -2.3838353363449285e-05
39.96  0.009452803895677122  -2.4125775437676087e-05
39.980000000000004  0.009426227205396653  -2.44116098466959e-05
40.0  0.009399943069492933  -2.469544823109001e-05
40.02  0.009373963893114755  -2.4976886669681937e-05
40.04  0.009348301818830297  -2.5255527647095055e-05
40.06  0.009322968724921889  -2.5530982166518408e-05
40.08  0.009297976225005264  -2.5802872112498874e-05
40.1  0.009273335668617044  -2.607083297105313e-05
40.12  0.009249058142376478  -2.633451698588338e-05
40.14  0.009225154471220248  -2.659359681412098e-05
40.160000000000004  0.009201635219277247  -2.684776962361026e-05
40.18  0.00917851068992414  -2.709676161607988e-05
40.2  0.009155790924778901  -2.7340332838890613e-05
40.22  0.009133485701519835  -2.7578282177574973e-05
40.24  0.009111604530573237  -2.7810452286004442e-05
40.26  0.009090156650894911  -2.8036734280452584e-05
40.28  0.009069151025059168  -2.825707188516067e-05
40.300000000000004  0.009048596333919837  -2.847146482908185e-05
40.32  0.009028500971021659  -2.867997125822457e-05
40.34  0.009008873036901618  -2.8882708979143364e-05
40.36  0.00898972033335715  -2.9079855417709168e-05
40.38  0.008971050357730291  -2.9271646200109513e-05
40.4  0.008952870297238147  -2.9458372391755878e-05
40.42  0.008935187023428074  -2.964037653532292e-05
40.44  0.00891800708686415  -2.981804771425959e-05
40.46  0.008901336712273503  -2.999181598194599e-05
40.480000000000004  0.008885181794399817  -3.016214645411009e-05
40.5  0.008869547894852059  -3.032953313640304e-05
40.52  0.008854440239991664  -3.0494492128009937e-05
40.54  0.00883986371962706  -3.06575536990944e-05
40.56  0.008825822885938616  -3.081925317662243e-05
40.58  0.008812321952378317  -3.09801216271195e-05
40.6  0.008799364792800558  -3.114067773569404e-05
40.62  0.008786954941406872  -3.1301421696164056e-05
40.64  0.008775095593892182  -3.146283085046158e-05
40.660000000000004  0.008763789609740438  -3.1625356469604726e-05
40.68  0.008753039515420382  -3.178942116466404e-05
40.7  0.008742847508161719  -3.195541675303806e-05
40.72  0.008733215460125175  -3.212370258967643e-05
40.74  0.00872414492280607  -3.229460440323719e-05
40.76  0.00871563713162211  -3.2468413674574205e-05
40.78  0.008707693010577671  -3.264538751699434e-05
40.800000000000004  0.00870031317689951  -3.28257489806882e-05
40.82  0.00869349794557207  -3.300968766149263e-05
40.84  0.008687247333587923  -3.319736051848413e-05
40.86  0.008681561063874417  -3.338889282778416e-05
40.88  0.008676438568806915  -3.358437924493099e-05
40.9  0.008671878993269424  -3.378388505190786e-05
40.92  0.008667881197295436  -3.3987447681880416e-05
40.94  0.008664443758529471  -3.4195078617341255e-05
40.96  0.008661564975177978  -3.440676547517489e-05
40.980000000000004  0.008659242870830957  -3.462247341779117e-05
41.0  0.008657475202643958  -3.484214444445297e-05
41.02  0.008656259472532762  -3.506569412197846e-05
41.04  0.008655592937868451  -3.529300844432027e-05
41.06  0.008655472618213384  -3.552394425299602e-05
41.08  0.008655895298906896  -3.575833284406125e-05
41.1  0.008656857535033397  -3.5995983728581345e-05
41.12  0.008658355657666664  -3.623668724572855e-05
41.14  0.008660385781816249  -3.648021660601813e-05
41.160000000000004  0.008662943814787133  -3.672632992792761e-05
41.18  0.008666025464249084  -3.697477230557793e-05
41.2  0.00866962624577717  -3.722527769480862e-05
41.22  0.008673741489877117  -3.7477570402879695e-05
41.24  0.008678366348596799  -3.773136602379479e-05
41.26  0.00868349580182035  -3.798637171416538e-05
41.28  0.00868912466339  -3.824228578275148e-05
41.300000000000004  0.008695247587150791  -3.849879663069079e-05
41.32  0.008701859073035676  -3.8755581110555554e-05
41.34  0.008708953473252977  -3.901230240767444e-05
41.36  0.008716524998618674  -3.926860758601842e-05
41.38  0.008724567725117843  -3.952412491086233e-05
41.4  0.008733075600719883  -3.977846114297974e-05
41.42  0.008742042452607636  -4.003119904822942e-05
41.44  0.008751461994938701  -4.028189548899726e-05
41.46  0.008761327837286637  -4.053008051130701e-05
41.480000000000004  0.008771633493628842  -4.0775257567091775e-05
41.5  0.008782372391354942  -4.1016904439439854e-05
41.52  0.008793537879569865  -4.125447393356961e-05
41.54  0.008805123236392156  -4.14873938450039e-05
41.56  0.008817121675511914  -4.1715066748408114e-05
41.58  0.008829526352544472  -4.1936870769498214e-05
41.6  0.008842330371410573  -4.215216204036031e-05
41.62  0.008855526790612056  -4.236027884129043e-05
41.64  0.008869108629097986  -4.256054695698325e-05
41.660000000000004  0.008883068871455636  -4.275228580255519e-05
41.68  0.008897400472247054  -4.2934815024538045e-05
41.7  0.008912096359392298  -4.310746137460903e-05
41.72  0.008927149436539186  -4.326956574884014e-05
41.74  0.008942552584362324  -4.342049028717768e-05
41.76  0.008958298660790658  -4.3559625414629964e-05
41.78  0.008974380500132483  -4.368639673176654e-05
41.800000000000004  0.008990790911133155  -4.3800271617226805e-05
41.82  0.009007522674009463  -4.390076541289343e-05
41.84  0.009024568536534916  -4.3987447068855885e-05
41.86  0.009041921209321622  -4.405994411917754e-05
41.88  0.009059573360456775  -4.411794690436054e-05
41.9  0.009077517609717773  -4.416121199185369e-05
41.92  0.00909574652265075  -4.418956475654894e-05
41.94  0.009114252604749502  -4.42029011513084e-05
41.96  0.009133028296048088  -4.420118867548762e-05
41.980000000000004  0.009152065966340144  -4.418446662396722e-05
42.0  0.00917135791124629  -4.415284566967367e-05
42.02  0.009190896349251909  -4.410650687941864e-05
42.04  0.009210673419781115  -4.4045700196093254e-05
42.06  0.009230681182284267  -4.3970742473488725e-05
42.08  0.009250911616211688  -4.388201501391788e-05
42.1  0.00927135662171745  -4.3779960581130076e-05
42.12  0.009292008020889198  -4.366507975893964e-05
42.14  0.00931285755936521  -4.3537926526537133e-05
42.160000000000004  0.009333896908280282  -4.339910294697775e-05
42.18  0.009355117666593618  -4.324925297552886e-05
42.2  0.009376511363962697  -4.308905543216461e-05
42.22  0.009398069464347208  -4.291921637919791e-05
42.24  0.009419783370556462  -4.274046114588664e-05
42.26  0.009441644429928103  -4.255352630408915e-05
42.28  0.00946364394120101  -4.235915190383152e-05
42.300000000000004  0.009485773162584038  -4.215807421069471e-05
42.32  0.009508023320937874  -4.195101914668354e-05
42.34  0.009530385621890071  -4.173869658039018e-05
42.36  0.00955285126064429  -4.1521795548648935e-05
42.38  0.009575411433263879  -4.130098048300617e-05
42.4  0.009598057348128276  -4.107688842365128e-05
42.42  0.009620780237277244  -4.0850127250278426e-05
42.44  0.009643571367372974  -4.062127484548044e-05
42.46  0.009666422049991755  -4.0390879066864316e-05
42.480000000000004  0.009689323651034979  -4.015945835070408e-05
42.5  0.009712267599102079  -3.992750269949592e-05
42.52  0.009735245392789133  -3.9695474789896945e-05
42.54  0.009758248606999607  -3.946381098111698e-05
42.56  0.009781268898454206  -3.923292206002694e-05
42.58  0.009804298010699562  -3.900319366877344e-05
42.6  0.009827327778881952  -3.877498647644382e-05
42.62  0.00985035013448355  -3.8548636222265475e-05
42.64  0.009873357110132716  -3.832445381308957e-05
42.660000000000004  0.009896340844421113  -3.8102725658196105e-05
42.68  0.009919293586543414  -3.7883714354352e-05
42.7  0.009942207700554956  -3.7667659787781054e-05
42.72  0.00996507566899077  -3.7454780595222085e-05
42.74  0.009987890095703778  -3.724527587626552e-05
42.76  0.010010643707866924  -3.703932700259038e-05
42.78  0.010033329357130714  -3.683709933413016e-05
42.800000000000004  0.010055940020041784  -3.663874371110828e-05
42.82  0.01007846879782107  -3.64443976501275e-05
42.84  0.010100908915633103  -3.6254186191612017e-05
42.86  0.010123253721437282  -3.606822244690479e-05
42.88  0.010145496684500608  -3.588660788292932e-05
42.9  0.010167631393624343  -3.570943244225664e-05
42.92  0.010189651555085171  -3.553677455229236e-05
42.94  0.010211550990342719  -3.536870113406226e-05
42.96  0.010233323633521078  -3.520526763617108e-05
42.980000000000004  0.010254963528722873  -3.50465181383865e-05
43.0  0.010276464827227733  -3.489248552199498e-05
43.02  0.01029782178461596  -3.474319169318405e-05
43.04  0.010319028757876188  -3.459864784196961e-05
43.06  0.01034008020249512  -3.445885469646903e-05
43.08  0.010360970669576145  -3.432380271319873e-05
43.1  0.010381694802960691  -3.4193472115671376e-05
43.12  0.01040224733635367  -3.406783270431288e-05
43.14  0.010422623090469138  -3.394684331445638e-05
43.160000000000004  0.010442816970192417  -3.383045084433992e-05
43.18  0.010462823961814366  -3.3718588810615016e-05
43.2  0.010482639130401983  -3.361117541406216e-05
43.22  0.01050225761735207  -3.3508111166838726e-05
43.24  0.010521674638221335  -3.3409276143564156e-05
43.26  0.010540885480887361  -3.331452697680672e-05
43.28  0.010559885504129238  -3.32236936879683e-05
43.300000000000004  0.010578670136719745  -3.3136576470190826e-05
43.32  0.010597234877111813  -3.305294249643449e-05
43.34  0.010615575293782422  -3.297252285016437e-05
43.36  0.010633687026285803  -3.2895009637907134e-05
43.38  0.010651565787062849  -3.282005341954622e-05
43.4  0.01066920736402173  -3.2747261096828514e-05
43.42  0.010686607623920614  -3.267619444801706e-05
43.44  0.010703762516569895  -3.260636954741779e-05
43.46  0.010720668079799763  -3.253725729751346e-05
43.480000000000004  0.01073732044511096  -3.24682852827411e-05
43.5  0.010753715843781597  -3.239884120020022e-05
43.52  0.010769850613081238  -3.232827803149303e-05
43.54  0.010785721202131691  -3.2255921132174526e-05
43.56  0.010801324176848707  -3.218107729536185e-05
43.58  0.010816656223313827  -3.210304568662567e-05
43.6  0.010831714148902409  -3.2021130373845885e-05
43.62  0.010846494880602124  -3.1934653896586505e-05
43.64  0.010860995460036696  -3.1842971173916675e-05
43.660000000000004  0.010875213034986701  -3.1745482839872206e-05
43.68  0.01088914484750444  -3.164164708220606e-05
43.7  0.010902788218991702  -3.153098910434869e-05
43.72  0.010916140532944131  -3.1413107465527165e-05
43.74  0.010929199216287096  -3.128767686466503e-05
43.76  0.010941961720347579  -3.1154447205124664e-05
43.78  0.010954425502520442  -3.1013239134104773e-05
43.800000000000004  0.010966588009542942  -3.0863936583594316e-05
43.82  0.010978446663079075  -3.0706477057111886e-05
43.84  0.010989998848003496  -3.054084073900679e-05
43.86  0.011001241903522195  -3.0367039688030832e-05
43.88  0.011012173117340394  -3.0185108674827536e-05
43.9  0.011022789723265243  -2.9995098777549352e-05
43.92  0.011033088902125935  -2.97970731656976e-05
43.94  0.011043067784166785  -2.959110279455875e-05
43.96  0.011052723450161188  -2.937726122897637e-05
43.980000000000004  0.01106205293054977  -2.9155620927481566e-05
44.0  0.011071053204253441  -2.8926253025358865e-05
44.02  0.011079721198429739  -2.8689230160295786e-05
44.04  0.011088053789253063  -2.8444630858250917e-05
44.06  0.011096047803238198  -2.8192544429094547e-05
44.08  0.011103700018810942  -2.7933075966911305e-05
44.1  0.011111007168163713  -2.7666351326062313e-05
44.12  0.011117965939748495  -2.7392521966545057e-05
44.14  0.011124572982320537  -2.7111769395384892e-05
44.160000000000004  0.011130824911808133  -2.682430812174137e-05
44.18  0.01113671832095184  -2.6530385134004005e-05
44.2  0.011142249786528136  -2.6230275428604682e-05
44.22  0.011147415866694878  -2.5924279333008358e-05
44.24  0.011152213093339917  -2.5612727980592852e-05
44.26  0.011156637974080567  -2.52959916318649e-05
44.28  0.011160687004779594  -2.497448233282135e-05
44.300000000000004  0.011164356682638408  -2.4648651755405686e-05
44.32  0.011167643515884349  -2.431898817334674e-05
44.34  0.011170544031638845  -2.398601365532284e-05
44.36  0.011173054783383134  -2.365028124129687e-05
44.38  0.011175172358416677  -2.3312371789959923e-05
44.4  0.011176893385321598  -2.2972890501398792e-05
44.42  0.011178214541366572  -2.2632463070225865e-05
44.44  0.01117913255985224  -2.2291731474209824e-05
44.46  0.011179644237353204  -2.1951349460513567e-05
44.480000000000004  0.011179746440888325  -2.1611977750853297e-05
44.5  0.011179436115052881  -2.1274279053465224e-05
44.52  0.011178710289214529  -2.0938912996028323e-05
44.54  0.011177566084870461  -2.060653111673692e-05
44.56  0.011176000723258554  -2.0277772080873406e-05
44.58  0.011174011533249425  -1.995325737508441e-05
44.6  0.011171595959462063  -1.9633587599255704e-05
44.62  0.011168751570520283  -1.931933949243363e-05
44.64  0.011165476067369279  -1.901106366617696e-05
44.660000000000004  0.011161767291567766  -1.8709282984771616e-05
44.68  0.011157623233524505  -1.8414491528208e-05
44.7  0.011153042040662482  -1.812715405339552e-05
44.72  0.011148022025559498  -1.7847705968691895e-05
44.74  0.011142561674132382  -1.7576553840894115e-05
44.76  0.011136659653923919  -1.7314076480124148e-05
44.78  0.011130314822486963  -1.7060626641946147e-05
44.800000000000004  0.01112352623579659  -1.6816533301811074e-05
44.82  0.011116293156552853  -1.6582104409416807e-05
44.84  0.011108615062212012  -1.6357630036890344e-05
44.86  0.011100491652565176  -1.6143385748257434e-05
44.88  0.01109192285671051  -1.593963609166394e-05
44.9  0.01108290883923794  -1.5746637998086796e-05
44.92  0.011073450005508979  -1.5564643932829468e-05
44.94  0.011063547005943836  -1.539390455756484e-05
44.96  0.011053200739333939  -1.523467074141968e-05
44.980000000000004  0.011042412355251344  -1.5087194789227391e-05
45.0  0.011031183255731386  -1.4951730785563803e-05
45.02  0.011019515096497757  -1.4828534078797254e-05
45.04  0.011007409788002737  -1.4717859910101724e-05
45.06  0.010994869496562405  -1.4619961332014636e-05
45.08  0.010981896645810748  -1.4535086516706968e-05
45.1  0.010968493918593985  -1.4463475638044245e-05
45.12  0.010954664259342833  -1.4405357420727367e-05
45.14  0.01094041087685575  -1.4360945491868546e-05
45.160000000000004  0.010925737247347616  -1.433043459633077e-05
45.18  0.010910647117579953  -1.431399671568504e-05
45.2  0.010895144507902518  -1.4311777122341622e-05
45.22  0.010879233715086417  -1.4323890360881505e-05
45.24  0.010862919314897444  -1.4350416103692765e-05
45.26  0.010846206164459051  -1.4391394975259615e-05
45.28  0.010829099404530891  -1.4446824475497274e-05
45.300000000000004  0.010811604461812615  -1.4516655321675356e-05
45.32  0.010793727051199336  -1.4600788515150044e-05
45.34  0.010775473177778522  -1.4699073335976283e-05
45.36  0.010756849138308345  -1.4811306208581675e-05
45.38  0.010737861522078201  -1.4937230268062704e-05
45.4  0.010718517211235633  -1.507653545852229e-05
45.42  0.010698823380710747  -1.5228859084137973e-05
45.44  0.010678787497842152  -1.539378688053229e-05
45.46  0.01065841732165178  -1.557085465668212e-05
45.480000000000004  0.010637720901700702  -1.5759550561195978e-05
45.5  0.010616706576398226  -1.5959318026790667e-05
45.52  0.010595382970657269  -1.616955937223237e-05
45.54  0.010573758992823121  -1.6389640022811806e-05
45.56  0.010551843830803438  -1.6618893309168983e-05
45.58  0.01052964694735967  -1.6856625740103588e-05
45.6  0.010507178074543957  -1.7102122671551797e-05
45.62  0.010484447207269607  -1.7354654265094254e-05
45.64  0.010461464596013348  -1.7613481645731683e-05
45.660000000000004  0.010438240738702122  -1.7877863146073924e-05
45.68  0.01041478637183369  -1.8147060494185623e-05
45.7  0.010391112460878949  -1.8420344829140343e-05
45.72  0.010367230190072269  -1.8697002376786008e-05
45.74  0.010343150951632818  -1.8976339686166615e-05
45.76  0.010318886334522121  -1.9257688302019447e-05
45.78  0.010294448112819831  -1.9540408793020064e-05
45.800000000000004  0.010269848233825048  -1.9823894108117605e-05
45.82  0.010245098805987939  -2.010757219002993e-05
45.84  0.010220212086805229  -2.039090789199644e-05
45.86  0.010195200470765043  -2.0673404189778733e-05
45.88  0.010170076477452154  -2.09546027640196e-05
45.9  0.010144852739866324  -2.1234083998772687e-05
45.92  0.010119541993022353  -2.1511466492283934e-05
45.94  0.010094157062839261  -2.1786406113960072e-05
45.96  0.010068710855351163  -2.20585947065581e-05
45.980000000000004  0.0100432163462079  -2.2327758453212248e-05
46.0  0.010017686570467494  -2.2593655965633325e-05
46.02  0.009992134612653853  -2.2856076141491352e-05
46.04  0.009966573597041927  -2.311483585141161e-05
46.06  0.00994101667813128  -2.336977752492964e-05
46.08  0.009915477031260462  -2.362076671270976e-05
46.1  0.009889967843318775  -2.386768968547698e-05
46.12  0.009864502303489266  -2.41104511735292e-05
46.14  0.00983909359397583  -2.4348972270124902e-05
46.160000000000004  0.009813754880642539  -2.458318856844952e-05
46.18  0.009788499303511045  -2.481304856551513e-05
46.2  0.009763339967013555  -2.5038512331266055e-05
46.22  0.009738289929959917  -2.525955048570715e-05
46.24  0.009713362195084759  -2.547614344378068e-05
46.26  0.009688569698144172  -2.5688280955539675e-05
46.28  0.00966392529643493  -2.58959619172568e-05
46.300000000000004  0.00963944175668128  -2.6099194419939446e-05
46.32  0.009615131742196486  -2.629799601089359e-05
46.34  0.009591007799277936  -2.6492394127580164e-05
46.36  0.009567082342788054  -2.6682426654277273e-05
46.38  0.009543367640934063  -2.6868142560205517e-05
46.4  0.009519875799270014  -2.7049602587375673e-05
46.42  0.009496618744062015  -2.722687994351294e-05
46.44  0.00947360820513389  -2.7400060995876016e-05
46.46  0.009450855698434917  -2.756924591243964e-05
46.480000000000004  0.009428372508569904  -2.7734549239019847e-05
46.5  0.009406169671593755  -2.7896100414820426e-05
46.52  0.00938425795837847  -2.8054044210031557e-05
46.54  0.009362647858895352  -2.8208541103621926e-05
46.56  0.009341349567759493  -2.835976764572615e-05
46.58  0.009320372971343987  -2.8507916773478635e-05
46.6  0.009299727636751005  -2.86531980794864e-05
46.62  0.009279422802893934  -2.8795837975410386e-05
46.64  0.009259467373834318  -2.8936079717805808e-05
46.660000000000004  0.009239869914436129  -2.907418323636458e-05
46.68  0.009220638648291441  -2.9210424779628308e-05
46.7  0.009201781457764074  -2.9345096332055357e-05
46.72  0.009183305885881302  -2.9478504899233284e-05
46.74  0.009165219139793625  -2.961097169673049e-05
46.76  0.009147528095443162  -2.9742831396363275e-05
46.78  0.009130239303121282  -2.9874431534263e-05
46.800000000000004  0.009113358993666085  -3.000613215809567e-05
46.82  0.009096893085048597  -3.0138305707359084e-05
46.84  0.009080847189276245  -3.0271337025479568e-05
46.86  0.00906522661949817  -3.0405623313877486e-05
46.88  0.009050036397249097  -3.0541573839225416e-05
46.9  0.009035281259761326  -3.067960919310894e-05
46.92  0.00902096566719307  -3.08201599707532e-05
46.94  0.009007093809659951  -3.096366474858679e-05
46.96  0.008993669613954265  -3.111056725927809e-05
46.980000000000004  0.008980696749968743  -3.1261312646001805e-05
47.0  0.00896817863692759  -3.141634269986097e-05
47.02  0.008956118449601305  -3.1576089975213394e-05
47.04  0.008944519124714409  -3.1740970796930546e-05
47.06  0.00893338336768265  -3.191137734990717e-05
47.08  0.008922713659621901  -3.208766937135583e-05
47.1  0.008912512264377821  -3.227016619509414e-05
47.12  0.008902781235079512  -3.245913993722361e-05
47.14  0.008893522419689643  -3.265481029544976e-05
47.160000000000004  0.008884737465142841  -3.2857341102955574e-05
47.18  0.008876427819855348  -3.306683846954789e-05
47.2  0.008868594734615959  -3.328335022193954e-05
47.22  0.008861239261993458  -3.3506866382199924e-05
47.24  0.008854362254494881  -3.3737320465374505e-05
47.26  0.008847964361761086  -3.397459138586828e-05
47.28  0.008842046027115056  -3.421850587923471e-05
47.300000000000004  0.008836607483729855  -3.446884129717644e-05
47.32  0.008831648750701138  -3.472532874126607e-05
47.34  0.008827169629227125  -3.4987656485879935e-05
47.36  0.008823169699032025  -3.525547363436873e-05
47.38  0.00881964831507825  -3.552839406375646e-05
47.4  0.008816604604587242  -3.5806000555445374e-05
47.42  0.008814037464273165  -3.608784909803249e-05
47.44  0.008811945557732162  -3.637347325148886e-05
47.46  0.008810327312998745  -3.666238840208651e-05
47.480000000000004  0.008809180920332504  -3.695409552383592e-05
47.5  0.008808504330449194  -3.72480837376072e-05
47.52  0.008808295253365909  -3.754383057930531e-05
47.54  0.008808551158449572  -3.7840799961138235e-05
47.56  0.008809269277686129  -3.813844059572311e-05
47.58  0.008810446615218933  -3.8436189152550376e-05
47.6  0.00881207996368323  -3.873347821345984e-05
47.62  0.008814165923427012  -3.902974399521232e-05
47.64  0.008816700920420004  -3.9324430674455474e-05
47.660000000000004  0.008819681221535649  -3.961699230299649e-05
47.68  0.008823102947414362  -3.9906894297994254e-05
47.7  0.008826962083306635  -4.019361531083508e-05
47.72  0.008831254488236677  -4.047664931803085e-05
47.74  0.008835975902916286  -4.075550760551266e-05
47.76  0.008841121956811296  -4.1029720452705174e-05
47.78  0.00884668817465417  -4.1298838325194647e-05
47.800000000000004  0.00885266998262225  -4.156243250950097e-05
47.82  0.008859062714239311  -4.182009504936578e-05
47.84  0.008865861616060669  -4.207143803818685e-05
47.86  0.008873061853193644  -4.231609241296021e-05
47.88  0.008880658514621815  -4.255370667910762e-05
47.9  0.008888646618183057  -4.2783946055642585e-05
47.92  0.008897021114828436  -4.300649235772135e-05
47.94  0.008905776891722589  -4.32210444878241e-05
47.96  0.008914908773951137  -4.342731912406835e-05
47.980000000000004  0.008924411525011038  -4.3625051133247596e-05
48.0  0.008934279846489823  -4.3813993519169206e-05
48.02  0.00894450837732324  -4.3993916953599764e-05
48.04  0.008955091692884436  -4.416460904145623e-05
48.06  0.008966024304014952  -4.432587340973918e-05
48.08  0.008977300656015114  -4.447752870297694e-05
48.1  0.008988915127654297  -4.461940752425699e-05
48.120000000000005  0.009000862030216994  -4.475135533528637e-05
48.14  0.009013135606652707  -4.4873229413257924e-05
48.160000000000004  0.009025730030875392  -4.498489784666498e-05
48.18  0.009038639407282702  -4.508623866737499e-05
48.2  0.009051857770495234  -4.5177139120659645e-05
48.22  0.009065379085360177  -4.525749516944664e-05
48.24  0.009079197247187625  -4.5327211211767106e-05
48.26  0.009093306082196568  -4.5386200141810143e-05
48.28  0.009107699348135075  -4.543438372332603e-05
48.300000000000004  0.009122370735021553  -4.547169335147631e-05
48.32  0.009137313865962102  -4.5498071185453715e-05
48.34  0.009152522298033705  -4.551347165457001e-05
48.36  0.009167989523222373  -4.551786327956067e-05
48.38  0.009183708969453117  -4.551123079398373e-05
48.4  0.009199674001734643  -4.5493577479727834e-05
48.42  0.009215877923476801  -4.5464927699685514e-05
48.44  0.009232313978020759  -4.542532950826283e-05
48.46  0.009248975350413866  -4.5374857277625484e-05
48.480000000000004  0.00926585516949463  -4.5313614246736446e-05
48.5  0.009282946510282839  -4.524173484073813e-05
48.52  0.009300242396732288  -4.515938666310736e-05
48.54  0.00931773580485313  -4.506677205189614e-05
48.56  0.009335419666191355  -4.496412909931296e-05
48.58  0.009353286871630187  -4.485173211999266e-05
48.6  0.009371330275425804  -4.4729891560746215e-05
48.620000000000005  0.009389542699369667  -4.4598953408867624e-05
48.64  0.009407916936957245  -4.445929816983615e-05
48.660000000000004  0.009426445757487583  -4.43113394882193e-05
48.68  0.009445121909986342  -4.415552247969552e-05
48.7  0.009463938126944514  -4.3992321813764e-05
48.72  0.0094828871278026  -4.382223956971574e-05
48.74  0.009501961622214  -4.364580285388247e-05
48.76  0.009521154313085634  -4.346356112810731e-05
48.78  0.009540457899500105  -4.327608321192662e-05
48.800000000000004  0.009559865079567931  -4.3083953918980225e-05
48.82  0.009579368553311075  -4.288777033233888e-05
48.84  0.00959896102566623  -4.26881377394484e-05
48.86  0.009618635209658059  -4.248566534072226e-05
48.88  0.009638383829786507  -4.2280961833662075e-05
48.9  0.009658199625649365  -4.207463105008639e-05
48.92  0.009678075355778307  -4.186726780861019e-05
48.94  0.0096980038016219  -4.165945407630852e-05
48.96  0.009717977771622642  -4.145175547034939e-05
48.980000000000004  0.009737990105322308  -4.124471802197388e-05
49.0  0.009758033677473755  -4.1038865148437044e-05
49.02  0.009778101402098512  -4.083469474872547e-05
49.04  0.009798186236448302  -4.063267644166692e-05
49.06  0.009818281184782732  -4.04332488971956e-05
49.08  0.00983837930198028  -4.0236817279783684e-05
49.1  0.009858473696969095  -4.004375081459048e-05
49.120000000000005  0.009878557536039933  -3.985438047040827e-05
49.14  0.009898624046117554  -3.966899676426828e-05
49.160000000000004  0.009918666518062584  -3.9487847730957504e-05
49.18  0.0099386783100387  -3.9311137086152526e-05
49.2  0.009958652851031362  -3.9139022637237014e-05
49.22  0.009978583644454484  -3.8971614995073384e-05
49.24  0.009998464271860349  -3.880897666366286e-05
49.26  0.010018288396637038  -3.865112153628514e-05
49.28  0.010038049767634026  -3.8498014852596607e-05
49.300000000000004  0.010057742222592876  -3.8349573626527824e-05
49.32  0.01007735969130599  -3.820566757039998e-05
49.34  0.010096896198399832  -3.806612048362543e-05
49.36  0.010116345865680162  -3.793071209306048e-05
49.38  0.010135702913967507  -3.779918034822441e-05
49.4  0.010154961664369236  -3.7671224112436704e-05
49.42  0.010174116538960007  -3.754650624557173e-05
49.44  0.010193162060842174  -3.742465705385071e-05
49.46  0.010212092853564364  -3.730527807669228e-05
49.480000000000004  0.010230903639931397  -3.718794614733829e-05
49.5  0.010249589240212825  -3.707221766140027e-05
49.52  0.010268144569839807  -3.695763297820043e-05
49.54  0.010286564636650198  -3.684372083581511e-05
49.56  0.010304844537788382  -3.6730002684476646e-05
49.58  0.010322979456340024  -3.661599686233014e-05
49.6  0.010340964657825939  -3.650122253078433e-05
49.620000000000005  0.010358795486623058  -3.6385203301098996e-05
49.64  0.010376467362402931  -3.6267470557030336e-05
49.660000000000004  0.01039397577665174  -3.614756643006981e-05
49.68  0.010411316289301755  -3.602504646943451e-05
49.7  0.010428484525487034  -3.589948198879061e-05
49.72  0.010445476172414375  -3.577046210208104e-05
49.74  0.010462286976381765  -3.5637595412095195e-05
49.76  0.010478912739996894  -3.550051140042511e-05
49.78  0.010495349319662452  -3.535886156624092e-05
49.800000000000004  0.01051159262337268  -3.5212320423627424e-05
49.82  0.010527638608850047  -3.50605864226062e-05
49.84  0.010543483281992675  -3.490338282855918e-05
49.86  0.01055912269555888  -3.474045854263552e-05
49.88  0.010574552948030306  -3.457158882605122e-05
49.9  0.010589770182591829  -3.4396575909172626e-05
49.92  0.010604770586200343  -3.421524946229543e-05
49.94  0.010619550388754598  -3.402746695452405e-05
49.96  0.010634105862367724  -3.3833113891579354e-05
49.980000000000004  0.010648433320777868  -3.3632104012607886e-05
50.0  0.010662529118919687  -3.342437944133283e-05
50.02  0.010676389652680555  -3.3209910910580255e-05
50.04  0.010690011358866984  -3.29886980499158e-05
50.06  0.010703390715363494  -3.276076982602762e-05
50.08  0.010716524241424155  -3.252618515279522e-05
50.1  0.010729408498057681  -3.228503362689428e-05
50.120000000000005  0.01074204008844637  -3.203743634399173e-05
50.14  0.01075441565837053  -3.178354667621942e-05
50.160000000000004  0.01076653189671133  -3.152355091170142e-05
50.18  0.010778385536068804  -3.125766864212912e-05
50.2  0.0107899733535643  -3.098615288623268e-05
50.22  0.010801292171847948  -3.070928986922504e-05
50.24  0.01081233886031617  -3.0427398440419132e-05
50.26  0.010823110336567457  -3.014082913957645e-05
50.28  0.010833603568161201  -2.9849962949462632e-05
50.300000000000004  0.010843815574665457  -2.9555209746590197e-05
50.32  0.010853743429933267  -2.925700637672309e-05
50.34  0.01086338426439236  -2.8955814179246656e-05
50.36  0.01087273526702142  -2.865211592623708e-05
50.38  0.010881793686653884  -2.8346412531303547e-05
50.4  0.010890556832421959  -2.8039219919792924e-05
50.42  0.010899022073353803  -2.7731066322699966e-05
50.44  0.010907186837203842  -2.7422489889508543e-05
50.46  0.010915048608593459  -2.711403634992774e-05
50.480000000000004  0.010922604926485828  -2.6806256609908182e-05
50.5  0.010929853381079185  -2.6499704169715947e-05
50.52  0.010936791610185227  -2.619493243676158e-05
50.54  0.01094341729525739  -2.589249199401783e-05
50.56  0.010949728157158922  -2.5592927908850937e-05
50.58  0.010955721951829332  -2.529677710051668e-05
50.6  0.010961396465922419  -2.5004565789771584e-05
50.620000000000005  0.010966749512516463  -2.47168069221553e-05
50.64  0.010971778926988862  -2.4433997441090573e-05
50.660000000000004  0.010976482563164709  -2.4156615177672844e-05
50.68  0.010980858289732782  -2.3885115127022742e-05
50.7  0.01098490398661682  -2.361992500844726e-05
50.72  0.010988617540560859  -2.336144065187617e-05
50.74  0.010991996839261367  -2.311002250885215e-05
50.76  0.010995039764615773  -2.286599469015141e-05
50.78  0.010997744187099104  -2.2629646442581603e-05
50.800000000000004  0.011000107963176232  -2.2401234301387365e-05
50.82  0.011002128935652299  -2.2180983375782613e-05
50.84  0.01100380493564893  -2.1969087754921635e-05
50.86  0.011005133785209852  -2.1765710799659975e-05
50.88  0.011006113300455598  -2.157098579449463e-05
50.9  0.011006741295450564  -2.138501705953679e-05
50.92  0.01100701558699318  -2.1207881504209554e-05
50.94  0.011006934000419305  -2.103963059435673e-05
50.96  0.01100649437644708  -2.088029265928262e-05
50.980000000000004  0.011005694579067506  -2.0729875453730093e-05
51.0  0.011004532504445318  -2.0588368892412243e-05
51.02  0.011003006090755996  -2.0455747894385043e-05
51.04  0.011001113328854426  -2.0331975318955907e-05
51.06  0.010998852273579182  -2.0217004977334337e-05
51.08  0.010996221055516458  -2.011078476387458e-05
51.1  0.01099321789294599  -2.0013259841069383e-05
51.120000000000005  0.010989841103761923  -1.9924375887702177e-05
51.14  0.010986089117131387  -1.9844082321505256e-05
51.160000000000004  0.010981960484743026  -1.9772335381557785e-05
51.18  0.010977453891534391  -1.970910095002828e-05
51.2  0.010972568165850504  -1.9654356996515203e-05
51.22  0.010967302289064635  -1.9608095515455584e-05
51.24  0.010961655404674848  -1.957032389295533e-05
51.26  0.010955626826982017  -1.954106560301697e-05
51.28  0.010949216049352516  -1.9520360240303763e-05
51.300000000000004  0.010942422752144302  -1.9508262851921293e-05
51.32  0.010935246810300293  -1.950484262497963e-05
51.34  0.010927688300630284  -1.951018095525827e-05
51.36  0.010919747508766425  -1.9524369009898523e-05
51.38  0.010911424935759894  -1.9547504845571835e-05
51.4  0.010902721304308647  -1.9579690220192416e-05
51.42  0.010893637564557794  -1.9621027178839146e-05
51.44  0.010884174899407257  -1.967161452524044e-05
51.46  0.010874334729314726  -1.9731544269948404e-05
51.480000000000004  0.010864118716506778  -1.9800898134228552e-05
51.5  0.01085352876859456  -1.987974421489952e-05
51.52  0.010842567041513823  -1.9968133880940628e-05
51.54  0.010831235941791537  -2.00660989857508e-05
51.56  0.01081953812808485  -2.0173649478659806e-05
51.58  0.010807476512009619  -2.0290771437533957e-05
51.6  0.010795054258263177  -2.041742555784373e-05
51.620000000000005  0.01078227478410445  -2.0553546083450707e-05
51.64  0.010769141758223223  -2.0699040223250233e-05
51.660000000000004  0.010755659099080205  -2.085378800276592e-05
51.68  0.01074183097272204  -2.1017642543638087e-05
51.7  0.010727661790048191  -2.1190430705833573e-05
51.72  0.01071315620351599  -2.1371954014794263e-05
51.74  0.010698319103207335  -2.1561989769468295e-05
51.76  0.010683155612290303  -2.176029224597906e-05
51.78  0.010667671081908952  -2.19665938917397e-05
51.800000000000004  0.010651871085642688  -2.2180606488682068e-05
51.82  0.010635761413628427  -2.240202221168515e-05
51.84  0.01061934806650379  -2.263051457339893e-05
51.86  0.010602637249253194  -2.2865739271969876e-05
51.88  0.010585635365071358  -2.310733489196407e-05
51.9  0.010568349009313064  -2.3354923489102867e-05
51.92  0.010550784963618783  -2.3608111019042404e-05
51.94  0.010532950190305344  -2.386648761778178e-05
51.96  0.01051485182706951  -2.412962775301896e-05
51.980000000000004  0.010496497182119053  -2.4397090265049033e-05
52.0  0.01047789372976104  -2.4668418335195703e-05
52.02  0.010459049106532267  -2.4943139471682e-05
52.04  0.010439971107886395  -2.5220765533322022e-05
52.06  0.010420667685423692  -2.5500792878668818e-05
52.08  0.010401146944658417  -2.5782702681580763e-05
52.1  0.010381417143264965  -2.6065961443849585e-05
52.120000000000005  0.010361486689714804  -2.6350021757705084e-05
52.14  0.01034136414224638  -2.6634323330841206e-05
52.160000000000004  0.010321058208023625  -2.6918294316603754e-05
52.18  0.01030057774240932  -2.720135297965731e-05
52.2  0.010279931748190845  -2.7482909732690152e-05
52.22  0.010259129374714756  -2.7762369567931053e-05
52.24  0.01023817991680913  -2.8039134921718424e-05
52.26  0.010217092813406178  -2.831260897448069e-05
52.28  0.010195877645765059  -2.8582199372236475e-05
52.300000000000004  0.010174544135159445  -2.8847322330333147e-05
52.32  0.010153102139921684  -2.910740702350948e-05
52.34  0.010131561651719698  -2.93619001405751e-05
52.36  0.010109932790984532  -2.9610270458450187e-05
52.38  0.01008822580142418  -2.9852013282468263e-05
52.4  0.010066451043590068  -3.0086654594760696e-05
52.42  0.010044618987495604  -3.0313754784937994e-05
52.44  0.010022740204334862  -3.053291187923228e-05
52.46  0.010000825357362375  -3.074376421327422e-05
52.480000000000004  0.009978885192032674  -3.094599252817022e-05
52.5  0.009956930525517185  -3.11393215293913e-05
52.52  0.009934972235746123  -3.132352089273868e-05
52.54  0.009913021250069922  -3.149840579320675e-05
52.56  0.009891088533659751  -3.166383694207915e-05
52.58  0.009869185077760263  -3.181972020135468e-05
52.6  0.009847321887875533  -3.196600576274408e-05
52.620000000000005  0.009825509971976119  -3.210268696490947e-05
52.64  0.009803760328815275  -3.2229798762148064e-05
52.660000000000004  0.009782083936442981  -3.234741593088537e-05
52.68  0.009760491741037424  -3.245565109120897e-05
52.7  0.009738994646145376  -3.2554652626795e-05
52.72  0.009717603502444805  -3.2644602598545534e-05
52.74  0.009696329098143318  -3.272571476187557e-05
52.76  0.00967518215010173  -3.279823276093743e-05
52.78  0.009654173295731084  -3.286242859746539e-05
52.800000000000004  0.009633313085724548  -3.291860143958873e-05
52.82  0.009612611977595283  -3.296707683626783e-05
52.84  0.00959208033002682  -3.300820637304014e-05
52.86  0.009571728397967964  -3.304236779843265e-05
52.88  0.0095515663284259  -3.306996560016144e-05
52.9  0.009531604156862952  -3.309143198284545e-05
52.92  0.009511851804065382  -3.3107228108009295e-05
52.94  0.009492319073329581  -3.3117845451466555e-05
52.96  0.009473015647735394  -3.312380701993198e-05
52.980000000000004  0.009453951087251639  -3.312566814020475e-05
53.0  0.009435134825317793  -3.312401655127221e-05
53.02  0.009416576164523034  -3.311947148097498e-05
53.04  0.009398284270899749  -3.3112681520843494e-05
53.06  0.009380268166370035  -3.3104321145682476e-05
53.08  0.009362536718862925  -3.3095085883680844e-05
53.1  0.009345098629723065  -3.3085686254532434e-05
53.120000000000005  0.00932796241815364  -3.307684074625563e-05
53.14  0.00931113640264357  -3.3069268212966964e-05
53.160000000000004  0.009294628679558893  -3.306368026168408e-05
53.18  0.009278447099320356  -3.306077418310347e-05
53.2  0.009262599240788993  -3.306122708228882e-05
53.22  0.009247092384671014  -3.3065691747902675e-05
53.24  0.009231933486787035  -3.3074794689686895e-05
53.26  0.009217129152110521  -3.308913653682844e-05
53.28  0.009202685610443788  -3.310929478093217e-05
53.300000000000004  0.00918860869454059  -3.313582867585942e-05
53.32  0.009174903821500954  -3.316928598762862e-05
53.34  0.009161575978128571  -3.321021125141103e-05
53.36  0.009148629710935764  -3.325915511040134e-05
53.38  0.00913606912128098  -3.3316684281209364e-05
53.4  0.009123897866033251  -3.338339162974337e-05
53.42  0.009112119163971939  -3.3459905732215525e-05
53.44  0.009100735807955387  -3.35468994000863e-05
53.46  0.009089750182753023  -3.3645096589866375e-05
53.480000000000004  0.009079164288259209  -3.37552772765261e-05
53.5  0.009068979767600347  -3.387827986604083e-05
53.52  0.009059197939473958  -3.401500073551147e-05
53.54  0.009049819833857104  -3.416639045294821e-05
53.56  0.009040846230153075  -3.433344626323578e-05
53.58  0.009032277696917473  -3.451720055830573e-05
53.6  0.009024114632423554  -3.471870543969032e-05
53.620000000000005  0.009016357305454475  -3.493901380550116e-05
53.64  0.009009005895625664  -3.51791576728306e-05
53.660000000000004  0.009002060532440148  -3.5440124463338446e-05
53.68  0.008995521332216545  -3.572283193687074e-05
53.7  0.008989388431966217  -3.602810251704622e-05
53.72  0.008983662019403149  -3.635663781887367e-05
53.74  0.008978342358301037  -3.67089942575485e-05
53.76  0.008973429808494745  -3.708556072431962e-05
53.78  0.00896892483988852  -3.7486539251824306e-05
53.800000000000004  0.008964828039888222  -3.7911929563257264e-05
53.82  0.008961140113763227  -3.836151820787839e-05
53.84  0.00895786187753571  -3.883487281746684e-05
53.86  0.008954994243134926  -3.933134172921331e-05
53.88  0.008952538195701826  -3.985005895495907e-05
53.9  0.008950494763125207  -4.038995419675732e-05
53.92  0.008948864978189648  -4.094976729016628e-05
53.94  0.008947649834029228  -4.152806626504734e-05
53.96  0.008946850233981037  -4.212326802298088e-05
53.980000000000004  0.00894646693730372  -4.273366052249066e-05
54.0  0.00894650050221629  -4.335742499582907e-05
54.02  0.00894695122675841  -4.399265585306969e-05
54.04  0.008947819086090318  -4.463737466663538e-05
54.06  0.008949103665261407  -4.528953584200384e-05
54.08  0.00895080409460057  -4.594702889205926e-05
54.1  0.008952919002955926  -4.660768777329054e-05
54.120000000000005  0.008955446493161797  -4.726930742057378e-05
54.14  0.008958384127354418  -4.792965512820065e-05
54.160000000000004  0.008961728914312843  -4.8586470226542564e-05
54.18  0.00896547730287266  -4.923745627132164e-05
54.2  0.008969625186215786  -4.98802712200776e-05
54.22  0.008974167918001532  -5.0512518184781244e-05
54.24  0.008979100339552524  -5.113173765010277e-05
54.26  0.008984416816988621  -5.17354017784575e-05
54.28  0.008990111287140126  -5.2320911561090365e-05
54.300000000000004  0.008996177310857164  -5.2885597642862654e-05
54.32  0.009002608132127915  -5.342672565047046e-05
54.34  0.009009396741273544  -5.394150668169005e-05
54.36  0.00901653594047204  -5.4427113392008456e-05
54.38  0.009024018410027434  -5.488070185436365e-05
54.4  0.009031836773860831  -5.5299439131612496e-05
54.42  0.009039983662832618  -5.568053631874083e-05
54.44  0.00904845177446905  -5.6021286624379577e-05
54.46  0.009057233927723183  -5.631910785050476e-05
54.480000000000004  0.00906632311145744  -5.6571588350014755e-05
54.5  0.009075712525566762  -5.677653527063958e-05
54.52  0.009085395613797476  -5.6932023729338084e-05
54.54  0.009095366087657979  -5.7036445335136613e-05
54.56  0.009105617941053542  -5.7088554551043804e-05
54.58  0.009116145455536646  -5.708751125011407e-05
54.6  0.009126943196334123  -5.7032918005315935e-05
54.620000000000005  0.009138005999547599  -5.692485069025313e-05
54.64  0.009149328951155698  -5.6763881192022933e-05
54.660000000000004  0.009160907358620685  -5.655109121447119e-05
54.68  0.009172736716128432  -5.628807643580173e-05
54.7  0.009184812664593409  -5.597694050225177e-05
54.72  0.009197130947768641  -5.562027868837541e-05
54.74  0.009209687365774492  -5.5221151262363636e-05
54.76  0.009222477727471963  -5.478304693365606e-05
54.78  0.009235497803075716  -5.430983698700897e-05
54.800000000000004  0.009248743278376272  -5.3805720952714694e-05
54.82  0.009262209711877462  -5.3275164891638023e-05
54.84  0.009275892496075192  -5.2722833577536574e-05
54.86  0.0092897868239594  -5.21535179812933e-05
54.88  0.00930388766169201  -5.157205966400678e-05
54.9  0.009318189728185908  -5.098327372379739e-05
54.92  0.00933268748210559  -5.03918720153297e-05
54.94  0.009347375116582084  -4.980238838853459e-05
54.96  0.009362246561674262  -4.921910760514371e-05
54.980000000000004  0.009377295494432726  -4.86459995419038e-05
55.0  0.009392515356179474  -4.808666012061703e-05
55.02  0.009407899376485694  -4.754426026792202e-05
55.04  0.00942344060318858  -4.7021503936583756e-05
55.06  0.009439131937662994  -4.652059605743115e-05
55.08  0.00945496617440318  -4.6043221047957004e-05
55.1  0.00947093604386352  -4.559053231331964e-05
55.120000000000005  0.00948703425732306  -4.5163153032802794e-05
55.14  0.009503253552431892  -4.4761188325877e-05
55.160000000000004  0.009519586738067687  -4.4384248607602455e-05
55.18  0.009536026737115932  -4.403148366762233e-05
55.2  0.009552566625902634  -4.370162663937334e-05
55.22  0.009569199669016532  -4.33930466960735e-05
55.24  0.009585919348423885  -4.310380901004958e-05
55.26  0.009602719385904903  -4.2831740279524594e-05
55.28  0.00961959375811453  -4.2574497909825325e-05
55.300000000000004  0.009636536703884223  -4.232964097627986e-05
55.32  0.009653542723674838  -4.2094701048673384e-05
55.34  0.00967060657139674  -4.1867251079081616e-05
55.36  0.009687723238957757  -4.1644970637658515e-05
55.38  0.009704887934150315  -4.1425705904607e-05
55.4  0.00972209605262501  -4.120752306997682e-05
55.42  0.009739343144834468  -4.098875393629813e-05
55.44  0.00975662487902467  -4.076803278960875e-05
55.46  0.009773937001424766  -4.05443238574478e-05
55.480000000000004  0.009791275294836161  -4.031693891920409e-05
55.5  0.009808635536940603  -4.008554488055519e-05
55.52  0.009826013459566546  -3.9850161451256484e-05
55.54  0.009843404710148244  -3.961114924407594e-05
55.56  0.009860804816502112  -3.936918894520777e-05
55.58  0.009878209155949938  -3.912525232876982e-05
55.6  0.009895612929634309  -3.888056615738172e-05
55.620000000000005  0.009913011142764135  -3.863657013813565e-05
55.64  0.009930398591307284  -3.83948701942776e-05
55.660000000000004  0.00994776985548264  -3.8157188447521484e-05
55.68  0.009965119300244293  -3.79253112791793e-05
55.7  0.009982441082665234  -3.770103690529921e-05
55.72  0.009999729166027144  -3.748612383226699e-05
55.74  0.010016977340148938  -3.728224152832956e-05
55.76  0.010034179247364956  -3.7090924540346976e-05
55.78  0.01005132841337517  -3.691353120233032e-05
55.800000000000004  0.010068418282116829  -3.675120787154814e-05
55.82  0.010085442253665962  -3.660485948998533e-05
55.84  0.010102393724146582  -3.647512708118919e-05
55.86  0.010119266126549665  -3.636237256020119e-05
55.88  0.010136052971393913  -3.626667105942609e-05
55.9  0.010152747886095825  -3.618781075697567e-05
55.92  0.010169344652066759  -3.6125299979910673e-05
55.94  0.01018583723855228  -3.607838118159257e-05
55.96  0.010202219832409317  -3.604605119081274e-05
55.980000000000004  0.010218486863072168  -3.6027087012541485e-05
56.0  0.010234633022116392  -3.602007630107103e-05
56.02  0.010250653276971175  -3.60234515529549e-05
56.04  0.010266542878473518  -3.603552696760477e-05
56.06  0.010282297362139092  -3.6054536893181854e-05
56.08  0.010297912543183258  -3.6078674744607954e-05
56.1  0.010313384505526877  -3.610613132038302e-05
56.120000000000005  0.010328709585160547  -3.6135131457099104e-05
56.14  0.010343884348425232  -3.616396808220222e-05
56.160000000000004  0.010358905565891547  -3.619103278076412e-05
56.18  0.010373770182682977  -3.6214842161491235e-05
56.2  0.01038847528616215  -3.623405943904786e-05
56.22  0.010403018072020525  -3.624751080084568e-05
56.24  0.01041739580979361  -3.625419632164653e-05
56.26  0.010431605808816748  -3.625329535124466e-05
56.28  0.010445645385543613  -3.624416650959909e-05
56.300000000000004  0.010459511833021299  -3.622634260179477e-05
56.32  0.010473202393221658  -3.619952094974997e-05
56.34  0.010486714232787532  -3.616354972391534e-05
56.36  0.010500044422643958  -3.6118410945849604e-05
56.38  0.010513189921791252  -3.6064200880103105e-05
56.4  0.010526147565461764  -3.6001108587623624e-05
56.42  0.010538914057699352  -3.592939337578796e-05
56.44  0.010551485968282747  -3.584936193820837e-05
56.46  0.010563859733827636  -3.5761345900645446e-05
56.480000000000004  0.010576031662740007  -3.566568048512472e-05
56.5  0.010587997943647892  -3.556268488301907e-05
56.52  0.010599754656836541  -3.5452644868383206e-05
56.54  0.010611297788164085  -3.53357980551964e-05
56.56  0.010622623244965159  -3.521232210225924e-05
56.58  0.010633726873454598  -3.508232601755172e-05
56.6  0.010644604477268931  -3.494584468136817e-05
56.620000000000005  0.010655251836860785  -3.4802836586284713e-05
56.64  0.010665664729543323  -3.465318479558003e-05
56.660000000000004  0.010675838950069287  -3.449670106520556e-05
56.68  0.010685770331626342  -3.433313315185512e-05
56.7  0.010695454767066096  -3.4162175256339696e-05
56.72  0.010704888230092368  -3.398348162007048e-05
56.74  0.010714066795981667  -3.379668313355599e-05
56.76  0.010722986661264006  -3.3601406760281686e-05
56.78  0.010731644161656255  -3.339729739813087e-05
56.800000000000004  0.01074003578747606  -3.318404178275061e-05
56.82  0.010748158195863174  -3.296139398258289e-05
56.84  0.010756008219349536  -3.272920202037125e-05
56.86  0.010763582870632206  -3.2487434958610784e-05
56.88  0.010770879343658432  -3.223620950444631e-05
56.9  0.010777895011302172  -3.197581491125712e-05
56.92  0.010784627419993264  -3.1706734885539084e-05
56.94  0.010791074281782637  -3.1429665299410256e-05
56.96  0.010797233464442542  -3.114552675265983e-05
56.980000000000004  0.010803102980349514  -3.085547137792967e-05
57.0  0.010808680974992128  -3.056088364675252e-05
57.02  0.01081396571602108  -3.0263375183906307e-05
57.04  0.010818955583732264  -2.9964773835347183e-05
57.06  0.010823649063713938  -2.966710729938546e-05
57.08  0.010828044742201124  -2.937258172609966e-05
57.1  0.01083214130431481  -2.9083555718397422e-05
57.120000000000005  0.010835937535141065  -2.8802510122042115e-05
57.14  0.010839432323270583  -2.8532014053032322e-05
57.160000000000004  0.010842624666271982  -2.827468749160228e-05
57.18  0.010845513677317264  -2.803316082297738e-05
57.2  0.010848098591982191  -2.7810031727329453e-05
57.22  0.010850378774054412  -2.7607820147662764e-05
57.24  0.010852353719368314  -2.742892282536917e-05
57.26  0.010854023057523513  -2.7275569657618527e-05
57.28  0.010855386552392696  -2.714978357265388e-05
57.300000000000004  0.010856444101842772  -2.7053343512524263e-05
57.32  0.010857195735352737  -2.698774911570247e-05
57.34  0.010857641607535044  -2.695418736411554e-05
57.36  0.010857781986948825  -2.6953503255032164e-05
57.38  0.010857617240602207  -2.6986176206881774e-05
57.4  0.010857147814649503  -2.70523028401024e-05
57.42  0.010856374211677032  -2.715158639865034e-05
57.44  0.010855296965044281  -2.728333305325166e-05
57.46  0.01085391661087767  -2.74464553540612e-05
57.480000000000004  0.010852233658381281  -2.7639483108420216e-05
57.5  0.010850248559245858  -2.7860581785830426e-05
57.52  0.01084796167704981  -2.8107578435961642e-05
57.54  0.010845373257714746  -2.837799487613578e-05
57.56  0.010842483402200353  -2.8669087680238015e-05
57.58  0.010839292042734504  -2.8977894303829965e-05
57.6  0.0108357989238787  -2.9301284438644417e-05
57.620000000000005  0.010832003589654448  -2.9636015418149808e-05
57.64  0.010827905377755267  -2.997879029339299e-05
57.660000000000004  0.010823503421641702  -3.032631704235841e-05
57.68  0.010818796660938382  -3.067536723257614e-05
57.7  0.010813783860253945  -3.102283244442477e-05
57.72  0.01080846363609743  -3.13657768672158e-05
57.74  0.01080283449125422  -3.17014845587643e-05
57.76  0.010796894855616784  -3.2027500157436345e-05
57.78  0.010790643132201783  -3.234166204422529e-05
57.800000000000004  0.010784077746880307  -3.264212730801835e-05
57.82  0.010777197200200156  -3.2927388132852415e-05
57.84  0.010770000119669405  -3.319627960423133e-05
57.86  0.010762485310855538  -3.344797911867376e-05
57.88  0.010754651805801665  -3.368199799463444e-05
57.9  0.010746498907407748  -3.3898165967592696e-05
57.92  0.010738026228621729  -3.40966095509976e-05
57.94  0.01072923372556352  -3.4277725323413294e-05
57.96  0.010720121723874062  -3.444214928053146e-05
57.980000000000004  0.010710690937939462  -3.459072340814582e-05
58.0  0.010700942482794434  -3.4724460573801274e-05
58.02  0.01069087787882191  -3.484450879063726e-05
58.04  0.010680499049554672  -3.495211572731864e-05
58.06  0.010669808313091878  -3.504859429126725e-05
58.08  0.010658808367837693  -3.513528992096737e-05
58.1  0.010647502273400025  -3.521355011841333e-05
58.120000000000005  0.010635893427613521  -3.528469663162333e-05
58.14  0.010623985540743857  -3.535000058965046e-05
58.160000000000004  0.010611782607916426  -3.541066082061914e-05
58.18  0.010599288880814907  -3.5467785509350806e-05
58.2  0.0105865088395746  -3.55223773113199e-05
58.22  0.010573447165737828  -3.55753219395777e-05
58.24  0.010560108716980023  -3.562738017518053e-05
58.26  0.01054649850420158  -3.567918316529788e-05
58.28  0.010532621671442257  -3.573123076887993e-05
58.300000000000004  0.010518483478932404  -3.578389269451734e-05
58.32  0.010504089289508396  -3.583741207751616e-05
58.34  0.010489444558455935  -3.5891911153940565e-05
58.36  0.010474554826795875  -3.5947398664868905e-05
58.38  0.010459425717895543  -3.600377858284506e-05
58.4  0.010444062937304542  -3.606085983746873e-05
58.42  0.010428472275579996  -3.611836668948493e-05
58.44  0.010412659613930429  -3.617594952168141e-05
58.46  0.010396630932318353  -3.6233195815973486e-05
58.480000000000004  0.01038039231960415  -3.6289641140263314e-05
58.5  0.01036394998508564  -3.634477997504305e-05
58.52  0.01034731027073433  -3.639807617151431e-05
58.54  0.01033047966347972  -3.644897287231238e-05
58.56  0.010313464807154869  -3.649690174576682e-05
58.58  0.010296272513853115  -3.654129152698348e-05
58.6  0.010278909774467616  -3.658157590911842e-05
58.620000000000005  0.010261383768062342  -3.66172008844374e-05
58.64  0.01024370186958792  -3.6647631625019014e-05
58.660000000000004  0.010225871655412893  -3.6672358914803033e-05
58.68  0.010207900906212554  -3.669090511669311e-05
58.7  0.010189797606938524  -3.6702829599566305e-05
58.72  0.010171569943743769  -3.670773359301073e-05
58.74  0.010153226297891177  -3.6705264405055855e-05
58.76  0.010134775236757857  -3.669511900240087e-05
58.78  0.010116225502186662  -3.667704694117579e-05
58.800000000000004  0.010097585996498779  -3.66508526430902e-05
58.82  0.010078865766595366  -3.661639702602068e-05
58.84  0.010060073986623461  -3.6573598482685316e-05
58.86  0.010041219939690336  -3.652243322478682e-05
58.88  0.010022312999158798  -3.6462934999400235e-05
58.9  0.010003362610011125  -3.639519423136793e-05
58.92  0.009984378270733963  -3.6319356613901795e-05
58.94  0.009965369516132784  -3.623562121062962e-05
58.96  0.00994634590140346  -3.614423813728998e-05
58.980000000000004  0.009927316987739179  -3.604550589824852e-05
59.0  0.009908292329622531  -3.593976844835685e-05
59.02  0.00988928146394685  -3.582741203966448e-05
59.04  0.009870293900948679  -3.570886189900587e-05
59.06  0.009851339116900046  -3.558457875226435e-05
59.08  0.00983242654842847  -3.54550552547769e-05
59.1  0.009813565588244061  -3.5320812375491395e-05
59.120000000000005  0.009794765582009143  -3.518239575644051e-05
59.14  0.009776035826045828  -3.504037207370832e-05
59.160000000000004  0.009757385565520476  -3.489532540121033e-05
59.18  0.009738823992775819  -3.474785354806766e-05
59.2  0.009720360245476505  -3.459856433616774e-05
59.22  0.009702003404287778  -3.444807176301543e-05
59.24  0.00968376248986588  -3.429699201222535e-05
59.26  0.009665646458997883  -3.414593925422988e-05
59.28  0.009647664199814967  -3.3995521211589976e-05
59.300000000000004  0.009629824526069294  -3.3846334489591455e-05
59.32  0.009612136170551192  -3.369895970511075e-05
59.34  0.009594607777756503  -3.35539564491416e-05
59.36  0.00957724789598936  -3.341185824179152e-05
59.38  0.009560064969120798  -3.327316758949132e-05
59.4  0.009543067328234876  -3.3138351406089415e-05
59.42  0.00952626318343089  -3.300783705248737e-05
59.44  0.009509660616048023  -3.2882009341615224e-05
59.46  0.00949326757159148  -3.276120883046626e-05
59.480000000000004  0.009477091853621162  -3.264573179954342e-05
59.5  0.009461141118852483  -3.2535832228084995e-05
59.52  0.00944542287373376  -3.243172609138764e-05
59.54  0.009429944472744997  -3.2333598217024186e-05
59.56  0.009414713118685867  -3.224161184348137e-05
59.58  0.009399735865192048  -3.2155920906700126e-05
59.6  0.009385019621712048  -3.20766849054788e-05
59.620000000000005  0.009370571161045003  -3.2004085953199914e-05
59.64  0.00935639712936101  -3.1938347252983934e-05
59.660000000000004  0.009342504058389087  -3.1879751953729715e-05
59.68  0.009328898379046005  -3.182866092396914e-05
59.7  0.0093155864353483  -3.178552772792871e-05
59.72  0.009302574496997203  -3.1750908970021016e-05
59.74  0.009289868768679963  -3.172546838482254e-05
59.76  0.00927747539395046  -3.170997353110131e-05
59.78  0.00926540045172107  -3.170528473069587e-05
59.800000000000004  0.009253649943814855  -3.171233682186776e-05
59.82  0.009242229772787415  -3.173211507992997e-05
59.84  0.009231145710120103  -3.176562724612386e-05
59.86  0.009220403355683835  -3.181387381176037e-05
59.88  0.009210008090153592  -3.1877818658992796e-05
59.9  0.00919996502242728  -3.195836186201406e-05
59.92  0.009190278934459735  -3.205631602455247e-05
59.94  0.009180954225959347  -3.217238698296209e-05
59.96  0.009171994861341416  -3.2307159294724906e-05
59.980000000000004  0.009163404321115372  -3.246108646527804e-05
60.0  0.00915518555958391  -3.263448560182108e-05
60.02  0.009147340970345969  -3.282753601209812e-05
60.04  0.009139872360719318  -3.3040281206428615e-05
60.06  0.009132780935883003  -3.327263375430823e-05
60.08  0.009126067293314  -3.352438250041475e-05
60.1  0.009119731427867981  -3.379520153921588e-05
60.120000000000005  0.009113772747566718  -3.4084660347811535e-05
60.14  0.009108190099763469  -3.4392234355709344e-05
60.160000000000004  0.009102981806937445  -3.471731532562306e-05
60.18  0.009098145710992628  -3.505922099927355e-05
60.2  0.009093679224710872  -3.541720363146284e-05
60.22  0.009089579388897692  -3.579045717861106e-05
60.24  0.0090858429336973  -3.617812303258293e-05
60.26  0.009082466342550723  -3.65792942912787e-05
60.28  0.00907944591727775  -3.6993018643549754e-05
60.300000000000004  0.009076777842782376  -3.741829999174464e-05
60.32  0.00907445824994272  -3.7854099056667295e-05
60.34  0.009072483275266326  -3.8299333192715355e-05
60.36  0.009070849116011125  -3.8752875699388875e-05
60.38  0.009069552079579895  -3.921355494382392e-05
60.4  0.009068588626136248  -3.968015357804033e-05
60.42  0.00906795540359921  -4.0151408184582816e-05
60.44  0.009067649274482923  -4.0626009679383035e-05
60.46  0.00906766733445795  -4.110260497126755e-05
60.480000000000004  0.009068006923178454  -4.15798004353334e-05
60.5  0.009068665628734292  -4.2056167788060943e-05
60.52  0.009069641287519508  -4.25302523280783e-05
60.54  0.009070931980513708  -4.3000582244559215e-05
60.56  0.009072536024373806  -4.34656764719426e-05
60.58  0.009074451953414121  -4.39240495037197e-05
60.6  0.009076678490199592  -4.4374214687995326e-05
60.620000000000005  0.00907921450760188  -4.481468952112857e-05
60.64  0.009082058988283364  -4.5244004829997204e-05
60.660000000000004  0.009085210985780644  -4.566071675960559e-05
60.68  0.009088669588027173  -4.6063419623981846e-05
60.7  0.00909243388283193  -4.6450758512526386e-05
60.72  0.00909650292506568  -4.682144136774051e-05
60.74  0.009100875705778158  -4.717425057644251e-05
60.76  0.009105551123646397  -4.7508054040235916e-05
60.78  0.00911052795915695  -4.782181570320042e-05
60.800000000000004  0.009115804851943332  -4.8114605453242555e-05
60.82  0.00912138028154568  -4.838560827038998e-05
60.84  0.009127252551832702  -4.863413252562236e-05
60.86  0.009133419779175544  -4.885961726607058e-05
60.88  0.009139879884347819  -4.906163836919552e-05
60.9  0.009146630587998347  -4.9239913419195885e-05
60.92  0.00915366940942584  -4.939430515522931e-05
60.94  0.009160993668273706  -4.952482341037428e-05
60.96  0.009168600488656186  -4.963162544980555e-05
60.980000000000004  0.009176486805233489  -4.9715014662851934e-05
61.0  0.009184649370704442  -4.9775437585472194e-05
61.02  0.009193084764295806  -4.981347925246611e-05
61.04  0.009201789400821793  -4.982985690910057e-05
61.06  0.009210759540038171  -4.982541208712448e-05
61.08  0.009219991296008496  -4.980110110266386e-05
61.1  0.00922948064628718  -4.975798402033362e-05
61.120000000000005  0.009239223440739668  -4.96972121816309e-05
61.14  0.009249215409849226  -4.962001440039848e-05
61.160000000000004  0.00925945217237226  -4.952768197352631e-05
61.18  0.009269929242238663  -4.94215526875429e-05
61.2  0.009280642034632233  -4.9302994027267064e-05
61.22  0.009291585871242363  -4.917338581124942e-05
61.24  0.00930275598469215  -4.9034102545004326e-05
61.26  0.009314147522236759  -4.8886495739159256e-05
61.28  0.009325755548829109  -4.87318765197451e-05
61.300000000000004  0.009337575049682119  -4.8571498816838806e-05
61.32  0.009349600932509054  -4.840654342440344e-05
61.34  0.009361828029591169  -4.823810322074426e-05
61.36  0.00937425109985944  -4.806716978690127e-05
61.38  0.00938686483116158  -4.7894621663456646e-05
61.4  0.009399663842861717  -4.7721214422124905e-05
61.42  0.009412642688920843  -4.754757272180281e-05
61.44  0.009425795861574875  -4.737418447613628e-05
61.46  0.009439117795674523  -4.720139727890145e-05
61.480000000000004  0.009452602873730294  -4.702941718652018e-05
61.5  0.009466245431645289  -4.6858309957067084e-05
61.52  0.00948003976506874  -4.6688004768594994e-05
61.54  0.009493980136259015  -4.651830045145941e-05
61.56  0.009508060781328929  -4.634887414811256e-05
61.58  0.009522275917733672  -4.6179292307474374e-05
61.6  0.009536619751837496  -4.600902382030361e-05
61.620000000000005  0.009551086486421365  -4.583745505900682e-05
61.64  0.009565670327994338  -4.566390653370802e-05
61.660000000000004  0.009580365493794115  -4.5487650830631514e-05
61.68  0.009595166218351403  -4.530793150078241e-05
61.7  0.009610066759500973  -4.512398254154371e-05
61.72  0.00962506140368921  -4.4935048135112245e-05
61.74  0.009640144470438584  -4.474040232621704e-05
61.76  0.009655310315797826  -4.453936828675353e-05
61.78  0.009670553334669093  -4.433133686023986e-05
61.800000000000004  0.009685867961894065  -4.411578404135925e-05
61.82  0.009701248672061626  -4.389228705750454e-05
61.84  0.00971668997803281  -4.3660538687254504e-05
61.86  0.0097321864282488  -4.34203594897376e-05
61.88  0.00974773260294888  -4.317170759684239e-05
61.9  0.009763323109451463  -4.291468578996615e-05
61.92  0.009778952576731208  -4.264954563147771e-05
61.940000000000005  0.009794615649548703  -4.237668847018821e-05
61.96  0.009810306982367189  -4.209666326820258e-05
61.980000000000004  0.009826021233390443  -4.181016123207909e-05
62.0  0.009841753058979285  -4.1518007356349394e-05
62.02  0.009857497108732146  -4.122114901700578e-05
62.04  0.00987324802150045  -4.092064187004241e-05
62.06  0.0098890004225639  -4.0617633323665024e-05
62.08  0.009904748922203836  -4.03133439389566e-05
62.1  0.00992048811582615  -4.000904713785592e-05
62.120000000000005  0.009936212585760884  -3.970604764560768e-05
62.14  0.00995191690481305  -3.940565910393762e-05
62.160000000000004  0.009967595641565461  -3.910918131233931e-05
62.18  0.009983243367360584  -3.881787752530011e-05
62.2  0.009998854664869824  -3.853295224035775e-05
62.22  0.010014424138067676  -3.825552988764233e-05
62.24  0.010029946423394371  -3.7986634768673515e-05
62.26  0.01004541620188092  -3.772717260605492e-05
62.28  0.010060828211936304  -3.747791393814511e-05
62.300000000000004  0.010076177262477766  -3.7239479574858036e-05
62.32  0.01009145824601222  -3.701232824700041e-05
62.34  0.010106666151298488  -3.6796746502439967e-05
62.36  0.010121796075163912  -3.659284084480157e-05
62.38  0.010136843233076396  -3.640053207536288e-05
62.4  0.010151802968088467  -3.6219551661667777e-05
62.42  0.010166670757771218  -3.6049439975994046e-05
62.440000000000005  0.01018144221878522  -3.5889546159614856e-05
62.46  0.010196113108748892  -3.573902934010086e-05
62.480000000000004  0.010210679325110019  -3.559686094156183e-05
62.5  0.010225136900728677  -3.546182779173347e-05
62.52  0.010239481995936021  -3.5332535785793614e-05
62.54  0.01025371088687866  -3.520741388972681e-05
62.56  0.010267819950004314  -3.5084718384277715e-05
62.58  0.010281805642596713  -3.4962537327201927e-05
62.6  0.010295664479380856  -3.483879538533889e-05
62.620000000000005  0.010309393005308231  -3.471125935359589e-05
62.64  0.010322987764788471  -3.4577544895349285e-05
62.660000000000004  0.010336445267810853  -3.44351252583226e-05
62.68  0.010349761953630722  -3.4281342957520706e-05
62.7  0.01036293415292147  -3.411342563569029e-05
62.72  0.010375958049637762  -3.392850750740339e-05
62.74  0.010388829644090049  -3.3723657901939865e-05
62.76  0.010401544719054294  -3.3495918467773655e-05
62.78  0.0104140988109886  -3.324235036539221e-05
62.800000000000004  0.010426487188543016  -3.2960092474782676e-05
62.82  0.010438704840597689  -3.264643095742263e-05
62.84  0.010450746475841459  -3.2298879646265626e-05
62.86  0.01046260653551131  -3.191526958436212e-05
62.88  0.01047427922033934  -3.149384479639665e-05
62.9  0.01048575853190264  -3.10333600085074e-05
62.92  0.01049703832765274  -3.053317497946811e-05
62.940000000000005  0.010508112387875544  -2.9993339230176988e-05
62.96  0.010518974491877631  -2.9414660722102993e-05
62.980000000000004  0.010529618499831228  -2.8798752410285665e-05
63.0  0.010540038436161258  -2.81480515811613e-05
63.02  0.010550228570052694  -2.7465808551071042e-05
63.04  0.010560183488764783  -2.6756043309820986e-05
63.06  0.010569898159913051  -2.6023470935839158e-05
63.08  0.010579367979643288  -2.5273398831164377e-05
63.1  0.010588588804768128  -2.4511600637551783e-05
63.120000000000005  0.01059755696806738  -2.3744173162041372e-05
63.14  0.010606269277216964  -2.297738336724344e-05
63.160000000000004  0.010614722998883093  -2.2217512722612086e-05
63.18  0.010622915830375466  -2.1470705795124317e-05
63.2  0.01063084586184656  -2.0742829145003157e-05
63.22  0.010638511532267721  -2.003934549312513e-05
63.24  0.010645911582383096  -1.9365206854396786e-05
63.26  0.010653045007446175  -1.872476903673843e-05
63.28  0.010659911012061242  -1.8121728604513123e-05
63.300000000000004  0.010666508968819243  -1.7559082078007875e-05
63.32  0.010672838382039172  -1.70391059204685e-05
63.34  0.010678898857523988  -1.6563355120482287e-05
63.36  0.010684690078718284  -1.6132678074377986e-05
63.38  0.010690211788820205  -1.5747245695310197e-05
63.4  0.010695463777775631  -1.5406592561211966e-05
63.42  0.010700445872937487  -1.5109667726067872e-05
63.440000000000005  0.010705157932352827  -1.4854892683180831e-05
63.46  0.010709599839823315  -1.4640224186711943e-05
63.480000000000004  0.01071377150106249  -1.4463219858440712e-05
63.5  0.010717672840410863  -1.4321104833905194e-05
63.52  0.01072130379773887  -1.4210838012839802e-05
63.54  0.010724664325237018  -1.412917675810618e-05
63.56  0.010727754383965787  -1.4072739188424253e-05
63.58  0.010730573940081827  -1.4038063410834924e-05
63.6  0.010733122960756436  -1.4021663314096394e-05
63.620000000000005  0.010735401409848135  -1.402008064087148e-05
63.64  0.010737409243447411  -1.4029933249224848e-05
63.660000000000004  0.010739146405411506  -1.4047959537266086e-05
63.68  0.010740612823063224  -1.4071058956453277e-05
63.7  0.010741808403150761  -1.4096328380580588e-05
63.72  0.010742733027999343  -1.4121093570576677e-05
63.74  0.010743386551473708  -1.4142934974136139e-05
63.76  0.010743768794449281  -1.4159708756163594e-05
63.78  0.010743879540674668  -1.4169566554519165e-05
63.800000000000004  0.010743718534700231  -1.4170975982633354e-05
63.82  0.01074328548224285  -1.4162739602356722e-05
63.84  0.010742580052046601  -1.4144010067298315e-05
63.86  0.010741601878906099  -1.4114302017404186e-05
63.88  0.010740350568283602  -1.4073502161066787e-05
63.9  0.010738825703193552  -1.4021878187572948e-05
63.92  0.010737026853964451  -1.3960086360207092e-05
63.940000000000005  0.010734953591438435  -1.388917705397408e-05
63.96  0.010732605504062867  -1.3810597088233062e-05
63.980000000000004  0.010729982219155625  -1.3726187304523405e-05
64.0  0.010727083428295807  -1.3638173727934967e-05
64.02  0.010723908916414187  -1.3549150680395951e-05
64.04  0.010720458593711476  -1.3462054590801513e-05
64.06  0.010716732529091569  -1.3380127784646607e-05
64.08  0.010712730983375496  -1.3306872139139283e-05
64.1  0.010708454440297041  -1.3245993113331855e-05
64.12  0.01070390363307174  -1.320133518546661e-05
64.14  0.010699079564364571  -1.3176810148473849e-05
64.16  0.010693983517694563  -1.3176320082795969e-05
64.18  0.010688617058692833  -1.3203676953697798e-05
64.2  0.010682982025243997  -1.3262520987734666e-05
64.22  0.010677080506134225  -1.3356239878199891e-05
64.24  0.010670914808647698  -1.3487890921431479e-05
64.26  0.010664487416172923  -1.3660128049536572e-05
64.28  0.010657800937589343  -1.3875135666279187e-05
64.3  0.010650858050694918  -1.4134571053905684e-05
64.32000000000001  0.010643661442354369  -1.4439516950487224e-05
64.34  0.010636213748271051  -1.479044563534166e-05
64.36  0.01062851749538126  -1.5187195581214022e-05
64.38  0.010620575049765076  -1.562896125763659e-05
64.4  0.01061238857272189  -1.6114296323814514e-05
64.42  0.010603959987264083  -1.664113002237818e-05
64.44  0.01059529095678711  -1.720679633409795e-05
64.46000000000001  0.010586382877139882  -1.78080752077283e-05
64.48  0.010577236882748671  -1.8441244927073132e-05
64.5  0.010567853866888504  -1.910214450205148e-05
64.52  0.010558234515609766  -1.9786244647080538e-05
64.54  0.010548379354295161  -2.048872573071959e-05
64.56  0.010538288805274807  -2.1204560948382947e-05
64.58  0.010527963254494888  -2.1928602784544187e-05
64.6  0.010517403124836507  -2.2655670906602598e-05
64.62  0.01050660895339955  -2.338063956126395e-05
64.64  0.010495581469917466  -2.4098522663715658e-05
64.66  0.010484321673389405  -2.4804554832684745e-05
64.68  0.010472830904134927  -2.549426682299507e-05
64.7  0.010461110908617993  -2.6163553900391262e-05
64.72  0.010449163894779965  -2.6808735921416937e-05
64.74  0.01043699257590864  -2.742660806304374e-05
64.76  0.0104246002016063  -2.801448133130179e-05
64.78  0.010411990574849924  -2.857021218682006e-05
64.8  0.010399168054675344  -2.9092220838065942e-05
64.82000000000001  0.010386137544510137  -2.957949799363567e-05
64.84  0.01037290446668042  -3.0031600073280614e-05
64.86  0.010359474724084883  -3.044863319702501e-05
64.88  0.010345854650521711  -3.083122646577498e-05
64.9  0.01033205095146384  -3.1180495285738254e-05
64.92  0.010318070637391265  -3.149799568630174e-05
64.94  0.010303920951970151  -3.178567077851317e-05
64.96000000000001  0.010289609297426183  -3.2045790602769255e-05
64.98  0.010275143159571933  -3.228088677115151e-05
65.0  0.010260530034841174  -3.249368336694006e-05
65.02  0.010245777361653705  -3.268702561293189e-05
65.04  0.01023089245822208  -3.286380789873119e-05
65.06  0.01021588246869304  -3.302690275253386e-05
65.08  0.010200754319175087  -3.3179092343998024e-05
65.1  0.010185514684872691  -3.332300408829823e-05
65.12  0.010170169969054366  -3.346105179057949e-05
65.14  0.01015472629425724  -3.3595383651230935e-05
65.16  0.01013918950562069  -3.37278382824548e-05
65.18  0.010123565185899429  -3.385990965552216e-05
65.2  0.010107858681325504  -3.399272165644929e-05
65.22  0.010092075137141509  -3.412701269972348e-05
65.24  0.01007621954140709  -3.4263130539883984e-05
65.26  0.010060296775430012  -3.4401037200769806e-05
65.28  0.010044311669008476  -3.4540323661424354e-05
65.3  0.010028269058640087  -3.468023372496119e-05
65.32000000000001  0.010012173846737318  -3.481969622199093e-05
65.34  0.009996031059985188  -3.4957364584735765e-05
65.36  0.009979845905001995  -3.509166259624181e-05
65.38  0.00996362381963394  -3.5220834999679384e-05
65.4  0.009947370518335974  -3.534300160745439e-05
65.42  0.009931092030351512  -3.545621339116413e-05
65.44  0.009914794729592407  -3.555850913007661e-05
65.46000000000001  0.009898485355448171  -3.564797108788403e-05
65.48  0.009882171023955569  -3.572277835743256e-05
65.5  0.009865859229122809  -3.5781256513792997e-05
65.52  0.009849557834403017  -3.582192236578227e-05
65.54  0.009833275054642964  -3.584352282399551e-05
65.56  0.0098170194290688  -3.5845066992346315e-05
65.58  0.009800799786119562  -3.582585091392807e-05
65.6  0.009784625201242292  -3.57854745597046e-05
65.62  0.009768504948988767  -3.572385091899819e-05
65.64  0.009752448450889923  -3.564120719817773e-05
65.66  0.009736465220708035  -3.5538078398264115e-05
65.68  0.009720564808537247  -3.5415293573106816e-05
65.7  0.00970475674514151  -3.527395541433396e-05
65.72  0.009689050487753995  -3.511541378272529e-05
65.74  0.009673455368414557  -3.494123412148999e-05
65.76  0.009657980545884494  -3.475316173032987e-05
65.78  0.009642634961998324  -3.4553083001703966e-05
65.8  0.009627427303238957  -3.4342984752274e-05
65.82000000000001  0.009612365968170724  -3.412491280619037e-05
65.84  0.009597459041163834  -3.390093093734462e-05
65.86  0.009582714272755113  -3.3673081225461796e-05
65.88  0.009568139066738944  -3.344334678967602e-05
65.9  0.009553740474010117  -3.321361777658639e-05
65.92  0.009539525192954586  -3.2985661331481355e-05
65.94  0.00952549957607905  -3.276109616813398e-05
65.96000000000001  0.009511669642411518  -3.2541372131893076e-05
65.98  0.009498041095061097  -3.2327755012545353e-05
66.0  0.00948461934323483  -3.212131655832846e-05
66.02  0.009471409527940454  -3.192292944576409e-05
66.04  0.009458416550489875  -3.173326670249774e-05
66.06  0.00944564510292739  -3.155280495707902e-05
66.08  0.009433099699377287  -3.1381830809222285e-05
66.1  0.009420784707328256  -3.12204498059599e-05
66.12  0.009408704377932366  -3.1068597801344466e-05
66.14  0.009396862874573118  -3.092605501768631e-05
66.16  0.009385264299369528  -3.079246359622415e-05
66.18  0.00937391271782992  -3.0667349758877896e-05
66.2  0.009362812182362124  -3.0550151560799064e-05
66.22  0.009351966755659583  -3.044025254952319e-05
66.24  0.00934138053481001  -3.0337020604956155e-05
66.26  0.009331057676237443  -3.023984995038631e-05
66.28  0.009321002420477493  -3.0148203278683295e-05
66.3  0.009311219114526445  -3.006165039802568e-05
66.32000000000001  0.009301712228489857  -2.9979899792373184e-05
66.34  0.009292486362875581  -2.9902820221506084e-05
66.36  0.00928354624324912  -2.9830450670245948e-05
66.38  0.009274896700063732  -2.9762998484065835e-05
66.4  0.009266542633159293  -2.9700826931657573e-05
66.42  0.009258488962075416  -2.9644434525605834e-05
66.44  0.009250740564834147  -2.9594428892160117e-05
66.46000000000001  0.009243302208715035  -2.955149800272823e-05
66.48  0.009236178476884925  -2.951638109135432e-05
66.5  0.009229373694630259  -2.9489841109350933e-05
66.52  0.009222891858502289  -2.9472639892785635e-05
66.54  0.009216736571135623  -2.9465516834603496e-05
66.56  0.009210910983933203  -2.9469171434874447e-05
66.58  0.00920541774933545  -2.9484249805386166e-05
66.6  0.009200258983871758  -2.9511334896558994e-05
66.62  0.009195436242743705  -2.9550940013228237e-05
66.64  0.009190950506263926  -2.9603504976179857e-05
66.66  0.009186802177997541  -2.9669394335299033e-05
66.68  0.0091829910941915  -2.9748897048517855e-05
66.7  0.009179516543684398  -2.984222723020611e-05
66.72  0.009176377297275778  -2.9949525650619475e-05
66.74  0.009173571645319583  -3.007086177928546e-05
66.76  0.009171097442175622  -3.020623620592067e-05
66.78  0.009168952155974379  -3.0355583313173456e-05
66.8  0.009167132922176257  -3.051877408869884e-05
66.82000000000001  0.009165636599325672  -3.069561898562434e-05
66.84  0.00916445982547868  -3.088587073301752e-05
66.86  0.00916359907385761  -3.108922702248169e-05
66.88  0.009163050706388998  -3.130533301861484e-05
66.9  0.009162811023959813  -3.153378363666907e-05
66.92  0.009162876312360384  -3.177412556393872e-05
66.94  0.009163242883108984  -3.202585904389963e-05
66.96000000000001  0.00916390710844264  -3.228843942670105e-05
66.98  0.009164865450007886  -3.2561278584958605e-05
67.0  0.009166114480864362  -3.2843746280535636e-05
67.02  0.009167650900655272  -3.313517164385732e-05
67.04  0.009169471544022319  -3.343484493018893e-05
67.06  0.009171573382968881  -3.37420196495577e-05
67.08  0.009173953524619532  -3.4055914962586285e-05
67.1  0.009176609206471212  -3.4375717994503345e-05
67.12  0.00917953779033828  -3.470058577191298e-05
67.14  0.009182736753782865  -3.502964705149237e-05
67.16  0.009186203676344349  -3.536200483874726e-05
67.18  0.00918993621978985  -3.569674013349385e-05
67.2  0.009193932104700717  -3.6032916851046226e-05
67.22  0.009198189086439499  -3.6369587630124075e-05
67.24  0.009202704932332268  -3.6705800386181826e-05
67.26  0.009207477400702737  -3.704060555578832e-05
67.28  0.009212504221912816  -3.7373063894769015e-05
67.3  0.0092177830814925  -3.7702254728108424e-05
67.32000000000001  0.009223311605458485  -3.8027284428151665e-05
67.34  0.009229087347936898  -3.834729498888015e-05
67.36  0.009235107781173818  -3.866147249932468e-05
67.38  0.009241370287956303  -3.8969055358794574e-05
67.4  0.009247872156388913  -3.926934202272685e-05
67.42  0.0092546105769506  -3.9561698155140446e-05
67.44  0.009261582641625268  -3.984556298596249e-05
67.46000000000001  0.009268785344936428  -4.012045475721462e-05
67.48  0.00927621558661399  -4.038597513497835e-05
67.5  0.009283870175617145  -4.064181249301851e-05
67.52  0.009291745835242237  -4.0887743996082905e-05
67.54  0.009299839208987455  -4.1123636444101284e-05
67.56  0.009308146866899665  -4.134944583763544e-05
67.58  0.009316665312090001  -4.156521566544442e-05
67.6  0.00932539098717498  -4.177107392010421e-05
67.62  0.009334320280392286  -4.196722888905426e-05
67.64  0.009343449531187547  -4.215396376402293e-05
67.66  0.009352775035140544  -4.233163019073644e-05
67.68  0.009362293048114688  -4.2500640872891596e-05
67.7  0.009371999789571204  -4.26614613699124e-05
67.72  0.00938189144502478  -4.281460128115e-05
67.74  0.00939196416766041  -4.2960604984315196e-05
67.76  0.009402214079108216  -4.310004211824389e-05
67.78  0.009412637269451438  -4.3233497996090245e-05
67.8  0.009423229796489367  -4.3361564120900675e-05
67.82000000000001  0.00943398768433513  -4.34848289777733e-05
67.84  0.009444906921430142  -4.360386927052273e-05
67.86  0.009455983458063612  -4.371924173456596e-05
67.88  0.00946721320349555  -4.383147567171379e-05
67.9  0.009478592022831777  -4.3941066312244085e-05
67.92  0.009490115733744751  -4.4048469092122286e-05
67.94  0.009501780103185269  -4.415409489466103e-05
67.96000000000001  0.00951358084420154  -4.4258306300598826e-05
67.98  0.009525513612994741  -4.4361414848407014e-05
68.0  0.00953757400629859  -4.4463679305423975e-05
68.02  0.009549757559224832  -4.456530492581453e-05
68.04  0.009562059743624285  -4.466644364056986e-05
68.06  0.00957447596705062  -4.476719514143376e-05
68.08  0.009587001572403298  -4.486760877246423e-05
68.1  0.009599631838260708  -4.496768612027708e-05
68.12  0.009612361979970752  -4.506738424190766e-05
68.14  0.009625187151505543  -4.5166619387610246e-05
68.16  0.009638102448121426  -4.5265271120393715e-05
68.18  0.009651102909815763  -4.536318673162933e-05
68.2  0.00966418352559326  -4.546018583263075e-05
68.22  0.009677339238523153  -4.5556065030638625e-05
68.24  0.009690564951540616  -4.56506025993663e-05
68.26  0.009703855533951866  -4.574356303811105e-05
68.28  0.009717205828553028  -4.583470146339232e-05
68.3  0.00973061065927432  -4.5923767750018874e-05
68.32000000000001  0.009744064839220981  -4.601051036799353e-05
68.34  0.009757563178994018  -4.6094679863859996e-05
68.36  0.009771100495140973  -4.6176031956423496e-05
68.38  0.009784671618593642  -4.625433023074354e-05
68.4  0.009798271402943766  -4.6329348424127166e-05
68.42  0.00981189473240863  -4.6400872313501986e-05
68.44  0.009825536529348804  -4.6468701239539454e-05
68.46000000000001  0.009839191761215286  -4.653264929576888e-05
68.48  0.009852855446803397  -4.659254620985811e-05
68.5  0.009866522661741359  -4.664823794034592e-05
68.52  0.009880188543144106  -4.669958699986219e-05
68.54  0.009893848293406943  -4.674647254511593e-05
68.56  0.009907497183102347  -4.678879024280857e-05
68.58  0.009921130552982143  -4.6826451927357416e-05
68.60000000000001  0.009934743815089218  -4.685938510737588e-05
68.62  0.009948332453019588  -4.6887532290876395e-05
68.64  0.009961892021372643  -4.6910850181936384e-05
68.66  0.00997541814447336  -4.6929308701135025e-05
68.68  0.009988906514420628  -4.694288988986899e-05
68.7  0.010002352888527967  -4.69515866594368e-05
68.72  0.010015753086239662  -4.695540143434651e-05
68.74  0.010029102985620235  -4.695434467619043e-05
68.76  0.010042398519523762  -4.694843335117904e-05
68.78  0.010055635671608255  -4.6937689333503474e-05
68.8  0.010068810472322708  -4.692213781768409e-05
68.82000000000001  0.010081918995013176  -4.690180575459867e-05
68.84  0.010094957352262448  -4.687672034965832e-05
68.86  0.010107921692564904  -4.684690766628772e-05
68.88  0.010120808197459065  -4.6812391356857835e-05
68.9  0.010133613079229508  -4.6773191541325573e-05
68.92  0.0101463325792809  -4.6729323840293136e-05
68.94  0.010158962967267256  -4.6680798535867815e-05
68.96000000000001  0.01017150054104242  -4.6627619882913635e-05
68.98  0.010183941627453147  -4.6569785523827714e-05
69.0  0.010196282583968848  -4.6507286056148706e-05
69.02  0.01020851980110046  -4.6440104727659456e-05
69.04  0.010220649705509614  -4.6368217328255456e-05
69.06  0.010232668763702865  -4.6291592299105386e-05
69.08  0.010244573486131095  -4.621019111076058e-05
69.10000000000001  0.010256360431545602  -4.612396891855772e-05
69.12  0.010268026211423385  -4.603287554191276e-05
69.14  0.010279567494306386  -4.5936856722864866e-05
69.16  0.01029098100991685  -4.583585562106496e-05
69.18  0.010302263552945091  -4.5729814471785055e-05
69.2  0.010313411986432694  -4.561867631274109e-05
69.22  0.010324423244680109  -4.5502386721821164e-05
69.24  0.010335294335592762  -4.5380895482296546e-05
69.26  0.010346022342380317  -4.525415816222622e-05
69.28  0.010356604424483364  -4.512213757076818e-05
69.3  0.010367037817628301  -4.4984805082481795e-05
69.32000000000001  0.010377319832892504  -4.484214178493065e-05
69.34  0.010387447854682355  -4.469413941098703e-05
69.36  0.010397419337572184  -4.454080094523633e-05
69.38  0.010407231801980646  -4.4382140793280026e-05
69.4  0.010416882828713201  -4.421818438929684e-05
69.42  0.010426370052481756  -4.4048967083928105e-05
69.44  0.010435691154545207  -4.3874532200130164e-05
69.46000000000001  0.010444843854693683  -4.3694928196703016e-05
69.48  0.010453825902837355  -4.3510204932045754e-05
69.5  0.010462635070467598  -4.332040909530038e-05
69.52  0.01047126914225761  -4.312557896818724e-05
69.54  0.010479725908026042  -4.2925738710166306e-05
69.56  0.010488003155249913  -4.2720892446102476e-05
69.58  0.0104960986622334  -4.251101842176603e-05
69.60000000000001  0.010504010191995764  -4.229606349466592e-05
69.62  0.0105117354868729  -4.2075938234964614e-05
69.64  0.010519272263794522  -4.1850512844815864e-05
69.66  0.010526618210188445  -4.161961405729009e-05
69.68  0.010533770980450774  -4.138302318985532e-05
69.7  0.010540728192962326  -4.1140475437205944e-05
69.72  0.010547487427656824  -4.0891660465986886e-05
69.74  0.010554046224210255  -4.0636224350193075e-05
69.76  0.010560402080921774  -4.0373772849114724e-05
69.78  0.01056655245436326  -4.010387599789437e-05
69.8  0.01057249475979228  -3.982607403524686e-05
69.82000000000001  0.010578226372328105  -3.953988470455856e-05
69.84  0.010583744628863679  -3.9244812033843195e-05
69.86  0.010589046830788111  -3.894035666057112e-05
69.88  0.010594130247612393  -3.8626027692858754e-05
69.9  0.010598992121619515  -3.830135604151601e-05
69.92  0.010603629673643712  -3.796590909549898e-05
69.94  0.010608040110015239  -3.7619306506048535e-05
69.96000000000001  0.01061222063069822  -3.726123678875674e-05
69.98  0.010616168438595053  -3.689147438832239e-05
70.0  0.01061988074993242  -3.6509896740029996e-05
70.02  0.01062335480567148  -3.611650079844017e-05
70.04  0.010626587883792627  -3.571141844459724e-05
70.06  0.010629577312325132  -3.5294930133672894e-05
70.08  0.010632320482943967  -3.4867476154694046e-05
70.10000000000001  0.010634814864949799  -3.442966490058144e-05
70.12  0.010637058019368045  -3.3982277639417635e-05
70.14  0.010639047612906955  -3.3526269378052176e-05
70.16  0.010640781431385337  -3.3062765602534816e-05
70.18  0.01064225739225344  -3.259305488046018e-05
70.2  0.010643473555761047  -3.211857758370409e-05
70.22  0.01064442813457264  -3.164091133143523e-05
70.24  0.010645119502129815  -3.116175368056332e-05
70.26  0.010645546200701456  -3.068290200248361e-05
70.28  0.010645706949702814  -3.0206229670578845e-05
70.3  0.010645600653181118  -2.97336582969711e-05
70.32000000000001  0.010645226404275036  -2.9267127833835378e-05
70.34  0.010644583485766012  -2.8808566949140137e-05
70.36  0.010643671367607285  -2.8359864727913925e-05
70.38  0.010642489702587205  -2.7922843732859988e-05
70.4  0.01064103832056458  -2.7499234499074356e-05
70.42  0.010639317221373757  -2.7090651875429883e-05
70.44  0.010637326566459404  -2.669857365915532e-05
70.46000000000001  0.01063506666940835  -2.63243219314282e-05
70.48  0.010632537985566218  -2.5969047375210656e-05
70.5  0.010629741101011858  -2.5633716808272844e-05
70.52  0.010626676721125152  -2.531910400135275e-05
70.54  0.010623345659038712  -2.502578387584695e-05
70.56  0.010619748824246007  -2.4754129994935715e-05
70.58  0.01061588721166103  -2.450431532050502e-05
70.60000000000001  0.010611761891430727  -2.4276316096296286e-05
70.62  0.01060737399975941  -2.4069918718540364e-05
70.64  0.010602724731029849  -2.3884729441061705e-05
70.66  0.010597815331417062  -2.372018673866799e-05
70.68  0.010592647094181994  -2.357557609560821e-05
70.7  0.01058722135676013  -2.3450046993458933e-05
70.72  0.010581539499701571  -2.3342631805260014e-05
70.74  0.010575602947494272  -2.3252266261304177e-05
70.76  0.010569413171205244  -2.317781113517146e-05
70.78  0.010562971692865032  -2.3118074726082016e-05
70.8  0.010556280091500536  -2.3071835702495747e-05
70.82000000000001  0.010549340010614312  -2.3037865879928884e-05
70.84  0.010542153166986161  -2.301495245686741e-05
70.86  0.010534721360555185  -2.3001919272866588e-05
70.88  0.01052704648519587  -2.2997646694602552e-05
70.9  0.010519130540145994  -2.3001089719397532e-05
70.92  0.010510975641842953  -2.301129398632869e-05
70.94  0.010502584035939198  -2.3027409387013874e-05
70.96000000000001  0.010493958109236553  -2.304870105180356e-05
70.98  0.010485100401290344  -2.3074557530572883e-05
71.0  0.010476013615425668  -2.3104496078740543e-05
71.02  0.010466700628896458  -2.3138164974383385e-05
71.04  0.01045716450192572  -2.3175342926127525e-05
71.06  0.01044740848534777  -2.3215935646683548e-05
71.08  0.010437436026594369  -2.3259969791778867e-05
71.10000000000001  0.010427250773817232  -2.330758448153784e-05
71.12  0.010416856577975525  -2.3359020735283442e-05
71.14  0.010406257492801553  -2.3414609136483072e-05
71.16  0.010395457772626914  -2.347475609640992e-05
71.18  0.010384461868101116  -2.3539929094032808e-05
71.2  0.010373274419928132  -2.3610641238110268e-05
71.22  0.010361900250741043  -2.368743549597433e-05
71.24  0.01035034435532213  -2.3770868917847614e-05
71.26  0.01033861188938268  -2.386149714121187e-05
71.28  0.010326708157173767  -2.3959859466523896e-05
71.3  0.010314638598194164  -2.406646475638218e-05
71.32000000000001  0.010302408773311487  -2.4181778385876077e-05
71.34  0.010290024350582929  -2.4306210466981985e-05
71.36  0.01027749109107965  -2.4440105529049125e-05
71.38  0.010264814834975627  -2.4583733805481953e-05
71.4  0.010252001488158257  -2.4737284238786103e-05
71.42  0.010239057009553276  -2.4900859293049634e-05
71.44  0.010225987399359489  -2.5074471580154176e-05
71.46000000000001  0.01021279868832467  -2.525804229016006e-05
71.48  0.010199496928181371  -2.545140137856348e-05
71.5  0.01018608818331727  -2.5654289393262567e-05
71.52  0.010172578523736446  -2.586636083630295e-05
71.54  0.010158974019316555  -2.608718889025213e-05
71.56  0.010145280735367345  -2.6316271345945523e-05
71.58  0.01013150472942025  -2.6553037569739655e-05
71.60000000000001  0.010117652049200369  -2.6796856287642083e-05
71.62  0.010103728731647558  -2.7047044045256402e-05
71.64  0.010089740802895158  -2.7302874145661933e-05
71.66  0.01007569427903613  -2.7563585924747912e-05
71.68  0.010061595167541171  -2.78283942150371e-05
71.7  0.010047449469141243  -2.8096498891681855e-05
71.72  0.010033263180027582  -2.8367094407084426e-05
71.74  0.010019042294178389  -2.863937922337333e-05
71.76  0.010004792805638336  -2.891256505546691e-05
71.78  0.009990520710530025  -2.918588582307652e-05
71.8  0.009976232008615554  -2.9458606143643543e-05
71.82000000000001  0.009961932704213868  -2.973002915230314e-05
71.84  0.00994762880628389  -2.9999503368399174e-05
71.86  0.009933326327566458  -3.0266428290788534e-05
71.88  0.009919031282716487  -3.0530258391034935e-05
71.9  0.009904749685443831  -3.07905052539268e-05
71.92  0.009890487544762913  -3.104673771269645e-05
71.94  0.009876250860521895  -3.129857991513607e-05
71.96000000000001  0.009862045618411416  -3.154570747933626e-05
71.98  0.009847877784713037  -3.1787841949754747e-05
72.0  0.009833753300998399  -3.202474388130836e-05
72.02  0.009819678079014377  -3.2256204900967976e-05
72.04  0.009805657995922383  -3.2482039123630596e-05
72.06  0.009791698890035762  -3.2702074268938086e-05
72.08  0.009777806557180751  -3.291614279323623e-05
72.10000000000001  0.009763986747738235  -3.3124073326924695e-05
72.12  0.00975024516441455  -3.332568269553839e-05
72.14  0.009736587460750179  -3.352076872237821e-05
72.16  0.00972301924035011  -3.3709104043502436e-05
72.18  0.009709546056811564  -3.389043106978582e-05
72.2  0.009696173414248575  -3.406445824696071e-05
72.22  0.00968290676838861  -3.4230857692955696e-05
72.24  0.00966975152813878  -3.438926426201946e-05
72.26  0.009656713057557746  -3.453927604823336e-05
72.28  0.009643796678172403  -3.468045627796401e-05
72.3  0.009631007671606165  -3.4812336483210115e-05
72.32000000000001  0.009618351282453497  -3.4934420850299876e-05
72.34  0.009605832721401093  -3.504619156169327e-05
72.36  0.009593457168519828  -3.5147115046131795e-05
72.38  0.009581229776668853  -3.523664900828822e-05
72.4  0.009569155674885806  -3.531425021672112e-05
72.42  0.0095572399715736  -3.5379383017468065e-05
72.44  0.009545487757297638  -3.5431528575461416e-05
72.46000000000001  0.009533904106931564  -3.5470194827640326e-05
72.48  0.009522494080938804  -3.5494927116466114e-05
72.5  0.00951126272558871  -3.5505319364812095e-05
72.52  0.009500215071946176  -3.5501025717266666e-05
72.54  0.009489356133528871  -3.548177247132257e-05
72.56  0.009478690902543154  -3.544737017001612e-05
72.58  0.009468224344705909  -3.5397725655224224e-05
72.60000000000001  0.009457961392689207  -3.5332853864532465e-05
72.62  0.009447906938391794  -3.525288909229246e-05
72.64  0.009438065824386698  -3.515809533407014e-05
72.66  0.009428442835050132  -3.504887530023137e-05
72.68  0.009419042687972803  -3.492577764591681e-05
72.7  0.009409870026218093  -3.478950198274626e-05
72.72  0.009400929411787398  -3.464090120419621e-05
72.74  0.009392225320236867  -3.448098076057223e-05
72.76  0.00938376213585729  -3.431089451971276e-05
72.78  0.009375544146352542  -3.4131936916383075e-05
72.8  0.009367575535543458  -3.3945531256266396e-05
72.82000000000001  0.009359860372604261  -3.375321417745446e-05
72.84  0.009352402596676647  -3.3556616570770014e-05
72.86  0.009345205996263437  -3.335744149789361e-05
72.88  0.009338274183685517  -3.315743992740971e-05
72.9  0.009331610565567377  -3.295838527282973e-05
72.92  0.009325218310962793  -3.2762047779078886e-05
72.94  0.009319100318928113  -3.257016979161596e-05
72.96000000000001  0.009313259187336104  -3.2384442846765017e-05
72.98  0.009307697184392203  -3.2206487321812694e-05
73.0  0.00930241622394423  -3.203783514424548e-05
73.02  0.009297417845336938  -3.187991569997975e-05
73.04  0.009292703198436163  -3.173404481793741e-05
73.06  0.00928827303444511  -3.160141636577031e-05
73.08  0.009284127703146869  -3.1483095921153544e-05
73.10000000000001  0.009280267157132432  -3.138001599283153e-05
73.12  0.009276690963235397  -3.129297243874826e-05
73.14  0.009273398321056588  -3.122262193089931e-05
73.16  0.009270388087991549  -3.1169480492707714e-05
73.18  0.009267658809941204  -3.113392320256285e-05
73.2  0.009265208756566097  -3.1116185180136346e-05
73.22  0.00926303595989896  -3.111636393458557e-05
73.24  0.009261138255062733  -3.1134423069337616e-05
73.26  0.009259513321831015  -3.1170197319923816e-05
73.28  0.00925815872589881  -3.1223398797217535e-05
73.3  0.009257071958778456  -3.129362433789455e-05
73.32000000000001  0.009256250475387674  -3.138036378916573e-05
73.34  0.009255691728536191  -3.1483009094298716e-05
73.36  0.009255393199663182  -3.1600864010712133e-05
73.38  0.009255352425309938  -3.173315431530735e-05
73.4  0.00925556701899296  -3.1879038353405186e-05
73.42  0.009256034688233874  -3.203761780248629e-05
73.44  0.009256753246667927  -3.2207948496067615e-05
73.46000000000001  0.009257720621271719  -3.2389051198755865e-05
73.48  0.009258934854870343  -3.257992219755307e-05
73.5  0.009260394104145789  -3.27795436172605e-05
73.52  0.009262096633347504  -3.2986893431272404e-05
73.54  0.009264040803512393  -3.320095527978683e-05
73.56  0.009266225056214956  -3.342072840411223e-05
73.58  0.009268647890498498  -3.364523796855234e-05
73.60000000000001  0.009271307835357009  -3.3873545274307104e-05
73.62  0.009274203427779624  -3.410475644714117e-05
73.64  0.009277333203354696  -3.4338028927697195e-05
73.66  0.009280695689399817  -3.457257633041774e-05
73.68  0.009284289388754531  -3.480767222559931e-05
73.7  0.00928811275658201  -3.504265307037076e-05
73.72  0.009292164177378515  -3.52769205191869e-05
73.74  0.009296441945340352  -3.550994309881794e-05
73.76  0.009300944248256605  -3.5741257164878865e-05
73.78  0.0093056691545678  -3.597046705664214e-05
73.8  0.009310614603361498  -3.619724436851778e-05
73.82000000000001  0.009315778397255161  -3.6421326368253124e-05
73.84  0.009321158198135443  -3.664251352437491e-05
73.86  0.009326751525699749  -3.6860666238177247e-05
73.88  0.009332555758709553  -3.707570078731934e-05
73.9  0.009338568138765758  -3.728758459585105e-05
73.92  0.009344785776392342  -3.749633089606275e-05
73.94  0.009351205659171946  -3.770199290055978e-05
73.96000000000001  0.00935782466159225  -3.790465760216599e-05
73.98  0.009364639556313411  -3.8104439299310185e-05
74.0  0.009371647026462227  -3.830147299448002e-05
74.02  0.009378843678646668  -3.8495907774118275e-05
74.04  0.009386226056298071  -3.8687900278258386e-05
74.06  0.00939379065303653  -3.88776084008023e-05
74.08  0.009401533925731254  -3.906518530357024e-05
74.10000000000001  0.009409452306975692  -3.925077386565881e-05
74.12  0.009417542216717237  -3.943450164336717e-05
74.14  0.00942580007283307  -3.961647643972525e-05
74.16  0.009434222300483127  -3.979678252473145e-05
74.18  0.009442805340086593  -3.997547758377088e-05
74.2  0.00945154565386848  -4.015259043433716e-05
74.22  0.009460439730889716  -4.032811953150855e-05
74.24  0.0094694840905957  -4.050203227649163e-05
74.26  0.009478675284863146  -4.0674265146284964e-05
74.28  0.00948800989863248  -4.084472461992817e-05
74.3  0.009497484549179614  -4.101328889295238e-05
74.32000000000001  0.009507095884112733  -4.117981034161514e-05
74.34  0.009516840578215207  -4.1344118707757466e-05
74.36  0.00952671532921026  -4.1506024941504745e-05
74.38  0.00953671685256468  -4.1665325635135456e-05
74.4  0.009546841875459988  -4.182180795242074e-05
74.42  0.00955708712999298  -4.1975254939192644e-05
74.44  0.009567449345765583  -4.212545107493841e-05
74.46000000000001  0.009577925241972148  -4.2272187918726374e-05
74.48  0.009588511519118362  -4.2415269691857096e-05
74.5  0.009599204850509078  -4.2554518640087894e-05
74.52  0.009610001873660803  -4.268978000676114e-05
74.54  0.009620899181757445  -4.282092648452228e-05
74.56  0.009631893315309708  -4.294786199570434e-05
74.58  0.009642980754123039  -4.307052472432507e-05
74.60000000000001  0.009654157909712498  -4.318888926951621e-05
74.62  0.009665421118298947  -4.33029679066946e-05
74.64  0.009676766634464165  -4.341281090299947e-05
74.66  0.009688190625623573  -4.351850590329492e-05
74.68  0.00969968916737927  -4.362017641654994e-05
74.7  0.009711258239887109  -4.371797943740444e-05
74.72  0.009722893725309725  -4.381210227769602e-05
74.74  0.009734591406465383  -4.390275867350064e-05
74.76  0.009746346966729868  -4.399018427482751e-05
74.78  0.009758155991291746  -4.407463157956592e-05
74.8  0.009770013969805013  -4.415636442338079e-05
74.82000000000001  0.009781916300491874  -4.42356521390519e-05
74.84  0.009793858295736601  -4.4312763456872854e-05
74.86  0.009805835189139488  -4.438796026737483e-05
74.88  0.009817842144023103  -4.4461491362344564e-05
74.9  0.009829874263283692  -4.453358622641122e-05
74.92  0.00984192660048918  -4.460444901005339e-05
74.94  0.009853994172034086  -4.467425279465057e-05
74.96000000000001  0.009866071970178372  -4.4743134244571204e-05
74.98  0.00987815497671856  -4.4811188761758335e-05
75.0  0.009890238177072344  -4.487846626008983e-05
75.02  0.009902316574507948  -4.494496765316331e-05
75.04  0.009914385204274076  -4.501064217487717e-05
75.06  0.00992643914737547  -4.5075385620910425e-05
75.08  0.00993847354373175  -4.513903963130437e-05
75.10000000000001  0.009950483604495124  -4.520139205536828e-05
75.12  0.009962464623298719  -4.5262178473317804e-05
75.14  0.009974411986209901  -4.532108487040925e-05
75.16  0.009986321180208606  -4.537775144702853e-05
75.18  0.00999818780003869  -4.5431777447430455e-05
75.2  0.010010007553287858  -4.548272691684342e-05
75.22  0.010021776263671393  -4.553013520599468e-05
75.24  0.01003348987248349  -4.557351606332496e-05
75.26  0.01004514443830173  -4.561236912843716e-05
75.28  0.010056736135036035  -4.564618765932823e-05
75.3  0.010068261248485859  -4.567446632350028e-05
75.32000000000001  0.010079716171564593  -4.569670886467263e-05
75.34  0.010091097398435007  -4.5712435493834745e-05
75.36  0.010102401517726949  -4.5721189855406154e-05
75.38  0.01011362520512637  -4.572254541078594e-05
75.4  0.010124765215513655  -4.5716111143439925e-05
75.42  0.010135818374925061  -4.5701536447266405e-05
75.44  0.010146781572546818  -4.567851517020165e-05
75.46000000000001  0.010157651752933247  -4.564678871004905e-05
75.48  0.010168425908673237  -4.560614815126692e-05
75.5  0.010179101073661665  -4.555643543803841e-05
75.52  0.010189674317133074  -4.549754359859625e-05
75.54  0.010200142738584581  -4.5429416087700226e-05
75.56  0.010210503463658458  -4.5352045324449606e-05
75.58  0.010220753641030204  -4.526547052904952e-05
75.60000000000001  0.010230890440308664  -4.516977500820966e-05
75.62  0.010240911050883159  -4.506508301342771e-05
75.64  0.010250812681645162  -4.495155633599136e-05
75.66  0.010260592561436698  -4.482939078148476e-05
75.68  0.010270247940106923  -4.469881264874314e-05
75.7  0.01027977609005202  -4.4560075247818956e-05
75.72  0.010289174308151766  -4.441345550021817e-05
75.74  0.010298439918088367  -4.4259250558459395e-05
75.76  0.010307570273020554  -4.4097774460403795e-05
75.78  0.010316562758565219  -4.392935480703691e-05
75.8  0.010325414795985336  -4.375432949864944e-05
75.82000000000001  0.010334123845444161  -4.3573043570087226e-05
75.84  0.010342687409161885  -4.3385846188464925e-05
75.86  0.010351103034303815  -4.3193087803065665e-05
75.88  0.01035936831544844  -4.299511750218065e-05
75.9  0.010367480896520547  -4.2792280525912415e-05
75.92  0.010375438472054977  -4.258491596178074e-05
75.94  0.010383238787749416  -4.237335458876506e-05
75.96000000000001  0.010390879640230178  -4.215791688806523e-05
75.98  0.010398358876014735  -4.193891122322367e-05
76.0  0.010405674389697627  -4.171663222555208e-05
76.02  0.010412824121394031  -4.1491359449662566e-05
76.04  0.010419806053535333  -4.126335636127271e-05
76.06  0.010426618207129488  -4.1032869757658984e-05
76.08  0.010433258637636156  -4.080012971948587e-05
76.10000000000001  0.010439725430597435  -4.056535017218699e-05
76.12  0.010446016697175011  -4.032873014427391e-05
76.14  0.010452130569739431  -4.009045573464455e-05
76.16  0.010458065197659551  -3.985070278205752e-05
76.18  0.01046381874344688  -3.9609640171924734e-05
76.2  0.010469389379415321  -3.936743365581944e-05
76.22  0.010474775285057103  -3.912425007164853e-05
76.24  0.010479974645319185  -3.888026177010645e-05
76.26  0.010484985649961361  -3.8635651110670885e-05
76.28  0.010489806494140658  -3.839061483525683e-05
76.3  0.010494435380306713  -3.814536818681891e-05
76.32000000000001  0.010498870521453959  -3.7900148624370616e-05
76.34  0.010503110145720924  -3.765521903423271e-05
76.36  0.010507152502336355  -3.7410870358907615e-05
76.38  0.010510995868832208  -3.716742354513284e-05
76.4  0.010514638559443543  -3.6925230735619714e-05
76.42  0.010518078934536738  -3.668467563015052e-05
76.44  0.01052131541087778  -3.6446172872198256e-05
76.46000000000001  0.010524346472464403  -3.6210166330232554e-05
76.48  0.010527170681627224  -3.597712615082595e-05
76.5  0.01052978669006372  -3.574754445346446e-05
76.52  0.010532193249420932  -3.55219296533095e-05
76.54  0.010534389221009376  -3.530079938886998e-05
76.56  0.010536373584186824  -3.508467212519179e-05
76.58  0.010538145442965498  -3.487405752778547e-05
76.60000000000001  0.010539704030374492  -3.466944578092868e-05
76.62  0.010541048710211423  -3.447129607279255e-05
76.64  0.01054217897598253  -3.428002448913653e-05
76.66  0.010543094447314402  -3.4095991573845214e-05
76.68  0.010543794864418305  -3.391949002730209e-05
76.7  0.010544280079575967  -3.375073396954808e-05
76.72  0.010544550040665618  -3.3589851714261e-05
76.74  0.010544604767444688  -3.3436880890342145e-05
76.76  0.010544444330564494  -3.329176225886739e-05
76.78  0.01054406883294602  -3.3154333608254975e-05
76.8  0.010543478388816283  -3.302432807422976e-05
76.82000000000001  0.010542673101443871  -3.290137738989943e-05
76.84  0.010541653041301667  -3.2785018609546174e-05
76.86  0.01054041822572716  -3.267470357480711e-05
76.88  0.01053896860098722  -3.256981090536819e-05
76.9  0.010537304027652818  -3.2469660285774336e-05
76.92  0.01053542427006997  -3.2373528668346096e-05
76.94  0.010533328990497418  -3.228066782790825e-05
76.96000000000001  0.010531017748366971  -3.2190322653171937e-05
76.98  0.01052849000484649  -3.2101749487477096e-05
77.0  0.010525745132721373  -3.201423384239599e-05
77.02  0.010522782431373482  -3.192710686041154e-05
77.04  0.01051960114641487  -3.183975994643406e-05
77.06  0.010516200493400619  -3.17516571118167e-05
77.08  0.01051257968483208  -3.166234469806905e-05
77.10000000000001  0.010508737959595322  -3.157145824415504e-05
77.12  0.010504674613909649  -3.147872641603478e-05
77.14  0.010500389032810345  -3.1383972038183113e-05
77.16  0.01049588072124851  -3.128711036804817e-05
77.18  0.010491149333922768  -3.1188144890966684e-05
77.2  0.010486194703044278  -3.108716098046288e-05
77.22  0.010481016863349771  -3.09843177878081e-05
77.24  0.0104756160737945  -3.087983881949043e-05
77.26  0.010469992835491623  -3.077400162717004e-05
77.28  0.010464147905603587  -3.066712700988954e-05
77.3  0.010458082307033954  -3.0559568152432534e-05
77.32000000000001  0.010451797333894567  -3.045170006669038e-05
77.34  0.010445294552860846  -3.0343909641630118e-05
77.36  0.010438575800629988  -3.023658659794369e-05
77.38  0.010431643177799361  -3.013011556374157e-05
77.4  0.010424499039552679  -3.002486944557578e-05
77.42  0.010417145983611004  -2.9921204218871814e-05
77.44  0.010409586835922866  -2.9819455204287814e-05
77.46000000000001  0.010401824634599755  -2.971993487981395e-05
77.48  0.010393862612553885  -2.9622932184742333e-05
77.5  0.01038570417932063  -2.9528713288441996e-05
77.52  0.01037735290245247  -2.9437523628793425e-05
77.54  0.010368812488838346  -2.9349591053157968e-05
77.56  0.010360086766246208  -2.9265129752066752e-05
77.58  0.010351179665354041  -2.9184344655065335e-05
77.60000000000001  0.010342095202493445  -2.9107435921759228e-05
77.62  0.010332837463363219  -2.903460318751132e-05
77.64  0.010323410587961416  -2.8966049243608584e-05
77.66  0.010313818756994442  -2.890198290109903e-05
77.68  0.010304066180027962  -2.8842620852303622e-05
77.7  0.010294157085580138  -2.8788188387507318e-05
77.72  0.01028409571332696  -2.8738918888121343e-05
77.74  0.010273886308485074  -2.8695052076436258e-05
77.76  0.010263533118399854  -2.8656831031139612e-05
77.78  0.010253040391267308  -2.8624498046687587e-05
77.8  0.01024241237689524  -2.859828945427593e-05
77.82000000000001  0.010231653329326743  -2.8578429552014906e-05
77.84  0.010220767511151639  -2.856512388237028e-05
77.86  0.01020975919926369  -2.8558552074614336e-05
77.88  0.010198632691786084  -2.8558860518200157e-05
77.9  0.010187392315892474  -2.8566155147036705e-05
77.92  0.010176042436176869  -2.8580494564018632e-05
77.94  0.010164587463258892  -2.8601883754321923e-05
77.96000000000001  0.010153031862276818  -2.863026857371477e-05
77.98  0.010141380160927912  -2.8665531181203343e-05
78.0  0.01012963695676597  -2.8707486541474998e-05
78.02  0.01011780692346958  -2.875588008982053e-05
78.04  0.010105894815850825  -2.881038660990585e-05
78.06  0.010093905473405546  -2.887061035044875e-05
78.08  0.010081843822297428  -2.8936086379006848e-05
78.10000000000001  0.010069714875648027  -2.9006283097727457e-05
78.12  0.01005752373216414  -2.9080605879297616e-05
78.14  0.010045275573132008  -2.9158401695375382e-05
78.16  0.01003297565789073  -2.9238964587326e-05
78.18  0.01002062931798338  -2.9321541858303126e-05
78.2  0.010008241950166046  -2.9405340856155313e-05
78.22  0.009995819008522382  -2.9489536209223753e-05
78.24  0.009983365995892342  -2.9573277399099354e-05
78.26  0.009970888454882107  -2.9655696605831886e-05
78.28  0.009958391958741368  -2.973591668380169e-05
78.3  0.00994588210239887  -2.9813059255798457e-05
78.32000000000001  0.009933364493938033  -2.988625283549625e-05
78.34  0.00992084474676304  -2.9954640995871655e-05
78.36  0.009908328472641741  -3.001739058987451e-05
78.38  0.009895821275795873  -3.0073700021579008e-05
78.4  0.009883328748125093  -3.0122807614297348e-05
78.42  0.00987085646563693  -3.016400005267931e-05
78.44  0.009858409986059725  -3.0196620877874023e-05
78.46000000000001  0.00984599484759316  -3.0220078971275708e-05
78.48  0.00983361656865721  -3.02338569192609e-05
78.5  0.00982128064849111  -3.0237519158837104e-05
78.52  0.009808992568427712  -3.0230719726356797e-05
78.54  0.009796757793605086  -3.0213209484893916e-05
78.56  0.009784581774901338  -3.0184842642576735e-05
78.58  0.009772469950849919  -3.0145582373120428e-05
78.60000000000001  0.009760427749303179  -3.009550535826577e-05
78.62  0.009748460588590281  -3.003480504364474e-05
78.64  0.009736573878009086  -2.9963793420749773e-05
78.66  0.009724773017414527  -2.9882901136481986e-05
78.68  0.009713063395791605  -2.979267576522353e-05
78.7  0.009701450388656559  -2.9693778102239218e-05
78.72  0.009689939354232163  -2.9586976362147003e-05
78.74  0.009678535628351503  -2.9473138235430055e-05
78.76  0.009667244518103893  -2.9353220809379365e-05
78.78  0.009656071294301006  -2.9228258409826108e-05
78.8  0.009645021182891466  -2.9099348524127354e-05
78.82000000000001  0.009634099355499389  -2.8967636023307428e-05
78.84  0.009623310919332266  -2.8834295991008598e-05
78.86  0.009612660906740258  -2.8700515524863954e-05
78.88  0.00960215426474356  -2.8567474966077346e-05
78.9  0.00959179584491382  -2.8436329025628507e-05
78.92  0.009581590393983624  -2.8308188355504517e-05
78.94  0.009571542545595134  -2.8184102126630537e-05
78.96000000000001  0.009561656813537975  -2.806504220375669e-05
78.98  0.00955193758675524  -2.795188947370599e-05
79.0  0.009542389126272028  -2.7845422816567737e-05
79.02  0.009533015564094761  -2.7746311093441994e-05
79.04  0.009523820903975945  -2.765510844372712e-05
79.06  0.009514809023842007  -2.757225299541059e-05
79.08  0.009505983679641259  -2.7498068975371564e-05
79.10000000000001  0.009497348510343938  -2.743277210083298e-05
79.12  0.009488907043930907  -2.7376478026069348e-05
79.14  0.009480662704256964  -2.7329213633773133e-05
79.16  0.009472618818815174  -2.7290930937297825e-05
79.18  0.00946477862743178  -2.7261523407135906e-05
79.2  0.009457145291979382  -2.7240844456756302e-05
79.22  0.009449721907082166  -2.7228727794892035e-05
79.24  0.009442511511642195  -2.722500912689323e-05
79.26  0.009435517100795853  -2.722954846468745e-05
79.28  0.009428741637524425  -2.724225203781194e-05
79.3  0.009422188062868948  -2.7263092516072968e-05
79.32000000000001  0.00941585930328375  -2.729212613532092e-05
79.34  0.00940975827358017  -2.7329505348281876e-05
79.36  0.00940388787387521  -2.737548592931087e-05
79.38  0.009398250979371293  -2.743042794318932e-05
79.4  0.009392850422321731  -2.7494790623758544e-05
79.42  0.009387688966315717  -2.7569121775902208e-05
79.44  0.009382769273714823  -2.7654042792813746e-05
79.46000000000001  0.009378093867712592  -2.775023059246202e-05
79.48  0.009373665090857538  -2.78583977959213e-05
79.5  0.009369485062094342  -2.7979272292322564e-05
79.52  0.00936555563438862  -2.8113577087184856e-05
79.54  0.00936187835486747  -2.8262010952393304e-05
79.56  0.009358454429262909  -2.842523013592081e-05
79.58  0.009355284692100476  -2.8603831188468812e-05
79.60000000000001  0.009352369583798426  -2.879833482426129e-05
79.62  0.009349709135463444  -2.900917076498109e-05
79.64  0.00934730296179548  -2.9236663552394938e-05
79.66  0.009345150262270063  -2.9481019409335756e-05
79.68  0.009343249830456788  -2.974231431917947e-05
79.7  0.009341600071094521  -3.00204835436986e-05
79.72  0.009340199024397006  -3.0315312864994058e-05
79.74  0.009339044396810749  -3.0626431820324094e-05
79.76  0.009338133597385171  -3.095330920950732e-05
79.78  0.009337463778709315  -3.129525104617009e-05
79.8  0.009337031881333658  -3.1651401119788595e-05
79.82000000000001  0.00933683468051911  -3.20207441978834e-05
79.84  0.009336868834105509  -3.2402111846285535e-05
79.86  0.009337130930314581  -3.2794190761738245e-05
79.88  0.009337617534332422  -3.319553345885637e-05
79.9  0.009338325232572975  -3.360457110043293e-05
79.92  0.009339250673645954  -3.401962824279315e-05
79.94  0.009340390605149334  -3.443893925131841e-05
79.96000000000001  0.009341741905566843  -3.486066609236902e-05
79.98  0.009343301610717634  -3.528291727084986e-05
80.0  0.009345066934343728  -3.570376759171301e-05
80.02  0.009347035282661056  -3.61212784805011e-05
80.04  0.009349204262783652  -3.653351854623311e-05
80.06  0.009351571685146264  -3.693858408193977e-05
80.08  0.009354135560063478  -3.7334619147725946e-05
80.10000000000001  0.009356894088622728  -3.771983483425379e-05
80.12  0.009359845648186508  -3.8092527234197267e-05
80.14  0.009362988772956538  -3.845109348827486e-05
80.16  0.009366322130519491  -3.8794045281793535e-05
80.18  0.009369844495777182  -3.9120019311646545e-05
80.2  0.009373554723922223  -3.9427784758623726e-05
80.22  0.009377451723807842  -3.971624827136441e-05
80.24  0.00938153443232085  -3.998445714114077e-05
80.26  0.009385801789809512  -4.023160101104231e-05
80.28  0.00939025271651556  -4.04570120614114e-05
80.3  0.00939488609024091  -4.0660163441672916e-05
80.32000000000001  0.00939970072577124  -4.084066593405795e-05
80.34  0.009404695356584386  -4.099826299121472e-05
80.36  0.009409868619266197  -4.11328244405707e-05
80.38  0.0094152190408589  -4.124433916829759e-05
80.4  0.009420745029189723  -4.1332907074905256e-05
80.42  0.009426444866136138  -4.1398730590641166e-05
80.44  0.009432316703680527  -4.144210597193344e-05
80.46000000000001  0.0094383585625399  -4.1463414609174866e-05
80.48  0.009444568333091596  -4.146311451184943e-05
80.5  0.009450943778300773  -4.144173212486747e-05
80.52  0.009457482538294384  -4.139985462266803e-05
80.54  0.009464182136249964  -4.1338122756992224e-05
80.56  0.009471039985216695  -4.12572243509813e-05
80.58  0.009478053395572979  -4.115788847155202e-05
80.60000000000001  0.0094852195827694  -4.104088029110086e-05
80.62  0.009492535675102028  -4.090699662264908e-05
80.64  0.00949999872124211  -4.075706205795445e-05
80.66  0.00950760569732613  -4.0591925624307946e-05
80.68  0.009515353513430512  -4.0412457806902676e-05
80.7  0.009523239019308915  -4.021954775781445e-05
80.72  0.009531259009322947  -4.0014100512962076e-05
80.74  0.009539410226533665  -3.979703398602646e-05
80.76  0.009547689365985686  -3.956927552819126e-05
80.78  0.009556093077244572  -3.933175786799039e-05
80.8  0.009564617966277387  -3.908541425200223e-05
80.82000000000001  0.009573260596837717  -3.883117265587772e-05
80.84  0.009582017491473003  -3.8569948969383004e-05
80.86  0.009590885132315465  -3.830263911250238e-05
80.88  0.009599859961818731  -3.803011008036752e-05
80.9  0.009608938383577632  -3.775318996295402e-05
80.92  0.009618116763351186  -3.74726570487828e-05
80.94  0.009627391430437029  -3.718922817929858e-05
80.96000000000001  0.009636758679476255  -3.690354653784724e-05
80.98  0.009646214772800931  -3.6616169188260105e-05
81.0  0.009655755943391192  -3.632755472583459e-05
81.02  0.009665378398505722  -3.6038051464435655e-05
81.04  0.009675078324030579  -3.57478867230508e-05
81.06  0.009684851889617058  -3.5457157740113787e-05
81.08  0.009694695254650217  -3.516582476397649e-05
81.10000000000001  0.009704604575111953  -3.487370679072803e-05
81.12  0.009714576011355893  -3.4580480213246566e-05
81.14  0.009724605736697733  -3.4285680515008264e-05
81.16  0.009734689946600329  -3.3988706911905146e-05
81.18  0.009744824868035854  -3.36888297917325e-05
81.2  0.009755006768524444  -3.338520076258052e-05
81.22  0.009765231964240175  -3.307686519303766e-05
81.24  0.00977549682664927  -3.276277717469383e-05
81.26  0.009785797787177345  -3.244181687386084e-05
81.28  0.00979613133952329  -3.211281010665866e-05
81.3  0.009806494039359214  -3.177454989127203e-05
81.32000000000001  0.009816882501256535  -3.142581962628644e-05
81.34  0.009827293392809501  -3.106541744076372e-05
81.36  0.009837723426011722  -3.0692181225222244e-05
81.38  0.009848169346028295  -3.0305013922094765e-05
81.4  0.009858627917603942  -2.9902908614820667e-05
81.42  0.009869095909439093  -2.9484973073691818e-05
81.44  0.009879570076923421  -2.905045339797669e-05
81.46000000000001  0.009890047143697038  -2.859875651852008e-05
81.48  0.009900523782557798  -2.8129471307927914e-05
81.5  0.009910996596260406  -2.764238811848002e-05
81.52  0.009921462098807527  -2.7137516627424612e-05
81.54  0.009931916697791827  -2.661510186358641e-05
81.56  0.009942356678435665  -2.60756383588068e-05
81.58  0.009952778189899588  -2.551988239375184e-05
81.60000000000001  0.009963177234479457  -2.4948862327308436e-05
81.62  0.009973549660219507  -2.436388700868846e-05
81.64  0.009983891157467562  -2.3766552273396915e-05
81.66  0.009994197259757892  -2.315874545912481e-05
81.68  0.010004463349374713  -2.2542647849413217e-05
81.7  0.010014684667811647  -2.192073481522331e-05
81.72  0.01002485633127559  -2.1295773302832486e-05
81.74  0.010034973351276972  -2.0670816136765862e-05
81.76  0.010045030660320283  -2.004919240505082e-05
81.78  0.01005502314262727  -1.943449296313355e-05
81.8  0.010064945669860428  -1.883054990680364e-05
81.82000000000001  0.01007479314173744  -1.8241408691278767e-05
81.84  0.010084560531474782  -1.767129147169386e-05
81.86  0.010094242935899823  -1.712455035411329e-05
81.88  0.010103835629878384  -1.6605609468165115e-05
81.9  0.01011333412442273  -1.6118895245344844e-05
81.92  0.01012273422721523  -1.5668755032312665e-05
81.94  0.010132032103530296  -1.525936515485079e-05
81.96000000000001  0.010141224334628506  -1.4894630680980822e-05
81.98  0.010150307969739415  -1.4578080461320076e-05
82.0  0.01015928056713828  -1.4312762165887299e-05
82.02  0.010168140219602745  -1.4101143023844842e-05
82.04  0.010176885559985714  -1.3945022428233895e-05
82.06  0.01018551574383551  -1.3845462386231389e-05
82.08  0.010194030407636282  -1.3802740982296064e-05
82.10000000000001  0.010202429603406503  -1.3816332468096678e-05
82.12  0.010210713712471831  -1.3884915686285793e-05
82.14  0.010218883343102395  -1.4006410396721131e-05
82.16  0.010226939218082485  -1.4178039155957094e-05
82.18  0.010234882058957282  -1.4396410787455466e-05
82.2  0.010242712473690742  -1.4657620427143131e-05
82.22  0.010250430853845428  -1.4957360689258706e-05
82.24  0.010258037286306849  -1.5291038404001052e-05
82.26  0.010265531483199914  -1.5653891855874492e-05
82.28  0.01027291273221967  -1.6041103984090325e-05
82.3  0.010280179868187756  -1.6447907845879337e-05
82.32000000000001  0.010287331265425444  -1.6869681414798187e-05
82.34  0.010294364849512303  -1.7302029597544462e-05
82.36  0.010301278126224805  -1.7740852107932255e-05
82.38  0.010308068224932685  -1.818239651511704e-05
82.4  0.010314731953407659  -1.8623296372575222e-05
82.42  0.010321265860900163  -1.9060594863572287e-05
82.44  0.010327666306387694  -1.9491754822499532e-05
82.46000000000001  0.010333929529040223  -1.991465633202682e-05
82.48  0.010340051718249317  -2.0327583321025546e-05
82.5  0.010346029080850095  -2.072920075505209e-05
82.52  0.010351857903617078  -2.1118524072453728e-05
82.54  0.01035753460948345  -2.1494882511431752e-05
82.56  0.01036305580639589  -2.1857877958796732e-05
82.58  0.010368418328087253  -2.2207340793186368e-05
82.60000000000001  0.010373619266422846  -2.2543284122724203e-05
82.62  0.010378655995308314  -2.2865857654071818e-05
82.64  0.010383526186390076  -2.317530237925173e-05
82.66  0.010388227817014276  -2.3471907202465825e-05
82.68  0.01039275917107401  -2.3755968657034543e-05
82.7  0.010397118833496465  -2.402775490034474e-05
82.72  0.010401305679127315  -2.4287475107248343e-05
82.74  0.010405318856761625  -2.4535255353286863e-05
82.76  0.01040915776894411  -2.477112183333687e-05
82.78  0.010412822048066588  -2.4994991900811227e-05
82.8  0.010416311529202823  -2.5206673024173368e-05
82.82000000000001  0.010419626220132186  -2.5405869293561286e-05
82.84  0.010422766269045614  -2.5592194681571806e-05
82.86  0.010425731930638303  -2.5765191997646495e-05
82.88  0.010428523531344132  -2.5924356294263788e-05
82.9  0.010431141434665347  -2.6069161457194088e-05
82.92  0.010433586007543532  -2.619908876735891e-05
82.94  0.010435857588722352  -2.6313656342484658e-05
82.96000000000001  0.010437956459946258  -2.6412448491903714e-05
82.98  0.010439882820696168  -2.649514417575056e-05
83.0  0.01044163676702844  -2.6561543825606684e-05
83.02  0.010443218274919558  -2.6611593887929967e-05
83.04  0.010444627188411213  -2.6645408469735822e-05
83.06  0.010445863212732883  -2.6663287536357004e-05
83.08  0.010446925912476184  -2.6665731141796442e-05
83.10000000000001  0.010447814714768107  -2.6653449207077738e-05
83.12  0.010448528917281472  -2.6627366533203356e-05
83.14  0.010449067700804261  -2.658862275543262e-05
83.16  0.010449430145987192  -2.6538567261795394e-05
83.18  0.010449615253931299  -2.6478749264094968e-05
83.2  0.010449621970375396  -2.64109032880597e-05
83.22  0.01044944921346412  -2.633692923986643e-05
83.24  0.010449095904373597  -2.6258863095637825e-05
83.26  0.010448560997395351  -2.617883251725121e-05
83.28  0.01044784350421222  -2.60990017689988e-05
83.3  0.01044694251325196  -2.6021525585879503e-05
83.32000000000001  0.010445857211909307  -2.5948518816516105e-05
83.34  0.010444586912314553  -2.5882024260061496e-05
83.36  0.010443131073798408  -2.582396952793411e-05
83.38  0.010441489318963127  -2.5776120096444313e-05
83.4  0.010439661444065815  -2.5740035103067376e-05
83.42  0.010437647424055186  -2.5717027707238015e-05
83.44  0.010435447411984402  -2.570813064578141e-05
83.46000000000001  0.010433061732622014  -2.5714067851494613e-05
83.48  0.01043049087040906  -2.5735233090697734e-05
83.5  0.010427735452208124  -2.577167651199899e-05
83.52  0.010424796225559555  -2.5823099819081054e-05
83.54  0.010421674033397065  -2.588886064316495e-05
83.56  0.010418369786369109  -2.596798631618347e-05
83.58  0.01041488443409108  -2.6059197001434834e-05
83.60000000000001  0.010411218936687772  -2.616093770466782e-05
83.62  0.010407374238033425  -2.627141834398058e-05
83.64  0.010403351242009501  -2.6388660679851863e-05
83.66  0.010399150792894054  -2.651055058920809e-05
83.68  0.010394773660810179  -2.663489393844001e-05
83.7  0.010390220532865866  -2.6759474156350748e-05
83.72  0.010385492010302009  -2.6882109507968792e-05
83.74  0.010380588611660527  -2.7000708156980348e-05
83.76  0.010375510781724459  -2.7113319178525186e-05
83.78  0.01037025890572071  -2.721817793275302e-05
83.8  0.010364833328071324  -2.7313744458805807e-05
83.82000000000001  0.010359234374808853  -2.739873388535255e-05
83.84  0.010353462378689619  -2.7472138217650877e-05
83.86  0.010347517705998012  -2.7533239144654057e-05
83.88  0.010341400784067022  -2.758161188490435e-05
83.9  0.010335112128671995  -2.761712038449888e-05
83.92  0.010328652370613837  -2.7639904445852533e-05
83.94  0.010322022280954626  -2.76503597163214e-05
83.96000000000001  0.010315222794533467  -2.7649111709949765e-05
83.98  0.010308255031433169  -2.763698537294937e-05
84.0  0.010301120316058145  -2.761497180936485e-05
84.02  0.010293820193412092  -2.758419390637059e-05
84.04  0.010286356441962127  -2.754587244737819e-05
84.06  0.010278731082484989  -2.750129400947934e-05
84.08  0.010270946382199962  -2.745178160465778e-05
84.10000000000001  0.010263004853668113  -2.73986685189017e-05
84.12  0.010254909248209104  -2.734327544698638e-05
84.14  0.01024666254390685  -2.728689071417402e-05
84.16  0.010238267928691397  -2.7230753153953214e-05
84.18  0.01022972877933853  -2.7176037177401882e-05
84.2  0.010221048637505947  -2.7123839615443605e-05
84.22  0.010212231184127127  -2.7075167988330468e-05
84.24  0.010203280213527005  -2.703093005589991e-05
84.26  0.010194199608608338  -2.699192462621426e-05
84.28  0.010184993318276088  -2.6958833778597083e-05
84.3  0.010175665338097146  -2.6932216705101684e-05
84.32000000000001  0.010166219694894063  -2.691250548057818e-05
84.34  0.0101566604356874  -2.690000301213617e-05
84.36  0.010146991621099435  -2.68948833847918e-05
84.38  0.010137217323064596  -2.689719475975003e-05
84.4  0.010127341626447581  -2.6906864810272273e-05
84.42  0.010117368634040724  -2.6923708602813192e-05
84.44  0.01010730247429786  -2.6947438698851617e-05
84.46000000000001  0.010097147311169794  -2.6977677182302064e-05
84.48  0.010086907355348453  -2.7013969221388057e-05
84.5  0.010076586876283867  -2.7055797757892753e-05
84.52  0.010066190214355009  -2.710259892263192e-05
84.54  0.01005572179259866  -2.7153777714143596e-05
84.56  0.010045186127490243  -2.7208723588432185e-05
84.58  0.01003458783827352  -2.7266825556026006e-05
84.60000000000001  0.010023931654475194  -2.73274864938548e-05
84.62  0.010013222421250079  -2.7390136353612436e-05
84.64  0.010002465102354297  -2.745424403450443e-05
84.66  0.009991664780586067  -2.7519327692247542e-05
84.68  0.009980826655618006  -2.7584963300968384e-05
84.7  0.009969956039266849  -2.7650791336510576e-05
84.72  0.009959058348290155  -2.7716521461538037e-05
84.74  0.009948139094843716  -2.778193518070618e-05
84.76  0.009937203874830377  -2.7846886466043875e-05
84.78  0.009926258354366288  -2.7911300396360013e-05
84.8  0.00991530825463948  -2.797516997815764e-05
84.82000000000001  0.009904359335475761  -2.8038551258008898e-05
84.84  0.009893417377903845  -2.8101556984380022e-05
84.86  0.009882488166087392  -2.816434907170127e-05
84.88  0.009871577468978127  -2.8227130131713252e-05
84.9  0.009860691022024397  -2.8290134388912442e-05
84.92  0.009849834509338068  -2.8353618281488047e-05
84.94  0.009839013546622737  -2.841785103701105e-05
84.96000000000001  0.009828233665218476  -2.848310550675665e-05
84.98  0.009817500297541146  -2.8549649495765236e-05
85.0  0.009806818764174914  -2.8617737802178118e-05
85.02  0.009796194262820678  -2.8687605126865478e-05
85.04  0.009785631859278847  -2.875945998367873e-05
85.06  0.00977513648055044  -2.8833479705371095e-05
85.08  0.009764712910131462  -2.8909806583468304e-05
85.10000000000001  0.009754365785482274  -2.8988545155827518e-05
85.12  0.009744099597639026  -2.9069760609407403e-05
85.14  0.009733918692830293  -2.9153478204475527e-05
85.16  0.009723827275987227  -2.9239683636456678e-05
85.18  0.009713829415926446  -2.9328324161487672e-05
85.2  0.009703929051979494  -2.9419310314306454e-05
85.22  0.009694130001844152  -2.9512518047557165e-05
85.24  0.009684435970345514  -2.960779107091132e-05
85.26  0.009674850558842376  -2.9704943230961218e-05
85.28  0.009665377275001958  -2.980376073225103e-05
85.3  0.009656019542689373  -2.9904004095676296e-05
85.32000000000001  0.009646780711756732  -3.0005409756221095e-05
85.34  0.00963766406754032  -3.0107691281946306e-05
85.36  0.009628672839953344  -3.0210540238264026e-05
85.38  0.00961981021202377  -3.0313626811383938e-05
85.4  0.009611079327829274  -3.0416600312144227e-05
85.42  0.009602483299711174  -3.051908971898372e-05
85.44  0.009594025214673021  -3.062070442929799e-05
85.46000000000001  0.009585708139870058  -3.0721035331399135e-05
85.48  0.009577535127048764  -3.0819656295194274e-05
85.5  0.009569509215837218  -3.091612609695367e-05
85.52  0.00956163343577135  -3.100999075918612e-05
85.54  0.009553910807005616  -3.1100786236618485e-05
85.56  0.009546344339702719  -3.118804135075071e-05
85.58  0.009538937032194116  -3.127128092745047e-05
85.60000000000001  0.009531691868032193  -3.135002905964872e-05
85.62  0.009524611812197981  -3.1423812503173134e-05
85.64  0.009517699806744918  -3.149216428031307e-05
85.66  0.009510958766233701  -3.155462758823176e-05
85.68  0.009504391573385325  -3.161076018879896e-05
85.7  0.00949800107537952  -3.166013948092018e-05
85.72  0.0094917900812807  -3.1702368508812585e-05
85.74  0.009485761361045683  -3.173708315693926e-05
85.76  0.00947991764652461  -3.176396073675446e-05
85.78  0.009474261634749088  -3.1782730070493055e-05
85.8  0.009468795993554484  -3.179318299073979e-05
85.82000000000001  0.00946352336926902  -3.179518691025659e-05
85.84  0.00945844639572177  -3.178869772811245e-05
85.86  0.00945356770331543  -3.177377200406546e-05
85.88  0.009448889926413717  -3.175057706148107e-05
85.9  0.009444415706931318  -3.1719397608179426e-05
85.92  0.009440147692073911  -3.168063774682054e-05
85.94  0.009436088524514765  -3.163481780586277e-05
85.96000000000001  0.009432240824105912  -3.158256618415778e-05
85.98  0.009428607161251688  -3.152460715235365e-05
86.0  0.00942519002304985  -3.14617460963627e-05
86.02  0.009421991774148679  -3.139485390313221e-05
86.04  0.009419014614646042  -3.13248520613679e-05
86.06  0.009416260537453435  -3.125269962991566e-05
86.08  0.009413731287261985  -3.1179382648987475e-05
86.10000000000001  0.009411428322849576  -3.1105905942586175e-05
86.12  0.00940935278404777  -3.1033286758728477e-05
86.14  0.00940750546432549  -3.096254943338088e-05
86.16  0.009405886789693408  -3.089472018868727e-05
86.18  0.009404496804429703  -3.083082142656345e-05
86.2  0.00940333516393998  -3.077186507229744e-05
86.22  0.009402401134864562  -3.0718844861467014e-05
86.24  0.009401693602337523  -3.067272764666515e-05
86.26  0.009401211084076226  -3.0634443945586515e-05
86.28  0.009400951750773745  -3.060487801735078e-05
86.3  0.009400913452114742  -3.058485777099561e-05
86.32000000000001  0.009401093747573832  -3.057514482533717e-05
86.34  0.009401489941097572  -3.057642497512455e-05
86.36  0.009402099118688589  -3.058929933170136e-05
86.38  0.009402918187888382  -3.061427632915829e-05
86.4  0.009403943918214488  -3.065176480249987e-05
86.42  0.009405172981552795  -3.070206828152734e-05
86.44  0.00940660199166655  -3.0765380636908265e-05
86.46000000000001  0.009408227541919754  -3.084178320412502e-05
86.48  0.009410046240487222  -3.093124342154841e-05
86.5  0.009412054742316118  -3.1033614993900836e-05
86.52  0.009414249777236917  -3.114863947601726e-05
86.54  0.009416628173791465  -3.1275949215172515e-05
86.56  0.009419186878460993  -3.141507156509754e-05
86.58  0.009421922970179075  -3.156543438168132e-05
86.60000000000001  0.0094248336701204  -3.172637281039313e-05
86.62  0.009427916346870943  -3.189713736981852e-05
86.64  0.009431168517166253  -3.2076903259818784e-05
86.66  0.009434587842458516  -3.226478077835481e-05
86.68  0.009438172121658404  -3.2459826637858955e-05
86.7  0.009441919280519712  -3.2661055957257096e-05
86.72  0.009445827358175105  -3.286745471860879e-05
86.74  0.009449894491490302  -3.307799250176264e-05
86.76  0.009454118897846557  -3.3291635399305704e-05
86.78  0.009458498856972232  -3.350735897866295e-05
86.8  0.009463032692315331  -3.372416118961728e-05
86.82000000000001  0.009467718752345658  -3.394107495163845e-05
86.84  0.009472555392112473  -3.4157180137423605e-05
86.86  0.009477540955388712  -3.43716146613644e-05
86.88  0.009482673757726651  -3.4583584436586885e-05
86.9  0.009487952070748526  -3.479237202124191e-05
86.92  0.009493374107948722  -3.499734385741371e-05
86.94  0.009498938012243371  -3.519795601458057e-05
86.96000000000001  0.009504641845391008  -3.539375840941161e-05
86.98  0.009510483579383375  -3.558439744295309e-05
87.0  0.009516461089844061  -3.576961704547932e-05
87.02  0.009522572151415104  -3.5949258088415945e-05
87.04  0.009528814435095772  -3.612325618877938e-05
87.06  0.009535185507447353  -3.62916378922951e-05
87.08  0.009541682831567064  -3.645451528748059e-05
87.10000000000001  0.00954830376970867  -3.661207909390115e-05
87.12  0.009555045587438506  -3.676459029841288e-05
87.14  0.009561905459212445  -3.6912370465244204e-05
87.16  0.009568880475259733  -3.70557908330067e-05
87.18  0.009575967649707483  -3.719526039258817e-05
87.2  0.00958316392986751  -3.7331213177733e-05
87.22  0.00959046620665811  -3.7464095036540384e-05
87.24  0.009597871326090145  -3.7594350260281004e-05
87.26  0.009605376101758639  -3.772240845744367e-05
87.28  0.009612977328224252  -3.7848672163950714e-05
87.3  0.009620671795067766  -3.7973505663868556e-05
87.32000000000001  0.009628456301309107  -3.809722552928994e-05
87.34  0.00963632766977173  -3.8220093303529626e-05
87.36  0.009644282760845849  -3.8342310658018597e-05
87.38  0.009652318485040378  -3.846401717706526e-05
87.4  0.009660431813690631  -3.858529075343266e-05
87.42  0.009668619787270273  -3.8706150357517254e-05
87.44  0.0096768795208769  -3.8826560786040486e-05
87.46000000000001  0.00968520820668774  -3.894643885721382e-05
87.48  0.009693603113376591  -3.906566049432014e-05
87.5  0.009702061582767221  -3.9184068141929216e-05
87.52  0.009710581024093752  -3.930147805251735e-05
87.54  0.009719158906429687  -3.941768710994276e-05
87.56  0.009727792749832013  -3.953247898815959e-05
87.58  0.009736480115732313  -3.9645629603423444e-05
87.60000000000001  0.009745218597049118  -3.975691187714166e-05
87.62  0.009754005808357037  -3.9866099937378686e-05
87.64  0.009762839376351511  -3.997297289937839e-05
87.66  0.009771716930740677  -4.0077318367607704e-05
87.68  0.009780636095629494  -4.017893578039136e-05
87.7  0.009789594481363875  -4.027763968898242e-05
87.72  0.009798589676815433  -4.0373263008404424e-05
87.74  0.009807619242025976  -4.046566024735099e-05
87.76  0.00981668070116751  -4.055471066164986e-05
87.78  0.009825771535767322  -4.064032127100085e-05
87.8  0.009834889178172717  -4.072242959768168e-05
87.82000000000001  0.00984403100526838  -4.0801006016603954e-05
87.84  0.009853194332487174  -4.087605557117347e-05
87.86  0.009862376408200486  -4.094761911462859e-05
87.88  0.009871574408587876  -4.1015773655252986e-05
87.9  0.009880785433163985  -4.108063180288982e-05
87.92  0.009890006501137128  -4.114234027462875e-05
87.94  0.009899234548780451  -4.120107743209781e-05
87.96000000000001  0.009908466427986437  -4.1257049942780375e-05
87.98  0.009917698906123165  -4.1310488612212325e-05
88.0  0.009926928667307619  -4.1361643491061196e-05
88.02  0.009936152315152233  -4.141077835783796e-05
88.04  0.009945366377029766  -4.1458164652410516e-05
88.06  0.009954567309804725  -4.150407500241845e-05
88.08  0.009963751506982544  -4.154877643182532e-05
88.10000000000001  0.009972915307127168  -4.159252338893037e-05
88.12  0.009982055003415473  -4.1635550742635386e-05
88.14  0.009991166854116235  -4.167806691368576e-05
88.16  0.01000024709382313  -4.1720247324410376e-05
88.18  0.01000929194521189  -4.176222836007775e-05
88.2  0.010018297631098069  -4.180410200917417e-05
88.22  0.010027260386569304  -4.18459113450005e-05
88.24  0.01003617647094216  -4.1887646977187855e-05
88.26  0.010045042179325364  -4.1929244560424407e-05
88.28  0.010053853853569737  -4.197058341677241e-05
88.3  0.010062607892414465  -4.201148629024734e-05
88.32000000000001  0.01007130076066837  -4.205172024821539e-05
88.34  0.010079928997282819  -4.20909986476312e-05
88.36  0.010088489222251907  -4.2128984124873174e-05
88.38  0.010096978142242814  -4.21652924960542e-05
88.4  0.010105392554958107  -4.2199497448965585e-05
88.42  0.010113729352233293  -4.2231135904571935e-05
88.44  0.010121985521900164  -4.2259713897477934e-05
88.46000000000001  0.010130158148472087  -4.2284712842011334e-05
88.48  0.01013824441272434  -4.230559604593927e-05
88.5  0.01014624159027859  -4.2321815301704895e-05
88.52  0.010154147049265032  -4.233281745055944e-05
88.54  0.010161958247225766  -4.233805074711087e-05
88.56  0.010169672727358097  -4.2336970915683486e-05
88.58  0.010177288114288984  -4.232904678845235e-05
88.60000000000001  0.010184802109521031  -4.2313765420747034e-05
88.62  0.010192212486759174  -4.229063665147529e-05
88.64  0.010199517087267875  -4.2259197051398585e-05
88.66  0.010206713815428743  -4.221901329197906e-05
88.68  0.010213800634631029  -4.21696849387528e-05
88.7  0.01022077556358358  -4.2110846750451746e-05
88.72  0.010227636673096206  -4.204217052063535e-05
88.74  0.010234382083320852  -4.196336658336413e-05
88.76  0.010241009961446505  -4.187418502687939e-05
88.78  0.010247518519757692  -4.177441670969012e-05
88.8  0.010253906014067362  -4.1663894068221914e-05
88.82000000000001  0.01026017074245082  -4.1542491712958555e-05
88.84  0.0102663110443212  -4.141012676147442e-05
88.86  0.01027232529983232  -4.126675882181398e-05
88.88  0.010278211929639862  -4.111238955360019e-05
88.9  0.010283969395005584  -4.094706176671414e-05
88.92  0.01028959619823235  -4.07708580009832e-05
88.94  0.010295090883397444  -4.058389859971442e-05
88.96000000000001  0.010300452037343703  -4.038633925499969e-05
88.98  0.010305678290878927  -4.0178368052879935e-05
89.0  0.010310768320127353  -3.996020199590297e-05
89.02  0.010315720847977635  -3.973208306172991e-05
89.04  0.010320534645527502  -3.94942738404192e-05
89.06  0.010325208533417287  -3.9247052806903204e-05
89.08  0.010329741382884736  -3.899070936475793e-05
89.10000000000001  0.010334132116331989  -3.872553873086104e-05
89.12  0.01033837970717772  -3.8451836773711046e-05
89.14  0.010342483178726792  -3.816989489996328e-05
89.16  0.010346441601864093  -3.7879995050368126e-05
89.18  0.010350254091360218  -3.7582404892073015e-05
89.2  0.010353919800700126  -3.72773732534123e-05
89.22  0.010357437915462429  -3.696512592339033e-05
89.24  0.010360807645323744  -3.664586189086951e-05
89.26  0.010364028214929023  -3.631975016540825e-05
89.28  0.010367098853911317  -3.598692732736454e-05
89.3  0.010370018786424186  -3.564749592101967e-05
89.32000000000001  0.010372787220542521  -3.530152385037699e-05
89.34  0.010375403337913041  -3.49490448794875e-05
89.36  0.010377866283955655  -3.4590060339403246e-05
89.38  0.010380175158931667  -3.422454214342788e-05
89.4  0.01038232901012127  -3.385243719513736e-05
89.42  0.010384326825325996  -3.34736733307358e-05
89.44  0.010386167527955126  -3.308816683440759e-05
89.46000000000001  0.010387849973898662  -3.269583154765872e-05
89.48  0.010389372950436323  -3.229658951615946e-05
89.5  0.010390735177367773  -3.189038291730946e-05
89.52  0.010391935310491679  -3.147718696462296e-05
89.54  0.010392971947504532  -3.1057023342695735e-05
89.56  0.010393843636276082  -3.0629973687343055e-05
89.58  0.010394548885403499  -3.0196192622797304e-05
89.60000000000001  0.010395086176873786  -2.9755919863824484e-05
89.62  0.01039545398057181  -2.930949094923799e-05
89.64  0.01039565077038769  -2.8857346220721226e-05
89.66  0.010395675041566677  -2.8400037704536697e-05
89.68  0.01039552532891196  -2.7938233660883708e-05
89.7  0.010395200225390158  -2.7472720607896275e-05
89.72  0.01039469840059951  -2.7004402748805078e-05
89.74  0.01039401861853136  -2.6534298841910535e-05
89.76  0.010393159754095098  -2.6063536595274786e-05
89.78  0.01039212080822535  -2.5593344773068483e-05
89.8  0.010390900921887805  -2.5125042919823214e-05
89.82000000000001  0.01038949938966972  -2.466002844812772e-05
89.84  0.010387915672958216  -2.4199760886835617e-05
89.86  0.01038614941143568  -2.3745743869802937e-05
89.88  0.010384200431176613  -2.3299506123372516e-05
89.9  0.010382068748662536  -2.286258255508899e-05
89.92  0.010379754571338695  -2.2436495709453445e-05
89.94  0.010377258295549635  -2.202273751052892e-05
89.96000000000001  0.010374580502312731  -2.162275135526516e-05
89.98  0.010371721951023885  -2.1237914905141685e-05
90.0  0.010368683571200547  -2.0869523977393415e-05
90.02  0.010365466452417395  -2.051877783298033e-05
90.04  0.010362071832659407  -2.0186766098730846e-05
90.06  0.010358501085357408  -1.9874457477608428e-05
90.08  0.010354755705402842  -1.9582690369212924e-05
90.10000000000001  0.010350837294448278  -1.9312165465491797e-05
90.12  0.010346747545838331  -1.9063440308159382e-05
90.14  0.010342488229499862  -1.8836925825445e-05
90.16  0.010338061177136044  -1.8632884778400716e-05
90.18  0.010333468268048202  -1.8451432053280776e-05
90.2  0.010328711415947217  -1.8292536701300156e-05
90.22  0.010323792557032876  -1.8156025645080433e-05
90.24  0.010318713639656845  -1.8041588911203425e-05
90.26  0.010313476615841127  -1.7948786301471892e-05
90.28  0.010308083434856027  -1.7877055379288258e-05
90.3  0.01030253603904713  -1.782572065607316e-05
90.32000000000001  0.01029683636201397  -1.7794003876509336e-05
90.34  0.01029098632920572  -1.7781035287082468e-05
90.36  0.010284987860889848  -1.7785865788425785e-05
90.38  0.010278842877410993  -1.780747985237659e-05
90.4  0.010272553306585986  -1.7844809058113023e-05
90.42  0.010266121092992903  -1.7896746130585003e-05
90.44  0.010259548208892905  -1.7962159298182306e-05
90.46000000000001  0.010252836666443032  -1.803990679593242e-05
90.48  0.010245988530856055  -1.8128851324047936e-05
90.5  0.010239005934121134  -1.8227874237210792e-05
90.52  0.010231891088879229  -1.8335889255276365e-05
90.54  0.01022464630206674  -1.8451855444019396e-05
90.56  0.010217273987913274  -1.8574789255646e-05
90.58  0.010209776679915758  -1.8703775357944967e-05
90.60000000000001  0.010202157041394924  -1.883797605617288e-05
90.62  0.010194417874335764  -1.8976639102031567e-05
90.64  0.010186562126198152  -1.91191037516527e-05
90.66  0.01017859289449527  -1.9264804956707908e-05
90.68  0.010170513428972698  -1.9413275652816496e-05
90.7  0.010162327131315778  -1.9564147137142593e-05
90.72  0.010154037552380889  -1.971714759973851e-05
90.74  0.01014564838701462  -1.9872098847298967e-05
90.76  0.010137163466600175  -2.0028911352786757e-05
90.78  0.01012858674953748  -2.0187577755931064e-05
90.8  0.010119922309911536  -2.0348164951758797e-05
90.82000000000001  0.010111174324649284  -2.051080498202098e-05
90.84  0.010102347059503976  -2.06756849091883e-05
90.86  0.010093444854196316  -2.0843035885213485e-05
90.88  0.01008447210709137  -2.1013121655483007e-05
90.9  0.010075433259780024  -2.1186226707876423e-05
90.92  0.010066332781947948  -2.136264433320837e-05
90.94  0.01005717515687449  -2.1542664819527668e-05
90.96000000000001  0.010047964867937674  -2.1726564106713552e-05
90.98  0.010038706386404311  -2.191459317486046e-05
91.0  0.010029404160763719  -2.2106968450536414e-05
91.02  0.010020062607795314  -2.2303863558032198e-05
91.04  0.010010686105446632  -2.2505402652087676e-05
91.06  0.01000127898752929  -2.2711655524086025e-05
91.08  0.009991845540145502  -2.2922634647208754e-05
91.10000000000001  0.009982389999689601  -2.3138294159808417e-05
91.12  0.009972916552168426  -2.335853077065024e-05
91.14  0.009963429333636177  -2.358318638889496e-05
91.16  0.009953932431451014  -2.381205225855932e-05
91.18  0.009944429886175195  -2.4044874300444192e-05
91.2  0.009934925693884222  -2.4281359343761548e-05
91.22  0.009925423808774798  -2.452118192917589e-05
91.24  0.009915928145916015  -2.4763991403049756e-05
91.26  0.009906442584042259  -2.500941903391255e-05
91.28  0.009896970968288144  -2.525708495784155e-05
91.3  0.009887517112799855  -2.550660474822508e-05
91.32000000000001  0.009878084803119242  -2.5757595507212225e-05
91.34  0.009868677798308047  -2.6009681377364854e-05
91.36  0.009859299832720048  -2.626249840625925e-05
91.38  0.009849954617380379  -2.651569873340024e-05
91.4  0.009840645840889345  -2.676895406836429e-05
91.42  0.009831377169811927  -2.70219584664519e-05
91.44  0.009822152248473697  -2.727443035294128e-05
91.46000000000001  0.009812974698142293  -2.7526113816913865e-05
91.48  0.009803848115564142  -2.7776779149807877e-05
91.5  0.00979477607085574  -2.8026222620369343e-05
91.52  0.009785762104797433  -2.8274265490795175e-05
91.54  0.009776809725586387  -2.8520752274383938e-05
91.56  0.00976792240514469  -2.876554823306157e-05
91.58  0.009759103575129588  -2.9008536140686345e-05
91.60000000000001  0.009750356622789681  -2.9249612339723134e-05
91.62  0.009741684886875749  -2.948868215455207e-05
91.64  0.009733091653787062  -2.9725654695814615e-05
91.66  0.009724580154164783  -2.99604372037702e-05
91.68  0.0097161535601036  -3.0192929000853755e-05
91.7  0.009707814983152823  -3.0423015231574855e-05
91.72  0.009699567473225444  -3.065056052778955e-05
91.74  0.00969141401850144  -3.0875402804500494e-05
91.76  0.009683357546383074  -3.1097347362163925e-05
91.78  0.009675400925511543  -3.131616151008217e-05
91.8  0.009667546968819206  -3.153156995124162e-05
91.82000000000001  0.009659798437576623  -3.17432511397416e-05
91.84  0.00965215804634661  -3.195083485869363e-05
91.86  0.009644628468770903  -3.21539012148413e-05
91.88  0.009637212344086796  -3.235198118061171e-05
91.9  0.009629912284241914  -3.254455869460621e-05
91.92  0.009622730881410213  -3.273107418606363e-05
91.94  0.009615670715619817  -3.291092934753011e-05
91.96000000000001  0.009608734362116803  -3.3083493037691215e-05
91.98  0.009601924398051432  -3.324810827078214e-05
92.0  0.009595243408116547  -3.3404100339152345e-05
92.02  0.009588693988880907  -3.355078596538977e-05
92.04  0.009582278751689741  -3.368748333791024e-05
92.06  0.009576000324081036  -3.381352275001664e-05
92.08  0.009569861349776476  -3.3928257535939905e-05
92.10000000000001  0.00956386448730708  -3.4031075081364655e-05
92.12  0.009558012407433165  -3.412140765412102e-05
92.14  0.009552307789502064  -3.419874291009759e-05
92.16  0.009546753316967482  -3.426263392406812e-05
92.18  0.009541351672288988  -3.431270864453715e-05
92.2  0.009536105531448761  -3.43486786954626e-05
92.22  0.00953101755833543  -3.4370347488405114e-05
92.24  0.009526090399216211  -3.437761757612812e-05
92.26  0.009521326677497709  -3.437049724650318e-05
92.28  0.009516728988913094  -3.43491062720728e-05
92.3  0.009512299897209576  -3.431368066772871e-05
92.32000000000001  0.009508041930242678  -3.426457625381482e-05
92.34  0.009503957576224829  -3.4202270676399746e-05
92.36  0.009500049279658635  -3.4127363497494495e-05
92.38  0.009496319436328934  -3.40405739293249e-05
92.4  0.009492770386569142  -3.394273586402624e-05
92.42  0.009489404406051633  -3.3834789981296106e-05
92.44  0.009486223693511202  -3.371777294026434e-05
92.46000000000001  0.009483230355039247  -3.359280388045003e-05
92.48  0.009480426384993457  -3.346106868328131e-05
92.5  0.009477813643893628  -3.332380261331522e-05
92.52  0.009475393834043644  -3.3182272064636806e-05
92.54  0.009473168473865505  -3.3037756148918947e-05
92.56  0.009471138872106223  -3.289152880783092e-05
92.58  0.009469306103068342  -3.2744842041623985e-05
92.60000000000001  0.009467670984007566  -3.259891068852405e-05
92.62  0.009466234055638338  -3.245489905630636e-05
92.64  0.009464995566548135  -3.231390953168022e-05
92.66  0.009463955462106039  -3.2176973207782765e-05
92.68  0.009463113378300062  -3.2045042403770215e-05
92.7  0.009462468640736263  -3.191898495846409e-05
92.72  0.009462020268905545  -3.179958010044319e-05
92.74  0.009461766985658421  -3.1687515749747295e-05
92.76  0.00946170723166429  -3.1583387123870855e-05
92.78  0.009461839184481024  -3.1487696551520156e-05
92.8  0.009462160781723843  -3.140085443922359e-05
92.82000000000001  0.009462669747677333  -3.1323181331602706e-05
92.84  0.009463363622623596  -3.1254911023408414e-05
92.86  0.009464239794088631  -3.1196194627650094e-05
92.88  0.009465295529168747  -3.114710549519256e-05
92.9  0.00946652800713411  -3.1107644856879096e-05
92.92  0.00946793435154499  -3.107774801079228e-05
92.94  0.00946951166113909  -3.10572908897575e-05
92.96000000000001  0.009471257038852883  -3.1046096830317657e-05
92.98  0.009473167618389648  -3.10439433756911e-05
93.0  0.009475240587759105  -3.1050568992780636e-05
93.02  0.009477473209290155  -3.106567962020948e-05
93.04  0.009479862835621628  -3.108895500843264e-05
93.06  0.009482406921340789  -3.1120054859538435e-05
93.08  0.009485103030140558  -3.1158624746728054e-05
93.10000000000001  0.009487948837708222  -3.120430174313718e-05
93.12  0.009490942130912982  -3.125671956844865e-05
93.14  0.009494080803977246  -3.131551303557914e-05
93.16  0.009497362852284199  -3.138032157581166e-05
93.18  0.009500786364147334  -3.14507918586974e-05
93.2  0.009504349510658254  -3.152657965273542e-05
93.22  0.00950805053364126  -3.16073512259915e-05
93.24  0.00951188773187583  -3.169278450904327e-05
93.26  0.009515859445962747  -3.1782570094524256e-05
93.28  0.009519964042345338  -3.187641204375153e-05
93.3  0.009524199897057892  -3.197402837149805e-05
93.32000000000001  0.009528565379750541  -3.207515110545901e-05
93.34  0.009533058838522894  -3.2179525813204004e-05
93.36  0.009537678585949927  -3.228691058140074e-05
93.38  0.00954242288670197  -3.239707447282728e-05
93.4  0.009547289947049264  -3.250979551960926e-05
93.42  0.009552277906505955  -3.2624858430873116e-05
93.44  0.009557384831814047  -3.274205215812061e-05
93.46000000000001  0.009562608713324948  -3.286116754493451e-05
93.48  0.009567947463809984  -3.2981995261017014e-05
93.5  0.009573398919554261  -3.310432420033603e-05
93.52  0.009578960843544695  -3.3227940503237334e-05
93.54  0.009584630930417122  -3.3352627314397316e-05
93.56  0.009590406812792916  -3.3478165331295163e-05
93.58  0.009596286068572152  -3.360433410466863e-05
93.60000000000001  0.009602266228766733  -3.373091398953569e-05
93.62  0.009608344785480715  -3.3857688548179964e-05
93.64  0.009614519199734247  -3.3984447147038185e-05
93.66  0.009620786908936252  -3.411098746862785e-05
93.68  0.009627145333871755  -3.423711766957176e-05
93.7  0.009633591885241669  -3.436265792850719e-05
93.72  0.009640123969780734  -3.4487441264884126e-05
93.74  0.009646738996080104  -3.461131352814112e-05
93.76  0.009653434380213766  -3.473413262476607e-05
93.78  0.00966020755124965  -3.485576707628906e-05
93.8  0.009667055956708826  -3.497609411265013e-05
93.82000000000001  0.009673977067944926  -3.509499751206991e-05
93.84  0.00968096838539966  -3.521236542925105e-05
93.86  0.009688027443616739  -3.532808842978289e-05
93.88  0.009695151815898966  -3.544205791116197e-05
93.9  0.009702339118438015  -3.5554165067047804e-05
93.92  0.009709587013778066  -3.56643004877195e-05
93.94  0.009716893213452454  -3.5772354435796165e-05
93.96000000000001  0.009724255479682368  -3.587821780764339e-05
93.98  0.009731671626005328  -3.598178372191964e-05
94.0  0.009739139516785164  -3.6082949693867056e-05
94.02  0.009746657065531171  -3.6181620265998636e-05
94.04  0.009754222232018248  -3.627771001454406e-05
94.06  0.009761833018219323  -3.637114678330832e-05
94.08  0.009769487463089402  -3.646187501396944e-05
94.10000000000001  0.009777183636277113  -3.654985904626537e-05
94.12  0.009784919630869651  -3.6635086223468555e-05
94.14  0.009792693555302753  -3.67175696823743e-05
94.16  0.009800503524587263  -3.67973506634388e-05
94.18  0.009808347651015606  -3.6874500269025e-05
94.2  0.009816224034520002  -3.6949120522975716e-05
94.22  0.009824130752831553  -3.702134468263407e-05
94.24  0.009832065851605284  -3.709133672095489e-05
94.26  0.009840027334654274  -3.71592899571442e-05
94.28  0.009848013154411922  -3.722542480717062e-05
94.3  0.009856021202779527  -3.728998565422813e-05
94.32000000000001  0.009864049302481193  -3.735323687195016e-05
94.34  0.00987209519906466  -3.7415458038950694e-05
94.36  0.009880156553720126  -3.747693839229146e-05
94.38  0.009888230937087501  -3.7537970646773586e-05
94.4  0.009896315824246394  -3.7598844263280334e-05
94.42  0.00990440859109839  -3.765983832680303e-05
94.44  0.009912506512352155  -3.772121423308874e-05
94.46000000000001  0.009920606761296134  -3.778320837884453e-05
94.48  0.009928706411527833  -3.7846025149489834e-05
94.5  0.009936802440757937  -3.790983050383156e-05
94.52  0.009944891736674835  -3.7974746512571e-05
94.54  0.009952971104811126  -3.804084721611503e-05
94.56  0.009961037278153008  -3.810815617155586e-05
94.58  0.009969086928073351  -3.817664596418151e-05
94.60000000000001  0.009977116676015712  -3.824623982878256e-05
94.62  0.009985123105238117  -3.831681530777659e-05
94.64  0.009993102771891282  -3.838820962565852e-05
94.66  0.010001052214824932  -3.8460226161597894e-05
94.68  0.010008967963738515  -3.853264125050916e-05
94.7  0.010016846545635527  -3.860521046045545e-05
94.72  0.010024684489844723  -3.867767359480005e-05
94.74  0.01003247833214702  -3.8749757870304285e-05
94.76  0.010040224618699441  -3.882117910243457e-05
94.78  0.01004791991037687  -3.889164105235904e-05
94.8  0.010055560788031258  -3.896083342344064e-05
94.82000000000001  0.010063143858859192  -3.902842919079538e-05
94.84  0.0100706657637814  -3.909408200671935e-05
94.86  0.010078123185512594  -3.915742436744916e-05
94.88  0.010085512856857512  -3.921806699816831e-05
94.9  0.010092831568752694  -3.9275599699725825e-05
94.92  0.010100076177605444  -3.932959370106181e-05
94.94  0.010107243611681273  -3.9379605281699765e-05
94.96000000000001  0.010114330876456195  -3.9425180275394896e-05
94.98  0.01012133505916431  -3.946585884116286e-05
95.0  0.010128253333066538  -3.9501179791133926e-05
95.02  0.010135082962266308  -3.953068363963779e-05
95.04  0.010141821308028652  -3.955391366660519e-05
95.06  0.0101484658374408  -3.957041453004301e-05
95.08  0.010155014134633425  -3.95797285840101e-05
95.10000000000001  0.010161463913665705  -3.958139086928791e-05
95.12  0.010167813030782215  -3.957492464742285e-05
95.14  0.010174059492494558  -3.955983984111744e-05
95.16  0.010180201455766508  -3.953563659932726e-05
95.18  0.010186237217823713  -3.950181500269433e-05
95.2  0.01019216519562423  -3.945789028864452e-05
95.22  0.010197983897928583  -3.940341134659646e-05
95.24  0.010203691894789696  -3.933797937597878e-05
95.26  0.010209287789600816  -3.926126382567036e-05
95.28  0.01021477019759467  -3.917301367307686e-05
95.3  0.010220137732568585  -3.907306337401897e-05
95.32000000000001  0.010225389001732532  -3.8961333881717184e-05
95.34  0.01023052260719385  -3.883782976848581e-05
95.36  0.010235537152040142  -3.87026336859513e-05
95.38  0.010240431249062555  -3.8555899316994645e-05
95.4  0.01024520353048778  -3.839784370528406e-05
95.42  0.010249852657628462  -3.822873958701949e-05
95.44  0.010254377329807962  -3.804890811272919e-05
95.46000000000001  0.010258776292257632  -3.785871218066464e-05
95.48  0.010263048342946068  -3.7658550486326896e-05
95.5  0.010267192338397183  -3.7448852313826556e-05
95.52  0.010271207198638239  -3.7230073019111334e-05
95.54  0.010275091911417565  -3.700269014718326e-05
95.56  0.010278845535779176  -3.676720002791255e-05
95.58  0.010282467205056016  -3.652411468446932e-05
95.60000000000001  0.01028595612920915  -3.6273958892983384e-05
95.62  0.01028931159638887  -3.6017267203635545e-05
95.64  0.01029253297353453  -3.5754580807889187e-05
95.66  0.010295619705800476  -3.548644418144911e-05
95.68  0.010298571314647016  -3.521340145275083e-05
95.7  0.010301387394454345  -3.49359925641115e-05
95.72  0.010304067607627877  -3.465474925054865e-05
95.74000000000001  0.010306611678169016  -3.4370190954156795e-05
95.76  0.010309019383865253  -3.408282078480703e-05
95.78  0.010311290547256899  -3.3793121669554036e-05
95.8  0.010313425025645492  -3.3501552827629015e-05
95.82000000000001  0.010315422700488271  -3.320854677458177e-05
95.84  0.010317283466535317  -3.29145069636503e-05
95.86  0.010319007221064717  -3.26198063069137e-05
95.88  0.01032059385361728  -3.23247866310452e-05
95.9  0.01032204323654347  -3.202975920245091e-05
95.92  0.010323355216709091  -3.173500632002832e-05
95.94  0.010324529608617662  -3.144078393265877e-05
95.96000000000001  0.010325566189191678  -3.1147325203847045e-05
95.98  0.010326464694400822  -3.0854844855548056e-05
96.0  0.010327224817862865  -3.056354410794833e-05
96.02  0.01032784621149592  -3.027361597193212e-05
96.04  0.010328328488236813  -2.9985250627737773e-05
96.06  0.010328671226785581  -2.9698640596665455e-05
96.08  0.010328873978276882  -2.941398538313197e-05
96.10000000000001  0.01032893627470315  -2.9131495249420805e-05
96.12  0.010328857638711934  -2.8851393779793287e-05
96.14  0.01032863759407063  -2.8573918947619455e-05
96.16  0.010328275675354437  -2.829932268527062e-05
96.18  0.010327771435116134  -2.8027869798111548e-05
96.2  0.010327124448366783  -2.775983773732364e-05
96.22  0.010326334318006523  -2.7495517720749995e-05
96.24000000000001  0.0103254006854317  -2.723521440451791e-05
96.26  0.010324323244298954  -2.697924073383645e-05
96.28  0.010323101751086925  -2.6727908840761208e-05
96.3  0.010321736029996736  -2.6481520595140824e-05
96.32000000000001  0.010320225974081021  -2.6240359520434002e-05
96.34  0.010318571544395071  -2.600468368173545e-05
96.36  0.01031677276744965  -2.57747191119239e-05
96.38  0.010314829730870688  -2.5550654002105277e-05
96.4  0.010312742577342349  -2.5332634105850968e-05
96.42  0.010310511497182817  -2.512075973116449e-05
96.44  0.01030813672000859  -2.4915084639122426e-05
96.46000000000001  0.010305618506000806  -2.4715616900219482e-05
96.48  0.01030295713731639  -2.4522321792961696e-05
96.5  0.010300152910143927  -2.4335126607929385e-05
96.52  0.010297206127950539  -2.4153927159695323e-05
96.54  0.010294117096293208  -2.3978595705152612e-05
96.56  0.010290886119560444  -2.380898988323192e-05
96.58  0.010287513499880541  -2.3644962291833104e-05
96.60000000000001  0.010283999538304472  -2.3486370231740216e-05
96.62  0.010280344538309113  -2.3333085182444484e-05
96.64  0.010276548811539958  -2.3185001580788054e-05
96.66  0.010272612685599515  -2.3042044489513867e-05
96.68  0.010268536513632145  -2.2904175822565725e-05
96.7  0.010264320685324324  -2.2771398836666363e-05
96.72  0.010259965638930831  -2.264376067704118e-05
96.74000000000001  0.010255471873904645  -2.2521352873063564e-05
96.76  0.010250839963687666  -2.240430972241213e-05
96.78  0.01024607056830166  -2.2292804657562616e-05
96.8  0.010241164446325576  -2.2187044720088167e-05
96.82000000000001  0.010236122465998544  -2.208726338932048e-05
96.84  0.010230945615137503  -2.1993712087617276e-05
96.86  0.01022563500967231  -2.1906650707507974e-05
96.88  0.010220191900618313  -2.182633758220113e-05
96.9  0.010214617679358561  -2.1753019291609248e-05
96.92  0.010208913881162312  -2.1686920695322e-05
96.94  0.010203082186926834  -2.1628235561160093e-05
96.96000000000001  0.010197124423173727  -2.1577118084879413e-05
96.98  0.01019104256041565  -2.1533675567694344e-05
97.0  0.01018483871002371  -2.1497962437222177e-05
97.02  0.010178515119822599  -2.1469975777736675e-05
97.04  0.010172074168645618  -2.144965245206963e-05
97.06  0.010165518360111718  -2.1436867886781562e-05
97.08  0.010158850315881676  -2.143143653610381e-05
97.10000000000001  0.010152072768644117  -2.1433113987910852e-05
97.12  0.01014518855502114  -2.1441600694256604e-05
97.14  0.010138200608571214  -2.1456547205722865e-05
97.16  0.010131111953004231  -2.147756080285462e-05
97.18  0.01012392569567899  -2.1504213377878493e-05
97.2  0.010116645021423181  -2.153605035708083e-05
97.22  0.010109273186689877  -2.157260046432107e-05
97.24000000000001  0.010101813514017186  -2.1613386046497224e-05
97.26  0.010094269386793848  -2.165793367846521e-05
97.28  0.010086644244268238  -2.1705784716184064e-05
97.3  0.010078941576809131  -2.175650547907222e-05
97.32000000000001  0.010071164921351284  -2.180969670625907e-05
97.34  0.01006331785705153  -2.186500197900444e-05
97.36  0.010055404001115476  -2.192211479199878e-05
97.38  0.010047427004824812  -2.1980784040554546e-05
97.4  0.01003939054977695  -2.204081770998858e-05
97.42  0.010031298344416378  -2.210208466179191e-05
97.44  0.010023154120932475  -2.2164514459569502e-05
97.46000000000001  0.010014961632620781  -2.2228095261593377e-05
97.48  0.0100067246517976  -2.229286992900185e-05
97.5  0.009998446968363568  -2.2358930538697612e-05
97.52  0.009990132389029202  -2.242641160406331e-05
97.54  0.009981784737193612  -2.249548233908895e-05
97.56  0.009973407853373542  -2.256633836311138e-05
97.58  0.00996500559602498  -2.263919321987277e-05
97.60000000000001  0.009956581842496343  -2.2714270043461347e-05
97.62  0.009948140489819188  -2.2791793663940255e-05
97.64  0.009939685455003783  -2.287198329818899e-05
97.66  0.009931220674537477  -2.295504591978945e-05
97.68  0.00992275010281975  -2.3041170262540285e-05
97.7  0.009914277709411513  -2.3130521363571826e-05
97.72  0.009905807475103385  -2.3223235522007073e-05
97.74000000000001  0.009897343386952652  -2.3319415553530325e-05
97.76  0.009888889432586062  -2.3419126271927885e-05
97.78  0.009880449594129523  -2.3522390192027603e-05
97.8  0.009872027842167064  -2.3629183536373755e-05
97.82000000000001  0.009863628130091336  -2.3739432708587847e-05
97.84  0.009855254389136932  -2.3853011435549956e-05
97.86  0.009846910524303837  -2.396973883713287e-05
97.88  0.0098386004112097  -2.4089378656855558e-05
97.9  0.009830327893866434  -2.421163987561865e-05
97.92  0.009822096783238286  -2.4336178861454014e-05
97.94  0.009813910856414282  -2.4462603130579277e-05
97.96000000000001  0.009805773856204954  -2.459047672957337e-05
97.98  0.009797689490954898  -2.471932717559443e-05
98.0  0.009789661434390405  -2.4848653775623397e-05
98.02  0.009781693325321944  -2.4977937103082386e-05
98.04  0.00977378876704459  -2.5106649357801847e-05
98.06  0.009765951326286555  -2.523426527442334e-05
98.08  0.009758184531579747  -2.5360273227418075e-05
98.10000000000001  0.009750491870998534  -2.548418620935001e-05
98.12  0.009742876789171174  -2.560555231957185e-05
98.14  0.009735342683552166  -2.572396447035483e-05
98.16  0.009727892899969068  -2.5839069028708443e-05
98.18  0.009720530727454471  -2.5950573122007108e-05
98.2  0.009713259392437947  -2.6058250408802065e-05
98.22  0.009706082052373872  -2.616194514162965e-05
98.24000000000001  0.009699001788935775  -2.6261574369288393e-05
98.26  0.00969202160093639  -2.6357128180214024e-05
98.28  0.009685144397196692  -2.6448667954981695e-05
98.3  0.009678372989590704  -2.653632262870281e-05
98.32000000000001  0.009671710086546837  -2.662028308245104e-05
98.34  0.009665158287247243  -2.6700794840609196e-05
98.36  0.009658720076716542  -2.6778149339619237e-05
98.38  0.009652397822002268  -2.685267402986607e-05
98.4  0.009646193769541664  -2.6924721658326625e-05
98.42  0.009640110043850939  -2.6994659003334595e-05
98.44  0.009634148647602182  -2.7062855364462033e-05
98.46000000000001  0.009628311463166561  -2.7129671117781516e-05
98.48  0.009622600255656807  -2.719544661563388e-05
98.5  0.009617016677474841  -2.726049173164926e-05
98.52  0.009611562274328108  -2.7325076365719283e-05
98.54  0.009606238492630101  -2.738942216016202e-05
98.56  0.009601046688143731  -2.745369570774407e-05
98.58  0.009595988135659848  -2.751800341344831e-05
98.60000000000001  0.009591064039558927  -2.75823881911374e-05
98.62  0.00958627554500069  -2.7646828072812508e-05
98.64  0.009581623749562444  -2.771123681068191e-05
98.66  0.00957710971513107  -2.777546650541539e-05
98.68  0.009572734479846542  -2.7839312273033565e-05
98.7  0.00956849906994588  -2.7902518918994656e-05
98.72  0.009564404511323616  -2.7964789549222936e-05
98.74000000000001  0.009560451840726479  -2.8025796012940384e-05
98.76  0.009556642116422771  -2.80851909979818e-05
98.78  0.009552976428299886  -2.8142621570613938e-05
98.8  0.009549455907237603  -2.8197743871479006e-05
98.82000000000001  0.009546081733598923  -2.8250238629723643e-05
98.84  0.009542855144626085  -2.8299827036756985e-05
98.86  0.009539777440419476  -2.8346286461010907e-05
98.88  0.009536849988110037  -2.8389465405916356e-05
98.9  0.009534074223771111  -2.8429297029331708e-05
98.92  0.00953145165155527  -2.846581056920562e-05
98.94  0.009528983839536466  -2.8499140025171308e-05
98.96000000000001  0.00952667241179696  -2.8529529601669293e-05
98.98  0.009524519036442584  -2.8557335556391905e-05
99.0  0.00952252540940435  -2.8583024357839748e-05
99.02  0.009520693234174671  -2.860716724473618e-05
99.04  0.009519024197926  -2.8630431514535996e-05
99.06  0.00951751994471672  -2.8653569035241698e-05
99.08  0.00951618204669135  -2.8677402537050686e-05
99.10000000000001  0.009515011974361026  -2.8702810317871366e-05
99.12  0.009514011067072314  -2.873070992137139e-05
99.14  0.009513180504736745  -2.876204130587805e-05
99.16  0.009512521281806692  -2.8797749930988743e-05
99.18  0.009512034184334599  -2.8838770066782256e-05
99.2  0.00951171977079589  -2.888600853660601e-05
99.22  0.00951157835712227  -2.8940329034500903e-05
99.24000000000001  0.009511610006249857  -2.9002537100626098e-05
99.26  0.00951181452227143  -2.9073365778976692e-05
99.28  0.009512191449089614  -2.915346204514999e-05
99.3  0.009512740073364813  -2.924337405662393e-05
99.32000000000001  0.009513459431362194  -2.9343539361213885e-05
99.34  0.009514348319239002  -2.9454274209552057e-05
99.36  0.009515405306209727  -2.957576420443934e-05
99.38  0.009516628749999697  -2.9708056474502034e-05
99.4  0.009518016813958108  -2.985105365313094e-05
99.42  0.009519567485213648  -3.0004509898548236e-05
99.44  0.009521278593277376  -3.0168029158095043e-05
99.46000000000001  0.009523147828565797  -3.0341065853967092e-05
99.48  0.009525172760397663  -3.052292810991604e-05
99.5  0.009527350854139938  -3.0712783586428437e-05
99.52  0.00952967948725765  -3.0909667967747525e-05
99.54  0.00953215596416481  -3.111249611709274e-05
99.56  0.009534777529814293  -3.1320075839877515e-05
99.58  0.00953754138210611  -3.153112411503089e-05
99.60000000000001  0.009540444683234466  -3.174428555106527e-05
99.62  0.00954348457016098  -3.1958152704751155e-05
99.64  0.009546658164428004  -3.2171287829690855e-05
99.66  0.009549962581484772  -3.238224548861298e-05
99.68  0.009553394939706252  -3.2589595454932455e-05
99.7  0.009556952369164214  -3.279194520996179e-05
99.72  0.009560632020162158  -3.2987961424408694e-05
99.74000000000001  0.009564431071409718  -3.317638986975939e-05
99.76  0.009568346737638867  -3.335607336996321e-05
99.78  0.009572376276408093  -3.3525967581144006e-05
99.8  0.00957651699391973  -3.368515448636255e-05
99.82000000000001  0.009580766249789768  -3.383285346048192e-05
99.84  0.009585121460810083  -3.396842966265306e-05
99.86  0.009589580103789462  -3.40913994366742e-05
99.88  0.00959413971748481  -3.4201432522168715e-05
99.9  0.009598797903560741  -3.4298351008444474e-05
99.92  0.009603552326477872  -3.4382125197815586e-05
99.94  0.00960840071222549  -3.445286667657374e-05
99.96000000000001  0.00961334084584913  -3.451081898847802e-05
99.98  0.009618370567776414  -3.4556346311316727e-05
100.0  0.009623487768972847  -3.458992058301534e-05
