0.05  -0.08162539547816346  0.005221165123240908
0.1  -0.1656305973389086  0.005357264261724485
0.15000000000000002  -0.22773600685987624  0.0033374996889405503
0.2  -0.2718916429748086  0.001135976871685621
0.25  -0.30063577943896624  -0.0007582708135438377
0.30000000000000004  -0.3160854538598822  -0.002255136188895657
0.35000000000000003  -0.3201181841223072  -0.0033432863147902347
0.4  -0.31448373885573894  -0.004024200281136617
0.45  -0.30089932759149424  -0.004311864398225865
0.5  -0.28109766673390557  -0.004239643130502664
0.55  -0.2568209346823864  -0.0038612570105270153
0.6000000000000001  -0.22977453596949984  -0.003246199847812012
0.65  -0.20156107518847255  -0.002472444212056179
0.7000000000000001  -0.17361269338265703  -0.0016188308221233958
0.75  -0.14713446723600815  -0.0007585404747335093
0.8  -0.12306596700324103  4.572881174201091e-05
0.8500000000000001  -0.1020635082801033  0.0007447950449445447
0.9  -0.08450240218128598  0.0013043628840734669
0.9500000000000001  -0.07049653148466807  0.0017050588882705922
1.0  -0.05993149890663174  0.0019414239574611462
1.05  -0.05250717593136846  0.002020129908632119
1.1  -0.04778555256838128  0.0019577357504393885
1.1500000000000001  -0.0452401282158735  0.0017781218489029786
1.2000000000000002  -0.04430353121334857  0.0015098611319918607
1.25  -0.04441074517666555  0.0011836825821600007
1.3  -0.04503591262213421  0.0008301440001778089
1.35  -0.045721218976248784  0.00047762270508785846
1.4000000000000001  -0.04609722465662181  0.0001506815604245593
1.4500000000000002  -0.045894521749257136  -0.0001311073000250565
1.5  -0.04494704601330112  -0.00035385335990313876
1.55  -0.043187942186974665  -0.000509585037656836
1.6  -0.04063921890568026  -0.0005960703910990033
1.6500000000000001  -0.03739667087882463  -0.0006162838816595563
1.7000000000000002  -0.03361166785785793  -0.0005775930609898621
1.75  -0.029471435180928252  -0.0004907095065506281
1.8  -0.025179400785913283  -0.000368553684345799
1.85  -0.020936936396850413  -0.00022508622358228227
1.9000000000000001  -0.016927652138968463  -7.416175424991618e-05
1.9500000000000002  -0.013305026003088038  7.146950578216596e-05
2.0  -0.010183850089533047  0.00020096992849613914
2.0500000000000003  -0.007635639206060672  0.00030599302898625346
2.1  -0.005687874191596478  0.00038101230883885284
2.15  -0.004326667825293238  0.0004234091609591481
2.2  -0.0035022441645960237  0.00043333802823553556
2.25  -0.0031364876819596024  0.0004133999189198317
2.3000000000000003  -0.00313175313638611  0.00036817074439964286
2.35  -0.003380128642038002  0.00030363615746257936
2.4000000000000004  -0.0037724043071364634  0.00022658463757372423
2.45  -0.004206106466355005  0.0001440082072885208
2.5  -0.00459210193158801  6.255483970391633e-05
2.5500000000000003  -0.004859442606194003  -1.1932693096203796e-05
2.6  -0.004958290447938149  -7.476678885789748e-05
2.6500000000000004  -0.0048609244965727065  -0.00012264017128180984
2.7  -0.004560976953010056  -0.00015372367681909277
2.75  -0.004071160653443426  -0.00016764342120373886
2.8000000000000003  -0.003419833435010675  -0.00016535189718028172
2.85  -0.0026467937746213325  -0.00014891364529752093
2.9000000000000004  -0.0017987168805235028  -0.00012123024105270943
2.95  -0.0009246195009198191  -8.573106544832106e-05
3.0  -7.168882165392077e-05  -4.605668003185554e-05
3.0500000000000003  0.0007182542155188085  -5.76143348514053e-06
3.1  0.0014114608923446038  3.194439288019275e-05
3.1500000000000004  0.001984019434287439  6.439972760205215e-05
3.2  0.0024226543029087014  8.963518451470411e-05
3.25  0.0027246122920623634  0.00010644761959792541
3.3000000000000003  0.0028967510802870994  0.00011440772511693681
3.35  0.0029539927972767653  0.00011380789131920763
3.4000000000000004  0.0029173348829488526  0.00010556097009437912
3.45  0.0028116218558095003  9.106315786184983e-05
3.5  0.002663276011951762  7.203541974971572e-05
3.5500000000000003  0.0024981652978524616  5.035775182641094e-05
3.6  0.002339755419898745  2.7909567665161232e-05
3.6500000000000004  0.002207654444596946  6.427522982478491e-06
3.7  0.002116615638742898  -1.2610323391866093e-05
3.75  0.0020760216836809365  -2.8067856281946195e-05
3.8000000000000003  0.002089833883697015  -3.9199036318264404e-05
3.85  0.002156956474575292  -4.566167447838889e-05
3.9000000000000004  0.00227194018676262  -4.749999753636927e-05
3.95  0.0024259327003374196  -4.5100085618580366e-05
4.0  0.0026077758389373503  -3.912420474881934e-05
4.05  0.002805148622155815  -3.0431231638729442e-05
4.1000000000000005  0.003005663741107659  -1.9990715755910097e-05
4.15  0.0031978397484673025  -8.797913999993116e-06
4.2  0.003371889753217902  2.2039137551183765e-06
4.25  0.0035202882381244137  1.2188850689014957e-05
4.3  0.003638098915607748  2.049766706570182e-05
4.3500000000000005  0.00372306667370724  2.6669071092041344e-05
4.4  0.003775494265751265  3.0452359287752062e-05
4.45  0.0037979383605410253  3.180244436250341e-05
4.5  0.0037947692121468443  3.085963120776137e-05
4.55  0.0037716431512005953  2.7917848181503975e-05
4.6000000000000005  0.003734937254425542  2.3386283785544007e-05
4.65  0.003691191964881906  1.7749612771801598e-05
4.7  0.0036466028400097836  1.152929645381818e-05
4.75  0.003606597492130493  5.244329107549109e-06
4.800000000000001  0.003575523075243992  -6.28801456940661e-07
4.8500000000000005  0.0035564539517432764  -5.691450036351536e-06
4.9  0.003551117352680928  -9.647648012364177e-06
4.95  0.0035599280493177335  -1.2316816518770842e-05
5.0  0.003582117056451046  -1.3635326983023219e-05
5.050000000000001  0.0036159339122077312  -1.3648607431134372e-05
5.1000000000000005  0.003658898633442498  -1.249572493715888e-05
5.15  0.0037080784177085007  -1.0388536456945512e-05
5.2  0.0037603652400361757  -7.587608464860503e-06
5.25  0.003812733285770079  -4.3770919698952266e-06
5.300000000000001  0.003862459226994577  -1.040577459571139e-06
5.3500000000000005  0.003907293215731055  2.1603421220267446e-06
5.4  0.003945573661969079  5.003467778323683e-06
5.45  0.00397628395310121  7.318470702095033e-06
5.5  0.003999053879603492  8.994038472002455e-06
5.550000000000001  0.004014112368450352  9.979731468483366e-06
5.6000000000000005  0.0040222009963651155  1.0282989386060673e-05
5.65  0.004024459556532674  9.962052368735335e-06
5.7  0.0040222956672448336  9.1157913597623e-06
5.75  0.004017250135826713  7.871567618948495e-06
5.800000000000001  0.004010868672289046  6.372268809643937e-06
5.8500000000000005  0.0040045887597813514  4.7636059550557535e-06
5.9  0.003999648254966126  3.1826163754366087e-06
5.95  0.003997019840136223  1.748122709100545e-06
6.0  0.00399737299380654  5.536654746761516e-07
6.050000000000001  0.0040010628745094385  -3.368177760394869e-07
6.1000000000000005  0.0040081435789368755  -8.905364150949768e-07
6.15  0.0040184017458202055  -1.1048054948351895e-06
6.2  0.00403140548255594  -1.0037941308882645e-06
6.25  0.004046563098372256  -6.335699735781737e-07
6.300000000000001  0.0040631861061788625  -5.602115565544823e-08
6.3500000000000005  0.004080551347563141  6.577426227655614e-07
6.4  0.004097957820151244  1.4339367892172679e-06
6.45  0.004114774744538209  2.202093239070665e-06
6.5  0.00413047849534532  2.900097009089253e-06
6.550000000000001  0.004144677145272816  3.4779934001089367e-06
6.6000000000000005  0.004157122448644334  3.900416816205555e-06
6.65  0.004167710034332271  4.147615646580737e-06
6.7  0.004176469325130115  4.21516378601171e-06
6.75  0.004183545236310994  4.112538929054899e-06
6.800000000000001  0.0041891740255118465  3.860811384938902e-06
6.8500000000000005  0.004193655769449861  3.489729540301781e-06
6.9  0.004197325848751503  3.0345001473562757e-06
6.95  0.0042005275685399945  2.5325428148225698e-06
7.0  0.0042035876790397515  2.0204636260138697e-06
7.050000000000001  0.0042067961254234724  1.5314520066333768e-06
7.1000000000000005  0.004210390883025143  1.0932521923792054e-06
7.15  0.0042145482633730936  7.267967312236038e-07
7.2  0.004219378643632848  4.455234042606726e-07
7.25  0.0042249272042298065  2.553361924123091e-07
7.300000000000001  0.004231178973302203  1.5512309865984496e-07
7.3500000000000005  0.004238067277323072  1.3771479743760598e-07
7.4  0.004245484584407651  1.911568058467658e-07
7.45  0.004253294698078344  3.0016684229891634e-07
7.5  0.004261345307678504  4.4765331860398196e-07
7.550000000000001  0.004269480014213152  6.161795340809022e-07
7.6000000000000005  0.00427754910906882  7.892722956030283e-07
7.65  0.004285418568472187  9.524945815697334e-07
7.7  0.004292976920461725  1.0942279725212506e-06
7.75  0.0043001398280868176  1.2061397652816718e-06
7.800000000000001  0.0043068524004273466  1.2833382416512334e-06
7.8500000000000005  0.004313089383544359  1.3242450741391116e-06
7.9  0.004318853492456703  1.3302334871807818e-06
7.95  0.0043241722210041016  1.3050934557580524e-06
8.0  0.004329093510411497  1.2543906924618163e-06
8.05  0.004333680672266483  1.1847853186918813e-06
8.1  0.004338006951930448  1.1033698770256954e-06
8.15  0.004342150088722012  1.0170761219484987e-06
8.200000000000001  0.004346187184739347  9.321870043626144e-07
8.25  0.004350190139496859  8.539761165213299e-07
8.3  0.004354221847321128  7.864830526440675e-07
8.35  0.004358333292304744  7.3242078641022e-07
8.4  0.004362561614786669  6.932009612367914e-07
8.450000000000001  0.0043669291658062995  6.690555500103885e-07
8.5  0.004371443513453732  6.59228679372599e-07
8.55  0.004376098318903199  6.622104353335757e-07
8.6  0.00438087496117225  6.759853954859119e-07
8.65  0.004385744759558559  6.982717851918628e-07
8.700000000000001  0.004390671621584984  7.267321374896438e-07
8.75  0.004395614932860829  7.591423120275904e-07
8.8  0.0044005325036813505  7.935120216166982e-07
8.85  0.004405383395298534  8.281559620845031e-07
8.9  0.004410130466347708  8.617196351844414e-07
8.950000000000001  0.004414742505851045  8.931680572507323e-07
9.0  0.004419195851889905  9.217484872672777e-07
9.05  0.004423475431652401  9.46940485970914e-07
9.1  0.004427575195998568  9.6840713799467e-07
9.15  0.004431497957480058  9.859597068915211e-07
9.200000000000001  0.004435254673528606  9.995428409296647e-07
9.25  0.004438863247036575  1.0092402446691464e-06
9.3  0.004442346943995392  1.0152935145695837e-06
9.35  0.004445732549784049  1.0181225719969305e-06
9.4  0.004449048399483931  1.0183356221227038e-06
9.450000000000001  0.004452322421102288  1.01671924538e-06
9.5  0.0044555803234593355  1.0142038675246216e-06
9.55  0.004458844044067677  1.0118049001370505e-06
9.600000000000001  0.004462130548667298  1.010544681076272e-06
9.65  0.004465451045728722  1.0113637188135833e-06
9.700000000000001  0.004468810648279231  1.0150312377795587e-06
9.75  0.004472208483869741  1.0220646188676774e-06
9.8  0.004475638223276476  1.0326652876561035e-06
9.850000000000001  0.0044790889722021825  1.0466761147120975e-06
9.9  0.00448254644956875  1.0635623315874814e-06
9.950000000000001  0.004485994362282651  1.0824151067208684e-06
10.0  0.004489415879646479  1.101973918594844e-06
10.05  0.00449279510973709  1.1206621383428465e-06
10.100000000000001  0.004496118482415089  1.1366302751080986e-06
10.15  0.004499375944952912  1.147804850632144e-06
10.200000000000001  0.004502561871779057  1.1519485335081826e-06
10.25  0.004505675579339504  1.146748979285525e-06
10.3  0.004508721331923187  1.1299661017579714e-06
10.350000000000001  0.004511707753580147  1.0996718171090997e-06
10.4  0.004514646657168539  1.0545995964406848e-06
10.450000000000001  0.00451755145782857  9.945766909206504e-07
10.5  0.004520435477920439  9.209522491524928e-07
10.55  0.004523310469210118  8.368922319102535e-07
10.600000000000001  0.004526185552103282  7.474159577410918e-07
10.65  0.004529066598211553  6.591022707353584e-07
10.700000000000001  0.004531955983968619  5.794757164147456e-07
10.75  0.004534852653081935  5.161663021627492e-07
10.8  0.004537752464479633  4.759810448092843e-07
10.850000000000001  0.004540648779199538  4.6401217791738257e-07
10.9  0.004543533197877429  4.828952241310196e-07
10.950000000000001  0.004546396390313727  5.323544137518152e-07
11.0  0.004549229006011539  6.091454546263101e-07
11.05  0.004552022624292662  7.07393889138418e-07
11.100000000000001  0.004554770626641924  8.192307300027738e-07
11.15  0.004557468845437977  9.356042954015386e-07
11.200000000000001  0.004560115886460615  1.047161803675125e-06
11.25  0.00456271309610406  1.145110670459953e-06
11.3  0.0045652642080093765  1.2219834209636083e-06
11.350000000000001  0.004567774745476328  1.2722456065854373e-06
11.4  0.004570251277042679  1.2927031473770156e-06
11.450000000000001  0.004572700626377822  1.2826844182887519e-06
11.5  0.004575129127225868  1.2439933274993347e-06
11.55  0.004577541994671568  1.1806513361749467e-06
11.600000000000001  0.004579942861359574  1.0984658122492945e-06
11.65  0.004582333505155599  1.0044749802515834e-06
11.700000000000001  0.004584713774551693  9.063236724058218e-07
11.75  0.004587081700219008  8.116204022668649e-07
11.8  0.004589433766847971  7.273220644548889e-07
11.850000000000001  0.00459176530808042  6.591924559311689e-07
11.9  0.0045940709791184465  6.113803827499319e-07
11.950000000000001  0.0045963452586281015  5.861539979048202e-07
12.0  0.004598582934917921  5.838106200229327e-07
12.05  0.004600779537852134  6.02762545866296e-07
12.100000000000001  0.0046029316854170445  6.397826305067583e-07
12.15  0.004605037322083797  6.90379547412942e-07
12.200000000000001  0.00460709583573787  7.492620611711415e-07
12.25  0.004609108050178189  8.108455237286009e-07
12.3  0.0046110761001421675  8.69752575786177e-07
12.350000000000001  0.004613003204570133  9.212636780248399e-07
12.4  0.004614893360546914  9.61681063725882e-07
12.450000000000001  0.004616750985028955  9.885808733491365e-07
12.5  0.004618580533721953  1.0009411074981385e-06
12.55  0.004620386127047675  9.99146179014605e-07
12.600000000000001  0.004622171212184821  9.848799446845364e-07
12.65  0.004623938288598683  9.609269341952507e-07
12.700000000000001  0.004625688721765945  9.309047430751483e-07
12.75  0.004627422665080343  8.989501030907905e-07
12.8  0.004629139101158418  8.693791787470802e-07
12.850000000000001  0.004630836000366681  8.463425343312452e-07
12.9  0.004632510578581228  8.334977957848885e-07
12.950000000000001  0.004634159621670443  8.337264806360354e-07
13.0  0.004635779834396631  8.48922081869998e-07
13.05  0.004637368167858997  8.798701401339895e-07
13.100000000000001  0.004638922088206222  9.262262720735308e-07
13.15  0.004640439773074408  9.865796505506558e-07
13.200000000000001  0.004641920241053325  1.0585822021997146e-06
13.25  0.004643363410482603  1.1391317936531393e-06
13.3  0.004644770072744159  1.224603593114686e-06
13.350000000000001  0.004646141780468382  1.311118137048787e-06
13.4  0.004647480672908065  1.3948263643377748e-06
13.450000000000001  0.004648789267429157  1.4721884312081847e-06
13.5  0.004650070242351027  1.5402235696657128e-06
13.55  0.004651326231020034  1.5967110386980412e-06
13.600000000000001  0.00465255964241547  1.6403266239048746e-06
13.65  0.004653772518996173  1.6707046896711327e-06
13.700000000000001  0.0046549664382796885  1.688420769322895e-06
13.75  0.004656142463442827  1.6948940867548694e-06
13.8  0.004657301152834125  1.6922185598964857e-06
13.850000000000001  0.00465844263788288  1.6829598824273505e-06
13.9  0.004659566743949974  1.6699885039336082e-06
13.950000000000001  0.004660673080760451  1.6563670107070166e-06
14.0  0.0046617610676578086  1.6451999543510583e-06
14.05  0.004662829939477922  1.6393890718306354e-06
14.100000000000001  0.004663878771547066  1.641375948656477e-06
14.15  0.004664906517447285  1.6529747765767287e-06
14.200000000000001  0.004665912045106866  1.675327462107945e-06
14.25  0.0046668941690411  1.7089593918969355e-06
14.3  0.004667851683714778  1.7538930491108005e-06
14.350000000000001  0.004668783401765691  1.8097765763755288e-06
14.4  0.004669688197388244  1.8759966727696486e-06
14.450000000000001  0.004670565053040692  1.951761913961642e-06
14.5  0.004671413106989028  2.0361569025070477e-06
14.55  0.004672231698599689  2.12817622020596e-06
14.600000000000001  0.004673020407810516  2.2267499083032712e-06
14.65  0.004673779084953165  2.3307703049324406e-06
14.700000000000001  0.0046745078675629985  2.4391257455943403e-06
14.75  0.004675207181928468  2.5507415537528025e-06
14.8  0.004675877728632774  2.664624561536523e-06
14.850000000000001  0.004676520453145382  2.7799047086551795e-06
14.9  0.004677136504286203  2.895866493887873e-06
14.950000000000001  0.0046777271848609655  3.0119640856034447e-06
15.0  0.0046782938997421  3.1278165864783697e-06
15.05  0.004678838107179447  3.24318334990644e-06
15.100000000000001  0.004679361278402307  3.3579234036244017e-06
15.15  0.004679864865145149  3.4719478076392766e-06
15.200000000000001  0.004680350260004748  3.5851775513280165e-06
15.25  0.004680818715170866  3.697518959106132e-06
15.3  0.004681271197360804  3.808861709785034e-06
15.350000000000001  0.00468170828734246  3.919088250278204e-06
15.4  0.00468213024888302  4.0280974130201105e-06
15.450000000000001  0.004682536937566026  4.135908414725362e-06
15.5  0.004682927558208295  4.2427953322963276e-06
15.55  0.004683300634282782  4.349360165548822e-06
15.600000000000001  0.004683654171546759  4.45656324815114e-06
15.65  0.0046839859190793195  4.565724589585336e-06
15.700000000000001  0.004684293673972217  4.678485583104213e-06
15.75  0.004684575582430989  4.796721710625657e-06
15.8  0.004684830393932192  4.922407886905672e-06
15.850000000000001  0.004685057637710827  5.057449573781049e-06
15.9  0.004685257708468331  5.203499511467858e-06
15.950000000000001  0.004685431864377565  5.361782123919727e-06
16.0  0.0046855821496803556  5.53294735420378e-06
16.05  0.004685711256651033  5.716972736295394e-06
16.1  0.004685822342012898  5.913126458950868e-06
16.150000000000002  0.0046859188145891816  6.11999645749726e-06
16.2  0.004686004113331742  6.335582648986647e-06
16.25  0.004686081495079578  6.557443616851991e-06
16.3  0.004686153847901478  6.782885320132956e-06
16.35  0.004686223544550502  7.00917504082575e-06
16.400000000000002  0.004686292346675461  7.233759611323332e-06
16.45  0.0046863613617064885  7.454466753423739e-06
16.5  0.004686431048655822  7.66967143686802e-06
16.55  0.004686501266418974  7.878414438400986e-06
16.6  0.004686571356495686  8.080466136731293e-06
16.650000000000002  0.00468664025122327  8.276334461509254e-06
16.7  0.004686706598140172  8.46722073786947e-06
16.75  0.004686768890560895  8.654931216433326e-06
16.8  0.004686825593765041  8.841754553594766e-06
16.85  0.004686875255581246  9.030316228285968e-06
16.900000000000002  0.00468691659009841  9.223419751065311e-06
16.95  0.004686948524576357  9.42388233704052e-06
17.0  0.004686970203270942  9.63437057026801e-06
17.05  0.004686980948143116  9.857240870936544e-06
17.1  0.004686980184826685  1.0094390790534568e-05
17.150000000000002  0.004686967350153673  1.0347128954690812e-05
17.2  0.004686941802405958  1.061607316542356e-05
17.25  0.00468690275543765  1.0901086602453246e-05
17.3  0.0046868492530400055  1.1201260784765358e-05
17.35  0.004686780191898379  1.1514950456446683e-05
17.400000000000002  0.004686694392445475  1.183986070004811e-05
17.45  0.004686590708754319  1.2173181150804006e-05
17.5  0.004686468162793346  1.2511757092064757e-05
17.55  0.004686326085172126  1.2852283659495149e-05
17.6  0.004686164244238773  1.3191507237816741e-05
17.650000000000002  0.004685982947291573  1.3526418050736891e-05
17.7  0.004685783101378743  1.3854419382063988e-05
17.75  0.004685566225999891  1.4173461499228055e-05
17.8  0.004685334415279135  1.4482131725822244e-05
17.85  0.00468509025206069  1.4779695674897634e-05
17.900000000000002  0.004684836680530534  1.5066088698737619e-05
17.95  0.004684576846523637  1.5341861146864098e-05
18.0  0.004684313916684684  1.5608086187612057e-05
18.05  0.004684050889348828  1.586624291991558e-05
18.1  0.004683790411770637  1.6118088565307913e-05
18.150000000000002  0.004683534619468055  1.6365530892495757e-05
18.2  0.004683285012856628  1.6610507916085274e-05
18.25  0.004683042383281868  1.685487896867661e-05
18.3  0.004682806795446961  1.710032977373055e-05
18.35  0.0046825776268717275  1.7348293749677598e-05
18.400000000000002  0.004682353658902585  1.7599891573225823e-05
18.45  0.004682133209045451  1.7855890869114024e-05
18.5  0.0046819142913229715  1.8116687360739528e-05
18.55  0.004681694790102244  1.838230787794888e-05
18.6  0.00468147263286456  1.8652434351100602e-05
18.650000000000002  0.004681245948602307  1.8926446563694017e-05
18.7  0.004681013200492891  1.920348030973695e-05
18.75  0.0046807732841618625  1.9482496716103613e-05
18.8  0.0046805255860797226  1.976235793381371e-05
18.85  0.004680270000029529  2.0041904314336447e-05
18.900000000000002  0.004680006903127389  2.0320028303885052e-05
18.95  0.004679737095943491  2.0595740689199985e-05
19.0  0.004679461713947618  2.0868225568368774e-05
19.05  0.004679182119317218  2.113688121620175e-05
19.1  0.004678899783076063  2.1401345074120002e-05
19.150000000000002  0.0046786161676062215  2.1661502137078813e-05
19.200000000000003  0.004678332618796181  2.191747712431157e-05
19.25  0.004678050275613381  2.216961184622368e-05
19.3  0.004677770002912404  2.241843003833832e-05
19.35  0.004677492350979518  2.2664592687468506e-05
19.400000000000002  0.004677217542957931  2.2908847271497934e-05
19.450000000000003  0.0046769454890455454  2.3151974622330624e-05
19.5  0.004676675824274435  2.339473699003621e-05
19.55  0.004676407965177367  2.3637830685801443e-05
19.6  0.004676141179497958  2.3881846126152633e-05
19.650000000000002  0.004675874662502378  2.4127237487357262e-05
19.700000000000003  0.004675607613457247  2.4374303407780305e-05
19.75  0.00467533930629797  2.4623179348127012e-05
19.8  0.0046750691494231705  2.4873841395684033e-05
19.85  0.004674796730744581  2.512612060195329e-05
19.900000000000002  0.004674521845605439  2.5379726199422735e-05
19.950000000000003  0.004674244506670985  2.5634275620148563e-05
20.0  0.004673964936333892  2.5889328799761952e-05
20.05  0.004673683543559681  2.6144424218411425e-05
20.1  0.004673400888107749  2.639911401929769e-05
20.150000000000002  0.004673117635835903  2.6652995840562175e-05
20.200000000000003  0.004672834509192568  2.690573931342415e-05
20.25  0.0046725522370487  2.7157105649625188e-05
20.3  0.00467227150773309  2.7406959328589815e-05
20.35  0.004671992928597992  2.7655271486910032e-05
20.400000000000002  0.004671716994622438  2.7902115207347312e-05
20.450000000000003  0.004671444067698436  2.814765351840465e-05
20.5  0.004671174367308193  2.839212135633591e-05
20.55  0.0046709079722965785  2.8635803172493234e-05
20.6  0.004670644832745163  2.8879008088557906e-05
20.650000000000002  0.004670384790185235  2.91220445831348e-05
20.700000000000003  0.0046701276039635  2.9365196666474468e-05
20.75  0.004669872981303702  2.96087032287676e-05
20.8  0.004669620608540119  2.9852741982227204e-05
20.85  0.004669370181118536  3.0097418945605678e-05
20.900000000000002  0.004669121430294737  3.0342763983912044e-05
20.950000000000003  0.004668874144844693  3.058873241987845e-05
21.0  0.004668628186627076  3.0835212227818393e-05
21.05  0.004668383499362109  3.10820360314215e-05
21.1  0.004668140110565321  3.132899668068961e-05
21.150000000000002  0.004667898127049224  3.157586506027426e-05
21.200000000000003  0.00466765772485034  3.182240862863007e-05
21.25  0.004667419134769918  3.2068409221757614e-05
21.3  0.004667182624930084  3.2313678778513134e-05
21.35  0.004666948481874259  3.2558071812122135e-05
21.400000000000002  0.004666716991697052  3.280149377792409e-05
21.450000000000003  0.004666488422560691  3.304390478363839e-05
21.5  0.004666263009761442  3.328531842548618e-05
21.55  0.004666040944143163  3.352579587088604e-05
21.6  0.004665822364367595  3.376543570289231e-05
21.650000000000002  0.004665607353088055  3.400436019494147e-05
21.700000000000003  0.004665395936737031  3.424269907993149e-05
21.75  0.004665188088208974  3.4480571958001836e-05
21.8  0.004664983731487989  3.471807083591454e-05
21.85  0.00466478274702775  3.4955244369914285e-05
21.900000000000002  0.004664584976737864  3.519208559874724e-05
21.950000000000003  0.0046643902276312585  3.542852497102313e-05
22.0  0.004664198273687557  3.5664430256669014e-05
22.05  0.004664008856257368  3.589961424703616e-05
22.1  0.004663821684049669  3.6133850118579374e-05
22.150000000000002  0.004663636434419634  3.636689293317572e-05
22.200000000000003  0.004663452757866887  3.659850441553635e-05
22.25  0.004663270287325867  3.682847734954988e-05
22.3  0.004663088652934494  3.7056655859262e-05
22.35  0.004662907501881945  3.728294860610374e-05
22.400000000000002  0.004662726521711953  3.750733319303754e-05
22.450000000000003  0.004662545464544242  3.772985153037802e-05
22.5  0.004662364169144408  3.7950597214784334e-05
22.55  0.0046621825778052125  3.8169696914260845e-05
22.6  0.004662000745358669  3.83872881973538e-05
22.650000000000002  0.004661818838582369  3.8603496383061184e-05
22.700000000000003  0.004661637125159658  3.881841272995481e-05
22.75  0.004661455952582511  3.903207585403708e-05
22.8  0.004661275718311474  3.924445757952183e-05
22.85  0.004661096833425908  3.9455453963632894e-05
22.900000000000002  0.004660919682526816  3.966488141510596e-05
22.950000000000003  0.0046607445829420216  3.987247749915706e-05
23.0  0.004660571746202961  4.007790555524001e-05
23.05  0.004660401244539501  4.02807621336201e-05
23.1  0.004660232984546632  4.048058624926001e-05
23.150000000000002  0.004660066689659859  4.0676869704388166e-05
23.200000000000003  0.004659901892504738  4.086906805911958e-05
23.25  0.004659737937705157  4.1056612329143073e-05
23.3  0.00465957399545496  4.1238921819024014e-05
23.35  0.004659409086065716  4.1415418817085026e-05
23.400000000000002  0.004659242115611745  4.158554582874157e-05
23.450000000000003  0.004659071922725983  4.174878570855934e-05
23.5  0.004658897336135347  4.190468447986293e-05
23.55  0.004658717241676255  4.205287593438597e-05
23.6  0.0046585306560600025  4.219310652807401e-05
23.650000000000002  0.004658336802780796  4.2325258610195845e-05
23.700000000000003  0.004658135183789171  4.2449369739972064e-05
23.75  0.004657925639361123  4.256564571050603e-05
23.8  0.004657708388695992  4.2674464760843626e-05
23.85  0.004657484045338094  4.2776370777939125e-05
23.900000000000002  0.0046572536040611675  4.2872054086280294e-05
23.950000000000003  0.004657018398774605  4.29623199596429e-05
24.0  0.004656780033807614  4.304804684798032e-05
24.05  0.004656540293211841  4.313013808020976e-05
24.1  0.004656301034533732  4.320947188795453e-05
24.150000000000002  0.004656064074758333  4.328685484070985e-05
24.200000000000003  0.0046558310768350375  4.33629831480583e-05
24.25  0.004655603445607101  4.343841467896046e-05
24.3  0.0046553822419180485  4.3513552808089535e-05
24.35  0.004655168122893146  4.358864137743461e-05
24.400000000000002  0.004654961314467304  4.366376910976444e-05
24.450000000000003  0.004654761618617945  4.373888170885433e-05
24.5  0.004654568453218719  4.3813800414091596e-05
24.55  0.004654380918374345  4.388824598773052e-05
24.6  0.004654197880966219  4.3961866915133546e-05
24.650000000000002  0.004654018068917036  4.4034270114801964e-05
24.700000000000003  0.004653840167484227  4.410505206262587e-05
24.75  0.004653662910406116  4.4173827744846744e-05
24.8  0.004653485159317438  4.4240254805040535e-05
24.85  0.004653305966405948  4.430405152506029e-05
24.900000000000002  0.004653124617358415  4.4365008484523034e-05
24.950000000000003  0.004652940653341744  4.4422994342840836e-05
25.0  0.004652753872413689  4.4477956515481595e-05
25.05  0.004652564312033546  4.452991782360926e-05
25.1  0.004652372215623226  4.4578970233363383e-05
25.150000000000002  0.004652177986913648  4.46252667960675e-05
25.200000000000003  0.004651982136474643  4.466901262510803e-05
25.25  0.004651785224897381  4.4710455490829676e-05
25.3  0.004651587806927169  4.47498763488791e-05
25.35  0.00465139038033127  4.4787579914266696e-05
25.400000000000002  0.004651193342530549  4.4823885201057e-05
25.450000000000003  0.0046509969573043765  4.485911598373546e-05
25.5  0.004650801333005487  4.489359110947709e-05
25.55  0.004650606412936977  4.4927614756967526e-05
25.6  0.004650411977884959  4.4961466891607426e-05
25.650000000000002  0.0046502176601524465  4.499539437906556e-05
25.700000000000003  0.0046500229678726876  4.502960336406857e-05
25.75  0.004649827317903488  4.5064253604780806e-05
25.8  0.004649630075221517  4.5099455451288964e-05
25.85  0.0046494305963256325  4.51352700259418e-05
25.900000000000002  0.004649228273996332  4.517171289231895e-05
25.950000000000003  0.004649022580616972  4.520876121541449e-05
26.0  0.0046488131073018375  4.5246363958925207e-05
26.05  0.004648599596311198  4.528445436869818e-05
26.1  0.004648381964585667  4.5322963588852126e-05
26.150000000000002  0.00464816031678413  4.5361834097498645e-05
26.200000000000003  0.004647934946896483  4.540103151357564e-05
26.25  0.004647706328190551  4.544055344534177e-05
26.3  0.004647475092089459  4.548043423686502e-05
26.35  0.004647241997264842  4.552074488509061e-05
26.400000000000002  0.00464700789088233  4.55615877723398e-05
26.450000000000003  0.004646773664390423  4.5603086381785395e-05
26.5  0.0046465402065926096  4.5645370688145626e-05
26.55  0.004646308356787788  4.5688559224763184e-05
26.6  0.004646078860654626  4.5732739290590363e-05
26.650000000000002  0.004645852331331364  4.5777946803916456e-05
26.700000000000003  0.004645629217600127  4.582414745294503e-05
26.75  0.004645409780624895  4.5871220633895914e-05
26.8  0.004645194080096997  4.591894747127249e-05
26.85  0.004644981970096177  4.5967003808505034e-05
26.900000000000002  0.004644773104478547  4.601495876321248e-05
26.950000000000003  0.004644566951317262  4.6062278925714516e-05
27.0  0.004644362815689154  4.610833798689456e-05
27.05  0.004644159870035435  4.615243113431277e-05
27.1  0.004643957191398242  4.619379339083311e-05
27.150000000000002  0.004643753804737702  4.623162090282747e-05
27.200000000000003  0.004643548731443343  4.626509427422911e-05
27.25  0.0046433410417137146  4.6293403243552534e-05
27.3  0.004643129908757461  4.631577269035123e-05
27.35  0.004642914662046853  4.633149064381228e-05
27.400000000000002  0.004642694836309364  4.633993977755481e-05
27.450000000000003  0.004642470213140218  4.634063361009189e-05
27.5  0.0046422408526485  4.633325673789076e-05
27.55  0.004642007112687675  4.6317705791240404e-05
27.6  0.004641769652376343  4.6294126443114647e-05
27.650000000000002  0.004641529415926169  4.626294114372497e-05
27.700000000000003  0.0046412875934208455  4.6224862098738815e-05
27.75  0.0046410455571449915  4.618088509710216e-05
27.8  0.00464080477530289  4.6132262197396754e-05
27.85  0.004640566709259792  4.608045350862231e-05
27.900000000000002  0.004640332705617628  4.602705948877267e-05
27.950000000000003  0.0046401038983686655  4.597373544851653e-05
28.0  0.004639881136099402  4.592209056323929e-05
28.05  0.004639664943562076  4.5873576609260934e-05
28.1  0.004639455518375047  4.5829376230299625e-05
28.150000000000002  0.0046392527572041795  4.5790304104838784e-05
28.200000000000003  0.004639056303046165  4.575673418271664e-05
28.25  0.004638865605068447  4.5728563056633646e-05
28.3  0.004638679983323953  4.570521511314465e-05
28.35  0.004638498691923317  4.5685690631457006e-05
28.400000000000002  0.004638320975918462  4.5668653474229966e-05
28.450000000000003  0.004638146118838804  4.56525504912761e-05
28.5  0.004637973479368699  4.5635751241087214e-05
28.55  0.00463780251681172  4.561669411479474e-05
28.6  0.004637632805765167  4.559402448148943e-05
28.650000000000002  0.004637464041010088  4.5566711506338226e-05
28.700000000000003  0.004637296033900429  4.553413305783477e-05
28.75  0.004637128701816562  4.549612177835179e-05
28.8  0.004636962052380798  4.5452969656166495e-05
28.85  0.004636796164229549  4.540539251427072e-05
28.900000000000002  0.004636631166122636  4.535445966260545e-05
28.950000000000003  0.004636467216122153  4.5301496764369364e-05
29.0  0.004636304482362429  4.52479719676274e-05
29.05  0.004636143126665322  4.519537613762673e-05
29.1  0.004635983291885144  4.514510775606569e-05
29.150000000000002  0.004635825093427912  4.509837191118396e-05
29.200000000000003  0.004635668615015269  4.505610084236304e-05
29.25  0.004635513908337805  4.5018901168879355e-05
29.3  0.004635360995950224  4.498703028843201e-05
29.35  0.004635209876538463  4.496040181317917e-05
29.400000000000002  0.00463506053159198  4.493861752005348e-05
29.450000000000003  0.004634912932485473  4.49210213572227e-05
29.5  0.004634767047152796  4.49067695363548e-05
29.55  0.00463462284562027  4.4894909907789015e-05
29.6  0.004634480304018874  4.488446362367854e-05
29.650000000000002  0.004634339406863117  4.487450239080211e-05
29.700000000000003  0.004634200147662979  4.48642155535589e-05
29.75  0.004634062528154164  4.485296245491516e-05
29.8  0.004633926556502408  4.4840307119457454e-05
29.85  0.00463379224498694  4.482603389465987e-05
29.900000000000002  0.004633659607605043  4.481014439123612e-05
29.950000000000003  0.004633528657985981  4.47928374570748e-05
30.0  0.004633399407932457  4.47744751698508e-05
30.05  0.0046332718667388625  4.475553871498128e-05
30.1  0.004633146041287301  4.4736578487024206e-05
30.150000000000002  0.0046330219368395445  4.4718162837921574e-05
30.200000000000003  0.004632899558314721  4.470082969489092e-05
30.25  0.004632778911766174  4.468504464309087e-05
30.3  0.004632660005811131  4.4671168266144616e-05
30.35  0.004632542852723068  4.465943458642815e-05
30.400000000000002  0.004632427468972945  4.464994135757869e-05
30.450000000000003  0.00463231387515463  4.464265200308522e-05
30.5  0.00463220209516278  4.463740804386882e-05
30.55  0.0046320921547532284  4.463395013427161e-05
30.6  0.004631984079585228  4.4631945311839766e-05
30.650000000000002  0.004631877892970029  4.4631017709513435e-05
30.700000000000003  0.004631773613530607  4.463078004216906e-05
30.75  0.004631671253051554  4.4630863229944175e-05
30.8  0.004631570814728252  4.463094201074003e-05
30.85  0.004631472292038476  4.463075479964523e-05
30.900000000000002  0.004631375668327499  4.463011675557917e-05
30.950000000000003  0.00463128091720611  4.462892555535445e-05
31.0  0.004631188003716912  4.4627160100064775e-05
31.05  0.004631096886229737  4.462487282532251e-05
31.1  0.004631007518850938  4.462217683162144e-05
31.150000000000002  0.004630919854200809  4.461922926340618e-05
31.200000000000003  0.004630833846328494  4.461621264578027e-05
31.25  0.004630749453514998  4.461331577733553e-05
31.3  0.00463066664075485  4.46107157754432e-05
31.35  0.004630585381748977  4.460856259290639e-05
31.400000000000002  0.004630505660234163  4.460696696907676e-05
31.450000000000003  0.0046304274706143594  4.460599251705011e-05
31.5  0.004630350817846702  4.4605652141949326e-05
31.55  0.0046302757166326635  4.460590871002712e-05
31.6  0.0046302021899968775  4.4606679494342845e-05
31.650000000000002  0.0046301302674303406  4.4607843722107854e-05
31.700000000000003  0.004630059982703013  4.460925229692414e-05
31.75  0.004629991371565433  4.461073874291133e-05
31.8  0.004629924469465314  4.461213038472671e-05
31.85  0.004629859309451953  4.461325884096349e-05
31.900000000000002  0.004629795920321787  4.461396909642687e-05
31.950000000000003  0.004629734325101548  4.461412659003681e-05
32.0  0.0046296745398256706  4.4613621985375776e-05
32.050000000000004  0.004629616572579619  4.4612373539407616e-05
32.1  0.00462956042273025  4.46103272260884e-05
32.15  0.004629506080230358  4.460745492341524e-05
32.2  0.004629453524924166  4.460375120305014e-05
32.25  0.004629402725792212  4.459922922322064e-05
32.300000000000004  0.004629353640136049  4.459391635555101e-05
32.35  0.004629306212796773  4.458785004766446e-05
32.4  0.00462926037547951  4.4581074291589874e-05
32.45  0.00462921604641633  4.4573636951271845e-05
32.5  0.004629173130507928  4.456558798359199e-05
32.550000000000004  0.004629131520146757  4.4556978413848555e-05
32.6  0.0046290910968767585  4.454785987801094e-05
32.65  0.00462905173393789  4.4538284424822723e-05
32.7  0.004629013299714325  4.4528304305936763e-05
32.75  0.004628975661983422  4.451797157875624e-05
32.800000000000004  0.004628938692723437  4.450733740829931e-05
32.85  0.0046289022732313775  4.4496451083167295e-05
32.9  0.004628866299172988  4.4485358830965137e-05
32.95  0.004628830685151586  4.4474102624603986e-05
33.0  0.00462879536842903  4.446271914460845e-05
33.050000000000004  0.004628760311464135  4.4451239097253605e-05
33.1  0.004628725502985863  4.443968701026209e-05
33.15  0.00462869095749039  4.442808159163945e-05
33.2  0.00462865671313098  4.4416436610147494e-05
33.25  0.004628622828128041  4.4404762230455915e-05
33.300000000000004  0.004628589375990256  4.439306665054216e-05
33.35  0.004628556439854449  4.438135782544494e-05
33.4  0.004628524106433338  4.4369645116470885e-05
33.45  0.0046284924599992415  4.435794060639344e-05
33.5  0.004628461576872289  4.4346259978094024e-05
33.550000000000004  0.0046284315207779005  4.433462281756705e-05
33.6  0.004628402339422359  4.432305229003457e-05
33.65  0.004628374062435886  4.431157424816241e-05
33.7  0.004628346700778748  4.430021582780382e-05
33.75  0.0046283202475468355  4.4289003708891723e-05
33.800000000000004  0.004628294679992867  4.427796218498175e-05
33.85  0.0046282699625414935  4.426711127323695e-05
33.9  0.0046282460504435095  4.4256465021613784e-05
33.95  0.004628222893736676  4.4246030231843616e-05
34.0  0.004628200441158838  4.423580568135677e-05
34.050000000000004  0.004628178643705897  4.422578194410889e-05
34.1  0.004628157457587257  4.421594185399625e-05
34.15  0.004628136846351645  4.420626153289566e-05
34.2  0.004628116782166978  4.4196711925583706e-05
34.25  0.0046280972461711836  4.41872606973618e-05
34.300000000000004  0.004628078227990735  4.417787435041071e-05
34.35  0.004628059724584353  4.416852035107598e-05
34.4  0.004628041738554717  4.41591691324122e-05
34.45  0.0046280242761657315  4.414979580262448e-05
34.5  0.004628007345268014  4.4140381415348816e-05
34.550000000000004  0.004627990953347557  4.4130913750760155e-05
34.6  0.004627975105848309  4.412138755661877e-05
34.65  0.004627959804912953  4.411180422478948e-05
34.7  0.004627945048602495  4.410217101795944e-05
34.75  0.004627930830646833  4.409249986219525e-05
34.800000000000004  0.004627917140650529  4.408280587834137e-05
34.85  0.0046279039647239405  4.407310576102211e-05
34.9  0.004627891286432489  4.406341613589893e-05
34.95  0.004627879087920217  4.405375203930135e-05
35.0  0.004627867351106889  4.404412563204306e-05
35.050000000000004  0.004627856058817518  4.403454520180656e-05
35.1  0.00462784519575485  4.402501458014995e-05
35.15  0.004627834749215463  4.401553292176644e-05
35.2  0.004627824709515023  4.400609488259025e-05
35.25  0.004627815070109495  4.399669113051544e-05
35.300000000000004  0.004627805827403298  4.3987309143513025e-05
35.35  0.004627796980319769  4.397793418847082e-05
35.4  0.0046277885296529455  4.3968550423601524e-05
35.45  0.004627780477324303  4.3959141981558716e-05
35.5  0.004627772825582814  4.3949693974938695e-05
35.550000000000004  0.004627765576242598  4.394019336731285e-05
35.6  0.004627758730022472  4.393062959680539e-05
35.65  0.0046277522860492986  4.392099496672939e-05
35.7  0.004627746241529777  4.391128477819341e-05
35.75  0.004627740591639514  4.3901497205082565e-05
35.800000000000004  0.0046277353295797775  4.3891632936713515e-05
35.85  0.004627730446807039  4.388169469169978e-05
35.9  0.004627725933386834  4.3871686585575544e-05
35.95  0.004627721778407377  4.386161349311348e-05
36.0  0.004627717970451056  4.385148046550439e-05
36.050000000000004  0.004627714498026174  4.384129221122266e-05
36.1  0.004627711349987785  4.383105275454659e-05
36.15  0.004627708515868784  4.382076523703514e-05
36.2  0.004627705986155511  4.38104318769729e-05
36.25  0.004627703752470775  4.380005403378567e-05
36.300000000000004  0.004627701807680829  4.3789632366079657e-05
36.35  0.004627700145908825  4.3779167018398076e-05
36.4  0.004627698762468499  4.3768657786091375e-05
36.45  0.0046276976537104365  4.3758104261161936e-05
36.5  0.004627696816800144  4.374750589626601e-05
36.550000000000004  0.004627696249454323  4.373686203591543e-05
36.6  0.004627695949625035  4.372617188363079e-05
36.65  0.0046276959151895945  4.371543445149835e-05
36.7  0.004627696143667039  4.3704648469001424e-05
36.75  0.0046276966319632245  4.3693812326384845e-05
36.800000000000004  0.0046276973761934515  4.368292401354883e-05
36.85  0.004627698371588692  4.367198111132239e-05
36.9  0.004627699612480278  4.3660980812307984e-05
36.95  0.004627701092381301  4.3649919982128105e-05
37.0  0.004627702804133714  4.3638795239600155e-05
37.050000000000004  0.004627704740110858  4.362760309204186e-05
37.1  0.004627706892475764  4.361634005325858e-05
37.15  0.004627709253427966  4.360500277470253e-05
37.2  0.0046277118154465415  4.359358817808053e-05
37.25  0.004627714571497023  4.358209354675789e-05
37.300000000000004  0.004627717515179731  4.357051660552429e-05
37.35  0.004627720640818625  4.3558855567594804e-05
37.4  0.004627723943484078  4.354710914486808e-05
37.45  0.004627727418930404  4.3535276522401056e-05
37.5  0.004627731063489042  4.3523357309538365e-05
37.550000000000004  0.004627734873904287  4.351135147167424e-05
37.6  0.004627738847137762  4.349925923757683e-05
37.65  0.004627742980173936  4.348708099378459e-05
37.7  0.00462774726980917  4.347481719222918e-05
37.75  0.004627751712483055  4.3462468239550525e-05
37.800000000000004  0.0046277563041367134  4.3450034419988844e-05
37.85  0.004627761040113875  4.343751581475619e-05
37.9  0.0046277659151232  4.342491225162035e-05
37.95  0.004627770923241662  4.3412223287342646e-05
38.0  0.004627776057974915  4.339944818101627e-05
38.050000000000004  0.00462778131235324  4.338658591168294e-05
38.1  0.004627786679056867  4.337363520922726e-05
38.15  0.004627792150558207  4.336059460648007e-05
38.2  0.004627797719273841  4.334746248935921e-05
38.25  0.004627803377710798  4.333423716197113e-05
38.300000000000004  0.004627809118581575  4.332091692318027e-05
38.35  0.004627814934921665  4.330750011983367e-05
38.400000000000006  0.004627820820151233  4.329398521569297e-05
38.45  0.0046278267681252195  4.328037083305001e-05
38.5  0.004627832773140857  4.32666557891765e-05
38.550000000000004  0.004627838829927825  4.325283913625412e-05
38.6  0.0046278449336072825  4.323892014808555e-05
38.650000000000006  0.004627851079648701  4.322489833742049e-05
38.7  0.0046278572637949746  4.321077342314199e-05
38.75  0.0046278634820105255  4.3196545312643807e-05
38.800000000000004  0.004627869730415884  4.318221406438783e-05
38.85  0.004627876005238934  4.316777985200417e-05
38.900000000000006  0.004627882302775112  4.3153242911985196e-05
38.95  0.004627888619362663  4.3138603504363135e-05
39.0  0.004627894951371127  4.312386187349429e-05
39.050000000000004  0.004627901295205978  4.310901821057773e-05
39.1  0.004627907647310131  4.3094072635252445e-05
39.150000000000006  0.004627914004190759  4.307902517009802e-05
39.2  0.004627920362440365  4.3063875733529764e-05
39.25  0.004627926718760762  4.304862414829329e-05
39.300000000000004  0.0046279330699870395  4.303327014520699e-05
39.35  0.004627939413097063  4.30178133848591e-05
39.400000000000006  0.004627945745231931  4.30022534848205e-05
39.45  0.0046279520636961875  4.298659004815374e-05
39.5  0.00462795836595777  4.297082268835817e-05
39.550000000000004  0.004627964649641653  4.2954951066426455e-05
39.6  0.00462797091251408  4.2938974915236866e-05
39.650000000000006  0.004627977152472604  4.292289406414997e-05
39.7  0.004627983367520141  4.29067084540271e-05
39.75  0.004627989555757241  4.2890418156157925e-05
39.800000000000004  0.004627995715364658  4.287402336228719e-05
39.85  0.004628001844581113  4.285752439701312e-05
39.900000000000006  0.004628007941693869  4.2840921695927036e-05
39.95  0.004628014005035366  4.282421581001658e-05
40.0  0.004628020032963684  4.280740736808463e-05
40.050000000000004  0.004628026023865378  4.279049707142674e-05
40.1  0.004628031976151561  4.277348566751192e-05
40.150000000000006  0.004628037888245516  4.275637393016249e-05
40.2  0.004628043758590654  4.273916263788894e-05
40.25  0.004628049585633195  4.272185255556981e-05
40.300000000000004  0.00462805536783212  4.270444442073622e-05
40.35  0.004628061103645359  4.268693893100374e-05
40.400000000000006  0.004628066791533202  4.26693367267128e-05
40.45  0.00462807242994138  4.265163839305609e-05
40.5  0.004628078017307887  4.263384446191698e-05
40.550000000000004  0.0046280835520541175  4.2615955401718606e-05
40.6  0.004628089032589704  4.259797162686191e-05
40.650000000000006  0.004628094457300945  4.2579893504489174e-05
40.7  0.00462809982456182  4.256172136561457e-05
40.75  0.004628105132745697  4.254345550967819e-05
40.800000000000004  0.0046281103802193  4.252509621263343e-05
40.85  0.004628115565357584  4.250664375157867e-05
40.900000000000006  0.004628120686564098  4.2488098404138927e-05
40.95  0.004628125742268514  4.2469460464456064e-05
41.0  0.0046281307309518115  4.245073025031894e-05
41.050000000000004  0.004628135651148653  4.2431908114203295e-05
41.1  0.004628140501466638  4.241299444993852e-05
41.150000000000006  0.004628145280580116  4.23939896887113e-05
41.2  0.004628149987256681  4.237489430917283e-05
41.25  0.004628154620349821  4.23557088331066e-05
41.300000000000004  0.004628159178799229  4.233643382373397e-05
41.35  0.0046281636616404935  4.2317069877746034e-05
41.400000000000006  0.004628168067999944  4.2297617623415476e-05
41.45  0.004628172397088858  4.227807771287025e-05
41.5  0.0046281766482024495  4.225845080818686e-05
41.550000000000004  0.004628180820715189  4.22387375898415e-05
41.6  0.004628184914072819  4.221893873420177e-05
41.650000000000006  0.004628188927785161  4.219905491886562e-05
41.7  0.004628192861420308  4.217908681484525e-05
41.75  0.004628196714604962  4.2159035084939674e-05
41.800000000000004  0.0046282004870047775  4.213890038241661e-05
41.85  0.00462820417832336  4.2118683349721703e-05
41.900000000000006  0.004628207788291737  4.2098384619994744e-05
41.95  0.004628211316667085  4.2078004822522074e-05
42.0  0.0046282147632242  4.205754457408562e-05
42.050000000000004  0.00462821812774745  4.203700449208907e-05
42.1  0.004628221410028346  4.201638518701004e-05
42.150000000000006  0.004628224609866832  4.19956872774509e-05
42.2  0.004628227727067993  4.197491137733169e-05
42.25  0.004628230761448945  4.1954058110663456e-05
42.300000000000004  0.004628233712837973  4.1933128098013865e-05
42.35  0.004628236581082494  4.191212197578153e-05
42.400000000000006  0.004628239366060478  4.1891040375621746e-05
42.45  0.004628242067676631  4.1869883944838063e-05
42.5  0.004628244685885774  4.1848653338820934e-05
42.550000000000004  0.004628247220682776  4.182734921554857e-05
42.6  0.0046282496721172205  4.1805972242577696e-05
42.650000000000006  0.004628252040284362  4.178452310035423e-05
42.7  0.0046282543253321215  4.176300246851187e-05
42.75  0.004628256527449224  4.174141102961022e-05
42.800000000000004  0.004628258646858233  4.17197494757941e-05
42.85  0.004628260683803001  4.169801848924047e-05
42.900000000000006  0.004628262638528497  4.167621875217397e-05
42.95  0.004628264511271647  4.165435093286377e-05
43.0  0.004628266302238074  4.1632415680701696e-05
43.050000000000004  0.004628268011591179  4.16104136240738e-05
43.1  0.0046282696394371325  4.1588345363468234e-05
43.150000000000006  0.004628271185811732  4.156621146862504e-05
43.2  0.004628272650677816  4.1544012463145446e-05
43.25  0.00462827403393022  4.1521748838044475e-05
43.300000000000004  0.004628275335390144  4.149942103480425e-05
43.35  0.004628276554826295  4.147702945073217e-05
43.400000000000006  0.004628277691962215  4.145457444578423e-05
43.45  0.004628278746497553  4.143205633721108e-05
43.5  0.004628279718128298  4.140947540073607e-05
43.550000000000004  0.0046282806065682525  4.138683188637371e-05
43.6  0.004628281411568421  4.1364126020540566e-05
43.650000000000006  0.004628282132939604  4.1341358009169506e-05
43.7  0.0046282827705599935  4.131852804789888e-05
43.75  0.004628283324396833  4.1295636330469616e-05
43.800000000000004  0.004628283794501038  4.1272683050318205e-05
43.85  0.0046282841810205266  4.124966840496273e-05
43.900000000000006  0.0046282844841907325  4.122659260616146e-05
43.95  0.00462828470433217  4.120345588662304e-05
44.0  0.0046282848418326295  4.118025849825977e-05
44.050000000000004  0.004628284897140768  4.1157000713066676e-05
44.1  0.004628284870747134  4.1133682831536405e-05
44.150000000000006  0.004628284763176599  4.1110305187365753e-05
44.2  0.004628284574963712  4.108686813773285e-05
44.25  0.004628284306644198  4.10633720797629e-05
44.300000000000004  0.004628283958740726  4.103981744174568e-05
44.35  0.0046282835317464  4.101620467851086e-05
44.400000000000006  0.004628283026122565  4.09925342926661e-05
44.45  0.004628282442288908  4.096880681037898e-05
44.5  0.0046282817806194525  4.094502278109564e-05
44.550000000000004  0.004628281041441333  4.092118277969212e-05
44.6  0.004628280225037763  4.089728740007813e-05
44.650000000000006  0.004628279331641007  4.087333724706077e-05
44.7  0.004628278361441222  4.084933293147682e-05
44.75  0.004628277314586606  4.0825275066959135e-05
44.800000000000004  0.0046282761911797775  4.0801164259941e-05
44.85  0.004628274991288572  4.077700109949868e-05
44.900000000000006  0.0046282737149424555  4.0752786159330024e-05
44.95  0.004628272362138575  4.072851998420247e-05
45.0  0.0046282709328542984  4.070420309181902e-05
45.050000000000004  0.004628269427051697  4.067983597050424e-05
45.1  0.00462826784468485  4.065541906988377e-05
45.150000000000006  0.004628266185715711  4.063095281149927e-05
45.2  0.004628264450130286  4.060643759444916e-05
45.25  0.004628262637950828  4.0581873792291727e-05
45.300000000000004  0.004628260749244072  4.055726176397859e-05
45.35  0.004628258784141125  4.053260186361392e-05
45.400000000000006  0.004628256742846713  4.050789444320085e-05
45.45  0.004628254625647549  4.0483139877962523e-05
45.5  0.004628252432911569  4.045833855929109e-05
45.550000000000004  0.004628250165102174  4.043349091155128e-05
45.6  0.004628247822757921  4.0408597408173966e-05
45.650000000000006  0.004628245406504543  4.0383658576297876e-05
45.7  0.004628242917030225  4.035867501309061e-05
45.75  0.0046282403550758295  4.0333647388337486e-05
45.800000000000004  0.004628237721420378  4.030857645157249e-05
45.85  0.004628235016857041  4.028346304370416e-05
45.900000000000006  0.0046282322421816804  4.025830809640435e-05
45.95  0.004628229398175431  4.0233112631869034e-05
46.0  0.004628226485586863  4.020787776682905e-05
46.050000000000004  0.004628223505126168  4.018260470191287e-05
46.1  0.004628220457461479  4.0157294714462885e-05
46.150000000000006  0.004628217343208289  4.0131949154393834e-05
46.2  0.004628214162943683  4.0106569418339925e-05
46.25  0.004628210917205763  4.008115695010859e-05
46.300000000000004  0.0046282076065196544  4.005571321562745e-05
46.35  0.004628204231403258  4.0030239686178086e-05
46.400000000000006  0.0046282007923949455  4.000473782133241e-05
46.45  0.004628197290074925  3.997920905803822e-05
46.5  0.00462819372508156  3.9953654789265535e-05
46.550000000000004  0.004628190098133807  3.992807635519967e-05
46.6  0.004628186410047536  3.9902475024243904e-05
46.650000000000006  0.004628182661743598  3.9876851986870894e-05
46.7  0.004628178854261226  3.985120835184208e-05
46.75  0.0046281749887565  3.982554513904931e-05
46.800000000000004  0.004628171066501763  3.9799863280395956e-05
46.85  0.004628167088875361  3.9774163622890176e-05
46.900000000000006  0.0046281630573529724  3.974844694040664e-05
46.95  0.004628158973486854  3.972271393825361e-05
47.0  0.0046281548388854305  3.969696527381043e-05
47.050000000000004  0.004628150655184304  3.9671201572321545e-05
47.1  0.00462814642403285  3.96454234367232e-05
47.150000000000006  0.004628142147055774  3.9619631482111625e-05
47.2  0.004628137825840071  3.9593826332680164e-05
47.25  0.004628133461912541  3.95680086606003e-05
47.300000000000004  0.004628129056719136  3.954217917815131e-05
47.35  0.004628124611618812  3.951633866035386e-05
47.400000000000006  0.004628120127875587  3.949048794398978e-05
47.45  0.004628115606647145  3.946462792426682e-05
47.5  0.004628111049004685  3.943875957059228e-05
47.550000000000004  0.004628106455929887  3.94128838928129e-05
47.6  0.00462810182832687  3.9387001935863126e-05
47.650000000000006  0.004628097167042656  3.936111476214658e-05
47.7  0.004628092472879429  3.9335223428487485e-05
47.75  0.004628087746615712  3.930932896383423e-05
47.800000000000004  0.004628082989026693  3.9283432339098315e-05
47.85  0.00462807820090573  3.9257534449741855e-05
47.900000000000006  0.004628073383071916  3.923163609789981e-05
47.95  0.004628068536381963  3.9205737973846896e-05
48.0  0.004628063661753909  3.9179840646973486e-05
48.050000000000004  0.004628058760148997  3.915394456269171e-05
48.1  0.004628053832581268  3.912805004211054e-05
48.150000000000006  0.004628048880109021  3.9102157287167183e-05
48.2  0.004628043903824593  3.907626639728802e-05
48.25  0.004628038904836612  3.905037738576656e-05
48.300000000000004  0.004628033884248047  3.902449019154794e-05
48.35  0.00462802884314366  3.899860472168978e-05
48.400000000000006  0.0046280237825703854  3.897272085812638e-05
48.45  0.00462801870351192  3.8946838480946705e-05
48.5  0.0046280136068917056  3.8920957503588366e-05
48.550000000000004  0.004628008493542079  3.889507788432592e-05
48.6  0.004628003364205701  3.886919963803354e-05
48.650000000000006  0.004627998219551258  3.884332285562778e-05
48.7  0.004627993060156005  3.881744770561357e-05
48.75  0.004627987886529685  3.879157443643271e-05
48.800000000000004  0.004627982699133205  3.87657033711182e-05
48.85  0.004627977498382034  3.8739834911230426e-05
48.900000000000006  0.004627972284676166  3.871396951556569e-05
48.95  0.004627967058411989  3.868810769525123e-05
49.0  0.004627961820008283  3.866224999660578e-05
49.050000000000004  0.004627956569906017  3.8636396986554104e-05
49.1  0.004627951308590597  3.861054923252946e-05
49.150000000000006  0.004627946036595938  3.858470728940335e-05
49.2  0.004627940754499263  3.855887168454828e-05
49.25  0.004627935462924077  3.8533042902018355e-05
49.300000000000004  0.004627930162520514  3.850722137043024e-05
49.35  0.0046279248539651905  3.848140745161116e-05
49.400000000000006  0.0046279195379326735  3.845560143332606e-05
49.45  0.004627914215079064  3.842980353311824e-05
49.5  0.004627908886031587  3.840401387593907e-05
49.550000000000004  0.004627903551353241  3.8378232521086916e-05
49.6  0.004627898211530798  3.835245945587998e-05
49.650000000000006  0.0046278928669497635  3.832669461609644e-05
49.7  0.0046278875178787544  3.830093791557108e-05
49.75  0.004627882164461257  3.8275189260241636e-05
49.800000000000004  0.004627876806714155  3.82494485934902e-05
49.85  0.004627871444518029  3.822371593114403e-05
49.900000000000006  0.004627866077630667  3.819799139722154e-05
49.95  0.004627860705711768  3.8172275263359645e-05
50.0  0.004627855328356352  3.814656798546569e-05
50.050000000000004  0.004627849945124987  3.812087021498192e-05
50.1  0.004627844555604539  3.809518280763519e-05
50.150000000000006  0.004627839159450582  3.8069506818243715e-05
50.2  0.004627833756434824  3.8043843467934205e-05
50.25  0.004627828346487393  3.801819410411203e-05
50.300000000000004  0.004627822929733348  3.799256014062797e-05
50.35  0.004627817506505053  3.796694298596206e-05
50.400000000000006  0.004627812077341465  3.794134397351965e-05
50.45  0.004627806642973662  3.791576429398046e-05
50.5  0.004627801204287104  3.789020492875409e-05
50.550000000000004  0.004627795762263446  3.7864666595786004e-05
50.6  0.004627790317931617  3.7839149718271744e-05
50.650000000000006  0.004627784872281132  3.781365440836955e-05
50.7  0.004627779426198712  3.7788180467647334e-05
50.75  0.004627773980388919  3.776272741043633e-05
50.800000000000004  0.004627768535317069  3.773729451534014e-05
50.85  0.004627763091162734  3.771188088176124e-05
50.900000000000006  0.0046277576478049795  3.768648551890532e-05
50.95  0.004627752204806929  3.766110742941063e-05
51.0  0.004627746761470151  3.763574570504741e-05
51.050000000000004  0.004627741316870845  3.7610399617538334e-05
51.1  0.004627735869955581  3.758506868370231e-05
51.150000000000006  0.004627730419616138  3.75597527160071e-05
51.2  0.004627724964798743  3.7534451857252526e-05
51.25  0.004627719504586556  3.750916656963357e-05
51.300000000000004  0.004627714038276049  3.7483897611163166e-05
51.35  0.004627708565440177  3.745864597987695e-05
51.400000000000006  0.004627703085952534  3.7433412855686005e-05
51.45  0.00462769760000061  3.7408199521659914e-05
51.5  0.0046276921080617185  3.738300728177871e-05
51.550000000000004  0.004627686610848395  3.7357837395998736e-05
51.6  0.0046276811092550284  3.733269101084133e-05
51.650000000000006  0.004627675604273816  3.7307569120221924e-05
51.7  0.004627670096914321  3.728247252950283e-05
51.75  0.0046276645881323936  3.725740185372515e-05
51.800000000000004  0.004627659078757497  3.7232357513810235e-05
51.85  0.004627653569436359  3.7207339775647056e-05
51.900000000000006  0.00462764806062009  3.718234877612264e-05
51.95  0.004627642552539668  3.715738457145892e-05
52.0  0.004627637045224186  3.713244717911913e-05
52.050000000000004  0.004627631538523892  3.710753662830749e-05
52.1  0.0046276260321740596  3.7082653001704584e-05
52.150000000000006  0.004627620525846976  3.7057796456821144e-05
52.2  0.004627615019208969  3.703296724420425e-05
52.25  0.0046276095119886125  3.700816571894342e-05
52.300000000000004  0.004627604004041998  3.698339232502434e-05
52.35  0.004627598495385019  3.69586475830308e-05
52.400000000000006  0.0046275929862332164  3.6933932046704593e-05
52.45  0.004627587477020071  3.690924629046827e-05
52.5  0.004627581968383735  3.688459085945833e-05
52.550000000000004  0.0046275764611627915  3.6859966229428804e-05
52.6  0.004627570956342244  3.68353727766056e-05
52.650000000000006  0.004627565455023382  3.681081076064114e-05
52.7  0.00462755995836928  3.678628029790957e-05
52.75  0.0046275544675443096  3.6761781355092155e-05
52.800000000000004  0.004627548983664355  3.673731375658328e-05
52.85  0.004627543507754904  3.671287718947745e-05
52.900000000000006  0.004627538040702256  3.6688471223834054e-05
52.95  0.004627532583237573  3.6664095330023647e-05
53.0  0.004627527135918223  3.6639748923103206e-05
53.050000000000004  0.004627521699134335  3.6615431360117386e-05
53.1  0.004627516273117723  3.65911419980085e-05
53.150000000000006  0.004627510857959916  3.656688018558322e-05
53.2  0.004627505453650427  3.6542645306321105e-05
53.25  0.004627500060111562  3.651843676711304e-05
53.300000000000004  0.004627494677230509  3.6494254013166736e-05
53.35  0.004627489304903332  3.647009651017358e-05
53.400000000000006  0.004627483943062038  3.6445963752245375e-05
53.45  0.004627478591709564  3.642185524240604e-05
53.5  0.004627473250939302  3.639777047860783e-05
53.550000000000004  0.004627467920949547  3.637370893347983e-05
53.6  0.00462746260204086  3.634967004578808e-05
53.650000000000006  0.004627457294619862  3.632565321259294e-05
53.7  0.004627451999187065  3.6301657781806905e-05
53.75  0.004627446716320819  3.627768305486786e-05
53.800000000000004  0.004627441446650427  3.6253728296643615e-05
53.85  0.004627436190842314  3.622979274849634e-05
53.900000000000006  0.0046274309495724295  3.620587564109614e-05
53.95  0.004627425723495811  3.6181976225534585e-05
54.0  0.004627420513229882  3.615809377938043e-05
54.050000000000004  0.004627415319334799  3.613422764343805e-05
54.1  0.004627410142298578  3.611037722557006e-05
54.150000000000006  0.0046274049825301405  3.6086542017391933e-05
54.2  0.0046273998403436965  3.606272159867854e-05
54.25  0.004627394715972066  3.603891564035176e-05
54.300000000000004  0.0046273896095621  3.601512389192313e-05
54.35  0.004627384521174277  3.599134617117074e-05
54.400000000000006  0.004627379450805307  3.596758233850335e-05
54.45  0.0046273743983879035  3.59438322884547e-05
54.5  0.004627369363805504  3.592009591505564e-05
54.550000000000004  0.004627364346897407  3.589637309183928e-05
54.6  0.004627359347477888  3.5872663655292205e-05
54.650000000000006  0.004627354365335112  3.584896738989544e-05
54.7  0.004627349400256834  3.582528403191487e-05
54.75  0.004627344452017032  3.580161325372256e-05
54.800000000000004  0.0046273395203985  3.577795467651378e-05
54.85  0.004627334605191258  3.575430788836768e-05
54.900000000000006  0.004627329706191809  3.573067246169118e-05
54.95  0.004627324823216615  3.570704798301111e-05
55.0  0.0046273199560993026  3.5683434061431455e-05
55.050000000000004  0.004627315104686272  3.565983037657896e-05
55.1  0.004627310268840051  3.563623667983358e-05
55.150000000000006  0.004627305448446481  3.5612652823109356e-05
55.2  0.004627300643397353  3.558907876584216e-05
55.25  0.004627295853594218  3.556551458280781e-05
55.300000000000004  0.0046272910789413434  3.554196045111564e-05
55.35  0.004627286319343588  3.551841663462644e-05
55.400000000000006  0.004627281574692877  3.549488347122019e-05
55.45  0.0046272768448642945  3.547136134122496e-05
55.5  0.004627272129712088  3.544785063252005e-05
55.550000000000004  0.004627267429056439  3.542435171698658e-05
55.6  0.004627262742691561  3.540086491117257e-05
55.650000000000006  0.004627258070375629  3.537739045564175e-05
55.7  0.0046272534118359104  3.535392849342176e-05
55.75  0.004627248766782123  3.533047905725574e-05
55.800000000000004  0.004627244134905261  3.5307042070751294e-05
55.85  0.0046272395158948225  3.52836173448077e-05
55.900000000000006  0.004627234909446703  3.5260204606849975e-05
55.95  0.004627230315293709  3.523680352200108e-05
56.0  0.004627225733203052  3.521341371858774e-05
56.050000000000004  0.00462722116299652  3.519003483184691e-05
56.1  0.004627216604559914  3.516666652624205e-05
56.150000000000006  0.0046272120578470435  3.514330854133752e-05
56.2  0.0046272075228850715  3.511996071197075e-05
56.25  0.004627202999759902  3.509662299406311e-05
56.300000000000004  0.00462719848862171  3.5073295468646235e-05
56.35  0.004627193989660668  3.50499783430088e-05
56.400000000000006  0.004627189503094129  3.502667194066169e-05
56.45  0.004627185029146271  3.500337668231329e-05
56.5  0.004627180568023496  3.4980093058526116e-05
56.550000000000004  0.004627176119913527  3.495682159379737e-05
56.6  0.00462717168495445  3.4933562804316015e-05
56.650000000000006  0.004627167263227209  3.491031716893292e-05
56.7  0.004627162854755944  3.488708508716113e-05
56.75  0.004627158459507015  3.4863866854888673e-05
56.800000000000004  0.004627154077391305  3.4840662652744375e-05
56.85  0.004627149708280294  3.481747252951786e-05
56.900000000000006  0.004627145352023758  3.479429640867699e-05
56.95  0.004627141008463669  3.477113409721234e-05
57.0  0.004627136677448657  3.4747985308565516e-05
57.050000000000004  0.004627132358867057  3.472484969606048e-05
57.1  0.004627128052649124  3.470172688272444e-05
57.150000000000006  0.004627123758784192  3.467861650234222e-05
57.2  0.004627119477311625  3.4655518221875615e-05
57.25  0.0046271152083488315  3.463243178602712e-05
57.300000000000004  0.004627110952067132  3.460935703299956e-05
57.35  0.004627106708684207  3.4586293901735316e-05
57.400000000000006  0.004627102478457903  3.456324245177532e-05
57.45  0.00462709826166594  3.454020284477164e-05
57.5  0.004627094058589309  3.451717532756372e-05
57.550000000000004  0.00462708986950776  3.4494160232228065e-05
57.6  0.004627085694666334  3.447115791978672e-05
57.650000000000006  0.004627081534281347  3.444816876812292e-05
57.7  0.00462707738852432  3.442519313469267e-05
57.75  0.004627073257525611  3.4402231329347415e-05
57.800000000000004  0.004627069141372893  3.4379283591400584e-05
57.85  0.0046270650401205584  3.435635007107364e-05
57.900000000000006  0.004627060953791969  3.4333430817298256e-05
57.95  0.004627056882395385  3.4310525780183526e-05
58.0  0.004627052825936815  3.428763482132267e-05
58.050000000000004  0.004627048784426598  3.4264757728402974e-05
58.1  0.004627044757896034  3.424189422193272e-05
58.150000000000006  0.004627040746397906  3.4219044000869184e-05
58.2  0.004627036750018283  3.4196206748277646e-05
58.25  0.00462703276887389  3.417338217742046e-05
58.300000000000004  0.004627028803098778  3.4150570033133275e-05
58.35  0.004627024852859119  3.412777012568914e-05
58.400000000000006  0.004627020918330787  3.410498235024665e-05
58.45  0.0046270169996963555  3.408220667162006e-05
58.5  0.004627013097127236  3.4059443144895454e-05
58.550000000000004  0.004627009210778792  3.403669189766926e-05
58.6  0.004627005340778097  3.401395312600831e-05
58.650000000000006  0.004627001487219501  3.399122707510803e-05
58.7  0.004626997650150232  3.3968514025577925e-05
58.75  0.00462699382957571  3.394581426479212e-05
58.800000000000004  0.004626990025458632  3.392312807746177e-05
58.85  0.0046269862377181685  3.3900455722628034e-05
58.900000000000006  0.004626982466234543  3.387779742417061e-05
58.95  0.004626978710857509  3.385515336144292e-05
59.0  0.004626974971409596  3.383252366771472e-05
59.050000000000004  0.004626971247700847  3.3809908432874295e-05
59.1  0.004626967539533239  3.3787307698213514e-05
59.150000000000006  0.00462696384669683  3.376472148454828e-05
59.2  0.004626960168989242  3.374214979316217e-05
59.25  0.004626956506212849  3.371959262133756e-05
59.300000000000004  0.004626952858177757  3.3697049972569166e-05
59.35  0.004626949224701818  3.367452187471042e-05
59.400000000000006  0.004626945605611712  3.3652008379864615e-05
59.45  0.004626942000741116  3.362950958210707e-05
59.5  0.004626938409928423  3.360702560640181e-05
59.550000000000004  0.004626934833015065  3.358455661557636e-05
59.6  0.004626931269846356  3.3562102789394795e-05
59.650000000000006  0.004626927720262918  3.3539664336250086e-05
59.7  0.004626924184109425  3.351724146712636e-05
59.75  0.004626920661236348  3.349483438976521e-05
59.800000000000004  0.004626917151496521  3.3472443305675514e-05
59.85  0.004626913654749352  3.3450068389019044e-05
59.900000000000006  0.004626910170862241  3.3427709786666024e-05
59.95  0.004626906699719167  3.340536761868198e-05
60.0  0.004626903241214952  3.3383041984296114e-05
60.050000000000004  0.0046268997952576794  3.336073295233758e-05
60.1  0.0046268963617742765  3.3338440579739234e-05
60.150000000000006  0.004626892940696731  3.331616491763592e-05
60.2  0.004626889531965167  3.329390602642164e-05
60.25  0.004626886135524629  3.327166397244448e-05
60.300000000000004  0.004626882751321685  3.324943885024103e-05
60.35  0.004626879379291867  3.322723077529552e-05
60.400000000000006  0.004626876019360616  3.320503990242535e-05
60.45  0.00462687267143805  3.318286640386742e-05
60.5  0.004626869335418577  3.316071047297825e-05
60.550000000000004  0.004626866011178225  3.313857231515099e-05
60.6  0.004626862698582564  3.311645214147299e-05
60.650000000000006  0.004626859397483317  3.3094350151261764e-05
60.7  0.004626856107735961  3.3072266521767544e-05
60.75  0.004626852829191844  3.3050201399668295e-05
60.800000000000004  0.004626849561720188  3.3028154891028974e-05
60.85  0.004626846305200493  3.30061270642842e-05
60.900000000000006  0.004626843059538674  3.298411794665542e-05
60.95  0.004626839824672896  3.296212753228073e-05
61.0  0.00462683660057025  3.294015577394764e-05
61.050000000000004  0.0046268333872266365  3.291820261307336e-05
61.1  0.004626830184666378  3.289626797977149e-05
61.150000000000006  0.004626826992941198  3.287435181523395e-05
61.2  0.004626823812114513  3.2852454074977254e-05
61.25  0.004626820642266657  3.2830574746569106e-05
61.300000000000004  0.004626817483471967  3.280871385167546e-05
61.35  0.004626814335806008  3.2786871450654925e-05
61.400000000000006  0.004626811199324669  3.27650476438262e-05
61.45  0.004626808074075089  3.274324257381945e-05
61.5  0.004626804960084795  3.272145639364545e-05
61.550000000000004  0.004626801857358264  3.269968927648652e-05
61.6  0.004626798765889699  3.267794139138258e-05
61.650000000000006  0.004626795685662594  3.265621288561751e-05
61.7  0.00462679261664708  3.263450387539739e-05
61.75  0.004626789558823318  3.261281441562773e-05
61.800000000000004  0.004626786512180759  3.259114450612044e-05
61.85  0.004626783476726141  3.256949407507865e-05
61.900000000000006  0.00462678045249036  3.2547862975062875e-05
61.95  0.00462677743954029  3.2526250991787365e-05
62.0  0.0046267744379726375  3.250465784785163e-05
62.050000000000004  0.004626771447918851  3.248308321574989e-05
62.1  0.0046267684695529485  3.246152673599564e-05
62.150000000000006  0.004626765503078731  3.243998803741799e-05
62.2  0.0046267625487264544  3.2418466760811304e-05
62.25  0.00462675960674638  3.239696257620763e-05
62.300000000000004  0.004626756677406927  3.237547521024908e-05
62.35  0.004626753760977687  3.235400445163743e-05
62.400000000000006  0.004626750857712028  3.233255016659442e-05
62.45  0.004626747967857987  3.231111230982716e-05
62.5  0.0046267450916266575  3.228969091438872e-05
62.550000000000004  0.004626742229187424  3.226828609451296e-05
62.6  0.004626739380668415  3.224689802039162e-05
62.650000000000006  0.004626736546139168  3.2225526904321305e-05
62.7  0.0046267337256117105  3.2204172984944937e-05
62.75  0.004626730919036357  3.218283649305954e-05
62.800000000000004  0.0046267281263093745  3.216151763155987e-05
62.85  0.004626725347267144  3.214021655777628e-05
62.900000000000006  0.004626722581710431  3.211893335926352e-05
62.95  0.004626719829400685  3.2097668042504244e-05
63.0  0.004626717090081629  3.207642054865597e-05
63.050000000000004  0.004626714363490931  3.2055190723811314e-05
63.1  0.004626711649375604  3.203397835297536e-05
63.150000000000006  0.004626708947508584  3.201278317025635e-05
63.2  0.004626706257694508  3.199160487267849e-05
63.25  0.004626703579785745  3.1970443156937505e-05
63.300000000000004  0.004626700913690118  3.194929773614519e-05
63.35  0.0046266982593579  3.192816836367724e-05
63.400000000000006  0.00462669561680063  3.190705485590921e-05
63.45  0.004626692986075257  3.18859571004772e-05
63.5  0.004626690367262452  3.186487507226528e-05
63.550000000000004  0.004626687760470125  3.184380883137187e-05
63.6  0.004626685165806383  3.182275850351101e-05
63.650000000000006  0.004626682583368458  3.1801724271946416e-05
63.7  0.00462668001322518  3.1780706360420564e-05
63.75  0.0046266774554096154  3.175970499799731e-05
63.800000000000004  0.004626674909906937  3.173872040453889e-05
63.85  0.004626672376643105  3.1717752755587716e-05
63.900000000000006  0.004626669855495404  3.169680216450546e-05
63.95  0.004626667346288757  3.1675868658498746e-05
64.0  0.004626664848810263  3.165495217806243e-05
64.05  0.0046266623628204075  3.163405256788867e-05
64.10000000000001  0.004626659888080099  3.16131695826191e-05
64.15  0.004626657424357624  3.159230290680408e-05
64.2  0.004626654971458697  3.157145217394885e-05
64.25  0.004626652529244267  3.155061699268072e-05
64.3  0.004626650097656455  3.1529796990643894e-05
64.35000000000001  0.004626647676731806  3.150899184515432e-05
64.4  0.004626645266618427  3.148820133770818e-05
64.45  0.004626642867577512  3.1467425396921094e-05
64.5  0.004626640479991758  3.1446664158235106e-05
64.55  0.004626638104346129  3.14259180109352e-05
64.60000000000001  0.004626635741204481  3.1405187646589566e-05
64.65  0.00462663339116298  3.138447409533524e-05
64.7  0.004626631054806932  3.136377873663883e-05
64.75  0.004626628732638886  3.134310327269713e-05
64.8  0.004626626425007647  3.132244963756005e-05
64.85000000000001  0.004626624132056396  3.1301819888612044e-05
64.9  0.004626621853681219  3.1281216017073235e-05
64.95  0.004626619589498591  3.1260639762536014e-05
65.0  0.004626617338864293  3.12400924176708e-05
65.05  0.00462661510088801  3.1219574655669974e-05
65.10000000000001  0.004626612874485343  3.119908641017591e-05
65.15  0.00462661065842446  3.1178626829571754e-05
65.2  0.004626608451391437  3.115819426822792e-05
65.25  0.0046266062520364856  3.113778637632169e-05
65.3  0.0046266040590181865  3.11174002450476e-05
65.35000000000001  0.004626601871067169  3.109703258332656e-05
65.4  0.004626599687017553  3.1076679938883624e-05
65.45  0.004626597505849946  3.105633894789167e-05
65.5  0.00462659532674228  3.103600655038686e-05
65.55  0.004626593149094053  3.1015680214992074e-05
65.60000000000001  0.004626590972568824  3.099535810867207e-05
65.65  0.004626588797118518  3.097503921413978e-05
65.7  0.00462658662298916  3.095472339494501e-05
65.75  0.004626584450717392  3.0934411392267324e-05
65.8  0.0046265822810966865  3.091410475299845e-05
65.85000000000001  0.004626580115126861  3.08938057151957e-05
65.9  0.004626577953941257  3.087351701895172e-05
65.95  0.00462657579871808  3.0853241704305446e-05
66.0  0.004626573650594547  3.0832982895533835e-05
66.05  0.004626571510544594  3.081274356963097e-05
66.10000000000001  0.004626569379305948  3.079252635551784e-05
66.15  0.0046265672572994125  3.07723333606419e-05
66.2  0.00462656514457745  3.0752166056067754e-05
66.25  0.004626563040804924  3.073202518697089e-05
66.3  0.004626560945273779  3.0711910771334135e-05
66.35000000000001  0.004626558856946682  3.069182212788722e-05
66.4  0.004626556774537438  3.0671757972088975e-05
66.45  0.004626554696613309  3.065171653243666e-05
66.5  0.0046265526217068986  3.063169571311313e-05
66.55  0.00462655054843775  3.0611693265433005e-05
66.60000000000001  0.004626548475631264  3.059170694759891e-05
66.65  0.004626546402418588  3.057173468978468e-05
66.7  0.00462654432830786  3.0551774727477814e-05
66.75  0.004626542253231359  3.05318256997805e-05
66.8  0.004626540177551217  3.0511886720138017e-05
66.85000000000001  0.004626538102039583  3.0491957394583733e-05
66.9  0.004626536027811906  3.0472037820579932e-05
66.95  0.00462653395624656  3.045212853175671e-05
67.0  0.004626531888875478  3.0432230424987782e-05
67.05  0.004626529827273755  3.0412344671943343e-05
67.10000000000001  0.004626527772925944  3.039247261050307e-05
67.15  0.004626525727136207  3.037261562857356e-05
67.2  0.004626523690917306  3.03527750667603e-05
67.25  0.004626521664936782  3.033295213188103e-05
67.3  0.004626519649467271  3.0313147807446322e-05
67.35000000000001  0.004626517644381722  3.0293362813108603e-05
67.4  0.004626515649176714  3.027359756982497e-05
67.45  0.00462651366302289  3.0253852195276145e-05
67.5  0.004626511684833611  3.0234126511240993e-05
67.55  0.004626509713361726  3.021442007695663e-05
67.60000000000001  0.004626507747290764  3.019473223970318e-05
67.65  0.004626505785350386  3.017506217750437e-05
67.7  0.004626503826397857  3.0155408970312563e-05
67.75  0.004626501869509112  3.01357716559526e-05
67.8  0.004626499914039597  3.0116149281869954e-05
67.85000000000001  0.004626497959662369  3.0096540956995268e-05
67.9  0.004626496006385591  3.0076945889552293e-05
67.95  0.004626494054547091  3.005736341410773e-05
68.0  0.004626492104771641  3.0037793017702338e-05
68.05  0.004626490157922599  3.00182343325938e-05
68.10000000000001  0.0046264882150358596  2.9998687149145337e-05
68.15  0.00462648627723806  2.997915138483997e-05
68.2  0.004626484345663628  2.995962707917018e-05
68.25  0.004626482421372669  2.9940114356332304e-05
68.3  0.004626480505283119  2.9920613399297716e-05
68.35000000000001  0.004626478598107794  2.9901124427624614e-05
68.4  0.004626476700309702  2.9881647663478272e-05
68.45  0.00462647481207009  2.9862183312117994e-05
68.5  0.004626472933292929  2.9842731550823e-05
68.55  0.00462647106360414  2.9823292512713794e-05
68.60000000000001  0.004626469202390997  2.9803866294975448e-05
68.65  0.004626467348845902  2.9784452950274057e-05
68.7  0.004626465502023926  2.9765052506257416e-05
68.75  0.004626463660909319  2.974566495968235e-05
68.8  0.00462646182447902  2.972629029880424e-05
68.85000000000001  0.004626459991768745  2.9706928504496782e-05
68.9  0.004626458161933434  2.9687579542783144e-05
68.95  0.004626456334277336  2.9668243375908586e-05
69.0  0.004626454508299861  2.9648919955458916e-05
69.05  0.004626452683692425  2.9629609210386822e-05
69.10000000000001  0.0046264508603424265  2.9610311051941568e-05
69.15  0.004626449038315099  2.959102536755674e-05
69.2  0.004626447217816412  2.95717520139551e-05
69.25  0.004626445399150684  2.955249082966137e-05
69.3  0.004626443582675505  2.953324164122029e-05
69.35000000000001  0.004626441768756072  2.9514004269144675e-05
69.4  0.004626439957715646  2.949477854819746e-05
69.45  0.004626438149792583  2.9475564342414276e-05
69.5  0.004626436345119448  2.9456361564222627e-05
69.55  0.004626434543694722  2.9437170195137588e-05
69.60000000000001  0.0046264327453766595  2.9417990284750594e-05
69.65  0.004626430949884635  2.9398821966779633e-05
69.7  0.004626429156821821  2.9379665451208647e-05
69.75  0.004626427365686597  2.936052101743114e-05
69.8  0.004626425575904956  2.9341389005241582e-05
69.85000000000001  0.004626423786865355  2.9322269779684894e-05
69.9  0.004626421997950691  2.9303163704381323e-05
69.95  0.0046264202085665885  2.928407113389483e-05
70.0  0.004626418418179758  2.926499236167079e-05
70.05  0.004626416626336467  2.9245927612608408e-05
70.10000000000001  0.004626414832690318  2.9226877013333393e-05
70.15  0.004626413037007081  2.9207840593841482e-05
70.2  0.004626411239171065  2.9188818282723094e-05
70.25  0.004626409439194014  2.9169809910696002e-05
70.3  0.00462640763719535  2.9150815237651505e-05
70.35000000000001  0.004626405833391278  2.913183397525157e-05
70.4  0.004626404028086362  2.9112865816302688e-05
70.45  0.0046264022216383795  2.909391047490464e-05
70.5  0.004626400414446202  2.907496771589918e-05
70.55  0.004626398606918436  2.9056037384591138e-05
70.60000000000001  0.004626396799448993  2.9037119431344453e-05
70.65  0.004626394992405743  2.9018213928977715e-05
70.7  0.004626393186098478  2.899932106684121e-05
70.75  0.004626391380768535  2.8980441154670144e-05
70.8  0.004626389576572439  2.8961574592503138e-05
70.85000000000001  0.004626387773576773  2.8942721845938442e-05
70.9  0.00462638597175467  2.8923883417639816e-05
70.95  0.004626384170993087  2.8905059803892783e-05
71.0  0.004626382371085047  2.8886251454854945e-05
71.05  0.004626380571758952  2.8867458741398048e-05
71.10000000000001  0.0046263787726734335  2.8848681925517812e-05
71.15  0.004626376973447311  2.882992113720575e-05
71.2  0.004626375173673112  2.8811176361464738e-05
71.25  0.004626373372932174  2.8792447442414488e-05
71.3  0.004626371570816603  2.877373410039447e-05
71.35000000000001  0.004626369766941387  2.875503594218732e-05
71.4  0.004626367960968434  2.87363525006398e-05
71.45  0.004626366152603216  2.871768325953485e-05
71.5  0.004626364341623881  2.86990276946977e-05
71.55  0.0046263625278580335  2.8680385302319645e-05
71.60000000000001  0.0046263607112053805  2.8661755629631466e-05
71.65  0.004626358891624698  2.864313830126253e-05
71.7  0.0046263570691306355  2.862453302189958e-05
71.75  0.0046263552437776955  2.8605939581251098e-05
71.8  0.004626353415660384  2.8587357844864603e-05
71.85000000000001  0.004626351584886455  2.856878773407584e-05
71.9  0.004626349751575485  2.855022919142513e-05
71.95  0.004626347915835688  2.853168215468881e-05
72.0  0.0046263460777614  2.8513146512985737e-05
72.05  0.004626344237418305  2.8494622064866725e-05
72.10000000000001  0.004626342394838291  2.8476108481952072e-05
72.15  0.00462634055000642  2.8457605276270682e-05
72.2  0.004626338702855726  2.8439111769193947e-05
72.25  0.004626336853258741  2.842062709423455e-05
72.3  0.004626335001017501  2.84021501958191e-05
72.35000000000001  0.004626333145852708  2.8383679859311008e-05
72.4  0.004626331287386487  2.8365214795172443e-05
72.45  0.004626329425133349  2.8346753728069937e-05
72.5  0.0046263275585084595  2.8328295558516365e-05
72.55  0.004626325686846169  2.8309839558277746e-05
72.60000000000001  0.0046263238094760364  2.8291385606728152e-05
72.65  0.004626321925832216  2.8272934425653495e-05
72.7  0.004626320035627952  2.8254487762396395e-05
72.75  0.004626318139058728  2.823604848993921e-05
72.8  0.004626316237014725  2.8217620541428038e-05
72.85000000000001  0.0046263143312541884  2.8199208657160017e-05
72.9  0.004626312424489078  2.818081793565257e-05
72.95  0.004626310520328609  2.8162453264360265e-05
73.0  0.004626308623097564  2.8144118685448266e-05
73.05  0.0046263067375066315  2.8125816766947112e-05
73.10000000000001  0.00462630486822832  2.8107548142820383e-05
73.15  0.004626303019406967  2.80893111929707e-05
73.2  0.004626301194180829  2.8071102003130605e-05
73.25  0.004626299394230403  2.8052914567512117e-05
73.3  0.004626297619470891  2.8034741235400952e-05
73.35000000000001  0.004626295867856638  2.801657334645901e-05
73.4  0.004626294135399842  2.7998402002219692e-05
73.45  0.004626292416341268  2.798021887980597e-05
73.5  0.004626290703519118  2.7962017015991454e-05
73.55  0.004626288988872691  2.7943791472177267e-05
73.60000000000001  0.0046262872640396874  2.7925539829503684e-05
73.65  0.004626285521020686  2.7907262454343535e-05
73.7  0.004626283752817094  2.788896253824878e-05
73.75  0.004626281953990799  2.787064586750156e-05
73.8  0.004626280121127441  2.785232038987723e-05
73.85000000000001  0.004626278253117925  2.7833995614423766e-05
73.9  0.004626276351268053  2.7815681854825867e-05
73.95  0.00462627441920996  2.7797389456985492e-05
74.0  0.004626272462623847  2.7779128002720415e-05
74.05  0.004626270488819816  2.7760905611523867e-05
74.10000000000001  0.004626268506176482  2.7742728372770196e-05
74.15  0.004626266523516083  2.772459993972091e-05
74.2  0.004626264549449439  2.7706521343542486e-05
74.25  0.004626262591748084  2.7688490999573366e-05
74.3  0.004626260656805082  2.7670504947359615e-05
74.35000000000001  0.004626258749193776  2.765255723775391e-05
74.4  0.004626256871400492  2.7634640469646576e-05
74.45  0.0046262550237081475  2.7616746428020865e-05
74.5  0.004626253204253159  2.7598866748993178e-05
74.55  0.004626251409248423  2.7580993562538995e-05
74.60000000000001  0.004626249633337354  2.7563120082134503e-05
74.65  0.004626247870058688  2.7545241062442558e-05
74.7  0.0046262461123729465  2.752735312924482e-05
74.75  0.004626244353201735  2.7509454949802464e-05
74.8  0.004626242585960616  2.7491547217858295e-05
74.85000000000001  0.004626240805016682  2.7473632509553664e-05
74.9  0.004626239006058684  2.745571498119646e-05
74.95  0.004626237186346874  2.7437799984350406e-05
75.0  0.00462623534483466  2.741989358657212e-05
75.05  0.004626233482174679  2.7402002084073395e-05
75.10000000000001  0.004626231600573048  2.7384131503485036e-05
75.15  0.0046262297035603046  2.7366287168399298e-05
75.2  0.004626227795662175  2.734847333790656e-05
75.25  0.004626225882021894  2.7330692944379717e-05
75.3  0.004626223967980094  2.7312947456686202e-05
75.35000000000001  0.004626222058686366  2.7295236860465654e-05
75.4  0.004626220158729244  2.7277559753445116e-05
75.45  0.004626218271823579  2.7259913544476155e-05
75.5  0.004626216400591257  2.724229472911431e-05
75.55  0.004626214546433347  2.7224699230230868e-05
75.60000000000001  0.004626212709499828  2.7207122758997966e-05
75.65  0.0046262108887510835  2.7189561159256473e-05
75.7  0.004626209082116306  2.717201073630278e-05
75.75  0.004626207286709764  2.715446851648682e-05
75.8  0.004626205499110638  2.7136932436085272e-05
75.85000000000001  0.004626203715658066  2.711940145789829e-05
75.9  0.004626201932741939  2.710187557851017e-05
75.95  0.004626200147092398  2.7084355767964744e-05
76.0  0.004626198356003899  2.7066843831046272e-05
76.05  0.004626196557510903  2.704934220448312e-05
76.10000000000001  0.004626194750506532  2.703185372688452e-05
76.15  0.004626192934766453  2.701438137653671e-05
76.2  0.004626191110924707  2.6996928027581255e-05
76.25  0.004626189280368612  2.6979496223050355e-05
76.3  0.00462618744509378  2.696208798451464e-05
76.35000000000001  0.004626185607517416  2.6944704682123768e-05
76.4  0.00462618377026856  2.6927346961881834e-05
76.45  0.0046261819359838694  2.691001473427318e-05
76.5  0.004626180107108874  2.689270722690503e-05
76.55  0.004626178285735489  2.687542308463147e-05
76.60000000000001  0.004626176473464716  2.685816052031685e-05
76.65  0.004626174671337186  2.684091747131088e-05
76.7  0.004626172879790705  2.6823691787974914e-05
76.75  0.004626171098684933  2.6806481414198985e-05
76.80000000000001  0.004626169327345168  2.678928453558874e-05
76.85000000000001  0.0046261675646672796  2.6772099721419626e-05
76.9  0.004626165809233029  2.6754925999504914e-05
76.95  0.004626164059445102  2.6737762912831696e-05
77.0  0.004626162313659702  2.6720610510694646e-05
77.05000000000001  0.004626160570310456  2.6703469314858133e-05
77.10000000000001  0.0046261588280200935  2.6686340239648394e-05
77.15  0.004626157085690271  2.666922448671628e-05
77.2  0.004626155342546425  2.6652123419104392e-05
77.25  0.004626153598168148  2.663503844538487e-05
77.30000000000001  0.004626151852484583  2.6617970884839002e-05
77.35000000000001  0.0046261501057333855  2.6600921869974606e-05
77.4  0.0046261483584067575  2.6583892263156663e-05
77.45  0.004626146611182946  2.6566882598707114e-05
77.5  0.004626144864838578  2.654989307129492e-05
77.55000000000001  0.004626143120170305  2.6532923530991166e-05
77.60000000000001  0.0046261413779091634  2.6515973539121256e-05
77.65  0.0046261396386675655  2.649904241794173e-05
77.7  0.004626137902873526  2.6482129337071467e-05
77.75  0.004626136170748193  2.6465233398030176e-05
77.80000000000001  0.004626134442288994  2.644835372780516e-05
77.85000000000001  0.004626132717272724  2.6431489561833307e-05
77.9  0.00462613099528962  2.6414640305314353e-05
77.95  0.004626129275768115  2.6397805589009263e-05
78.0  0.004626127558032511  2.6380985283465155e-05
78.05000000000001  0.004626125841346948  2.636417952135975e-05
78.10000000000001  0.004626124124972756  2.6347388667662396e-05
78.15  0.004626122408219807  2.633061327786149e-05
78.2  0.0046261206904887565  2.6313854050966572e-05
78.25  0.004626118971297035  2.6297111761691795e-05
78.30000000000001  0.004626117250306748  2.6280387195309614e-05
78.35000000000001  0.004626115527333602  2.6263681084377037e-05
78.4  0.0046261138023362056  2.6246994048133675e-05
78.45  0.004626112075405355  2.6230326545508398e-05
78.5  0.004626110346740608  2.621367886041105e-05
78.55000000000001  0.004626108616617185  2.6197051075646608e-05
78.60000000000001  0.0046261068853621565  2.6180443077967115e-05
78.65  0.004626105153309398  2.6163854589711764e-05
78.7  0.004626103420778786  2.614728519656863e-05
78.75  0.00462610168804151  2.6130734395713806e-05
78.80000000000001  0.004626099955305455  2.6114201637603588e-05
78.85000000000001  0.004626098222696649  2.609768639152904e-05
78.9  0.00462609649026249  2.608118818357921e-05
78.95  0.004626094757965002  2.606470663894886e-05
79.0  0.004626093025687575  2.6048241510794763e-05
79.05000000000001  0.004626091293256281  2.603179270166342e-05
79.10000000000001  0.004626089560444455  2.6015360266430513e-05
79.15  0.0046260878269969  2.59989444037234e-05
79.2  0.004626086092637895  2.598254542845629e-05
79.25  0.0046260843570944885  2.5966163747618094e-05
79.30000000000001  0.0046260826201041634  2.594979981889563e-05
79.35000000000001  0.004626080881425035  2.5933454119772193e-05
79.4  0.004626079140847319  2.5917127088172447e-05
79.45  0.00462607739819014  2.5900819111618542e-05
79.5  0.004626075653313419  2.5884530472662567e-05
79.55000000000001  0.0046260739061027515  2.5868261346997964e-05
79.60000000000001  0.004626072156483539  2.5852011785131636e-05
79.65  0.004626070404406488  2.583578171972108e-05
79.7  0.004626068649850413  2.581957096638591e-05
79.75  0.004626066892817221  2.5803379262071455e-05
79.80000000000001  0.004626065133333411  2.578720627169398e-05
79.85000000000001  0.0046260633714427565  2.5771051630134525e-05
79.9  0.004626061607209868  2.5754914973756664e-05
79.95  0.004626059840725188  2.5738795964147407e-05
80.0  0.004626058072085741  2.5722694320755006e-05
80.05000000000001  0.0046260563014145165  2.570660983429874e-05
80.10000000000001  0.0046260545288453365  2.5690542373528464e-05
80.15  0.004626052754530766  2.5674491902253487e-05
80.2  0.004626050978635762  2.565845845307481e-05
80.25  0.004626049201337513  2.5642442125030942e-05
80.30000000000001  0.004626047422823711  2.5626443064266362e-05
80.35000000000001  0.004626045643287462  2.561046143866555e-05
80.4  0.004626043862927685  2.559449741163502e-05
80.45  0.004626042081951862  2.5578551128009547e-05
80.5  0.004626040300567013  2.5562622683450887e-05
80.55000000000001  0.004626038518986493  2.5546712115430577e-05
80.60000000000001  0.004626036737428233  2.553081938645541e-05
80.65  0.004626034956110692  2.5514944395230644e-05
80.7  0.004626033175255261  2.5499086970831478e-05
80.75  0.004626031395084043  2.5483246883615968e-05
80.80000000000001  0.004626029615827324  2.5467423860707876e-05
80.85000000000001  0.004626027837706114  2.545161759731718e-05
80.9  0.004626026060942595  2.5435827786091205e-05
80.95  0.004626024285755417  2.542005411899076e-05
81.0  0.00462602251235213  2.540429631470778e-05
81.05000000000001  0.004626020740928221  2.5388554121620413e-05
81.10000000000001  0.004626018971661765  2.5372827326745378e-05
81.15  0.0046260172047062785  2.5357115764275835e-05
81.2  0.0046260154401917795  2.534141930643727e-05
81.25  0.004626013678218577  2.532573785746708e-05
81.30000000000001  0.004626011918858078  2.5310071353513904e-05
81.35000000000001  0.004626010162151234  2.5294419746055915e-05
81.4  0.00462600840810545  2.5278782994575373e-05
81.45  0.0046260066567054454  2.5263161052766343e-05
81.5  0.004626004907898246  2.524755387158201e-05
81.55000000000001  0.004626003161616538  2.523196137490584e-05
81.60000000000001  0.004626001417766748  2.5216383476908814e-05
81.65  0.0046259996762392655  2.5200820075988494e-05
81.7  0.0046259979369100935  2.5185271054882136e-05
81.75  0.004625996199642855  2.516973628039202e-05
81.80000000000001  0.0046259944642875585  2.5154215623895153e-05
81.85000000000001  0.004625992730696842  2.513870895425499e-05
81.9  0.004625990998712237  2.5123216153079386e-05
81.95  0.004625989268175623  2.510773711053506e-05
82.0  0.004625987538932699  2.509227173671389e-05
82.05000000000001  0.004625985810829002  2.5076819960206946e-05
82.10000000000001  0.004625984083718464  2.506138172049505e-05
82.15  0.004625982357456506  2.5045956970104148e-05
82.2  0.004625980631912181  2.5030545674634007e-05
82.25  0.004625978906966912  2.5015147796306908e-05
82.30000000000001  0.0046259771825153916  2.4999763291731686e-05
82.35000000000001  0.0046259754584668  2.4984392113904812e-05
82.4  0.004625973734754092  2.496903420100648e-05
82.45  0.004625972011320163  2.495368947405309e-05
82.5  0.00462597028813392  2.493835783951586e-05
82.55000000000001  0.004625968565166167  2.492303918317885e-05
82.60000000000001  0.004625966842417406  2.490773339409824e-05
82.65  0.004625965119887988  2.4892440348486676e-05
82.7  0.00462596339759431  2.4877159929569827e-05
82.75  0.00462596167555239  2.4861892038953214e-05
82.80000000000001  0.004625959953777696  2.4846636600703337e-05
82.85000000000001  0.004625958232287392  2.4831393569293437e-05
82.9  0.004625956511089562  2.4816162943952657e-05
82.95  0.004625954790178582  2.4800944765336625e-05
83.0  0.004625953069538465  2.4785739117369746e-05
83.05000000000001  0.00462595134913219  2.4770546127130486e-05
83.10000000000001  0.004625949628902341  2.4755365956468026e-05
83.15  0.00462594790877275  2.4740198796584738e-05
83.2  0.004625946188642685  2.472504484846072e-05
83.25  0.004625944468387759  2.470990431292926e-05
83.30000000000001  0.004625942747867212  2.469477737706076e-05
83.35000000000001  0.004625941026917657  2.4679664194272328e-05
83.4  0.004625939305368447  2.4664564874661965e-05
83.45  0.004625937583037831  2.4649479476473767e-05
83.5  0.004625935859743661  2.463440799691808e-05
83.55000000000001  0.004625934135309316  2.4619350378331508e-05
83.60000000000001  0.004625932409568973  2.460430650318602e-05
83.65  0.004625930682382226  2.458927621962541e-05
83.7  0.004625928953629742  2.457425934587095e-05
83.75  0.004625927223222951  2.455925569293177e-05
83.80000000000001  0.004625925491108913  2.4544265086376665e-05
83.85000000000001  0.0046259237572703876  2.4529287385112972e-05
83.9  0.004625922021714192  2.4514322500902678e-05
83.95  0.004625920284490279  2.4499370409602876e-05
84.0  0.00462591854566447  2.4484431169059137e-05
84.05000000000001  0.004625916805324561  2.446950490520935e-05
84.10000000000001  0.004625915063563358  2.4454591826457758e-05
84.15  0.004625913320476419  2.443969219234458e-05
84.2  0.00462591157614823  2.4424806315378285e-05
84.25  0.004625909830658116  2.4409934521337887e-05
84.30000000000001  0.00462590808405869  2.4395077124066762e-05
84.35000000000001  0.004625906336392321  2.4380234406334258e-05
84.4  0.004625904587675539  2.436540658049674e-05
84.45  0.004625902837916855  2.4350593779722442e-05
84.5  0.004625901087118019  2.4335796034877202e-05
84.55000000000001  0.004625899335281781  2.432101326895742e-05
84.60000000000001  0.004625897582426382  2.4306245287258265e-05
84.65  0.004625895828597208  2.42914918038562e-05
84.7  0.004625894073867359  2.4276752445295263e-05
84.75  0.004625892318354324  2.426202678041358e-05
84.80000000000001  0.004625890562222521  2.4247314340507562e-05
84.85000000000001  0.004625888805684591  2.423261466100163e-05
84.9  0.0046258870490034675  2.421792730824514e-05
84.95  0.004625885292481358  2.4203251904078955e-05
85.0  0.004625883536460377  2.4188588154018103e-05
85.05000000000001  0.004625881781301548  2.4173935862940824e-05
85.10000000000001  0.004625880027376898  2.4159294935683152e-05
85.15  0.004625878275053058  2.4144665378252527e-05
85.2  0.0046258765246764985  2.4130047291833265e-05
85.25  0.004625874776558948  2.411544085095791e-05
85.30000000000001  0.004625873030966789  2.410084627548347e-05
85.35000000000001  0.004625871288112397  2.4086263809597952e-05
85.4  0.004625869548148558  2.407169369146298e-05
85.45  0.004625867811166853  2.4057136119388215e-05
85.5  0.004625866077195026  2.4042591229467047e-05
85.55000000000001  0.004625864346215593  2.4028059081098698e-05
85.60000000000001  0.004625862618164552  2.40135396385006e-05
85.65  0.004625860892947389  2.3999032766704238e-05
85.7  0.004625859170455894  2.3984538240587265e-05
85.75  0.004625857450587017  2.397005575320355e-05
85.80000000000001  0.004625855733247293  2.395558493656037e-05
85.85000000000001  0.004625854018381352  2.3941125382969313e-05
85.9  0.004625852305966741  2.3926676675577436e-05
85.95  0.004625850596031013  2.3912238410629882e-05
86.0  0.0046258488886609245  2.38978102290058e-05
86.05000000000001  0.004625847183986485  2.388339183620351e-05
86.10000000000001  0.004625845482184718  2.3868983020169445e-05
86.15  0.004625843783473497  2.3854583655806844e-05
86.2  0.004625842088086737  2.3840193711861637e-05
86.25  0.004625840396272151  2.382581324793902e-05
86.30000000000001  0.004625838708268656  2.3811442397064606e-05
86.35000000000001  0.004625837024297806  2.3797081350048614e-05
86.4  0.004625835344537587  2.3782730324019803e-05
86.45  0.004625833669119103  2.376838954593229e-05
86.5  0.0046258319981152506  2.3754059224798548e-05
86.55000000000001  0.004625830331537581  2.3739739521492272e-05
86.60000000000001  0.004625828669344719  2.372543053881452e-05
86.65  0.0046258270114291665  2.371113229843217e-05
86.7  0.0046258253576481854  2.3696844735162975e-05
86.75  0.004625823707824202  2.368256770465311e-05
86.80000000000001  0.004625822061763993  2.3668300984614698e-05
86.85000000000001  0.004625820419276175  2.365404428941737e-05
86.9  0.004625818780189522  2.3639797290760904e-05
86.95  0.004625817144360624  2.362555964448202e-05
87.0  0.004625815511690937  2.3611331013353763e-05
87.05000000000001  0.004625813882127514  2.359711109457806e-05
87.10000000000001  0.004625812255667808  2.358289963282586e-05
87.15  0.004625810632351681  2.3568696445980573e-05
87.2  0.004625809012256368  2.3554501437745417e-05
87.25  0.004625807395481623  2.3540314598757366e-05
87.30000000000001  0.004625805782134968  2.3526135996422645e-05
87.35000000000001  0.004625804172312396  2.3511965786998727e-05
87.4  0.004625802566088813  2.3497804181920757e-05
87.45  0.0046258009634941154  2.3483651438231733e-05
87.5  0.004625799364512224  2.3469507834540914e-05
87.55000000000001  0.004625797769067779  2.3455373656281546e-05
87.60000000000001  0.0046257961770199835  2.3441249165081845e-05
87.65  0.004625794588178312  2.342713458675053e-05
87.7  0.004625793002295509  2.3413030105343133e-05
87.75  0.004625791419088407  2.3398935850424287e-05
87.80000000000001  0.0046257898382474055  2.3384851894273235e-05
87.85000000000001  0.004625788259451546  2.33707782638179e-05
87.9  0.004625786682389872  2.335671494872514e-05
87.95  0.004625785106768157  2.3342661904345977e-05
88.0  0.004625783532326404  2.3328619078232533e-05
88.05000000000001  0.00462578195885002  2.3314586418220272e-05
88.10000000000001  0.00462578038616648  2.3300563889766407e-05
88.15  0.004625778814156132  2.328655148016528e-05
88.2  0.004625777242744244  2.327254921534978e-05
88.25  0.0046257756719065585  2.3258557157048054e-05
88.30000000000001  0.004625774101652194  2.3244575396148943e-05
88.35000000000001  0.004625772532020742  2.3230604058675793e-05
88.4  0.0046257709630799  2.3216643292512245e-05
88.45  0.004625769394905915  2.3202693256437593e-05
88.5  0.004625767827589441  2.318875410854183e-05
88.55000000000001  0.0046257662612215825  2.3174826002325744e-05
88.60000000000001  0.004625764695901561  2.316090906867036e-05
88.65  0.0046257631317233785  2.3147003418328948e-05
88.7  0.004625761568782496  2.3133109128078356e-05
88.75  0.004625760007173494  2.3119226247626845e-05
88.80000000000001  0.004625758446996607  2.3105354799502115e-05
88.85000000000001  0.004625756888345916  2.30914947817928e-05
88.9  0.004625755331323665  2.307764618332255e-05
88.95  0.004625753776030276  2.3063808983367497e-05
89.0  0.004625752222570235  2.30499831576157e-05
89.05000000000001  0.004625750671045344  2.3036168691102395e-05
89.10000000000001  0.004625749121555793  2.3022365580660654e-05
89.15  0.00462574757419945  2.300857383884033e-05
89.2  0.004625746029067498  2.299479349725221e-05
89.25  0.004625744486242865  2.2981024611354013e-05
89.30000000000001  0.004625742945799361  2.29672672345365e-05
89.35000000000001  0.004625741407802267  2.2953521440314418e-05
89.4  0.004625739872303164  2.2939787294403446e-05
89.45  0.00462573833934047  2.2926064863910447e-05
89.5  0.0046257368089517225  2.2912354200702185e-05
89.55000000000001  0.004625735281158333  2.2898655345545195e-05
89.60000000000001  0.004625733755978898  2.2884968318664136e-05
89.65  0.0046257322334326825  2.2871293116807876e-05
89.7  0.004625730713537427  2.2857629726648978e-05
89.75  0.004625729196313452  2.2843978115253937e-05
89.80000000000001  0.004625727681787236  2.2830338246457112e-05
89.85000000000001  0.00462572616999115  2.2816710083472053e-05
89.9  0.004625724660967669  2.2803093592708028e-05
89.95  0.0046257231547656985  2.278948876589397e-05
90.0  0.004625721651441435  2.2775895615971907e-05
90.05000000000001  0.004625720151067696  2.2762314188626433e-05
90.10000000000001  0.004625718653717479  2.2748744572185886e-05
90.15  0.004625717159478236  2.2735186885991998e-05
90.2  0.0046257156684412415  2.2721641292163166e-05
90.25  0.00462571418071598  2.270810797692492e-05
90.30000000000001  0.004625712696421775  2.2694587149076934e-05
90.35000000000001  0.004625711215693879  2.2681079013790904e-05
90.4  0.004625709738687643  2.266758376445307e-05
90.45  0.004625708265587311  2.265410155723848e-05
90.5  0.004625706796605523  2.2640632492274975e-05
90.55000000000001  0.004625705331995738  2.262717659276706e-05
90.60000000000001  0.004625703872046909  2.261373378222503e-05
90.65  0.004625702417094573  2.2600303875097516e-05
90.7  0.004625700967516619  2.258688656191581e-05
90.75  0.004625699523735974  2.2573481407991195e-05
90.80000000000001  0.004625698086206147  2.256008785639353e-05
90.85000000000001  0.004625696655407923  2.2546705244152598e-05
90.9  0.004625695231833789  2.2533332826069035e-05
90.95  0.00462569381597982  2.251996980201735e-05
91.0  0.0046256924083289234  2.2506615362164664e-05
91.05000000000001  0.004625691009336415  2.2493268728033163e-05
91.10000000000001  0.004625689619418463  2.247992919299027e-05
91.15  0.004625688238957131  2.246659616681751e-05
91.2  0.004625686868285909  2.245326921155463e-05
91.25  0.004625685507690791  2.2439948059592434e-05
91.30000000000001  0.004625684157429024  2.2426632626533758e-05
91.35000000000001  0.004625682817707517  2.2413323008261252e-05
91.4  0.004625681488698415  2.2400019467566796e-05
91.45  0.0046256801705160545  2.2386722406501663e-05
91.5  0.004625678863199895  2.237343233714518e-05
91.55000000000001  0.004625677566682933  2.236014983799454e-05
91.60000000000001  0.004625676280743005  2.234687553464983e-05
91.65  0.0046256750049576256  2.233361008480444e-05
91.7  0.004625673738649307  2.2320354183110913e-05
91.75  0.0046256724808623716  2.230710857793601e-05
91.80000000000001  0.004625671230343668  2.229387410743819e-05
91.85000000000001  0.0046256699855642975  2.2280651736376367e-05
91.9  0.004625668744773572  2.226744258919946e-05
91.95  0.004625667506078936  2.225424793760102e-05
92.0  0.004625666267549677  2.224106917968489e-05
92.05000000000001  0.004625665027317882  2.222790775782801e-05
92.10000000000001  0.00462566378369667  2.221476505022253e-05
92.15  0.004625662535263868  2.2201642239885022e-05
92.2  0.0046256612809372636  2.2188540177695527e-05
92.25  0.004625660020016048  2.2175459250781843e-05
92.30000000000001  0.004625658752212202  2.2162399306269838e-05
92.35000000000001  0.004625657477645524  2.214935960391409e-05
92.4  0.004625656196818733  2.213633885275464e-05
92.45  0.004625654910586212  2.2123335288644713e-05
92.5  0.004625653620090202  2.211034682224617e-05
92.55000000000001  0.004625652326718832  2.2097371215139277e-05
92.60000000000001  0.004625651032028196  2.2084406281355395e-05
92.65  0.004625649737672476  2.2071450086399963e-05
92.7  0.0046256484453330304  2.205850113605417e-05
92.75  0.004625647156640689  2.2045558501129008e-05
92.80000000000001  0.0046256458731055335  2.2032621917122075e-05
92.85000000000001  0.004625644596050658  2.201969179532113e-05
92.9  0.004625643326543761  2.2006769196593714e-05
92.95  0.0046256420653483475  2.1993855726520728e-05
93.0  0.004625640812876774  2.1980953406266112e-05
93.05000000000001  0.0046256395691707955  2.1968064487384715e-05
93.10000000000001  0.004625638333896769  2.1955191272133446e-05
93.15  0.004625637106350134  2.1942335931735806e-05
93.2  0.004625635885487265  2.1929500338466252e-05
93.25  0.004625634669991607  2.1916685939523245e-05
93.30000000000001  0.004625633458329777  2.190389366947759e-05
93.35000000000001  0.004625632248839551  2.189112390022125e-05
93.4  0.004625631039823599  2.1878376463779004e-05
93.45  0.0046256298296473534  2.1865650701666948e-05
93.5  0.004625628616845541  2.185294555657612e-05
93.55000000000001  0.004625627400194805  2.184025968376937e-05
93.60000000000001  0.004625626178801646  2.182759159366546e-05
93.65  0.004625624952146608  2.1814939785114358e-05
93.7  0.004625623720124374  2.1802302857038902e-05
93.75  0.004625622483044  2.178967962995647e-05
93.80000000000001  0.0046256212416092984  2.177706921844686e-05
93.85000000000001  0.004625619996876896  2.1764471078597182e-05
93.9  0.004625618750181151  2.1751885008539932e-05
93.95  0.004625617503047996  2.1739311140685475e-05
94.0  0.004625616257099963  2.172674989030636e-05
94.05000000000001  0.004625615013954646  2.171420188544668e-05
94.10000000000001  0.00462561377511682  2.1701667882506923e-05
94.15  0.00462561254189138  2.1689148679920174e-05
94.2  0.004625611315308437  2.1676645035718354e-05
94.25  0.004625610096063397  2.166415757839583e-05
94.30000000000001  0.004625608884486548  2.1651686765519968e-05
94.35000000000001  0.004625607680542229  2.16392328305555e-05
94.4  0.004625606483844458  2.1626795770671562e-05
94.45  0.004625605293696471  2.1614375338913718e-05
94.5  0.004625604109161326  2.1601971076918135e-05
94.55000000000001  0.004625602929135672  2.1589582344825908e-05
94.60000000000001  0.004625601752436077  2.1577208377438853e-05
94.65  0.004625600577891652  2.1564848333355788e-05
94.7  0.004625599404420547  2.1552501352145027e-05
94.75  0.004625598231108392  2.1540166615713983e-05
94.80000000000001  0.004625597057266999  2.152784338135774e-05
94.85000000000001  0.004625595882468051  2.1515531025399922e-05
94.9  0.004625594706562878  2.150322906379461e-05
94.95  0.004625593529673875  2.1490937163068292e-05
95.0  0.0046255923521812585  2.147865514129e-05
95.05000000000001  0.004625591174666348  2.1466382951406772e-05
95.10000000000001  0.004625589997859362  2.1454120668939364e-05
95.15  0.004625588822584654  2.144186845556683e-05
95.2  0.004625587649678102  2.142962653995293e-05
95.25  0.004625586479937608  2.141739518687836e-05
95.30000000000001  0.004625585314044744  2.1405174665074778e-05
95.35000000000001  0.004625584152536698  2.1392965232118694e-05
95.4  0.004625582995758526  2.1380767112523015e-05
95.45  0.004625581843855239  2.1368580484467578e-05
95.5  0.004625580696755021  2.135640547578667e-05
95.55000000000001  0.004625579554191798  2.1344242164937186e-05
95.60000000000001  0.004625578415724231  2.1332090584039434e-05
95.65  0.004625577280778715  2.1319950725652634e-05
95.7  0.0046255761486864895  2.1307822563763554e-05
95.75  0.004625575018731185  2.129570605497834e-05
95.80000000000001  0.004625573890197966  2.1283601169573963e-05
95.85000000000001  0.0046255727624239466  2.1271507884330885e-05
95.9  0.004625571634829757  2.1259426216899205e-05
95.95  0.004625570506951813  2.124735621068346e-05
96.0  0.004625569378471323  2.1235297955205446e-05
96.05000000000001  0.004625568249211891  2.1223251576551525e-05
96.10000000000001  0.004625567119152876  2.121121724592349e-05
96.15  0.004625565988407094  2.1199195164669715e-05
96.2  0.00462556485721057  2.1187185552229908e-05
96.25  0.004625563725882248  2.117518864389185e-05
96.30000000000001  0.004625562594803965  2.1163204667365436e-05
96.35000000000001  0.004625561464380588  2.1151233851526205e-05
96.4  0.0046255603350040374  2.1139276397211835e-05
96.45  0.004625559207027223  2.1127332476870365e-05
96.5  0.004625558080735011  2.1115402228299208e-05
96.55000000000001  0.00462555695632094  2.1103485745453264e-05
96.60000000000001  0.004625555833877647  2.1091583088512693e-05
96.65  0.004625554713395062  2.1079694274627188e-05
96.7  0.004625553594766173  2.1067819291740407e-05
96.75  0.004625552477792243  2.1055958095728697e-05
96.80000000000001  0.004625551362204859  2.1044110622579656e-05
96.85000000000001  0.004625550247689467  2.1032276792165595e-05
96.9  0.004625549133914962  2.1020456516434964e-05
96.95  0.004625548020557004  2.1008649711353205e-05
97.0  0.004625546907321783  2.0996856295189764e-05
97.05000000000001  0.004625545793971913  2.0985076198061414e-05
97.10000000000001  0.0046255446803338445  2.0973309368858775e-05
97.15  0.004625543566317907  2.096155577329233e-05
97.2  0.004625542451910412  2.094981540131163e-05
97.25  0.004625541337174658  2.0938088268022013e-05
97.30000000000001  0.00462554022223981  2.0926374409300658e-05
97.35000000000001  0.004625539107280786  2.0914673883314195e-05
97.4  0.004625537992493572  2.0902986767817906e-05
97.45  0.004625536878078766  2.089131314990877e-05
97.5  0.0046255357642193875  2.0879653130442638e-05
97.55000000000001  0.0046255346510483035  2.086800681160385e-05
97.60000000000001  0.004625533538642817  2.0856374283652877e-05
97.65  0.004625532427002281  2.0844755628923757e-05
97.7  0.0046255313160514155  2.0833150904032632e-05
97.75  0.0046255302056328156  2.0821560137803588e-05
97.80000000000001  0.00462552909551406  2.0809983319501674e-05
97.85000000000001  0.0046255279854005345  2.0798420404945658e-05
97.9  0.00462552687495209  2.0786871313718225e-05
97.95  0.004625525763802353  2.0775335919040126e-05
98.0  0.004625524651570602  2.076381406707098e-05
98.05000000000001  0.0046255235378874346  2.0752305586053356e-05
98.10000000000001  0.004625522422408065  2.0740810287674812e-05
98.15  0.004625521304817512  2.072932798180211e-05
98.2  0.0046255201848375135  2.071785849703784e-05
98.25  0.004625519062227907  2.070640167506906e-05
98.30000000000001  0.004625517936772726  2.069495739945693e-05
98.35000000000001  0.004625516808268152  2.0683525586742705e-05
98.4  0.004625515676504818  2.0672106192177997e-05
98.45  0.004625514541248166  2.0660699213337348e-05
98.5  0.0046255134022093036  2.0649304681398907e-05
98.55000000000001  0.00462551225903708  2.063792263432237e-05
98.60000000000001  0.004625511111287614  2.0626553120377586e-05
98.65  0.004625509958415095  2.0615196163596233e-05
98.7  0.004625508799762623  2.0603851755063425e-05
98.75  0.004625507634559999  2.059251982394119e-05
98.80000000000001  0.004625506461929444  2.058120022459304e-05
98.85000000000001  0.004625505280886632  2.056989271785544e-05
98.9  0.004625504090362217  2.0558596966527184e-05
98.95  0.00462550288921329  2.0547312528897366e-05
99.0  0.004625501676244445  2.0536038854117275e-05
99.05000000000001  0.004625500450219731  2.0524775305501544e-05
99.10000000000001  0.004625499209893736  2.0513521160535112e-05
99.15  0.004625497954013824  2.050227561716803e-05
99.2  0.00462549668134772  2.0491037811457596e-05
99.25  0.004625495390705577  2.0479806811627387e-05
99.30000000000001  0.004625494080979514  2.0468581610656152e-05
99.35000000000001  0.004625492751182284  2.045736109047291e-05
99.4  0.004625491400520737  2.0446143990976237e-05
99.45  0.004625490028472195  2.0434928875891014e-05
99.5  0.004625488634870388  2.0423714130876423e-05
99.55000000000001  0.0046254872200078585  2.0412498012768875e-05
99.60000000000001  0.00462548578474064  2.040127876779148e-05
99.65  0.004625484330586042  2.0390054772663638e-05
99.7  0.004625482859801104  2.037882472540694e-05
99.75  0.004625481375438252  2.036758782288463e-05
99.80000000000001  0.004625479881326307  2.035634388741503e-05
99.85000000000001  0.004625478382006907  2.0345093458801383e-05
99.9  0.004625476882566636  2.0333837770434365e-05
99.95  0.0046254753884257494  2.0322578689351432e-05
100.0  0.004625473905031604  2.0311318550487918e-05
100.05000000000001  0.004625472437533008  2.030005996927e-05
100.10000000000001  0.004625470990412271  2.028880561758979e-05
100.15  0.004625469567144108  2.027755801394845e-05
100.2  0.0046254681698893515  2.0266319342407944e-05
100.25  0.004625466799291218  2.025509131574565e-05
100.30000000000001  0.004625465454354969  2.024387511522271e-05
100.35000000000001  0.004625464132476909  2.023267136568804e-05
100.4  0.004625462829575027  2.0221480194415696e-05
100.45  0.004625461540379944  2.0210301301357065e-05
100.5  0.004625460258798527  2.019913409314662e-05
100.55000000000001  0.004625458978359844  2.018797779662623e-05
100.60000000000001  0.004625457692689792  2.0176831581529597e-05
100.65  0.004625456395986076  2.0165694662715928e-05
100.7  0.004625455083434258  2.0154566373970147e-05
100.75  0.004625453751550868  2.0143446218112722e-05
100.80000000000001  0.004625452398392179  2.0132333875274504e-05
100.85000000000001  0.004625451023674142  2.012122919612212e-05
100.9  0.004625449628724052  2.0110132169997707e-05
100.95  0.0046254482163207615  2.00990428844457e-05
101.0  0.004625446790438727  2.0087961488721153e-05
101.05000000000001  0.004625445355894224  2.0076888153196376e-05
101.10000000000001  0.004625443917937506  2.0065823041574515e-05
101.15  0.004625442481849818  2.0054766300109083e-05
101.2  0.004625441052541472  2.0043718068120516e-05
101.25  0.004625439634208856  2.003267848019877e-05
101.30000000000001  0.0046254382300556065  2.0021647708926346e-05
101.35000000000001  0.004625436842114623  2.001062598085349e-05
101.4  0.004625435471169952  1.9999613597098773e-05
101.45  0.004625434116767768  1.9988610951645156e-05
101.5  0.0046254327773441635  1.9977618536773807e-05
101.55000000000001  0.004625431450401885  1.9966636922028524e-05
101.60000000000001  0.004625430132766143  1.995566673323808e-05
101.65  0.00462542882087078  1.9944708601743733e-05
101.7  0.004625427511041445  1.993376311863454e-05
101.75  0.004625426199785475  1.9922830770429653e-05
101.80000000000001  0.0046254248840288895  1.9911911887867408e-05
101.85000000000001  0.004625423561311234  1.9901006597021362e-05
101.9  0.004625422229919527  1.9890114781170894e-05
101.95  0.004625420888946637  1.9879236068399214e-05
102.0  0.004625419538286962  1.986836982625917e-05
102.05000000000001  0.004625418178575074  1.98575151997954e-05
102.10000000000001  0.0046254168110601394  1.984667114790959e-05
102.15  0.004625415437466783  1.98358365090098e-05
102.2  0.004625414059809006  1.9825010079301008e-05
102.25  0.004625412680214413  1.9814190690753597e-05
102.30000000000001  0.004625411300760057  1.9803377291879677e-05
102.35000000000001  0.004625409923312758  1.9792569020718703e-05
102.4  0.0046254085494133665  1.978176526351387e-05
102.45  0.004625407180198018  1.9770965693796026e-05
102.5  0.004625405816352308  1.976017029244702e-05
102.55000000000001  0.004625404458102866  1.97493793326305e-05
102.60000000000001  0.004625403105254214  1.9738593361164934e-05
102.65  0.004625401757246851  1.97278131507946e-05
102.7  0.004625400413242613  1.971703962583291e-05
102.75  0.004625399072216679  1.970627379699297e-05
102.80000000000001  0.004625397733057535  1.969551668585547e-05
102.85000000000001  0.0046253963946695665  1.9684769239112302e-05
102.9  0.004625395056058495  1.9674032274098777e-05
102.95  0.0046253937164041446  1.9663306424379212e-05
103.0  0.004625392375106025  1.9652592093565648e-05
103.05000000000001  0.004625391031820758  1.964188944767441e-05
103.10000000000001  0.004625389686468626  1.9631198408450675e-05
103.15  0.004625388339218347  1.962051868433549e-05
103.2  0.004625386990461328  1.9609849794721992e-05
103.25  0.004625385640771657  1.9599191122915027e-05
103.30000000000001  0.004625384290847743  1.9588541974208103e-05
103.35000000000001  0.004625382941468536  1.9577901628870688e-05
103.4  0.004625381593429552  1.9567269402210193e-05
103.45  0.004625380247502236  1.955664469132259e-05
103.5  0.004625378904386305  1.9546027019531664e-05
103.55000000000001  0.0046253775646755944  1.9535416063084693e-05
103.60000000000001  0.004625376228846255  1.9524811664731755e-05
103.65  0.0046253748972396504  1.951421382354542e-05
103.7  0.004625373570064508  1.9503622689952877e-05
103.75  0.0046253722474050765  1.949303854080807e-05
103.80000000000001  0.004625370929236072  1.948246173350927e-05
103.85000000000001  0.004625369615457028  1.94718926797585e-05
103.9  0.004625368305896329  1.9461331790085294e-05
103.95  0.004625367000350192  1.945077943922295e-05
104.0  0.004625365698602015  1.9440235933462156e-05
104.05000000000001  0.004625364400441816  1.942970147402708e-05
104.10000000000001  0.0046253631056855865  1.941917615026033e-05
104.15  0.004625361814187805  1.9408659930965446e-05
104.2  0.004625360525854344  1.939815267317556e-05
104.25  0.004625359240636279  1.9387654120502842e-05
104.30000000000001  0.004625357958533428  1.9377163950241642e-05
104.35000000000001  0.004625356679591474  1.936668178672968e-05
104.4  0.004625355403889177  1.9356207239048075e-05
104.45  0.004625354131541113  1.9345739936267584e-05
104.5  0.004625352862674027  1.9335279559114163e-05
104.55000000000001  0.004625351597426296  1.9324825859956796e-05
104.60000000000001  0.004625350335934899  1.9314378684602476e-05
104.65  0.0046253490783202044  1.9303937982214043e-05
104.7  0.004625347824686506  1.9293503798610854e-05
104.75  0.0046253465751198986  1.9283076275538326e-05
104.80000000000001  0.004625345329675698  1.9272655629363372e-05
104.85000000000001  0.004625344088380596  1.9262242126357937e-05
104.9  0.004625342851238714  1.9251836053103937e-05
104.95  0.004625341618229022  1.9241437693561504e-05
105.0  0.004625340389311439  1.923104730006704e-05
105.05000000000001  0.004625339164435968  1.9220665072577965e-05
105.10000000000001  0.004625337943542723  1.9210291130156408e-05
105.15  0.004625336726573448  1.919992550913153e-05
105.2  0.004625335513477445  1.9189568162025035e-05
105.25  0.004625334304215804  1.9179218963218732e-05
105.30000000000001  0.004625333098756665  1.916887772008424e-05
105.35000000000001  0.004625331897087678  1.9158544186656697e-05
105.4  0.0046253306992054925  1.914821810563926e-05
105.45  0.004625329505123848  1.9137899219853503e-05
105.5  0.004625328314858139  1.9127587292914053e-05
105.55000000000001  0.004625327128415525  1.9117282149444145e-05
105.60000000000001  0.004625325945806194  1.9106983681147506e-05
105.65  0.004625324767015611  1.9096691864138505e-05
105.7  0.004625323592008405  1.9086406757216464e-05
105.75  0.004625322420721988  1.9076128507776067e-05
105.80000000000001  0.004625321253060136  1.906585733561483e-05
105.85000000000001  0.00462532008888835  1.905559351818268e-05
105.9  0.004625318928041248  1.904533736492898e-05
105.95  0.004625317770315833  1.9035089203881295e-05
106.0  0.0046253166154778605  1.9024849351681976e-05
106.05000000000001  0.0046253154632714755  1.9014618089396686e-05
106.10000000000001  0.004625314313425758  1.9004395642010306e-05
106.15  0.004625313165652853  1.899418216866526e-05
106.2  0.004625312019676251  1.8983977749115996e-05
106.25  0.004625310875219878  1.8973782387109004e-05
106.30000000000001  0.004625309732027979  1.8963596004736674e-05
106.35000000000001  0.0046253085898637775  1.895341847394287e-05
106.4  0.0046253074485249485  1.8943249615031385e-05
106.45  0.004625306307841548  1.8933089215859398e-05
106.5  0.004625305167680765  1.892293706910061e-05
106.55000000000001  0.00462530402794212  1.8912792990104216e-05
106.60000000000001  0.004625302888567386  1.8902656837725015e-05
106.65  0.004625301749528989  1.8892528532434393e-05
106.7  0.004625300610833541  1.88824080714568e-05
106.75  0.004625299472512967  1.8872295538685807e-05
106.80000000000001  0.004625298334619863  1.886219109698709e-05
106.85000000000001  0.00462529719722056  1.8852095000934574e-05
106.9  0.0046252960603936815  1.8842007561559e-05
106.95  0.0046252949242155065  1.8831929139808098e-05
107.0  0.004625293788759265  1.8821860127452215e-05
107.05000000000001  0.0046252926540910205  1.8811800911809285e-05
107.10000000000001  0.0046252915202636665  1.8801751856998737e-05
107.15  0.0046252903873138405  1.8791713270237284e-05
107.2  0.004625289255262982  1.8781685393247306e-05
107.25  0.004625288124121814  1.8771668383410688e-05
107.30000000000001  0.0046252869938898395  1.8761662290301152e-05
107.35000000000001  0.004625285864566325  1.875166706654075e-05
107.4  0.004625284736159018  1.874168257096852e-05
107.45  0.004625283608685313  1.8731708586093142e-05
107.5  0.004625282482180361  1.8721744825717276e-05
107.55000000000001  0.004625281356710526  1.871179097053107e-05
107.60000000000001  0.004625280232369326  1.8701846696522623e-05
107.65  0.004625279109285237  1.8691911690822894e-05
107.7  0.004625277987625041  1.8681985705621075e-05
107.75  0.0046252768675828625  1.867206855738969e-05
107.80000000000001  0.004625275749376152  1.8662160156100376e-05
107.85000000000001  0.00462527463324563  1.8652260518542513e-05
107.9  0.004625273519426492  1.8642369762853022e-05
107.95  0.004625272408146419  1.8632488105864436e-05
108.0  0.004625271299615086  1.8622615845563035e-05
108.05000000000001  0.00462527019400252  1.861275333701164e-05
108.10000000000001  0.00462526909143394  1.8602900968627838e-05
108.15  0.004625267991982908  1.859305912806959e-05
108.2  0.004625266895663999  1.858322816730693e-05
108.25  0.004625265802432624  1.857340837620715e-05
108.30000000000001  0.004625264712193383  1.8563599965014405e-05
108.35000000000001  0.004625263624811322  1.855380303396291e-05
108.4  0.004625262540109641  1.8544017569972337e-05
108.45  0.0046252614579005945  1.8534243452028416e-05
108.5  0.004625260377996641  1.8524480457725235e-05
108.55000000000001  0.0046252593002186655  1.8514728280637368e-05
108.60000000000001  0.004625258224421934  1.8504986559405978e-05
108.65  0.00462525715050654  1.8495254905900714e-05
108.7  0.004625256078420554  1.8485532934305617e-05
108.75  0.0046252550081778195  1.8475820298952257e-05
108.80000000000001  0.004625253939843745  1.846611671938677e-05
108.85000000000001  0.004625252873544454  1.845642200017521e-05
108.9  0.004625251809453367  1.8446736052160884e-05
108.95  0.0046252507477750945  1.843705889410617e-05
109.0  0.004625249688738401  1.8427390647360202e-05
109.05000000000001  0.0046252486325802  1.8417731527796597e-05
109.10000000000001  0.004625247579520177  1.840808182619476e-05
109.15  0.004625246529749324  1.839844187271956e-05
109.2  0.004625245483423486  1.8388812025860338e-05
109.25  0.004625244440643722  1.8379192629937088e-05
109.30000000000001  0.004625243401449789  1.836958399045046e-05
109.35000000000001  0.004625242365823869  1.835998634666604e-05
109.4  0.004625241333687289  1.8350399861053223e-05
109.45  0.004625240304909563  1.8340824595044665e-05
109.5  0.004625239279315398  1.833126052014506e-05
109.55000000000001  0.00462523825669915  1.8321707515538042e-05
109.60000000000001  0.004625237236839335  1.8312165380673413e-05
109.65  0.004625236219511117  1.8302633861046254e-05
109.7  0.00462523520450409  1.8293112663316667e-05
109.75  0.004625234191629445  1.8283601482684058e-05
109.80000000000001  0.0046252331807297925  1.827410004235544e-05
109.85000000000001  0.004625232171684785  1.826460809816638e-05
109.9  0.0046252311644154965  1.8255125477073556e-05
109.95  0.004625230158875143  1.8245652092473923e-05
110.0  0.004625229155044038  1.8236187937431195e-05
110.05000000000001  0.004625228152923968  1.822673310440672e-05
110.10000000000001  0.004625227152518438  1.821728776596401e-05
110.15  0.004625226153821062  1.8207852169342623e-05
110.2  0.004625225156800411  1.819842661419828e-05
110.25  0.004625224161388858  1.8189011438519895e-05
110.30000000000001  0.004625223167471123  1.817960697605737e-05
110.35000000000001  0.004625222174882624  1.8170213555313736e-05
110.4  0.004625221183402154  1.816083145648182e-05
110.45  0.0046252201927566815  1.815146090718988e-05
110.5  0.004625219202635448  1.8142102064541006e-05
110.55000000000001  0.004625218212694368  1.8132755004707057e-05
110.60000000000001  0.004625217222566565  1.8123419728337545e-05
110.65  0.004625216231892427  1.8114096164524487e-05
110.7  0.004625215240318942  1.8104784182215807e-05
110.75  0.004625214247533649  1.8095483612446986e-05
110.80000000000001  0.004625213253264316  1.8086194259617204e-05
110.85000000000001  0.004625212257301219  1.8076915929639938e-05
110.9  0.00462521125949128  1.80676484385e-05
110.95  0.004625210259750021  1.8058391639907447e-05
111.0  0.00462520925805336  1.8049145430523557e-05
111.05000000000001  0.004625208254431097  1.803990975794566e-05
111.10000000000001  0.0046252072489540025  1.8030684628336894e-05
111.15  0.00462520624172795  1.8021470088979183e-05
111.2  0.004625205232869851  1.8012266235364544e-05
111.25  0.004625204222511619  1.80030731846024e-05
111.30000000000001  0.004625203210766121  1.799389107839898e-05
111.35000000000001  0.0046252021977353595  1.7984720051227115e-05
111.4  0.004625201183498319  1.79755602263882e-05
111.45  0.004625200168113627  1.7966411706688026e-05
111.5  0.004625199151613685  1.7957274560353193e-05
111.55000000000001  0.004625198134011467  1.7948148817147e-05
111.60000000000001  0.004625197115308044  1.7939034471821867e-05
111.65  0.0046251960954967536  1.7929931494573137e-05
111.7  0.004625195074574498  1.792083982813268e-05
111.75  0.004625194052541111  1.7911759403601734e-05
111.80000000000001  0.004625193029410234  1.7902690145896424e-05
111.85000000000001  0.004625192005213314  1.789363199127822e-05
111.9  0.00462519097999332  1.7884584888718465e-05
111.95  0.004625189953812213  1.7875548810273377e-05
112.0  0.004625188926738401  1.786652375203506e-05
112.05000000000001  0.0046251878988451695  1.7857509736046784e-05
112.10000000000001  0.0046251868702127065  1.7848506795975448e-05
112.15  0.004625185840908558  1.7839514983820914e-05
112.2  0.004625184811001844  1.7830534345745403e-05
112.25  0.004625183780548457  1.7821564920777547e-05
112.30000000000001  0.004625182749591681  1.7812606728888937e-05
112.35000000000001  0.00462518171817153  1.7803659763292127e-05
112.4  0.004625180686313759  1.7794723982754697e-05
112.45  0.004625179654049684  1.7785799310859376e-05
112.5  0.004625178621409981  1.7776885633873262e-05
112.55000000000001  0.004625177588436582  1.776798281353629e-05
112.60000000000001  0.0046251765551871965  1.7759090684203687e-05
112.65  0.00462517552173476  1.7750209069103715e-05
112.7  0.004625174488179022  1.7741337794205607e-05
112.75  0.004625173454633563  1.773247669563235e-05
112.80000000000001  0.004625172421238407  1.7723625633515256e-05
112.85000000000001  0.004625171388144101  1.7714784492122867e-05
112.9  0.004625170355511224  1.770595319600392e-05
112.95  0.004625169323501976  1.7697131707401147e-05
113.0  0.004625168292271155  1.7688320021907507e-05
113.05000000000001  0.004625167261965726  1.7679518160550035e-05
113.10000000000001  0.004625166232714225  1.767072616725407e-05
113.15  0.0046251652046197245  1.766194408713631e-05
113.2  0.004625164177762795  1.7653171955167128e-05
113.25  0.004625163152200146  1.7644409783615063e-05
113.30000000000001  0.004625162127965999  1.7635657549227964e-05
113.35000000000001  0.004625161105077125  1.7626915186288288e-05
113.4  0.0046251600835386444  1.761818257373684e-05
113.45  0.004625159063351987  1.760945953567946e-05
113.5  0.0046251580445221185  1.7600745842365554e-05
113.55000000000001  0.004625157027068942  1.7592041221861933e-05
113.60000000000001  0.004625156011021251  1.7583345369462275e-05
113.65  0.004625154996430839  1.7574657958544576e-05
113.7  0.004625153983373634  1.7565978666997837e-05
113.75  0.004625152971938979  1.7557307188415487e-05
113.80000000000001  0.00462515196223519  1.7548643263817672e-05
113.85000000000001  0.004625150954376616  1.753998668231966e-05
113.9  0.004625149948477657  1.7531337307124884e-05
113.95  0.004625148944636789  1.7522695077644692e-05
114.0  0.004625147942936177  1.7514060014223414e-05
114.05000000000001  0.0046251469434193055  1.7505432221279407e-05
114.10000000000001  0.004625145946086097  1.7496811865973453e-05
114.15  0.004625144950887124  1.748819917011914e-05
114.2  0.004625143957716413  1.747959439447203e-05
114.25  0.004625142966410345  1.7470997803190218e-05
114.30000000000001  0.004625141976748945  1.7462409659507048e-05
114.35000000000001  0.004625140988466085  1.7453830174816922e-05
114.4  0.0046251400012587785  1.7445259520298914e-05
114.45  0.004625139014795704  1.743669778354503e-05
114.5  0.004625138028737158  1.7428144974978894e-05
114.55000000000001  0.004625137042748616  1.741960102207568e-05
114.60000000000001  0.0046251360565143715  1.7411065770390707e-05
114.65  0.0046251350697550965  1.740253899756899e-05
114.7  0.0046251340822321355  1.7394020436137046e-05
114.75  0.004625133093758389  1.7385509787881126e-05
114.80000000000001  0.004625132104214598  1.737700676190858e-05
114.85000000000001  0.0046251311135277915  1.7368511095488238e-05
114.9  0.004625130121683221  1.7360022576386164e-05
114.95  0.004625129128712175  1.735154106897927e-05
115.0  0.004625128134675024  1.7343066518389145e-05
115.05000000000001  0.0046251271396533615  1.7334598976654748e-05
115.10000000000001  0.004625126143742296  1.7326138576768783e-05
115.15  0.004625125147020723  1.7317685537410405e-05
115.2  0.004625124149554991  1.730924014243752e-05
115.25  0.004625123151387096  1.7300802715595864e-05
115.30000000000001  0.00462512215252397  1.7292373588350834e-05
115.35000000000001  0.004625121152940564  1.728395307499559e-05
115.4  0.00462512015257899  1.7275541437164566e-05
115.45  0.004625119151357883  1.726713886337285e-05
115.5  0.004625118149174651  1.7258745444860316e-05
115.55000000000001  0.0046251171459213035  1.7250361159918746e-05
115.60000000000001  0.0046251161414919886  1.724198587069959e-05
115.65  0.004625115135796059  1.7233619332369924e-05
115.7  0.004625114128768789  1.7225261197937708e-05
115.75  0.0046251131203787245  1.7216911046466477e-05
115.80000000000001  0.0046251121106292365  1.7208568401858433e-05
115.85000000000001  0.00462511109956737  1.720023277762857e-05
115.9  0.004625110087274475  1.7191903698127163e-05
115.95  0.004625109073865335  1.7183580731621545e-05
116.0  0.004625108059481988  1.7175263523439375e-05
116.05000000000001  0.004625107044285337  1.7166951822878183e-05
116.10000000000001  0.004625106028442624  1.7158645487398965e-05
116.15  0.004625105012121192  1.7150344501028477e-05
116.2  0.004625103995479182  1.7142048962183415e-05
116.25  0.004625102978658148  1.7133759089097684e-05
116.30000000000001  0.004625101961780987  1.7125475186095235e-05
116.35000000000001  0.004625100944946508  1.711719762121023e-05
116.4  0.004625099928239495  1.710892680756596e-05
116.45  0.00462509891172286  1.710066315569748e-05
116.5  0.00462509789545676  1.709240705700781e-05
116.55000000000001  0.004625096879504014  1.7084158838983146e-05
116.60000000000001  0.004625095863949751  1.707591874765398e-05
116.65  0.004625094848905919  1.706768692348056e-05
116.7  0.004625093834545671  1.7059463377991333e-05
116.75  0.004625092821109527  1.7051247995225653e-05
116.80000000000001  0.004625091808925311  1.7043040511905675e-05
116.85000000000001  0.004625090798421321  1.7034840529490786e-05
116.9  0.004625089790140826  1.702664750202321e-05
116.95  0.004625088784740638  1.70184607488804e-05
117.0  0.004625087782988424  1.7010279465212458e-05
117.05000000000001  0.004625086785740676  1.7002102736458596e-05
117.10000000000001  0.004625085793921093  1.6993929557171784e-05
117.15  0.0046250848084583044  1.698575889068226e-05
117.2  0.004625083830236356  1.6977589724546492e-05
117.25  0.004625082860016529  1.6969421170789125e-05
117.30000000000001  0.004625081898359296  1.6961252570454862e-05
117.35000000000001  0.004625080945553847  1.69530836211667e-05
117.4  0.004625080001558355  1.6944914505764646e-05
117.45  0.004625079065978566  1.693674598330706e-05
117.5  0.004625078138066839  1.6928579441433214e-05
117.55000000000001  0.004625077216768703  1.692041688183927e-05
117.60000000000001  0.004625076300804356  1.6912260832975973e-05
117.65  0.004625075388760266  1.6904114183874574e-05
117.7  0.0046250744792051025  1.6895979949768298e-05
117.75  0.004625073570792726  1.6887861002875685e-05
117.80000000000001  0.004625072662334435  1.6879759777261063e-05
117.85000000000001  0.00462507175287901  1.687167800181047e-05
117.9  0.00462507084173799  1.6863616463288028e-05
117.95  0.0046250699285060575  1.6855574888599233e-05
118.0  0.004625069013036278  1.6847551883605286e-05
118.05000000000001  0.004625068095432246  1.6839544995714508e-05
118.10000000000001  0.004625067176017351  1.6831550897359853e-05
118.15  0.004625066255301459  1.6823565626107263e-05
118.2  0.004625065333951113  1.6815584927690906e-05
118.25  0.004625064412779442  1.680760460762425e-05
118.30000000000001  0.004625063492717867  1.679962088002446e-05
118.35000000000001  0.004625062574803884  1.6791630701723983e-05
118.4  0.004625061660167117  1.6783632017097123e-05
118.45  0.00462506074999945  1.6775623935312847e-05
118.5  0.004625059845530509  1.6767606790080873e-05
118.55000000000001  0.0046250589479833555  1.6759582087495165e-05
118.60000000000001  0.004625058058518445  1.675155236892618e-05
118.65  0.004625057178168213  1.6743520982471647e-05
118.7  0.004625056307784127  1.6735491781710794e-05
118.75  0.00462505544794917  1.6727468806396075e-05
118.80000000000001  0.004625054598937844  1.6719455949356606e-05
118.85000000000001  0.00462505376065906  1.671145663974423e-05
118.9  0.004625052932632257  1.6703473597611607e-05
118.95  0.004625052113993651  1.669550863091313e-05
119.0  0.004625051303522851  1.668756252894557e-05
119.05000000000001  0.004625050499690633  1.667963504017921e-05
119.10000000000001  0.004625049700755504  1.6671724941992182e-05
119.15  0.004625048904854316  1.666383017007501e-05
119.2  0.004625048110131002  1.665594802260733e-05
119.25  0.004625047314853611  1.664807539844465e-05
119.30000000000001  0.0046250465175354805  1.6640209049404608e-05
119.35000000000001  0.004625045717043539  1.663234583434756e-05
119.4  0.004625044912684229  1.662448295131321e-05
119.45  0.004625044104242871  1.6616618117777914e-05
119.5  0.0046250432920169355  1.660874970364815e-05
119.55000000000001  0.004625042476792936  1.6600876812555406e-05
119.60000000000001  0.004625041659783823  1.6592999281556122e-05
119.65  0.004625040842549569  1.6585117625255342e-05
119.7  0.004625040026872902  1.6577232948222876e-05
119.75  0.004625039214631969  1.6569346794996972e-05
119.80000000000001  0.004625038407657958  1.6561460983820506e-05
119.85000000000001  0.004625037607593875  1.6553577440777542e-05
119.9  0.0046250368157768045  1.654569802406458e-05
119.95  0.004625036033131129  1.653782437901093e-05
120.0  0.004625035260095552  1.6529957820698278e-05
120.05000000000001  0.004625034496598913  1.6522099260484406e-05
120.10000000000001  0.004625033742054415  1.6514249158282346e-05
120.15  0.00462503299540713  1.6506407534466013e-05
120.2  0.004625032255212227  1.6498574002363504e-05
120.25  0.004625031519736145  1.6490747854100275e-05
120.30000000000001  0.00462503078708917  1.6482928145589718e-05
120.35000000000001  0.0046250300553548  1.6475113798125343e-05
120.4  0.00462502932272812  1.6467303719553505e-05
120.45  0.004625028587640648  1.6459496891569414e-05
120.5  0.004625027848857964  1.6451692458162715e-05
120.55000000000001  0.004625027105564334  1.6443889782733643e-05
120.60000000000001  0.004625026357397358  1.643608848125958e-05
120.65  0.004625025604457158  1.64282884406893e-05
120.7  0.004625024847269114  1.6420489797145552e-05
120.75  0.004625024086732147  1.6412692906455593e-05
120.80000000000001  0.00462502332402485  1.6404898289741257e-05
120.85000000000001  0.004625022560504795  1.6397106585036233e-05
120.9  0.004625021797590532  1.638931848026859e-05
120.95  0.004625021036651099  1.6381534662564796e-05
121.0  0.0046250202789063135  1.6373755756381427e-05
121.05000000000001  0.004625019525333783  1.6365982311162333e-05
121.10000000000001  0.0046250187766152615  1.6358214750913573e-05
121.15  0.004625018033099646  1.6350453388337515e-05
121.2  0.004625017294792846  1.634269840880994e-05
121.25  0.004625016561382257  1.633494989637897e-05
121.30000000000001  0.004625015832282976  1.6327207856360326e-05
121.35000000000001  0.004625015106707948  1.6319472233724483e-05
121.4  0.004625014383737584  1.6311742944630936e-05
121.45  0.004625013662415152  1.630401989139823e-05
121.5  0.004625012941825179  1.6296302995678496e-05
121.55000000000001  0.004625012221175159  1.628859220530466e-05
121.60000000000001  0.004625011499851518  1.6280887495456147e-05
121.65  0.004625010777481717  1.6273188874802508e-05
121.7  0.004625010053955425  1.6265496373359717e-05
121.75  0.004625009329427282  1.6257810041992017e-05
121.80000000000001  0.004625008604311584  1.6250129924088142e-05
121.85000000000001  0.0046250078792512425  1.6242456059598416e-05
121.9  0.004625007155062541  1.6234788472364453e-05
121.95  0.004625006432693743  1.6227127148479275e-05
122.0  0.004625005713148099  1.621947205426343e-05
122.05000000000001  0.004625004997428501  1.6211823134373286e-05
122.10000000000001  0.0046250042864676025  1.620418031498758e-05
122.15  0.004625003581085554  1.6196543515798325e-05
122.2  0.004625002881939569  1.618891265941961e-05
122.25  0.004625002189493174  1.6181287697199044e-05
122.30000000000001  0.004625001504007809  1.617366861119424e-05
122.35000000000001  0.004625000825535446  1.6166055427092665e-05
122.4  0.004625000153944849  1.615844821898757e-05
122.45  0.004624999488931164  1.6150847111141354e-05
122.5  0.004624998830061898  1.6143252266671427e-05
122.55000000000001  0.004624998176814472  1.6135663883730014e-05
122.60000000000001  0.004624997528627199  1.6128082175664757e-05
122.65  0.004624996884941541  1.612050735881683e-05
122.7  0.004624996245240155  1.6112939628214284e-05
122.75  0.004624995609088803  1.6105379145929275e-05
122.80000000000001  0.0046249949761603725  1.609782601706546e-05
122.85000000000001  0.0046249943462538  1.6090280283050936e-05
122.9  0.0046249937192944495  1.6082741918651643e-05
122.95  0.00462499309534363  1.6075210816611514e-05
123.0  0.004624992474574218  1.6067686814288236e-05
123.05000000000001  0.0046249918572586635  1.6060169685332848e-05
123.10000000000001  0.004624991243736111  1.6052659178345068e-05
123.15  0.004624990634385177  1.604515500947517e-05
123.2  0.004624990029587432  1.6037656907579784e-05
123.25  0.004624989429700009  1.6030164624458248e-05
123.30000000000001  0.004624988835025241  1.602267795879245e-05
123.35000000000001  0.004624988245781064  1.6015196765045912e-05
123.4  0.004624987662086462  1.6007720970666155e-05
123.45  0.004624987083954451  1.6000250582394525e-05
123.5  0.004624986511274608  1.5992785677603762e-05
123.55000000000001  0.004624985943824146  1.5985326403659445e-05
123.60000000000001  0.004624985381273778  1.59778729527755e-05
123.65  0.004624984823199597  1.5970425551378178e-05
123.7  0.004624984269094005  1.596298443650125e-05
123.75  0.0046249837183946745  1.5955549827036956e-05
123.80000000000001  0.004624983170493708  1.5948121904892875e-05
123.85000000000001  0.004624982624764918  1.594070079498499e-05
123.9  0.0046249820805785435  1.5933286552318415e-05
123.95  0.004624981537313526  1.5925879148255647e-05
124.0  0.004624980994369508  1.5918478469064898e-05
124.05000000000001  0.004624980451177418  1.5911084328863314e-05
124.10000000000001  0.004624979907193588  1.590369646611089e-05
124.15  0.004624979361900988  1.5896314574016123e-05
124.2  0.004624978814800807  1.5888938318185725e-05
124.25  0.004624978265402568  1.5881567362932232e-05
124.30000000000001  0.004624977713208871  1.5874201397253232e-05
124.35000000000001  0.004624977157702267  1.5866840154352488e-05
124.4  0.004624976598316659  1.5859483436462335e-05
124.45  0.004624976034440184  1.5852131128604116e-05
124.5  0.004624975465383397  1.584478320328339e-05
124.55000000000001  0.0046249748903702415  1.5837439721322157e-05
124.60000000000001  0.004624974308526218  1.583010082951692e-05
124.65  0.004624973718875821  1.582276674516778e-05
124.7  0.004624973120333369  1.5815437722986624e-05
124.75  0.004624972511708972  1.580811405706869e-05
124.80000000000001  0.0046249718917099215  1.580079603484002e-05
124.85000000000001  0.004624971258958029  1.5793483919648767e-05
124.9  0.0046249706120042155  1.5786177913070087e-05
124.95  0.004624969949348673  1.5778878140283536e-05
125.0  0.004624969269479206  1.5771584611523903e-05
125.05000000000001  0.004624968570922941  1.5764297195287792e-05
125.10000000000001  0.004624967852306607  1.5757015565417538e-05
125.15  0.00462496711244814  1.5749739150880013e-05
125.2  0.004624966350447843  1.5742467071671215e-05
125.25  0.004624965565781224  1.573519807908443e-05
125.30000000000001  0.004624964758370125  1.572793054584255e-05
125.35000000000001  0.004624963928662957  1.5720662515428913e-05
125.4  0.004624963077688519  1.5713391838160324e-05
125.45  0.0046249622070921505  1.5706116378826364e-05
125.5  0.004624961319185515  1.5698834261020246e-05
125.55000000000001  0.00462496041695081  1.5691544113627157e-05
125.60000000000001  0.004624959504023406  1.568424528528833e-05
125.65  0.00462495858462633  1.5676937978263172e-05
125.7  0.0046249576634534075  1.566962328470233e-05
125.75  0.00462495674547699  1.5662303127570083e-05
125.80000000000001  0.004624955835707974  1.565498010892472e-05
125.85000000000001  0.00462495493889556  1.56476572923304e-05
125.9  0.004624954059211583  1.5640337936985516e-05
125.95  0.004624953199910639  1.5633025233947057e-05
126.0  0.004624952363058763  1.562572207211364e-05
126.05000000000001  0.004624951549298737  1.561843086396629e-05
126.10000000000001  0.0046249507577422015  1.5611153414671544e-05
126.15  0.004624949985953442  1.560389089520067e-05
126.2  0.0046249492300997445  1.559664384796318e-05
126.25  0.00462494848517912  1.5589412276942226e-05
126.30000000000001  0.0046249477453919495  1.5582195755327042e-05
126.35000000000001  0.0046249470045683335  1.5574993566502987e-05
126.4  0.0046249462566374695  1.5567804831820135e-05
126.45  0.004624945496096126  1.5560628641280623e-05
126.5  0.004624944718427849  1.5553464148162476e-05
126.55000000000001  0.004624943920445659  1.554631063630964e-05
126.60000000000001  0.0046249431005137755  1.5539167554537293e-05
126.65  0.004624942258652719  1.5532034520825627e-05
126.7  0.004624941396505098  1.5524911308362918e-05
126.75  0.004624940517163358  1.551779781335133e-05
126.80000000000001  0.004624939624900967  1.5510694021611857e-05
126.85000000000001  0.004624938724807546  1.550359997041446e-05
126.9  0.00462493782237935  1.549651572797353e-05
126.95  0.004624936923091888  1.548944138357907e-05
127.0  0.004624936031994268  1.5482377046305065e-05
127.05000000000001  0.00462493515335715  1.547532285397088e-05
127.10000000000001  0.004624934290390579  1.546827900106974e-05
127.15  0.004624933445079392  1.546124574720395e-05
127.2  0.004624932618099528  1.5454223436393964e-05
127.25  0.00462493180885583  1.5447212511497674e-05
127.30000000000001  0.004624931015620656  1.544021348573822e-05
127.35000000000001  0.004624930235730277  1.5433226936736123e-05
127.4  0.004624929465860336  1.5426253454972848e-05
127.45  0.00462492870232161  1.541929359963289e-05
127.5  0.004624927941375421  1.5412347835334833e-05
127.55000000000001  0.004624927179504985  1.5405416475554956e-05
127.60000000000001  0.0046249264136758  1.5398499620941574e-05
127.65  0.004624925641510184  1.5391597114556424e-05
127.7  0.00462492486142769  1.5384708525881687e-05
127.75  0.004624924072679606  1.5377833128749347e-05
127.80000000000001  0.004624923275340316  1.5370969928819983e-05
127.85000000000001  0.004624922470230952  1.5364117706164894e-05
127.9  0.004624921658783988  1.5357275063350754e-05
127.95  0.0046249208428886645  1.5350440524960115e-05
128.0  0.00462492002470211  1.5343612606563993e-05
128.05  0.004624919206473063  1.5336789926207104e-05
128.1  0.004624918390357906  1.5329971272719575e-05
128.15  0.004624917578278726  1.532315570479596e-05
128.20000000000002  0.004624916771788699  1.531634259302826e-05
128.25  0.004624915972002975  1.5309531674013723e-05
128.3  0.00462491517954643  1.5302723053151515e-05
128.35  0.004624914394555511  1.5295917193564457e-05
128.4  0.004624913616693692  1.528911488426897e-05
128.45000000000002  0.004624912845229402  1.528231717447307e-05
128.5  0.0046249120791070145  1.5275525299753313e-05
128.55  0.0046249113170443645  1.5268740591333563e-05
128.6  0.004624910557633503  1.5261964381389726e-05
128.65  0.00462490979944071  1.5255197914681936e-05
128.70000000000002  0.004624909041097525  1.5248442270275956e-05
128.75  0.004624908281378563  1.5241698290093829e-05
128.8  0.0046249075192563265  1.5234966531774646e-05
128.85  0.004624906753938564  1.5228247237339866e-05
128.9  0.00462490598489052  1.5221540345298784e-05
128.95000000000002  0.004624905211830838  1.5214845503027553e-05
129.0  0.004624904434716701  1.5208162114433898e-05
129.05  0.00462490365370393  1.5201489399438766e-05
129.1  0.004624902869115549  1.5194826467256969e-05
129.15  0.004624902081385079  1.5188172386467134e-05
129.20000000000002  0.0046249012910124674  1.5181526276972013e-05
129.25  0.004624900498515045  1.5174887368400264e-05
129.3  0.00462489970437617  1.5168255073200684e-05
129.35  0.0046248989090266705  1.5161629012658103e-05
129.4  0.004624898112802377  1.5155009053312661e-05
129.45000000000002  0.004624897315936603  1.5148395316059924e-05
129.5  0.0046248965185478295  1.5141788145555622e-05
129.55  0.004624895720642739  1.5135188094007028e-05
129.6  0.004624894922122723  1.5128595848806693e-05
129.65  0.004624894122802092  1.512201220383433e-05
129.70000000000002  0.0046248933224198666  1.5115437972830403e-05
129.75  0.004624892520676346  1.5108873931039933e-05
129.8  0.004624891717249317  1.5102320763814295e-05
129.85  0.0046248909118166365  1.5095779006538858e-05
129.9  0.004624890104076812  1.508924901149413e-05
129.95000000000002  0.004624889293766763  1.5082730920181932e-05
130.0  0.004624888480680694  1.5076224671688608e-05
130.05  0.004624887664670915  1.5069730004482662e-05
130.1  0.004624886845670638  1.5063246481850416e-05
130.15  0.004624886023672819  1.5056773531076899e-05
130.20000000000002  0.004624885198746225  1.5050310494764157e-05
130.25  0.004624884371022862  1.5043856674402994e-05
130.3  0.004624883540682237  1.5037411397825152e-05
130.35  0.004624882707955214  1.5030974051398294e-05
130.4  0.0046248818731016465  1.5024544130332674e-05
130.45000000000002  0.004624881036411399  1.5018121279127373e-05
130.5  0.0046248801981770326  1.5011705292849095e-05
130.55  0.004624879358695284  1.5005296136915557e-05
130.6  0.004624878518253464  1.4998893935033623e-05
130.65  0.00462487767711425  1.4992498955251154e-05
130.70000000000002  0.004624876835519463  1.4986111576144237e-05
130.75  0.004624875993672601  1.4979732250932022e-05
130.8  0.004624875151742598  1.4973361464799436e-05
130.85  0.004624874309857786  1.4966999688101558e-05
130.9  0.004624873468100497  1.4960647339914992e-05
130.95000000000002  0.004624872626521774  1.4954304751169557e-05
131.0  0.004624871785123806  1.494797212866908e-05
131.05  0.004624870943889923  1.4941649537248834e-05
131.1  0.0046248701027700335  1.493533689578696e-05
131.15  0.0046248692617034525  1.4929033974819698e-05
131.20000000000002  0.0046248684206246764  1.4922740402297292e-05
131.25  0.00462486757947192  1.4916455700123028e-05
131.3  0.00462486673819904  1.4910179296990584e-05
131.35  0.004624865896780549  1.490391057899784e-05
131.4  0.0046248650552295515  1.4897648921971513e-05
131.45000000000002  0.00462486421359453  1.4891393729769733e-05
131.5  0.004624863371965621  1.4885144465804825e-05
131.55  0.004624862530480032  1.4878900684963443e-05
131.6  0.004624861689308925  1.4872662054459006e-05
131.65  0.004624860848658286  1.4866428358775456e-05
131.70000000000002  0.004624860008756249  1.4860199513827917e-05
131.75  0.004624859169845445  1.4853975550536005e-05
131.8  0.0046248583321671505  1.4847756598616253e-05
131.85  0.004624857495950454  1.4841542863797252e-05
131.9  0.0046248566613976356  1.4835334604640612e-05
131.95000000000002  0.004624855828678014  1.4829132088194288e-05
132.0  0.004624854997915975  1.4822935570396289e-05
132.05  0.004624854169183271  1.481674526227353e-05
132.1  0.004624853342499378  1.4810561304478126e-05
132.15  0.004624852517832539  1.480438374966605e-05
132.20000000000002  0.004624851695110977  1.4798212550465321e-05
132.25  0.004624850874224122  1.479204757091927e-05
132.3  0.004624850055034473  1.4785888573627477e-05
132.35  0.004624849237385997  1.4779735248777799e-05
132.4  0.004624848421126326  1.4773587228210562e-05
132.45000000000002  0.004624847606109785  1.4767444113004621e-05
132.5  0.004624846792205695  1.4761305496684868e-05
132.55  0.004624845979311068  1.4755170994204544e-05
132.6  0.004624845167357157  1.4749040264248596e-05
132.65  0.004624844356302343  1.4742913032449418e-05
132.70000000000002  0.00462484354614271  1.4736789108914713e-05
132.75  0.00462484273689474  1.4730668388830288e-05
132.8  0.004624841928602855  1.4724550856733825e-05
132.85  0.004624841121310659  1.4718436586007005e-05
132.9  0.004624840315071439  1.4712325723581217e-05
132.95000000000002  0.004624839509924806  1.4706218470132282e-05
133.0  0.00462483870589196  1.470011507336901e-05
133.05  0.004624837902967636  1.4694015791186177e-05
133.1  0.004624837101111415  1.468792088467145e-05
133.15  0.004624836300249749  1.46818305966674e-05
133.20000000000002  0.004624835500269471  1.467574512386291e-05
133.25  0.004624834701018373  1.466966462213785e-05
133.3  0.004624833902311675  1.4663589186118778e-05
133.35  0.004624833103943251  1.4657518854303301e-05
133.4  0.004624832305686208  1.4651453603665248e-05
133.45000000000002  0.004624831507310637  1.46453933632762e-05
133.5  0.004624830708588953  1.4639338018163057e-05
133.55  0.004624829909309411  1.4633287421754407e-05
133.6  0.004624829109284372  1.4627241419122419e-05
133.65  0.004624828308364031  1.4621199845979586e-05
133.70000000000002  0.004624827506435122  1.4615162553634503e-05
133.75  0.004624826703426841  1.460912941887938e-05
133.8  0.004624825899310174  1.4603100348349744e-05
133.85  0.004624825094103311  1.4597075296438683e-05
133.9  0.004624824287856936  1.4591054251966131e-05
133.95000000000002  0.004624823480652796  1.4585037253395305e-05
134.0  0.004624822672598321  1.4579024376401209e-05
134.05  0.004624821863810736  1.45730157241681e-05
134.1  0.004624821054407537  1.4567011435829893e-05
134.15  0.004624820244498422  1.4561011660311807e-05
134.20000000000002  0.0046248194341834085  1.4555016553847247e-05
134.25  0.004624818623535549  1.4549026266293925e-05
134.3  0.004624817812605582  1.4543040933659148e-05
134.35  0.004624817001415444  1.4537060678909386e-05
134.4  0.004624816189960265  1.4531085588331715e-05
134.45000000000002  0.0046248153782123096  1.4525115731537227e-05
134.5  0.004624814566122593  1.4519151139453115e-05
134.55  0.004624813753630087  1.4513191821527319e-05
134.6  0.004624812940668169  1.4507237757253091e-05
134.65  0.004624812127165421  1.4501288914501046e-05
134.70000000000002  0.004624811313060691  1.4495345246414667e-05
134.75  0.004624810498299568  1.4489406690773079e-05
134.8  0.004624809682844659  1.4483473190850913e-05
134.85  0.004624808866677429  1.4477544694773922e-05
134.9  0.004624808049793683  1.4471621147357149e-05
134.95000000000002  0.004624807232207338  1.4465702504138276e-05
135.0  0.004624806413945831  1.4459788722192895e-05
135.05  0.004624805595053407  1.4453879760464062e-05
135.1  0.004624804775586023  1.4447975582234174e-05
135.15  0.0046248039556075135  1.4442076140465752e-05
135.20000000000002  0.004624803135192205  1.4436181386586485e-05
135.25  0.0046248023144285135  1.4430291257350675e-05
135.3  0.004624801493414421  1.4424405678687654e-05
135.35  0.004624800672256133  1.44185245634634e-05
135.4  0.00462479985107976  1.4412647808117374e-05
135.45000000000002  0.004624799030018589  1.4406775311599209e-05
135.5  0.004624798209234289  1.4400906959584825e-05
135.55  0.004624797388898184  1.439504264096914e-05
135.6  0.0046247965692023715  1.4389182252965304e-05
135.65  0.004624795750355197  1.4383325699754846e-05
135.70000000000002  0.004624794932575481  1.4377472901766704e-05
135.75  0.00462479411608907  1.4371623786722405e-05
135.8  0.004624793301122513  1.4365778299050798e-05
135.85  0.004624792487904114  1.4359936394893443e-05
135.9  0.004624791676649561  1.4354098032028757e-05
135.95000000000002  0.004624790867563103  1.4348263163905227e-05
136.0  0.004624790060828582  1.4342431737914272e-05
136.05  0.004624789256614947  1.4336603674272113e-05
136.1  0.004624788455070429  1.4330778871433627e-05
136.15  0.004624787656328508  1.432495719686822e-05
136.20000000000002  0.004624786860507969  1.4319138482174973e-05
136.25  0.00462478606771578  1.4313322525687645e-05
136.3  0.004624785278051392  1.4307509098597338e-05
136.35  0.004624784491621575  1.4301697945194248e-05
136.4  0.004624783708533335  1.4295888803521973e-05
136.45000000000002  0.004624782928902001  1.4290081410174961e-05
136.5  0.0046247821528465315  1.4284275518661956e-05
136.55  0.004624781380493045  1.4278470916066356e-05
136.6  0.004624780611973894  1.4272667431411383e-05
136.65  0.004624779847418235  1.4266864955268171e-05
136.70000000000002  0.004624779086946046  1.426106343234356e-05
136.75  0.004624778330658193  1.4255262882323557e-05
136.8  0.004624777578632959  1.4249463384795359e-05
136.85  0.0046247768309128365  1.4243665082114936e-05
136.9  0.004624776087504167  1.4237868156296888e-05
136.95000000000002  0.004624775348370991  1.4232072823939128e-05
137.0  0.0046247746134271414  1.4226279319573636e-05
137.05  0.0046247738825450375  1.4220487864965219e-05
137.1  0.004624773155554245  1.4214698652555862e-05
137.15  0.004624772432249816  1.4208911832582435e-05
137.20000000000002  0.004624771712407102  1.4203127497635324e-05
137.25  0.004624770995781025  1.4197345657766796e-05
137.3  0.004624770282120818  1.4191566258095396e-05
137.35  0.004624769571193311  1.4185789163963307e-05
137.4  0.004624768862783106  1.418001417259364e-05
137.45000000000002  0.004624768156702129  1.4174241031512586e-05
137.5  0.004624767452809377  1.416846945445276e-05
137.55  0.004624766751002275  1.416269913998553e-05
137.6  0.004624766051228138  1.4156929805186795e-05
137.65  0.004624765353479093  1.4151161204944102e-05
137.70000000000002  0.004624764657787746  1.414539315231939e-05
137.75  0.004624763964220921  1.4139625545016493e-05
137.8  0.004624763272868103  1.4133858374610125e-05
137.85  0.0046247625838316386  1.412809173944002e-05
137.9  0.004624761897210003  1.4122325829650005e-05
137.95000000000002  0.004624761213088713  1.4116560937249173e-05
138.0  0.004624760531523447  1.4110797421740128e-05
138.05  0.004624759852537352  1.4105035702503328e-05
138.1  0.004624759176111198  1.409927622280105e-05
138.15  0.004624758502177909  1.4093519419358486e-05
138.20000000000002  0.00462475783061897  1.4087765698526222e-05
138.25  0.004624757161279127  1.4082015403133293e-05
138.3  0.004624756493961721  1.4076268795265141e-05
138.35  0.00462475582844846  1.4070526038986031e-05
138.4  0.004624755164513787  1.4064787182798698e-05
138.45000000000002  0.004624754501923844  1.4059052184152272e-05
138.5  0.004624753840466879  1.4053320900395846e-05
138.55  0.004624753179955163  1.4047593119759964e-05
138.6  0.004624752520242794  1.4041868579165165e-05
138.65  0.004624751861228983  1.4036147004916513e-05
138.70000000000002  0.004624751202860716  1.4030428142067624e-05
138.75  0.0046247505451400455  1.4024711780824964e-05
138.8  0.0046247498881008264  1.4018997791564115e-05
138.85  0.00462474923182029  1.4013286145383697e-05
138.9  0.004624748576391016  1.4007576922637138e-05
138.95000000000002  0.00462474792191932  1.400187032416039e-05
139.0  0.00462474726850022  1.3996166652899725e-05
139.05  0.004624746616214634  1.3990466315383066e-05
139.1  0.004624745965106763  1.3984769783307457e-05
139.15  0.004624745315182298  1.3979077566473687e-05
139.20000000000002  0.004624744666401014  1.3973390182887283e-05
139.25  0.004624744018679952  1.3967708116924721e-05
139.3  0.004624743371892297  1.3962031797122162e-05
139.35  0.0046247427258741414  1.3956361549974726e-05
139.4  0.004624742080442926  1.3950697603402287e-05
139.45000000000002  0.004624741435400768  1.3945040061461623e-05
139.5  0.004624740790563718  1.3939388905180632e-05
139.55  0.004624740145762826  1.3933744004049347e-05
139.6  0.0046247395008693175  1.3928105132090987e-05
139.65  0.004624738855803944  1.3922471989931874e-05
139.70000000000002  0.004624738210539058  1.3916844234453366e-05
139.75  0.004624737565116029  1.391122152202702e-05
139.8  0.004624736919639711  1.3905603528960816e-05
139.85  0.0046247362742747634  1.3899989975501325e-05
139.9  0.004624735629246543  1.3894380660311594e-05
139.95000000000002  0.00462473498482264  1.3888775462581811e-05
140.0  0.004624734341304624  1.3883174363816658e-05
140.05  0.0046247336990159205  1.3877577434185932e-05
140.1  0.00462473305828193  1.3871984829343154e-05
140.15  0.004624732419424131  1.3866396763875971e-05
140.20000000000002  0.004624731782739899  1.3860813500150397e-05
140.25  0.004624731148495224  1.3855235315552261e-05
140.3  0.004624730516919224  1.3849662476465479e-05
140.35  0.004624729888196139  1.384409521623713e-05
140.4  0.004624729262464572  1.3838533708471e-05
140.45000000000002  0.00462472863981969  1.383297805612813e-05
140.5  0.0046247280203182105  1.3827428276063215e-05
140.55  0.004624727403983805  1.3821884299579382e-05
140.6  0.004624726790822117  1.3816345974097652e-05
140.65  0.004624726180820548  1.3810813081850432e-05
140.70000000000002  0.004624725573963699  1.3805285347851602e-05
140.75  0.004624724970240817  1.3799762469243812e-05
140.8  0.0046247243696595506  1.3794244126922964e-05
140.85  0.004624723772240499  1.3788730023768101e-05
140.9  0.00462472317802908  1.378321989035458e-05
140.95000000000002  0.004624722587090411  1.377771351702839e-05
141.0  0.004624721999516962  1.3772210754550908e-05
141.05  0.004624721415410513  1.3766711534172699e-05
141.1  0.004624720834891647  1.376121585636847e-05
141.15  0.004624720258076423  1.375572379888665e-05
141.20000000000002  0.004624719685073128  1.3750235493477046e-05
141.25  0.004624719115967985  1.3744751128125578e-05
141.3  0.004624718550827941  1.3739270916970927e-05
141.35  0.00462471798968277  1.3733795079524353e-05
141.4  0.00462471743252826  1.3728323840643834e-05
141.45000000000002  0.0046247168793191636  1.3722857394355056e-05
141.5  0.004624716329975149  1.3717395900357606e-05
141.55  0.004624715784387803  1.3711939476379298e-05
141.6  0.0046247152424320915  1.3706488183887724e-05
141.65  0.004624714703963478  1.370104203780851e-05
141.70000000000002  0.004624714168845677  1.3695601007018634e-05
141.75  0.0046247136369619735  1.3690165017884092e-05
141.8  0.00462471310823005  1.3684733963792324e-05
141.85  0.004624712582609661  1.3679307726452934e-05
141.9  0.004624712060120462  1.3673886164917606e-05
141.95000000000002  0.004624711540850044  1.3668469132350096e-05
142.0  0.00462471102495999  1.3663056481856631e-05
142.05  0.004624710512687923  1.3657648051755645e-05
142.1  0.004624710004360346  1.3652243665116622e-05
142.15  0.004624709500371917  1.3646843119725807e-05
142.20000000000002  0.004624709001208697  1.3641446157795787e-05
142.25  0.004624708507412078  1.3636052472291558e-05
142.3  0.004624708019580242  1.363066167377238e-05
142.35  0.004624707538366184  1.3625273299806074e-05
142.4  0.004624707064438822  1.36198868148516e-05
142.45000000000002  0.004624706598462389  1.3614501638665316e-05
142.5  0.0046247061410567844  1.3609117184015133e-05
142.55  0.00462470569275067  1.3603732934937089e-05
142.6  0.0046247052539195015  1.3598348529471337e-05
142.65  0.004624704824727356  1.359296386156686e-05
142.70000000000002  0.004624704405071879  1.3587579187227628e-05
142.75  0.00462470399451833  1.3582195227153093e-05
142.8  0.004624703592285966  1.3576813223425354e-05
142.85  0.004624703197249555  1.3571434962359017e-05
142.9  0.004624702807962413  1.3566062730156077e-05
142.95000000000002  0.004624702422723282  1.35606992090475e-05
143.0  0.004624702039664764  1.3555347332593559e-05
143.05  0.004624701656839409  1.3550010056098988e-05
143.1  0.00462470127233265  1.3544690136079065e-05
143.15  0.004624700884363268  1.3539389888238294e-05
143.20000000000002  0.004624700491362382  1.3534110974194558e-05
143.25  0.004624700092055057  1.3528854221301756e-05
143.3  0.004624699685517276  1.3523619516818407e-05
143.35  0.004624699271212727  1.3518405782657752e-05
143.4  0.004624698849025199  1.3513211029428938e-05
143.45000000000002  0.004624698419246835  1.3508032483378407e-05
143.5  0.0046246979825769596  1.350286681524276e-05
143.55  0.004624697540089509  1.3497710392963469e-05
143.6  0.004624697093191208  1.349255958155121e-05
143.65  0.004624696643568935  1.3487411045225858e-05
143.70000000000002  0.004624696193115278  1.3482262024340433e-05
143.75  0.00462469574383844  1.3477110557687645e-05
143.8  0.00462469529777986  1.3471955650531559e-05
143.85  0.004624694856918127  1.3466797338919502e-05
143.9  0.004624694423064948  1.3461636681795642e-05
143.95000000000002  0.004624693997774768  1.3456475656848074e-05
144.0  0.00462469358225851  1.345131697371723e-05
144.05  0.004624693177311826  1.3446163847843518e-05
144.1  0.004624692783270864  1.3441019714731518e-05
144.15  0.004624692399982535  1.3435887943087492e-05
144.20000000000002  0.004624692026808326  1.3430771547196658e-05
144.25  0.0046246916626445644  1.3425672948175497e-05
144.3  0.004624691305994645  1.3420593780376139e-05
144.35  0.004624690955043241  1.3415534763805567e-05
144.4  0.00462469060775421  1.3410495657965731e-05
144.45000000000002  0.004624690261989837  1.3405475293288689e-05
144.5  0.004624689915635511  1.3400471672015117e-05
144.55  0.004624689566717822  1.3395482125260928e-05
144.6  0.0046246892135213356  1.3390503530367045e-05
144.65  0.004624688854680908  1.3385532534673404e-05
144.70000000000002  0.004624688489255001  1.3380565812888906e-05
144.75  0.004624688116770154  1.3375600286373989e-05
144.8  0.004624687737230968  1.3370633328244895e-05
144.85  0.004624687351108265  1.3365662927213377e-05
144.9  0.004624686959271632  1.3360687786026548e-05
144.95000000000002  0.00462468656291461  1.3355707368734552e-05
145.0  0.004624686163460831  1.3350721889046511e-05
145.05  0.004624685762430342  1.334573224872364e-05
145.1  0.004624685361330684  1.334073993521801e-05
145.15  0.004624684961526583  1.3335746873201326e-05
145.20000000000002  0.0046246845641409445  1.333075526208219e-05
145.25  0.00462468416997429  1.3325767427445995e-05
145.3  0.004624683779445178  1.3320785642403769e-05
145.35  0.004624683392570092  1.3315812001091188e-05
145.4  0.004624683008981613  1.331084830173673e-05
145.45000000000002  0.00462468262797599  1.3305895962267555e-05
145.5  0.004624682248590757  1.3300955980715796e-05
145.55  0.00462468186970974  1.3296028918301597e-05
145.6  0.004624681490168683  1.3291114919019354e-05
145.65  0.004624681108886065  1.3286213769264539e-05
145.70000000000002  0.004624680724966734  1.3281324956302012e-05
145.75  0.004624680337807118  1.3276447752631683e-05
145.8  0.004624679947149151  1.3271581305039551e-05
145.85  0.004624679553138968  1.326672470856193e-05
145.9  0.004624679156329108  1.3261877089184807e-05
145.95000000000002  0.004624678757647636  1.325703765727492e-05
146.0  0.004624678358333146  1.3252205756813908e-05
146.05  0.0046246779598591425  1.3247380889592317e-05
146.1  0.004624677563821746  1.3242562713191405e-05
146.15  0.004624677171819191  1.3237751040202003e-05
146.20000000000002  0.004624676785343557  1.32329458111783e-05
146.25  0.004624676405662397  1.3228147067905779e-05
146.3  0.004624676033735592  1.3223354904203135e-05
146.35  0.004624675670144896  1.321856943898891e-05
146.4  0.004624675315047685  1.3213790767906815e-05
146.45000000000002  0.004624674968181809  1.3209018939652023e-05
146.5  0.004624674628889382  1.320425393062036e-05
146.55  0.004624674296155469  1.3199495629793114e-05
146.6  0.004624673968698618  1.3194743834964805e-05
146.65  0.004624673645045232  1.3189998259702743e-05
146.70000000000002  0.004624673323650113  1.3185258543400268e-05
146.75  0.0046246730029813  1.3180524282041794e-05
146.8  0.0046246726816220034  1.3175795032138634e-05
146.85  0.004624672358348125  1.3171070354312694e-05
146.9  0.0046246720321915435  1.3166349829231835e-05
146.95000000000002  0.004624671702473148  1.3161633099886526e-05
147.0  0.004624671368818263  1.3156919865170695e-05
147.05  0.004624671031149572  1.3152209928789483e-05
147.1  0.00462467068964589  1.3147503182099069e-05
147.15  0.004624670344700418  1.314279963278491e-05
147.20000000000002  0.004624669996845812  1.313809938634643e-05
147.25  0.0046246696466922125  1.3133402654368286e-05
147.3  0.00462466929484818  1.3128709735144584e-05
147.35  0.00462466894186053  1.3124021007378198e-05
147.4  0.0046246685881581855  1.3119336915654417e-05
147.45000000000002  0.004624668234006489  1.3114657945142921e-05
147.5  0.004624667879489684  1.3109984609741196e-05
147.55  0.004624667524503016  1.3105317438818137e-05
147.6  0.0046246671687611585  1.3100656950145532e-05
147.65  0.004624666811843127  1.3096003651209485e-05
147.70000000000002  0.004624666453220728  1.3091358006678556e-05
147.75  0.004624666092318238  1.3086720437176397e-05
147.8  0.0046246657285666775  1.3082091311365947e-05
147.85  0.004624665361460339  1.3077470934903003e-05
147.9  0.004624664990609227  1.3072859541273778e-05
147.95000000000002  0.004624664615779336  1.3068257308697638e-05
148.0  0.004624664236922216  1.3063664345487138e-05
148.05  0.004624663854187071  1.3059080695075952e-05
148.1  0.004624663467923657  1.3054506349034934e-05
148.15  0.004624663078670422  1.3049941244931463e-05
148.20000000000002  0.004624662687118126  1.3045385278868384e-05
148.25  0.004624662294077178  1.304083830967933e-05
148.3  0.004624661900422331  1.3036300166286028e-05
148.35  0.004624661507053794  1.3031770655248417e-05
148.4  0.0046246611148266295  1.3027249566859006e-05
148.45000000000002  0.004624660724526598  1.3022736661882955e-05
148.5  0.004624660336799944  1.3018231682711464e-05
148.55  0.004624659952136682  1.3013734352598403e-05
148.6  0.004624659570845536  1.3009244359437609e-05
148.65  0.00462465919303807  1.3004761366968276e-05
148.70000000000002  0.004624658818632707  1.3000285001196311e-05
148.75  0.004624658447364679  1.2995814847433194e-05
148.8  0.004624658078812316  1.2991350459843422e-05
148.85  0.004624657712420431  1.2986891358422e-05
148.9  0.004624657347539252  1.2982437025619339e-05
148.95000000000002  0.004624656983453518  1.2977986927677499e-05
149.0  0.004624656619415813  1.2973540510121421e-05
149.05  0.0046246562546851545  1.2969097224390343e-05
149.1  0.00462465588854483  1.2964656524592854e-05
149.15  0.00462465552031108  1.296021788775404e-05
149.20000000000002  0.004624655149339332  1.295578082467404e-05
149.25  0.004624654775035043  1.2951344903446662e-05
149.3  0.004624654396821012  1.2946909740879594e-05
149.35  0.004624654014133032  1.2942475025630863e-05
149.4  0.004624653626392773  1.293804052276285e-05
149.45000000000002  0.00462465323298593  1.2933606076852674e-05
149.5  0.00462465283324022  1.2929171619954089e-05
149.55  0.004624652426406282  1.2924737180465185e-05
149.6  0.004624652011656655  1.2920302874601614e-05
149.65  0.004624651588078548  1.2915868923837208e-05
149.70000000000002  0.004624651154692089  1.2911435638212552e-05
149.75  0.00462465071046826  1.2907003415971106e-05
149.8  0.004624650254359696  1.2902572749473672e-05
149.85  0.004624649785329483  1.2898144192209177e-05
149.9  0.004624649302399913  1.289371836427348e-05
149.95000000000002  0.0046246488046706785  1.2889295922964604e-05
150.0  0.004624648291357792  1.2884877530328338e-05
150.05  0.004624647761815847  1.2880463847544374e-05
150.1  0.0046246472155420226  1.2876055480064946e-05
150.15  0.004624646652188272  1.287165295111657e-05
150.20000000000002  0.004624646071558913  1.2867256659002805e-05
150.25  0.0046246454736139754  1.2862866820762446e-05
150.3  0.004624644858474164  1.2858483409404033e-05
150.35  0.004624644226444067  1.2854106054516334e-05
150.4  0.0046246435780227324  1.2849733949922492e-05
150.45000000000002  0.004624642913919485  1.2845365746872211e-05
150.5  0.0046246422350504895  1.284099948905706e-05
150.55  0.0046246415425190805  1.2836632619060068e-05
150.6  0.004624640837607458  1.2832262091017622e-05
150.65  0.004624640121785614  1.2827884581100014e-05
150.70000000000002  0.004624639396746575  1.2823496770775803e-05
150.75  0.004624638664455465  1.2819095665948974e-05
150.8  0.0046246379272182475  1.2814678905161057e-05
150.85  0.004624637187719209  1.2810245000520655e-05
150.9  0.00462463644903068  1.2805793494006016e-05
150.95000000000002  0.004624635714563338  1.2801324996062426e-05
151.0  0.004624634987931932  1.2796841110360154e-05
151.05  0.004624634272768395  1.2792344273865301e-05
151.1  0.004624633572458266  1.2787837497454457e-05
151.15  0.00462463288985273  1.2783324113869545e-05
151.20000000000002  0.004624632226971473  1.2778807481813113e-05
151.25  0.004624631584748479  1.2774290758589145e-05
151.3  0.004624630962842504  1.2769776687432999e-05
151.35  0.0046246303595491554  1.2765267471110968e-05
151.4  0.004624629771828678  1.2760764707357854e-05
151.45000000000002  0.004624629195474758  1.2756269380804123e-05
151.5  0.004624628625365938  1.2751781902169874e-05
151.55  0.004624628055828648  1.274730219996651e-05
151.6  0.004624627481058272  1.274282982580714e-05
151.65  0.004624626895559249  1.2738364065801019e-05
151.70000000000002  0.004624626294566253  1.2733904042407299e-05
151.75  0.00462462567441057  1.2729448815646297e-05
151.8  0.00462462503279379  1.2724997446802808e-05
151.85  0.004624624368952753  1.2720549068887999e-05
151.9  0.0046246236836930635  1.271610291509216e-05
151.95000000000002  0.004624622979307862  1.271165833708738e-05
152.0  0.004624622259365745  1.2707214819446291e-05
152.05  0.004624621528416705  1.2702771978252375e-05
152.1  0.004624620791623085  1.2698329567636791e-05
152.15  0.0046246200543523415  1.2693887473089797e-05
152.20000000000002  0.004624619321769399  1.2689445719865659e-05
152.25  0.004624618598474529  1.2685004468672253e-05
152.3  0.004624617888174127  1.2680564026506493e-05
152.35  0.004624617193467923  1.2676124851056155e-05
152.4  0.00462461651570444  1.2671687541047591e-05
152.45000000000002  0.004624615854954672  1.2667252834402722e-05
152.5  0.004624615210089396  1.2662821583668114e-05
152.55  0.0046246145789352695  1.265839473178632e-05
152.6  0.004624613958518297  1.2653973263941567e-05
152.65  0.004624613345339232  1.26495581555919e-05
152.70000000000002  0.004624612735687331  1.2645150299940129e-05
152.75  0.004624612125935837  1.2640750435648e-05
152.8  0.004624611512818183  1.2636359064300505e-05
152.85  0.004624610893645782  1.2631976391008187e-05
152.9  0.004624610266460652  1.2627602264602562e-05
152.95000000000002  0.0046246096301119114  1.2623236172104377e-05
153.0  0.0046246089842688545  1.2618877232150747e-05
153.05  0.004624608329370945  1.261452424256218e-05
153.1  0.004624607666504804  1.2610175752942135e-05
153.15  0.004624606997261157  1.2605830158671005e-05
153.20000000000002  0.004624606323563176  1.2601485809097625e-05
153.25  0.0046246056474798505  1.259714113024461e-05
153.3  0.0046246049710564835  1.2592794737231976e-05
153.35  0.004624604296165704  1.2588445528494352e-05
153.4  0.004624603624368176  1.2584092767198076e-05
153.45000000000002  0.0046246029568405966  1.257973613413857e-05
153.5  0.004624602294322123  1.2575375736641965e-05
153.55  0.004624601637107409  1.2571012097599847e-05
153.60000000000002  0.004624600985078639  1.2566646107562574e-05
153.65  0.004624600337759181  1.2562278946619807e-05
153.70000000000002  0.00462459969440005  1.2557911985307709e-05
153.75  0.004624599054071226  1.2553546679890108e-05
153.8  0.004624598415763509  1.2549184452547182e-05
153.85000000000002  0.00462459777848684  1.2544826585038054e-05
153.9  0.004624597141352575  1.2540474126997285e-05
153.95000000000002  0.004624596503648319  1.2536127823716262e-05
154.0  0.004624595864887268  1.2531788069194799e-05
154.05  0.004624595224821556  1.2527454886413012e-05
154.10000000000002  0.0046245945834655165  1.2523127943776137e-05
154.15  0.004624593941070511  1.2518806596151657e-05
154.20000000000002  0.004624593298096431  1.2514489949374443e-05
154.25  0.004624592655161526  1.2510176941892682e-05
154.3  0.004624592013001897  1.2505866439882155e-05
154.35000000000002  0.004624591372407926  1.2501557333543692e-05
154.4  0.004624590734171468  1.2497248616908902e-05
154.45000000000002  0.004624590099042962  1.2492939472462993e-05
154.5  0.004624589467686003  1.248862932779657e-05
154.55  0.004624588840658002  1.2484317884576891e-05
154.60000000000002  0.004624588218383274  1.2480005139361578e-05
154.65  0.004624587601152719  1.247569135115234e-05
154.70000000000002  0.004624586989125044  1.2471377023178466e-05
154.75  0.004624586382341143  1.2467062834130054e-05
154.8  0.004624585780736402  1.246274957828825e-05
154.85000000000002  0.0046245851841726585  1.2458438087043169e-05
154.9  0.0046245845924542065  1.2454129160056656e-05
154.95000000000002  0.004624584005356281  1.2449823492393878e-05
155.0  0.004624583422642112  1.244552162270506e-05
155.05  0.004624582844089221  1.2441223892464583e-05
155.10000000000002  0.004624582269500056  1.2436930428102157e-05
155.15  0.004624581698713775  1.2432641143737502e-05
155.20000000000002  0.004624581131611189  1.2428355750792772e-05
155.25  0.00462458056811706  1.2424073801729981e-05
155.3  0.004624580008192062  1.2419794733173816e-05
155.35000000000002  0.0046245794518334545  1.2415517926741072e-05
155.4  0.004624578899065374  1.241124275476646e-05
155.45000000000002  0.00462457834992239  1.2406968658801148e-05
155.5  0.004624577804445876  1.2402695172516785e-05
155.55  0.004624577262670296  1.2398421973429547e-05
155.60000000000002  0.004624576724610558  1.2394148904161935e-05
155.65  0.004624576190260348  1.2389875978810088e-05
155.70000000000002  0.004624575659574854  1.2385603371272823e-05
155.75  0.004624575132479329  1.2381331401970806e-05
155.8  0.004624574608855243  1.2377060500980304e-05
155.85000000000002  0.004624574088553877  1.237279116219079e-05
155.9  0.004624573571386979  1.2368523913712636e-05
155.95000000000002  0.0046245730571391665  1.23642592610981e-05
156.0  0.004624572545575771  1.2359997658867331e-05
156.05  0.004624572036444591  1.2355739469175437e-05
156.10000000000002  0.004624571529497501  1.235148494639839e-05
156.15  0.004624571024479627  1.2347234228976711e-05
156.20000000000002  0.004624570521160694  1.2342987335261637e-05
156.25  0.004624570019326644  1.2338744170868092e-05
156.3  0.004624569518792206  1.2334504564560462e-05
156.35000000000002  0.0046245690194007694  1.2330268280793867e-05
156.4  0.004624568521030341  1.2326035048717035e-05
156.45000000000002  0.004624568023595755  1.2321804607027246e-05
156.5  0.004624567527048025  1.2317576717370197e-05
156.55  0.00462456703137038  1.2313351197935786e-05
156.60000000000002  0.00462456653656907  1.230912793507954e-05
156.65  0.004624566042676651  1.2304906896261477e-05
156.70000000000002  0.004624565549751327  1.2300688129037185e-05
156.75  0.004624565057850063  1.2296471756507696e-05
156.8  0.004624564567043517  1.229225796079756e-05
156.85000000000002  0.00462456407740197  1.2288046973561097e-05
156.9  0.004624563588986012  1.2283839054396724e-05
156.95000000000002  0.004624563101845981  1.2279634466625172e-05
157.0  0.004624562616015487  1.2275433466948645e-05
157.05  0.004624562131505881  1.2271236286818709e-05
157.10000000000002  0.004624561648307315  1.2267043121109752e-05
157.15  0.004624561166382773  1.2262854126364602e-05
157.20000000000002  0.004624560685672342  1.2258669410267318e-05
157.25  0.004624560206089187  1.2254489047326437e-05
157.3  0.004624559727528737  1.2250313074642848e-05
157.35000000000002  0.004624559249867755  1.2246141510536664e-05
157.4  0.004624558772972256  1.2241974364163158e-05
157.45000000000002  0.004624558296697773  1.2237811634479607e-05
157.5  0.004624557820903897  1.2233653335226177e-05
157.55  0.004624557345456101  1.222949949168633e-05
157.60000000000002  0.004624556870234394  1.2225350150878731e-05
157.65  0.004624556395136822  1.222120537982015e-05
157.70000000000002  0.004624555920086223  1.2217065268580022e-05
157.75  0.004624555445031365  1.2212929920117907e-05
157.8  0.004624554969947049  1.2208799450547455e-05
157.85000000000002  0.004624554494837499  1.22046739789344e-05
157.9  0.0046245540197396  1.2200553617104554e-05
157.95000000000002  0.004624553544712415  1.219643847415986e-05
158.0  0.0046245530698338245  1.2192328633311286e-05
158.05  0.004624552595202123  1.2188224161794127e-05
158.10000000000002  0.0046245521209318805  1.2184125105559066e-05
158.15  0.004624551647142276  1.2180031489985507e-05
158.20000000000002  0.004624551173958059  1.2175943322924634e-05
158.25  0.004624550701514627  1.2171860596147201e-05
158.3  0.004624550229939314  1.2167783298701753e-05
158.35000000000002  0.004624549759362445  1.2163711422029162e-05
158.4  0.0046245492899099315  1.2159644961723466e-05
158.45000000000002  0.004624548821705116  1.2155583927813008e-05
158.5  0.004624548354862356  1.2151528352873454e-05
158.55  0.004624547889495959  1.2147478279904678e-05
158.60000000000002  0.004624547425708793  1.2143433773747741e-05
158.65  0.004624546963597742  1.2139394914417106e-05
158.70000000000002  0.004624546503252897  1.2135361783294601e-05
158.75  0.0046245460447508855  1.2131334470874204e-05
158.8  0.00462454558816085  1.2127313046135734e-05
158.85000000000002  0.004624545133540036  1.2123297571293116e-05
158.9  0.004624544680937463  1.2119288074391222e-05
158.95000000000002  0.004624544230391064  1.2115284548726922e-05
159.0  0.004624543781930796  1.2111286949372842e-05
159.05  0.004624543335588155  1.2107295198046374e-05
159.10000000000002  0.004624542891388571  1.2103309182945677e-05
159.15  0.0046245424493673816  1.209932875893493e-05
159.20000000000002  0.004624542009565191  1.2095353766762526e-05
159.25  0.004624541572032936  1.2091384042913522e-05
159.3  0.004624541136831327  1.2087419431108336e-05
159.35000000000002  0.0046245407040301344  1.2083459800093995e-05
159.4  0.004624540273705086  1.2079505058256177e-05
159.45000000000002  0.004624539845936496  1.2075555161249154e-05
159.5  0.004624539420798617  1.2071610120870597e-05
159.55  0.004624538998350976  1.2067670007862893e-05
159.60000000000002  0.004624538578630939  1.2063734945462276e-05
159.65  0.004624538161643589  1.205980511099212e-05
159.70000000000002  0.00462453774735011  1.2055880715087582e-05
159.75  0.004624537335666222  1.2051961994245413e-05
159.8  0.004624536926459381  1.2048049181918677e-05
159.85000000000002  0.0046245365195378245  1.204414249785713e-05
159.9  0.004624536114665659  1.2040242129667571e-05
159.95000000000002  0.004624535711571169  1.2036348214069297e-05
160.0  0.0046245353099473845  1.203246082299478e-05
160.05  0.0046245349094728265  1.2028579965001766e-05
160.10000000000002  0.004624534509831566  1.2024705569288529e-05
160.15  0.00462453411072432  1.2020837502737762e-05
160.20000000000002  0.004624533711888513  1.2016975568081024e-05
160.25  0.004624533313109584  1.2013119529924622e-05
160.3  0.0046245329142305  1.200926913227474e-05
160.35000000000002  0.004624532515159578  1.2005424111227716e-05
160.4  0.004624532115876266  1.2001584226020794e-05
160.45000000000002  0.00462453171642109  1.1997749278451449e-05
160.5  0.004624531316892695  1.1993919120300728e-05
160.55  0.004624530917431407  1.1990093685743383e-05
160.60000000000002  0.004624530518205389  1.198627298287192e-05
160.65  0.004624530119395197  1.1982457096507564e-05
160.70000000000002  0.00462452972117245  1.1978646188359446e-05
160.75  0.004624529323686025  1.1974840487044059e-05
160.8  0.0046245289270388495  1.1971040264502047e-05
160.85000000000002  0.0046245285312850465  1.1967245817300938e-05
160.9  0.004624528136417264  1.1963457441728835e-05
160.95000000000002  0.004624527742368039  1.1959675411714669e-05
161.0  0.004624527349005909  1.1955899950555246e-05
161.05  0.0046245269561442995  1.1952131222626884e-05
161.10000000000002  0.004624526563551447  1.1948369300819486e-05
161.15  0.004624526170965936  1.1944614176877695e-05
161.20000000000002  0.004624525778103262  1.194086574183732e-05
161.25  0.004624525384674727  1.1937123813483969e-05
161.3  0.004624524990404165  1.1933388129950867e-05
161.35000000000002  0.004624524595040222  1.1929658380606512e-05
161.4  0.004624524198365747  1.1925934228535893e-05
161.45000000000002  0.004624523800195448  1.1922215333949651e-05
161.5  0.004624523400395587  1.1918501387790171e-05
161.55  0.004624522998861384  1.1914792136931236e-05
161.60000000000002  0.004624522595532017  1.19110874057072e-05
161.65  0.004624522190365523  1.1907387121111976e-05
161.70000000000002  0.004624521783338807  1.1903691314788412e-05
161.75  0.004624521374430535  1.1900000131742576e-05
161.8  0.00462452096360378  1.1896313819887434e-05
161.85000000000002  0.004624520550805034  1.1892632722732368e-05
161.9  0.004624520135948867  1.1888957252095416e-05
161.95000000000002  0.004624519718908889  1.1885287866207926e-05
162.0  0.004624519299522704  1.1881625028695355e-05
162.05  0.0046245188775916836  1.1877969178951418e-05
162.10000000000002  0.004624518452886521  1.1874320706370086e-05
162.15  0.004624518025159912  1.1870679914077832e-05
162.20000000000002  0.004624517594163885  1.1867047002785873e-05
162.25  0.00462451715966134  1.1863422049602347e-05
162.3  0.0046245167214508534  1.185980501100047e-05
162.35000000000002  0.004624516279377819  1.185619572610248e-05
162.4  0.004624515833356864  1.1852593922033432e-05
162.45000000000002  0.004624515383375898  1.1848999244161643e-05
162.5  0.004624514929513589  1.184541128663083e-05
162.55  0.004624514471937055  1.1841829611670067e-05
162.60000000000002  0.004624514010905416  1.1838253792559406e-05
162.65  0.004624513546759107  1.1834683446023056e-05
162.70000000000002  0.004624513079904276  1.1831118263784686e-05
162.75  0.004624512610804533  1.1827558018858772e-05
162.8  0.00462451213996053  1.1824002601078504e-05
162.85000000000002  0.004624511667883226  1.1820452003559407e-05
162.9  0.004624511195077119  1.1816906321113397e-05
162.95000000000002  0.0046245107220150485  1.1813365733136386e-05
163.0  0.004624510249129835  1.1809830494846359e-05
163.05  0.004624509776793263  1.1806300890097677e-05
163.10000000000002  0.0046245093053020325  1.180277721034181e-05
163.15  0.004624508834886499  1.1799259731734492e-05
163.20000000000002  0.004624508365690729  1.1795748673914345e-05
163.25  0.004624507897790332  1.1792244184302313e-05
163.3  0.004624507431193192  1.178874632093869e-05
163.35000000000002  0.004624506965848243  1.1785255041282655e-05
163.4  0.004624506501665054  1.1781770206336117e-05
163.45000000000002  0.0046245060385143155  1.1778291587984597e-05
163.5  0.004624505576257204  1.1774818882853093e-05
163.55  0.004624505114743051  1.1771351737979437e-05
163.60000000000002  0.004624504653834892  1.1767889767754939e-05
163.65  0.004624504193403461  1.1764432590618789e-05
163.70000000000002  0.00462450373334759  1.1760979854744908e-05
163.75  0.004624503273593428  1.1757531248087614e-05
163.8  0.004624502814102136  1.17540865298556e-05
163.85000000000002  0.00462450235485289  1.1750645538886985e-05
163.9  0.004624501895852031  1.1747208198553374e-05
163.95000000000002  0.004624501437127551  1.1743774521526534e-05
164.0  0.004624500978710096  1.17403445948347e-05
164.05  0.0046245005206355105  1.1736918572421339e-05
164.10000000000002  0.004624500062933594  1.1733496651269008e-05
164.15  0.004624499605608335  1.1730079050696168e-05
164.20000000000002  0.0046244991486438574  1.1726666003534949e-05
164.25  0.0046244986919955445  1.1723257711379285e-05
164.3  0.004624498235588179  1.1719854340001505e-05
164.35000000000002  0.0046244977793146805  1.1716455998335592e-05
164.4  0.00462449732303663  1.1713062734764946e-05
164.45000000000002  0.00462449686659009  1.1709674529420166e-05
164.5  0.004624496409798591  1.1706291295785645e-05
164.55  0.004624495952474694  1.1702912885883847e-05
164.60000000000002  0.004624495494439511  1.169953910149417e-05
164.65  0.004624495035528671  1.1696169711796141e-05
164.70000000000002  0.004624494575598083  1.169280447113864e-05
164.75  0.004624494114547361  1.1689443125835572e-05
164.8  0.004624493652314012  1.1686085447417106e-05
164.85000000000002  0.004624493188887508  1.1682731230639727e-05
164.9  0.004624492724304083  1.1679380318745017e-05
164.95000000000002  0.004624492258652353  1.1676032604440975e-05
165.0  0.004624491792060384  1.1672688023619273e-05
165.05  0.004624491324699442  1.1669346562044505e-05
165.10000000000002  0.0046244908567611214  1.166600824854894e-05
165.15  0.004624490388455159  1.1662673144195457e-05
165.20000000000002  0.004624489919997797  1.1659341324743392e-05
165.25  0.004624489451588723  1.1656012869052729e-05
165.3  0.00462448898340823  1.1652687853396481e-05
165.35000000000002  0.004624488515609563  1.1649366331180037e-05
165.4  0.004624488048309068  1.1646048331203377e-05
165.45000000000002  0.004624487581578712  1.1642733837496366e-05
165.5  0.004624487115444425  1.1639422807021671e-05
165.55  0.004624486649892153  1.1636115161588963e-05
165.60000000000002  0.004624486184868765  1.163281078805473e-05
165.65  0.004624485720283926  1.1629509558610083e-05
165.70000000000002  0.004624485256016681  1.1626211328463067e-05
165.75  0.004624484791922486  1.1622915946813751e-05
165.8  0.004624484327841445  1.1619623269835655e-05
165.85000000000002  0.004624483863603793  1.1616333163248116e-05
165.9  0.004624483399027513  1.1613045510688194e-05
165.95000000000002  0.004624482933930151  1.1609760213811952e-05
166.0  0.0046244824681268455  1.1606477182086263e-05
166.05  0.004624482001430096  1.160319634883745e-05
166.10000000000002  0.004624481533655759  1.159991765203129e-05
166.15  0.004624481064622505  1.1596641032287516e-05
166.20000000000002  0.004624480594148599  1.1593366427840984e-05
166.25  0.004624480122059462  1.159009376723557e-05
166.3  0.004624479648183882  1.1586822968885863e-05
166.35000000000002  0.004624479172373444  1.1583553944117211e-05
166.4  0.004624478694483725  1.1580286594438744e-05
166.45000000000002  0.0046244782144037894  1.157702081665893e-05
166.5  0.004624477732043148  1.1573756514491679e-05
166.55  0.004624477247346512  1.1570493599930642e-05
166.60000000000002  0.004624476760295421  1.1567232011253101e-05
166.65  0.004624476270910836  1.1563971716326524e-05
166.70000000000002  0.004624475779262536  1.1560712717745106e-05
166.75  0.004624475285466259  1.1557455065818925e-05
166.8  0.004624474789682658  1.1554198844669722e-05
166.85000000000002  0.004624474292122441  1.1550944180184638e-05
166.9  0.0046244737930477885  1.1547691221229915e-05
166.95000000000002  0.004624473292763855  1.1544440125169484e-05
167.0  0.00462447279162609  1.1541191048618494e-05
167.05  0.004624472290043527  1.1537944115153245e-05
167.10000000000002  0.004624471788476629  1.1534699404561801e-05
167.15  0.004624471287453068  1.1531456907464234e-05
167.20000000000002  0.004624470787561331  1.152821652411738e-05
167.25  0.004624470289474256  1.1524978025298444e-05
167.3  0.004624469793945608  1.1521741045242507e-05
167.35000000000002  0.004624469301819183  1.1518505069765666e-05
167.4  0.004624468814024745  1.151526943007902e-05
167.45000000000002  0.004624468331565802  1.1512033325690546e-05
167.5  0.0046244678555006965  1.1508795851028167e-05
167.55  0.004624467386900736  1.1505556042779457e-05
167.60000000000002  0.00462446692679098  1.1502312955280056e-05
167.65  0.004624466476076303  1.1499065771394236e-05
167.70000000000002  0.004624466035461489  1.1495813906842086e-05
167.75  0.004624465605358692  1.1492557137054101e-05
167.8  0.004624465185814229  1.1489295706341796e-05
167.85000000000002  0.004624464776451346  1.1486030411854741e-05
167.9  0.00462446437643513  1.1482762660666285e-05
167.95000000000002  0.004624463984493624  1.1479494439591659e-05
168.0  0.004624463598971536  1.1476228243607735e-05
168.05  0.004624463217905947  1.1472966938121761e-05
168.10000000000002  0.0046244628391436116  1.1469713571109222e-05
168.15  0.004624462460474338  1.1466471140553293e-05
168.20000000000002  0.004624462079777577  1.1463242334056605e-05
168.25  0.00462446169515829  1.1460029296563748e-05
168.3  0.004624461305081482  1.1456833409427323e-05
168.35000000000002  0.004624460908484661  1.1453655137040946e-05
168.4  0.004624460504868374  1.1450493927115077e-05
168.45000000000002  0.004624460094340545  1.1447348204146398e-05
168.5  0.004624459677631042  1.1444215451556506e-05
168.55  0.004624459256052529  1.1441092373855755e-05
168.60000000000002  0.004624458831436466  1.1437975142557464e-05
168.65  0.004624458406027855  1.143485968515694e-05
168.70000000000002  0.004624457982348821  1.1431742011716139e-05
168.75  0.004624457563051484  1.1428618534996577e-05
168.8  0.0046244571507688716  1.1425486358131469e-05
168.85000000000002  0.004624456747970823  1.142234350574059e-05
168.9  0.004624456356829844  1.1419189078957659e-05
168.95000000000002  0.004624455979118022  1.141602330600636e-05
169.0  0.004624455616124484  1.14128474934774e-05
169.05  0.004624455268615738  1.1409663888685175e-05
169.10000000000002  0.004624454936808223  1.1406475445741373e-05
169.15  0.004624454620388785  1.1403285535549146e-05
169.20000000000002  0.004624454318551861  1.1400097623545865e-05
169.25  0.004624454030039623  1.1396914947060334e-05
169.3  0.004624453753239333  1.1393740210180589e-05
169.35000000000002  0.004624453486250879  1.1390575329849802e-05
169.4  0.004624453226988053  1.1387421265051949e-05
169.45000000000002  0.004624452973276188  1.13842779220096e-05
169.5  0.004624452722935982  1.1381144171613478e-05
169.55  0.004624452473881025  1.1378017928573104e-05
169.60000000000002  0.004624452224196805  1.1374896339009232e-05
169.65  0.00462445197220848  1.1371776012971101e-05
169.70000000000002  0.0046244517165385446  1.1368653301104546e-05
169.75  0.004624451456143885  1.1365524592553424e-05
169.8  0.004624451190337388  1.1362386592820098e-05
169.85000000000002  0.0046244509187904365  1.1359236571689556e-05
169.9  0.004624450641520596  1.1356072572583655e-05
169.95000000000002  0.004624450358861805  1.1352893533474224e-05
170.0  0.00462445007141145  1.1349699351080697e-05
170.05  0.004624449779974611  1.134649086677184e-05
170.10000000000002  0.004624449485496718  1.1343269773096636e-05
170.15  0.004624449188989143  1.1340038479570258e-05
170.20000000000002  0.004624448891469772  1.1336799918723793e-05
170.25  0.004624448593883301  1.1333557323647549e-05
170.3  0.0046244482970683905  1.133031401590343e-05
170.35000000000002  0.004624448001702176  1.1327073179020732e-05
170.4  0.004624447708292969  1.1323837676688426e-05
170.45000000000002  0.0046244474171583064  1.132060988406875e-05
170.5  0.004624447128450315  1.131739158029739e-05
170.55  0.00462444684217196  1.131418388753113e-05
170.60000000000002  0.004624446558208782  1.1310987259605442e-05
170.65  0.004624446276370899  1.1307801508653437e-05
170.70000000000002  0.004624445996440706  1.1304625878932569e-05
170.75  0.004624445718209949  1.1301459159057632e-05
170.8  0.004624445441517683  1.1298299798148234e-05
170.85000000000002  0.004624445166280104  1.1295146058185794e-05
170.9  0.004624444892516982  1.1291996138180962e-05
170.95000000000002  0.004624444620347552  1.1288848308577439e-05
171.0  0.00462444435000361  1.1285701013395584e-05
171.05  0.004624444081807349  1.1282552967690718e-05
171.10000000000002  0.004624443816157617  1.1279403206750684e-05
171.15  0.0046244435535029264  1.1276251109141945e-05
171.20000000000002  0.004624443294305982  1.1273096409520934e-05
171.25  0.004624443039015033  1.1269939160639768e-05
171.3  0.00462444278801948  1.1266779688779093e-05
171.35000000000002  0.004624442541638501  1.1263618529966849e-05
171.4  0.004624442300085192  1.1260456360669724e-05
171.45000000000002  0.0046244420634532196  1.1257293918227909e-05
171.5  0.004624441831702849  1.1254131932188902e-05
171.55  0.00462444160467039  1.1250971064804768e-05
171.60000000000002  0.0046244413820679675  1.1247811853413356e-05
171.65  0.004624441163501473  1.1244654681560521e-05
171.70000000000002  0.004624440948499694  1.1241499757056369e-05
171.75  0.004624440736532741  1.1238347114112569e-05
171.8  0.004624440527049584  1.1235196622757257e-05
171.85000000000002  0.004624440319497609  1.1232048011719995e-05
171.9  0.0046244401133638475  1.122890091371127e-05
171.95000000000002  0.004624439908192348  1.1225754892587756e-05
172.0  0.004624439703601116  1.1222609489585885e-05
172.05  0.004624439499299278  1.1219464277388648e-05
172.10000000000002  0.004624439295093376  1.1216318876352765e-05
172.15  0.004624439090884918  1.1213173011351657e-05
172.20000000000002  0.004624438886666145  1.121002651004638e-05
172.25  0.004624438682504922  1.1206879333591389e-05
172.3  0.004624438478539147  1.1203731575898013e-05
172.35000000000002  0.004624438274953523  1.120058346125447e-05
172.4  0.004624438071970563  1.1197435328452822e-05
172.45000000000002  0.004624437869830458  1.1194287611545484e-05
172.5  0.004624437668788267  1.1191140822256171e-05
172.55  0.004624437469103614  1.1187995518787216e-05
172.60000000000002  0.004624437271029003  1.1184852283862383e-05
172.65  0.004624437074821663  1.1181711693824245e-05
172.70000000000002  0.004624436880737643  1.1178574291380705e-05
172.75  0.004624436689037744  1.1175440585083532e-05
172.8  0.004624436499998113  1.117231101261768e-05
172.85000000000002  0.004624436313905701  1.1169185943832777e-05
172.9  0.004624436131070303  1.1166065675531224e-05
172.95000000000002  0.004624435951825429  1.1162950425567633e-05
173.0  0.004624435776531962  1.1159840341203967e-05
173.05  0.004624435605571114  1.1156735497016231e-05
173.10000000000002  0.004624435439341529  1.1153635906376945e-05
173.15  0.004624435278257271  1.1150541527010488e-05
173.20000000000002  0.004624435122729942  1.1147452265202207e-05
173.25  0.00462443497316742  1.1144367979670376e-05
173.3  0.004624434829955244  1.1141288476667066e-05
173.35000000000002  0.004624434693446476  1.1138213522328844e-05
173.4  0.004624434563954271  1.113514284672919e-05
173.45000000000002  0.004624434441737881  1.1132076135295345e-05
173.5  0.0046244343269923206  1.1129013030213586e-05
173.55  0.004624434219847432  1.112595314409286e-05
173.60000000000002  0.004624434120353163  1.1122896057851036e-05
173.65  0.00462443402848463  1.1119841322195636e-05
173.70000000000002  0.004624433944139566  1.1116788474002533e-05
173.75  0.004624433867128488  1.1113737050368133e-05
173.8  0.004624433797192559  1.1110686583559195e-05
173.85000000000002  0.004624433733982584  1.1107636628835412e-05
173.9  0.0046244336770827135  1.110458677033806e-05
173.95000000000002  0.004624433625998033  1.1101536634638477e-05
174.0  0.004624433580158377  1.1098485894146e-05
174.05  0.0046244335389278544  1.109543427560167e-05
174.10000000000002  0.004624433501591724  1.1092381561608086e-05
174.15  0.0046244334673694884  1.1089327597124766e-05
174.20000000000002  0.004624433435408057  1.1086272276559106e-05
174.25  0.004624433404782168  1.108321554104543e-05
174.3  0.004624433374496986  1.1080157369256373e-05
174.35000000000002  0.004624433343483427  1.107709777847731e-05
174.4  0.004624433310611763  1.1074036811394549e-05
174.45000000000002  0.004624433274683722  1.1070974531947467e-05
174.5  0.0046244332344473026  1.1067911022088591e-05
174.55  0.0046244331886104205  1.106484638936362e-05
174.60000000000002  0.004624433135845121  1.1061780770125556e-05
174.65  0.004624433074819412  1.1058714333551383e-05
174.70000000000002  0.004624433004201061  1.1055647298200451e-05
174.75  0.00462443292269442  1.1052579942475553e-05
174.8  0.004624432829056423  1.10495126149217e-05
174.85000000000002  0.004624432722119584  1.1046445746001964e-05
174.9  0.004624432600813933  1.1043379843806534e-05
174.95000000000002  0.004624432464167996  1.1040315505103925e-05
175.0  0.004624432311329772  1.1037253395379067e-05
175.05  0.004624432141562829  1.103419424214203e-05
175.10000000000002  0.004624431954233096  1.1031138812865269e-05
175.15  0.004624431748812775  1.1028087877393252e-05
175.20000000000002  0.004624431524859253  1.1025042170617278e-05
175.25  0.004624431282016697  1.1022002328746195e-05
175.3  0.0046244310200294495  1.1018968839057793e-05
175.35000000000002  0.0046244307387566  1.1015941947364992e-05
175.4  0.004624430438226612  1.1012921557019922e-05
175.45000000000002  0.004624430118689326  1.1009907130611547e-05
175.5  0.00462442978065509  1.1006897609768386e-05
175.55  0.004624429424947308  1.1003891404129599e-05
175.60000000000002  0.004624429052741019  1.1000886437786234e-05
175.65  0.004624428665595421  1.0997880297020022e-05
175.70000000000002  0.0046244282655001365  1.0994870445166143e-05
175.75  0.004624427854901204  1.0991854482391269e-05
175.8  0.004624427436726499  1.0988830386351474e-05
175.85000000000002  0.0046244270143625124  1.0985796750164048e-05
175.9  0.0046244265916094585  1.0982752922299944e-05
175.95000000000002  0.004624426172563178  1.097969907519454e-05
176.0  0.004624425761432715  1.097663618306895e-05
176.05  0.004624425362313189  1.0973565911767734e-05
176.10000000000002  0.0046244249788987635  1.097049043668232e-05
176.15  0.004624424614178897  1.0967412254464742e-05
176.20000000000002  0.00462442427015342  1.0964333957954256e-05
176.25  0.0046244239475840485  1.0961258045428155e-05
176.3  0.0046244236458288235  1.0958186762960892e-05
176.35000000000002  0.004624423362781091  1.0955121988537482e-05
176.4  0.004624423094929114  1.0952065183198128e-05
176.45000000000002  0.004624422837542134  1.0949017363943979e-05
176.5  0.004624422584979537  1.0945979146525132e-05
176.55  0.004624422331080153  1.0942950797313978e-05
176.60000000000002  0.004624422069606921  1.0939932292281679e-05
176.65  0.004624421794723981  1.0936923406918605e-05
176.70000000000002  0.004624421501442463  1.0933923778308975e-05
176.75  0.00462442118599684  1.0930932953538528e-05
176.8  0.004624420846134429  1.0927950449085242e-05
176.85000000000002  0.004624420481275547  1.092497577557099e-05
176.9  0.004624420092550419  1.0922008445914701e-05
176.95000000000002  0.004624419682689226  1.0919047994271878e-05
177.0  0.004624419255786884  1.0916093984626805e-05
177.05  0.004624418816981056  1.0913146005741963e-05
177.10000000000002  0.00462441837205128  1.0910203701685167e-05
177.15  0.0046244179269719216  1.0907266776196898e-05
177.20000000000002  0.004624417487477768  1.0904335024968399e-05
177.25  0.004624417058662989  1.0901408353817765e-05
177.3  0.004624416644646676  1.0898486813463064e-05
177.35000000000002  0.004624416248328719  1.0895570622512008e-05
177.4  0.004624415871249326  1.0892660178060378e-05
177.45000000000002  0.004624415513568208  1.0889756059146601e-05
177.5  0.004624415174145065  1.0886859022673365e-05
177.55  0.004624414850718329  1.0883969952041219e-05
177.60000000000002  0.004624414540166432  1.0881089818755377e-05
177.65  0.004624414238802405  1.0878219596064983e-05
177.70000000000002  0.004624413942701111  1.0875360177061e-05
177.75  0.004624413648015874  1.0872512290756533e-05
177.8  0.004624413351257155  1.0869676397998462e-05
177.85000000000002  0.004624413049521367  1.0866852620200395e-05
177.9  0.004624412740653951  1.0864040701680107e-05
177.95000000000002  0.0046244124233282835  1.0861239982763347e-05
178.0  0.004624412097074199  1.0858449419694864e-05
178.05  0.004624411762220702  1.0855667639677796e-05
178.10000000000002  0.004624411419790397  1.0852893025849492e-05
178.15  0.004624411071365915  1.0850123807113348e-05
178.20000000000002  0.0046244107189024955  1.0847358184372214e-05
178.25  0.004624410364538225  1.0844594450283528e-05
178.3  0.004624410010416436  1.084183109356561e-05
178.35000000000002  0.004624409658514478  1.083906689919502e-05
178.4  0.004624409310494211  1.0836301026684939e-05
178.45000000000002  0.004624408967608038  1.0833533046005858e-05
178.5  0.0046244086306185305  1.0830762948595183e-05
178.55  0.004624408299775071  1.0827991145793253e-05
178.60000000000002  0.004624407974827735  1.0825218399198868e-05
178.65  0.004624407655070526  1.082244575758106e-05
178.70000000000002  0.004624407339420333  1.0819674460236024e-05
178.75  0.004624407026514819  1.0816905845063945e-05
178.8  0.0046244067148112425  1.0814141234004645e-05
178.85000000000002  0.004624406402713955  1.081138184869302e-05
178.9  0.0046244060886653175  1.080862871666124e-05
178.95000000000002  0.004624405771248198  1.0805882625800345e-05
179.0  0.004624405449268981  1.080314408475677e-05
179.05  0.004624405121803284  1.0800413311552848e-05
179.10000000000002  0.004624404788248279  1.0797690254875891e-05
179.15  0.004624404448329703  1.0794974621598835e-05
179.20000000000002  0.0046244041020922  1.0792265947330021e-05
179.25  0.004624403749868289  1.078956365551771e-05
179.3  0.004624403392247172  1.0786867127545985e-05
179.35000000000002  0.004624403030010608  1.0784175776945593e-05
179.4  0.004624402664078275  1.0781489102370401e-05
179.45000000000002  0.0046244022954347284  1.0778806746524169e-05
179.5  0.004624401925067056  1.0776128511444606e-05
179.55  0.004624401553900909  1.0773454383883723e-05
179.60000000000002  0.004624401182753526  1.0770784517639074e-05
179.65  0.0046244008122792845  1.0768119217175988e-05
179.70000000000002  0.004624400442942879  1.0765458895396918e-05
179.75  0.004624400075001669  1.0762804033759778e-05
179.8  0.0046243997084871565  1.0760155127015104e-05
179.85000000000002  0.004624399343220544  1.0757512636083835e-05
179.9  0.004624398978824412  1.0754876947828533e-05
179.95000000000002  0.004624398614754327  1.0752248340804521e-05
180.0  0.004624398250332911  1.0749626965933324e-05
180.05  0.004624397884806921  1.074701284715089e-05
180.10000000000002  0.004624397517372356  1.0744405878604046e-05
180.15  0.004624397147253299  1.074180584954851e-05
180.20000000000002  0.00462439677372534  1.073921247641603e-05
180.25  0.004624396396181487  1.0736625432469768e-05
180.3  0.004624396014152757  1.0734044393726357e-05
180.35000000000002  0.004624395627340674  1.0731469058730428e-05
180.4  0.004624395235625671  1.0728899189877457e-05
180.45000000000002  0.004624394839071856  1.0726334618919838e-05
180.5  0.004624394437914688  1.0723775273212451e-05
180.55  0.004624394032535603  1.0721221161272399e-05
180.60000000000002  0.004624393623427947  1.0718672366683486e-05
180.65  0.004624393211155599  1.0716129035039029e-05
180.70000000000002  0.004624392796315502  1.0713591349122692e-05
180.75  0.004624392379489746  1.0711059501038438e-05
180.8  0.0046243919612062  1.0708533675689845e-05
180.85000000000002  0.004624391541900572  1.0706014011333901e-05
180.9  0.004624391121901335  1.0703500606313006e-05
180.95000000000002  0.004624390701403861  1.0700993489633178e-05
181.0  0.004624390280469315  1.0698492624892954e-05
181.05  0.004624389859040458  1.0695997911575183e-05
181.10000000000002  0.0046243894369443  1.0693509193412965e-05
181.15  0.004624389013921834  1.0691026259668605e-05
181.20000000000002  0.004624388589659424  1.0688548888000444e-05
181.25  0.004624388163825144  1.0686076832902395e-05
181.3  0.004624387736099439  1.0683609855413347e-05
181.35000000000002  0.004624387306208412  1.0681147730413597e-05
181.4  0.0046243868739537786  1.0678690259419526e-05
181.45000000000002  0.00462438643922702  1.0676237272340987e-05
181.5  0.004624386002029452  1.067378863469266e-05
181.55  0.004624385562474791  1.0671344235497786e-05
181.60000000000002  0.004624385120789059  1.066890399454523e-05
181.65  0.0046243846772940555  1.0666467840999062e-05
181.70000000000002  0.004624384232390087  1.0664035696907903e-05
181.75  0.004624383786535987  1.0661607487869126e-05
181.8  0.004624383340222617  1.0659183118279286e-05
181.85000000000002  0.0046243828939369425  1.0656762453325547e-05
181.9  0.004624382448136713  1.065434534898551e-05
181.95000000000002  0.004624382003236543  1.0651931617645156e-05
182.0  0.004624381559591493  1.0649521053800261e-05
182.05  0.004624381117469132  1.0647113441297246e-05
182.10000000000002  0.0046243806770512215  1.0644708559103799e-05
182.15  0.004624380238431909  1.0642306196707662e-05
182.20000000000002  0.004624379801629337  1.063990616701997e-05
182.25  0.004624379366576769  1.0637508321460928e-05
182.3  0.004624378933161778  1.0635112552211043e-05
182.35000000000002  0.0046243785012160055  1.0632718806928871e-05
182.4  0.004624378070546623  1.0630327080325862e-05
182.45000000000002  0.004624377640940229  1.0627937419664884e-05
182.5  0.004624377212187723  1.0625549912405389e-05
182.55  0.004624376784091026  1.0623164659885805e-05
182.60000000000002  0.004624376356468108  1.0620781785368201e-05
182.65  0.004624375929163484  1.0618401389656925e-05
182.70000000000002  0.004624375502054835  1.0616023556250625e-05
182.75  0.004624375075049893  1.0613648315272664e-05
182.8  0.004624374648089593  1.0611275642507795e-05
182.85000000000002  0.004624374221143986  1.0608905443323844e-05
182.9  0.004624373794217816  1.0606537553110738e-05
182.95000000000002  0.004624373367343023  1.0604171747873483e-05
183.0  0.004624372940575294  1.0601807733366755e-05
183.05  0.004624372513989442  1.059944518380146e-05
183.10000000000002  0.004624372087684261  1.0597083750071469e-05
183.15  0.004624371661769371  1.0594723086459402e-05
183.20000000000002  0.004624371236372762  1.0592362869847415e-05
183.25  0.004624370811622385  1.059000282161667e-05
183.3  0.004624370387653539  1.0587642734152365e-05
183.35000000000002  0.00462436996459422  1.0585282472961775e-05
183.4  0.004624369542563425  1.058292199485387e-05
183.45000000000002  0.004624369121658388  1.058056134633293e-05
183.5  0.004624368701953777  1.0578200650569823e-05
183.55  0.0046243682834952934  1.0575840092992309e-05
183.60000000000002  0.004624367866291144  1.0573479910005209e-05
183.65  0.004624367450301871  1.0571120355601124e-05
183.70000000000002  0.004624367035449359  1.0568761682693103e-05
183.75  0.004624366621615249  1.0566404110584643e-05
183.8  0.004624366208648505  1.056404780799365e-05
183.85000000000002  0.004624365796370817  1.0561692869126584e-05
183.9  0.00462436538458012  1.0559339313819773e-05
183.95000000000002  0.004624364973069246  1.0556987068023617e-05
184.0  0.00462436456162477  1.0554635984636307e-05
184.05  0.0046243641500543844  1.0552285844091562e-05
184.10000000000002  0.004624363738189219  1.0549936370482081e-05
184.15  0.004624363325891733  1.0547587260483331e-05
184.20000000000002  0.004624362913053832  1.0545238205687273e-05
184.25  0.004624362499613248  1.0542888926753448e-05
184.3  0.00462436208553859  1.0540539195265933e-05
184.35000000000002  0.004624361670837818  1.0538188846600572e-05
184.4  0.004624361255544744  1.053583780244207e-05
184.45000000000002  0.004624360839698104  1.0533486096234566e-05
184.5  0.004624360423348007  1.0531133841006194e-05
184.55  0.004624360006538529  1.0528781252276146e-05
184.60000000000002  0.004624359589292766  1.0526428620494822e-05
184.65  0.004624359171604855  1.0524076296494851e-05
184.70000000000002  0.004624358753435153  1.0521724668792702e-05
184.75  0.0046243583347105105  1.0519374135557518e-05
184.8  0.00462435791531598  1.0517025071352967e-05
184.85000000000002  0.004624357495103737  1.0514677813665489e-05
184.9  0.004624357073900949  1.0512332624616778e-05
184.95000000000002  0.004624356651525848  1.0509989682698299e-05
185.0  0.004624356227784083  1.0507649073769394e-05
185.05  0.0046243558024944235  1.05053107826544e-05
185.10000000000002  0.004624355375507781  1.0502974696419156e-05
185.15  0.004624354946711387  1.0500640616757303e-05
185.20000000000002  0.004624354516045289  1.049830827879218e-05
185.25  0.004624354083508623  1.0495977368634432e-05
185.3  0.004624353649169923  1.049364754785013e-05
185.35000000000002  0.0046243532131689  1.0491318484312846e-05
185.4  0.0046243527757153105  1.0488989873292685e-05
185.45000000000002  0.004624352337071765  1.0486661448032779e-05
185.5  0.004624351897560681  1.0484333014396454e-05
185.55  0.00462435145754714  1.0482004451924608e-05
185.60000000000002  0.004624351017417143  1.0479675715105123e-05
185.65  0.004624350577569894  1.047734684125308e-05
185.70000000000002  0.004624350138399811  1.0475017922110396e-05
185.75  0.004624349700278179  1.0472689108750027e-05
185.8  0.004624349263541199  1.0470360584506794e-05
185.85000000000002  0.00462434882848319  1.04680325436122e-05
185.9  0.004624348395348999  1.0465705161397203e-05
185.95000000000002  0.004624347964318536  1.0463378585645929e-05
186.0  0.004624347535518213  1.046105290457134e-05
186.05  0.004624347109025519  1.0458728138153891e-05
186.10000000000002  0.004624346684868496  1.0456404229247956e-05
186.15  0.004624346263034597  1.0454081039212418e-05
186.20000000000002  0.004624345843488179  1.0451758352338649e-05
186.25  0.004624345426175877  1.0449435876284169e-05
186.3  0.004624345011048545  1.0447113278960502e-05
186.35000000000002  0.004624344598055831  1.0444790180875498e-05
186.4  0.0046243441871675825  1.044246620366408e-05
186.45000000000002  0.0046243437783770325  1.0440140968785642e-05
186.5  0.004624343371698809  1.0437814134895354e-05
186.55  0.004624342967177173  1.0435485405253404e-05
186.60000000000002  0.004624342564880668  1.0433154544641797e-05
186.65  0.004624342164893257  1.0430821394297968e-05
186.70000000000002  0.0046243417673167125  1.0428485865166224e-05
186.75  0.004624341372255973  1.0426147936063208e-05
186.8  0.004624340979816917  1.0423807654680566e-05
186.85000000000002  0.004624340590094998  1.0421465114029953e-05
186.9  0.004624340203170388  1.0419120442163031e-05
186.95000000000002  0.004624339819106309  1.0416773792288511e-05
187.0  0.004624339437946873  1.0414425323117746e-05
187.05  0.0046243390597044  1.0412075170542593e-05
187.10000000000002  0.004624338684380816  1.0409723448738319e-05
187.15  0.004624338311953868  1.0407370236330514e-05
187.20000000000002  0.004624337942388507  1.0405015570074579e-05
187.25  0.0046243375756373105  1.0402659445230301e-05
187.3  0.004624337211651871  1.04003018183085e-05
187.35000000000002  0.004624336850383895  1.0397942616413471e-05
187.4  0.00462433649179946  1.0395581743670825e-05
187.45000000000002  0.004624336135872556  1.0393219078029659e-05
187.5  0.004624335782590973  1.0390854504551157e-05
187.55  0.004624335431969359  1.0388487917645332e-05
187.60000000000002  0.00462433508403457  1.0386119224985989e-05
187.65  0.0046243347388390185  1.0383748355558964e-05
187.70000000000002  0.004624334396455824  1.0381375278228756e-05
187.75  0.004624334056972788  1.0378999982411627e-05
187.8  0.004624333720487067  1.0376622498975368e-05
187.85000000000002  0.004624333387111395  1.0374242891587822e-05
187.9  0.0046243330569588  1.0371861248823956e-05
187.95000000000002  0.004624332730141399  1.0369477682486521e-05
188.0  0.004624332406754337  1.036709232928131e-05
188.05  0.0046243320868821665  1.0364705339921633e-05
188.10000000000002  0.004624331770583892  1.0362316866898326e-05
188.15  0.004624331457889921  1.0359927071750958e-05
188.20000000000002  0.004624331148795317  1.03575361146392e-05
188.25  0.004624330843260501  1.0355144150226733e-05
188.3  0.004624330541205694  1.0352751327799231e-05
188.35000000000002  0.004624330242511865  1.0350357800656361e-05
188.4  0.0046243299470248925  1.0347963713541177e-05
188.45000000000002  0.004624329654549525  1.0345569199869528e-05
188.5  0.004624329364871572  1.0343174396520827e-05
188.55  0.0046243290777523574  1.034077944065568e-05
188.60000000000002  0.004624328792935495  1.0338384452330626e-05
188.65  0.004624328510157864  1.0335989552910908e-05
188.70000000000002  0.004624328229147808  1.0333594856984758e-05
188.75  0.004624327949650011  1.0331200468959432e-05
188.8  0.004624327671414918  1.0328806478326966e-05
188.85000000000002  0.004624327394208855  1.0326412972900567e-05
188.9  0.004624327117815569  1.0324020023564488e-05
188.95000000000002  0.004624326842046383  1.0321627676628912e-05
189.0  0.004624326566735329  1.0319235970508001e-05
189.05  0.004624326291750635  1.031684492699465e-05
189.10000000000002  0.0046243260169871875  1.0314454562286176e-05
189.15  0.004624325742358082  1.031206488446781e-05
189.20000000000002  0.004624325467812754  1.0309675898512239e-05
189.25  0.004624325193314412  1.0307287618532326e-05
189.3  0.004624324918861269  1.0304900077526161e-05
189.35000000000002  0.004624324644461917  1.0302513317913512e-05
189.4  0.004624324370150507  1.0300127416353206e-05
189.45000000000002  0.004624324095968908  1.0297742483607672e-05
189.5  0.004624323821977143  1.029535866846813e-05
189.55  0.004624323548238938  1.0292976152859505e-05
189.60000000000002  0.004624323274820656  1.0290595148957551e-05
189.65  0.004624323001783405  1.0288215903758902e-05
189.70000000000002  0.004624322729181963  1.028583868834306e-05
189.75  0.004624322457061206  1.0283463771980108e-05
189.8  0.004624322185455095  1.0281091426675735e-05
189.85000000000002  0.00462432191437618  1.0278721904610316e-05
189.9  0.004624321643819899  1.0276355428567308e-05
189.95000000000002  0.004624321373771724  1.027399217314901e-05
190.0  0.0046243211042043715  1.0271632270452374e-05
190.05  0.004624320835088223  1.0269275774132814e-05
190.10000000000002  0.004624320566392716  1.0266922690558674e-05
190.15  0.004624320298101902  1.0264572961132114e-05
190.20000000000002  0.004624320030218974  1.0262226471553514e-05
190.25  0.004624319762775723  1.0259883064777165e-05
190.3  0.004624319495842001  1.0257542556115505e-05
190.35000000000002  0.004624319229523892  1.025520475450846e-05
190.4  0.004624318963979721  1.025286947319411e-05
190.45000000000002  0.004624318699408322  1.025053655240255e-05
190.5  0.004624318436038421  1.0248205871600233e-05
190.55  0.004624318174132542  1.0245877366990507e-05
190.60000000000002  0.0046243179139668425  1.0243551032841547e-05
190.65  0.004624317655822186  1.0241226919153809e-05
190.70000000000002  0.004624317399970403  1.0238905134371884e-05
190.75  0.004624317146640204  1.0236585821285341e-05
190.8  0.004624316896026898  1.023426914091274e-05
190.85000000000002  0.004624316648278351  1.0231955269941614e-05
190.9  0.004624316403485106  1.0229644354842593e-05
190.95000000000002  0.004624316161681402  1.0227336507645178e-05
191.0  0.004624315922842022  1.0225031772860308e-05
191.05  0.004624315686896287  1.0222730127909612e-05
191.10000000000002  0.004624315453735977  1.0220431454524736e-05
191.15  0.004624315223233354  1.0218135550101897e-05
191.20000000000002  0.00462431499525109  1.0215842131261536e-05
191.25  0.004624314769667533  1.0213550840693453e-05
191.3  0.004624314546384577  1.0211261264290292e-05
191.35000000000002  0.004624314325351268  1.020897296819091e-05
191.4  0.004624314106561672  1.0206685517617213e-05
191.45000000000002  0.004624313890067447  1.0204398509248628e-05
191.5  0.004624313675979845  1.0202111597165867e-05
191.55  0.004624313464462675  1.0199824515483837e-05
191.60000000000002  0.004624313255725994  1.0197537104641186e-05
191.65  0.004624313050012566  1.0195249320677183e-05
191.70000000000002  0.00462431284758354  1.0192961231956956e-05
191.75  0.004624312648709914  1.0190673024642577e-05
191.8  0.00462431245365842  1.0188384988131559e-05
191.85000000000002  0.004624312262666878  1.0186097491405659e-05
191.9  0.004624312075946428  1.0183810946124855e-05
191.95000000000002  0.0046243118936809165  1.0181525781392494e-05
192.0  0.004624311716011832  1.0179242404828927e-05
192.05  0.004624311543053887  1.0176961164593475e-05
192.10000000000002  0.004624311374907052  1.017468231186174e-05
192.15  0.004624311211677651  1.017240596785532e-05
192.20000000000002  0.004624311053488851  1.0170132106339462e-05
192.25  0.004624310900498352  1.0167860533032081e-05
192.3  0.004624310752925474  1.0165590886589619e-05
192.35000000000002  0.00462431061105999  1.0163322632952629e-05
192.4  0.004624310475274724  1.016105509060309e-05
192.45000000000002  0.004624310346029562  1.0158787457247165e-05
192.5  0.004624310223850216  1.0156518859707405e-05
192.55  0.004624310109319759  1.0154248412052767e-05
192.60000000000002  0.004624310003018281  1.0151975288904087e-05
192.65  0.004624309905476887  1.0149698821078636e-05
192.70000000000002  0.004624309817100524  1.014741857569072e-05
192.75  0.004624309738085915  1.0145134471436351e-05
192.8  0.004624309668349014  1.0142846869379678e-05
192.85000000000002  0.00462430960745772  1.0140556638981236e-05
192.9  0.004624309554585192  1.0138265207352807e-05
192.95000000000002  0.004624309508495775  1.013597455146973e-05
193.0  0.004624309467581548  1.0133687143726043e-05
193.05  0.004624309429915799  1.0131405831919914e-05
193.10000000000002  0.004624309393352941  1.0129133681830202e-05
193.15  0.004624309355635707  1.0126873758448414e-05
193.20000000000002  0.004624309314519664  1.0124628899081009e-05
193.25  0.004624309267911467  1.0122401486197965e-05
193.3  0.004624309213997588  1.0120193243414132e-05
193.35000000000002  0.004624309151370243  1.0118005055901e-05
193.4  0.004624309079111523  1.011583686700283e-05
193.45000000000002  0.004624308996876148  1.0113687652395868e-05
193.5  0.0046243089049289084  1.0111555479085455e-05
193.55  0.004624308804146169  1.0109437625562696e-05
193.60000000000002  0.0046243086959626275  1.0107330810285449e-05
193.65  0.004624308582306129  1.0105231430422681e-05
193.70000000000002  0.004624308465477617  1.0103135873204148e-05
193.75  0.0046243083480230806  1.0101040822144215e-05
193.8  0.004624308232579163  1.0098943525125328e-05
193.85000000000002  0.004624308121720327  1.0096842038838149e-05
193.9  0.004624308017818691  1.0094735377353348e-05
193.95000000000002  0.004624307922913167  1.0092623602627769e-05
194.0  0.0046243078386013076  1.009050779053052e-05
194.05  0.004624307765972583  1.0088389931355275e-05
194.10000000000002  0.0046243077055496086  1.008627273159092e-05
194.15  0.004624307657293745  1.008415935574214e-05
194.20000000000002  0.004624307620624739  1.0082053173869353e-05
194.25  0.004624307594455269  1.0079957412995046e-05
194.3  0.004624307577266693  1.0077874891856223e-05
194.35000000000002  0.004624307567207099  1.0075807774647916e-05
194.4  0.0046243075621749535  1.0073757385164498e-05
194.45000000000002  0.004624307559939665  1.0071724084952703e-05
194.5  0.00462430755824147  1.0069707259155617e-05
194.55  0.004624307554893202  1.0067705367639344e-05
194.60000000000002  0.004624307547882  1.0065716075327842e-05
194.65  0.004624307535443567  1.006373643868508e-05
194.70000000000002  0.0046243075161239815  1.0061763145388734e-05
194.75  0.00462430748883441  1.0059792769957997e-05
194.8  0.004624307452863042  1.005782203405389e-05
194.85000000000002  0.004624307407881517  1.005584803612501e-05
194.9  0.004624307353930322  1.005386845911034e-05
194.95000000000002  0.004624307291379335  1.0051881705386778e-05
195.0  0.004624307220864239  1.0049886993066112e-05
195.05  0.004624307143219401  1.004788437057836e-05
195.10000000000002  0.004624307059402671  1.0045874685719619e-05
195.15  0.004624306970417758  1.0043859484299387e-05
195.20000000000002  0.004624306877238695  1.0041840877869265e-05
195.25  0.0046243067807385865  1.0039821380449284e-05
195.3  0.004624306681649396  1.0037803720651361e-05
195.35000000000002  0.004624306580512665  1.0035790665609904e-05
195.4  0.004624306477687119  1.003378485190608e-05
195.45000000000002  0.004624306373353836  1.0031788631650793e-05
195.5  0.004624306267538734  1.0029803962279779e-05
195.55  0.004624306160170177  1.0027832316511467e-05
195.60000000000002  0.004624306051121719  1.002587464925378e-05
195.65  0.004624305940279619  1.0023931367456695e-05
195.70000000000002  0.004624305827593322  1.0022002367475456e-05
195.75  0.00462430571312176  1.0020087091827947e-05
195.8  0.004624305597069538  1.0018184590164148e-05
195.85000000000002  0.004624305479806652  1.0016293625963501e-05
195.9  0.004624305361864942  1.0014412768400703e-05
195.95000000000002  0.004624305243924841  1.0012540496648237e-05
196.0  0.0046243051267791215  1.0010675292927275e-05
196.05  0.004624305011284038  1.0008815729071835e-05
196.10000000000002  0.004624304898319281  1.0006960539413476e-05
196.15  0.004624304788721768  1.0005108667844403e-05
196.20000000000002  0.004624304683237761  1.0003259289744524e-05
196.25  0.004624304582471714  1.0001411843653552e-05
196.3  0.00462430448685546  9.999566008590739e-06
196.35000000000002  0.004624304396625588  9.99772167856231e-06
196.4  0.0046243043118136  9.995878947594386e-06
196.45000000000002  0.004624304232251363  9.994038036660596e-06
196.5  0.004624304157590417  9.992199273851708e-06
196.55  0.004624304087336483  9.990363029575072e-06
196.60000000000002  0.004624304020886941  9.988529667796822e-06
196.65  0.004624303957571188  9.986699523291157e-06
196.70000000000002  0.004624303896701121  9.98487286460411e-06
196.75  0.00462430383760629  9.9830498681692e-06
196.8  0.004624303779674948  9.981230609232441e-06
196.85000000000002  0.004624303722379963  9.979415059176878e-06
196.9  0.004624303665288197  9.977603093986909e-06
196.95000000000002  0.004624303608068207  9.97579450870895e-06
197.0  0.004624303550495729  9.973989030356405e-06
197.05  0.004624303492428396  9.972186337753996e-06
197.10000000000002  0.004624303433785393  9.970386086321809e-06
197.15  0.004624303374532434  9.96858793341745e-06
197.20000000000002  0.004624303314647557  9.966791545656256e-06
197.25  0.004624303254101211  9.964996633098149e-06
197.3  0.004624303192832853  9.963202953584198e-06
197.35000000000002  0.0046243031307433725  9.961410329223172e-06
197.4  0.004624303067682876  9.959618646735364e-06
197.45000000000002  0.004624303003449481  9.957827878431653e-06
197.5  0.004624302937805225  9.95603807110066e-06
197.55  0.004624302870481853  9.954249357690739e-06
197.60000000000002  0.004624302801201447  9.952461947063901e-06
197.65  0.004624302729701423  9.950676126310052e-06
197.70000000000002  0.004624302655757684  9.948892249317745e-06
197.75  0.00462430257920333  9.947110733217082e-06
197.8  0.004624302499937701  9.945332042363194e-06
197.85000000000002  0.004624302417963496  9.943556682322367e-06
197.9  0.0046243023333642315  9.941785179171271e-06
197.95000000000002  0.004624302246331332  9.940018061780166e-06
198.0  0.004624302157130994  9.938255849212017e-06
198.05  0.004624302066115834  9.936499035681215e-06
198.10000000000002  0.004624301973686686  9.934748058863887e-06
198.15  0.004624301880291675  9.933003283545082e-06
198.20000000000002  0.004624301786395767  9.93126499170216e-06
198.25  0.004624301692449892  9.929533370097688e-06
198.3  0.0046243015988970924  9.92780848991824e-06
198.35000000000002  0.004624301506139534  9.926090301519073e-06
198.4  0.0046243014145254235  9.924378653156317e-06
198.45000000000002  0.0046243013243478315  9.922673276305732e-06
198.5  0.0046243012358348785  9.920973797222875e-06
198.55  0.004624301149150568  9.919279754917131e-06
198.60000000000002  0.004624301064392662  9.917590608021877e-06
198.65  0.0046243009816071805  9.915905772893364e-06
198.70000000000002  0.004624300900776847  9.914224630036047e-06
198.75  0.004624300821829222  9.912546552052188e-06
198.8  0.004624300744651204  9.910870935137667e-06
198.85000000000002  0.0046243006690685675  9.909197212482843e-06
198.9  0.004624300594865226  9.907524875044932e-06
198.95000000000002  0.004624300521784438  9.905853483037934e-06
199.0  0.004624300449500282  9.90418265779144e-06
199.05  0.004624300377633662  9.902512107914181e-06
199.10000000000002  0.004624300305740651  9.900841613445517e-06
199.15  0.004624300233296857  9.899171007629503e-06
199.20000000000002  0.00462430015970729  9.897500169893767e-06
199.25  0.004624300084290836  9.895829003129547e-06
199.3  0.0046243000062782605  9.894157424987055e-06
199.35000000000002  0.0046242999248197825  9.892485343441783e-06
199.4  0.004624299838991207  9.890812647858487e-06
199.45000000000002  0.004624299747795244  9.889139202333543e-06
199.5  0.004624299650174634  9.887464834919083e-06
199.55  0.004624299545027371  9.88578934962366e-06
199.60000000000002  0.004624299431224423  9.88411252733771e-06
199.65  0.004624299307624997  9.88243414514938e-06
199.70000000000002  0.00462429917310899  9.880754001430247e-06
199.75  0.004624299026576851  9.879071931239866e-06
199.8  0.004624298866989285  9.877387834189149e-06
199.85000000000002  0.0046242986933636085  9.875701697475281e-06
199.9  0.004624298504802822  9.87401360776798e-06
199.95000000000002  0.004624298300485883  9.872323760777881e-06
200.0  0.004624298079683653  9.870632461453449e-06
200.05  0.0046242978417396895  9.868940122007458e-06
200.10000000000002  0.004624297586073519  9.86724722846055e-06
200.15  0.004624297312159593  9.865554324889963e-06
200.20000000000002  0.0046242970195335045  9.863861961016908e-06
200.25  0.00462429670778128  9.862170641395342e-06
200.3  0.004624296376563714  9.860480759547065e-06
200.35000000000002  0.0046242960256530526  9.858792504541727e-06
200.4  0.004624295654974313  9.857105776625108e-06
200.45000000000002  0.004624295264686922  9.855420074341053e-06
200.5  0.004624294855241322  9.853734421064269e-06
200.55  0.004624294427461367  9.852047327952367e-06
200.60000000000002  0.004624293982583931  9.850356835967332e-06
200.65  0.00462429352232194  9.848660629167205e-06
200.70000000000002  0.004624293048895306  9.84695623361835e-06
200.75  0.004624292565072001  9.845241250919942e-06
200.8  0.004624292074157982  9.843513612043596e-06
200.85000000000002  0.004624291579975642  9.841771791971857e-06
200.9  0.0046242910867840895  9.840014970735411e-06
200.95000000000002  0.00462429059913056  9.838243118026368e-06
201.0  0.004624290121672666  9.836456975640898e-06
201.05  0.004624289658914727  9.834657965543544e-06
201.10000000000002  0.004624289214923399  9.832848034093506e-06
201.15  0.0046242887930160095  9.831029454047404e-06
201.20000000000002  0.0046242883954699734  9.829204603858589e-06
201.25  0.004624288023276154  9.827375772347005e-06
201.3  0.004624287675968198  9.825545003860543e-06
201.35000000000002  0.004624287351560821  9.823713971106961e-06
201.4  0.0046242870466085126  9.821883919166456e-06
201.45000000000002  0.004624286756381553  9.820055647208154e-06
201.5  0.004624286475173388  9.818229543028172e-06
201.55  0.004624286196682056  9.816405647845615e-06
201.60000000000002  0.004624285914457981  9.814583730746656e-06
201.65  0.004624285622380512  9.812763386260169e-06
201.70000000000002  0.004624285315105014  9.810944103057033e-06
201.75  0.004624284988462469  9.809125347799638e-06
201.8  0.004624284639751558  9.807306607088632e-06
201.85000000000002  0.004624284267923126  9.805487427085827e-06
201.9  0.004624283873638365  9.803667425584959e-06
201.95000000000002  0.004624283459179828  9.801846299422775e-06
202.0  0.004624283028247928  9.800023814655839e-06
202.05  0.004624282585650085  9.798199801286137e-06
202.10000000000002  0.004624282136909224  9.796374143272027e-06
202.15  0.004624281687846515  9.79454677815525e-06
202.20000000000002  0.004624281244134448  9.792717697730842e-06
202.25  0.004624280810896183  9.790886953156689e-06
202.3  0.0046242803923660595  9.789054682589314e-06
202.35000000000002  0.00462427999161599  9.787221118566163e-06
202.4  0.00462427961041784  9.785386612843912e-06
202.45000000000002  0.004624279249177066  9.783551638043334e-06
202.5  0.004624278906982268  9.781716793773427e-06
202.55  0.004624278581782411  9.779882787719079e-06
202.60000000000002  0.0046242782706131655  9.778050412892667e-06
202.65  0.004624277969867884  9.77622049601046e-06
202.70000000000002  0.0046242776756330465  9.77439382249836e-06
202.75  0.0046242773839776  9.77257107144867e-06
202.8  0.00462427709125718  9.77075275266146e-06
202.85000000000002  0.004624276794333864  9.768939122541246e-06
202.9  0.004624276490771864  9.767130141669017e-06
202.95000000000002  0.004624276178926679  9.765325449399264e-06
203.0  0.004624275858005017  9.763524359999458e-06
203.05  0.004624275528024226  9.76172590127898e-06
203.10000000000002  0.004624275189741133  9.759928862172714e-06
203.15  0.004624274844517227  9.758131866795123e-06
203.20000000000002  0.004624274494159935  9.756333463788306e-06
203.25  0.004624274140745923  9.754532219472483e-06
203.3  0.004624273786439263  9.752726799199899e-06
203.35000000000002  0.004624273433326297  9.750916063930693e-06
203.4  0.004624273083253804  9.74909911791064e-06
203.45000000000002  0.004624272737730393  9.747275356771784e-06
203.5  0.004624272397837679  9.745444493734546e-06
203.55  0.0046242720641886375  9.7436065311371e-06
203.60000000000002  0.0046242717369168775  9.741761745177803e-06
203.65  0.004624271415725486  9.739910606942372e-06
203.70000000000002  0.004624271099915531  9.7380537171713e-06
203.75  0.004624270788458742  9.736191717867882e-06
203.8  0.004624270480055265  9.734325186612679e-06
203.85000000000002  0.004624270173198142  9.732454621571277e-06
203.9  0.0046242698662140105  9.730580364402207e-06
203.95000000000002  0.004624269557306474  9.728702624479134e-06
204.0  0.004624269244608121  9.726821562242509e-06
204.05  0.004624268926230485  9.724937375249435e-06
204.10000000000002  0.004624268600366847  9.723050422598012e-06
204.15  0.004624268265408887  9.721161365203457e-06
204.20000000000002  0.004624267920112019  9.71927124152219e-06
204.25  0.004624267563736481  9.717381518630665e-06
204.3  0.0046242671962119924  9.715494052897696e-06
204.35000000000002  0.004624266818248473  9.713610988961797e-06
204.4  0.00462426643137672  9.711734609796802e-06
204.45000000000002  0.0046242660379552875  9.709867121256364e-06
204.5  0.004624265641067729  9.708010429471866e-06
204.55  0.004624265244357067  9.706165941373159e-06
204.60000000000002  0.00462426485180938  9.704334398696092e-06
204.65  0.004624264467497814  9.702515765424562e-06
204.70000000000002  0.004624264095294493  9.700709189115664e-06
204.75  0.00462426373859799  9.698913031581114e-06
204.8  0.004624263400069509  9.697124960868444e-06
204.85000000000002  0.00462426308139593  9.695342096700632e-06
204.9  0.004624262783112267  9.693561206503612e-06
204.95000000000002  0.0046242625045385  9.691778934157292e-06
205.0  0.004624262243801273  9.689992053399564e-06
205.05  0.004624261997989125  9.688197751358846e-06
205.10000000000002  0.004624261763413892  9.686393834033553e-06
205.15  0.004624261535931404  9.68457893683932e-06
205.20000000000002  0.004624261311313932  9.682752628132183e-06
205.25  0.00462426108561617  9.680915432110458e-06
205.3  0.004624260855491823  9.679068740635139e-06
205.35000000000002  0.004624260618471637  9.67721467781152e-06
205.4  0.004624260373110109  9.67535587159516e-06
205.45000000000002  0.004624260119065216  9.67349519606127e-06
205.5  0.004624259857062258  9.671635513661115e-06
205.55  0.00462425958876321  9.669779410840852e-06
205.60000000000002  0.004624259316578465  9.667928982219325e-06
205.65  0.004624259043386361  9.666085666147499e-06
205.70000000000002  0.004624258772265678  9.664250159091017e-06
205.75  0.0046242585062014245  9.662422383330857e-06
205.8  0.004624258247819206  9.660601540928233e-06
205.85000000000002  0.00462425799916923  9.658786230406748e-06
205.9  0.0046242577615605365  9.656974605212157e-06
205.95000000000002  0.004624257535478897  9.655164568476649e-06
206.0  0.004624257320566823  9.653353986458043e-06
206.05  0.004624257115693937  9.651540890298597e-06
206.10000000000002  0.004624256919062033  9.6497236538277e-06
206.15  0.004624256728383061  9.64790113872243e-06
206.20000000000002  0.004624256541076994  9.646072792064745e-06
206.25  0.004624256354505862  9.644238692880375e-06
206.3  0.0046242561661811055  9.642399537333746e-06
206.35000000000002  0.004624255973970816  9.64055658023538e-06
206.4  0.004624255776271014  9.63871152249947e-06
206.45000000000002  0.004624255572118796  9.636866369272539e-06
206.5  0.004624255361271955  9.635023246963592e-06
206.55  0.004624255144218015  9.633184239543937e-06
206.60000000000002  0.004624254922114484  9.631351198122595e-06
206.65  0.0046242546966951455  9.629525598761985e-06
206.70000000000002  0.004624254470112419  9.627708423283434e-06
206.75  0.004624254244763926  9.625900081013765e-06
206.8  0.00462425402309292  9.624100387513631e-06
206.85000000000002  0.004624253807380571  9.622308589581077e-06
206.9  0.004624253599567812  9.620523448144014e-06
206.95000000000002  0.004624253401098429  9.618743360691248e-06
207.0  0.0046242532128064374  9.616966506964814e-06
207.05  0.00462425303485877  9.615191019151094e-06
207.10000000000002  0.004624252866754016  9.613415153642086e-06
207.15  0.004624252707361451  9.611637448073411e-06
207.20000000000002  0.00462425255503798  9.609856842510454e-06
207.25  0.004624252407756515  9.608072781122026e-06
207.3  0.0046242522632823895  9.606285242165456e-06
207.35000000000002  0.004624252119343792  9.604494737471607e-06
207.4  0.00462425197381438  9.602702253821384e-06
207.45000000000002  0.004624251824854175  9.600909162270716e-06
207.5  0.0046242516710444685  9.599117082720639e-06
207.55  0.004624251511453124  9.597327733380608e-06
207.60000000000002  0.004624251345682801  9.595542795820337e-06
207.65  0.004624251173854057  9.59376375225087e-06
207.70000000000002  0.004624250996555066  9.591991785993886e-06
207.75  0.004624250814743281  9.590227674046956e-06
207.8  0.004624250629645377  9.588471758449236e-06
207.85000000000002  0.004624250442618945  9.586723928097448e-06
207.9  0.004624250255014816  9.584983659860652e-06
207.95000000000002  0.0046242500680720435  9.583250092448535e-06
208.0  0.004624249882809671  9.581522108342358e-06
208.05  0.004624249699951616  9.579798467598644e-06
208.10000000000002  0.004624249519882014  9.578077926985223e-06
208.15  0.00462424934264096  9.57635934966766e-06
208.20000000000002  0.004624249167945762  9.574641816488504e-06
208.25  0.004624248995239465  9.572924693635526e-06
208.3  0.004624248823764533  9.571207697961738e-06
208.35000000000002  0.004624248652647848  9.569490889835616e-06
208.4  0.004624248480994014  9.56777468131029e-06
208.45000000000002  0.004624248307968079  9.566059774681278e-06
208.5  0.004624248132874525  9.564347099350185e-06
208.55  0.004624247955217117  9.562637726358388e-06
208.60000000000002  0.004624247774734924  9.56093277316987e-06
208.65  0.00462424759142044  9.559233315859857e-06
208.70000000000002  0.004624247405509978  9.55754029884857e-06
208.75  0.004624247217453479  9.555854466044182e-06
208.8  0.00462424702786857  9.554176311970903e-06
208.85000000000002  0.004624246837484502  9.55250606032872e-06
208.9  0.004624246647078646  9.550843653375502e-06
208.95000000000002  0.004624246457414152  9.5491887867598e-06
209.0  0.004624246269176794  9.54754094768953e-06
209.05  0.004624246082930758  9.545899473016019e-06
209.10000000000002  0.004624245899082259  9.544263617643284e-06
209.15  0.004624245717864999  9.54263262871756e-06
209.20000000000002  0.004624245539329929  9.541005812554113e-06
209.25  0.004624245363367836  9.539382583471818e-06
209.3  0.004624245189726069  9.537762519269372e-06
209.35000000000002  0.004624245018049002  9.536145389743794e-06
209.4  0.004624244847907089  9.534531156683516e-06
209.45000000000002  0.00462424467885305  9.532919969274784e-06
209.5  0.004624244510453974  9.53131214663705e-06
209.55  0.00462424434232155  9.529708122244898e-06
209.60000000000002  0.00462424417414324  9.528108414136956e-06
209.65  0.0046242440057027295  9.52651356043625e-06
209.70000000000002  0.004624243836878586  9.524924070861563e-06
209.75  0.004624243667642711  9.523340383098831e-06
209.8  0.004624243498055593  9.521762819851926e-06
209.85000000000002  0.004624243328238179  9.520191565175212e-06
209.9  0.004624243158357952  9.518626649981118e-06
209.95000000000002  0.004624242988604024  9.517067953926525e-06
210.0  0.004624242819155279  9.51551521510381e-06
210.05  0.004624242650178998  9.513968061859522e-06
210.10000000000002  0.0046242424818008065  9.512426043471118e-06
210.15  0.004624242314105474  9.51088866675821e-06
210.20000000000002  0.004624242147123507  9.509355445628173e-06
210.25  0.00462424198083982  9.507825925099826e-06
210.3  0.004624241815196821  9.506299727091562e-06
210.35000000000002  0.0046242416501058765  9.504776573409401e-06
210.4  0.004624241485464944  9.503256289843257e-06
210.45000000000002  0.004624241321159716  9.501738818622313e-06
210.5  0.004624241157088026  9.500224210767278e-06
210.55  0.004624240993169998  9.498712612801484e-06
210.60000000000002  0.004624240829339217  9.497204231273895e-06
210.65  0.004624240665555375  9.495699316399683e-06
210.70000000000002  0.0046242405018237336  9.494198144868829e-06
210.75  0.004624240338170301  9.492700958628491e-06
210.8  0.0046242401746283066  9.491207969787328e-06
210.85000000000002  0.004624240011255054  9.48971933304696e-06
210.9  0.004624239848104773  9.488235145993537e-06
210.95000000000002  0.0046242396852228355  9.48675542500577e-06
211.0  0.0046242395226390245  9.485280117493865e-06
211.05  0.004624239360350722  9.483809114620654e-06
211.10000000000002  0.004624239198325003  9.482342265493449e-06
211.15  0.004624239036488608  9.480879380640054e-06
211.20000000000002  0.004624238874726719  9.479420285182096e-06
211.25  0.004624238712887333  9.477964803513761e-06
211.3  0.004624238550784477  9.476512796200853e-06
211.35000000000002  0.004624238388191665  9.475064161795488e-06
211.4  0.004624238224871652  9.473618852099781e-06
211.45000000000002  0.004624238060570461  9.47217686601394e-06
211.5  0.0046242378950238005  9.470738246132919e-06
211.55  0.004624237727972954  9.469303070772441e-06
211.60000000000002  0.004624237559168886  9.467871437343648e-06
211.65  0.004624237388379351  9.466443445920958e-06
211.70000000000002  0.0046242372154002755  9.465019190627828e-06
211.75  0.00462423704004761  9.463598741383497e-06
211.8  0.004624236862167726  9.462182130485125e-06
211.85000000000002  0.00462423668164604  9.460769349901312e-06
211.9  0.004624236498396449  9.459360347751342e-06
211.95000000000002  0.004624236312370636  9.457955030980288e-06
212.0  0.004624236123547457  9.45655327066743e-06
212.05  0.00462423593193299  9.45515490954955e-06
212.10000000000002  0.00462423573755763  9.453759785144006e-06
212.15  0.00462423554046913  9.452367737946653e-06
212.20000000000002  0.004624235340730462  9.450978630775795e-06
212.25  0.004624235138418835  9.449592358317546e-06
212.3  0.004624234933620803  9.448208854380386e-06
212.35000000000002  0.004624234726415667  9.44682810126577e-06
212.4  0.004624234516878472  9.445450133454069e-06
212.45000000000002  0.0046242343050726855  9.444075030852086e-06
212.5  0.004624234091044406  9.442702912031715e-06
212.55  0.004624233874820133  9.441333921394187e-06
212.60000000000002  0.00462423365640347  9.43996821747269e-06
212.65  0.004624233435776708  9.438605959769467e-06
212.70000000000002  0.004624233212894469  9.437247289840926e-06
212.75  0.0046242329876958225  9.435892309702336e-06
212.8  0.004624232760098407  9.434541094639089e-06
212.85000000000002  0.004624232530024727  9.43319364888669e-06
212.9  0.004624232297387459  9.431849940161142e-06
212.95000000000002  0.004624232062115607  9.43050987681811e-06
213.0  0.004624231824149576  9.429173323493903e-06
213.05  0.004624231583482812  9.427840103431673e-06
213.10000000000002  0.004624231340134129  9.426510040945697e-06
213.15  0.004624231094159915  9.425182943545751e-06
213.20000000000002  0.004624230845673295  9.423858643309365e-06
213.25  0.004624230594817194  9.422537010613583e-06
213.3  0.0046242303417763355  9.42121796974767e-06
213.35000000000002  0.00462423008676199  9.419901517796001e-06
213.4  0.004624229829991521  9.418587707815057e-06
213.45000000000002  0.004624229571679073  9.417276680985746e-06
213.5  0.0046242293120325175  9.415968622214423e-06
213.55  0.004624229051219472  9.414663787475366e-06
213.60000000000002  0.004624228789372842  9.413362452474783e-06
213.65  0.004624228526577911  9.412064891397745e-06
213.70000000000002  0.004624228262856167  9.41077136469999e-06
213.75  0.004624227998184642  9.409482086422324e-06
213.8  0.004624227732482413  9.408197199771561e-06
213.85000000000002  0.0046242274656383  9.406916762031451e-06
213.9  0.004624227197505445  9.405640730695057e-06
213.95000000000002  0.0046242269279423865  9.404368966324504e-06
214.0  0.004624226656816098  9.403101230546718e-06
214.05  0.004624226384026202  9.40183719590859e-06
214.10000000000002  0.004624226109530153  9.400576472476366e-06
214.15  0.004624225833354107  9.399318626682155e-06
214.20000000000002  0.004624225555590372  9.398063206757364e-06
214.25  0.0046242252764064715  9.396809785201706e-06
214.3  0.004624224996062242  9.39555798441995e-06
214.35000000000002  0.004624224714870204  9.39430749592649e-06
214.4  0.004624224433195658  9.393058104065353e-06
214.45000000000002  0.0046242241514321825  9.391809701880018e-06
214.5  0.004624223869986496  9.390562281731832e-06
214.55  0.004624223589248227  9.389315951323485e-06
214.60000000000002  0.004624223309569908  9.388070884499417e-06
214.65  0.004624223031253583  9.386827329826351e-06
214.70000000000002  0.004624222754530094  9.385585563925855e-06
214.75  0.004624222479552067  9.384345865672845e-06
214.8  0.004624222206388154  9.38310848812488e-06
214.85000000000002  0.0046242219350345086  9.38187361271277e-06
214.9  0.00462422166542138  9.380641333268798e-06
214.95000000000002  0.004624221397416363  9.37941163516309e-06
215.0  0.004624221130850991  9.378184384919588e-06
215.05  0.0046242208655321885  9.376959323625664e-06
215.10000000000002  0.004624220601250345  9.375736095097313e-06
215.15  0.004624220337829828  9.374514244209576e-06
215.20000000000002  0.004624220075111389  9.373293247044879e-06
215.25  0.004624219812968377  9.372072540427718e-06
215.3  0.00462421955131606  9.370851570113724e-06
215.35000000000002  0.004624219290110709  9.36962981430717e-06
215.4  0.004624219029353161  9.368406812583294e-06
215.45000000000002  0.004624218769073483  9.367182200351908e-06
215.5  0.004624218509329137  9.36595571953136e-06
215.55  0.004624218250195768  9.364727235006848e-06
215.60000000000002  0.00462421799174737  9.363496729980954e-06
215.65  0.004624217734055112  9.362264280611312e-06
215.70000000000002  0.0046242174771764805  9.361030055327804e-06
215.75  0.004624217221149729  9.35979428667286e-06
215.8  0.004624216965978024  9.35855721573194e-06
215.85000000000002  0.00462421671164381  9.357319075143413e-06
215.9  0.004624216458090366  9.35608004286104e-06
215.95000000000002  0.004624216205237572  9.354840206185658e-06
216.0  0.0046242159529803015  9.353599552283976e-06
216.05  0.004624215701187868  9.352357922763081e-06
216.10000000000002  0.004624215449711579  9.351115026191631e-06
216.15  0.004624215198386229  9.34987042706573e-06
216.20000000000002  0.004624214947037415  9.348623566195098e-06
216.25  0.004624214695470157  9.347373789463227e-06
216.3  0.004624214443474472  9.346120375436583e-06
216.35000000000002  0.004624214190818339  9.344862590390648e-06
216.4  0.004624213937249537  9.343599734577896e-06
216.45000000000002  0.004624213682478667  9.342331206531493e-06
216.5  0.0046242134262014754  9.341056559384559e-06
216.55  0.004624213168106655  9.339775552434309e-06
216.60000000000002  0.004624212907890961  9.338488195838325e-06
216.65  0.004624212645296808  9.337194778143869e-06
216.70000000000002  0.00462421238014899  9.335895869095094e-06
216.75  0.004624212112393536  9.334592288901646e-06
216.8  0.004624211842146536  9.333285069675438e-06
216.85000000000002  0.004624211569728995  9.331975389715791e-06
216.9  0.0046242112956866276  9.33066446463583e-06
216.95000000000002  0.0046242110208097875  9.3293534588513e-06
217.0  0.004624210746115191  9.32804336263836e-06
217.05  0.004624210472807753  9.326734889206e-06
217.10000000000002  0.004624210202222253  9.325428370017477e-06
217.15  0.004624209935738421  9.324123711843882e-06
217.20000000000002  0.004624209674686592  9.322820355314083e-06
217.25  0.004624209420267058  9.321517326989323e-06
217.3  0.004624209173451278  9.320213304462523e-06
217.35000000000002  0.004624208934934242  9.318906746111638e-06
217.4  0.0046242087051073365  9.31759602669713e-06
217.45000000000002  0.004624208484063228  9.316279585338866e-06
217.5  0.0046242082716241775  9.314956065689309e-06
217.55  0.004624208067392256  9.313624403679154e-06
217.60000000000002  0.004624207870788509  9.312283928507641e-06
217.65  0.004624207681106603  9.31093438439305e-06
217.70000000000002  0.0046242074975367505  9.30957597578035e-06
217.75  0.004624207319185563  9.308209350780445e-06
217.8  0.004624207145100945  9.306835597425558e-06
217.85000000000002  0.004624206974261469  9.305456173727463e-06
217.9  0.004624206805602611  9.304072901924807e-06
217.95000000000002  0.004624206638029584  9.302687838613575e-06
218.0  0.00462420647046599  9.30130322603002e-06
218.05  0.0046242063018870514  9.29992133340626e-06
218.10000000000002  0.0046242061313658146  9.298544394584953e-06
218.15  0.0046242059581276425  9.297174419327791e-06
218.20000000000002  0.004624205781572611  9.29581309992022e-06
218.25  0.004624205601330826  9.294461687607866e-06
218.3  0.0046242054172922955  9.29312089350354e-06
218.35000000000002  0.00462420522962091  9.291790836117487e-06
218.4  0.004624205038736281  9.290471001679884e-06
218.45000000000002  0.004624204845330455  9.289160281759697e-06
218.5  0.00462420465032564  9.287857023067977e-06
218.55  0.004624204454851618  9.286559170624187e-06
218.60000000000002  0.0046242042601856385  9.285264407855394e-06
218.65  0.004624204067714821  9.283970364068133e-06
218.70000000000002  0.004624203878885792  9.282674805954869e-06
218.75  0.00462420369516545  9.28137581370191e-06
218.8  0.004624203518000398  9.280071935086044e-06
218.85000000000002  0.0046242033487975745  9.278762297913039e-06
218.9  0.004624203188878956  9.277446649938365e-06
218.95000000000002  0.004624203039463581  9.276125355164577e-06
219.0  0.004624202901636738  9.27479931687184e-06
219.05  0.004624202776317567  9.273469840317713e-06
219.10000000000002  0.004624202664222708  9.27213848131757e-06
219.15  0.004624202565823476  9.270806851066516e-06
219.20000000000002  0.004624202481310988  9.269476436850111e-06
219.25  0.004624202410566198  9.268148447776373e-06
219.3  0.004624202353135158  9.266823647635585e-06
219.35000000000002  0.00462420230821544  9.265502293356338e-06
219.4  0.004624202274666666  9.264184068133451e-06
219.45000000000002  0.004624202251038646  9.262868108986452e-06
219.5  0.0046242022356098355  9.261553063404039e-06
219.55  0.004624202226454042  9.260237199618374e-06
219.60000000000002  0.004624202221518139  9.258918559162974e-06
219.65  0.004624202218721749  9.257595097536004e-06
219.70000000000002  0.004624202216042978  9.256264866675971e-06
219.75  0.004624202211626713  9.254926163574584e-06
219.8  0.004624202203871903  9.253577675388455e-06
219.85000000000002  0.00462420219150137  9.252218574521986e-06
219.9  0.00462420217364085  9.250848576287232e-06
219.95000000000002  0.004624202149855049  9.24946796755019e-06
220.0  0.004624202120144839  9.248077564545665e-06
220.05  0.00462420208494828  9.246678660123136e-06
220.10000000000002  0.004624202045087081  9.24527291324355e-06
220.15  0.0046242020017203105  9.243862238413682e-06
220.20000000000002  0.004624201956250282  9.242448664930909e-06
220.25  0.004624201910247426  9.24103419781868e-06
220.3  0.004624201865336772  9.239620700526158e-06
220.35000000000002  0.004624201823094077  9.23820978236499e-06
220.4  0.0046242017849725345  9.23680271685184e-06
220.45000000000002  0.004624201752207313  9.235400386458535e-06
220.5  0.004624201725762135  9.234003258834878e-06
220.55  0.004624201706299003  9.23261140016641e-06
220.60000000000002  0.004624201694145753  9.231224514484371e-06
220.65  0.004624201689315747  9.229841986065148e-06
220.70000000000002  0.004624201691531542  9.228462965774833e-06
220.75  0.0046242017002796725  9.227086445607118e-06
220.8  0.004624201714848444  9.225711330527803e-06
220.85000000000002  0.004624201734407594  9.22433653607277e-06
220.9  0.004624201758096191  9.222961049771205e-06
220.95000000000002  0.004624201785069844  9.221583979393755e-06
221.0  0.004624201814562252  9.220204599155041e-06
221.05  0.0046242018459377275  9.218822371137883e-06
221.10000000000002  0.0046242018787296104  9.217436942955667e-06
221.15  0.004624201912650599  9.21604815738062e-06
221.20000000000002  0.004624201947586542  9.21465602708731e-06
221.25  0.004624201983591552  9.213260710849862e-06
221.3  0.0046242020208616  9.211862494717582e-06
221.35000000000002  0.0046242020596831595  9.21046174181774e-06
221.4  0.004624202100401334  9.209058886426976e-06
221.45000000000002  0.004624202143362978  9.207654394285252e-06
221.5  0.00462420218888257  9.206248747164203e-06
221.55  0.004624202237191399  9.204842409066563e-06
221.60000000000002  0.004624202288420597  9.203435832365633e-06
221.65  0.004624202342567581  9.20202944201077e-06
221.70000000000002  0.004624202399488976  9.200623623444609e-06
221.75  0.004624202458909621  9.199218731323897e-06
221.8  0.004624202520430835  9.197815089751353e-06
221.85000000000002  0.004624202583555607  9.196412990348513e-06
221.9  0.004624202647721944  9.195012687254671e-06
221.95000000000002  0.0046242027123449304  9.193614410159746e-06
222.0  0.004624202776851173  9.19221835442822e-06
222.05  0.00462420284072439  9.19082469150693e-06
222.10000000000002  0.004624202903534165  9.189433558348619e-06
222.15  0.004624202964970914  9.188045087149047e-06
222.20000000000002  0.0046242030248611465  9.186659379934383e-06
222.25  0.004624203083191871  9.18527652252138e-06
222.3  0.004624203140095883  9.183896589746145e-06
222.35000000000002  0.004624203195849994  9.182519650551735e-06
222.4  0.004624203250857242  9.181145769304588e-06
222.45000000000002  0.004624203305621192  9.179775009526877e-06
222.5  0.004624203360713163  9.17840744083945e-06
222.55  0.004624203416743265  9.177043162178698e-06
222.60000000000002  0.0046242034743290295  9.175682273758628e-06
222.65  0.004624203534053342  9.174324907696312e-06
222.70000000000002  0.004624203596447602  9.172971225369374e-06
222.75  0.0046242036619679565  9.171621405718037e-06
222.8  0.004624203730990594  9.170275656800687e-06
222.85000000000002  0.00462420380378609  9.168934192841986e-06
222.9  0.004624203880542119  9.167597252679247e-06
222.95000000000002  0.004624203961359648  9.166265059722707e-06
223.0  0.0046242040462779925  9.164937828530794e-06
223.05  0.004624204135297398  9.163615743349009e-06
223.10000000000002  0.004624204228392409  9.162298947165188e-06
223.15  0.004624204325529612  9.16098752371793e-06
223.20000000000002  0.004624204426704404  9.159681501478883e-06
223.25  0.004624204531948457  9.158380825914143e-06
223.3  0.004624204641338846  9.157085374680874e-06
223.35000000000002  0.004624204755010737  9.155794943089866e-06
223.4  0.004624204873144653  9.154509238423008e-06
223.45000000000002  0.00462420499595691  9.153227914280292e-06
223.5  0.004624205123699588  9.151950552506665e-06
223.55  0.004624205256624067  9.150676705839724e-06
223.60000000000002  0.0046242053949658215  9.149405892298643e-06
223.65  0.004624205538918413  9.148137618646193e-06
223.70000000000002  0.004624205688602055  9.146871410468495e-06
223.75  0.004624205844044793  9.145606809952517e-06
223.8  0.0046242060051558675  9.144343402432845e-06
223.85000000000002  0.0046242061717169615  9.143080820957174e-06
223.9  0.004624206343371287  9.141818749395738e-06
223.95000000000002  0.00462420651960852  9.140556925037524e-06
224.0  0.004624206699772263  9.139295143505185e-06
224.05  0.004624206883062263  9.138033255795536e-06
224.10000000000002  0.004624207068551839  9.136771156064178e-06
224.15  0.004624207255189444  9.13550877854482e-06
224.20000000000002  0.00462420744182591  9.134246092724233e-06
224.25  0.004624207627223327  9.132983093868566e-06
224.3  0.0046242078100792484  9.131719802134858e-06
224.35000000000002  0.004624207989036888  9.130456256146852e-06
224.4  0.004624208162711037  9.129192526864724e-06
224.45000000000002  0.004624208329694038  9.127928719027152e-06
224.5  0.004624208488568322  9.126664970988867e-06
224.55  0.004624208637928014  9.125401466005925e-06
224.60000000000002  0.004624208776382896  9.124138441039087e-06
224.65  0.004624208902568759  9.122876191515208e-06
224.70000000000002  0.0046242090151605904  9.121615072264528e-06
224.75  0.004624209112872696  9.120355498491312e-06
224.8  0.004624209194470921  9.119097925557615e-06
224.85000000000002  0.004624209258777939  9.11784284200308e-06
224.9  0.00462420930467418  9.116590752934257e-06
224.95000000000002  0.004624209331111859  9.115342151668695e-06
225.0  0.004624209337119134  9.114097487966956e-06
225.05  0.004624209321829765  9.112857117581988e-06
225.10000000000002  0.0046242092845081685  9.111621267286092e-06
225.15  0.004624209224597537  9.110389953426389e-06
225.20000000000002  0.004624209141781957  9.109162913671543e-06
225.25  0.004624209036044038  9.107939530418545e-06
225.3  0.004624208907737389  9.106718770283319e-06
225.35000000000002  0.0046242087576326835  9.105499182174642e-06
225.4  0.004624208586975778  9.104278948751104e-06
225.45000000000002  0.004624208397487391  9.103056004898479e-06
225.5  0.0046242081914056035  9.101828243058152e-06
225.55  0.004624207971488113  9.100593731865873e-06
225.60000000000002  0.004624207741002457  9.099350943751685e-06
225.65  0.004624207503668992  9.098098956613262e-06
225.70000000000002  0.004624207263590361  9.096837590572335e-06
225.75  0.004624207025110934  9.09556745338844e-06
225.8  0.004624206792643849  9.094289901092833e-06
225.85000000000002  0.004624206570441405  9.093006917587265e-06
225.9  0.004624206362327417  9.091720927121245e-06
225.95000000000002  0.004624206171427609  9.090434566498196e-06
226.0  0.004624205999903097  9.089150453116905e-06
226.05  0.004624205848729366  9.08787097380209e-06
226.10000000000002  0.004624205717532789  9.086598099261507e-06
226.15  0.00462420560453931  9.08533327651563e-06
226.20000000000002  0.0046242055066172735  9.084077366747848e-06
226.25  0.0046242054194257035  9.082830651788705e-06
226.3  0.004624205337680668  9.081592886702737e-06
226.35000000000002  0.004624205255502303  9.080363410218037e-06
226.4  0.004624205166811331  9.079141268015288e-06
226.45000000000002  0.0046242050657685375  9.077925348138354e-06
226.5  0.004624204947194059  9.07671452945769e-06
226.55  0.004624204806920678  9.075507780052533e-06
226.60000000000002  0.004624204642113549  9.074304270700456e-06
226.65  0.004624204451445178  9.073103424653401e-06
226.70000000000002  0.0046242042351581965  9.071904974906516e-06
226.75  0.004624203995040229  9.070708937655941e-06
226.8  0.004624203734245012  9.069515626556157e-06
226.85000000000002  0.00462420345703516  9.068325577124355e-06
226.9  0.00462420316843829  9.067139511953147e-06
226.95000000000002  0.004624202873868092  9.065958262941113e-06
227.0  0.004624202578724057  9.064782720147248e-06
227.05  0.004624202288009872  9.063613765144582e-06
227.10000000000002  0.004624202006006996  9.062452228333828e-06
227.15  0.004624201736003746  9.06129884001441e-06
227.20000000000002  0.004624201480136184  9.060154215299198e-06
227.25  0.0046242012393042375  9.05901882742356e-06
227.3  0.004624201013194676  9.057893029532457e-06
227.35000000000002  0.004624200800403041  9.056777033149268e-06
227.4  0.004624200598632898  9.055670934393062e-06
227.45000000000002  0.0046242004049369114  9.054574710433697e-06
227.5  0.0046242002159970945  9.053488225760462e-06
227.55  0.004624200028413159  9.052411224088133e-06
227.60000000000002  0.004624199838960823  9.0513433261272e-06
227.65  0.004624199644813606  9.050284018191127e-06
227.70000000000002  0.004624199443720855  9.049232655541614e-06
227.75  0.004624199234109678  9.048188477911398e-06
227.8  0.004624199015135808  9.047150611926613e-06
227.85000000000002  0.004624198786671376  9.046118117120917e-06
227.9  0.004624198549240479  9.045090013432789e-06
227.95000000000002  0.004624198303910134  9.044065317314027e-06
228.0  0.004624198052168181  9.043043090082681e-06
228.05  0.004624197795759085  9.042022462953436e-06
228.10000000000002  0.004624197536520238  9.04100267655792e-06
228.15  0.004624197276253482  9.03998310077246e-06
228.20000000000002  0.004624197016572792  9.038963246546972e-06
228.25  0.0046241967588013895  9.037942779168946e-06
228.3  0.004624196503907859  9.036921500869287e-06
228.35000000000002  0.004624196252444175  9.03589935059026e-06
228.4  0.004624196004557837  9.034876369713705e-06
228.45000000000002  0.00462419575999439  9.033852691970888e-06
228.5  0.004624195518179449  9.032828505353862e-06
228.55  0.00462419527824586  9.031804030800498e-06
228.60000000000002  0.004624195039145018  9.03077950326347e-06
228.65  0.0046241947997271715  9.029755141052636e-06
228.70000000000002  0.004624194558817942  9.028731133135672e-06
228.75  0.004624194315297955  9.027707630933632e-06
228.8  0.004624194068160514  9.026684769585919e-06
228.85000000000002  0.004624193816569423  9.025662644679277e-06
228.9  0.004624193559875197  9.024641355546148e-06
228.95000000000002  0.004624193297641346  9.023621019055728e-06
229.0  0.0046241930296402126  9.022601794692305e-06
229.05  0.00462419275585426  9.021583910847593e-06
229.10000000000002  0.004624192476472605  9.020567695091626e-06
229.15  0.004624192191864723  9.019553566556764e-06
229.20000000000002  0.004624191902586018  9.018542044717827e-06
229.25  0.00462419160935458  9.017533734779892e-06
229.3  0.004624191313037342  9.016529291293089e-06
229.35000000000002  0.004624191014640187  9.015529371100098e-06
229.4  0.004624190715279065  9.01453459149169e-06
229.45000000000002  0.0046241904161376645  9.013545470664348e-06
229.5  0.004624190118441387  9.012562381447339e-06
229.55  0.004624189823421792  9.01158552400712e-06
229.60000000000002  0.004624189532251894  9.010614884565251e-06
229.65  0.004624189245995051  9.009650213671416e-06
229.70000000000002  0.004624188965546118  9.008691021119104e-06
229.75  0.004624188691545306  9.007736569294429e-06
229.8  0.0046241884243259515  9.00678588447399e-06
229.85000000000002  0.004624188163846361  9.005837787652286e-06
229.9  0.004624187909665187  9.00489094479059e-06
229.95000000000002  0.004624187660923277  9.003943969383986e-06
230.0  0.004624187416409157  9.002995514801771e-06
230.05  0.004624187174615687  9.002044393426207e-06
230.10000000000002  0.00462418693386187  9.001089668575156e-06
230.15  0.004624186692405961  9.000130747924479e-06
230.20000000000002  0.004624186448581799  8.999167417851854e-06
230.25  0.004624186200925121  8.998199857766852e-06
230.3  0.004624185948283036  8.997228614170677e-06
230.35000000000002  0.004624185689884588  8.99625451439002e-06
230.4  0.004624185425391218  8.995278587561853e-06
230.45000000000002  0.004624185154903392  8.994301959092347e-06
230.5  0.004624184878930508  8.993325719832455e-06
230.55  0.0046241845983213785  8.992350841521113e-06
230.60000000000002  0.004624184314171114  8.991378083377563e-06
230.65  0.004624184027718314  8.990407927535503e-06
230.70000000000002  0.004624183740222147  8.989440553974254e-06
230.75  0.00462418345284  8.988475841105855e-06
230.8  0.004624183166531001  8.98751339847051e-06
230.85000000000002  0.004624182881986591  8.986552623204725e-06
230.9  0.004624182599564366  8.985592762288387e-06
230.95000000000002  0.004624182319272875  8.9846330091964e-06
231.0  0.004624182040776259  8.983672581407574e-06
231.05  0.0046241817634265145  8.982710794704987e-06
231.10000000000002  0.0046241814863450855  8.981747134624299e-06
231.15  0.004624181208483449  8.980781290254574e-06
231.20000000000002  0.004624180928729094  8.979813180839788e-06
231.25  0.004624180645995554  8.978842953383466e-06
231.3  0.004624180359317014  8.977870968400075e-06
231.35000000000002  0.004624180067931616  8.976897752991423e-06
231.4  0.004624179771341046  8.975923952914286e-06
231.45000000000002  0.004624179469348023  8.974950263206973e-06
231.5  0.004624179162087355  8.973977379459772e-06
231.55  0.004624178850011611  8.973005925117686e-06
231.60000000000002  0.00462417853386531  8.972036409781709e-06
231.65  0.004624178214638617  8.971069175422046e-06
231.70000000000002  0.00462417789348722  8.970104379435112e-06
231.75  0.004624177571683322  8.969141984139393e-06
231.8  0.004624177250494427  8.968181744330509e-06
231.85000000000002  0.004624176931132368  8.967223258990585e-06
231.9  0.004624176614661552  8.966265974836079e-06
231.95000000000002  0.00462417630194167  8.965309255486284e-06
232.0  0.004624175993577351  8.96435240226766e-06
232.05  0.004624175689897326  8.963394715550305e-06
232.10000000000002  0.004624175390940083  8.962435549851724e-06
232.15  0.004624175096477056  8.96147434086865e-06
232.20000000000002  0.004624174806041532  8.960510648069483e-06
232.25  0.004624174518988381  8.959544165352829e-06
232.3  0.004624174234553033  8.958574746213881e-06
232.35000000000002  0.004624173951915046  8.957602379643907e-06
232.4  0.00462417367027422  8.956627187192598e-06
232.45000000000002  0.004624173388919336  8.955649390646303e-06
232.5  0.004624173107272186  8.954669282531727e-06
232.55  0.004624172824935351  8.953687184644871e-06
232.60000000000002  0.004624172541718851  8.952703409515374e-06
232.65  0.004624172257643178  8.951718226977515e-06
232.70000000000002  0.0046241719729346945  8.950731830308533e-06
232.75  0.004624171687995809  8.949744324031899e-06
232.8  0.004624171403374544  8.948755710295009e-06
232.85000000000002  0.004624171119718447  8.94776587137799e-06
232.9  0.004624170837727154  8.946774603358488e-06
232.95000000000002  0.004624170558101339  8.945781606794205e-06
233.0  0.004624170281501366  8.944786537899738e-06
233.05  0.004624170008506593  8.943789016542991e-06
233.10000000000002  0.004624169739592596  8.942788656793426e-06
233.15  0.004624169475114364  8.941785093627158e-06
233.20000000000002  0.004624169215293086  8.940778007357725e-06
233.25  0.0046241689602251855  8.939767137687206e-06
233.3  0.004624168709899168  8.938752304375738e-06
233.35000000000002  0.004624168464218032  8.937733398322225e-06
233.4  0.00462416822301605  8.936710382332056e-06
233.45000000000002  0.004624167986087376  8.935683288468119e-06
233.5  0.00462416775320855  8.934652194563969e-06
233.55  0.0046241675241617194  8.933617215903377e-06
233.60000000000002  0.004624167298758167  8.932578486733971e-06
233.65  0.004624167076840233  8.93153615110015e-06
233.70000000000002  0.004624166858294884  8.9304903370992e-06
233.75  0.004624166643059132  8.929441168531938e-06
233.8  0.004624166431108932  8.9283887384171e-06
233.85000000000002  0.004624166222455869  8.92733312701705e-06
233.9  0.004624166017137599  8.926274390478506e-06
233.95000000000002  0.004624165815203171  8.925212577583957e-06
234.0  0.004624165616692468  8.924147726871695e-06
234.05  0.004624165421631494  8.923079891018545e-06
234.10000000000002  0.004624165230020469  8.922009120505058e-06
234.15  0.004624165041817776  8.920935487587659e-06
234.20000000000002  0.004624164856944557  8.919859077923037e-06
234.25  0.004624164675270043  8.918779995558119e-06
234.3  0.004624164496619856  8.917698360393988e-06
234.35000000000002  0.00462416432078128  8.916614294788467e-06
234.4  0.004624164147510034  8.915527916379248e-06
234.45000000000002  0.004624163976544866  8.914439343924952e-06
234.5  0.00462416380760867  8.913348674195728e-06
234.55  0.004624163640431313  8.91225598976789e-06
234.60000000000002  0.0046241634747593765  8.911161342322711e-06
234.65  0.004624163310369192  8.910064772246327e-06
234.70000000000002  0.004624163147069153  8.908966301790564e-06
234.75  0.0046241629847115495  8.907865945676487e-06
234.8  0.0046241628231983665  8.90676372342182e-06
234.85000000000002  0.004624162662485677  8.90565966247531e-06
234.9  0.004624162502562242  8.90455380925924e-06
234.95000000000002  0.004624162343464713  8.903446255098132e-06
235.0  0.0046241621852551465  8.902337125752811e-06
235.05  0.004624162028015089  8.901226589740369e-06
235.10000000000002  0.004624161871843607  8.900114858433089e-06
235.15  0.00462416171683328  8.899002170993507e-06
235.20000000000002  0.004624161563066169  8.897888791788051e-06
235.25  0.004624161410595227  8.89677499188984e-06
235.3  0.004624161259451958  8.895661040505768e-06
235.35000000000002  0.0046241611096424105  8.894547183548055e-06
235.4  0.004624160961144926  8.89343362822001e-06
235.45000000000002  0.0046241608139045995  8.89232053728504e-06
235.5  0.004624160667858314  8.891208016181049e-06
235.55  0.004624160522929341  8.89009611093109e-06
235.60000000000002  0.004624160379042754  8.888984799983201e-06
235.65  0.004624160236133302  8.887874022588879e-06
235.70000000000002  0.004624160094152851  8.88676367342341e-06
235.75  0.00462415995308354  8.885653628300109e-06
235.8  0.004624159812941212  8.884543754255133e-06
235.85000000000002  0.004624159673775771  8.88343392824421e-06
235.9  0.004624159535668176  8.882324058330667e-06
235.95000000000002  0.004624159398729047  8.8812140955909e-06
236.0  0.0046241592630939955  8.880104046480998e-06
236.05  0.004624159128899607  8.87899397676462e-06
236.10000000000002  0.004624158996284412  8.877884017913108e-06
236.15  0.004624158865375084  8.876774352925817e-06
236.20000000000002  0.004624158736275961  8.875665211254833e-06
236.25  0.004624158609051729  8.874556847499023e-06
236.3  0.004624158483721118  8.873449528901089e-06
236.35000000000002  0.004624158360260762  8.872343510686573e-06
236.4  0.004624158238594108  8.871239011295851e-06
236.45000000000002  0.004624158118603663  8.870136198185825e-06
236.5  0.004624158000132909  8.869035170171298e-06
236.55  0.004624157883009688  8.867935945953469e-06
236.60000000000002  0.004624157767044933  8.866838458618398e-06
236.65  0.004624157652055233  8.865742554859276e-06
236.70000000000002  0.004624157537880008  8.86464801144428e-06
236.75  0.004624157424391268  8.863554540965529e-06
236.8  0.00462415731151072  8.862461819876333e-06
236.85000000000002  0.00462415719921563  8.86136950354185e-06
236.9  0.004624157087541872  8.860277253792871e-06
236.95000000000002  0.004624156976587281  8.859184770191122e-06
237.0  0.004624156866503415  8.858091804897867e-06
237.05  0.004624156757498159  8.856998186249743e-06
237.10000000000002  0.004624156649811625  8.85590384129353e-06
237.15  0.004624156543716101  8.854808780265894e-06
237.20000000000002  0.0046241564394917615  8.853713114192181e-06
237.25  0.00462415633740906  8.852617039811191e-06
237.3  0.004624156237717987  8.851520820428777e-06
237.35000000000002  0.004624156140638314  8.850424774246035e-06
237.4  0.004624156046345215  8.849329240322893e-06
237.45000000000002  0.00462415595496239  8.848234566934833e-06
237.5  0.004624155866568645  8.847141073279723e-06
237.55  0.004624155781198713  8.846049033873663e-06
237.60000000000002  0.004624155698848076  8.844958660894144e-06
237.65  0.004624155619477576  8.843870091020361e-06
237.70000000000002  0.004624155543031677  8.842783383386758e-06
237.75  0.004624155469445482  8.841698508234588e-06
237.8  0.00462415539866372  8.840615378135314e-06
237.85000000000002  0.004624155330632367  8.83953384919405e-06
237.9  0.004624155265321468  8.838453747862528e-06
237.95000000000002  0.004624155202724026  8.837374885526361e-06
238.0  0.004624155142848728  8.836297083577777e-06
238.05  0.0046241550857236274  8.83522019478588e-06
238.10000000000002  0.0046241550313806615  8.83414412364657e-06
238.15  0.004624154979854022  8.833068843323432e-06
238.20000000000002  0.004624154931169121  8.831994395790862e-06
238.25  0.004624154885322463  8.830920889966034e-06
238.3  0.004624154842288076  8.829848508912397e-06
238.35000000000002  0.004624154802002733  8.828777489770233e-06
238.4  0.004624154764366171  8.827708119705939e-06
238.45000000000002  0.004624154729238404  8.826640703466445e-06
238.5  0.0046241546964423865  8.825575568031291e-06
238.55  0.004624154665766503  8.824513024650751e-06
238.60000000000002  0.004624154636978057  8.823453344139553e-06
238.65  0.004624154609819808  8.822396760815252e-06
238.70000000000002  0.004624154584031195  8.821343457555535e-06
238.75  0.004624154559347234  8.820293559515494e-06
238.8  0.004624154535504656  8.819247124318657e-06
238.85000000000002  0.004624154512269215  8.818204159025766e-06
238.9  0.0046241544894163105  8.817164614626945e-06
238.95000000000002  0.004624154466747878  8.816128409399743e-06
239.0  0.004624154444091279  8.815095432663909e-06
239.05  0.004624154421293479  8.8140655690276e-06
239.10000000000002  0.0046241543982292  8.813038702001067e-06
239.15  0.004624154374782028  8.812014738686228e-06
239.20000000000002  0.004624154350859053  8.810993615456618e-06
239.25  0.004624154326370811  8.809975304626963e-06
239.3  0.004624154301240299  8.808959826034265e-06
239.35000000000002  0.00462415427539622  8.807947237362931e-06
239.4  0.004624154248765609  8.806937640952216e-06
239.45000000000002  0.004624154221268365  8.805931175047676e-06
239.5  0.004624154192825698  8.804928021527896e-06
239.55  0.004624154163346236  8.803928376933047e-06
239.60000000000002  0.004624154132728908  8.802932451890415e-06
239.65  0.004624154100862393  8.801940465728583e-06
239.70000000000002  0.004624154067621188  8.800952647133437e-06
239.75  0.004624154032866954  8.799969205569127e-06
239.8  0.004624153996448917  8.798990343224216e-06
239.85000000000002  0.00462415395819655  8.798016251677968e-06
239.9  0.0046241539179355294  8.797047100282337e-06
239.95000000000002  0.004624153875478338  8.796083060229583e-06
240.0  0.004624153830634114  8.795124280878857e-06
240.05  0.004624153783209285  8.794170911592451e-06
240.10000000000002  0.004624153733029752  8.793223099043083e-06
240.15  0.0046241536799198225  8.792280989702251e-06
240.20000000000002  0.00462415362371583  8.791344737028648e-06
240.25  0.0046241535642879816  8.790414502513366e-06
240.3  0.0046241535015314784  8.789490447973986e-06
240.35000000000002  0.004624153435361086  8.788572720853669e-06
240.4  0.004624153365738938  8.787661475149778e-06
240.45000000000002  0.00462415329264284  8.78675684234199e-06
240.5  0.004624153216101248  8.785858930171278e-06
240.55  0.004624153136172959  8.784967801170712e-06
240.60000000000002  0.004624153052950799  8.784083481101502e-06
240.65  0.004624152966558902  8.783205933882045e-06
240.70000000000002  0.00462415287717354  8.7823350682972e-06
240.75  0.004624152784997785  8.781470719654952e-06
240.8  0.004624152690276433  8.780612638554518e-06
240.85000000000002  0.00462415259329616  8.779760508857314e-06
240.9  0.0046241524943856725  8.778913953568876e-06
240.95000000000002  0.0046241523938916045  8.778072517727966e-06
241.0  0.004624152292196326  8.777235687155245e-06
241.05  0.004624152189701178  8.776402917588398e-06
241.10000000000002  0.004624152086811105  8.775573626847499e-06
241.15  0.004624151983918058  8.774747220031605e-06
241.20000000000002  0.004624151881400764  8.773923113296151e-06
241.25  0.004624151779589771  8.773100726971088e-06
241.3  0.0046241516787525905  8.772279518418424e-06
241.35000000000002  0.004624151579087793  8.771458990799267e-06
241.4  0.004624151480713334  8.77063871062411e-06
241.45000000000002  0.004624151383639017  8.769818313885507e-06
241.5  0.0046241512877818695  8.768997507368358e-06
241.55  0.004624151192966172  8.768176094430798e-06
241.60000000000002  0.00462415109892877  8.76735396443369e-06
241.65  0.0046241510053663965  8.766531115828782e-06
241.70000000000002  0.00462415091196876  8.76570763279051e-06
241.75  0.004624150818457523  8.764883693196983e-06
241.8  0.004624150724659897  8.764059546469017e-06
241.85000000000002  0.004624150630552789  8.763235490376027e-06
241.9  0.004624150536312775  8.762411821189135e-06
241.95000000000002  0.004624150442376495  8.76158882567505e-06
242.0  0.004624150349441674  8.760766702626267e-06
242.05  0.004624150258473242  8.759945548999408e-06
242.10000000000002  0.004624150170650942  8.759125310635524e-06
242.15  0.004624150087313007  8.758305778991803e-06
242.20000000000002  0.0046241500098357395  8.757486606563994e-06
242.25  0.004624149939514157  8.756667332563025e-06
242.3  0.004624149877418292  8.755847455196933e-06
242.35000000000002  0.004624149824252064  8.755026506954069e-06
242.4  0.0046241497802453745  8.754204154897936e-06
242.45000000000002  0.004624149745065734  8.753380290241316e-06
242.5  0.004624149717783214  8.752555121149515e-06
242.55  0.0046241496968905445  8.751729219861725e-06
242.60000000000002  0.004624149680370289  8.750903544609487e-06
242.65  0.004624149665794702  8.750079420590682e-06
242.70000000000002  0.004624149650488737  8.749258450892097e-06
242.75  0.004624149631675893  8.74844240891472e-06
242.8  0.004624149606671988  8.747633093328382e-06
242.85000000000002  0.004624149573048637  8.74683218437334e-06
242.9  0.00462414952883129  8.746041065754925e-06
242.95000000000002  0.004624149472629839  8.745260677827792e-06
243.0  0.004624149403763879  8.744491439237975e-06
243.05  0.004624149322338234  8.743733169590598e-06
243.10000000000002  0.004624149229262419  8.742985093883966e-06
243.15  0.004624149126209185  8.742245901401462e-06
243.20000000000002  0.004624149015537562  8.74151385738252e-06
243.25  0.004624148900147458  8.7407869663407e-06
243.3  0.0046241487833091465  8.740063141026129e-06
243.35000000000002  0.004624148668433567  8.73934040983461e-06
243.4  0.004624148558912036  8.738617078902894e-06
243.45000000000002  0.0046241484578455755  8.737891881563213e-06
243.5  0.0046241483678980885  8.73716408641745e-06
243.55  0.004624148291125507  8.736433516045462e-06
243.60000000000002  0.004624148228877408  8.735700564301569e-06
243.65  0.004624148181735942  8.734966113010986e-06
243.70000000000002  0.004624148149494022  8.734231397716846e-06
243.75  0.004624148131210141  8.733497881863964e-06
243.8  0.00462414812529416  8.7327670602497e-06
243.85000000000002  0.0046241481296321685  8.732040304059857e-06
243.9  0.004624148141737337  8.731318707755015e-06
243.95000000000002  0.004624148158906456  8.730602961474625e-06
244.0  0.004624148178404951  8.729893267247951e-06
244.05  0.00462414819761597  8.729189313349421e-06
244.10000000000002  0.004624148214187699  8.728490302760753e-06
244.15  0.004624148226138948  8.727795003466482e-06
244.20000000000002  0.004624148231948729  8.72710186232792e-06
244.25  0.004624148230607949  8.726409133148563e-06
244.3  0.004624148221619052  8.725715024663242e-06
244.35000000000002  0.0046241482049778695  8.725017838600777e-06
244.4  0.004624148181118029  8.72431611744965e-06
244.45000000000002  0.004624148150837664  8.723608733469916e-06
244.5  0.004624148115199854  8.7228949738148e-06
244.55  0.004624148075429502  8.722174578901376e-06
244.60000000000002  0.004624148032802236  8.721447736851504e-06
244.65  0.004624147988548245  8.720715055418947e-06
244.70000000000002  0.0046241479437605666  8.71997747465121e-06
244.75  0.004624147899321406  8.719236179746081e-06
244.8  0.004624147855856069  8.718492495595255e-06
244.85000000000002  0.0046241478137063665  8.717747773729698e-06
244.9  0.004624147772924416  8.717003269071035e-06
244.95000000000002  0.004624147733294594  8.716260068124292e-06
245.0  0.004624147694373565  8.715518997322673e-06
245.05  0.004624147655537601  8.714780587822897e-06
245.10000000000002  0.004624147616055075  8.714045052901517e-06
245.15  0.004624147575151262  8.713312289902797e-06
245.20000000000002  0.004624147532079116  8.712581923526372e-06
245.25  0.0046241474861797045  8.711853352357915e-06
245.3  0.004624147436939993  8.711125813645474e-06
245.35000000000002  0.004624147384039804  8.710398463322596e-06
245.4  0.0046241473273772975  8.709670432637169e-06
245.45000000000002  0.004624147267084646  8.708940918278525e-06
245.5  0.004624147203515441  8.708209215101422e-06
245.55  0.004624147137232195  8.707474771607336e-06
245.60000000000002  0.004624147068973699  8.70673720448299e-06
245.65  0.004624146999610763  8.705996306428714e-06
245.70000000000002  0.004624146930092906  8.705252034331848e-06
245.75  0.0046241468613915935  8.704504485467559e-06
245.8  0.004624146794454965  8.703753869288e-06
245.85000000000002  0.004624146730152183  8.703000447978282e-06
245.9  0.004624146669226467  8.702244514006399e-06
245.95000000000002  0.004624146612264724  8.701486342398877e-06
246.0  0.004624146559676709  8.700726158323025e-06
246.05  0.004624146511679861  8.699964111573551e-06
246.10000000000002  0.0046241464683072706  8.699200262222913e-06
246.15  0.004624146429420661  8.69843457596231e-06
246.20000000000002  0.004624146394731871  8.697666934860252e-06
246.25  0.004624146363843619  8.696897145348719e-06
246.3  0.004624146336293624  8.696124959864877e-06
246.35000000000002  0.004624146311582613  8.695350096067947e-06
246.4  0.0046241462892188025  8.694572272166526e-06
246.45000000000002  0.00462414626876214  8.693791233375585e-06
246.5  0.00462414624985622  8.693006763864423e-06
246.55  0.0046241462322383405  8.692218713791843e-06
246.60000000000002  0.004624146215777419  8.691426999843231e-06
246.65  0.004624146200465255  8.69063161630155e-06
246.70000000000002  0.0046241461864082005  8.689832641114417e-06
246.75  0.004624146173811907  8.689030210676674e-06
246.8  0.004624146162992952  8.688224517792953e-06
246.85000000000002  0.004624146154312036  8.687415792777704e-06
246.9  0.004624146148166553  8.686604287564857e-06
246.95000000000002  0.004624146144970139  8.685790245678224e-06
247.0  0.004624146145105579  8.68497389705075e-06
247.05  0.004624146148910044  8.684155446558468e-06
247.10000000000002  0.00462414615666293  8.683335055352976e-06
247.15  0.0046241461685574735  8.6825128308851e-06
247.20000000000002  0.0046241461847091134  8.681688842153691e-06
247.25  0.004624146205160037  8.680863113112672e-06
247.3  0.004624146229893261  8.680035628983489e-06
247.35000000000002  0.0046241462588251835  8.679206350592185e-06
247.4  0.004624146291839561  8.678375223467488e-06
247.45000000000002  0.00462414632879808  8.677542188981917e-06
247.5  0.004624146369572247  8.676707191759947e-06
247.55  0.00462414641406317  8.675870201317945e-06
247.60000000000002  0.004624146462213216  8.67503120180777e-06
247.65  0.004624146514021931  8.674190201752032e-06
247.70000000000002  0.004624146569555754  8.673347249619682e-06
247.75  0.00462414662895487  8.672502404349428e-06
247.8  0.004624146692431589  8.671655742776443e-06
247.85000000000002  0.004624146760254093  8.670807356306765e-06
247.9  0.004624146832747158  8.669957331740283e-06
247.95000000000002  0.004624146910272934  8.669105744922194e-06
248.0  0.004624146993205543  8.668252661601635e-06
248.05  0.004624147081924275  8.667398126002557e-06
248.10000000000002  0.0046241471767859595  8.666542160111942e-06
248.15  0.004624147278104788  8.665684757896211e-06
248.20000000000002  0.004624147386137509  8.664825883938465e-06
248.25  0.004624147501062818  8.663965480956424e-06
248.3  0.004624147622970674  8.663103470988679e-06
248.35000000000002  0.004624147751861056  8.66223974814716e-06
248.4  0.004624147887622471  8.661374188584546e-06
248.45000000000002  0.004624148030036417  8.660506650642452e-06
248.5  0.004624148178770391  8.659636987599597e-06
248.55  0.004624148333381156  8.658765015722517e-06
248.60000000000002  0.004624148493308655  8.657890543357114e-06
248.65  0.004624148657884203  8.65701335986515e-06
248.70000000000002  0.004624148826320198  8.65613323303902e-06
248.75  0.004624148997708666  8.655249908125473e-06
248.8  0.004624149171020241  8.654363124279373e-06
248.85000000000002  0.004624149345103046  8.653472607534067e-06
248.9  0.004624149518675604  8.652578091353973e-06
248.95000000000002  0.0046241496903196705  8.651679321929967e-06
249.0  0.004624149858482688  8.650776082157388e-06
249.05  0.004624150021461274  8.649868207936052e-06
249.10000000000002  0.0046241501774153815  8.648955593977905e-06
249.15  0.004624150324372347  8.64803822915112e-06
249.20000000000002  0.00462415046024048  8.647116195694599e-06
249.25  0.004624150582820703  8.646189686913546e-06
249.3  0.004624150689844982  8.645258996796999e-06
249.35000000000002  0.004624150779004589  8.644324519952896e-06
249.4  0.004624150847987901  8.643386722407976e-06
249.45000000000002  0.004624150894546798  8.6424461113169e-06
249.5  0.0046241509165595345  8.641503184401316e-06
249.55  0.004624150912094246  8.640558358824493e-06
249.60000000000002  0.004624150879505235  8.639611901310994e-06
249.65  0.0046241508175134775  8.638663852748391e-06
249.70000000000002  0.0046241507253039545  8.637713942483565e-06
249.75  0.004624150602627657  8.636761542672315e-06
249.8  0.004624150449866983  8.635805660484769e-06
249.85000000000002  0.0046241502681153715  8.634845014303477e-06
249.9  0.004624150059253252  8.63387813603245e-06
249.95000000000002  0.004624149825980484  8.632903547424177e-06
250.0  0.004624149571839691  8.631919963643224e-06
250.05  0.0046241493012007286  8.63092647138276e-06
250.10000000000002  0.004624149019187803  8.629922687638813e-06
250.15  0.004624148731540507  8.628908875482416e-06
250.20000000000002  0.00462414844443358  8.627885964844481e-06
250.25  0.004624148164212229  8.626855499676867e-06
250.3  0.004624147897070991  8.625819539752684e-06
250.35000000000002  0.004624147648736539  8.624780476854683e-06
250.4  0.004624147424099527  8.623740836616529e-06
250.45000000000002  0.004624147226900036  8.622703061533648e-06
250.5  0.004624147059438337  8.621669326376609e-06
250.55  0.004624146922386527  8.620641365389668e-06
250.60000000000002  0.004624146814706482  8.61962036899015e-06
250.65  0.004624146733667473  8.61860691616631e-06
250.70000000000002  0.004624146675009425  8.617600997822686e-06
250.75  0.004624146633211993  8.616602035418239e-06
250.8  0.00462414660185585  8.615608994469726e-06
250.85000000000002  0.004624146574052175  8.614620499096827e-06
250.9  0.0046241465429398875  8.613634976016473e-06
250.95000000000002  0.004624146502135334  8.612650801002188e-06
251.0  0.004624146446172212  8.611666417770261e-06
251.05  0.004624146370869402  8.610680469889648e-06
251.10000000000002  0.004624146273571555  8.609691882920844e-06
251.15  0.004624146153311344  8.608699939830446e-06
251.20000000000002  0.004624146010807382  8.607704304126465e-06
251.25  0.004624145848369201  8.606705038402358e-06
251.3  0.004624145669669083  8.605702568821488e-06
251.35000000000002  0.004624145479424069  8.60469765945038e-06
251.4  0.004624145283031218  8.603691350617363e-06
251.45000000000002  0.004624145086146442  8.602684892513346e-06
251.5  0.004624144894281077  8.601679675758993e-06
251.55  0.0046241447124166285  8.600677155863005e-06
251.60000000000002  0.004624144544700563  8.599678786837741e-06
251.65  0.004624144394192453  8.598685963919254e-06
251.70000000000002  0.004624144262727971  8.597699954393162e-06
251.75  0.004624144150879518  8.59672186677131e-06
251.8  0.004624144058010321  8.595752608655487e-06
251.85000000000002  0.004624143982403538  8.594792845349226e-06
251.9  0.004624143921489977  8.593842983774413e-06
251.95000000000002  0.004624143872081276  8.592903141284666e-06
252.0  0.004624143830648558  8.591973111615164e-06
252.05  0.004624143793593442  8.591052387946852e-06
252.10000000000002  0.004624143757493364  8.590140174043274e-06
252.15  0.00462414371931376  8.589235409997797e-06
252.20000000000002  0.0046241436766014405  8.588336845821286e-06
252.25  0.004624143627573714  8.587443101621749e-06
252.3  0.004624143571197158  8.586552750554362e-06
252.35000000000002  0.004624143507189443  8.585664417683984e-06
252.4  0.004624143435968077  8.584776850242335e-06
252.45000000000002  0.0046241433585660074  8.583888994830317e-06
252.5  0.004624143276495995  8.58300005393708e-06
252.55  0.004624143191597573  8.582109522272304e-06
252.60000000000002  0.004624143105862337  8.581217214287867e-06
252.65  0.004624143021270824  8.580323242433851e-06
252.70000000000002  0.0046241429396419835  8.579428011270232e-06
252.75  0.004624142862493132  8.578532151396211e-06
252.8  0.004624142790921963  8.577636468062384e-06
252.85000000000002  0.004624142725553317  8.57674186706386e-06
252.9  0.004624142666504892  8.57584927714706e-06
252.95000000000002  0.004624142613378122  8.57495956514161e-06
253.0  0.004624142565302982  8.574073469187077e-06
253.05  0.00462414252099011  8.573191540202069e-06
253.10000000000002  0.004624142478814975  8.572314083791892e-06
253.15  0.004624142436903189  8.571441162287507e-06
253.20000000000002  0.004624142393219513  8.570572591158086e-06
253.25  0.0046241423456615215  8.569707982312955e-06
253.3  0.004624142292152172  8.568846814089635e-06
253.35000000000002  0.004624142230716885  8.567988521670947e-06
253.4  0.0046241421595740835  8.567132608412286e-06
253.45000000000002  0.004624142077224482  8.566278772309648e-06
253.5  0.0046241419825367985  8.565426991328292e-06
253.55  0.0046241418748236875  8.564577617914131e-06
253.60000000000002  0.004624141753935693  8.563731399646803e-06
253.65  0.004624141620301667  8.562889469331958e-06
253.70000000000002  0.004624141474973431  8.562053271087845e-06
253.75  0.004624141319586646  8.561224455906649e-06
253.8  0.004624141156335913  8.560404735059884e-06
253.85000000000002  0.004624140987835335  8.559595715195867e-06
253.9  0.004624140817007077  8.558798735085703e-06
253.95000000000002  0.004624140646889913  8.558014734617425e-06
254.0  0.004624140480445271  8.557244119164688e-06
254.05  0.004624140320355493  8.556486701640584e-06
254.10000000000002  0.00462414016881474  8.555741674723033e-06
254.15  0.004624140027358016  8.555007621833817e-06
254.20000000000002  0.00462413989671709  8.554282606403848e-06
254.25  0.004624139776731755  8.553564313496932e-06
254.3  0.004624139666339552  8.55285022530124e-06
254.35000000000002  0.004624139563648473  8.552137837655293e-06
254.4  0.004624139466084843  8.551424881959832e-06
254.45000000000002  0.004624139370614155  8.550709529674932e-06
254.5  0.004624139273988222  8.549990559192502e-06
254.55  0.004624139173022762  8.549267443368662e-06
254.60000000000002  0.004624139064864789  8.54854039056833e-06
254.65  0.004624138947225975  8.547810308671691e-06
254.70000000000002  0.0046241388185582506  8.54707867648608e-06
254.75  0.004624138678152963  8.54634740184075e-06
254.8  0.004624138526167693  8.545618624536854e-06
254.85000000000002  0.004624138363586514  8.54489452551339e-06
254.9  0.004624138192087468  8.544177112032002e-06
254.95000000000002  0.004624138013864602  8.543468047923257e-06
255.0  0.004624137831417428  8.542768528582247e-06
255.05  0.004624137647317491  8.542079202496135e-06
255.10000000000002  0.004624137463977222  8.541400135116974e-06
255.15  0.004624137283459754  8.540730855461196e-06
255.20000000000002  0.004624137107305068  8.540070417419897e-06
255.25  0.004624136936425898  8.539417520951688e-06
255.3  0.004624136771062973  8.538770650209275e-06
255.35000000000002  0.004624136610793802  8.538128228497206e-06
255.4  0.004624136454604707  8.537488755735565e-06
255.45000000000002  0.004624136300998182  8.53685094889264e-06
255.5  0.004624136148165731  8.536213839556432e-06
255.55  0.004624135994129449  8.535576826324226e-06
255.60000000000002  0.004624135836957652  8.534939721523566e-06
255.65  0.0046241356748876515  8.534302719247445e-06
255.70000000000002  0.00462413550650873  8.533666355829837e-06
255.75  0.004624135330850766  8.533031425187601e-06
255.8  0.004624135147447738  8.532398876777259e-06
255.85000000000002  0.004624134956368279  8.531769701095857e-06
255.9  0.004624134758193845  8.531144831553367e-06
255.95000000000002  0.004624134553956286  8.530525029716458e-06
256.0  0.0046241343450367026  8.529910820315236e-06
256.05  0.00462413413305352  8.5293024227661e-06
256.1  0.004624133919736672  8.528699743841111e-06
256.15000000000003  0.004624133706783555  8.52810237911647e-06
256.2  0.004624133495756254  8.527509644075627e-06
256.25  0.004624133287958324  8.52692065884687e-06
256.3  0.004624133084384745  8.526334400005586e-06
256.35  0.004624132885661064  8.52574980480274e-06
256.40000000000003  0.004624132692041439  8.525165865078583e-06
256.45  0.004624132503412438  8.52458170114684e-06
256.5  0.004624132319344906  8.523996632687752e-06
256.55  0.00462413213915701  8.52341023209441e-06
256.6  0.004624131961987552  8.522822330363315e-06
256.65000000000003  0.004624131786886995  8.522233028382956e-06
256.7  0.0046241316128917895  8.521642662111355e-06
256.75  0.004624131439101948  8.521051753814772e-06
256.8  0.0046241312647373  8.520460939547029e-06
256.85  0.004624131089186035  8.519870903389953e-06
256.90000000000003  0.0046241309120232995  8.519282286825934e-06
256.95  0.004624130733017464  8.518695617912612e-06
257.0  0.004624130552116844  8.518111256556321e-06
257.05  0.0046241303694348635  8.517529346319751e-06
257.1  0.004624130185203423  8.516949788005119e-06
257.15000000000003  0.004624129999727047  8.516372250693401e-06
257.2  0.004624129813353469  8.51579617607332e-06
257.25  0.004624129626426818  8.5152208307685e-06
257.3  0.0046241294392571995  8.514645362224813e-06
257.35  0.004624129252100083  8.514068868427876e-06
257.40000000000003  0.00462412906512741  8.513490460136032e-06
257.45  0.004624128878433316  8.512909331809583e-06
257.5  0.004624128692028547  8.512324838358329e-06
257.55  0.004624128505856906  8.511736522658345e-06
257.6  0.004624128319800674  8.511144161536924e-06
257.65000000000003  0.004624128133702927  8.510547764594235e-06
257.7  0.004624127947387742  8.50994757329751e-06
257.75  0.004624127760674531  8.509344017214037e-06
257.8  0.004624127573390863  8.508737677331443e-06
257.85  0.004624127385385902  8.508129222837953e-06
257.90000000000003  0.00462412719654288  8.507519345293652e-06
257.95  0.004624127006774517  8.506908705316583e-06
258.0  0.004624126816028118  8.506297847091793e-06
258.05  0.0046241266242863805  8.505687169026924e-06
258.1  0.004624126431561126  8.505076873363114e-06
258.15000000000003  0.004624126237890877  8.504466962011973e-06
258.2  0.00462412604334933  8.503857226477675e-06
258.25  0.004624125848021438  8.503247273167567e-06
258.3  0.004624125652019256  8.502636558471838e-06
258.35  0.004624125455471388  8.502024433762857e-06
258.40000000000003  0.004624125258523329  8.501410217559676e-06
258.45  0.004624125061332197  8.50079321786605e-06
258.5  0.0046241248640599515  8.500172822744815e-06
258.55  0.004624124666858497  8.499548542365364e-06
258.6  0.004624124469896823  8.498920045276793e-06
258.65000000000003  0.004624124273315279  8.498287192079443e-06
258.7  0.004624124077239068  8.497650024714666e-06
258.75  0.0046241238817750765  8.497008776474624e-06
258.8  0.00462412368698945  8.496363847159492e-06
258.85  0.004624123492911497  8.495715764578063e-06
258.90000000000003  0.004624123299518015  8.495065145773244e-06
258.95  0.004624123106751386  8.494412630671917e-06
259.0  0.004624122914516222  8.493758855752303e-06
259.05  0.004624122722681197  8.493104384945659e-06
259.1  0.00462412253108555  8.492449685375717e-06
259.15000000000003  0.004624122339559805  8.491795086763736e-06
259.2  0.004624122147926887  8.491140766872292e-06
259.25  0.004624121956026534  8.49048674672176e-06
259.3  0.004624121763728117  8.489832895798286e-06
259.35  0.004624121570926281  8.489178959383919e-06
259.40000000000003  0.00462412137756423  8.488524589192107e-06
259.45  0.00462412118363598  8.487869361050825e-06
259.5  0.004624120989193115  8.487212834639998e-06
259.55  0.00462412079433196  8.486554585781812e-06
259.6  0.004624120599192788  8.485894240473e-06
259.65000000000003  0.004624120403964512  8.485231505248227e-06
259.7  0.00462412020886387  8.484566190321163e-06
259.75  0.004624120014129809  8.483898211404604e-06
259.8  0.004624119820011666  8.483227595561158e-06
259.85  0.004624119626755432  8.482554477806816e-06
259.90000000000003  0.004624119434607914  8.481879073917852e-06
259.95  0.004624119243796643  8.481201657271748e-06
260.0  0.004624119054529037  8.480522550722994e-06
260.05  0.004624118867000056  8.479842073643018e-06
260.1  0.004624118681376217  8.479160524584174e-06
260.15000000000003  0.004624118497810287  8.478478155647857e-06
260.2  0.004624118316433726  8.477795146223672e-06
260.25  0.00462411813737653  8.477111592653587e-06
260.3  0.004624117960750046  8.476427505439301e-06
260.35  0.004624117786662938  8.475742795532474e-06
260.40000000000003  0.004624117615225486  8.475057306011203e-06
260.45  0.004624117446539857  8.474370806414772e-06
260.5  0.004624117280718062  8.473683017101104e-06
260.55  0.004624117117866851  8.472993641078481e-06
260.6  0.0046241169581003  8.472302378331124e-06
260.65000000000003  0.004624116801530807  8.471608946225664e-06
260.7  0.004624116648269223  8.470913107172298e-06
260.75  0.004624116498424088  8.470214671776739e-06
260.8  0.004624116352097436  8.469513508414672e-06
260.85  0.0046241162093773654  8.468809552198755e-06
260.90000000000003  0.004624116070338324  8.468102798695057e-06
260.95  0.0046241159350380295  8.467393294108988e-06
261.0  0.004624115803505776  8.466681121365152e-06
261.05  0.004624115675751536  8.465966381825041e-06
261.1  0.0046241155517557885  8.465249179554914e-06
261.15000000000003  0.004624115431471067  8.464529615876417e-06
261.2  0.004624115314828169  8.463807770904046e-06
261.25  0.0046241152017177534  8.46308369238013e-06
261.3  0.004624115092020736  8.462357385804173e-06
261.35  0.004624114985585204  8.46162880923249e-06
261.40000000000003  0.004624114882239558  8.460897895892e-06
261.45  0.004624114781806228  8.46016454897028e-06
261.5  0.004624114684097258  8.459428650783173e-06
261.55  0.004624114588939103  8.458690075660874e-06
261.6  0.004624114496142253  8.457948719910656e-06
261.65000000000003  0.00462411440555682  8.457204488514523e-06
261.7  0.004624114317018559  8.456457306730819e-06
261.75  0.004624114230411199  8.455707143447434e-06
261.8  0.004624114145631458  8.454954018126475e-06
261.85  0.004624114062610936  8.454197966823972e-06
261.90000000000003  0.0046241139813035  8.453439057108294e-06
261.95  0.004624113901694931  8.45267737944009e-06
262.0  0.004624113823790128  8.45191303063859e-06
262.05  0.0046241137476231795  8.45114610422764e-06
262.1  0.004624113673228163  8.45037667897605e-06
262.15000000000003  0.0046241136006467  8.449604813113051e-06
262.2  0.004624113529936845  8.44883056610236e-06
262.25  0.004624113461151293  8.44805394207099e-06
262.3  0.004624113394327962  8.447274930450499e-06
262.35  0.004624113329512815  8.44649351556457e-06
262.40000000000003  0.00462411326671896  8.445709677800685e-06
262.45  0.004624113205967238  8.444923381444084e-06
262.5  0.00462411314726183  8.444134631257923e-06
262.55  0.004624113090586477  8.443343444583384e-06
262.6  0.004624113035908488  8.44254989160725e-06
262.65000000000003  0.004624112983183607  8.441754091708722e-06
262.7  0.004624112932369601  8.440956213344429e-06
262.75  0.004624112883404835  8.440156481417136e-06
262.8  0.004624112836214927  8.43935515821914e-06
262.85  0.004624112790720765  8.438552552341431e-06
262.90000000000003  0.00462411274683806  8.437749001713595e-06
262.95  0.004624112704476262  8.436944835840067e-06
263.0  0.004624112663531623  8.436140385089904e-06
263.05  0.004624112623879404  8.435335966480157e-06
263.1  0.004624112585392926  8.434531853634639e-06
263.15000000000003  0.004624112547933841  8.433728282944187e-06
263.2  0.004624112511339836  8.432925423402321e-06
263.25  0.0046241124754526405  8.432123382109339e-06
263.3  0.004624112440088207  8.431322241767784e-06
263.35  0.0046241124050697795  8.430522011045703e-06
263.40000000000003  0.004624112370207485  8.429722690165154e-06
263.45  0.0046241123353571185  8.428924246453188e-06
263.5  0.004624112300353924  8.428126649095889e-06
263.55  0.004624112265066699  8.427329894691895e-06
263.6  0.0046241122293868816  8.426533989484702e-06
263.65000000000003  0.004624112193247818  8.425739010182698e-06
263.7  0.004624112156610004  8.42494509332728e-06
263.75  0.004624112119470726  8.42415240830136e-06
263.8  0.00462411208186894  8.42336121491147e-06
263.85  0.004624112043873779  8.422571814359053e-06
263.90000000000003  0.004624112005574289  8.421784524230017e-06
263.95  0.004624111967079137  8.420999707081805e-06
264.0  0.00462411192849577  8.420217723791726e-06
264.05  0.004624111889925609  8.419438930130335e-06
264.1  0.004624111851481039  8.41866360755801e-06
264.15000000000003  0.004624111813208884  8.417892001217889e-06
264.2  0.004624111775183018  8.417124277250906e-06
264.25  0.004624111737411814  8.416360501891646e-06
264.3  0.0046241116998883775  8.41560066571091e-06
264.35  0.0046241116626103305  8.414844674567749e-06
264.40000000000003  0.004624111625554871  8.414092358299652e-06
264.45  0.004624111588701127  8.413343497577085e-06
264.5  0.004624111552054435  8.412597831612345e-06
264.55  0.004624111515629778  8.41185509083765e-06
264.6  0.004624111479489632  8.411115025910773e-06
264.65000000000003  0.004624111443729639  8.410377427752772e-06
264.7  0.004624111408508659  8.409642142296016e-06
264.75  0.004624111373979632  8.408909093522317e-06
264.8  0.004624111340375681  8.408178302480482e-06
264.85  0.004624111307912763  8.407449867035164e-06
264.90000000000003  0.004624111276843025  8.406723960521884e-06
264.95  0.00462411124737953  8.40600086095023e-06
265.0  0.0046241112197392235  8.405280900063101e-06
265.05  0.004624111194106416  8.404564388520185e-06
265.1  0.004624111170628348  8.403851676229421e-06
265.15000000000003  0.004624111149429915  8.403143083980413e-06
265.2  0.00462411113058923  8.402438863682559e-06
265.25  0.0046241111141884575  8.401739200131613e-06
265.3  0.004624111100328096  8.401044185533866e-06
265.35  0.004624111089094493  8.40035378844096e-06
265.40000000000003  0.004624111080676125  8.39966790527018e-06
265.45  0.004624111075318094  8.398986292382624e-06
265.5  0.004624111073441149  8.398308615396703e-06
265.55  0.0046241110755771584  8.39763446760605e-06
265.6  0.004624111082429645  8.39696339356217e-06
265.65000000000003  0.0046241110948586454  8.396294908363001e-06
265.7  0.00462411111386106  8.395628540055025e-06
265.75  0.00462411114051383  8.39496384434629e-06
265.8  0.00462411117589165  8.394300434442782e-06
265.85  0.00462411122098027  8.39363800507979e-06
265.90000000000003  0.004624111276537607  8.392976331012802e-06
265.95  0.004624111343020407  8.392315329905762e-06
266.0  0.004624111420488334  8.391655045299256e-06
266.05  0.0046241115085384355  8.3909956602386e-06
266.1  0.004624111606328288  8.390337495098484e-06
266.15000000000003  0.004624111712593797  8.38968102347175e-06
266.2  0.004624111825745498  8.389026860463378e-06
266.25  0.004624111943994955  8.38837567786497e-06
266.3  0.004624112065457712  8.387728179630578e-06
266.35  0.004624112188284201  8.387085024403916e-06
266.40000000000003  0.004624112310766279  8.386446734133236e-06
266.45  0.004624112431464854  8.385813618265016e-06
266.5  0.004624112549216283  8.385185683988175e-06
266.55  0.0046241126631985235  8.384562617130628e-06
266.6  0.004624112772937767  8.38394374875395e-06
266.65000000000003  0.004624112878284958  8.383328091599676e-06
266.7  0.004624112979405315  8.38271437348515e-06
266.75  0.004624113076700907  8.382101171631052e-06
266.8  0.004624113170775799  8.381487025954355e-06
266.85  0.004624113262360324  8.380870536189297e-06
266.90000000000003  0.004624113352247329  8.380250545426033e-06
266.95  0.004624113441228312  8.3796262500666e-06
267.0  0.004624113530048775  8.378997280779571e-06
267.05  0.004624113619341905  8.378363784571823e-06
267.1  0.004624113709570952  8.377726450861928e-06
267.15000000000003  0.004624113801047659  8.377086437132745e-06
267.2  0.00462411389388531  8.37644539108349e-06
267.25  0.0046241139879936435  8.375805268439245e-06
267.3  0.004624114083152559  8.375168207048415e-06
267.35  0.0046241141789426475  8.374536410579866e-06
267.40000000000003  0.004624114274834423  8.373911954581342e-06
267.45  0.004624114370211131  8.373296678734145e-06
267.5  0.004624114464417782  8.372692017013717e-06
267.55  0.0046241145567863925  8.37209892909369e-06
267.6  0.004624114646673122  8.371517852397599e-06
267.65000000000003  0.0046241147335181814  8.370948702530718e-06
267.7  0.004624114816862354  8.37039083614568e-06
267.75  0.004624114896348558  8.369843216046246e-06
267.8  0.004624114971781063  8.369304429825963e-06
267.85  0.004624115043055249  8.368772843058959e-06
267.90000000000003  0.004624115110255289  8.36824675295138e-06
267.95  0.004624115173544793  8.367724490448377e-06
268.0  0.004624115233223782  8.367204558059684e-06
268.05  0.004624115289670279  8.36668572907156e-06
268.1  0.004624115343354549  8.36616711341625e-06
268.15000000000003  0.0046241153947662525  8.365648209313076e-06
268.2  0.004624115444408749  8.365128901155848e-06
268.25  0.00462411549277736  8.364609448745302e-06
268.3  0.004624115540317801  8.364090451363543e-06
268.35  0.004624115587425438  8.36357271121288e-06
268.40000000000003  0.004624115634421564  8.363057233191937e-06
268.45  0.0046241156815422825  8.362545045975454e-06
268.5  0.0046241157288967934  8.362037151728063e-06
268.55  0.004624115776492122  8.361534422324293e-06
268.6  0.0046241158242528065  8.36103756495925e-06
268.65000000000003  0.004624115871996205  8.360547041008691e-06
268.7  0.004624115919453936  8.360063046349672e-06
268.75  0.004624115966301375  8.359585509290519e-06
268.8  0.004624116012184548  8.359114118379294e-06
268.85  0.004624116056732963  8.358648350391638e-06
268.90000000000003  0.004624116099594107  8.358187534734739e-06
268.95  0.004624116140461109  8.357730900946987e-06
269.0  0.004624116179098561  8.357277638069344e-06
269.05  0.004624116215362453  8.356826968439466e-06
269.1  0.0046241162492274635  8.356378204949776e-06
269.15000000000003  0.0046241162807900285  8.355930769180463e-06
269.2  0.004624116310258287  8.35548424983953e-06
269.25  0.0046241163379630735  8.355038376982562e-06
269.3  0.004624116364332386  8.354593017849092e-06
269.35  0.004624116389872853  8.354148190256578e-06
269.40000000000003  0.004624116415152156  8.353704015241343e-06
269.45  0.004624116440756564  8.353260676527081e-06
269.5  0.004624116467222866  8.352818392618252e-06
269.55  0.004624116495070063  8.35237736680928e-06
269.6  0.00462411652470341  8.351937783446943e-06
269.65000000000003  0.004624116556422768  8.35149971624757e-06
269.7  0.004624116590402615  8.351063218658956e-06
269.75  0.004624116626669729  8.35062825273241e-06
269.8  0.004624116665133252  8.350194678160553e-06
269.85  0.004624116705575727  8.349762296386166e-06
269.90000000000003  0.004624116747643582  8.349330837498345e-06
269.95  0.0046241167909527574  8.348900017140553e-06
270.0  0.004624116835048549  8.348469500125938e-06
270.05  0.0046241168794866495  8.34803893831502e-06
270.1  0.004624116923844093  8.34760803556762e-06
270.15000000000003  0.004624116967758074  8.347176486069655e-06
270.2  0.004624117010960858  8.346744006199808e-06
270.25  0.00462411705328262  8.346310360544733e-06
270.3  0.004624117094683903  8.345875302586422e-06
270.35  0.004624117135227566  8.345438602282044e-06
270.40000000000003  0.004624117175091072  8.345000047819005e-06
270.45  0.004624117214525852  8.344559431946648e-06
270.5  0.004624117253896446  8.344116527917773e-06
270.55  0.004624117293549234  8.343671127075044e-06
270.6  0.004624117333884888  8.343222984515963e-06
270.65000000000003  0.004624117375272032  8.342771891932537e-06
270.7  0.004624117418017826  8.342317620183734e-06
270.75  0.0046241174623705365  8.341860000968961e-06
270.8  0.0046241175084933556  8.341398898976222e-06
270.85  0.004624117556447899  8.340934225912848e-06
270.90000000000003  0.004624117606178835  8.34046597319933e-06
270.95  0.00462411765752283  8.339994188454163e-06
271.0  0.004624117710225074  8.339519012770742e-06
271.05  0.004624117763950069  8.33904064675869e-06
271.1  0.004624117818278832  8.338559361359024e-06
271.15000000000003  0.004624117872746424  8.338075462226668e-06
271.2  0.004624117926864209  8.337589304174493e-06
271.25  0.004624117980138719  8.337101210427212e-06
271.3  0.004624118032055074  8.33661149403823e-06
271.35  0.0046241180821579055  8.33612040192723e-06
271.40000000000003  0.004624118130008  8.335628146176428e-06
271.45  0.004624118175223792  8.335134843422968e-06
271.5  0.0046241182174928674  8.334640556006636e-06
271.55  0.004624118256537881  8.334145233850078e-06
271.6  0.004624118292161482  8.333648792317887e-06
271.65000000000003  0.004624118324212933  8.33315109163568e-06
271.7  0.004624118352619307  8.332651978198779e-06
271.75  0.004624118377341797  8.33215128802142e-06
271.8  0.004624118398358265  8.331648903684374e-06
271.85  0.004624118415670722  8.33114475636249e-06
271.90000000000003  0.004624118429288554  8.330638864983146e-06
271.95  0.004624118439229398  8.330131364168561e-06
272.0  0.004624118445471213  8.32962244732673e-06
272.05  0.004624118447940102  8.329112432716314e-06
272.1  0.004624118446523363  8.328601704798136e-06
272.15000000000003  0.004624118441043241  8.328090733606997e-06
272.2  0.004624118431246988  8.327579998748942e-06
272.25  0.004624118416795404  8.327069996654023e-06
272.3  0.004624118397304361  8.326561210285835e-06
272.35  0.004624118372297353  8.32605406375599e-06
272.40000000000003  0.004624118341235743  8.32554887651338e-06
272.45  0.0046241183035513524  8.325045889271343e-06
272.5  0.004624118258616623  8.324545167351685e-06
272.55  0.004624118205815014  8.324046617209659e-06
272.6  0.004624118144563388  8.323549905682821e-06
272.65000000000003  0.00462411807436687  8.323054410876502e-06
272.7  0.004624117994889168  8.322559095169314e-06
272.75  0.004624117905948046  8.322062373435594e-06
272.8  0.00462411780753018  8.321561987092452e-06
272.85  0.004624117699659864  8.321054917413142e-06
272.90000000000003  0.0046241175821806965  8.320537448055537e-06
272.95  0.004624117454628972  8.320005430367503e-06
273.0  0.004624117316084836  8.319454580179996e-06
273.05  0.004624117165209919  8.31888099346433e-06
273.1  0.004624117000386034  8.318281546479441e-06
273.15000000000003  0.004624116819951465  8.317654375278089e-06
273.2  0.004624116622607699  8.316999160114495e-06
273.25  0.0046241164077917745  8.316317238807521e-06
273.3  0.004624116175907892  8.315611573874023e-06
273.35  0.00462411592860942  8.314886575817635e-06
273.40000000000003  0.0046241156687948735  8.31414772399524e-06
273.45  0.004624115400491846  8.313401126583961e-06
273.5  0.004624115128647812  8.312653066143436e-06
273.55  0.004624114858624816  8.311909475267594e-06
273.6  0.004624114595882481  8.311175567611475e-06
273.65000000000003  0.004624114345387514  8.310455485964497e-06
273.7  0.004624114111240914  8.309752019396199e-06
273.75  0.004624113896276759  8.309066630479564e-06
273.8  0.004624113701910661  8.3083993134523e-06
273.85  0.004624113527938234  8.307748822358691e-06
273.90000000000003  0.004624113372640737  8.307112857876446e-06
273.95  0.0046241132329857045  8.306488307220459e-06
274.0  0.004624113104908974  8.30587156631083e-06
274.05  0.004624112983704662  8.305258841735549e-06
274.1  0.004624112864448249  8.304646452829788e-06
274.15000000000003  0.0046241127424156946  8.304031052150159e-06
274.2  0.004624112613507676  8.303409808182547e-06
274.25  0.004624112474522412  8.302780596077068e-06
274.3  0.004624112323394041  8.302142027059736e-06
274.35  0.004624112159330557  8.301493439495546e-06
274.40000000000003  0.004624111982786068  8.300834900506264e-06
274.45  0.004624111795374962  8.300167087246491e-06
274.5  0.004624111599689871  8.299491161012459e-06
274.55  0.0046241113990168  8.29880866656877e-06
274.6  0.004624111197074315  8.29812135682732e-06
274.65000000000003  0.00462411099766322  8.297431051592019e-06
274.7  0.004624110804400245  8.296739524641958e-06
274.75  0.0046241106204564855  8.296048404885052e-06
274.8  0.004624110448341065  8.295359059943893e-06
274.85  0.004624110289726433  8.29467258454893e-06
274.90000000000003  0.004624110145451121  8.293989711885006e-06
274.95  0.004624110015501461  8.293310903423208e-06
275.0  0.0046241098990826394  8.292636266484439e-06
275.05  0.004624109794772127  8.291965671849294e-06
275.1  0.004624109700676386  8.291298721565442e-06
275.15000000000003  0.004624109614636564  8.290634846545264e-06
275.2  0.004624109534397835  8.289973316391268e-06
275.25  0.004624109457816429  8.289313305191278e-06
275.3  0.004624109382973344  8.288653875553216e-06
275.35  0.004624109308297467  8.28799406783227e-06
275.40000000000003  0.004624109232643227  8.287332872484463e-06
275.45  0.004624109155281744  8.286669319081162e-06
275.5  0.00462410907589411  8.286002509674846e-06
275.55  0.004624108994632782  8.285331685749243e-06
275.6  0.004624108911926239  8.284656247726236e-06
275.65000000000003  0.004624108828510151  8.283975815432832e-06
275.7  0.004624108745252098  8.283290306456861e-06
275.75  0.004624108663200126  8.282599903866188e-06
275.8  0.00462410858338359  8.281905057763547e-06
275.85  0.004624108506786696  8.281206474794308e-06
275.90000000000003  0.00462410843426652  8.280505083122782e-06
275.95  0.00462410836649786  8.279801970584328e-06
276.0  0.004624108303937527  8.279098306364862e-06
276.05  0.004624108246797189  8.278395289255516e-06
276.1  0.004624108195036146  8.277694057448516e-06
276.15000000000003  0.004624108148382926  8.276995615365337e-06
276.2  0.0046241081063356036  8.276300795533368e-06
276.25  0.004624108068215654  8.275610168095216e-06
276.3  0.004624108033214634  8.274924058572608e-06
276.35  0.004624108000428365  8.274242540243514e-06
276.40000000000003  0.004624107968943667  8.273565385578717e-06
276.45  0.00462410793783621  8.27289215560424e-06
276.5  0.004624107906290564  8.272222176914956e-06
276.55  0.004624107873573849  8.271554627154154e-06
276.6  0.0046241078390861  8.270888571637104e-06
276.65000000000003  0.004624107802354821  8.270223010890178e-06
276.7  0.004624107763064716  8.269556949300842e-06
276.75  0.004624107721002716  8.2688894016499e-06
276.8  0.0046241076760118035  8.268219478319448e-06
276.85  0.004624107627925917  8.267546422959501e-06
276.90000000000003  0.004624107576514803  8.266869685528986e-06
276.95  0.004624107521428661  8.266188980572715e-06
277.0  0.0046241074621301845  8.265504380921447e-06
277.05  0.004624107397903107  8.264816394576681e-06
277.1  0.0046241073278975135  8.264126016951923e-06
277.15000000000003  0.004624107251205816  8.263434774543343e-06
277.2  0.004624107166985884  8.262744723196232e-06
277.25  0.004624107074621163  8.262058342511948e-06
277.3  0.0046241069738121  8.261378447828535e-06
277.35  0.004624106864805163  8.260708022335309e-06
277.40000000000003  0.004624106748393168  8.26004991055713e-06
277.45  0.004624106625980716  8.25940668440002e-06
277.5  0.004624106499512054  8.258780357531489e-06
277.55  0.00462410637142446  8.258172228741446e-06
277.6  0.004624106244472093  8.257582701344156e-06
277.65000000000003  0.004624106121454738  8.257011231026702e-06
277.7  0.004624106005057317  8.256456347981588e-06
277.75  0.0046241058976076  8.255915703223017e-06
277.8  0.0046241058008011735  8.25538619564234e-06
277.85  0.004624105715505695  8.254864210175228e-06
277.90000000000003  0.004624105641700674  8.25434594544635e-06
277.95  0.004624105578371214  8.253827599594328e-06
278.0  0.004624105523636825  8.253305782661992e-06
278.05  0.004624105474854191  8.252777754417694e-06
278.1  0.004624105428898721  8.252241658688603e-06
278.15000000000003  0.004624105382461392  8.251696676211249e-06
278.2  0.004624105332297127  8.251143032644512e-06
278.25  0.004624105275597227  8.250581979488097e-06
278.3  0.004624105210136685  8.250015605026537e-06
278.35  0.004624105134559039  8.249446655431208e-06
278.40000000000003  0.00462410504837041  8.248878204017133e-06
278.45  0.004624104952037572  8.248313453059356e-06
278.5  0.00462410484683046  8.24775532204192e-06
278.55  0.004624104734742556  8.247206261001232e-06
278.6  0.004624104618227236  8.246668068348253e-06
278.65000000000003  0.004624104499988114  8.246141754291028e-06
278.7  0.004624104382721579  8.245627457483316e-06
278.75  0.004624104268858701  8.245124486013825e-06
278.8  0.00462410416041267  8.244631483526908e-06
278.85  0.004624104058757958  8.244146526224843e-06
278.90000000000003  0.004624103964624245  8.243667349529867e-06
278.95  0.00462410387801218  8.2431915539633e-06
279.0  0.00462410379825764  8.242716856485808e-06
279.05  0.004624103724145207  8.242241243421778e-06
279.1  0.004624103654014644  8.241763188531182e-06
279.15000000000003  0.004624103585978135  8.241281727035512e-06
279.2  0.004624103518096209  8.240796499556005e-06
279.25  0.004624103448553678  8.240307776992168e-06
279.3  0.004624103375806315  8.239816384917139e-06
279.35  0.004624103298740884  8.239323617937144e-06
279.40000000000003  0.0046241032167325825  8.238831062349676e-06
279.45  0.004624103129689296  8.238340454355229e-06
279.5  0.004624103038027423  8.237853500957365e-06
279.55  0.00462410294261646  8.237371780474082e-06
279.6  0.004624102844697248  8.236896526150685e-06
279.65000000000003  0.004624102745730368  8.236428585119397e-06
279.7  0.004624102647277042  8.235968339294869e-06
279.75  0.0046241025508515325  8.23551571068068e-06
279.8  0.004624102457800931  8.23507017985328e-06
279.85  0.0046241023691950935  8.234630859519266e-06
279.90000000000003  0.00462410228574686  8.2341966080827e-06
279.95  0.004624102207767545  8.233766122543447e-06
280.0  0.00462410213516313  8.23333807576587e-06
280.05  0.004624102067457487  8.232911231553658e-06
280.1  0.004624102003820797  8.232484563925865e-06
280.15000000000003  0.004624101943227276  8.232057342075214e-06
280.2  0.0046241018844770726  8.231629137903122e-06
280.25  0.004624101826329513  8.231199911827106e-06
280.3  0.004624101767563581  8.230769967249338e-06
280.35  0.004624101707097612  8.230339872958415e-06
280.40000000000003  0.004624101644055585  8.229910453973129e-06
280.45  0.004624101577785135  8.229482659032064e-06
280.5  0.004624101507908488  8.229057508024113e-06
280.55  0.0046241014343019774  8.22863594486994e-06
280.6  0.004624101357070522  8.228218800312974e-06
280.65000000000003  0.004624101276525714  8.227806703032419e-06
280.7  0.004624101193097035  8.227399997746433e-06
280.75  0.004624101107301838  8.226998791733255e-06
280.8  0.004624101019691637  8.226602903014736e-06
280.85  0.004624100930764465  8.226211908982782e-06
280.90000000000003  0.004624100840940396  8.225825177892572e-06
280.95  0.0046241007505357125  8.225441936603935e-06
281.0  0.004624100659719252  8.225061339310567e-06
281.05  0.0046241005685092335  8.224682541210158e-06
281.1  0.0046241004767939246  8.224304793864907e-06
281.15000000000003  0.004624100384394873  8.223927472407966e-06
281.2  0.00462410029098417  8.223550117702553e-06
281.25  0.004624100196196485  8.223172508586697e-06
281.3  0.004624100099642469  8.222794638048668e-06
281.35  0.004624100000955829  8.222416719877938e-06
281.40000000000003  0.004624099899792704  8.222039135763683e-06
281.45  0.004624099795901525  8.221662438038381e-06
281.5  0.004624099689070035  8.221287238685231e-06
281.55  0.004624099579185753  8.220914217604524e-06
281.6  0.004624099466218624  8.220544009931101e-06
281.65000000000003  0.004624099350192341  8.220177189799536e-06
281.7  0.004624099231197909  8.219814221016895e-06
281.75  0.00462409910938362  8.219455407713067e-06
281.8  0.004624098984896938  8.219100899941723e-06
281.85  0.004624098857902612  8.218750672693051e-06
281.90000000000003  0.0046240987285481126  8.21840453464092e-06
281.95  0.004624098596953346  8.21806215778641e-06
282.0  0.004624098463206283  8.21772310685812e-06
282.05  0.0046240983273479926  8.217386873887507e-06
282.1  0.004624098189372091  8.217052943302394e-06
282.15000000000003  0.004624098049232061  8.216720805153279e-06
282.2  0.004624097906849732  8.216390000607185e-06
282.25  0.004624097762121585  8.216060154667347e-06
282.3  0.0046240976149347305  8.215730991168584e-06
282.35  0.004624097465172793  8.215402341772056e-06
282.40000000000003  0.004624097312738896  8.215074138291608e-06
282.45  0.004624097157549475  8.214746428576008e-06
282.5  0.004624096999601262  8.214419318917089e-06
282.55  0.004624096838907298  8.214092958774723e-06
282.6  0.004624096675541463  8.213767508374386e-06
282.65000000000003  0.004624096509631824  8.213443135431601e-06
282.7  0.004624096341383125  8.21311995025213e-06
282.75  0.004624096171040842  8.212798017307638e-06
282.8  0.004624095998896571  8.212477303781048e-06
282.85  0.004624095825264043  8.212157711213133e-06
282.90000000000003  0.0046240956505001355  8.211839067023752e-06
282.95  0.004624095474962947  8.211521124853122e-06
283.0  0.00462409529901806  8.211203564853128e-06
283.05  0.004624095123003142  8.210886022226502e-06
283.1  0.004624094947217754  8.210568149240095e-06
283.15000000000003  0.004624094771948956  8.210249570211371e-06
283.2  0.004624094597414981  8.209929945654955e-06
283.25  0.004624094423804944  8.209608984385344e-06
283.3  0.004624094251242145  8.209286451410942e-06
283.35  0.004624094079808202  8.208962163289299e-06
283.40000000000003  0.004624093909552706  8.20863600394833e-06
283.45  0.004624093740482871  8.208307907527424e-06
283.5  0.004624093572584045  8.207977852640787e-06
283.55  0.004624093405818297  8.207645848573535e-06
283.6  0.004624093240141758  8.207311931468644e-06
283.65000000000003  0.004624093075498395  8.20697614747786e-06
283.7  0.004624092911851791  8.206638534761325e-06
283.75  0.004624092749166281  8.206299118913262e-06
283.8  0.004624092587426403  8.205957903519853e-06
283.85  0.004624092426632873  8.205614883136925e-06
283.90000000000003  0.0046240922667923606  8.205270028053217e-06
283.95  0.004624092107929004  8.204923299164445e-06
284.0  0.00462409195008277  8.204574647708776e-06
284.05  0.004624091793273062  8.204224037718825e-06
284.1  0.004624091637544396  8.203871439895596e-06
284.15000000000003  0.004624091482919545  8.20351685463223e-06
284.2  0.004624091329413223  8.203160309789846e-06
284.25  0.004624091177029194  8.202801874758404e-06
284.3  0.004624091025757372  8.202441645724944e-06
284.35  0.004624090875563303  8.202079756425696e-06
284.40000000000003  0.004624090726396169  8.201716359814712e-06
284.45  0.004624090578183552  8.201351615257884e-06
284.5  0.004624090430848727  8.200985683323619e-06
284.55  0.004624090284297529  8.200618700374715e-06
284.6  0.004624090138432735  8.200250767736379e-06
284.65000000000003  0.004624089993154495  8.199881934901113e-06
284.7  0.004624089848374657  8.199512187604648e-06
284.75  0.004624089704008582  8.199141448953818e-06
284.8  0.004624089559983427  8.198769591599115e-06
284.85  0.0046240894162513525  8.198396412168184e-06
284.90000000000003  0.0046240892727846495  8.198021678257275e-06
284.95  0.00462408912956922  8.197645131642309e-06
285.0  0.004624088986624553  8.197266499565774e-06
285.05  0.004624088843990784  8.19688554286255e-06
285.1  0.004624088701731769  8.19650205795355e-06
285.15000000000003  0.004624088559932033  8.19611590733319e-06
285.2  0.004624088418699225  8.195727021844066e-06
285.25  0.004624088278144287  8.19533542462795e-06
285.3  0.004624088138392846  8.19494121461662e-06
285.35  0.004624087999565566  8.194544583150444e-06
285.40000000000003  0.004624087861751845  8.1941457926367e-06
285.45  0.004624087725048716  8.193745154689069e-06
285.5  0.004624087589510762  8.193342989895286e-06
285.55  0.004624087455160892  8.192939654062464e-06
285.6  0.004624087321980382  8.192535431810553e-06
285.65000000000003  0.0046240871899035745  8.192130555552713e-06
285.7  0.004624087058834948  8.191725193882479e-06
285.75  0.004624086928647012  8.191319402142327e-06
285.8  0.004624086799172854  8.190913141792745e-06
285.85  0.004624086670245206  8.19050624189747e-06
285.90000000000003  0.004624086541688992  8.190098459846616e-06
285.95  0.004624086413325195  8.189689467286534e-06
286.0  0.004624086285009576  8.189278882576528e-06
286.05  0.004624086156612528  8.188866297301562e-06
286.1  0.004624086028046718  8.18845131582497e-06
286.15000000000003  0.004624085899255785  8.188033581730689e-06
286.2  0.004624085770234949  8.187612810312755e-06
286.25  0.00462408564101224  8.187188792667441e-06
286.3  0.004624085511660582  8.186761439415696e-06
286.35  0.004624085382265466  8.186330773654715e-06
286.40000000000003  0.0046240852529364105  8.185896921427558e-06
286.45  0.004624085123786866  8.185460110609564e-06
286.5  0.004624084994919391  8.185020644951718e-06
286.55  0.0046240848664256245  8.184578870521843e-06
286.6  0.004624084738366589  8.184135148556415e-06
286.65000000000003  0.004624084610784344  8.183689815081242e-06
286.7  0.004624084483683742  8.183243159132804e-06
286.75  0.00462408435705337  8.182795371377249e-06
286.8  0.004624084230855631  8.182346547312406e-06
286.85  0.0046240841050419175  8.181896663740817e-06
286.90000000000003  0.00462408397955886  8.181445571509781e-06
286.95  0.004624083854358132  8.18099300659434e-06
287.0  0.004624083729401936  8.180538601815452e-06
287.05  0.004624083604685795  8.1800819308401e-06
287.1  0.004624083480236289  8.179622509844814e-06
287.15000000000003  0.004624083356109164  8.179159861563803e-06
287.2  0.00462408323240363  8.178693541501584e-06
287.25  0.00462408310925627  8.178223164984656e-06
287.3  0.004624082986829413  8.177748456479629e-06
287.35  0.004624082865317322  8.177269273130055e-06
287.40000000000003  0.004624082744919593  8.176785602844589e-06
287.45  0.004624082625829795  8.176297605045309e-06
287.5  0.004624082508252402  8.175805590968283e-06
287.55  0.004624082392365014  8.175310005442736e-06
287.6  0.004624082278311938  8.17481143472926e-06
287.65000000000003  0.004624082166238655  8.174310554344681e-06
287.7  0.004624082056261204  8.173808104486042e-06
287.75  0.004624081948498476  8.173304848960365e-06
287.8  0.004624081843061218  8.172801541784689e-06
287.85  0.004624081740106598  8.172298862837705e-06
287.90000000000003  0.004624081639834339  8.171797411530473e-06
287.95  0.00462408154245926  8.17129763554013e-06
288.0  0.004624081448288525  8.170799834370276e-06
288.05  0.004624081357678412  8.170304130738922e-06
288.1  0.004624081271049678  8.169810454193756e-06
288.15000000000003  0.0046240811888767774  8.169318529174593e-06
288.2  0.00462408111167162  8.168827901770204e-06
288.25  0.004624081039952974  8.168337946047405e-06
288.3  0.0046240809742261  8.167847889952746e-06
288.35  0.004624080914952106  8.167356850248513e-06
288.40000000000003  0.004624080862524862  8.166863871710739e-06
288.45  0.004624080817254517  8.166367977906094e-06
288.5  0.004624080779345646  8.165868195141022e-06
288.55  0.0046240807488978925  8.165363613311248e-06
288.6  0.004624080725920088  8.164853433922174e-06
288.65000000000003  0.004624080710347018  8.164336979857553e-06
288.7  0.00462408070204821  8.163813754308191e-06
288.75  0.004624080700886235  8.163283450117664e-06
288.8  0.004624080706709679  8.162745993352041e-06
288.85  0.004624080719387973  8.16220157845574e-06
288.90000000000003  0.0046240807388109135  8.161650693324713e-06
288.95  0.0046240807648949235  8.161094144391688e-06
289.0  0.004624080797535592  8.160533097873525e-06
289.05  0.0046240808365944335  8.159969090176856e-06
289.1  0.004624080881874356  8.159404058979571e-06
289.15000000000003  0.0046240809330843295  8.158840277000789e-06
289.2  0.004624080989808611  8.158280314771858e-06
289.25  0.004624081051513225  8.157726929086599e-06
289.3  0.004624081117556533  8.157182930904165e-06
289.35  0.004624081187225905  8.156651020644836e-06
289.40000000000003  0.004624081259770023  8.15613363017875e-06
289.45  0.004624081334460766  8.155632725284038e-06
289.5  0.004624081410655649  8.15514965111819e-06
289.55  0.004624081487865006  8.154684993900103e-06
289.6  0.004624081565818805  8.154238488917163e-06
289.65000000000003  0.004624081644493641  8.153808986124133e-06
289.7  0.00462408172415151  8.153394478579848e-06
289.75  0.004624081805338735  8.152992182119383e-06
289.8  0.004624081888859385  8.152598696237811e-06
289.85  0.0046240819757340885  8.152210201176495e-06
289.90000000000003  0.00462408206713589  8.151822682535296e-06
289.95  0.0046240821642996675  8.151432210869659e-06
290.0  0.004624082268429199  8.15103517509421e-06
290.05  0.004624082380625982  8.150628525996342e-06
290.1  0.004624082501767279  8.150209950177704e-06
290.15000000000003  0.00462408263244906  8.149778037276093e-06
290.2  0.004624082772907627  8.14933235427453e-06
290.25  0.0046240829229992194  8.148873457638666e-06
290.3  0.004624083082178742  8.148402856036274e-06
290.35  0.004624083249527462  8.14792286989473e-06
290.40000000000003  0.0046240834237995165  8.14743648403649e-06
290.45  0.004624083603509121  8.146947103220885e-06
290.5  0.004624083787037487  8.146458328152618e-06
290.55  0.004624083972702512  8.145973654121777e-06
290.6  0.004624084158908253  8.14549620397205e-06
290.65000000000003  0.004624084344182797  8.145028506383707e-06
290.7  0.004624084527248554  8.144572284740242e-06
290.75  0.004624084707063568  8.14412834823583e-06
290.8  0.004624084882811987  8.143696515270933e-06
290.85  0.004624085053895395  8.143275662734094e-06
290.90000000000003  0.004624085219900203  8.14286383229639e-06
290.95  0.0046240853805560415  8.142458396771927e-06
291.0  0.0046240855356803655  8.1420563003125e-06
291.05  0.0046240856851526594  8.14165432231387e-06
291.1  0.00462408582888585  8.141249340865643e-06
291.15000000000003  0.004624085966822622  8.14083859711456e-06
291.2  0.004624086098916694  8.140419913012094e-06
291.25  0.004624086225172348  8.139991878051435e-06
291.3  0.0046240863456652615  8.139553956870563e-06
291.35  0.00462408646058052  8.139106508450007e-06
291.40000000000003  0.004624086570242343  8.138650775504483e-06
291.45  0.004624086675147978  8.138188764849703e-06
291.5  0.0046240867759867665  8.137723084344474e-06
291.55  0.004624086873643594  8.137256748230215e-06
291.6  0.004624086969167099  8.13679293130459e-06
291.65000000000003  0.004624087063751775  8.136334753097203e-06
291.7  0.0046240871586698575  8.13588504348716e-06
291.75  0.004624087255193886  8.135446138267255e-06
291.8  0.004624087354539728  8.135019779008915e-06
291.85  0.004624087457796425  8.134606957200497e-06
291.90000000000003  0.004624087565841956  8.134207934855925e-06
291.95  0.004624087679279824  8.133822233880425e-06
292.0  0.004624087798428589  8.133448714283884e-06
292.05  0.004624087923289683  8.133085719543178e-06
292.1  0.004624088053551434  8.132731203878739e-06
292.15000000000003  0.004624088188617478  8.132382921502384e-06
292.2  0.00462408832768083  8.132038606162473e-06
292.25  0.00462408846977408  8.131696131273533e-06
292.3  0.004624088613841405  8.13135365568105e-06
292.35  0.0046240887588261635  8.131009751931825e-06
292.40000000000003  0.004624088903746032  8.130663484439283e-06
292.45  0.00462408904776483  8.130314418495161e-06
292.5  0.004624089190231936  8.129962638709086e-06
292.55  0.004624089330716044  8.129608688746651e-06
292.6  0.004624089469024076  8.12925349405973e-06
292.65000000000003  0.004624089605189624  8.128898256079104e-06
292.7  0.00462408973944819  8.128544337384514e-06
292.75  0.004624089872201167  8.128193144186285e-06
292.8  0.004624090003964795  8.127845998823264e-06
292.85  0.004624090135317448  8.127504051156793e-06
292.90000000000003  0.004624090266843716  8.127168197939922e-06
292.95  0.004624090399082736  8.126839018320054e-06
293.0  0.004624090532488629  8.12651676007826e-06
293.05  0.004624090667411618  8.126201349580626e-06
293.1  0.00462409080406623  8.125892424843826e-06
293.15000000000003  0.004624090942542569  8.125589379572224e-06
293.2  0.004624091082809465  8.125291451217274e-06
293.25  0.004624091224734538  8.124997784855961e-06
293.3  0.004624091368115412  8.12470753667815e-06
293.35  0.004624091512724887  8.124419932248519e-06
293.40000000000003  0.004624091658334607  8.124134342612385e-06
293.45  0.004624091804764419  8.123850335290816e-06
293.5  0.004624091951893611  8.123567694716133e-06
293.55  0.004624092099690931  8.123286435256727e-06
293.6  0.004624092248220099  8.123006789465927e-06
293.65000000000003  0.004624092397631715  8.122729166659565e-06
293.7  0.004624092548163091  8.122454132540503e-06
293.75  0.004624092700115951  8.122182323145847e-06
293.8  0.004624092853823462  8.121914408440343e-06
293.85  0.004624093009627601  8.121651022213029e-06
293.90000000000003  0.0046240931678436965  8.121392714447335e-06
293.95  0.004624093328742281  8.121139889572803e-06
294.0  0.004624093492506724  8.120892788006172e-06
294.05  0.0046240936592350165  8.120651465351391e-06
294.1  0.0046240938289275725  8.120415793018622e-06
294.15000000000003  0.00462409400148602  8.120185458997216e-06
294.2  0.0046240941767285  8.1199600002891e-06
294.25  0.0046240943543988285  8.119738832504054e-06
294.3  0.004624094534188461  8.119521287040194e-06
294.35  0.004624094715757917  8.119306663958192e-06
294.40000000000003  0.004624094898754276  8.119094260397088e-06
294.45  0.004624095082834799  8.118883425465975e-06
294.5  0.004624095267675813  8.118673575738103e-06
294.55  0.0046240954529736325  8.118464224339907e-06
294.6  0.004624095638446568  8.118254986421256e-06
294.65000000000003  0.004624095823824363  8.118045581112085e-06
294.7  0.004624096008828002  8.117835824921367e-06
294.75  0.004624096193141122  8.117625601102869e-06
294.8  0.004624096376385582  8.117414838489449e-06
294.85  0.004624096558096251  8.117203484402983e-06
294.90000000000003  0.004624096737681463  8.116991477486407e-06
294.95  0.0046240969144086775  8.116778721899611e-06
295.0  0.004624097087371571  8.1165650619066e-06
295.05  0.00462409725548284  8.11635027967683e-06
295.1  0.004624097417474362  8.116134083656657e-06
295.15000000000003  0.004624097571904304  8.115916135180113e-06
295.2  0.004624097717173397  8.115696059995367e-06
295.25  0.004624097851555195  8.11547347650933e-06
295.3  0.00462409797322849  8.115248028883484e-06
295.35  0.004624098080341884  8.115019445148106e-06
295.40000000000003  0.004624098171043771  8.114787549652795e-06
295.45  0.004624098243550248  8.11455230080267e-06
295.5  0.004624098296185298  8.114313815724848e-06
295.55  0.004624098327438589  8.114072374905462e-06
295.6  0.004624098335999668  8.11382842229063e-06
295.65000000000003  0.004624098320799521  8.113582530684402e-06
295.7  0.004624098281030071  8.113335363777655e-06
295.75  0.004624098216175596  8.113087618511723e-06
295.8  0.004624098126024621  8.112839945331473e-06
295.85  0.00462409801070934  8.11259286538816e-06
295.90000000000003  0.004624097870727156  8.112346670081716e-06
295.95  0.004624097706956215  8.112101326035744e-06
296.0  0.004624097520695446  8.111856420401983e-06
296.05  0.004624097313662683  8.1116111103451e-06
296.1  0.004624097088002373  8.111364162239147e-06
296.15000000000003  0.00462409684625935  8.111114048726225e-06
296.2  0.004624096591361439  8.110859080710138e-06
296.25  0.004624096326560927  8.110597611502937e-06
296.3  0.0046240960553854266  8.110328234793317e-06
296.35  0.004624095781575112  8.110049966327969e-06
296.40000000000003  0.004624095508976842  8.10976238570026e-06
296.45  0.004624095241448047  8.109465708814414e-06
296.5  0.004624094982713175  8.109160779208428e-06
296.55  0.004624094736196743  8.108849002729235e-06
296.6  0.004624094504850089  8.108532208156244e-06
296.65000000000003  0.004624094290962577  8.108212472099276e-06
296.7  0.0046240940959846105  8.107891924229554e-06
296.75  0.004624093920380628  8.107572563968558e-06
296.8  0.00462409376353483  8.107256073319108e-06
296.85  0.004624093623709689  8.106943702407318e-06
296.90000000000003  0.0046240934981084825  8.106636195442115e-06
296.95  0.004624093383000504  8.106333766865254e-06
297.0  0.004624093273924841  8.106036114801879e-06
297.05  0.004624093165969991  8.105742507863419e-06
297.1  0.004624093054093557  8.105451876144751e-06
297.15000000000003  0.004624092933465329  8.105162939534328e-06
297.2  0.004624092799793502  8.104874331718409e-06
297.25  0.0046240926496321725  8.104584727506707e-06
297.3  0.00462409248061551  8.104292949266122e-06
297.35  0.00462409229161669  8.103998049266194e-06
297.40000000000003  0.004624092082814047  8.103699365803032e-06
297.45  0.004624091855659269  8.103396574951186e-06
297.5  0.0046240916127535826  8.103089678567554e-06
297.55  0.004624091357638373  8.102778996173245e-06
297.6  0.004624091094525832  8.102465132133548e-06
297.65000000000003  0.004624090827986592  8.102148926251217e-06
297.7  0.004624090562629042  8.101831397821025e-06
297.75  0.004624090302785143  8.101513691545458e-06
297.8  0.004624090052234021  8.101197013656143e-06
297.85  0.004624089813978452  8.100882573904776e-06
297.90000000000003  0.004624089590098716  8.100571519819184e-06
297.95  0.004624089381681394  8.100264876723511e-06
298.0  0.004624089188808148  8.099963491133415e-06
298.05  0.004624089010641083  8.099667962809274e-06
298.1  0.004624088845539041  8.099378615202952e-06
298.15000000000003  0.004624088691233326  8.0990954374165e-06
298.2  0.004624088545030375  8.098818080613505e-06
298.25  0.004624088404022999  8.098545849755421e-06
298.3  0.0046240882652941444  8.098277739109009e-06
298.35  0.004624088126124101  8.098012484660821e-06
298.40000000000003  0.0046240879841537175  8.097748629164222e-06
298.45  0.0046240878375185665  8.097484612615906e-06
298.5  0.004624087684944467  8.097218852205058e-06
298.55  0.004624087525793866  8.09694984397304e-06
298.6  0.0046240873600520635  8.096676239126784e-06
298.65000000000003  0.004624087188298121  8.096396918036228e-06
298.7  0.004624087011589965  8.096111036308215e-06
298.75  0.0046240868313789756  8.095818043723372e-06
298.8  0.0046240866493508555  8.095517709421443e-06
298.85  0.004624086467290404  8.095210083897757e-06
298.90000000000003  0.004624086286916541  8.094895486596441e-06
298.95  0.004624086109773351  8.094574414620465e-06
299.0  0.004624085937103638  8.094247515801789e-06
299.05  0.004624085769773748  8.093915488978344e-06
299.1  0.004624085608223123  8.093579004372737e-06
299.15000000000003  0.004624085452444198  8.093238675884585e-06
299.2  0.0046240853020070236  8.092894964861409e-06
299.25  0.004624085156093376  8.092548160199269e-06
299.3  0.00462408501358933  8.092198352379077e-06
299.35  0.004624084873137875  8.091845426570935e-06
299.40000000000003  0.00462408473324552  8.091489084919642e-06
299.45  0.004624084592375586  8.091128868686184e-06
299.5  0.004624084449020828  8.090764230482771e-06
299.55  0.004624084301783779  8.090394595807691e-06
299.6  0.004624084149439394  8.09001944994843e-06
299.65000000000003  0.00462408399097428  8.089638407956743e-06
299.7  0.00462408382562371  8.089251303896233e-06
299.75  0.004624083652896176  8.088858270875707e-06
299.8  0.004624083472601053  8.088459780933933e-06
299.85  0.004624083284865178  8.088056660983313e-06
299.90000000000003  0.004624083090133622  8.087650071226876e-06
299.95  0.004624082889192105  8.087241465333946e-06
300.0  0.004624082683131786  8.086832493462577e-06
300.05  0.004624082473322444  8.086424881409007e-06
300.1  0.004624082261367335  8.08602031136258e-06
300.15000000000003  0.004624082049020165  8.085620278908399e-06
300.2  0.004624081838116936  8.08522597873352e-06
300.25  0.004624081630471297  8.084838206848476e-06
300.3  0.0046240814277763165  8.084457301433314e-06
300.35  0.0046240812315019725  8.08408311815727e-06
300.40000000000003  0.004624081042807851  8.08371504425225e-06
300.45  0.004624080862470568  8.083352045681285e-06
300.5  0.004624080690819313  8.082992749613765e-06
300.55  0.004624080527708968  8.08263553119951e-06
300.6  0.004624080372507912  8.082278632944217e-06
300.65000000000003  0.004624080224123948  8.081920299109175e-06
300.7  0.004624080081079207  8.08155890141995e-06
300.75  0.004624079941612555  8.081193085902082e-06
300.8  0.004624079803810817  8.080821865029897e-06
300.85  0.004624079665762932  8.08044472063292e-06
300.90000000000003  0.0046240795257144005  8.080061630059661e-06
300.95  0.004624079382204535  8.079673058349146e-06
301.0  0.004624079234182062  8.079279913842627e-06
301.05  0.004624079081088599  8.078883444203825e-06
301.1  0.004624078922891935  8.07848511674047e-06
301.15000000000003  0.004624078760075463  8.07808646881742e-06
301.2  0.004624078593584869  8.077688986265229e-06
301.25  0.004624078424743276  8.077293946466281e-06
301.3  0.004624078255126116  8.076902331269193e-06
301.35  0.004624078086425161  8.076514728767346e-06
301.40000000000003  0.00462407792030955  8.076131325748926e-06
301.45  0.004624077758286003  8.075751894852068e-06
301.5  0.0046240776015937885  8.075375841338103e-06
301.55  0.0046240774511191775  8.075002287070496e-06
301.6  0.004624077307335153  8.074630170584659e-06
301.65000000000003  0.004624077170304575  8.074258349984742e-06
301.7  0.00462407703969952  8.07388571231554e-06
301.75  0.004624076914842855  8.073511294956866e-06
301.8  0.004624076794795555  8.073134358699277e-06
301.85  0.004624076678450276  8.072754451941974e-06
301.90000000000003  0.0046240765646357734  8.07237143254822e-06
301.95  0.004624076452217834  8.071985483653625e-06
302.0  0.004624076340189858  8.071597058310733e-06
302.05  0.0046240762277503945  8.071206837266118e-06
302.1  0.004624076114354786  8.070815645373978e-06
302.15000000000003  0.004624075999741526  8.070424386478793e-06
302.2  0.004624075883932427  8.070033929903528e-06
302.25  0.004624075767221961  8.069645033143023e-06
302.3  0.004624075650117909  8.069258304063065e-06
302.35  0.004624075533313588  8.06887411943906e-06
302.40000000000003  0.004624075417606031  8.068492605783866e-06
302.45  0.004624075303817634  8.068113646858117e-06
302.5  0.004624075192741477  8.067736909826887e-06
302.55  0.004624075085090652  8.067361879713149e-06
302.6  0.004624074981442947  8.066987920445081e-06
302.65000000000003  0.0046240748822027646  8.06661432245e-06
302.7  0.004624074787587823  8.066240390702463e-06
302.75  0.004624074697642877  8.065865513026902e-06
302.8  0.004624074612232618  8.065489191082262e-06
302.85  0.004624074531066005  8.065111089694826e-06
302.90000000000003  0.004624074453751072  8.064731084836939e-06
302.95  0.00462407437980987  8.064349215325349e-06
303.0  0.004624074308717661  8.063965699565079e-06
303.05  0.004624074239942831  8.063580900111598e-06
303.1  0.004624074172984133  8.063195287235334e-06
303.15000000000003  0.004624074107393575  8.062809387242806e-06
303.2  0.004624074042802447  8.06242372235195e-06
303.25  0.004624073978929897  8.062038773207443e-06
303.3  0.0046240739155984836  8.061654935755065e-06
303.35  0.00462407385272276  8.061272486483917e-06
303.40000000000003  0.004624073790311822  8.060891564788255e-06
303.45  0.004624073728447754  8.060512160202494e-06
303.5  0.004624073667269822  8.060134134216979e-06
303.55  0.004624073606959882  8.059757225944395e-06
303.6  0.004624073547732607  8.059381087172888e-06
303.65000000000003  0.004624073489804362  8.059005328565709e-06
303.7  0.0046240734333741415  8.058629533445096e-06
303.75  0.004624073378627385  8.05825333470432e-06
303.8  0.0046240733257123575  8.057876415765545e-06
303.85  0.004624073274738989  8.057498557063417e-06
303.90000000000003  0.004624073225774015  8.057119653251011e-06
303.95  0.004624073178845505  8.056739715682297e-06
304.0  0.004624073133936138  8.056358876662046e-06
304.05  0.004624073090986404  8.055977368511998e-06
304.1  0.004624073049910816  8.055595513443814e-06
304.15000000000003  0.004624073010592141  8.05521369349056e-06
304.2  0.0046240729728924245  8.054832323388943e-06
304.25  0.004624072936665644  8.054451819720985e-06
304.3  0.004624072901740941  8.054072581363796e-06
304.35  0.004624072867951292  8.053694962512453e-06
304.40000000000003  0.004624072835133879  8.053319252101105e-06
304.45  0.004624072803107971  8.052945672928193e-06
304.5  0.0046240727717133685  8.052574377946564e-06
304.55  0.004624072740780083  8.05220545441475e-06
304.6  0.004624072710143101  8.051838931579231e-06
304.65000000000003  0.004624072679644278  8.051474800017848e-06
304.7  0.004624072649117036  8.0511130290363e-06
304.75  0.004624072618397486  8.050753586387053e-06
304.8  0.004624072587321946  8.050396450879457e-06
304.85  0.004624072555728031  8.05004163195576e-06
304.90000000000003  0.004624072523448256  8.049689179633879e-06
304.95  0.004624072490324387  8.049339179072898e-06
305.0  0.004624072456194851  8.048991771782133e-06
305.05  0.004624072420911007  8.048647132311293e-06
305.1  0.004624072384326522  8.048305464828687e-06
305.15000000000003  0.004624072346311368  8.047966996733586e-06
305.2  0.004624072306743944  8.047631956954251e-06
305.25  0.004624072265528004  8.04730056808053e-06
305.3  0.004624072222585072  8.04697302684909e-06
305.35  0.004624072177861132  8.04664949887037e-06
305.40000000000003  0.004624072131333977  8.04633011601601e-06
305.45  0.0046240720830117675  8.046014959331626e-06
305.5  0.004624072032940445  8.045704084176473e-06
305.55  0.004624071981191436  8.045397505064116e-06
305.6  0.004624071927878136  8.045095217565376e-06
305.65000000000003  0.004624071873141114  8.044797203059835e-06
305.7  0.004624071817151262  8.04450343843197e-06
305.75  0.00462407176010074  8.044213914503703e-06
305.8  0.004624071702193491  8.04392863968736e-06
305.85  0.004624071643648014  8.043647638820579e-06
305.90000000000003  0.00462407158467661  8.04337096393802e-06
305.95  0.004624071525481912  8.04309867992474e-06
306.0  0.004624071466259838  8.042830867921919e-06
306.05  0.004624071407178885  8.042567604273082e-06
306.1  0.004624071348383603  8.042308950019693e-06
306.15000000000003  0.004624071289995729  8.042054937043789e-06
306.2  0.004624071232105673  8.041805550828008e-06
306.25  0.004624071174780475  8.041560731155652e-06
306.3  0.00462407111805899  8.04132034575246e-06
306.35  0.004624071061967397  8.041084201217868e-06
306.40000000000003  0.004624071006515452  8.040852049080833e-06
306.45  0.004624070951708069  8.04062358495995e-06
306.5  0.004624070897550771  8.040398468539434e-06
306.55  0.004624070844058376  8.04017633812228e-06
306.6  0.004624070791252911  8.039956828542815e-06
306.65000000000003  0.004624070739168434  8.039739595871395e-06
306.7  0.004624070687846339  8.039524330259651e-06
306.75  0.004624070637336759  8.03931077536691e-06
306.8  0.004624070587702086  8.039098737445717e-06
306.85  0.0046240705389968655  8.038888097802521e-06
306.90000000000003  0.0046240704912698  8.038678800631782e-06
306.95  0.004624070444549197  8.038470856835501e-06
307.0  0.004624070398845808  8.03826432673042e-06
307.05  0.004624070354128449  8.038059309256928e-06
307.1  0.004624070310332186  8.037855913361085e-06
307.15000000000003  0.004624070267358465  8.037654240123729e-06
307.20000000000005  0.004624070225066029  8.03745436677127e-06
307.25  0.004624070183275395  8.037256318345422e-06
307.3  0.004624070141782342  8.03706005316143e-06
307.35  0.004624070100353967  8.03686546390981e-06
307.40000000000003  0.004624070058747181  8.03667237238334e-06
307.45000000000005  0.004624070016717642  8.036480527740278e-06
307.5  0.004624069974037168  8.036289621561057e-06
307.55  0.004624069930499457  8.03609930077134e-06
307.6  0.004624069885946198  8.035909189118588e-06
307.65000000000003  0.004624069840258254  8.035718911200918e-06
307.70000000000005  0.004624069793371483  8.035528117500749e-06
307.75  0.004624069745278718  8.035336510405861e-06
307.8  0.0046240696960276936  8.035143861057114e-06
307.85  0.004624069645719785  8.034950026110116e-06
307.90000000000003  0.004624069594503323  8.034754961742793e-06
307.95000000000005  0.004624069542553129  8.034558713407824e-06
308.0  0.004624069490063781  8.034361434648838e-06
308.05  0.00462406943722773  8.03416335144079e-06
308.1  0.00462406938422263  8.033964759335463e-06
308.15000000000003  0.004624069331191209  8.033766003254107e-06
308.20000000000005  0.004624069278225798  8.033567445623387e-06
308.25  0.004624069225359051  8.033369437600763e-06
308.3  0.0046240691725606764  8.033172302695463e-06
308.35  0.004624069119724662  8.032976302500002e-06
308.40000000000003  0.004624069066682528  8.032781634122781e-06
308.45000000000005  0.004624069013206173  8.032588407960604e-06
308.5  0.004624068959017671  8.032396646983364e-06
308.55  0.004624068903813628  8.03220628713038e-06
308.6  0.00462406884727966  8.032017191698477e-06
308.65000000000003  0.004624068789103073  8.03182917505358e-06
308.70000000000005  0.004624068729000503  8.031642014439202e-06
308.75  0.004624068666725439  8.031455480153892e-06
308.8  0.00462406860208498  8.031269367971152e-06
308.85  0.0046240685349448985  8.031083523662999e-06
308.90000000000003  0.0046240684652344936  8.030897849531322e-06
308.95000000000005  0.004624068392941813  8.030712341063048e-06
309.0  0.004624068318105721  8.030527086308255e-06
309.05  0.004624068240801693  8.030342276360967e-06
309.1  0.004624068161127226  8.030158175448718e-06
309.15000000000003  0.0046240680791899535  8.029975131334885e-06
309.20000000000005  0.00462406799507477  8.029793535231713e-06
309.25  0.004624067908851398  8.029613810925536e-06
309.3  0.0046240678205494885  8.029436368407819e-06
309.35  0.00462406773014817  8.02926159304047e-06
309.40000000000003  0.004624067637579729  8.029089801597948e-06
309.45000000000005  0.004624067542738035  8.028921241596373e-06
309.5  0.004624067445480691  8.028756055916128e-06
309.55  0.0046240673456521934  8.028594293563276e-06
309.6  0.004624067243091071  8.028435880041179e-06
309.65000000000003  0.00462406713765171  8.028280651857245e-06
309.70000000000005  0.004624067029215235  8.028128359976863e-06
309.75  0.0046240669177152905  8.027978694789705e-06
309.8  0.004624066803140342  8.02783130315837e-06
309.85  0.004624066685552117  8.027685821941995e-06
309.90000000000003  0.004624066565076734  8.02754190902331e-06
309.95000000000005  0.004624066441911332  8.027399256938308e-06
310.0  0.004624066316306733  8.027257606625076e-06
310.05  0.004624066188563732  8.02711677691107e-06
310.1  0.004624066059005923  8.026976659770751e-06
310.15000000000003  0.004624065927972487  8.026837225754559e-06
310.20000000000005  0.0046240657957938355  8.026698510057649e-06
310.25  0.004624065662774814  8.026560601616138e-06
310.3  0.004624065529190832  8.026423637540964e-06
310.35  0.004624065395271996  8.026287771074774e-06
310.40000000000003  0.004624065261202679  8.026153158978461e-06
310.45000000000005  0.004624065127117258  8.026019949792373e-06
310.5  0.004624064993119327  8.025888253634383e-06
310.55  0.004624064859289691  8.025758141137002e-06
310.6  0.004624064725693117  8.02562963831935e-06
310.65000000000003  0.004624064592411924  8.025502714203055e-06
310.70000000000005  0.0046240644595532225  8.025377288258354e-06
310.75  0.004624064327276353  8.025253236958955e-06
310.8  0.0046240641958236245  8.02513040181629e-06
310.85  0.00462406406552183  8.025008606450932e-06
310.90000000000003  0.0046240639368150035  8.024887672213922e-06
310.95000000000005  0.0046240638102689295  8.024767443828516e-06
311.0  0.004624063686594815  8.024647793639022e-06
311.05  0.004624063566645634  8.024528650872408e-06
311.1  0.004624063451421861  8.024410007824334e-06
311.15000000000003  0.004624063342053257  8.024291935555242e-06
311.20000000000005  0.004624063239769268  8.024174574505872e-06
311.25  0.004624063145862606  8.024058135258414e-06
311.3  0.004624063061611731  8.023942854792468e-06
311.35  0.0046240629882151755  8.023828973009555e-06
311.40000000000003  0.004624062926697968  8.023716676792736e-06
311.45000000000005  0.004624062877823253  8.02360604047622e-06
311.5  0.004624062842013534  8.023496972728118e-06
311.55  0.004624062819292736  8.023389168494479e-06
311.6  0.004624062809243226  8.023282095724668e-06
311.65000000000003  0.0046240628109883025  8.023174982185597e-06
311.70000000000005  0.004624062823226114  8.02306685237874e-06
311.75  0.0046240628442573446  8.022956569365875e-06
311.8  0.004624062872052265  8.022842902699194e-06
311.85  0.004624062904326397  8.022724585867268e-06
311.90000000000003  0.004624062938652026  8.022600409127195e-06
311.95000000000005  0.004624062972569683  8.022469286114792e-06
312.0  0.0046240630037244265  8.022330316701241e-06
312.05  0.004624063029989174  8.022182854340883e-06
312.1  0.004624063049620277  8.022026542449393e-06
312.15000000000003  0.004624063061373193  8.021861317130291e-06
312.20000000000005  0.004624063064598065  8.021687438389243e-06
312.25  0.004624063059314894  8.021505450504517e-06
312.3  0.0046240630462326  8.02131614567001e-06
312.35  0.004624063026712864  8.02112051930724e-06
312.40000000000003  0.0046240630027033075  8.020919689978705e-06
312.45000000000005  0.004624062976598743  8.020714832536284e-06
312.5  0.004624062951062716  8.020507110140681e-06
312.55  0.004624062928847377  8.02029759156133e-06
312.6  0.004624062912557507  8.020087191158391e-06
312.65000000000003  0.0046240629044724795  8.019876635247255e-06
312.70000000000005  0.004624062906349776  8.019666426195379e-06
312.75  0.004624062919289574  8.019456821938246e-06
312.8  0.00462406294364044  8.019247862222499e-06
312.85  0.004624062978971395  8.019039376870695e-06
312.90000000000003  0.004624063024110465  8.018831034226992e-06
312.95000000000005  0.004624063077240007  8.018622393494046e-06
313.0  0.004624063136029755  8.01841294001887e-06
313.05  0.004624063197832222  8.0182021430537e-06
313.1  0.004624063259876573  8.017989513262967e-06
313.15000000000003  0.0046240633194900215  8.01777462610662e-06
313.20000000000005  0.004624063374285257  8.017557160823972e-06
313.25  0.004624063422328243  8.01733691252401e-06
313.3  0.0046240634622634405  8.017113819014414e-06
313.35  0.004624063493405042  8.016887939749903e-06
313.40000000000003  0.004624063515755195  8.01665945800889e-06
313.45000000000005  0.004624063529975526  8.016428655821082e-06
313.5  0.004624063537303862  8.01619589746769e-06
313.55  0.004624063539445181  8.015961613720449e-06
313.6  0.004624063538412581  8.015726271134428e-06
313.65000000000003  0.004624063536372928  8.015490347327252e-06
313.70000000000005  0.004624063535473233  8.015254319346664e-06
313.75  0.0046240635376900326  8.015018638457799e-06
313.8  0.004624063544691888  8.014783721790734e-06
313.85  0.00462406355773894  8.014549946186172e-06
313.90000000000003  0.004624063577624197  8.014317635012942e-06
313.95000000000005  0.004624063604634276  8.014087055253886e-06
314.0  0.004624063638578213  8.01385841937304e-06
314.05  0.0046240636788379185  8.013631873331132e-06
314.1  0.004624063724443626  8.013407507549744e-06
314.15000000000003  0.004624063774182381  8.013185341677562e-06
314.20000000000005  0.00462406382670816  8.012965338716843e-06
314.25  0.00462406388067183  8.012747390338316e-06
314.3  0.004624063934822374  8.012531329355849e-06
314.35  0.004624063988103208  8.012316922874566e-06
314.40000000000003  0.00462406403972951  8.012103883053429e-06
314.45000000000005  0.004624064089239033  8.011891858775083e-06
314.5  0.0046240641365037655  8.011680457013537e-06
314.55  0.004624064181722617  8.011469247547064e-06
314.6  0.004624064225396657  8.01125778056371e-06
314.65000000000003  0.004624064268254034  8.01104560474415e-06
314.70000000000005  0.004624064311195426  8.010832273998393e-06
314.75  0.004624064355209229  8.010617380846834e-06
314.8  0.00462406440128233  8.010400572960626e-06
314.85  0.004624064450330509  8.010181566897239e-06
314.90000000000003  0.004624064503135872  8.009960169758759e-06
314.95000000000005  0.004624064560287737  8.0097362804761e-06
315.0  0.004624064622158627  8.009509903500026e-06
315.05  0.004624064688888747  8.009281144864512e-06
315.1  0.00462406476039003  8.00905020194012e-06
315.15000000000003  0.004624064836372937  8.00881735413159e-06
315.20000000000005  0.004624064916377469  8.008582924268267e-06
315.25  0.0046240649998253985  8.008347283397506e-06
315.3  0.0046240650860683635  8.008110791803624e-06
315.35  0.004624065174440129  8.007873784177747e-06
315.40000000000003  0.0046240652643161646  8.007636530391245e-06
315.45000000000005  0.004624065355141758  8.0073992139396e-06
315.5  0.004624065446479688  8.00716190775394e-06
315.55  0.004624065538019388  8.006924563734391e-06
315.6  0.004624065629596009  8.006687004176748e-06
315.65000000000003  0.004624065721193279  8.006448930658174e-06
315.70000000000005  0.004624065812925091  8.006209930575979e-06
315.75  0.004624065905023865  8.005969500557638e-06
315.8  0.004624065997813044  8.005727083228472e-06
315.85  0.004624066091680848  8.005482101067504e-06
315.90000000000003  0.004624066187045698  8.00523398399939e-06
315.95000000000005  0.004624066284329888  8.00498222026658e-06
316.0  0.004624066383932985  8.004726382762186e-06
316.05  0.004624066486199731  8.004466156567538e-06
316.1  0.004624066591406909  8.004201363076481e-06
316.15000000000003  0.004624066699747166  8.003931968146717e-06
316.20000000000005  0.00462406681131812  8.003658081828793e-06
316.25  0.004624066926118915  8.003379956123167e-06
316.3  0.004624067044055434  8.003097948196177e-06
316.35  0.004624067164931367  8.00281251480692e-06
316.40000000000003  0.004624067288474578  8.002524163577194e-06
316.45000000000005  0.004624067414338991  8.002233423203793e-06
316.5  0.00462406754212173  8.001940811133263e-06
316.55  0.00462406767137725  8.001646790774964e-06
316.6  0.0046240678016409185  8.001351758558122e-06
316.65000000000003  0.004624067932445949  8.00105600894342e-06
316.70000000000005  0.004624068063330238  8.000759729934502e-06
316.75  0.004624068193863932  8.000462995261624e-06
316.8  0.004624068323654885  8.000165781183194e-06
316.85  0.004624068452359625  7.999867973779672e-06
316.90000000000003  0.00462406857968912  7.999569395925055e-06
316.95000000000005  0.0046240687054071574  7.999269830442065e-06
317.0  0.0046240688293145175  7.998969054865529e-06
317.05  0.004624068951253377  7.998666864369256e-06
317.1  0.00462406907108411  7.998363110284647e-06
317.15000000000003  0.004624069188671439  7.998057718539025e-06
317.20000000000005  0.004624069303862578  7.997750700051999e-06
317.25  0.004624069416474993  7.997442171746552e-06
317.3  0.004624069526263854  7.99713235804331e-06
317.35  0.004624069632917307  7.996821580253532e-06
317.40000000000003  0.004624069736037817  7.996510245684733e-06
317.45000000000005  0.004624069835127156  7.996198842118275e-06
317.5  0.004624069929595907  7.995887915130571e-06
317.55  0.004624070018759349  7.995578045754651e-06
317.6  0.0046240701018478  7.995269836124416e-06
317.65000000000003  0.004624070178018594  7.994963884102776e-06
317.70000000000005  0.00462407024639753  7.994660769730409e-06
317.75  0.0046240703061086914  7.994361040323311e-06
317.8  0.00462407035634888  7.994065177257492e-06
317.85  0.004624070396464569  7.993773555997147e-06
317.90000000000003  0.004624070426066385  7.993486371276153e-06
317.95000000000005  0.00462407044514405  7.993203520461354e-06
318.0  0.004624070454136928  7.992924435387612e-06
318.05  0.004624070453943602  7.992647914521741e-06
318.1  0.004624070445799195  7.992371995792244e-06
318.15000000000003  0.004624070431062154  7.992093943397338e-06
318.20000000000005  0.004624070410963414  7.991810378892246e-06
318.25  0.004624070386377922  7.991517556558054e-06
318.3  0.004624070357692734  7.991211769023011e-06
318.35  0.004624070324801723  7.990889763613034e-06
318.40000000000003  0.004624070287220526  7.990549163536571e-06
318.45000000000005  0.004624070244284153  7.99018878860345e-06
318.5  0.0046240701954071844  7.989808855437799e-06
318.55  0.004624070140308441  7.989411012519782e-06
318.6  0.004624070079195996  7.988998249255574e-06
318.65000000000003  0.004624070012869294  7.988574642390931e-06
318.70000000000005  0.0046240699427150915  7.98814501214983e-06
318.75  0.0046240698705984655  7.987714539854971e-06
318.8  0.004624069798680966  7.987288345378117e-06
318.85  0.004624069729186633  7.986871114093109e-06
318.90000000000003  0.004624069664153841  7.986466774054661e-06
318.95000000000005  0.004624069605193408  7.986078264457758e-06
319.0  0.004624069553305062  7.985707392108444e-06
319.05  0.004624069508757487  7.985354792548973e-06
319.1  0.004624069471051085  7.985019987018558e-06
319.15000000000003  0.0046240694389602  7.984701522658208e-06
319.20000000000005  0.004624069410659558  7.984397147823408e-06
319.25  0.004624069383885857  7.984104071929128e-06
319.3  0.004624069356168147  7.983819194504631e-06
319.35  0.004624069325065967  7.983539345926954e-06
319.40000000000003  0.004624069288372274  7.983261539675863e-06
319.45000000000005  0.0046240692443026855  7.982983142082243e-06
319.5  0.004624069191670268  7.982702024822898e-06
319.55  0.004624069129959796  7.982416644983663e-06
319.6  0.004624069059350946  7.982126103500313e-06
319.65000000000003  0.004624068980688097  7.981830127193379e-06
319.70000000000005  0.004624068895390554  7.981529023443808e-06
319.75  0.004624068805319141  7.981223592434105e-06
319.8  0.004624068712607738  7.98091502822109e-06
319.85  0.00462406861948662  7.980604793690428e-06
319.90000000000003  0.0046240685281068086  7.98029450726486e-06
319.95000000000005  0.0046240684403786305  7.979985816044591e-06
320.0  0.004624068357840846  7.979680284912631e-06
320.05  0.004624068281575303  7.979379323227913e-06
320.1  0.004624068212158569  7.979084100450919e-06
320.15000000000003  0.00462406814966679  7.978795508296306e-06
320.20000000000005  0.0046240680937238866  7.978514136377371e-06
320.25  0.004624068043576084  7.978240264485188e-06
320.3  0.004624067998199767  7.977973873159626e-06
320.35  0.004624067956437251  7.977714665172407e-06
320.40000000000003  0.004624067917120106  7.977462098227398e-06
320.45000000000005  0.004624067879175606  7.977215393283172e-06
320.5  0.00462406784173003  7.976973566464391e-06
320.55  0.004624067804143482  7.976735451169138e-06
320.6  0.004624067766032132  7.976499733234492e-06
320.65000000000003  0.004624067727241667  7.976265014016792e-06
320.70000000000005  0.0046240676877957725  7.97602985760866e-06
320.75  0.00462406764784125  7.975792889231443e-06
320.8  0.004624067607584596  7.975552884632258e-06
320.85  0.00462406756724848  7.975308847883656e-06
320.90000000000003  0.004624067527027629  7.975060107950273e-06
320.95000000000005  0.004624067487079045  7.97480636135492e-06
321.0  0.004624067447519408  7.974547704757905e-06
321.05  0.004624067408442243  7.974284639346002e-06
321.1  0.0046240673699281445  7.974018037477916e-06
321.15000000000003  0.004624067332077477  7.973749075397884e-06
321.20000000000005  0.00462406729501801  7.973479156119878e-06
321.25  0.004624067258918972  7.973209809882507e-06
321.3  0.004624067223990794  7.972942588744927e-06
321.35  0.004624067190462985  7.972678958463483e-06
321.40000000000003  0.004624067158576595  7.972420210835121e-06
321.45000000000005  0.0046240671285396094  7.972167381569026e-06
321.5  0.004624067100500681  7.971921190718662e-06
321.55  0.004624067074512193  7.971682025980958e-06
321.6  0.004624067050501085  7.971449920947192e-06
321.65000000000003  0.004624067028247969  7.971224591553158e-06
321.70000000000005  0.00462406700738045  7.97100547584657e-06
321.75  0.004624066987378245  7.970791792674495e-06
321.8  0.0046240669675907484  7.97058261314435e-06
321.85  0.0046240669472661575  7.970376944098876e-06
321.90000000000003  0.004624066925599113  7.970173799783482e-06
321.95000000000005  0.004624066901773094  7.969972278620656e-06
322.0  0.004624066875016899  7.96977162739185e-06
322.05  0.004624066844653052  7.969571281388836e-06
322.1  0.004624066810133264  7.969370911969544e-06
322.15000000000003  0.004624066771079794  7.969170424840026e-06
322.20000000000005  0.004624066727305453  7.968969964084513e-06
322.25  0.004624066678815637  7.96876988364639e-06
322.3  0.00462406662579978  7.968570726026078e-06
322.35  0.004624066568604765  7.968373165204438e-06
322.40000000000003  0.0046240665077048  7.968177966507495e-06
322.45000000000005  0.004624066443648759  7.967985926556605e-06
322.5  0.004624066377015325  7.967797826064718e-06
322.55  0.004624066308359565  7.967614377083011e-06
322.6  0.004624066238171842  7.96743617613001e-06
322.65000000000003  0.004624066166827459  7.967263686937257e-06
322.70000000000005  0.004624066094561588  7.967097200155002e-06
322.75  0.004624066021459641  7.966936836586327e-06
322.8  0.004624065947446789  7.966782537006053e-06
322.85  0.004624065872296307  7.966634089169663e-06
322.90000000000003  0.00462406579565888  7.966491136944852e-06
322.95000000000005  0.004624065717092269  7.966353222751026e-06
323.0  0.0046240656360925685  7.966219816695597e-06
323.05  0.004624065552159773  7.966090355864536e-06
323.1  0.004624065464815703  7.96596428563758e-06
323.15000000000003  0.004624065373650326  7.965841096367258e-06
323.20000000000005  0.004624065278356682  7.96572036321343e-06
323.25  0.0046240651787555825  7.965601757971819e-06
323.3  0.004624065074807415  7.965485071912678e-06
323.35  0.004624064966603362  7.965370222239402e-06
323.40000000000003  0.004624064854362547  7.96525724862641e-06
323.45000000000005  0.004624064738410762  7.965146298222476e-06
323.5  0.00462406461915025  7.965037610797415e-06
323.55  0.004624064497033627  7.964931477280186e-06
323.6  0.0046240643725228925  7.964828225325125e-06
323.65000000000003  0.004624064246063727  7.964728171901788e-06
323.70000000000005  0.004624064118049881  7.964631589322172e-06
323.75  0.004624063988800184  7.964538677082876e-06
323.8  0.004624063858545546  7.964449550511393e-06
323.85  0.004624063727420111  7.964364209897918e-06
323.90000000000003  0.004624063595460094  7.964282539974925e-06
323.95000000000005  0.004624063462621212  7.964204307008384e-06
324.0  0.0046240633287837184  7.964129170277124e-06
324.05  0.004624063193789028  7.964056705055369e-06
324.1  0.004624063057450337  7.963986419353949e-06
324.15000000000003  0.004624062919594263  7.963917790496046e-06
324.20000000000005  0.004624062780071606  7.963850287572005e-06
324.25  0.004624062638785591  7.963783411575396e-06
324.3  0.004624062495714221  7.963716707505818e-06
324.35  0.004624062350907954  7.963649801455036e-06
324.40000000000003  0.004624062204511893  7.963582409139897e-06
324.45000000000005  0.004624062056746902  7.963514340270881e-06
324.5  0.004624061907902926  7.963445513829038e-06
324.55  0.004624061758333697  7.96337593857701e-06
324.6  0.004624061608421  7.963305703543507e-06
324.65000000000003  0.00462406145856976  7.963234951213622e-06
324.70000000000005  0.004624061309162591  7.963163875555354e-06
324.75  0.00462406116055983  7.963092676499169e-06
324.8  0.00462406101306779  7.963021564152133e-06
324.85  0.004624060866930639  7.962950713294725e-06
324.90000000000003  0.004624060722315404  7.962880258052724e-06
324.95000000000005  0.004624060579309912  7.962810283912637e-06
325.0  0.004624060437929671  7.962740806743183e-06
325.05  0.004624060298114717  7.962671789993073e-06
325.1  0.00462406015975145  7.962603136665367e-06
325.15000000000003  0.004624060022678384  7.962534707147452e-06
325.20000000000005  0.0046240598867063245  7.962466325143936e-06
325.25  0.004624059751636382  7.96239779835769e-06
325.3  0.004624059617270519  7.9623289323182e-06
325.35  0.0046240594834293935  7.962259542466582e-06
325.40000000000003  0.004624059349961927  7.962189481124328e-06
325.45000000000005  0.004624059216742922  7.962118637753123e-06
325.5  0.004624059083685914  7.962046948663462e-06
325.55  0.004624058950732605  7.961974403206619e-06
325.6  0.004624058817850191  7.961901042759014e-06
325.65000000000003  0.004624058685031606  7.961826955615593e-06
325.70000000000005  0.00462405855227752  7.961752265219473e-06
325.75  0.004624058419594308  7.961677123415464e-06
325.8  0.004624058286981756  7.961601693031532e-06
325.85  0.0046240581544272725  7.961526138121219e-06
325.90000000000003  0.004624058021909081  7.961450609061538e-06
325.95000000000005  0.004624057889388146  7.961375233757767e-06
326.0  0.004624057756802247  7.96130010280249e-06
326.05  0.004624057624083446  7.96122526518873e-06
326.1  0.004624057491157837  7.961150735026309e-06
326.15000000000003  0.004624057357944135  7.961076481865394e-06
326.20000000000005  0.004624057224367687  7.961002438967065e-06
326.25  0.004624057090359449  7.960928507107965e-06
326.3  0.004624056955861301  7.960854579547159e-06
326.35  0.0046240568208332986  7.96078052880875e-06
326.40000000000003  0.004624056685247551  7.960706230040431e-06
326.45000000000005  0.004624056549092561  7.960631584795693e-06
326.5  0.004624056412366781  7.960556498030007e-06
326.55  0.004624056275072821  7.960480913364532e-06
326.6  0.0046240561372244094  7.960404802167543e-06
326.65000000000003  0.0046240559988355145  7.960328153405335e-06
326.70000000000005  0.004624055859920633  7.960250975630308e-06
326.75  0.004624055720484243  7.960173291478767e-06
326.8  0.004624055580519109  7.960095118355295e-06
326.85  0.0046240554400081985  7.960016469893324e-06
326.90000000000003  0.004624055298921015  7.95993733899229e-06
326.95000000000005  0.004624055157217652  7.95985770077482e-06
327.0  0.004624055014846399  7.959777510923736e-06
327.05  0.004624054871744145  7.959696699885654e-06
327.1  0.004624054727843575  7.959615181908821e-06
327.15000000000003  0.0046240545830742745  7.95953286342639e-06
327.20000000000005  0.0046240544373522905  7.959449647985014e-06
327.25  0.004624054290601353  7.95936545195466e-06
327.3  0.004624054142736934  7.959280202631754e-06
327.35  0.004624053993678269  7.959193855766009e-06
327.40000000000003  0.004624053843341822  7.959106399654755e-06
327.45000000000005  0.004624053691641221  7.959017849333593e-06
327.5  0.004624053538493512  7.958928250066131e-06
327.55  0.004624053383811398  7.958837673544159e-06
327.6  0.004624053227505446  7.958746207322422e-06
327.65000000000003  0.004624053069495189  7.958653933124807e-06
327.70000000000005  0.004624052909700576  7.958560937231693e-06
327.75  0.0046240527480590835  7.958467274500039e-06
327.8  0.0046240525845116605  7.95837296501068e-06
327.85  0.004624052419027242  7.958277984044445e-06
327.90000000000003  0.0046240522515948596  7.958182249091606e-06
327.95000000000005  0.004624052082237301  7.958085624579286e-06
328.0  0.00462405191100395  7.95798792717877e-06
328.05  0.004624051737978063  7.957888918392686e-06
328.1  0.004624051563281932  7.957788332158455e-06
328.15000000000003  0.004624051387064969  7.957685877211263e-06
328.20000000000005  0.004624051209504746  7.957581254053475e-06
328.25  0.0046240510308032294  7.957474172599096e-06
328.3  0.00462405085118291  7.957364379068929e-06
328.35  0.004624050670883632  7.957251656948229e-06
328.40000000000003  0.004624050490151974  7.957135855567048e-06
328.45000000000005  0.0046240503092329615  7.957016883117846e-06
328.5  0.0046240501283723555  7.956894730644166e-06
328.55  0.004624049947809808  7.956769451309954e-06
328.6  0.004624049767769155  7.956641164445851e-06
328.65000000000003  0.004624049588466596  7.956510038151443e-06
328.70000000000005  0.0046240494101027225  7.956376290118507e-06
328.75  0.0046240492328654004  7.956240144272723e-06
328.8  0.004624049056926798  7.95610183372623e-06
328.85  0.00462404888245092  7.955961559565348e-06
328.90000000000003  0.004624048709596561  7.95581949612415e-06
328.95000000000005  0.004624048538504574  7.955675752806875e-06
329.0  0.004624048369315358  7.955530371851557e-06
329.05  0.004624048202156504  7.95538333313052e-06
329.1  0.0046240480371513275  7.955234536556072e-06
329.15000000000003  0.004624047874416509  7.95508382979845e-06
329.20000000000005  0.004624047714060695  7.954931008854605e-06
329.25  0.004624047556189495  7.954775847201209e-06
329.3  0.004624047400894655  7.954618110824005e-06
329.35  0.004624047248263328  7.954457585260665e-06
329.40000000000003  0.004624047098374686  7.954294105492222e-06
329.45000000000005  0.004624046951301582  7.954127561508733e-06
329.5  0.004624046807104605  7.953957922904576e-06
329.55  0.004624046665836769  7.953785251340134e-06
329.6  0.004624046527540402  7.95360969782396e-06
329.65000000000003  0.004624046392240941  7.953431497531765e-06
329.70000000000005  0.0046240462599540805  7.953250952330683e-06
329.75  0.004624046130673214  7.953068415485787e-06
329.8  0.0046240460043788355  7.952884260004121e-06
329.85  0.004624045881026437  7.95269885013253e-06
329.90000000000003  0.004624045760542204  7.952512513724417e-06
329.95000000000005  0.0046240456428382655  7.95232551367291e-06
330.0  0.004624045527800264  7.952138021723429e-06
330.05  0.004624045415295953  7.951950114894218e-06
330.1  0.004624045305175865  7.95176175196849e-06
330.15000000000003  0.004624045197284539  7.951572784285299e-06
330.20000000000005  0.004624045091459323  7.951382974894543e-06
330.25  0.004624044987543951  7.951191994343406e-06
330.3  0.004624044885394994  7.950999465634716e-06
330.35  0.004624044784887659  7.950804997296588e-06
330.40000000000003  0.004624044685929872  7.950608206974373e-06
330.45000000000005  0.004624044588460019  7.95040875201314e-06
330.5  0.004624044492452651  7.950206365928572e-06
330.55  0.004624044397921551  7.95000087371983e-06
330.6  0.004624044304912882  7.949792210322626e-06
330.65000000000003  0.004624044213500839  7.949580420771658e-06
330.70000000000005  0.004624044123780124  7.949365671295862e-06
330.75  0.004624044035859811  7.949148222410243e-06
330.8  0.004624043949842214  7.948928417389386e-06
330.85  0.004624043865820628  7.94870664836188e-06
330.90000000000003  0.004624043783857287  7.948483331066551e-06
330.95000000000005  0.004624043703979687  7.948258880832542e-06
331.0  0.004624043626166102  7.948033672386037e-06
331.05  0.004624043550350876  7.947808021398562e-06
331.1  0.004624043476407326  7.947582168958403e-06
331.15000000000003  0.004624043404158292  7.947356266198138e-06
331.20000000000005  0.004624043333385688  7.947130371574181e-06
331.25  0.004624043263828256  7.946904463286006e-06
331.3  0.004624043195203104  7.946678449457147e-06
331.35  0.004624043127228523  7.94645218939439e-06
331.40000000000003  0.004624043059628606  7.94622551126327e-06
331.45000000000005  0.0046240429921544  7.94599823782861e-06
331.5  0.004624042924594637  7.94577021298709e-06
331.55  0.004624042856797099  7.945541320943092e-06
331.6  0.004624042788679852  7.945311507027688e-06
331.65000000000003  0.004624042720215811  7.945080783171327e-06
331.70000000000005  0.004624042651454325  7.944849236657593e-06
331.75  0.004624042582504498  7.944617022569357e-06
331.8  0.004624042513534402  7.944384350138449e-06
331.85  0.004624042444754745  7.944151478891856e-06
331.90000000000003  0.004624042376412383  7.943918679012864e-06
331.95000000000005  0.004624042308775124  7.943686215323077e-06
332.0  0.004624042242112438  7.943454317418984e-06
332.05  0.004624042176700962  7.943223148603882e-06
332.1  0.004624042112797147  7.942992778829295e-06
332.15000000000003  0.004624042050647119  7.942763166695628e-06
332.20000000000005  0.004624041990470234  7.942534142482289e-06
332.25  0.004624041932465371  7.942305401852663e-06
332.3  0.004624041876805753  7.942076509751638e-06
332.35  0.004624041823641168  7.941846916590102e-06
332.40000000000003  0.0046240417731043875  7.941615989310086e-06
332.45000000000005  0.004624041725312136  7.941383036647394e-06
332.5  0.0046240416803733815  7.94114735770337e-06
332.55  0.0046240416383937916  7.94090828275321e-06
332.6  0.0046240415994871316  7.940665223099428e-06
332.65000000000003  0.0046240415637810485  7.940417700177127e-06
332.70000000000005  0.004624041531425297  7.94016538155995e-06
332.75  0.004624041502587654  7.93990810070318e-06
332.8  0.004624041477462909  7.939645856775765e-06
332.85  0.004624041456266839  7.939378818496799e-06
332.90000000000003  0.004624041439248593  7.939107298220257e-06
332.95000000000005  0.0046240414266736475  7.938831733319817e-06
333.0  0.004624041418831552  7.93855263748353e-06
333.05  0.004624041416040848  7.938270560745155e-06
333.1  0.004624041418632089  7.937986044008816e-06
333.15000000000003  0.004624041426952302  7.93769957272939e-06
333.20000000000005  0.004624041441353796  7.937411537259242e-06
333.25  0.004624041462179457  7.937122213978418e-06
333.3  0.004624041489745684  7.9368317390343e-06
333.35  0.004624041524315076  7.936540119123792e-06
333.40000000000003  0.004624041566064565  7.936247256999158e-06
333.45000000000005  0.004624041615046709  7.9359530026297e-06
333.5  0.004624041671158289  7.935657221999026e-06
333.55  0.004624041734111328  7.935359873532539e-06
333.6  0.004624041803416141  7.935061104755673e-06
333.65000000000003  0.004624041878398661  7.934761321918338e-06
333.70000000000005  0.004624041958206775  7.934461243990229e-06
333.75  0.004624042041866375  7.934161918308802e-06
333.8  0.004624042128331416  7.933864696795232e-06
333.85  0.004624042216558254  7.933571152850877e-06
333.90000000000003  0.004624042305557031  7.93328296887647e-06
333.95000000000005  0.004624042394459115  7.933001777018804e-06
334.0  0.004624042482553433  7.932728995825012e-06
334.05  0.004624042569322771  7.932465668918503e-06
334.1  0.004624042654455698  7.932212331111394e-06
334.15000000000003  0.0046240427378552214  7.9319689194202e-06
334.20000000000005  0.004624042819634544  7.931734735594118e-06
334.25  0.004624042900101897  7.931508484185995e-06
334.3  0.004624042979745923  7.931288349222894e-06
334.35  0.004624043059219575  7.931072150050936e-06
334.40000000000003  0.004624043139317897  7.930857526067853e-06
334.45000000000005  0.004624043220950232  7.930642127302948e-06
334.5  0.004624043305123738  7.930423833289982e-06
334.55  0.004624043392897187  7.930200922982149e-06
334.6  0.004624043485347994  7.929972235429206e-06
334.65000000000003  0.0046240435835284985  7.929737264077694e-06
334.70000000000005  0.004624043688412965  7.929496184293627e-06
334.75  0.004624043800845478  7.929249849042387e-06
334.8  0.0046240439214893115  7.928999698177412e-06
334.85  0.004624044050775592  7.928747636455875e-06
334.90000000000003  0.004624044188861931  7.928495867718613e-06
334.95000000000005  0.004624044335617942  7.928246719479571e-06
335.0  0.004624044490592701  7.928002466590498e-06
335.05  0.0046240446530275755  7.927765137784476e-06
335.1  0.004624044821892097  7.927536397419287e-06
335.15000000000003  0.004624044995926358  7.927317420342688e-06
335.20000000000005  0.0046240451737023895  7.927108831705873e-06
335.25  0.004624045353704513  7.92691069574934e-06
335.3  0.004624045534414515  7.926722547625849e-06
335.35  0.0046240457144100435  7.926543459918835e-06
335.40000000000003  0.004624045892445673  7.92637215011189e-06
335.45000000000005  0.004624046067529258  7.92620710198991e-06
335.5  0.004624046238984046  7.926046697709884e-06
335.55  0.00462404640648594  7.925889359468057e-06
335.6  0.004624046570077745  7.925733660533515e-06
335.65000000000003  0.004624046730151423  7.925578433148103e-06
335.70000000000005  0.004624046887413453  7.92542283245757e-06
335.75  0.004624047042818829  7.925266378226813e-06
335.8  0.004624047197493495  7.925108950802418e-06
335.85  0.004624047352637423  7.924950773236426e-06
335.90000000000003  0.004624047509428091  7.924792341776312e-06
335.95000000000005  0.004624047668918543  7.924634360631003e-06
336.0  0.004624047831955103  7.924477646088942e-06
336.05  0.004624047999102715  7.924323035507012e-06
336.1  0.004624048170590448  7.924171291359051e-06
336.15000000000003  0.004624048346300631  7.924023031334354e-06
336.20000000000005  0.0046240485257645954  7.923878664035313e-06
336.25  0.004624048708193592  7.923738354841362e-06
336.3  0.004624048892534749  7.923602010530089e-06
336.35  0.004624049077545177  7.923469300554378e-06
336.40000000000003  0.0046240492618770685  7.923339679379254e-06
336.45000000000005  0.004624049444173097  7.92321245009725e-06
336.5  0.004624049623153572  7.923086825649123e-06
336.55  0.0046240497977089855  7.922961999787665e-06
336.6  0.004624049966971853  7.922837234247967e-06
336.65000000000003  0.004624050130357875  7.922711911863116e-06
336.70000000000005  0.004624050287599398  7.922585590430635e-06
336.75  0.00462405043875512  7.922458050208003e-06
336.8  0.00462405058418568  7.9223293000692e-06
336.85  0.004624050724521835  7.922199583095063e-06
336.90000000000003  0.004624050860604929  7.922069347716156e-06
336.95000000000005  0.004624050993415176  7.921939212359455e-06
337.0  0.004624051124002831  7.921809907485581e-06
337.05  0.0046240512534129015  7.921682211522179e-06
337.1  0.0046240513826174955  7.921556899622326e-06
337.15000000000003  0.0046240515124562585  7.921434669338267e-06
337.20000000000005  0.004624051643582667  7.921316089192568e-06
337.25  0.004624051776450625  7.921201557987739e-06
337.3  0.004624051911286616  7.92109128894633e-06
337.35  0.004624052048114667  7.92098528511041e-06
337.40000000000003  0.004624052186750459  7.92088335805377e-06
337.45000000000005  0.004624052326855963  7.920785157436856e-06
337.5  0.004624052467973788  7.920690201882911e-06
337.55  0.004624052609578197  7.920597934062142e-06
337.6  0.004624052751126194  7.920507773205283e-06
337.65000000000003  0.004624052892099113  7.920419169362813e-06
337.70000000000005  0.004624053032049837  7.920331652204474e-06
337.75  0.0046240531706366675  7.920244879890205e-06
337.8  0.004624053307647687  7.920158658740082e-06
337.85  0.004624053443011124  7.9200729710158e-06
337.90000000000003  0.004624053576787185  7.919987967539764e-06
337.95000000000005  0.004624053709169651  7.919903952761448e-06
338.0  0.004624053840449439  7.919821362263099e-06
338.05  0.0046240539709879215  7.919740714729305e-06
338.1  0.004624054101191113  7.9196625790866e-06
338.15000000000003  0.004624054231463472  7.919587514942895e-06
338.20000000000005  0.004624054362179138  7.919516036985343e-06
338.25  0.004624054493649069  7.919448562615395e-06
338.3  0.004624054626100639  7.919385397539689e-06
338.35  0.0046240547596627  7.919326698599776e-06
338.40000000000003  0.004624054894354167  7.919272464064516e-06
338.45000000000005  0.004624055030092776  7.91922255562309e-06
338.5  0.004624055166710511  7.91917670777153e-06
338.55  0.004624055303969615  7.919134549727542e-06
338.6  0.004624055441590242  7.91909565138737e-06
338.65000000000003  0.00462405557928326  7.919059558846526e-06
338.70000000000005  0.0046240557167845486  7.91902584228714e-06
338.75  0.004624055853885584  7.918994120555999e-06
338.8  0.004624055990451281  7.918964109737626e-06
338.85  0.004624056126454824  7.918935645255661e-06
338.90000000000003  0.004624056261971089  7.918908693899475e-06
338.95000000000005  0.004624056397195817  7.918883363981402e-06
339.0  0.004624056532422486  7.91885988679094e-06
339.05  0.004624056668040083  7.918838611666483e-06
339.1  0.00462405680450447  7.9188199766552e-06
339.15000000000003  0.004624056942308643  7.918804464440424e-06
339.20000000000005  0.004624057081960197  7.918792564958698e-06
339.25  0.004624057223928917  7.918784749178772e-06
339.3  0.004624057368633252  7.918781425394596e-06
339.35  0.004624057516406254  7.91878290089498e-06
339.40000000000003  0.004624057667472809  7.91878936620276e-06
339.45000000000005  0.004624057821936131  7.918800879247615e-06
339.5  0.004624057979765678  7.918817354927269e-06
339.55  0.004624058140809996  7.91883857288641e-06
339.6  0.0046240583047831175  7.918864187521596e-06
339.65000000000003  0.004624058471288151  7.918893743482147e-06
339.70000000000005  0.00462405863980919  7.918926701933653e-06
339.75  0.004624058809725842  7.918962472910766e-06
339.8  0.004624058980311013  7.919000427666101e-06
339.85  0.004624059150737777  7.919039929083862e-06
339.90000000000003  0.004624059320058263  7.919080344503022e-06
339.95000000000005  0.004624059487191495  7.919121050735995e-06
340.0  0.004624059650894486  7.919161426267366e-06
340.05  0.004624059809741152  7.919200836764477e-06
340.1  0.0046240599621097615  7.919238595242037e-06
340.15000000000003  0.004624060106142266  7.91927393373469e-06
340.20000000000005  0.004624060239732311  7.919305923182237e-06
340.25  0.004624060360520708  7.919333426854652e-06
340.3  0.0046240604658958845  7.919355035395661e-06
340.35  0.0046240605530021815  7.919369049871978e-06
340.40000000000003  0.004624060618780162  7.919373500345056e-06
340.45000000000005  0.004624060660053776  7.919366221191876e-06
340.5  0.004624060673656843  7.919345012802878e-06
340.55  0.0046240606566264435  7.919307841697498e-06
340.6  0.004624060606454698  7.91925307350492e-06
340.65000000000003  0.004624060521367166  7.919179720781282e-06
340.70000000000005  0.0046240604006267845  7.919087625547933e-06
340.75  0.004624060244776614  7.918977601419785e-06
340.8  0.00462406005582788  7.918851458949514e-06
340.85  0.004624059837336393  7.918711953320037e-06
340.90000000000003  0.0046240595943329455  7.918562621292487e-06
340.95000000000005  0.004624059333140022  7.918407540315452e-06
341.0  0.004624059061039153  7.918251041083798e-06
341.05  0.004624058785822531  7.918097385880653e-06
341.1  0.004624058515309158  7.917950477711428e-06
341.15000000000003  0.0046240582568114665  7.91781356905732e-06
341.20000000000005  0.00462405801664039  7.917689064901742e-06
341.25  0.004624057799661574  7.917578377458481e-06
341.3  0.004624057608988742  7.917481877634828e-06
341.35  0.004624057445781267  7.917398932894676e-06
341.40000000000003  0.004624057309218482  7.917328001324368e-06
341.45000000000005  0.004624057196596941  7.917266817113682e-06
341.5  0.004624057103595763  7.917212589610436e-06
341.55  0.004624057024637768  7.9171622403065e-06
341.6  0.0046240569533268945  7.917112643497856e-06
341.65000000000003  0.0046240568829530905  7.917060848186757e-06
341.70000000000005  0.004624056806983723  7.917004271603071e-06
341.75  0.004624056719511108  7.916940852409013e-06
341.8  0.004624056615647924  7.91686914130332e-06
341.85  0.004624056491825524  7.916788361131051e-06
341.90000000000003  0.0046240563459693735  7.916698399333276e-06
341.95000000000005  0.004624056177565353  7.91659975369204e-06
342.0  0.004624055987612909  7.916493449405047e-06
342.05  0.004624055778446136  7.916380925579396e-06
342.1  0.004624055553505696  7.916263894949638e-06
342.15000000000003  0.0046240553170113635  7.916144197946891e-06
342.20000000000005  0.004624055073625298  7.9160236840195e-06
342.25  0.00462405482807767  7.915904072941403e-06
342.3  0.004624054584846457  7.915786855963527e-06
342.35  0.0046240543478506336  7.91567321682366e-06
342.40000000000003  0.004624054120213661  7.915563985721309e-06
342.45000000000005  0.004624053904103962  7.915459616657892e-06
342.5  0.004624053700651861  7.915360202732546e-06
342.55  0.004624053509950469  7.915265510338011e-06
342.6  0.004624053331133547  7.915175039685979e-06
342.65000000000003  0.004624053162522627  7.915088100796304e-06
342.70000000000005  0.0046240530018142505  7.915003892898487e-06
342.75  0.004624052846311416  7.914921584129626e-06
342.8  0.004624052693162219  7.914840386089154e-06
342.85  0.004624052539598312  7.914759610608874e-06
342.90000000000003  0.004624052383137895  7.91467870837095e-06
342.95000000000005  0.004624052221762562  7.914597300784658e-06
343.0  0.004624052054035075  7.914515186081586e-06
343.05  0.004624051879173228  7.914432317361034e-06
343.1  0.00462405169704958  7.914348801796129e-06
343.15000000000003  0.004624051508163184  7.914264850442232e-06
343.20000000000005  0.004624051313544233  7.914180750602717e-06
343.25  0.004624051114645236  7.914096823797224e-06
343.3  0.0046240509131945644  7.914013389085179e-06
343.35  0.004624050711051187  7.913930734748889e-06
343.40000000000003  0.004624050510059025  7.91384907499777e-06
343.45000000000005  0.004624050311915526  7.913768535695985e-06
343.5  0.004624050118058342  7.913689141194583e-06
343.55  0.004624049929585534  7.913610811084937e-06
343.6  0.004624049747217701  7.913533361274597e-06
343.65000000000003  0.004624049571265658  7.913456508390297e-06
343.70000000000005  0.00462404940166029  7.913379905231267e-06
343.75  0.004624049237983738  7.913303144167614e-06
343.8  0.004624049079539215  7.913225796891674e-06
343.85  0.004624048925412134  7.913147436913449e-06
343.90000000000003  0.0046240487745739245  7.913067668458804e-06
343.95000000000005  0.0046240486259527865  7.912986142287134e-06
344.0  0.00462404847851291  7.9129025772026e-06
344.05  0.004624048331326182  7.912816763818855e-06
344.1  0.004624048183616041  7.912728572512162e-06
344.15000000000003  0.00462404803480209  7.912637943665065e-06
344.20000000000005  0.004624047884513519  7.912544881262661e-06
344.25  0.004624047732588432  7.912449437357403e-06
344.3  0.004624047579060531  7.912351678517857e-06
344.35  0.0046240474241262255  7.912251683438684e-06
344.40000000000003  0.004624047268109267  7.912149507024433e-06
344.45000000000005  0.00462404711142464  7.912045167176697e-06
344.5  0.00462404695452679  7.911938633322904e-06
344.55  0.004624046797877879  7.911829810710848e-06
344.6  0.004624046641899597  7.911718536438071e-06
344.65000000000003  0.00462404648695335  7.91160459381103e-06
344.70000000000005  0.004624046333307691  7.911487710859145e-06
344.75  0.004624046181147563  7.911367585597309e-06
344.8  0.004624046030553027  7.911243897120754e-06
344.85  0.004624045881515552  7.91111633901898e-06
344.90000000000003  0.0046240457339540245  7.91098462786268e-06
344.95000000000005  0.004624045587728631  7.910848536368801e-06
345.0  0.004624045442662011  7.910707900238672e-06
345.05  0.004624045298562833  7.910562635629947e-06
345.1  0.00462404515524846  7.910412744904798e-06
345.15000000000003  0.0046240450125577814  7.910258319259033e-06
345.20000000000005  0.004624044870368009  7.910099533155623e-06
345.25  0.004624044728598724  7.909936624562092e-06
345.3  0.004624044587222504  7.909769886475758e-06
345.35  0.004624044446250445  7.909599642826945e-06
345.40000000000003  0.004624044305725027  7.909426227403517e-06
345.45000000000005  0.004624044165719593  7.909249956684465e-06
345.5  0.004624044026320534  7.909071113195954e-06
345.55  0.004624043887614456  7.908889930768725e-06
345.6  0.004624043749668125  7.908706585656948e-06
345.65000000000003  0.004624043612533846  7.908521189854175e-06
345.70000000000005  0.004624043476231366  7.908333784207828e-06
345.75  0.004624043340752474  7.908144360464544e-06
345.8  0.004624043206057154  7.907952861700874e-06
345.85  0.004624043072068717  7.907759210703288e-06
345.90000000000003  0.0046240429387006685  7.907563328740391e-06
345.95000000000005  0.004624042805859006  7.907365154874405e-06
346.0  0.004624042673446146  7.907164663377632e-06
346.05  0.004624042541382203  7.906961893186047e-06
346.1  0.004624042409610004  7.906756945821205e-06
346.15000000000003  0.0046240422781024465  7.906550008183822e-06
346.20000000000005  0.0046240421468600225  7.906341337347559e-06
346.25  0.004624042015919086  7.906131257925383e-06
346.3  0.0046240418853369224  7.905920151249315e-06
346.35  0.004624041755191977  7.905708427280535e-06
346.40000000000003  0.0046240416255677545  7.905496507737639e-06
346.45000000000005  0.004624041496553355  7.905284798886678e-06
346.5  0.0046240413682230525  7.905073666036002e-06
346.55  0.004624041240632598  7.904863407253937e-06
346.6  0.004624041113812418  7.904654237681107e-06
346.65000000000003  0.004624040987766943  7.904446278562222e-06
346.70000000000005  0.004624040862465089  7.90423954831147e-06
346.75  0.004624040737865258  7.90403397650297e-06
346.8  0.004624040613905549  7.90382939860863e-06
346.85  0.004624040490528274  7.903625581978823e-06
346.90000000000003  0.004624040367688802  7.90342226501129e-06
346.95000000000005  0.004624040245357672  7.90321916172157e-06
347.0  0.004624040123548037  7.903015992451316e-06
347.05  0.004624040002306493  7.902812519121983e-06
347.1  0.004624039881735998  7.902608558659208e-06
347.15000000000003  0.004624039761980012  7.902403996142646e-06
347.20000000000005  0.004624039643231519  7.902198799611326e-06
347.25  0.004624039525720217  7.901993018519182e-06
347.3  0.004624039409705965  7.901786784640578e-06
347.35  0.004624039295464325  7.901580281488004e-06
347.40000000000003  0.004624039183261493  7.901373741522423e-06
347.45000000000005  0.0046240390733550876  7.901167422994081e-06
347.5  0.004624038965961685  7.900961582502828e-06
347.55  0.004624038861263157  7.90075645707837e-06
347.6  0.004624038759385699  7.900552238334352e-06
347.65000000000003  0.0046240386604073525  7.900349058654135e-06
347.70000000000005  0.004624038564359254  7.900146984039064e-06
347.75  0.004624038471219781  7.899946012410513e-06
347.8  0.004624038380931162  7.89974606909924e-06
347.85  0.004624038293410362  7.899547015240784e-06
347.90000000000003  0.004624038208556083  7.899348664657859e-06
347.95000000000005  0.004624038126261987  7.899150805726251e-06
348.0  0.00462403804643376  7.898953198543915e-06
348.05  0.004624037968984881  7.89875561070415e-06
348.1  0.004624037893859741  7.898557834785029e-06
348.15000000000003  0.0046240378210167885  7.898359681565395e-06
348.20000000000005  0.004624037750448616  7.898161008651874e-06
348.25  0.004624037682158792  7.897961711002964e-06
348.3  0.004624037616169995  7.897761726852087e-06
348.35  0.004624037552508823  7.897561032634228e-06
348.40000000000003  0.004624037491194012  7.897359633644944e-06
348.45000000000005  0.00462403743223234  7.897157553973585e-06
348.5  0.004624037375615566  7.89695483445392e-06
348.55  0.004624037321306179  7.896751499958947e-06
348.6  0.004624037269237413  7.896547576891604e-06
348.65000000000003  0.004624037219314521  7.896343071443658e-06
348.70000000000005  0.004624037171419808  7.896137960962653e-06
348.75  0.004624037125418243  7.895932206509147e-06
348.8  0.004624037081164019  7.895725747988068e-06
348.85  0.004624037038510222  7.895518500711328e-06
348.90000000000003  0.004624036997319798  7.895310371831639e-06
348.95000000000005  0.00462403695747924  7.89510127128747e-06
349.0  0.004624036918896389  7.894891111437555e-06
349.05  0.0046240368815106785  7.894679821351864e-06
349.1  0.004624036845297151  7.894467350618369e-06
349.15000000000003  0.004624036810259159  7.894253679152223e-06
349.20000000000005  0.0046240367764324745  7.89403881947173e-06
349.25  0.00462403674386995  7.893822812144264e-06
349.3  0.004624036712638293  7.89360572255728e-06
349.35  0.004624036682809817  7.893387645515179e-06
349.40000000000003  0.004624036654449635  7.893168690954748e-06
349.45000000000005  0.004624036627613071  7.892948970704182e-06
349.5  0.004624036602333703  7.89272860286637e-06
349.55  0.004624036578620963  7.892507693453426e-06
349.6  0.004624036556457314  7.892286340619034e-06
349.65000000000003  0.0046240365358010925  7.892064609841621e-06
349.70000000000005  0.004624036516581534  7.891842562573682e-06
349.75  0.004624036498714199  7.891620233836337e-06
349.8  0.0046240364821061135  7.89139765435102e-06
349.85  0.004624036466654076  7.891174850449065e-06
349.90000000000003  0.0046240364522578715  7.89095185943114e-06
349.95000000000005  0.004624036438831471  7.890728733489375e-06
350.0  0.004624036426297353  7.890505549442716e-06
350.05  0.004624036414582049  7.890282431370106e-06
350.1  0.004624036403624613  7.890059542460298e-06
350.15000000000003  0.004624036393366059  7.889837095681414e-06
350.20000000000005  0.004624036383741267  7.88961535364241e-06
350.25  0.004624036374679978  7.88939463003852e-06
350.3  0.004624036366099491  7.889175273808183e-06
350.35  0.004624036357897013  7.888957660293739e-06
350.40000000000003  0.0046240363499488344  7.888742170830002e-06
350.45000000000005  0.004624036342106766  7.88852917370475e-06
350.5  0.004624036334208306  7.888319012670982e-06
350.55  0.004624036326074811  7.888111975499383e-06
350.6  0.0046240363175171105  7.887908290989146e-06
350.65000000000003  0.004624036308346171  7.887708108168534e-06
350.70000000000005  0.004624036298388945  7.887511496557848e-06
350.75  0.004624036287492932  7.887318451334283e-06
350.8  0.00462403627555209  7.887128890071121e-06
350.85  0.004624036262495549  7.886942680754714e-06
350.90000000000003  0.004624036248311557  7.886759639117421e-06
350.95000000000005  0.004624036233046396  7.886579573878548e-06
351.0  0.004624036216800225  7.886402288650382e-06
351.05  0.004624036199726333  7.886227612763675e-06
351.1  0.004624036182018604  7.886055422915145e-06
351.15000000000003  0.004624036163905802  7.885885653203832e-06
351.20000000000005  0.004624036145626475  7.885718309425785e-06
351.25  0.004624036127430373  7.885553471486583e-06
351.3  0.004624036109537849  7.885391291666012e-06
351.35  0.004624036092156576  7.885231977683546e-06
351.40000000000003  0.004624036075442702  7.885075783117366e-06
351.45000000000005  0.004624036059509036  7.884922983557472e-06
351.5  0.004624036044412571  7.884773858169862e-06
351.55  0.004624036030162014  7.88462866169393e-06
351.6  0.004624036016708384  7.88448760148138e-06
351.65000000000003  0.004624036003960667  7.884350822839686e-06
351.70000000000005  0.004624035991791996  7.884218387193687e-06
351.75  0.004624035980059649  7.884090277169147e-06
351.8  0.004624035968608489  7.883966382807594e-06
351.85  0.004624035957283697  7.883846521685793e-06
351.90000000000003  0.004624035945940177  7.883730443056344e-06
351.95000000000005  0.004624035934457491  7.88361784515495e-06
352.0  0.004624035922741722  7.883508410898805e-06
352.05  0.00462403591073236  7.883401821859783e-06
352.1  0.004624035898405298  7.883297781878615e-06
352.15000000000003  0.004624035885761544  7.883196048772298e-06
352.20000000000005  0.004624035872835047  7.883096433960349e-06
352.25  0.004624035859675642  7.8829988369009e-06
352.3  0.004624035846346422  7.88290322882486e-06
352.35  0.004624035832922337  7.882809664332018e-06
352.40000000000003  0.004624035819473243  7.882718261163996e-06
352.45000000000005  0.004624035806067178  7.882629191532983e-06
352.5  0.0046240357927557485  7.882542657589674e-06
352.55  0.0046240357795815056  7.882458857417146e-06
352.6  0.0046240357665654624  7.882377967700886e-06
352.65000000000003  0.00462403575372323  7.882300113964188e-06
352.70000000000005  0.004624035741053864  7.88222534799115e-06
352.75  0.0046240357285497  7.882153631540454e-06
352.8  0.004624035716196323  7.882084811248975e-06
352.85  0.004624035703988161  7.882018626262017e-06
352.90000000000003  0.004624035691924235  7.881954714856653e-06
352.95000000000005  0.004624035680014769  7.881892619781151e-06
353.0  0.00462403566828685  7.881831805445376e-06
353.05  0.004624035656792204  7.881771715246939e-06
353.1  0.00462403564560832  7.881711762751271e-06
353.15000000000003  0.004624035634828624  7.881651394206042e-06
353.20000000000005  0.004624035624571461  7.881590110432415e-06
353.25  0.004624035614965302  7.881527511002217e-06
353.3  0.004624035606152416  7.881463300861427e-06
353.35  0.00462403559827055  7.88139732182668e-06
353.40000000000003  0.004624035591453607  7.881329555562615e-06
353.45000000000005  0.004624035585815921  7.881260118998804e-06
353.5  0.004624035581444831  7.881189250384232e-06
353.55  0.004624035578391167  7.881117295413182e-06
353.6  0.004624035576669112  7.881044673923845e-06
353.65000000000003  0.004624035576244375  7.880971842729536e-06
353.70000000000005  0.004624035577042114  7.88089926226403e-06
353.75  0.004624035578944426  7.880827355007945e-06
353.8  0.004624035581793381  7.880756485604718e-06
353.85  0.004624035585409155  7.88068693359702e-06
353.90000000000003  0.004624035589587432  7.880618868452565e-06
353.95000000000005  0.004624035594137509  7.880552349419553e-06
354.0  0.004624035598871109  7.880487328726729e-06
354.05  0.004624035603639393  7.880423648883651e-06
354.1  0.004624035608336449  7.880361078430177e-06
354.15000000000003  0.0046240356129092835  7.880299333472501e-06
354.20000000000005  0.004624035617357748  7.880238095585442e-06
354.25  0.004624035621756822  7.880177048562225e-06
354.3  0.0046240356262450995  7.880115909109236e-06
354.35  0.004624035631024204  7.880054443475657e-06
354.40000000000003  0.004624035636365369  7.879992472660569e-06
354.45000000000005  0.004624035642585837  7.879929871740888e-06
354.5  0.004624035650030922  7.879866561263254e-06
354.55  0.004624035659061413  7.8798024905551e-06
354.6  0.00462403567003223  7.879737607910921e-06
354.65000000000003  0.004624035683263022  7.87967182904929e-06
354.70000000000005  0.004624035699013895  7.879605036147348e-06
354.75  0.004624035717461693  7.879537065638141e-06
354.8  0.004624035738699092  7.879467753442074e-06
354.85  0.0046240357627034675  7.87939696700232e-06
354.90000000000003  0.004624035789370793  7.879324687241476e-06
354.95000000000005  0.004624035818497678  7.879251081724173e-06
355.0  0.004624035849802911  7.87917658074858e-06
355.05  0.0046240358829354854  7.879101961856571e-06
355.1  0.004624035917502493  7.879028344704485e-06
355.15000000000003  0.004624035953065192  7.878957221351076e-06
355.20000000000005  0.004624035989168452  7.8788903846967e-06
355.25  0.004624036025349852  7.878829843386995e-06
355.3  0.004624036061154833  7.87877769126605e-06
355.35  0.004624036096149919  7.87873593683389e-06
355.40000000000003  0.004624036129927168  7.878706323421473e-06
355.45000000000005  0.004624036162109674  7.878690177625508e-06
355.5  0.004624036192352361  7.878688250417654e-06
355.55  0.004624036220334594  7.87870062791046e-06
355.6  0.004624036245769178  7.87872668339939e-06
355.65000000000003  0.004624036268394777  7.878765088102527e-06
355.70000000000005  0.004624036287980371  7.878813894046839e-06
355.75  0.004624036304353673  7.878870667718432e-06
355.8  0.00462403631741065  7.878932663976497e-06
355.85  0.004624036327139544  7.878997040644123e-06
355.90000000000003  0.004624036333655414  7.879061067282059e-06
355.95000000000005  0.00462403633722272  7.879122348405353e-06
356.0  0.004624036338266248  7.879178993049405e-06
356.05  0.004624036337386149  7.879229775419471e-06
356.1  0.004624036335354896  7.879274207937464e-06
356.15000000000003  0.004624036333100386  7.87931256619977e-06
356.20000000000005  0.004624036331648147  7.879345856122787e-06
356.25  0.004624036332093055  7.879375720429998e-06
356.3  0.004624036335511855  7.879404284584726e-06
356.35  0.004624036342902009  7.879433978053763e-06
356.40000000000003  0.004624036355113078  7.879467345350536e-06
356.45000000000005  0.004624036372773437  7.879506829279687e-06
356.5  0.004624036396234744  7.879554574413597e-06
356.55  0.004624036425543357  7.87961228188304e-06
356.6  0.004624036460418866  7.879681060440002e-06
356.65000000000003  0.0046240365002785215  7.879761363765408e-06
356.70000000000005  0.004624036544256249  7.879852965989476e-06
356.75  0.004624036591272531  7.879954982525969e-06
356.8  0.004624036640101364  7.880065947131097e-06
356.85  0.004624036689475206  7.88018392474803e-06
356.90000000000003  0.00462403673817068  7.880306659052304e-06
356.95000000000005  0.004624036785111895  7.88043172181258e-06
357.0  0.004624036829457216  7.8805566849285e-06
357.05  0.004624036870672097  7.880679260779554e-06
357.1  0.004624036908561037  7.880797455226076e-06
357.15000000000003  0.004624036943308758  7.880909649735622e-06
357.20000000000005  0.004624036975450677  7.881014674874486e-06
357.25  0.004624037005853567  7.881111856361844e-06
357.3  0.004624037035638772  7.881200982661172e-06
357.35  0.0046240370660961235  7.881282280958804e-06
357.40000000000003  0.004624037098590984  7.881356337916639e-06
357.45000000000005  0.004624037134443513  7.881424015671964e-06
357.5  0.0046240371748249316  7.881486338809061e-06
357.55  0.004624037220650304  7.881544390436153e-06
357.6  0.0046240372725129195  7.881599224199013e-06
357.65000000000003  0.00462403733061922  7.881651765154215e-06
357.70000000000005  0.004624037394770763  7.881702753551096e-06
357.75  0.004624037464388145  7.881752695818869e-06
357.8  0.004624037538537536  7.881801844131569e-06
357.85  0.004624037616028769  7.88185019889273e-06
357.90000000000003  0.004624037695505933  7.881897544340934e-06
357.95000000000005  0.004624037775569528  7.881943465762216e-06
358.0  0.004624037854878458  7.88198741244488e-06
358.05  0.004624037932279226  7.882028742812828e-06
358.1  0.004624038006887021  7.88206679167929e-06
358.15000000000003  0.004624038078157183  7.88210091241526e-06
358.20000000000005  0.004624038145912668  7.882130527298398e-06
358.25  0.0046240382103533255  7.882155171955705e-06
358.3  0.004624038272022088  7.882174522629975e-06
358.35  0.00462403833173444  7.882188411391857e-06
358.40000000000003  0.004624038390508425  7.88219684497219e-06
358.45000000000005  0.004624038449458878  7.882199999251764e-06
358.5  0.0046240385096989875  7.88219819105917e-06
358.55  0.004624038572240035  7.882191877560729e-06
358.6  0.00462403863791189  7.882181617348022e-06
358.65000000000003  0.004624038707293397  7.882168032581571e-06
358.70000000000005  0.004624038780664905  7.882151784014295e-06
358.75  0.004624038857999061  7.882133516971036e-06
358.8  0.004624038938964047  7.882113837277287e-06
358.85  0.004624039022966077  7.882093280724735e-06
358.90000000000003  0.004624039109188987  7.88207227369518e-06
358.95000000000005  0.004624039196666401  7.882051125043017e-06
359.0  0.004624039284358827  7.882030021963228e-06
359.05  0.004624039371228655  7.882009019581645e-06
359.1  0.004624039456312557  7.881988067859293e-06
359.15000000000003  0.004624039538780878  7.881967010777108e-06
359.20000000000005  0.00462403961800079  7.881945633218097e-06
359.25  0.004624039693552996  7.881923680311374e-06
359.3  0.004624039765266313  7.881900893868938e-06
359.35  0.004624039833210069  7.881877043583804e-06
359.40000000000003  0.004624039897673904  7.881851969164164e-06
359.45000000000005  0.004624039959135072  7.881825588013214e-06
359.5  0.004624040018219927  7.881797927243266e-06
359.55  0.004624040075654548  7.88176912648928e-06
359.6  0.0046240401322075134  7.881739435091825e-06
359.65000000000003  0.004624040188638892  7.881709201733803e-06
359.70000000000005  0.004624040245652776  7.881678856093633e-06
359.75  0.004624040303855874  7.881648878494885e-06
359.8  0.004624040363718174  7.881619768532508e-06
359.85  0.004624040425567007  7.881592003694772e-06
359.90000000000003  0.004624040489568614  7.881566012253136e-06
359.95000000000005  0.004624040555735777  7.881542138909835e-06
360.0  0.004624040623938156  7.881520612975918e-06
360.05  0.004624040693931996  7.88150154144131e-06
360.1  0.004624040765391276  7.881484904156224e-06
360.15000000000003  0.0046240408379410215  7.881470554848888e-06
360.20000000000005  0.004624040911200642  7.881458236538888e-06
360.25  0.00462404098482941  7.881447602962181e-06
360.3  0.004624041058551801  7.881438253223528e-06
360.35  0.004624041132190619  7.881429765789692e-06
360.40000000000003  0.0046240412056804125  7.881421735496258e-06
360.45000000000005  0.004624041279086307  7.881413804673378e-06
360.5  0.0046240413525992  7.881405700215623e-06
360.55  0.0046240414265230016  7.881397238755129e-06
360.6  0.004624041501258425  7.88138835144759e-06
360.65000000000003  0.0046240415772793855  7.881379081763714e-06
360.70000000000005  0.004624041655089013  7.881369566778023e-06
360.75  0.004624041735194809  7.881360023616615e-06
360.8  0.0046240418180670696  7.881350713931327e-06
360.85  0.004624041904091755  7.881341908548257e-06
360.90000000000003  0.004624041993552919  7.881333846987291e-06
360.95000000000005  0.004624042086587119  7.881326699841026e-06
361.0  0.00462404218318294  7.881320536422947e-06
361.05  0.004624042283142607  7.881315288882582e-06
361.1  0.004624042386090971  7.881310742248457e-06
361.15000000000003  0.00462404249145897  7.881306516576021e-06
361.20000000000005  0.004624042598502883  7.881302076344966e-06
361.25  0.004624042706297659  7.881296744908928e-06
361.3  0.004624042813762181  7.88128972676225e-06
361.35  0.004624042919670737  7.881280143485154e-06
361.40000000000003  0.004624043022670651  7.881267062787605e-06
361.45000000000005  0.00462404312129195  7.881249541517578e-06
361.5  0.004624043213970451  7.88122666764844e-06
361.55  0.004624043299062911  7.881197585216315e-06
361.6  0.004624043374863461  7.881161522449612e-06
361.65000000000003  0.004624043439625778  7.881117805914244e-06
361.70000000000005  0.0046240434915814435  7.881065868979026e-06
361.75  0.004624043528961067  7.881005231747359e-06
361.8  0.004624043550049752  7.880935485643613e-06
361.85  0.0046240435532121805  7.88085625917686e-06
361.90000000000003  0.004624043536978869  7.880767171157124e-06
361.95000000000005  0.004624043500088523  7.880667790054705e-06
362.0  0.004624043441572795  7.880557592647726e-06
362.05  0.004624043360825352  7.880435962783563e-06
362.1  0.004624043257695495  7.880302189713793e-06
362.15000000000003  0.004624043132543103  7.880155526195108e-06
362.20000000000005  0.0046240429863140375  7.879995265381913e-06
362.25  0.004624042820584812  7.879820864007278e-06
362.3  0.0046240426375887805  7.87963204719992e-06
362.35  0.0046240424402232885  7.879428923769842e-06
362.40000000000003  0.004624042232003012  7.879212076450331e-06
362.45000000000005  0.0046240420169833775  7.878982602580305e-06
362.5  0.004624041799631753  7.878742105818909e-06
362.55  0.004624041584652311  7.87849262941117e-06
362.6  0.004624041376772735  7.878236553036545e-06
362.65000000000003  0.004624041180504844  7.877976428695312e-06
362.70000000000005  0.004624040999889164  7.877714820234288e-06
362.75  0.004624040838254385  7.877454112985635e-06
362.8  0.00462404069800657  7.877196359588131e-06
362.85  0.004624040580456908  7.876943124045468e-06
362.90000000000003  0.004624040485729981  7.87669540035018e-06
362.95000000000005  0.004624040412727507  7.876453548846189e-06
363.0  0.004624040359205304  7.876217299559886e-06
363.05  0.004624040321887588  7.875985800350642e-06
363.1  0.004624040296692099  7.875757702725107e-06
363.15000000000003  0.00462404027899043  7.875531291046862e-06
363.20000000000005  0.004624040263909421  7.875304623242543e-06
363.25  0.0046240402466498146  7.875075685931923e-06
363.3  0.004624040222787455  7.874842561668543e-06
363.35  0.004624040188559108  7.874603552257322e-06
363.40000000000003  0.004624040141075928  7.874357299530997e-06
363.45000000000005  0.004624040078479671  7.874102874125662e-06
363.5  0.00462404000001535  7.873839830699756e-06
363.55  0.004624039906041075  7.873568213797173e-06
363.6  0.00462403979793944  7.873288544105908e-06
363.65000000000003  0.004624039677975698  7.873001754703347e-06
363.70000000000005  0.004624039549091677  7.872709135979945e-06
363.75  0.004624039414667875  7.872412213047632e-06
363.8  0.004624039278263516  7.872112654170894e-06
363.85  0.004624039143351154  7.871812172804751e-06
363.90000000000003  0.004624039013089097  7.871512413511848e-06
363.95000000000005  0.004624038890105911  7.871214868813448e-06
364.0  0.00462403877635238  7.870920818911932e-06
364.05  0.0046240386730032525  7.870631291841001e-06
364.1  0.004624038580419413  7.870347045876021e-06
364.15000000000003  0.0046240384981819874  7.870068574846033e-06
364.20000000000005  0.004624038425179281  7.869796137811847e-06
364.25  0.004624038359738657  7.869529798113382e-06
364.3  0.004624038299793632  7.86926946963609e-06
364.35  0.004624038243079394  7.869014957926737e-06
364.40000000000003  0.004624038187311825  7.868766000374038e-06
364.45000000000005  0.004624038130367476  7.868522302736232e-06
364.5  0.00462403807042888  7.868283567174638e-06
364.55  0.004624038006093699  7.868049492620199e-06
364.6  0.004624037936443592  7.867819789261219e-06
364.65000000000003  0.004624037861056371  7.867594172236043e-06
364.70000000000005  0.004624037779994332  7.867372361309963e-06
364.75  0.004624037693739759  7.867154064145763e-06
364.8  0.004624037603110278  7.866938974128897e-06
364.85  0.00462403750916417  7.866726759009725e-06
364.90000000000003  0.004624037413085692  7.866517057570996e-06
364.95000000000005  0.004624037316085737  7.866309482907707e-06
365.0  0.004624037219307523  7.866103617601248e-06
365.05  0.004624037123746871  7.865899033070625e-06
365.1  0.004624037030212962  7.865695296490383e-06
365.15000000000003  0.004624036939289337  7.86549198097296e-06
365.20000000000005  0.004624036851333486  7.86528868068327e-06
365.25  0.004624036766490546  7.865085024606354e-06
365.3  0.004624036684724723  7.864880693413875e-06
365.35  0.004624036605864901  7.864675426305768e-06
365.40000000000003  0.004624036529645623  7.86446902931121e-06
365.45000000000005  0.004624036455756363  7.864261378875305e-06
365.5  0.004624036383891247  7.864052425977675e-06
365.55  0.004624036313776707  7.863842190931837e-06
365.6  0.004624036245199831  7.863630761656057e-06
365.65000000000003  0.00462403617802559  7.86341827666172e-06
365.70000000000005  0.004624036112201701  7.863204911238628e-06
365.75  0.004624036047752109  7.86299086741202e-06
365.8  0.004624035984772027  7.862776361243338e-06
365.85  0.004624035923406914  7.862561593504915e-06
365.90000000000003  0.004624035863832327  7.862346746893709e-06
365.95000000000005  0.0046240358062430535  7.86213196208636e-06
366.0  0.004624035750822273  7.861917338499985e-06
366.05  0.004624035697747294  7.861702924870344e-06
366.1  0.004624035647167593  7.86148870714909e-06
366.15000000000003  0.004624035599198398  7.861274612706615e-06
366.20000000000005  0.004624035553930589  7.861060519100598e-06
366.25  0.004624035511428674  7.860846254105193e-06
366.3  0.00462403547173749  7.86063162004239e-06
366.35  0.004624035434895193  7.86041639714225e-06
366.40000000000003  0.004624035400933221  7.860200372011419e-06
366.45000000000005  0.0046240353698789325  7.859983346857162e-06
366.5  0.004624035341771011  7.859765170457137e-06
366.55  0.0046240353166468635  7.859545744108522e-06
366.6  0.004624035294545707  7.859325040439746e-06
366.65000000000003  0.004624035275497616  7.85910311015441e-06
366.70000000000005  0.004624035259518947  7.858880092080129e-06
366.75  0.004624035246602101  7.858656213688282e-06
366.8  0.0046240352367053865  7.858431780051138e-06
366.85  0.0046240352297389304  7.858207156032857e-06
366.90000000000003  0.004624035225571152  7.857982760622187e-06
366.95000000000005  0.004624035224013808  7.857759040268386e-06
367.0  0.004624035224817928  7.857536442383085e-06
367.05  0.004624035227691892  7.857315407968889e-06
367.1  0.0046240352322972555  7.857096332973553e-06
367.15000000000003  0.004624035238268424  7.856879558982648e-06
367.20000000000005  0.004624035245218086  7.856665355894548e-06
367.25  0.004624035252759609  7.856453916662554e-06
367.3  0.00462403526052625  7.856245343381937e-06
367.35  0.004624035268177375  7.856039660026066e-06
367.40000000000003  0.004624035275419758  7.85583682564634e-06
367.45000000000005  0.004624035282018345  7.855636745297238e-06
367.5  0.004624035287801146  7.855439288155677e-06
367.55  0.004624035292660513  7.855244315460785e-06
367.6  0.004624035296559144  7.855051706920668e-06
367.65000000000003  0.004624035299511645  7.854861376823826e-06
367.70000000000005  0.004624035301587127  7.854673298781857e-06
367.75  0.004624035302891454  7.854487518429174e-06
367.8  0.0046240353035497325  7.85430415825545e-06
367.85  0.004624035303688449  7.8541234232959e-06
367.90000000000003  0.004624035303427166  7.85394558962244e-06
367.95000000000005  0.004624035302849391  7.853770993897304e-06
368.0  0.004624035302007251  7.85360000555327e-06
368.05  0.004624035300901809  7.853433021245598e-06
368.1  0.004624035299475027  7.853270416288851e-06
368.15000000000003  0.00462403529762237  7.853112541845191e-06
368.20000000000005  0.004624035295188185  7.852959682346485e-06
368.25  0.004624035291966736  7.852812047445966e-06
368.3  0.004624035287726541  7.852669747645878e-06
368.35  0.004624035282207961  7.852532799501659e-06
368.40000000000003  0.004624035275146105  7.852401118139879e-06
368.45000000000005  0.0046240352662776305  7.852274535264055e-06
368.5  0.004624035255355476  7.852152804427942e-06
368.55  0.004624035242167139  7.852035620952887e-06
368.6  0.004624035226535865  7.851922661635748e-06
368.65000000000003  0.004624035208330336  7.851813599545225e-06
368.70000000000005  0.004624035187466312  7.851708136972842e-06
368.75  0.0046240351639092545  7.851606021325316e-06
368.8  0.004624035137674433  7.851507069472963e-06
368.85  0.004624035108825539  7.85141117863917e-06
368.90000000000003  0.004624035077453127  7.851318333733038e-06
368.95000000000005  0.004624035043676404  7.851228608270313e-06
369.0  0.004624035007627779  7.851142157774555e-06
369.05  0.004624034969446695  7.851059198724344e-06
369.1  0.0046240349292691885  7.850979985728783e-06
369.15000000000003  0.004624034887218324  7.850904792165623e-06
369.20000000000005  0.004624034843394631  7.850833884342709e-06
369.25  0.004624034797879012  7.850767492540822e-06
369.3  0.004624034750721632  7.850705780847996e-06
369.35  0.0046240347019454574  7.850648839933443e-06
369.40000000000003  0.004624034651554084  7.850596659647312e-06
369.45000000000005  0.004624034599528377  7.85054912075294e-06
369.5  0.004624034545837355  7.850506007773067e-06
369.55  0.004624034490462848  7.850467006586886e-06
369.6  0.004624034433383403  7.850431719854369e-06
369.65000000000003  0.004624034374610104  7.850399692088072e-06
369.70000000000005  0.004624034314175287  7.850370433032279e-06
369.75  0.00462403425215421  7.85034343185776e-06
369.8  0.004624034188673112  7.850318212595216e-06
369.85  0.004624034123900724  7.850294331051776e-06
369.90000000000003  0.004624034058057556  7.850271413143866e-06
369.95000000000005  0.004624033991407512  7.850249167437935e-06
370.0  0.004624033924248677  7.850227398813485e-06
370.05  0.004624033856898729  7.850206003111431e-06
370.1  0.004624033789688639  7.850184977727854e-06
370.15000000000003  0.00462403372294059  7.850164393952069e-06
370.20000000000005  0.0046240336569581385  7.850144387210048e-06
370.25  0.0046240335920055674  7.850125134366584e-06
370.3  0.004624033528300193  7.850106825826569e-06
370.35  0.004624033466004577  7.850089651703763e-06
370.40000000000003  0.004624033405215364  7.85007376412909e-06
370.45000000000005  0.00462403334597016  7.850059272102266e-06
370.5  0.0046240332882490414  7.850046218063083e-06
370.55  0.0046240332319798585  7.85003458667636e-06
370.6  0.00462403317705481  7.850024287015598e-06
370.65000000000003  0.004624033123331054  7.850015166130343e-06
370.70000000000005  0.004624033070656919  7.850007033279498e-06
370.75  0.004624033018876372  7.849999657056708e-06
370.8  0.0046240329678402005  7.8499927978971e-06
370.85  0.004624032917422451  7.84998623294464e-06
370.90000000000003  0.004624032867523014  7.849979764670916e-06
370.95000000000005  0.0046240328180708595  7.849973241610614e-06
371.0  0.0046240327690202036  7.849966572617445e-06
371.05  0.0046240327203469715  7.849959739496464e-06
371.1  0.004624032672055546  7.849952788081988e-06
371.15000000000003  0.004624032624153909  7.849945827137799e-06
371.20000000000005  0.004624032576652383  7.849939032654198e-06
371.25  0.004624032529556456  7.849932613266272e-06
371.3  0.004624032482865031  7.84992681246027e-06
371.35  0.004624032436553438  7.849921881539467e-06
371.40000000000003  0.004624032390579744  7.849918073073228e-06
371.45000000000005  0.004624032344882756  7.849915618176255e-06
371.5  0.004624032299382739  7.849914723452833e-06
371.55  0.004624032253977703  7.849915558127187e-06
371.6  0.004624032208565456  7.849918252210101e-06
371.65000000000003  0.004624032163029377  7.849922899933937e-06
371.70000000000005  0.004624032117262752  7.849929561368133e-06
371.75  0.004624032071157774  7.84993826546645e-06
371.8  0.00462403202461684  7.84994902573174e-06
371.85  0.00462403197755607  7.84996184740525e-06
371.90000000000003  0.004624031929899184  7.849976723217968e-06
371.95000000000005  0.004624031881583583  7.849993652123522e-06
372.0  0.004624031832552673  7.850012643797846e-06
372.05  0.004624031782755986  7.850033718986644e-06
372.1  0.004624031732148584  7.850056898264587e-06
372.15000000000003  0.00462403168068505  7.850082210384926e-06
372.20000000000005  0.004624031628317351  7.850109694264139e-06
372.25  0.0046240315749859345  7.850139382722213e-06
372.3  0.004624031520625018  7.850171292289978e-06
372.35  0.0046240314651541554  7.850205433689092e-06
372.40000000000003  0.004624031408481626  7.850241787941928e-06
372.45000000000005  0.004624031350498974  7.850280317377655e-06
372.5  0.004624031291086545  7.850320964019964e-06
372.55  0.004624031230110175  7.850363653506137e-06
372.6  0.004624031167420485  7.850408292564642e-06
372.65000000000003  0.004624031102867537  7.850454780270576e-06
372.70000000000005  0.004624031036277888  7.850503019308005e-06
372.75  0.004624030967469019  7.850552921313172e-06
372.8  0.004624030896241553  7.850604419721702e-06
372.85  0.004624030822394589  7.850657477241132e-06
372.90000000000003  0.004624030745707053  7.85071208378762e-06
372.95000000000005  0.004624030665951241  7.850768277171524e-06
373.0  0.004624030582903181  7.850826133135574e-06
373.05  0.004624030496339001  7.850885755597274e-06
373.1  0.004624030406048494  7.850947268789285e-06
373.15000000000003  0.004624030311832887  7.851010815811857e-06
373.20000000000005  0.004624030213514905  7.851076536964663e-06
373.25  0.004624030110956169  7.851144556237375e-06
373.3  0.004624030004053032  7.85121495185542e-06
373.35  0.004624029892744722  7.851287756087033e-06
373.40000000000003  0.004624029777030815  7.851362944875278e-06
373.45000000000005  0.004624029656959974  7.851440415332411e-06
373.5  0.004624029532643957  7.851519993740624e-06
373.55  0.004624029404248648  7.851601428571831e-06
373.6  0.004624029272003755  7.851684412403878e-06
373.65000000000003  0.004624029136184331  7.851768577787745e-06
373.70000000000005  0.004624028997114836  7.851853529131118e-06
373.75  0.004624028855161217  7.851938852180425e-06
373.8  0.004624028710714826  7.85202414499175e-06
373.85  0.0046240285641868575  7.852109035169532e-06
373.90000000000003  0.00462402841599704  7.852193196338886e-06
373.95000000000005  0.004624028266551111  7.852276372896872e-06
374.0  0.004624028116231522  7.85235838329111e-06
374.05  0.00462402796539429  7.85243913801108e-06
374.1  0.004624027814347898  7.852518618544569e-06
374.15000000000003  0.004624027663357641  7.852596877413677e-06
374.20000000000005  0.004624027512635312  7.852674032476083e-06
374.25  0.004624027362344326  7.852750225096433e-06
374.3  0.004624027212592628  7.852825604158039e-06
374.35  0.00462402706344813  7.852900299263502e-06
374.40000000000003  0.004624026914943283  7.852974398456431e-06
374.45000000000005  0.00462402676708596  7.853047920070367e-06
374.5  0.004624026619869451  7.853120808050196e-06
374.55  0.0046240264732860074  7.853192908290903e-06
374.6  0.004624026327342292  7.853263987531582e-06
374.65000000000003  0.004624026182065489  7.85333373405566e-06
374.70000000000005  0.004624026037513299  7.85340177532666e-06
374.75  0.004624025893782184  7.853467699112824e-06
374.8  0.004624025751004373  7.853531090709177e-06
374.85  0.0046240256093579065  7.853591550644097e-06
374.90000000000003  0.00462402546905471  7.85364873116949e-06
374.95000000000005  0.004624025330340052  7.853702357007309e-06
375.0  0.00462402519347853  7.853752253622997e-06
375.05  0.004624025058750596  7.85379835918128e-06
375.1  0.004624024926432196  7.853840719623583e-06
375.15000000000003  0.0046240247968033195  7.853879490920728e-06
375.20000000000005  0.004624024670112622  7.853914924827405e-06
375.25  0.004624024546595922  7.853947341150505e-06
375.3  0.004624024426457624  7.853977099234521e-06
375.35  0.004624024309870688  7.854004567832554e-06
375.40000000000003  0.004624024196995095  7.854030073856279e-06
375.45000000000005  0.00462402408796227  7.854053875445781e-06
375.5  0.004624023982898582  7.854076115340166e-06
375.55  0.004624023881934664  7.854096783102913e-06
375.6  0.004624023785201458  7.85411569229397e-06
375.65000000000003  0.004624023692855438  7.85413244476719e-06
375.70000000000005  0.004624023605057201  7.854146419131607e-06
375.75  0.004624023521984452  7.854156799378184e-06
375.8  0.004624023443814913  7.854162601140908e-06
375.85  0.004624023370726967  7.854162752253856e-06
375.90000000000003  0.004624023302894715  7.854156198327721e-06
375.95000000000005  0.004624023240484476  7.854142030161833e-06
376.0  0.0046240231836569105  7.85411961213769e-06
376.05  0.004624023132571778  7.854088704498399e-06
376.1  0.004624023087375321  7.854049567142066e-06
376.15000000000003  0.004624023048206535  7.854003011120876e-06
376.20000000000005  0.004624023015172703  7.85395041001371e-06
376.25  0.004624022988328291  7.85389367419801e-06
376.3  0.004624022967643415  7.85383513963464e-06
376.35  0.004624022952990296  7.853777432406426e-06
376.40000000000003  0.004624022944106944  7.853723284118358e-06
376.45000000000005  0.004624022940594101  7.85367531582886e-06
376.5  0.0046240229419003825  7.853635839047422e-06
376.55  0.004624022947320376  7.853606653224503e-06
376.6  0.004624022956031032  7.85358887945279e-06
376.65000000000003  0.004624022967097194  7.853582849922075e-06
376.70000000000005  0.004624022979522042  7.853588043607834e-06
376.75  0.004624022992285244  7.853603120044029e-06
376.8  0.004624023004398018  7.853625981564758e-06
376.85  0.004624023014954756  7.853653937611849e-06
376.90000000000003  0.004624023023198628  7.853683880169285e-06
376.95000000000005  0.0046240230285520025  7.853712534451898e-06
377.0  0.004624023030678595  7.853736692609794e-06
377.05  0.004624023029497945  7.85375345619359e-06
377.1  0.004624023025218433  7.853760474988202e-06
377.15000000000003  0.004624023018333338  7.853756097128476e-06
377.20000000000005  0.004624023009591274  7.853739505483536e-06
377.25  0.004624022999964618  7.853710769691688e-06
377.3  0.004624022990593278  7.853670817649143e-06
377.35  0.004624022982704241  7.853621359714652e-06
377.40000000000003  0.0046240229775399  7.853564739737932e-06
377.45000000000005  0.0046240229762555835  7.853503741437121e-06
377.5  0.004624022979853234  7.85344136114934e-06
377.55  0.004624022989086115  7.853380567018328e-06
377.6  0.004624023004411384  7.85332408194975e-06
377.65000000000003  0.004624023025944634  7.853274170696668e-06
377.70000000000005  0.00462402305344972  7.853232491653204e-06
377.75  0.004624023086348564  7.85319997356689e-06
377.8  0.004624023123764603  7.853176776938466e-06
377.85  0.00462402316458063  7.853162304285138e-06
377.90000000000003  0.004624023207529618  7.853155264995198e-06
377.95000000000005  0.004624023251291258  7.853153801939169e-06
378.0  0.004624023294590283  7.853155632942942e-06
378.05  0.0046240233363010995  7.853158250211867e-06
378.1  0.004624023375532275  7.85315907986852e-06
378.15000000000003  0.004624023411691435  7.853155688247553e-06
378.20000000000005  0.004624023444537283  7.853145914303099e-06
378.25  0.004624023474184743  7.8531280117634e-06
378.3  0.004624023501095732  7.853100733621639e-06
378.35  0.00462402352602868  7.853063366252777e-06
378.40000000000003  0.004624023549973735  7.853015744294319e-06
378.45000000000005  0.004624023574073637  7.8529581994333e-06
378.5  0.004624023599522216  7.852891487600626e-06
378.55  0.004624023627478029  7.852816698633618e-06
378.6  0.004624023658974186  7.852735136876156e-06
378.65000000000003  0.004624023694855201  7.852648196066899e-06
378.70000000000005  0.004624023735719311  7.852557251344876e-06
378.75  0.004624023781894351  7.852463547381127e-06
378.8  0.00462402383344326  7.852368122195686e-06
378.85  0.004624023890169201  7.852271735813842e-06
378.90000000000003  0.004624023951655084  7.852174835947564e-06
378.95000000000005  0.004624024017321319  7.852077562266047e-06
379.0  0.004624024086470186  7.851979762596752e-06
379.05  0.004624024158354364  7.851881024921817e-06
379.1  0.004624024232239008  7.851780759911225e-06
379.15000000000003  0.0046240243074535635  7.851678262856874e-06
379.20000000000005  0.004624024383441592  7.851572797105611e-06
379.25  0.004624024459786496  7.851463657643175e-06
379.3  0.004624024536256881  7.851350253809324e-06
379.35  0.004624024612788818  7.851232150419077e-06
379.40000000000003  0.004624024689500612  7.85110911058078e-06
379.45000000000005  0.004624024766677937  7.850981107498799e-06
379.5  0.004624024844738132  7.850848318604881e-06
379.55  0.004624024924214771  7.850711115839996e-06
379.6  0.004624025005711753  7.850570025973322e-06
379.65000000000003  0.004624025089868257  7.850425677775641e-06
379.70000000000005  0.004624025177311034  7.850278759873641e-06
379.75  0.0046240252686294905  7.850129962081627e-06
379.8  0.004624025364334558  7.849979929168235e-06
379.85  0.004624025464837217  7.8498292214885e-06
379.90000000000003  0.004624025570431829  7.84967828662298e-06
379.95000000000005  0.0046240256812721345  7.84952744100053e-06
380.0  0.004624025797383445  7.849376870187756e-06
380.05  0.004624025918665491  7.84922663856114e-06
380.1  0.004624026044905569  7.849076697562075e-06
380.15000000000003  0.004624026175797  7.84892693333111e-06
380.20000000000005  0.0046240263109706735  7.84877718189612e-06
380.25  0.0046240264500289905  7.848627266677314e-06
380.3  0.004624026592567944  7.848477034867137e-06
380.35  0.004624026738213255  7.848326375711195e-06
380.40000000000003  0.0046240268866441624  7.848175235988179e-06
380.45000000000005  0.004624027037620022  7.848023634441216e-06
380.5  0.004624027190985511  7.847871651066117e-06
380.55  0.0046240273466923955  7.847719427181903e-06
380.6  0.004624027504789054  7.847567143570508e-06
380.65000000000003  0.004624027665418855  7.847415009056967e-06
380.70000000000005  0.004624027828808739  7.847263235622983e-06
380.75  0.004624027995233262  7.847112008288943e-06
380.8  0.00462402816501062  7.846961488971759e-06
380.85  0.004624028338460179  7.846811781517643e-06
380.90000000000003  0.004624028515882665  7.846662945099952e-06
380.95000000000005  0.0046240286975246046  7.846514993563184e-06
381.0  0.004624028883570298  7.846367902378364e-06
381.05  0.0046240290741119145  7.84622162571115e-06
381.1  0.004624029269153146  7.84607611150879e-06
381.15000000000003  0.004624029468602232  7.845931323325068e-06
381.20000000000005  0.004624029672275497  7.845787257088804e-06
381.25  0.004624029879911725  7.845643951492783e-06
381.3  0.004624030091187614  7.845501504930855e-06
381.35  0.0046240303057394384  7.845360068431185e-06
381.40000000000003  0.004624030523187234  7.845219845669728e-06
381.45000000000005  0.00462403074315648  7.845081074885265e-06
381.5  0.004624030965296984  7.844944012086991e-06
381.55  0.004624031189310658  7.844808918387631e-06
381.6  0.004624031414954868  7.844676026790279e-06
381.65000000000003  0.004624031642053931  7.844545521615573e-06
381.70000000000005  0.0046240318705100866  7.844417511487793e-06
381.75  0.004624032100285894  7.844292019542604e-06
381.8  0.0046240323314031655  7.84416896727751e-06
381.85  0.004624032563911323  7.844048167058935e-06
381.90000000000003  0.004624032797863209  7.843929324430928e-06
381.95000000000005  0.0046240330332895044  7.843812043518839e-06
382.0  0.004624033270159478  7.843695851187687e-06
382.05  0.004624033508345584  7.84358021154746e-06
382.1  0.004624033747587868  7.843464548879539e-06
382.15000000000003  0.0046240339874627865  7.8433482773779e-06
382.20000000000005  0.004624034227359861  7.843230826464096e-06
382.25  0.004624034466457495  7.843111654125205e-06
382.3  0.004624034703697101  7.842990270065486e-06
382.35  0.004624034937794467  7.842866249253637e-06
382.40000000000003  0.004624035167238264  7.842739236048882e-06
382.45000000000005  0.004624035390305823  7.84260892981401e-06
382.5  0.004624035605084266  7.842475086687425e-06
382.55  0.004624035809507396  7.842337501853835e-06
382.6  0.004624036001393427  7.842195990694933e-06
382.65000000000003  0.004624036178495401  7.842050367493286e-06
382.70000000000005  0.0046240363385754955  7.841900422295539e-06
382.75  0.004624036479459255  7.841745901648932e-06
382.8  0.004624036599123232  7.841586481330736e-06
382.85  0.004624036695777289  7.841421745491732e-06
382.90000000000003  0.00462403676795736  7.841251170027932e-06
382.95000000000005  0.004624036814615847  7.84107411546454e-06
383.0  0.0046240368352096495  7.840889844974404e-06
383.05  0.004624036829774297  7.840697546822947e-06
383.1  0.004624036798978987  7.840496406645088e-06
383.15000000000003  0.004624036744177897  7.840285691234798e-06
383.20000000000005  0.004624036667415529  7.840064857324395e-06
383.25  0.004624036571432969  7.839833657769884e-06
383.3  0.004624036459612393  7.839592257091032e-06
383.35  0.004624036335908075  7.839341301022497e-06
383.40000000000003  0.004624036204730505  7.839081956922042e-06
383.45000000000005  0.0046240360708000834  7.838815891722539e-06
383.5  0.004624035938959524  7.838545216301004e-06
383.55  0.004624035813952748  7.8382723684135e-06
383.6  0.004624035700207968  7.837999949025993e-06
383.65000000000003  0.00462403560159287  7.837730550279845e-06
383.70000000000005  0.004624035521210029  7.837466578086455e-06
383.75  0.004624035461208669  7.837210074503869e-06
383.8  0.004624035422654707  7.836962573836989e-06
383.85  0.0046240354054453365  7.836724996998692e-06
383.90000000000003  0.0046240354083288806  7.836497613940338e-06
383.95000000000005  0.004624035428967575  7.836280024348704e-06
384.0  0.004624035464093545  7.836071228906404e-06
384.05  0.0046240355097104825  7.835869713095533e-06
384.1  0.004624035561366083  7.835673582378826e-06
384.15000000000003  0.004624035614432398  7.835480724917591e-06
384.20000000000005  0.004624035664412392  7.835288984113368e-06
384.25  0.004624035707223289  7.835096318954916e-06
384.3  0.00462403573945285  7.834900949267364e-06
384.35  0.004624035758550825  7.834701493202087e-06
384.40000000000003  0.004624035762980735  7.834497039141958e-06
384.45000000000005  0.004624035752262415  7.834287211806548e-06
384.5  0.004624035726977043  7.834072165054451e-06
384.55  0.004624035688668626  7.83385255939094e-06
384.6  0.0046240356396974516  7.833629489765556e-06
384.65000000000003  0.0046240355830339825  7.833404390049564e-06
384.70000000000005  0.004624035522032593  7.833178915413527e-06
384.75  0.004624035460179011  7.832954826242913e-06
384.8  0.004624035400833176  7.832733849634708e-06
384.85  0.004624035347013152  7.832517576671403e-06
384.90000000000003  0.004624035301197024  7.83230736723594e-06
384.95000000000005  0.00462403526518473  7.832104282132955e-06
385.0  0.004624035240000311  7.831909049386205e-06
385.05  0.004624035225864888  7.831722063736251e-06
385.1  0.0046240352222331645  7.83154341449457e-06
385.15000000000003  0.004624035227873299  7.831372935500917e-06
385.20000000000005  0.004624035241002897  7.831210274981314e-06
385.25  0.004624035259444839  7.831054966190745e-06
385.3  0.004624035280823828  7.83090651473074e-06
385.35  0.004624035302741922  7.830764443829041e-06
385.40000000000003  0.004624035322959674  7.830628358316174e-06
385.45000000000005  0.004624035339550142  7.830497964379968e-06
385.5  0.00462403535100146  7.830373080156993e-06
385.55  0.004624035356294289  7.830253626254289e-06
385.6  0.004624035354917351  7.830139598554893e-06
385.65000000000003  0.004624035346852467  7.830031032225151e-06
385.70000000000005  0.0046240353325082  7.829927963102128e-06
385.75  0.004624035312634058  7.829830394963343e-06
385.8  0.00462403528821629  7.829738262223431e-06
385.85  0.004624035260364134  7.829651407671021e-06
385.90000000000003  0.0046240352301916456  7.829569563715577e-06
385.95000000000005  0.0046240351987277255  7.829492354054712e-06
386.0  0.00462403516682544  7.829419305792059e-06
386.05  0.004624035135118167  7.82934987261087e-06
386.1  0.004624035103988531  7.829283452097567e-06
386.15000000000003  0.004624035073566872  7.829219426081298e-06
386.20000000000005  0.004624035043746876  7.829157189430794e-06
386.25  0.004624035014231301  7.829096188931636e-06
386.3  0.00462403498457816  7.829035949765435e-06
386.35  0.0046240349542645606  7.828976099676472e-06
386.40000000000003  0.004624034922734763  7.828916386695297e-06
386.45000000000005  0.004624034889462428  7.828856678943853e-06
386.5  0.004624034853989569  7.828796963546838e-06
386.55  0.0046240348159517185  7.828737330108251e-06
386.6  0.004624034775110614  7.82867796824581e-06
386.65000000000003  0.004624034731352937  7.828619125297071e-06
386.70000000000005  0.004624034684678762  7.828561098590581e-06
386.75  0.00462403463519212  7.828504191570793e-06
386.8  0.004624034583072716  7.828448706679485e-06
386.85  0.00462403452854972  7.828394899564682e-06
386.90000000000003  0.004624034471875621  7.828342980591983e-06
386.95000000000005  0.004624034413290897  7.828293084837785e-06
387.0  0.004624034353011134  7.828245282411163e-06
387.05  0.004624034291211514  7.828199567301956e-06
387.1  0.004624034228017172  7.828155873750354e-06
387.15000000000003  0.004624034163497546  7.82811408108142e-06
387.20000000000005  0.004624034097670983  7.828074041814269e-06
387.25  0.004624034030525702  7.828035587287701e-06
387.3  0.004624033962017712  7.827998562430233e-06
387.35  0.004624033892095726  7.827962839025208e-06
387.40000000000003  0.0046240338207127335  7.82792832669093e-06
387.45000000000005  0.004624033747831909  7.827894993637373e-06
387.5  0.004624033673451829  7.827862865351872e-06
387.55  0.004624033597598826  7.827832034227884e-06
387.6  0.0046240335203336005  7.827802643867506e-06
387.65000000000003  0.0046240334417414  7.827774885248523e-06
387.70000000000005  0.004624033361938615  7.827748976849951e-06
387.75  0.004624033281044529  7.827725157737248e-06
387.8  0.004624033199194058  7.827703659155572e-06
387.85  0.004624033116509168  7.827684686268729e-06
387.90000000000003  0.004624033033094619  7.827668413368711e-06
387.95000000000005  0.004624032949031602  7.827654968068066e-06
388.0  0.004624032864374008  7.827644429997978e-06
388.05  0.004624032779147679  7.827636821395646e-06
388.1  0.004624032693350249  7.827632121727481e-06
388.15000000000003  0.00462403260695511  7.827630266597718e-06
388.20000000000005  0.004624032519913102  7.827631175035009e-06
388.25  0.0046240324321685025  7.82763476188794e-06
388.3  0.004624032343653585  7.827640949030636e-06
388.35  0.004624032254321177  7.827649692559108e-06
388.40000000000003  0.004624032164117902  7.827660980230757e-06
388.45000000000005  0.0046240320730189955  7.827674850881697e-06
388.5  0.004624031981014345  7.827691401960109e-06
388.55  0.004624031888126539  7.827710777837967e-06
388.6  0.0046240317943948344  7.827733158039289e-06
388.65000000000003  0.004624031699875904  7.827758757106857e-06
388.70000000000005  0.004624031604644972  7.827787788965804e-06
388.75  0.004624031508789628  7.827820458114562e-06
388.8  0.004624031412401514  7.827856935682048e-06
388.85  0.004624031315577208  7.827897328718844e-06
388.90000000000003  0.004624031218403674  7.82794167848814e-06
388.95000000000005  0.004624031120958624  7.827989940511424e-06
389.0  0.00462403102330718  7.82804197661266e-06
389.05  0.004624030925499983  7.828097564626114e-06
389.1  0.004624030827572805  7.828156410581342e-06
389.15000000000003  0.00462403072954911  7.828218147795648e-06
389.20000000000005  0.004624030631441911  7.828282372566017e-06
389.25  0.004624030533247777  7.828348658104687e-06
389.3  0.004624030434956362  7.828416596239188e-06
389.35  0.004624030336550943  7.82848580930667e-06
389.40000000000003  0.004624030238005178  7.828555980491272e-06
389.45000000000005  0.00462403013928228  7.828626868519479e-06
389.5  0.004624030040339848  7.828698327058103e-06
389.55  0.004624029941126258  7.828770296149712e-06
389.6  0.004624029841581035  7.828842803642231e-06
389.65000000000003  0.004624029741631205  7.828915958282029e-06
389.70000000000005  0.004624029641195891  7.828989923976924e-06
389.75  0.004624029540185106  7.829064896111541e-06
389.8  0.0046240294384985  7.829141075828691e-06
389.85  0.004624029336024576  7.829218655003336e-06
389.90000000000003  0.004624029232645885  7.829297774230884e-06
389.95000000000005  0.004624029128243621  7.829378502219083e-06
390.0  0.004624029022699058  7.829460823063127e-06
390.05  0.004624028915899884  7.829544620514425e-06
390.1  0.004624028807749736  7.829629675143562e-06
390.15000000000003  0.0046240286981678175  7.829715669922998e-06
390.20000000000005  0.004624028587098176  7.829802203664437e-06
390.25  0.00462402847450959  7.829888812828296e-06
390.3  0.004624028360402977  7.82997499179363e-06
390.35  0.004624028244815354  7.830060229216538e-06
390.40000000000003  0.004624028127806778  7.83014403853051e-06
390.45000000000005  0.004624028009471434  7.830225976834185e-06
390.5  0.00462402788992659  7.830305689751227e-06
390.55  0.004624027769304041  7.830382912122524e-06
390.6  0.004624027647748521  7.830457491729128e-06
390.65000000000003  0.004624027525401939  7.830529397808534e-06
390.70000000000005  0.004624027402401436  7.830598709603873e-06
390.75  0.0046240272788628765  7.830665590235003e-06
390.8  0.004624027154870439  7.830730285434292e-06
390.85  0.00462402703047602  7.83079308312863e-06
390.90000000000003  0.004624026905684936  7.830854287392518e-06
390.95000000000005  0.004624026780458475  7.830914179645236e-06
391.0  0.0046240266547064755  7.830972994907141e-06
391.05  0.004624026528301482  7.831030897965894e-06
391.1  0.004624026401081305  7.83108796054832e-06
391.15000000000003  0.004624026272857992  7.83114415640791e-06
391.20000000000005  0.004624026143423371  7.8311993579547e-06
391.25  0.004624026012570863  7.831253340436482e-06
391.3  0.004624025880114091  7.831305817449792e-06
391.35  0.004624025745885572  7.83135644874982e-06
391.40000000000003  0.004624025609756464  7.831404882893778e-06
391.45000000000005  0.004624025471642567  7.831450790657912e-06
391.5  0.00462402533151052  7.831493890052518e-06
391.55  0.00462402518937736  7.831533990825909e-06
391.6  0.004624025045309039  7.831570996889926e-06
391.65000000000003  0.00462402489940868  7.831604939660068e-06
391.70000000000005  0.004624024751807105  7.831635978798785e-06
391.75  0.004624024602659604  7.831664387824246e-06
391.8  0.004624024452119388  7.83169054840306e-06
391.85  0.004624024300339143  7.83171493230301e-06
391.90000000000003  0.004624024147451861  7.831738054337237e-06
391.95000000000005  0.004624023993554073  7.831760454774862e-06
392.0  0.004624023838722503  7.831782658224342e-06
392.05  0.004624023682999339  7.831805132939878e-06
392.1  0.004624023526391617  7.831828281012874e-06
392.15000000000003  0.004624023368877878  7.831852395410312e-06
392.20000000000005  0.004624023210423056  7.831877664720612e-06
392.25  0.0046240230509803585  7.831904154678934e-06
392.3  0.004624022890507081  7.831931822836416e-06
392.35  0.004624022728970632  7.831960539007023e-06
392.40000000000003  0.004624022566373226  7.831990098573415e-06
392.45000000000005  0.004624022402755975  7.832020238235652e-06
392.5  0.004624022238195596  7.832050684016543e-06
392.55  0.004624022072814347  7.832081176447912e-06
392.6  0.004624021906780405  7.83211148386368e-06
392.65000000000003  0.004624021740311546  7.832141432125887e-06
392.70000000000005  0.004624021573660023  7.832170920353607e-06
392.75  0.004624021407098866  7.832199923582557e-06
392.8  0.0046240212409304066  7.832228491759234e-06
392.85  0.0046240210754563155  7.832256752760851e-06
392.90000000000003  0.004624020910971347  7.832284889284119e-06
392.95000000000005  0.004624020747751775  7.832313130702668e-06
393.0  0.004624020586051196  7.832341731358476e-06
393.05  0.004624020426081158  7.832370922726638e-06
393.1  0.004624020268006168  7.83240091795538e-06
393.15000000000003  0.004624020111938697  7.832431877094714e-06
393.20000000000005  0.004624019957950218  7.832463887806625e-06
393.25  0.004624019806058669  7.83249696016431e-06
393.3  0.004624019656238091  7.83253101799292e-06
393.35  0.004624019508426584  7.832565898797212e-06
393.40000000000003  0.004624019362531263  7.832601368281551e-06
393.45000000000005  0.004624019218440389  7.83263712092751e-06
393.5  0.004624019076019114  7.832672803151068e-06
393.55  0.004624018935126014  7.832708035851077e-06
393.6  0.004624018795617373  7.832742436584664e-06
393.65000000000003  0.0046240186573477384  7.832775635627346e-06
393.70000000000005  0.004624018520175308  7.832807300507584e-06
393.75  0.004624018383965417  7.83283715259561e-06
393.8  0.00462401824859358  7.83286497386596e-06
393.85  0.004624018113946006  7.83289062577495e-06
393.90000000000003  0.004624017979921451  7.832914040891905e-06
393.95000000000005  0.004624017846432666  7.83293521686033e-06
394.0  0.004624017713408941  7.832954211489116e-06
394.05  0.0046240175808045375  7.832971122348866e-06
394.1  0.004624017448589423  7.832986062788815e-06
394.15000000000003  0.004624017316762317  7.832999154048867e-06
394.20000000000005  0.004624017185346199  7.833010489889555e-06
394.25  0.0046240170543938725  7.833020132491265e-06
394.3  0.0046240169239864515  7.833028087449468e-06
394.35  0.0046240167942322614  7.833034296392011e-06
394.40000000000003  0.004624016665268224  7.833038628237664e-06
394.45000000000005  0.00462401653725628  7.833040883392174e-06
394.5  0.004624016410380419  7.833040792301197e-06
394.55  0.0046240162848351  7.833038034735417e-06
394.6  0.004624016160826059  7.833032243252021e-06
394.65000000000003  0.004624016038556188  7.833023035609234e-06
394.70000000000005  0.004624015918221722  7.833010015040346e-06
394.75  0.0046240157999967585  7.83299280215439e-06
394.8  0.004624015684033167  7.832971042647213e-06
394.85  0.004624015570442184  7.832944427633743e-06
394.90000000000003  0.004624015459305653  7.83291269913339e-06
394.95000000000005  0.004624015350660986  7.832875658096696e-06
395.0  0.004624015244508054  7.832833175386428e-06
395.05  0.004624015140809324  7.832785180681644e-06
395.1  0.004624015039499615  7.832731661222372e-06
395.15000000000003  0.004624014940496114  7.832672662656139e-06
395.20000000000005  0.004624014843703805  7.832608270497109e-06
395.25  0.004624014749029825  7.83253860592256e-06
395.3  0.004624014656389345  7.832463808335819e-06
395.35  0.00462401456572045  7.83238403721066e-06
395.40000000000003  0.004624014476984149  7.832299456152907e-06
395.45000000000005  0.004624014390175216  7.832210223661062e-06
395.5  0.004624014305307693  7.832116498506138e-06
395.55  0.004624014222426132  7.832018428895109e-06
395.6  0.0046240141415928426  7.831916156565066e-06
395.65000000000003  0.0046240140628846715  7.831809814717192e-06
395.70000000000005  0.004624013986375974  7.831699527715e-06
395.75  0.004624013912133296  7.831585411425257e-06
395.8  0.004624013840222828  7.831467583036506e-06
395.85  0.0046240137706823285  7.83134614977951e-06
395.90000000000003  0.004624013703529007  7.83122121058629e-06
395.95000000000005  0.00462401363877065  7.831092864479099e-06
396.0  0.004624013576394692  7.830961202897734e-06
396.05  0.004624013516398018  7.83082630374871e-06
396.1  0.0046240134587910466  7.83068823655562e-06
396.15000000000003  0.004624013403611702  7.830547048765089e-06
396.20000000000005  0.004624013350936417  7.830402768302296e-06
396.25  0.004624013300893932  7.830255383406549e-06
396.3  0.004624013253671467  7.83010484615212e-06
396.35  0.00462401320949795  7.829951045114032e-06
396.40000000000003  0.0046240131686621725  7.829793811159118e-06
396.45000000000005  0.004624013131481124  7.82963291165815e-06
396.5  0.004624013098286164  7.829468058356346e-06
396.55  0.004624013069420545  7.829298943291951e-06
396.6  0.004624013045227713  7.82912528078689e-06
396.65000000000003  0.004624013026038747  7.828946869739554e-06
396.70000000000005  0.004624013012168356  7.828763668470947e-06
396.75  0.004624013003916822  7.828575863822158e-06
396.8  0.004624013001553758  7.828383933370915e-06
396.85  0.004624013005306691  7.828188691924312e-06
396.90000000000003  0.00462401301534859  7.827991304972045e-06
396.95000000000005  0.0046240130317603085  7.827793262650784e-06
397.0  0.004624013054529469  7.827596328949126e-06
397.05  0.004624013083520801  7.827402448381493e-06
397.1  0.004624013118460714  7.82721360803091e-06
397.15000000000003  0.004624013158933363  7.827031697814637e-06
397.20000000000005  0.004624013204394918  7.82685835694466e-06
397.25  0.004624013254171199  7.826694819847168e-06
397.3  0.004624013307497183  7.82654179824581e-06
397.35  0.004624013363542275  7.82639939323019e-06
397.40000000000003  0.0046240134214513805  7.826267055013851e-06
397.45000000000005  0.0046240134803911155  7.826143603461914e-06
397.5  0.004624013539599745  7.826027290880928e-06
397.55  0.00462401359843047  7.825915933023852e-06
397.6  0.004624013656401867  7.82580705815748e-06
397.65000000000003  0.004624013713234981  7.825698100415127e-06
397.70000000000005  0.00462401376888053  7.825586598539471e-06
397.75  0.004624013823546337  7.825470390113346e-06
397.8  0.004624013877680428  7.825347781470273e-06
397.85  0.004624013931967676  7.825217681454006e-06
397.90000000000003  0.004624013987294982  7.825079688366234e-06
397.95000000000005  0.004624014044702454  7.824934121410392e-06
398.0  0.0046240141053236535  7.824781992063297e-06
398.05  0.004624014170315242  7.824624923043194e-06
398.1  0.004624014240779993  7.824465015769138e-06
398.15000000000003  0.004624014317689309  7.82430468025712e-06
398.20000000000005  0.0046240144018146485  7.824146456523419e-06
398.25  0.004624014493665487  7.823992807613961e-06
398.3  0.00462401459345629  7.823845925600467e-06
398.35  0.004624014701079446  7.82370758321941e-06
398.40000000000003  0.0046240148161114285  7.823578997538458e-06
398.45000000000005  0.004624014937839939  7.823460751400753e-06
398.5  0.004624015065321273  7.823352759605236e-06
398.55  0.004624015197445186  7.823254284693958e-06
398.6  0.004624015333017753  7.823164012259355e-06
398.65000000000003  0.00462401547084774  7.823080153913413e-06
398.70000000000005  0.004624015609838123  7.823000597524703e-06
398.75  0.004624015749076931  7.822923050488421e-06
398.8  0.004624015887898424  7.822845217456733e-06
398.85  0.004624016025939171  7.822764944410923e-06
398.90000000000003  0.004624016163166772  7.82268035517112e-06
398.95000000000005  0.004624016299873755  7.822589960568832e-06
399.0  0.00462401643665942  7.822492725947004e-06
399.05  0.004624016574378624  7.822388100991605e-06
399.1  0.004624016714074291  7.8222760056047e-06
399.15000000000003  0.004624016856883174  7.822156795457847e-06
399.20000000000005  0.004624017003946911  7.82203117890673e-06
399.25  0.004624017156310521  7.821900128279457e-06
399.3  0.004624017314835481  7.821764766785847e-06
399.35  0.004624017480121024  7.821626264535705e-06
399.40000000000003  0.004624017652456119  7.82148573314926e-06
399.45000000000005  0.004624017831773171  7.821344138702698e-06
399.5  0.004624018017659355  7.821202239566916e-06
399.55  0.004624018209381695  7.821060540142271e-06
399.6  0.004624018405934578  7.820919279382773e-06
399.65000000000003  0.004624018606126974  7.820778430081158e-06
399.70000000000005  0.004624018808662384  7.820637733878851e-06
399.75  0.004624019012247169  7.82049675209856e-06
399.8  0.004624019215678246  7.820354907545318e-06
399.85  0.004624019417928905  7.820211560086313e-06
399.90000000000003  0.0046240196182166  7.820066073566892e-06
399.95000000000005  0.0046240198160549875  7.819917872070676e-06
400.0  0.00462402001126673  7.819766496913904e-06
400.05  0.00462402020397131  7.819611658995056e-06
400.1  0.004624020394565329  7.819453250624872e-06
400.15000000000003  0.004624020583664115  7.819291370690502e-06
400.20000000000005  0.004624020772027821  7.819126317849648e-06
400.25  0.004624020960494895  7.81895856628483e-06
400.3  0.0046240211498963756  7.818788752886768e-06
400.35  0.0046240213409814955  7.8186176220737e-06
400.40000000000003  0.004624021534360322  7.818445995628665e-06
400.45000000000005  0.004624021730461359  7.818274700126578e-06
400.5  0.00462402192948711  7.818104546561184e-06
400.55  0.004624022131416971  7.817936270580145e-06
400.6  0.004624022336015797  7.817770493729348e-06
400.65000000000003  0.004624022542867453  7.817607721245038e-06
400.70000000000005  0.004624022751407861  7.817448310577326e-06
400.75  0.004624022960988605  7.817292472414312e-06
400.8  0.0046240231709255356  7.817140292780189e-06
400.85  0.004624023380561204  7.816991747179889e-06
400.90000000000003  0.004624023589308885  7.816846722451553e-06
400.95000000000005  0.0046240237967082026  7.816705061917767e-06
401.0  0.004624024002442065  7.81656659463011e-06
401.05  0.004624024206366123  7.81643116676219e-06
401.1  0.004624024408497072  7.816298677230801e-06
401.15000000000003  0.0046240246090101175  7.8161690907881e-06
401.20000000000005  0.004624024808218273  7.816042445549299e-06
401.25  0.004624025006530622  7.815918881556711e-06
401.3  0.0046240252044184365  7.815798605882967e-06
401.35  0.004624025402373985  7.8156818951219e-06
401.40000000000003  0.004624025600874465  7.815569073848746e-06
401.45000000000005  0.004624025800343044  7.815460489752936e-06
401.5  0.004624026001117406  7.8153564855988e-06
401.55  0.004624026203432844  7.815257380898015e-06
401.6  0.004624026407412494  7.81516343548829e-06
401.65000000000003  0.004624026613064718  7.815074853623138e-06
401.70000000000005  0.004624026820292424  7.814991760356063e-06
401.75  0.004624027028906323  7.814914209385532e-06
401.8  0.004624027238647016  7.814842186457554e-06
401.85  0.0046240274492131365  7.814775616662403e-06
401.90000000000003  0.0046240276602818094  7.814714380596486e-06
401.95000000000005  0.004624027871544267  7.814658341872369e-06
402.0  0.0046240280827271685  7.81460735188626e-06
402.05  0.0046240282936134015  7.81456127520581e-06
402.1  0.004624028504058126  7.814520016425134e-06
402.15000000000003  0.004624028713998679  7.814483510602904e-06
402.20000000000005  0.004624028923459308  7.814451736169992e-06
402.25  0.004624029132553687  7.814424718504325e-06
402.3  0.00462402934146629  7.814402520913777e-06
402.35  0.004624029550455768  7.814385225763005e-06
402.40000000000003  0.004624029759831514  7.814372935311794e-06
402.45000000000005  0.00462402996994145  7.814365742255856e-06
402.5  0.004624030181146736  7.814363714364226e-06
402.55  0.004624030393800553  7.814366887832664e-06
402.6  0.00462403060822697  7.814375240092516e-06
402.65000000000003  0.004624030824690716  7.81438867242015e-06
402.70000000000005  0.004624031043380812  7.81440701876564e-06
402.75  0.004624031264373946  7.814430032951023e-06
402.8  0.0046240314876195825  7.814457388779229e-06
402.85  0.004624031712899355  7.81448867596714e-06
402.90000000000003  0.004624031939817166  7.814523406160798e-06
402.95000000000005  0.0046240321677672135  7.814561034022454e-06
403.0  0.0046240323959160015  7.814600943772881e-06
403.05  0.004624032623192822  7.81464248111415e-06
403.1  0.00462403284826488  7.814684936423601e-06
403.15000000000003  0.004624033069551094  7.814727562692647e-06
403.20000000000005  0.004624033285222774  7.814769575171213e-06
403.25  0.004624033493218336  7.814810145570465e-06
403.3  0.004624033691283905  7.814848392037646e-06
403.35  0.004624033877000426  7.81488338033299e-06
403.40000000000003  0.004624034047860555  7.814914101748739e-06
403.45000000000005  0.004624034201313571  7.814939471715613e-06
403.5  0.004624034334871132  7.814958326156954e-06
403.55  0.004624034446188335  7.81496943697604e-06
403.6  0.00462403453317271  7.814971546398264e-06
403.65000000000003  0.004624034594101253  7.814963427372945e-06
403.70000000000005  0.004624034627725146  7.814943963148868e-06
403.75  0.004624034633398271  7.814912264082989e-06
403.8  0.004624034611183106  7.814867781558234e-06
403.85  0.004624034561950199  7.814810421252369e-06
403.90000000000003  0.004624034487450263  7.814740643477555e-06
403.95000000000005  0.004624034390330789  7.814659504628994e-06
404.0  0.004624034274122963  7.814568674014916e-06
404.05  0.004624034143141476  7.814470373012484e-06
404.1  0.004624034002334389  7.814367259512546e-06
404.15000000000003  0.004624033857062805  7.81426228459436e-06
404.20000000000005  0.004624033712839752  7.814158486020243e-06
404.25  0.004624033575023043  7.814058798273794e-06
404.3  0.004624033448500573  7.813965837954012e-06
404.35  0.004624033337398924  7.813881724434362e-06
404.40000000000003  0.004624033244814871  7.813807948894753e-06
404.45000000000005  0.004624033172624847  7.81374526979716e-06
404.5  0.004624033121363762  7.813693689195832e-06
404.55  0.004624033090194694  7.813652478209165e-06
404.6  0.004624033076979143  7.813620256756451e-06
404.65000000000003  0.004624033078432177  7.813595126727536e-06
404.70000000000005  0.00462403309036236  7.813574837774504e-06
404.75  0.004624033107954851  7.813556969880814e-06
404.8  0.004624033126110882  7.813539118742067e-06
404.85  0.004624033139789969  7.813519081107751e-06
404.90000000000003  0.004624033144332039  7.813495017807021e-06
404.95000000000005  0.00462403313575216  7.813465569455495e-06
405.0  0.004624033110971089  7.813429943619123e-06
405.05  0.004624033067975592  7.81338795004439e-06
405.1  0.0046240330058925205  7.813339995130273e-06
405.15000000000003  0.00462403292497878  7.813287031328957e-06
405.20000000000005  0.004624032826540799  7.813230460417475e-06
405.25  0.004624032712786208  7.813172034970158e-06
405.3  0.004624032586609601  7.81311370330048e-06
405.35  0.0046240324513497025  7.813057477340834e-06
405.40000000000003  0.004624032310537641  7.813005280614404e-06
405.45000000000005  0.004624032167634759  7.812958832815226e-06
405.5  0.0046240320257972065  7.812919523972047e-06
405.55  0.004624031887691291  7.812888351692869e-06
405.6  0.004624031755335933  7.812865861214981e-06
405.65000000000003  0.004624031630010425  7.812852147793419e-06
405.70000000000005  0.004624031512232754  7.812846876254447e-06
405.75  0.004624031401767611  7.812849345256677e-06
405.8  0.004624031297708546  7.812858579630908e-06
405.85  0.004624031198598426  7.81287342627034e-06
405.90000000000003  0.004624031102563774  7.812892685997502e-06
405.95000000000005  0.00462403100749907  7.812915236709e-06
406.0  0.004624030911226682  7.812940139417041e-06
406.05  0.0046240308116713815  7.812966738057444e-06
406.1  0.004624030707006603  7.812994718733913e-06
406.15000000000003  0.004624030595782952  7.813024145075714e-06
406.20000000000005  0.00462403047701225  7.813055441527684e-06
406.25  0.004624030350212834  7.813089362573127e-06
406.3  0.004624030215424849  7.813126911750113e-06
406.35  0.004624030073167773  7.813169239529303e-06
406.40000000000003  0.004624029924366646  7.813217529046545e-06
406.45000000000005  0.004624029770254581  7.813272880947347e-06
406.5  0.004624029612244425  7.813336202844012e-06
406.55  0.004624029451811683  7.813408120787509e-06
406.6  0.004624029290367496  7.81348890037366e-06
406.65000000000003  0.004624029129151957  7.813578422721324e-06
406.70000000000005  0.004624028969149248  7.813676161976696e-06
406.75  0.004624028811031439  7.813781221272061e-06
406.8  0.004624028655132847  7.813892375962202e-06
406.85  0.004624028501467622  7.814008149273667e-06
406.90000000000003  0.004624028349755916  7.814126907092062e-06
406.95000000000005  0.004624028199488204  7.814246962530428e-06
407.0  0.004624028050009518  7.814366664669906e-06
407.05  0.004624027900594886  7.814484507361032e-06
407.1  0.0046240277505416524  7.814599199551132e-06
407.15000000000003  0.00462402759924266  7.814709723795723e-06
407.20000000000005  0.0046240274462506035  7.814815384638215e-06
407.25  0.004624027291315262  7.814915811559217e-06
407.3  0.004624027134416987  7.815010948328551e-06
407.35  0.004624026975756983  7.815101025328467e-06
407.40000000000003  0.004624026815726472  7.81518649613142e-06
407.45000000000005  0.004624026654885283  7.815267979325637e-06
407.5  0.0046240264938942855  7.815346186494355e-06
407.55  0.0046240263334579  7.815421844168475e-06
407.6  0.004624026174272338  7.815495624631987e-06
407.65000000000003  0.004624026016955626  7.81556809036679e-06
407.70000000000005  0.004624025862005493  7.815639641168752e-06
407.75  0.004624025709755017  7.815710493890972e-06
407.8  0.0046240255603700806  7.815780662671909e-06
407.85  0.004624025413831581  7.815849969074011e-06
407.90000000000003  0.0046240252699502535  7.815918063261628e-06
407.95000000000005  0.004624025128395515  7.815984459435237e-06
408.0  0.004624024988726744  7.816048570798163e-06
408.05  0.004624024850429275  7.816109782681704e-06
408.1  0.004624024712975247  7.816167477974913e-06
408.15000000000003  0.004624024575860867  7.816221105029218e-06
408.20000000000005  0.004624024438646809  7.816270215895948e-06
408.25  0.004624024300990113  7.816314487834831e-06
408.3  0.004624024162663451  7.816353761584772e-06
408.35  0.0046240240235748105  7.816388036178447e-06
408.40000000000003  0.004624023883753849  7.816417463320051e-06
408.45000000000005  0.0046240237433387  7.816442343620452e-06
408.5  0.004624023602563719  7.816463087484969e-06
408.55  0.004624023461722261  7.816480185375231e-06
408.6  0.004624023321138748  7.816494172123862e-06
408.65000000000003  0.004624023181129983  7.816505589560089e-06
408.70000000000005  0.004624023041976638  7.816514944069333e-06
408.75  0.004624022903896361  7.816522691908925e-06
408.8  0.004624022767027016  7.81652920956969e-06
408.85  0.004624022631413969  7.816534776760485e-06
408.90000000000003  0.004624022496999226  7.816539598277154e-06
408.95000000000005  0.0046240223636394105  7.816543783959765e-06
409.0  0.004624022231111623  7.816547377071904e-06
409.05  0.004624022099126948  7.816550368069003e-06
409.1  0.004624021967359713  7.816552718161883e-06
409.15000000000003  0.00462402183546376  7.81655438227876e-06
409.20000000000005  0.00462402170308886  7.816555316909065e-06
409.25  0.0046240215699190415  7.816555524412239e-06
409.3  0.0046240214356723045  7.816555042164855e-06
409.35  0.004624021300128709  7.81655396207409e-06
409.40000000000003  0.004624021163119471  7.816552421709255e-06
409.45000000000005  0.004624021024542961  7.816550608036681e-06
409.5  0.004624020884353113  7.81654874924631e-06
409.55  0.004624020742562117  7.816547097660965e-06
409.6  0.004624020599215825  7.816545916662642e-06
409.65000000000003  0.004624020454386339  7.816545468634089e-06
409.70000000000005  0.004624020308166464  7.816545994980311e-06
409.75  0.004624020160644271  7.816547713398677e-06
409.8  0.004624020011896204  7.816550799134673e-06
409.85  0.004624019861982565  7.816555384700868e-06
409.90000000000003  0.00462401971092913  7.816561560718365e-06
409.95000000000005  0.004624019558730118  7.816569366920545e-06
410.0  0.0046240194053495266  7.816578802190492e-06
410.05  0.004624019250719006  7.816589832138602e-06
410.1  0.00462401909473742  7.816602393301315e-06
410.15000000000003  0.004624018937293957  7.816616400306839e-06
410.20000000000005  0.0046240187782663  7.816631757802065e-06
410.25  0.004624018617532932  7.816648361053732e-06
410.3  0.004624018454981203  7.81666611387887e-06
410.35  0.004624018290519128  7.816684914610448e-06
410.40000000000003  0.004624018124079652  7.816704662068995e-06
410.45000000000005  0.004624017955630336  7.816725273248203e-06
410.5  0.004624017785172872  7.816746660070313e-06
410.55  0.004624017612752456  7.81676872998869e-06
410.6  0.00462401743844717  7.816791390653494e-06
410.65000000000003  0.004624017262377513  7.816814544032997e-06
410.70000000000005  0.004624017084698702  7.81683807664169e-06
410.75  0.004624016905594142  7.81686186003481e-06
410.8  0.0046240167252735295  7.816885749509077e-06
410.85  0.00462401654395905  7.816909576507062e-06
410.90000000000003  0.004624016361883114  7.816933159081319e-06
410.95000000000005  0.00462401617928301  7.816956301241812e-06
411.0  0.004624015996401362  7.816978784851723e-06
411.05  0.004624015813469374  7.817000400927956e-06
411.1  0.004624015630730444  7.817020933035663e-06
411.15000000000003  0.004624015448406542  7.817040168267782e-06
411.20000000000005  0.004624015266716541  7.81705790172951e-06
411.25  0.004624015085868398  7.817073941822153e-06
411.3  0.004624014906070073  7.817088103998016e-06
411.35  0.004624014727519936  7.817100225752261e-06
411.40000000000003  0.004624014550411358  7.817110155996929e-06
411.45000000000005  0.0046240143749353944  7.817117748775104e-06
411.5  0.004624014201272173  7.817122864153598e-06
411.55  0.004624014029604658  7.81712535954703e-06
411.6  0.004624013860103542  7.817125084927072e-06
411.65000000000003  0.004624013692944524  7.817121875802387e-06
411.70000000000005  0.004624013528292822  7.81711554795681e-06
411.75  0.00462401336631694  7.81710589821616e-06
411.8  0.00462401320718674  7.817092697920054e-06
411.85  0.0046240130510697705  7.817075699680004e-06
411.90000000000003  0.004624012898129188  7.817054643868293e-06
411.95000000000005  0.004624012748529239  7.817029250297247e-06
412.0  0.004624012602434271  7.816999248728196e-06
412.05  0.004624012460004949  7.816964377927066e-06
412.1  0.004624012321395651  7.816924409067256e-06
412.15000000000003  0.004624012186751166  7.816879149362089e-06
412.20000000000005  0.004624012056201129  7.816828459484783e-06
412.25  0.0046240119298462026  7.816772266852319e-06
412.3  0.0046240118077683166  7.816710561901056e-06
412.35  0.004624011690012804  7.816643398798726e-06
412.40000000000003  0.004624011576583344  7.816570902547968e-06
412.45000000000005  0.004624011467450709  7.816493259033947e-06
412.5  0.004624011362534231  7.816410691878362e-06
412.55  0.004624011261717619  7.816323456994446e-06
412.6  0.004624011164842345  7.816231832348316e-06
412.65000000000003  0.004624011071717277  7.816136084814706e-06
412.70000000000005  0.004624010982124806  7.816036465772848e-06
412.75  0.0046240108958282185  7.815933184820373e-06
412.8  0.004624010812579695  7.815826415732554e-06
412.85  0.004624010732138159  7.8157162761295e-06
412.90000000000003  0.004624010654268747  7.8156028269993e-06
412.95000000000005  0.004624010578751812  7.815486091962406e-06
413.0  0.004624010505402076  7.81536605762165e-06
413.05  0.004624010434056424  7.815242684030143e-06
413.1  0.004624010364593065  7.815115931604522e-06
413.15000000000003  0.004624010296917317  7.814985761283832e-06
413.20000000000005  0.004624010230976642  7.814852163851118e-06
413.25  0.0046240101667543235  7.814715172714036e-06
413.3  0.004624010104251272  7.814574881935586e-06
413.35  0.0046240100434966165  7.814431446836186e-06
413.40000000000003  0.004624009984534869  7.814285092919043e-06
413.45000000000005  0.0046240099274206135  7.814136104048757e-06
413.5  0.0046240098722155586  7.813984830825314e-06
413.55  0.00462400981897805  7.813831657237893e-06
413.6  0.004624009767753406  7.81367699493941e-06
413.65000000000003  0.004624009718577755  7.813521254377018e-06
413.70000000000005  0.004624009671466636  7.813364832623643e-06
413.75  0.004624009626417628  7.813208078447711e-06
413.8  0.0046240095834048965  7.813051286338682e-06
413.85  0.0046240095423749905  7.812894675352472e-06
413.90000000000003  0.0046240095032538606  7.812738377423988e-06
413.95000000000005  0.004624009465939232  7.812582442280282e-06
414.0  0.0046240094303114255  7.812426826133681e-06
414.05  0.004624009396238769  7.812271426339303e-06
414.1  0.004624009363573763  7.81211607059508e-06
414.15000000000003  0.004624009332156502  7.811960565800707e-06
414.20000000000005  0.004624009301836451  7.811804694413183e-06
414.25  0.00462400927245929  7.811648257612067e-06
414.3  0.004624009243879509  7.811491095624324e-06
414.35  0.0046240092159499195  7.81133310717778e-06
414.40000000000003  0.004624009188540966  7.811174274706403e-06
414.45000000000005  0.004624009161521151  7.811014669634617e-06
414.5  0.004624009134757705  7.810854455200564e-06
414.55  0.004624009108113178  7.810693897088624e-06
414.6  0.0046240090814432646  7.810533336913995e-06
414.65000000000003  0.004624009054600222  7.810373184477876e-06
414.70000000000005  0.004624009027422846  7.810213893785465e-06
414.75  0.004624008999748225  7.810055937777056e-06
414.8  0.00462400897141365  7.809899770417958e-06
414.85  0.004624008942274242  7.809745805216688e-06
414.90000000000003  0.004624008912212749  7.809594388305123e-06
414.95000000000005  0.004624008881158314  7.809445771479253e-06
415.0  0.0046240088491011815  7.80930010171274e-06
415.05  0.004624008816111247  7.809157398222125e-06
415.1  0.0046240087823608235  7.809017572539833e-06
415.15000000000003  0.004624008748131757  7.808880412985289e-06
415.20000000000005  0.004624008713827679  7.80874561092363e-06
415.25  0.004624008679993741  7.808612782976746e-06
415.3  0.00462400864730822  7.80848149105139e-06
415.35  0.004624008616584643  7.808351261968662e-06
415.40000000000003  0.004624008588765145  7.808221643121752e-06
415.45000000000005  0.004624008564909243  7.808092196758727e-06
415.5  0.004624008546174081  7.807962538502485e-06
415.55  0.004624008533781851  7.807832350636245e-06
415.6  0.004624008528989894  7.807701379633317e-06
415.65000000000003  0.004624008533038758  7.807569432905361e-06
415.70000000000005  0.004624008547099719  7.807436384695545e-06
415.75  0.004624008572208904  7.807302145244176e-06
415.8  0.00462400860919631  7.80716664056888e-06
415.85  0.004624008658617061  7.80702979069251e-06
415.90000000000003  0.004624008720681794  7.806891498686628e-06
415.95000000000005  0.00462400879521036  7.806751626738618e-06
416.0  0.004624008881595398  7.806610008592585e-06
416.05  0.004624008978791708  7.806466450276305e-06
416.1  0.004624009085342247  7.806320753536805e-06
416.15000000000003  0.004624009199431807  7.806172746706164e-06
416.20000000000005  0.0046240093189582184  7.806022309728078e-06
416.25  0.0046240094416381584  7.805869410916628e-06
416.3  0.004624009565123335  7.80571411926253e-06
416.35  0.004624009687130549  7.80555660406503e-06
416.40000000000003  0.0046240098055792146  7.80539715500853e-06
416.45000000000005  0.0046240099187170435  7.805236141056801e-06
416.5  0.004624010025245784  7.805073993462405e-06
416.55  0.004624010124405818  7.804911174836205e-06
416.6  0.004624010216057212  7.804748144761296e-06
416.65000000000003  0.004624010300692989  7.804585315606406e-06
416.70000000000005  0.00462401037943213  7.804423042503357e-06
416.75  0.004624010453959734  7.804261588371285e-06
416.8  0.004624010526439557  7.804101133007559e-06
416.85  0.004624010599375185  7.803941760689592e-06
416.90000000000003  0.004624010675448772  7.803783481847624e-06
416.95000000000005  0.004624010757356705  7.803626249185404e-06
417.0  0.004624010847633284  7.803469976112033e-06
417.05  0.004624010948484671  7.803314561650888e-06
417.1  0.00462401106164833  7.803159911400278e-06
417.15000000000003  0.0046240111882869875  7.80300595401427e-06
417.20000000000005  0.0046240113289236495  7.802852649397983e-06
417.25  0.004624011483420884  7.802699995287602e-06
417.3  0.004624011651013981  7.802548027123201e-06
417.35  0.004624011830368609  7.802396806855446e-06
417.40000000000003  0.004624012019695546  7.802246419559517e-06
417.45000000000005  0.004624012216879837  7.802096949354536e-06
417.5  0.004624012419630269  7.801948467159897e-06
417.55  0.0046240126256353094  7.801801021821949e-06
417.6  0.004624012832710566  7.801654637489128e-06
417.65000000000003  0.004624013038926478  7.80150930452981e-06
417.70000000000005  0.004624013242719946  7.801364991767977e-06
417.75  0.004624013442959229  7.80122164594741e-06
417.8  0.004624013638984584  7.801079211649979e-06
417.85  0.004624013830611284  7.8009376495121e-06
417.90000000000003  0.0046240140180998455  7.800796960498707e-06
417.95000000000005  0.004624014202093796  7.80065718955747e-06
418.0  0.004624014383540473  7.800518460272035e-06
418.05  0.004624014563588795  7.800380978401202e-06
418.1  0.004624014743487472  7.800245037190659e-06
418.15000000000003  0.004624014924474711  7.8001110234975e-06
418.20000000000005  0.004624015107683874  7.799979413618371e-06
418.25  0.004624015294061903  7.799850753228622e-06
418.3  0.004624015484294695  7.799725645657182e-06
418.35  0.004624015678777344  7.799604732214946e-06
418.40000000000003  0.004624015877580849  7.79948866817885e-06
418.45000000000005  0.00462401608047304  7.799378088471023e-06
418.5  0.0046240162869301904  7.79927359339155e-06
418.55  0.004624016496178435  7.799175718441653e-06
418.6  0.004624016707259846  7.799084914915497e-06
418.65000000000003  0.004624016919101054  7.799001533146132e-06
418.70000000000005  0.004624017130586829  7.7989258128036e-06
418.75  0.0046240173406280685  7.798857875703627e-06
418.8  0.0046240175482327485  7.798797728824945e-06
418.85  0.004624017752563458  7.798745260439723e-06
418.90000000000003  0.004624017952999265  7.798700262377157e-06
418.95000000000005  0.00462401814914527  7.79866243898517e-06
419.0  0.004624018340876924  7.798631428550063e-06
419.05  0.004624018528319423  7.798606820001248e-06
419.1  0.004624018711838587  7.798588182048416e-06
419.15000000000003  0.004624018892015942  7.798575076223067e-06
419.20000000000005  0.004624019069594296  7.798567092388357e-06
419.25  0.004624019245433477  7.798563851726915e-06
419.3  0.004624019420452681  7.798565028566787e-06
419.35  0.004624019595563729  7.798570359453554e-06
419.40000000000003  0.004624019771619972  7.798579650010044e-06
419.45000000000005  0.004624019949358298  7.798592769944111e-06
419.5  0.004624020129362062  7.798609649181375e-06
419.55  0.004624020312027619  7.79863025887296e-06
419.6  0.0046240204975543445  7.798654606659665e-06
419.65000000000003  0.004624020685929678  7.798682711185752e-06
419.70000000000005  0.0046240208769463345  7.798714577680328e-06
419.75  0.0046240210702287  7.798750184711108e-06
419.8  0.004624021265266273  7.798789457685865e-06
419.85  0.00462402146144808  7.79883225159717e-06
419.90000000000003  0.004624021658118684  7.798878343835916e-06
419.95000000000005  0.00462402185462149  7.798927412513546e-06
420.0  0.004624022050343827  7.798979049874278e-06
420.05  0.004624022244755364  7.799032746785783e-06
420.1  0.004624022437433603  7.799087924653041e-06
420.15000000000003  0.004624022628086352  7.799143934966398e-06
420.20000000000005  0.004624022816553785  7.799200089815396e-06
420.25  0.00462402300280168  7.799255692893404e-06
420.3  0.00462402318690319  7.799310057418326e-06
420.35  0.0046240233690117444  7.799362541937868e-06
420.40000000000003  0.004624023549325756  7.799412575025023e-06
420.45000000000005  0.004624023728047873  7.799459678992671e-06
420.5  0.004624023905346072  7.79950349649069e-06
420.55  0.004624024081319467  7.799543793653227e-06
420.6  0.004624024255961357  7.799580471739136e-06
420.65000000000003  0.004624024429140177  7.799613560524095e-06
420.70000000000005  0.004624024600580536  7.799643209185022e-06
420.75  0.004624024769867245  7.799669679596708e-06
420.8  0.004624024936439727  7.799693309811889e-06
420.85  0.004624025099624514  7.799714501148445e-06
420.90000000000003  0.004624025258653025  7.799733679341123e-06
420.95000000000005  0.004624025412690098  7.799751265109361e-06
421.0  0.0046240255608732145  7.799767653024261e-06
421.05  0.004624025702349613  7.799783181856388e-06
421.1  0.004624025836310517  7.799798116131457e-06
421.15000000000003  0.004624025962011145  7.799812641588684e-06
421.20000000000005  0.004624026078811976  7.799826844725828e-06
421.25  0.004624026186186039  7.799840737071124e-06
421.3  0.004624026283715976  7.799854248714749e-06
421.35  0.004624026371098707  7.799867252690246e-06
421.40000000000003  0.004624026448133218  7.799879595353047e-06
421.45000000000005  0.004624026514696344  7.79989111699108e-06
421.5  0.004624026570722254  7.799901689050802e-06
421.55  0.004624026616185038  7.799911245651642e-06
421.6  0.004624026651079767  7.79991980243431e-06
421.65000000000003  0.004624026675430025  7.799927477923884e-06
421.70000000000005  0.004624026689280204  7.799934483649427e-06
421.75  0.004624026692739746  7.799941112554323e-06
421.8  0.004624026686009864  7.799947705071545e-06
421.85  0.004624026669438104  7.799954573046262e-06
421.90000000000003  0.004624026643560113  7.79996193413987e-06
421.95000000000005  0.004624026609115384  7.799969831055851e-06
422.0  0.004624026567047346  7.799978075589823e-06
422.05  0.004624026518471024  7.799986239818023e-06
422.1  0.004624026464609918  7.799993682667628e-06
422.15000000000003  0.004624026406735354  7.799999629278012e-06
422.20000000000005  0.0046240263461125464  7.80000328858851e-06
422.25  0.004624026283948738  7.800003977563868e-06
422.3  0.004624026221368514  7.8000012439607e-06
422.35  0.004624026159404363  7.799994973158669e-06
422.40000000000003  0.0046240260989927635  7.799985440993574e-06
422.45000000000005  0.00462402604097978  7.799973319574803e-06
422.5  0.004624025986088574  7.799959621033367e-06
422.55  0.0046240259349195  7.799945634825017e-06
422.6  0.004624025887897318  7.799932797043394e-06
422.65000000000003  0.004624025845219738  7.799922569936364e-06
422.70000000000005  0.004624025806806936  7.799916316121739e-06
422.75  0.0046240257722487315  7.799915180466916e-06
422.8  0.004624025740768426  7.799920014528664e-06
422.85  0.004624025711214598  7.799931323549331e-06
422.90000000000003  0.0046240256820820665  7.799949247390887e-06
422.95000000000005  0.004624025651559819  7.799973588599283e-06
423.0  0.0046240256176205245  7.8000038536661e-06
423.05  0.004624025578133422  7.800039322484735e-06
423.1  0.004624025530990519  7.800079141349737e-06
423.15000000000003  0.00462402547424492  7.800122416565613e-06
423.20000000000005  0.004624025406250806  7.800168297232619e-06
423.25  0.004624025325760176  7.800216052925242e-06
423.3  0.004624025232027  7.800265128875261e-06
423.35  0.004624025124858969  7.800315199061984e-06
423.40000000000003  0.004624025004622476  7.80036617464446e-06
423.45000000000005  0.004624024872234923  7.800418200980056e-06
423.5  0.004624024729084919  7.80047163746988e-06
423.55  0.004624024576940699  7.800527028737092e-06
423.6  0.0046240244178421324  7.800585031514042e-06
423.65000000000003  0.004624024253954818  7.800646383254672e-06
423.70000000000005  0.004624024087430959  7.800711818762804e-06
423.75  0.004624023920284812  7.800782022504816e-06
423.8  0.004624023754273779  7.80085756383615e-06
423.85  0.004624023590798471  7.800938856942627e-06
423.90000000000003  0.004624023430845808  7.801026129584104e-06
423.95000000000005  0.004624023274950584  7.801119402696322e-06
424.0  0.004624023123199878  7.80121847299592e-06
424.05  0.004624022975266041  7.801322928335702e-06
424.1  0.004624022830465259  7.801432159797475e-06
424.15000000000003  0.004624022687839227  7.801545396620926e-06
424.20000000000005  0.004624022546249627  7.801661731808713e-06
424.25  0.00462402240447784  7.801780175704461e-06
424.3  0.004624022261326081  7.801899685352186e-06
424.35  0.004624022115710034  7.802019215085197e-06
424.40000000000003  0.00462402196673475  7.802137757842401e-06
424.45000000000005  0.00462402181375239  7.802254371632747e-06
424.5  0.004624021656389944  7.802368221194795e-06
424.55  0.004624021494571711  7.802478593697273e-06
424.6  0.004624021328508624  7.802584914923294e-06
424.65000000000003  0.004624021158669433  7.802686760205284e-06
424.70000000000005  0.004624020985726514  7.802783863699477e-06
424.75  0.004624020810524694  7.802876095254222e-06
424.8  0.004624020634001032  7.8029634629412e-06
424.85  0.004624020457122356  7.803046099872366e-06
424.90000000000003  0.004624020280835349  7.803124220046433e-06
424.95000000000005  0.004624020106004585  7.803198130947041e-06
425.0  0.004624019933367951  7.803268171852732e-06
425.05  0.004624019763507101  7.803334710342174e-06
425.1  0.004624019596833489  7.803398111258532e-06
425.15000000000003  0.004624019433562524  7.803458711978186e-06
425.20000000000005  0.004624019273735002  7.803516801934324e-06
425.25  0.004624019117234425  7.803572616909257e-06
425.3  0.004624018963801915  7.803626330152205e-06
425.35  0.004624018813079571  7.80367804225523e-06
425.40000000000003  0.004624018664645728  7.803727801607463e-06
425.45000000000005  0.004624018518048886  7.803775596094464e-06
425.5  0.004624018372856834  7.803821375540132e-06
425.55  0.004624018228672592  7.803865065944628e-06
425.6  0.0046240180851724235  7.80390658518981e-06
425.65000000000003  0.0046240179421181745  7.803945861786308e-06
425.70000000000005  0.00462401779937494  7.803982849122577e-06
425.75  0.004624017656911071  7.804017531749454e-06
425.8  0.00462401751478461  7.804049943925811e-06
425.85  0.004624017373135968  7.804080167426481e-06
425.90000000000003  0.004624017232163587  7.804108335646532e-06
425.95000000000005  0.004624017092099592  7.804134627849211e-06
426.0  0.004624016953196108  7.804159252519583e-06
426.05  0.0046240168156823445  7.80418245370057e-06
426.1  0.004624016679748499  7.804204483067614e-06
426.15000000000003  0.004624016545535001  7.804225589926942e-06
426.20000000000005  0.0046240164131147055  7.80424601362364e-06
426.25  0.004624016282484185  7.804265958434407e-06
426.3  0.004624016153570326  7.80428560679557e-06
426.35  0.004624016026229933  7.804305087672878e-06
426.40000000000003  0.004624015900255384  7.804324492600618e-06
426.45000000000005  0.004624015775394217  7.804343878955022e-06
426.5  0.004624015651363228  7.804363269951425e-06
426.55  0.004624015527856045  7.804382656641501e-06
426.6  0.0046240154045748445  7.804402030913972e-06
426.65000000000003  0.004624015281232642  7.804421372598262e-06
426.70000000000005  0.0046240151575646085  7.804440673362047e-06
426.75  0.004624015033341106  7.804459943167738e-06
426.8  0.004624014908376276  7.804479205698977e-06
426.85  0.0046240147825210385  7.804498510704486e-06
426.90000000000003  0.0046240146556736994  7.804517927178322e-06
426.95000000000005  0.004624014527769449  7.80453754643474e-06
427.0  0.004624014398768311  7.804557465499618e-06
427.05  0.004624014268659221  7.804577774675934e-06
427.1  0.004624014137447424  7.804598558563569e-06
427.15000000000003  0.004624014005141476  7.804619860141704e-06
427.20000000000005  0.004624013871748803  7.80464169985554e-06
427.25  0.004624013737278927  7.804664039395155e-06
427.3  0.004624013601731482  7.804686781573641e-06
427.35  0.004624013465099726  7.80470978802195e-06
427.40000000000003  0.004624013327365227  7.804732853303525e-06
427.45000000000005  0.004624013188506613  7.804755727434952e-06
427.5  0.004624013048497669  7.80477811951e-06
427.55  0.004624012907309331  7.804799710987197e-06
427.6  0.004624012764912248  7.80482017012201e-06
427.65000000000003  0.004624012621286589  7.804839168410179e-06
427.70000000000005  0.004624012476419074  7.804856407858453e-06
427.75  0.004624012330307893  7.804871620030033e-06
427.8  0.004624012182962866  7.804884601717484e-06
427.85  0.004624012034404933  7.804895202453387e-06
427.90000000000003  0.00462401188466496  7.804903349756743e-06
427.95000000000005  0.0046240117337893166  7.804909039198713e-06
428.0  0.004624011581827213  7.80491232653982e-06
428.05  0.00462401142884476  7.804913322646657e-06
428.1  0.004624011274906811  7.804912175906624e-06
428.15000000000003  0.004624011120088053  7.804909045677925e-06
428.20000000000005  0.004624010964456219  7.804904087963443e-06
428.25  0.004624010808089756  7.804897435224197e-06
428.3  0.004624010651060169  7.804889165485046e-06
428.35  0.004624010493451614  7.804879288048275e-06
428.40000000000003  0.00462401033534132  7.804867738821417e-06
428.45000000000005  0.004624010176822744  7.804854362971414e-06
428.5  0.004624010018002328  7.804838920865786e-06
428.55  0.004624009858994667  7.804821110994487e-06
428.6  0.004624009699935025  7.804800558348324e-06
428.65000000000003  0.004624009540980299  7.80477686048402e-06
428.70000000000005  0.004624009382308767  7.804749596395563e-06
428.75  0.004624009224117235  7.80471836818197e-06
428.8  0.004624009066620311  7.80468282557112e-06
428.85  0.0046240089100448925  7.804642696582994e-06
428.90000000000003  0.004624008754623377  7.80459779705315e-06
428.95000000000005  0.004624008600589817  7.804548062865895e-06
429.0  0.0046240084481698075  7.804493542093118e-06
429.05  0.0046240082975643575  7.804434398281318e-06
429.1  0.0046240081489513085  7.80437089228875e-06
429.15000000000003  0.00462400800248108  7.804303368551066e-06
429.20000000000005  0.004624007858262211  7.804232218737481e-06
429.25  0.004624007716366705  7.804157863052246e-06
429.3  0.004624007576819903  7.804080706263148e-06
429.35  0.004624007439616601  7.804001106803956e-06
429.40000000000003  0.004624007304719966  7.803919353961506e-06
429.45000000000005  0.004624007172074165  7.80383564580381e-06
429.5  0.00462400704160615  7.80375007311435e-06
429.55  0.004624006913247471  7.803662613412979e-06
429.6  0.004624006786943604  7.80357315399689e-06
429.65000000000003  0.0046240066626578955  7.803481495024691e-06
429.70000000000005  0.004624006540381488  7.803387379055018e-06
429.75  0.004624006420157038  7.803290522572446e-06
429.8  0.004624006302058855  7.803190646495963e-06
429.85  0.0046240061862124465  7.80308750804853e-06
429.90000000000003  0.004624006072779425  7.802980939385019e-06
429.95000000000005  0.004624005961949162  7.802870861692932e-06
430.0  0.004624005853946596  7.802757315428087e-06
430.05  0.0046240057490032965  7.802640446409072e-06
430.1  0.004624005647352295  7.802520522562174e-06
430.15000000000003  0.004624005549221654  7.80239792100696e-06
430.20000000000005  0.004624005454815713  7.802273102340383e-06
430.25  0.004624005364309541  7.802146580423527e-06
430.3  0.004624005277835934  7.80201889075111e-06
430.35  0.00462400519547723  7.801890567799564e-06
430.40000000000003  0.004624005117262822  7.801762096692982e-06
430.45000000000005  0.004624005043171314  7.801633891511481e-06
430.5  0.004624004973127719  7.801506266359928e-06
430.55  0.004624004906999423  7.801379427212452e-06
430.6  0.004624004844617478  7.801253456192058e-06
430.65000000000003  0.004624004785777608  7.801128315705106e-06
430.70000000000005  0.004624004730252111  7.801003854818305e-06
430.75  0.0046240046777891305  7.800879830277998e-06
430.8  0.004624004628144614  7.800755933685246e-06
430.85  0.004624004581060784  7.800631826820713e-06
430.90000000000003  0.004624004536306145  7.800507147309099e-06
430.95000000000005  0.004624004493668841  7.800381561318707e-06
431.0  0.004624004452960003  7.800254789514722e-06
431.05  0.004624004414017793  7.800126625084272e-06
431.1  0.004624004376706392  7.799996961161644e-06
431.15000000000003  0.004624004340909031  7.799865788670267e-06
431.20000000000005  0.004624004306529546  7.799733196193767e-06
431.25  0.004624004273477117  7.799599367870017e-06
431.3  0.004624004241654557  7.799464560295517e-06
431.35  0.004624004210947253  7.799329090672147e-06
431.40000000000003  0.0046240041812184145  7.799193304314612e-06
431.45000000000005  0.004624004152286579  7.799057554948565e-06
431.5  0.004624004123932932  7.79892217569659e-06
431.55  0.004624004095913195  7.798787454185644e-06
431.6  0.004624004067938542  7.798653617045672e-06
431.65000000000003  0.0046240040397074675  7.798520813487154e-06
431.70000000000005  0.00462400401091077  7.798389111545255e-06
431.75  0.004624003981254718  7.79825849581219e-06
431.8  0.0046240039504813115  7.798128869905953e-06
431.85  0.004624003918392721  7.798000063547802e-06
431.90000000000003  0.0046240038848624765  7.797871847424516e-06
431.95000000000005  0.0046240038498514754  7.79774395111781e-06
432.0  0.004624003813425455  7.79761607592204e-06
432.05  0.0046240037757437884  7.797487912122361e-06
432.1  0.004624003737064063  7.797359153049933e-06
432.15000000000003  0.004624003697728278  7.797229502804637e-06
432.20000000000005  0.004624003658139593  7.79709868561065e-06
432.25  0.004624003618733795  7.796966465081851e-06
432.3  0.004624003579961669  7.796832630023605e-06
432.35  0.004624003542256778  7.796697008479324e-06
432.40000000000003  0.004624003506003914  7.796559461140781e-06
432.45000000000005  0.004624003471527175  7.796419869305617e-06
432.5  0.004624003439056521  7.796278151923979e-06
432.55  0.004624003408728951  7.796134253404691e-06
432.6  0.004624003380582671  7.795988144041354e-06
432.65000000000003  0.004624003354563753  7.795839820609916e-06
432.70000000000005  0.004624003330543474  7.795689306754976e-06
432.75  0.004624003308337888  7.795536653461003e-06
432.8  0.004624003287719719  7.795381937062778e-06
432.85  0.004624003268454109  7.795225267639367e-06
432.90000000000003  0.004624003250315977  7.795066775648771e-06
432.95000000000005  0.004624003233105006  7.794906618634813e-06
433.0  0.004624003216673053  7.794744973503181e-06
433.05  0.0046240032009273666  7.794582023054576e-06
433.1  0.0046240031858441714  7.794417959145411e-06
433.15000000000003  0.004624003171462632  7.794252969889956e-06
433.20000000000005  0.004624003157887937  7.794087224100366e-06
433.25  0.004624003145283006  7.793920869196225e-06
433.3  0.0046240031338439565  7.793754023131595e-06
433.35  0.004624003123807887  7.793586762223453e-06
433.40000000000003  0.00462400311542947  7.793419122901764e-06
433.45000000000005  0.004624003108968217  7.79325110039603e-06
433.5  0.00462400310468746  7.79308265469474e-06
433.55  0.00462400310284649  7.792913710429383e-06
433.6  0.004624003103690544  7.792744173346871e-06
433.65000000000003  0.00462400310745155  7.792573931511795e-06
433.70000000000005  0.004624003114356444  7.792402879793114e-06
433.75  0.004624003124615052  7.792230922495755e-06
433.8  0.004624003138439991  7.792057993304284e-06
433.85  0.004624003156035825  7.791884046947833e-06
433.90000000000003  0.0046240031776025765  7.791709071880734e-06
433.95000000000005  0.0046240032033318945  7.79153308653778e-06
434.0  0.004624003233402108  7.79135612581837e-06
434.05  0.004624003267963776  7.791178227630012e-06
434.1  0.004624003307146941  7.790999417983356e-06
434.15000000000003  0.004624003351028859  7.79081970358082e-06
434.20000000000005  0.00462400339965487  7.790639074119885e-06
434.25  0.004624003453036075  7.790457526746285e-06
434.3  0.004624003511173723  7.790275071859577e-06
434.35  0.004624003574091093  7.790091776227214e-06
434.40000000000003  0.004624003641859173  7.789907800454559e-06
434.45000000000005  0.004624003714606758  7.789723441650296e-06
434.5  0.004624003792546293  7.789539149332992e-06
434.55  0.004624003875967563  7.789355548541742e-06
434.6  0.004624003965209926  7.789173451232834e-06
434.65000000000003  0.004624004060628311  7.788993842059487e-06
434.70000000000005  0.004624004162539275  7.788817833254297e-06
434.75  0.0046240042711704985  7.788646630677554e-06
434.8  0.0046240043866006605  7.788481467275713e-06
434.85  0.0046240045087167685  7.788323525667903e-06
434.90000000000003  0.004624004637183897  7.788173869398968e-06
434.95000000000005  0.004624004771436171  7.788033360042328e-06
435.0  0.004624004910693144  7.787902594207212e-06
435.05  0.004624005053988434  7.787781849003876e-06
435.1  0.004624005200214273  7.787671056060688e-06
435.15000000000003  0.004624005348194145  7.787569788877468e-06
435.20000000000005  0.004624005496743461  7.787477290492e-06
435.25  0.004624005644753347  7.787392518043496e-06
435.3  0.0046240057912554  7.787314203927562e-06
435.35  0.004624005935483871  7.787240952889192e-06
435.40000000000003  0.00462400607692715  7.787171324625099e-06
435.45000000000005  0.0046240062153577914  7.787103947078957e-06
435.5  0.004624006350839009  7.787037605186695e-06
435.55  0.004624006483720494  7.786971324805447e-06
435.6  0.00462400661461098  7.786904454707555e-06
435.65000000000003  0.004624006744329143  7.786836689901959e-06
435.70000000000005  0.0046240068738428565  7.786768108699718e-06
435.75  0.004624007004199222  7.78669915498263e-06
435.8  0.004624007136449761  7.78663060500205e-06
435.85  0.004624007271574186  7.78656350859105e-06
435.90000000000003  0.004624007410397078  7.786499118908447e-06
435.95000000000005  0.004624007553545275  7.78643879068882e-06
436.0  0.0046240077013931765  7.786383883163348e-06
436.05  0.004624007854032282  7.786335660586155e-06
436.1  0.004624008011267698  7.786295212020871e-06
436.15000000000003  0.004624008172632787  7.786263367558584e-06
436.20000000000005  0.004624008337428003  7.786240639806709e-06
436.25  0.0046240085047503515  7.786227198767737e-06
436.3  0.004624008673577789  7.786222851941454e-06
436.35  0.004624008842825822  7.786227058040463e-06
436.40000000000003  0.0046240090114324115  7.78623897093258e-06
436.45000000000005  0.0046240091784227446  7.786257495175918e-06
436.5  0.004624009342990869  7.786281347982366e-06
436.55  0.004624009504530376  7.786309140862126e-06
436.6  0.004624009662688906  7.786339462172478e-06
436.65000000000003  0.004624009817377888  7.786370938531976e-06
436.70000000000005  0.004624009968770782  7.786402329108856e-06
436.75  0.004624010117273501  7.78643256257552e-06
436.8  0.004624010263500903  7.78646079185966e-06
436.85  0.004624010408194686  7.786486413725504e-06
436.90000000000003  0.00462401055218634  7.786509099839232e-06
436.95000000000005  0.004624010696291084  7.786528751489117e-06
437.0  0.00462401084126612  7.78654551913661e-06
437.05  0.004624010987732775  7.786559746573006e-06
437.1  0.004624011136120617  7.786571944824746e-06
437.15000000000003  0.004624011286647417  7.786582729434601e-06
437.20000000000005  0.0046240114392893964  7.786592786100825e-06
437.25  0.0046240115937974165  7.78660280599156e-06
437.3  0.004624011749716441  7.78661345513762e-06
437.35  0.004624011906428826  7.786625319691232e-06
437.40000000000003  0.004624012063213109  7.786638870455473e-06
437.45000000000005  0.0046240122193109395  7.786654442488177e-06
437.5  0.004624012373974631  7.786672206223322e-06
437.55  0.004624012526537685  7.786692172220817e-06
437.6  0.004624012676452185  7.786714197562222e-06
437.65000000000003  0.004624012823338165  7.786737994537681e-06
437.70000000000005  0.004624012966980817  7.786763176112604e-06
437.75  0.004624013107348049  7.78678925439005e-06
437.8  0.004624013244583832  7.7868157148569e-06
437.85  0.004624013378972349  7.786842038645099e-06
437.90000000000003  0.004624013510918716  7.786867753780527e-06
437.95000000000005  0.004624013640906664  7.786892462951004e-06
438.0  0.004624013769455803  7.78691588393805e-06
438.05  0.0046240138970935285  7.786937880584196e-06
438.1  0.00462401402431189  7.786958463211487e-06
438.15000000000003  0.004624014151542455  7.78697779796306e-06
438.20000000000005  0.004624014279137056  7.786996195473897e-06
438.25  0.004624014407358101  7.787014103618157e-06
438.3  0.004624014536372435  7.787032069806924e-06
438.35  0.0046240146662553955  7.787050725142877e-06
438.40000000000003  0.004624014796991695  7.787070727727642e-06
438.45000000000005  0.004624014928498472  7.787092745842297e-06
438.5  0.004624015060639728  7.787117419995758e-06
438.55  0.004624015193232688  7.787145328549586e-06
438.6  0.004624015326068922  7.787176961350894e-06
438.65000000000003  0.0046240154589269715  7.787212707339847e-06
438.70000000000005  0.004624015591596198  7.787252851639735e-06
438.75  0.004624015723878272  7.787297564475818e-06
438.8  0.004624015855602104  7.787346904001122e-06
438.85  0.004624015986634445  7.787400838848935e-06
438.90000000000003  0.004624016116875881  7.787459259174473e-06
438.95000000000005  0.00462401624627851  7.787522000242563e-06
439.0  0.004624016374831161  7.787588863998628e-06
439.05  0.004624016502567219  7.787659650978418e-06
439.1  0.004624016629568697  7.787734160601284e-06
439.15000000000003  0.004624016755940743  7.787812224147687e-06
439.20000000000005  0.004624016881814221  7.787893719634802e-06
439.25  0.004624017007337446  7.787978567279663e-06
439.3  0.004624017132655733  7.788066752742281e-06
439.35  0.004624017257902914  7.788158305350008e-06
439.40000000000003  0.0046240173831880085  7.788253305912765e-06
439.45000000000005  0.0046240175085844005  7.788351865604317e-06
439.5  0.004624017634118657  7.788454117032997e-06
439.55  0.004624017759756318  7.788560197606255e-06
439.6  0.004624017885415081  7.788670239492122e-06
439.65000000000003  0.004624018010944772  7.788784346613016e-06
439.70000000000005  0.004624018136149641  7.788902596292487e-06
439.75  0.00462401826078418  7.78902503568325e-06
439.8  0.004624018384579664  7.789151662777583e-06
439.85  0.004624018507242122  7.789282430850714e-06
439.90000000000003  0.004624018628479307  7.78941726480483e-06
439.95000000000005  0.004624018748020556  7.789556047093225e-06
440.0  0.004624018865628589  7.789698644952633e-06
440.05  0.004624018981118097  7.789844897881561e-06
440.1  0.0046240190943578376  7.789994640286344e-06
440.15000000000003  0.004624019205288261  7.790147703861935e-06
440.20000000000005  0.004624019313896711  7.790303917706216e-06
440.25  0.004624019420220557  7.79046310986154e-06
440.3  0.00462401952431497  7.790625113329142e-06
440.35  0.004624019626237002  7.79078975533599e-06
440.40000000000003  0.004624019726004049  7.790956853110314e-06
440.45000000000005  0.0046240198235626825  7.791126207579662e-06
440.5  0.004624019918752766  7.791297588762457e-06
440.55  0.00462402001126634  7.79147071382947e-06
440.6  0.004624020100616999  7.791645238454782e-06
440.65000000000003  0.004624020186118825  7.79182071989743e-06
440.70000000000005  0.004624020266866501  7.791996597983724e-06
440.75  0.004624020341707245  7.792172167919918e-06
440.8  0.004624020409272762  7.792346541677969e-06
440.85  0.00462402046796127  7.792518622658727e-06
440.90000000000003  0.004624020515966941  7.792687084789142e-06
440.95000000000005  0.004624020551300966  7.792850372714867e-06
441.0  0.004624020571832751  7.793006737200785e-06
441.05  0.004624020575347661  7.793154297333294e-06
441.1  0.004624020559613208  7.793291151709431e-06
441.15000000000003  0.004624020522509129  7.793415520413138e-06
441.20000000000005  0.004624020462158393  7.793525912050908e-06
441.25  0.004624020377100066  7.79362128445588e-06
441.3  0.004624020266468352  7.793701196275983e-06
441.35  0.004624020130156948  7.793765909955829e-06
441.40000000000003  0.00462401996895455  7.793816431564856e-06
441.45000000000005  0.004624019784621951  7.79385450014483e-06
441.5  0.004624019579906814  7.793882488913349e-06
441.55  0.004624019358471029  7.79390325798807e-06
441.6  0.004624019124735338  7.793919962896247e-06
441.65000000000003  0.004624018883653165  7.793935828795338e-06
441.70000000000005  0.004624018640428714  7.793953913288335e-06
441.75  0.004624018400202542  7.793976892998487e-06
441.8  0.004624018167725468  7.794006870411727e-06
441.85  0.004624017947060138  7.794045247240027e-06
441.90000000000003  0.004624017741325176  7.794092638434076e-06
441.95000000000005  0.004624017552510559  7.794148854427847e-06
442.0  0.004624017381373448  7.794212963837143e-06
442.05  0.0046240172274259524  7.794283379039347e-06
442.1  0.00462401708900855  7.794357997209605e-06
442.15000000000003  0.004624016963447322  7.794434393826503e-06
442.20000000000005  0.0046240168472776125  7.794510008626946e-06
442.25  0.004624016736523349  7.794582342934224e-06
442.3  0.004624016626985442  7.794649130449083e-06
442.35  0.004624016514548267  7.794708507304079e-06
442.40000000000003  0.0046240163954496755  7.794759118550292e-06
442.45000000000005  0.004624016266531716  7.794800192676384e-06
442.5  0.004624016125421511  7.794831573869265e-06
442.55  0.004624015970648164  7.79485370540503e-06
442.6  0.0046240158016980955  7.794867563968189e-06
442.65000000000003  0.004624015618987612  7.794874564955874e-06
442.70000000000005  0.004624015423778537  7.794876436278304e-06
442.75  0.004624015218042128  7.794875086386743e-06
442.8  0.004624015004284165  7.79487244916796e-06
442.85  0.004624014785324696  7.79487035853116e-06
442.90000000000003  0.004624014564097272  7.794870415446803e-06
442.95000000000005  0.004624014343438506  7.794873896036529e-06
443.0  0.004624014125897629  7.794881686353752e-06
443.05  0.00462401391358229  7.79489423745107e-06
443.1  0.004624013708052595  7.79491157520893e-06
443.15000000000003  0.004624013510249429  7.794933325545808e-06
443.20000000000005  0.004624013320482321  7.794958764451896e-06
443.25  0.004624013138447034  7.79498690941297e-06
443.3  0.004624012963299297  7.795016612639493e-06
443.35  0.004624012793752935  7.79504666735559e-06
443.40000000000003  0.004624012628202631  7.795075911861821e-06
443.45000000000005  0.004624012464864652  7.795103334892129e-06
443.5  0.004624012301905986  7.79512815809141e-06
443.55  0.004624012137591066  7.795149903887215e-06
443.6  0.004624011970390489  7.795168429392885e-06
443.65000000000003  0.004624011799086488  7.795183952268524e-06
443.70000000000005  0.004624011622840641  7.795197022240591e-06
443.75  0.004624011441239133  7.795208477470485e-06
443.8  0.00462401125429922  7.795219384498912e-06
443.85  0.004624011062443474  7.795230934935948e-06
443.90000000000003  0.00462401086646261  7.795244361691535e-06
443.95000000000005  0.004624010667437232  7.795260828488967e-06
444.0  0.004624010466644813  7.795281349241484e-06
444.05  0.004624010265464138  7.795306698324348e-06
444.1  0.004624010065269801  7.795337357872814e-06
444.15000000000003  0.004624009867334236  7.795373479378125e-06
444.20000000000005  0.004624009672749485  7.795414881434614e-06
444.25  0.004624009482356643  7.79546105880687e-06
444.3  0.004624009296708662  7.795511230582233e-06
444.35  0.004624009116049189  7.79556440415032e-06
444.40000000000003  0.004624008940320312  7.79561943286411e-06
444.45000000000005  0.0046240087691969455  7.795675110117718e-06
444.5  0.004624008602122599  7.795730238277782e-06
444.55  0.004624008438383822  7.795783705709658e-06
444.6  0.004624008277178338  7.795834533812785e-06
444.65000000000003  0.004624008117678004  7.795881924075504e-06
444.70000000000005  0.004624007959105485  7.7959252787132e-06
444.75  0.004624007800791751  7.795964194386292e-06
444.8  0.004624007642217884  7.795998448382843e-06
444.85  0.0046240074830398905  7.79602797333086e-06
444.90000000000003  0.004624007323108751  7.796052810767235e-06
444.95000000000005  0.00462400716245826  7.796073061177625e-06
445.0  0.004624007001293952  7.796088846432342e-06
445.05  0.004624006839956288  7.796100261590979e-06
445.1  0.004624006678890403  7.796107338307375e-06
445.15000000000003  0.004624006518596707  7.796110028934619e-06
445.20000000000005  0.00462400635959543  7.796108194660136e-06
445.25  0.004624006202388496  7.796101609186854e-06
445.3  0.0046240060474192395  7.79608997746968e-06
445.35  0.0046240058950489885  7.796072958358845e-06
445.40000000000003  0.004624005745543051  7.796050193465787e-06
445.45000000000005  0.004624005599056881  7.796021341894585e-06
445.5  0.004624005455633226  7.795986124529001e-06
445.55  0.004624005315214915  7.795944337562534e-06
445.6  0.00462400517765541  7.795895884498821e-06
445.65000000000003  0.004624005042731583  7.795840783134808e-06
445.70000000000005  0.004624004910169137  7.795779164441038e-06
445.75  0.004624004779663773  7.795711268457176e-06
445.8  0.004624004650892146  7.795637421380189e-06
445.85  0.0046240045235396  7.795558008993234e-06
445.90000000000003  0.004624004397309613  7.795473452278537e-06
445.95000000000005  0.004624004271942019  7.795384165567371e-06
446.0  0.004624004147223448  7.795290538878928e-06
446.05  0.004624004022991647  7.795192899490603e-06
446.1  0.004624003899136114  7.795091504876754e-06
446.15000000000003  0.0046240037756037425  7.794986530098859e-06
446.20000000000005  0.004624003652391679  7.79487806612885e-06
446.25  0.004624003529551468  7.794766132328284e-06
446.3  0.0046240034071593555  7.794650688388616e-06
446.35  0.00462400328533175  7.79453165671858e-06
446.40000000000003  0.004624003164196793  7.794408958958529e-06
446.45000000000005  0.0046240030438963  7.794282546305402e-06
446.5  0.004624002924578038  7.794152408606398e-06
446.55  0.004624002806371973  7.794018603430367e-06
446.6  0.0046240026893979505  7.793881268990535e-06
446.65000000000003  0.0046240025737547714  7.793740649070738e-06
446.70000000000005  0.004624002459513414  7.793597065459165e-06
446.75  0.0046240023467240335  7.793450929805563e-06
446.8  0.004624002235402785  7.79330271306764e-06
446.85  0.004624002125542663  7.793152931474364e-06
446.90000000000003  0.004624002017117783  7.793002116931874e-06
446.95000000000005  0.0046240019100809784  7.792850783246929e-06
447.0  0.004624001804371921  7.792699408317089e-06
447.05  0.0046240016999269  7.792548404508556e-06
447.1  0.004624001596675127  7.792398103576257e-06
447.15000000000003  0.004624001494551781  7.792248752902512e-06
447.20000000000005  0.0046240013934998395  7.792100504328077e-06
447.25  0.004624001293464134  7.791953418441854e-06
447.3  0.004624001194413462  7.791807488191552e-06
447.35  0.004624001096314835  7.791662647729112e-06
447.40000000000003  0.004624000999151279  7.791518793901492e-06
447.45000000000005  0.0046240009029087994  7.791375809220756e-06
447.5  0.0046240008075720965  7.791233581261857e-06
447.55  0.004624000713128663  7.79109202480422e-06
447.6  0.004624000619559719  7.790951093579854e-06
447.65000000000003  0.004624000526844611  7.79081078782413e-06
447.70000000000005  0.004624000434960793  7.790671165988444e-06
447.75  0.0046240003438768225  7.790532331513385e-06
447.8  0.004624000253555079  7.790394444186937e-06
447.85  0.00462400016395873  7.790257688510168e-06
447.90000000000003  0.00462400007506656  7.790122273330663e-06
447.95000000000005  0.004623999986857869  7.789988409103555e-06
448.0  0.004623999899320266  7.789856276489558e-06
448.05  0.004623999812446784  7.78972603038735e-06
448.1  0.0046239997262619075  7.789597783719405e-06
448.15000000000003  0.004623999640801591  7.789471584377193e-06
448.20000000000005  0.004623999556110637  7.789347425044528e-06
448.25  0.004623999472255281  7.789225221815662e-06
448.3  0.004623999389316381  7.789104834400238e-06
448.35  0.004623999307381969  7.788986068197746e-06
448.40000000000003  0.004623999226550993  7.788868675952407e-06
448.45000000000005  0.004623999146930839  7.78875237733226e-06
448.5  0.004623999068627923  7.788636861474648e-06
448.55  0.004623998991749473  7.788521804951306e-06
448.6  0.004623998916404287  7.788406887418365e-06
448.65000000000003  0.004623998842695499  7.788291793852926e-06
448.70000000000005  0.004623998770723815  7.788176228325397e-06
448.75  0.0046239987005841044  7.78805991884512e-06
448.8  0.004623998632372505  7.787942629138848e-06
448.85  0.0046239985661833734  7.787824145158851e-06
448.90000000000003  0.004623998502108062  7.787704280849404e-06
448.95000000000005  0.0046239984402494  7.787582870922374e-06
449.0  0.004623998380712377  7.78745976797462e-06
449.05  0.004623998323608137  7.787334838325197e-06
449.1  0.004623998269052874  7.787207951908677e-06
449.15000000000003  0.00462399821716874  7.78707897807413e-06
449.20000000000005  0.004623998168082398  7.786947783559561e-06
449.25  0.0046239981219216904  7.786814240812066e-06
449.3  0.00462399807880919  7.786678221265956e-06
449.35  0.00462399803885771  7.786539599337561e-06
449.40000000000003  0.004623998002168661  7.786398262479747e-06
449.45000000000005  0.004623997968812758  7.786254117320524e-06
449.5  0.00462399793883889  7.786107087616908e-06
449.55  0.004623997912266422  7.785957138807238e-06
449.6  0.0046239978890810565  7.785804257539272e-06
449.65000000000003  0.0046239978692308795  7.785648470510273e-06
449.70000000000005  0.004623997852636615  7.785489835187508e-06
449.75  0.004623997839189039  7.785328440568692e-06
449.8  0.004623997828756703  7.785164389094028e-06
449.85  0.00462399782118468  7.78499780176449e-06
449.90000000000003  0.004623997816317317  7.784828785146618e-06
449.95000000000005  0.004623997813996742  7.784657445273344e-06
450.0  0.0046239978140734175  7.784483860354446e-06
450.05  0.00462399781641766  7.784308079652174e-06
450.1  0.00462399782092442  7.784130124367992e-06
450.15000000000003  0.004623997827515283  7.783949982473864e-06
450.20000000000005  0.004623997836149276  7.78376762043997e-06
450.25  0.004623997846816037  7.783582981463666e-06
450.3  0.004623997859550879  7.783396007556598e-06
450.35  0.004623997874408985  7.783206647543353e-06
450.40000000000003  0.004623997891476432  7.783014878922835e-06
450.45000000000005  0.004623997910850055  7.782820719280471e-06
450.5  0.004623997932638289  7.782624246341103e-06
450.55  0.0046239979569376154  7.782425596307832e-06
450.6  0.004623997983831895  7.78222497938686e-06
450.65000000000003  0.004623998013390842  7.782022674385228e-06
450.70000000000005  0.004623998045646021  7.781819021971507e-06
450.75  0.0046239980805949  7.781614415361635e-06
450.8  0.0046239981182012715  7.781409269917724e-06
450.85  0.004623998158381125  7.781204001250734e-06
450.90000000000003  0.004623998201015671  7.780998987767654e-06
450.95000000000005  0.004623998245937986  7.780794532084138e-06
451.0  0.004623998292928281  7.780590831391761e-06
451.05  0.004623998341718484  7.780387947923494e-06
451.1  0.004623998391982056  7.780185802127732e-06
451.15000000000003  0.004623998443326968  7.77998418609061e-06
451.20000000000005  0.004623998495314962  7.779782800888476e-06
451.25  0.004623998547488444  7.779581322533e-06
451.3  0.004623998599422639  7.779379471468486e-06
451.35  0.004623998650783832  7.779177092718228e-06
451.40000000000003  0.00462399870139909  7.778974212935054e-06
451.45000000000005  0.004623998751318082  7.778771073037897e-06
451.5  0.004623998800870185  7.77856815585885e-06
451.55  0.004623998850685623  7.77836613557456e-06
451.6  0.004623998901689824  7.778165851994148e-06
451.65000000000003  0.00462399895505329  7.777968238353414e-06
451.70000000000005  0.004623999012106838  7.777774252794675e-06
451.75  0.004623999074239181  7.77758482059092e-06
451.8  0.004623999142757291  7.777400778240661e-06
451.85  0.00462399921876229  7.77722286831255e-06
451.90000000000003  0.0046239993030222325  7.777051731404845e-06
451.95000000000005  0.004623999395873835  7.776887922947705e-06
452.0  0.0046239994971704786  7.776731944006354e-06
452.05  0.004623999606261301  7.776584276999371e-06
452.1  0.004623999722023625  7.776445405134841e-06
452.15000000000003  0.004623999842942333  7.776315813605058e-06
452.20000000000005  0.004623999967213613  7.77619599282752e-06
452.25  0.004624000092894763  7.776086389837424e-06
452.3  0.004624000218046079  7.775987366555011e-06
452.35  0.004624000340872712  7.77589912868802e-06
452.40000000000003  0.004624000459857915  7.775821669855164e-06
452.45000000000005  0.0046240005738605525  7.775754720613333e-06
452.5  0.004624000682180869  7.775697717341655e-06
452.55  0.004624000784583519  7.77564977814391e-06
452.6  0.0046240008812840246  7.775609750856104e-06
452.65000000000003  0.004624000972903981  7.775576237585605e-06
452.70000000000005  0.0046240010603881875  7.775547692344134e-06
452.75  0.004624001144916962  7.775522526647997e-06
452.8  0.00462400122780184  7.775499229466209e-06
452.85  0.004624001310392995  7.775476476356811e-06
452.90000000000003  0.004624001393979723  7.775453240013186e-06
452.95000000000005  0.004624001479720117  7.77542887753414e-06
453.0  0.0046240015685838935  7.77540318591799e-06
453.05  0.0046240016613221255  7.775376415733286e-06
453.1  0.004624001758448115  7.775349249457553e-06
453.15000000000003  0.0046240018602366605  7.775322738521093e-06
453.20000000000005  0.004624001966749542  7.775298201733232e-06
453.25  0.004624002077860756  7.775277110928243e-06
453.3  0.004624002193290094  7.775260954648157e-06
453.35  0.004624002312648818  7.77525110657398e-06
453.40000000000003  0.004624002435474811  7.775248686567945e-06
453.45000000000005  0.004624002561269423  7.775254462208218e-06
453.5  0.004624002689534213  7.775268784451154e-06
453.55  0.0046240028198075486  7.775291519629687e-06
453.6  0.0046240029516674865  7.77532207997181e-06
453.65000000000003  0.004624003084754987  7.775359437257152e-06
453.70000000000005  0.0046240032187848615  7.775402204632624e-06
453.75  0.004624003353552659  7.77544872557142e-06
453.8  0.004624003488936141  7.775497207815789e-06
453.85  0.004624003624885902  7.775545819945084e-06
453.90000000000003  0.0046240037614279274  7.775592829794983e-06
453.95000000000005  0.004624003898649726  7.775636698529043e-06
454.0  0.004624004036690445  7.775676182539503e-06
454.05  0.004624004175730445  7.77571038865314e-06
454.1  0.0046240043159806316  7.775738810282125e-06
454.15000000000003  0.0046240044576751575  7.775761321107792e-06
454.20000000000005  0.004624004601050504  7.77577816486921e-06
454.25  0.00462400474634252  7.775789881889353e-06
454.3  0.004624004893764612  7.7757972418452e-06
454.35  0.004624005043502192  7.7758011708899e-06
454.40000000000003  0.004624005195689399  7.775802652941471e-06
454.45000000000005  0.0046240053504072835  7.775802647646983e-06
454.5  0.004624005507667027  7.775802013073855e-06
454.55  0.004624005667400708  7.775801456708246e-06
454.6  0.004624005829464581  7.77580147513589e-06
454.65000000000003  0.004624005993623899  7.775802370296367e-06
454.70000000000005  0.0046240061595795405  7.775804219636169e-06
454.75  0.004624006326958233  7.775806912652763e-06
454.8  0.00462400649534036  7.7758101931674e-06
454.85  0.0046240066642699255  7.77581371158397e-06
454.90000000000003  0.004624006833280465  7.775817080143089e-06
454.95000000000005  0.004624007001925676  7.775819907305314e-06
455.0  0.004624007169766913  7.775821897893891e-06
455.05  0.004624007336430705  7.775822871503864e-06
455.1  0.0046240075016019035  7.775822787275774e-06
455.15000000000003  0.004624007665034919  7.77582177666328e-06
455.20000000000005  0.004624007826557056  7.775820140568593e-06
455.25  0.004624007986067276  7.775818342539643e-06
455.3  0.0046240081435300635  7.775816986192742e-06
455.35  0.004624008298957169  7.775816770159925e-06
455.40000000000003  0.004624008452399498  7.775818456720977e-06
455.45000000000005  0.004624008603929022  7.77582283046996e-06
455.5  0.00462400875362093  7.775830647349366e-06
455.55  0.004624008901535998  7.775842598499829e-06
455.6  0.0046240090477059756  7.775859286482422e-06
455.65000000000003  0.004624009192120441  7.775881195640932e-06
455.70000000000005  0.004624009334727735  7.775908694650624e-06
455.75  0.004624009475433103  7.775942025000716e-06
455.8  0.004624009614094392  7.775981316241875e-06
455.85  0.004624009750540871  7.776026599209678e-06
455.90000000000003  0.004624009884573155  7.776077836606595e-06
455.95000000000005  0.004624010015984398  7.776134938446023e-06
456.0  0.004624010144561665  7.776197790672603e-06
456.05  0.0046240102701033785  7.776266275108935e-06
456.1  0.004624010392448587  7.77634029362117e-06
456.15000000000003  0.004624010511463829  7.776419778536345e-06
456.20000000000005  0.004624010627066225  7.7765047062993e-06
456.25  0.0046240107392268625  7.776595085203206e-06
456.3  0.004624010847969182  7.776690953911033e-06
456.35  0.004624010953373454  7.776792371286289e-06
456.40000000000003  0.00462401105557639  7.776899409057625e-06
456.45000000000005  0.004624011154760504  7.777012134568836e-06
456.5  0.004624011251146549  7.77713059550185e-06
456.55  0.004624011344990657  7.777254809364364e-06
456.6  0.004624011436575504  7.777384755721636e-06
456.65000000000003  0.004624011526193226  7.77752037463747e-06
456.70000000000005  0.00462401161414642  7.7776615605483e-06
456.75  0.00462401170072883  7.777808159716545e-06
456.8  0.004624011786218856  7.777959989445998e-06
456.85  0.004624011870871083  7.778116827616478e-06
456.90000000000003  0.0046240119549025935  7.778278434874877e-06
456.95000000000005  0.00462401203848908  7.778444555054334e-06
457.0  0.004624012121752367  7.778614921793719e-06
457.05  0.0046240122047585975  7.778789258203165e-06
457.1  0.004624012287504387  7.778967277926043e-06
457.15000000000003  0.004624012369914485  7.77914869811243e-06
457.20000000000005  0.004624012451843506  7.779333213083888e-06
457.25  0.0046240125330579175  7.779520502754519e-06
457.3  0.004624012613246801  7.779710216608178e-06
457.35  0.004624012692005247  7.779901969371823e-06
457.40000000000003  0.004624012768827447  7.780095326325413e-06
457.45000000000005  0.004624012843104633  7.78028980271244e-06
457.5  0.004624012914109469  7.78048485695353e-06
457.55  0.004624012981003466  7.780679873915744e-06
457.6  0.004624013042813272  7.780874175013528e-06
457.65000000000003  0.004624013098435682  7.78106699402353e-06
457.70000000000005  0.004624013146637849  7.781257486976872e-06
457.75  0.004624013186057583  7.781444717970622e-06
457.8  0.0046240132152262775  7.781627654888725e-06
457.85  0.004624013232582239  7.781805176776218e-06
457.90000000000003  0.004624013236509189  7.78197607635218e-06
457.95000000000005  0.004624013225371705  7.782139079536924e-06
458.0  0.004624013197579383  7.782292893456202e-06
458.05  0.0046240131516569844  7.782436249945864e-06
458.1  0.004624013086337333  7.782568000352345e-06
458.15000000000003  0.004624013000651241  7.782687193434704e-06
458.20000000000005  0.004624012894044957  7.782793172060527e-06
458.25  0.004624012766494483  7.78288566066326e-06
458.3  0.004624012618593838  7.78296481710117e-06
458.35  0.004624012451634381  7.783031271325776e-06
458.40000000000003  0.004624012267633535  7.783086124414315e-06
458.45000000000005  0.004624012069325318  7.783130887227133e-06
458.5  0.004624011860089875  7.783167401304918e-06
458.55  0.004624011643826464  7.783197712452172e-06
458.6  0.00462401142476111  7.78322394504749e-06
458.65000000000003  0.004624011207251084  7.783248148389617e-06
458.70000000000005  0.004624010995526409  7.783272141823802e-06
458.75  0.004624010793451606  7.783297412753135e-06
458.8  0.004624010604290312  7.783325008321003e-06
458.85  0.004624010430505672  7.783355482596338e-06
458.90000000000003  0.004624010273615653  7.783388878652331e-06
458.95000000000005  0.004624010134103337  7.783424744562733e-06
459.0  0.004624010011396564  7.783462214162318e-06
459.05  0.004624009903930238  7.783500070407258e-06
459.1  0.004624009809256853  7.783536882567026e-06
459.15000000000003  0.004624009724232713  7.783571115424887e-06
459.20000000000005  0.004624009645227644  7.783601255669139e-06
459.25  0.004624009568380032  7.7836259309067e-06
459.3  0.0046240094898429545  7.783644000116035e-06
459.35  0.004624009406034126  7.783654638753997e-06
459.40000000000003  0.0046240093138493615  7.783657382718012e-06
459.45000000000005  0.00462400921083847  7.78365215177863e-06
459.5  0.004624009095336947  7.783639233056009e-06
459.55  0.004624008966528822  7.783619252743896e-06
459.6  0.004624008824441558  7.783593115156029e-06
459.65000000000003  0.004624008669910853  7.783561953989926e-06
459.70000000000005  0.004624008504463804  7.783527016290395e-06
459.75  0.004624008330169911  7.78348961880175e-06
459.8  0.0046240081494853535  7.78345103860727e-06
459.85  0.0046240079650392675  7.783412457465846e-06
459.90000000000003  0.004624007779459849  7.783374902986683e-06
459.95000000000005  0.0046240075951706865  7.783339190999176e-06
460.0  0.0046240074142540315  7.783305933036493e-06
460.05  0.004624007238306051  7.783275504204831e-06
460.1  0.004624007068355971  7.783248066851115e-06
460.15000000000003  0.004624006904830457  7.783223588208376e-06
460.20000000000005  0.0046240067475453546  7.783201879842358e-06
460.25  0.004624006595749068  7.783182639161695e-06
460.3  0.004624006448216298  7.783165510550882e-06
460.35  0.00462400630334601  7.783150130118488e-06
460.40000000000003  0.004624006159296543  7.783136174414604e-06
460.45000000000005  0.004624006014136804  7.783123402987352e-06
460.5  0.004624005865977779  7.783111680737552e-06
460.55  0.004624005713119179  7.78310100277599e-06
460.6  0.004624005554152207  7.783091491504988e-06
460.65000000000003  0.004624005388069365  7.783083398433531e-06
460.70000000000005  0.0046240052142971135  7.783077067947047e-06
460.75  0.004624005032723543  7.783072913464196e-06
460.8  0.004624004843695828  7.78307136572483e-06
460.85  0.004624004647961196  7.783072842498934e-06
460.90000000000003  0.004624004446600968  7.78307770935823e-06
460.95000000000005  0.004624004240938119  7.783086235906067e-06
461.0  0.00462400403243391  7.78309856888395e-06
461.05  0.004624003822579216  7.783114706149718e-06
461.1  0.0046240036127953524  7.783134512709082e-06
461.15000000000003  0.004624003404344042  7.783157686964153e-06
461.20000000000005  0.004624003198263612  7.783183798713848e-06
461.25  0.004624002995316765  7.783212294955032e-06
461.3  0.004624002795970135  7.783242528977778e-06
461.35  0.004624002600401319  7.783273790071752e-06
461.40000000000003  0.0046240024085232746  7.783305326892218e-06
461.45000000000005  0.004624002220015987  7.7833363685285e-06
461.5  0.0046240020343987845  7.783366161461355e-06
461.55  0.004624001851077228  7.783393980087676e-06
461.6  0.004624001669432328  7.783419133562999e-06
461.65000000000003  0.004624001488837488  7.783440988987274e-06
461.70000000000005  0.004624001308761547  7.783458968810638e-06
461.75  0.004624001128780036  7.783472549845923e-06
461.8  0.004624000948616167  7.783481267537517e-06
461.85  0.004624000768155275  7.783484710686166e-06
461.90000000000003  0.0046240005874494585  7.78348252907972e-06
461.95000000000005  0.0046240004067165715  7.783474412137165e-06
462.0  0.004624000226300031  7.783460108500221e-06
462.05  0.0046240000466728805  7.783439405794616e-06
462.1  0.004623999868381316  7.783412139419687e-06
462.15000000000003  0.004623999692024965  7.783378181802253e-06
462.20000000000005  0.004623999518217182  7.783337449604147e-06
462.25  0.00462399934756247  7.783289899344844e-06
462.3  0.004623999180611134  7.783235506346293e-06
462.35  0.0046239990178504956  7.783174270138444e-06
462.40000000000003  0.004623998859680468  7.783106211151936e-06
462.45000000000005  0.004623998706403291  7.783031355705e-06
462.5  0.004623998558223685  7.78294972688573e-06
462.55  0.004623998415250769  7.782861344063929e-06
462.6  0.004623998277504732  7.782766223352512e-06
462.65000000000003  0.004623998144926227  7.782664356364038e-06
462.70000000000005  0.004623998017399487  7.782555720289272e-06
462.75  0.0046239978947645345  7.782440271342229e-06
462.8  0.004623997776842553  7.78231794801521e-06
462.85  0.004623997663449191  7.782188682296959e-06
462.90000000000003  0.004623997554411849  7.782052402838966e-06
462.95000000000005  0.004623997449584303  7.781909048280165e-06
463.0  0.004623997348860579  7.781758565152367e-06
463.05  0.004623997252172848  7.781600937488722e-06
463.1  0.004623997159489857  7.781436171409367e-06
463.15000000000003  0.004623997070828995  7.78126432157651e-06
463.20000000000005  0.004623996986231201  7.781085492907293e-06
463.25  0.00462399690576564  7.780899825243654e-06
463.3  0.004623996829498805  7.78070750418993e-06
463.35  0.004623996757498949  7.780508750341471e-06
463.40000000000003  0.004623996689822232  7.780303819434934e-06
463.45000000000005  0.00462399662648983  7.78009298744927e-06
463.5  0.004623996567495751  7.779876532586239e-06
463.55  0.004623996512796789  7.779654741518185e-06
463.6  0.004623996462298454  7.779427895807243e-06
463.65000000000003  0.0046239964158774184  7.77919626938802e-06
463.70000000000005  0.00462399637335997  7.778960125280705e-06
463.75  0.004623996334539193  7.778719706198928e-06
463.8  0.0046239962991861325  7.778475250715852e-06
463.85  0.004623996267047164  7.778226984173423e-06
463.90000000000003  0.004623996237863446  7.777975124076426e-06
463.95000000000005  0.004623996211368223  7.777719879851907e-06
464.0  0.0046239961873059555  7.777461462082632e-06
464.05  0.004623996165415678  7.777200087076787e-06
464.1  0.004623996145451019  7.776935971896543e-06
464.15000000000003  0.004623996127160476  7.776669343249216e-06
464.20000000000005  0.004623996110292301  7.776400421691996e-06
464.25  0.004623996094576119  7.776129428125213e-06
464.3  0.004623996079727298  7.775856598203257e-06
464.35  0.004623996065441397  7.775582167608684e-06
464.40000000000003  0.004623996051378962  7.775306393015957e-06
464.45000000000005  0.004623996037196855  7.775029536358129e-06
464.5  0.004623996022541092  7.774751883923665e-06
464.55  0.004623996007080935  7.774473730205514e-06
464.6  0.004623995990520619  7.774195388612567e-06
464.65000000000003  0.004623995972624981  7.773917174450788e-06
464.70000000000005  0.0046239959532397845  7.773639408965149e-06
464.75  0.004623995932306987  7.773362399034989e-06
464.8  0.0046239959098786  7.773086423219643e-06
464.85  0.004623995886113705  7.772811702141192e-06
464.90000000000003  0.004623995861276742  7.772538393076462e-06
464.95000000000005  0.004623995835710357  7.772266571780401e-06
465.0  0.004623995809815675  7.771996217352212e-06
465.05  0.004623995784032848  7.771727206414554e-06
465.1  0.004623995758802509  7.771459316486318e-06
465.15000000000003  0.004623995734524929  7.77119222705426e-06
465.20000000000005  0.0046239957115359704  7.770925545001636e-06
465.25  0.004623995690093316  7.770658808038713e-06
465.3  0.004623995670356519  7.77039151793349e-06
465.35  0.004623995652382762  7.770123165762623e-06
465.40000000000003  0.004623995636136502  7.76985325475794e-06
465.45000000000005  0.004623995621498369  7.769581314329238e-06
465.5  0.004623995608296169  7.769306930246828e-06
465.55  0.00462399559633225  7.769029735531293e-06
465.6  0.004623995585408025  7.7687494352522e-06
465.65000000000003  0.004623995575368932  7.768465790206599e-06
465.70000000000005  0.004623995566129791  7.76817862190291e-06
465.75  0.004623995557695224  7.767887781224003e-06
465.8  0.0046239955501766765  7.767593146508071e-06
465.85  0.004623995543793659  7.767294621067818e-06
465.90000000000003  0.0046239955388753615  7.76699209223489e-06
465.95000000000005  0.004623995535836485  7.766685427777168e-06
466.0  0.0046239955351718015  7.766374477705808e-06
466.05  0.004623995537413179  7.76605906524805e-06
466.1  0.004623995543104545  7.76573897231932e-06
466.15000000000003  0.004623995552772475  7.76541396673265e-06
466.20000000000005  0.004623995566895554  7.765083793381645e-06
466.25  0.004623995585884054  7.764748190846848e-06
466.3  0.004623995610056813  7.764406893086607e-06
466.35  0.004623995639628443  7.764059639604343e-06
466.40000000000003  0.004623995674717284  7.763706184554608e-06
466.45000000000005  0.004623995715345902  7.763346300805828e-06
466.5  0.004623995761451979  7.762979776071433e-06
466.55  0.004623995812924003  7.762606398822511e-06
466.6  0.004623995869616591  7.76222597195521e-06
466.65000000000003  0.00462399593138608  7.76183829058544e-06
466.70000000000005  0.004623995998123055  7.761443132902706e-06
466.75  0.004623996069769961  7.761040251443298e-06
466.8  0.0046239961463615045  7.760629366705385e-06
466.85  0.004623996228017876  7.76021015940814e-06
466.90000000000003  0.004623996314977954  7.759782274602756e-06
466.95000000000005  0.00462399640758376  7.759345311880676e-06
467.0  0.0046239965062645026  7.758898857323228e-06
467.05  0.004623996611532774  7.75844247900246e-06
467.1  0.004623996723950763  7.757975751367841e-06
467.15000000000003  0.004623996844104117  7.757498270915205e-06
467.20000000000005  0.004623996972566236  7.75700967559854e-06
467.25  0.004623997109875783  7.756509663502464e-06
467.3  0.004623997256502277  7.755998007962268e-06
467.35  0.00462399741281681  7.755474555724877e-06
467.40000000000003  0.004623997579080798  7.75493924292905e-06
467.45000000000005  0.004623997755436696  7.754392085110758e-06
467.5  0.004623997941900488  7.753833146282045e-06
467.55  0.0046239981383576  7.753262524205877e-06
467.6  0.0046239983445771  7.75268032481475e-06
467.65000000000003  0.004623998560223393  7.752086610947734e-06
467.70000000000005  0.004623998784854271  7.751481370229832e-06
467.75  0.004623999017948406  7.750864491846165e-06
467.8  0.004623999258904981  7.750235757740038e-06
467.85  0.004623999507101366  7.749594824645683e-06
467.90000000000003  0.004623999761907393  7.748941269067639e-06
467.95000000000005  0.004624000022749968  7.74827460345918e-06
468.0  0.004624000289152581  7.74759434792369e-06
468.05  0.004624000560822907  7.74690004782331e-06
468.1  0.004624000837714153  7.746191342170668e-06
468.15000000000003  0.004624001120084946  7.745467969276748e-06
468.20000000000005  0.004624001408528475  7.74472977074938e-06
468.25  0.004624001703971184  7.743976671906e-06
468.3  0.004624002007654543  7.743208644867116e-06
468.35  0.0046240023210584996  7.742425663151523e-06
468.40000000000003  0.004624002645790926  7.741627661169108e-06
468.45000000000005  0.004624002983499726  7.740814494036734e-06
468.5  0.004624003335718869  7.739985917701475e-06
468.55  0.004624003703731344  7.739141605150716e-06
468.6  0.004624004088471706  7.738281161465017e-06
468.65000000000003  0.004624004490434578  7.737404174205833e-06
468.70000000000005  0.004624004909631604  7.736510264924386e-06
468.75  0.004624005345584132  7.735599143928025e-06
468.8  0.004624005797369638  7.734670646701226e-06
468.85  0.004624006263697425  7.73372476184912e-06
468.90000000000003  0.004624006743026073  7.732761620447742e-06
468.95000000000005  0.004624007233676609  7.731781460153561e-06
469.0  0.004624007733996974  7.73078456939341e-06
469.05  0.004624008242487032  7.729771192175336e-06
469.1  0.004624008757914591  7.728741436032456e-06
469.15000000000003  0.004624009279413031  7.727695168179827e-06
469.20000000000005  0.004624009806539273  7.72663193434411e-06
469.25  0.004624010339285415  7.72555089259786e-06
469.3  0.004624010878067591  7.724450770952819e-06
469.35  0.004624011423663256  7.723329881810572e-06
469.40000000000003  0.004624011977143979  7.722186167763705e-06
469.45000000000005  0.004624012539769951  7.72101729020939e-06
469.5  0.004624013112879447  7.719820743102115e-06
469.55  0.0046240136977915205  7.718594000552555e-06
469.6  0.004624014295702953  7.717334665749236e-06
469.65000000000003  0.0046240149076178065  7.716040620713944e-06
469.70000000000005  0.004624015534293121  7.714710167410761e-06
469.75  0.004624016176198981  7.71334212538496e-06
469.8  0.0046240168335130154  7.711935911502203e-06
469.85  0.00462401750612562  7.71049156662196e-06
469.90000000000003  0.004624018193670137  7.709009742889338e-06
469.95000000000005  0.004624018895551892  7.707491660650109e-06
470.0  0.004624019610983908  7.705939002610214e-06
470.05  0.004624020339029158  7.704353808519096e-06
470.1  0.004624021078609786  7.702738354750718e-06
470.15000000000003  0.0046240218285433805  7.701095028561507e-06
470.20000000000005  0.004624022587547606  7.699426183566369e-06
470.25  0.0046240233542377464  7.697734042154576e-06
470.3  0.004624024127104601  7.696020613324987e-06
470.35  0.004624024904532191  7.694287632449208e-06
470.40000000000003  0.0046240256847559814  7.69253650954552e-06
470.45000000000005  0.0046240264658751465  7.690768335955552e-06
470.5  0.004624027245848735  7.688983877553647e-06
470.55  0.004624028022505814  7.687183611973593e-06
470.6  0.004624028793578795  7.685367747675802e-06
470.65000000000003  0.004624029556753229  7.68353623204729e-06
470.70000000000005  0.004624030309721245  7.681688774727464e-06
470.75  0.004624031050261964  7.679824827865918e-06
470.8  0.004624031776318658  7.677943552423415e-06
470.85  0.004624032486084178  7.676043757345973e-06
470.90000000000003  0.004624033178068204  7.674123798944615e-06
470.95000000000005  0.004624033851151045  7.672181503790808e-06
471.0  0.004624034504590606  7.670214050757743e-06
471.05  0.004624035137981068  7.66821788595983e-06
471.1  0.004624035751134813  7.666188687768412e-06
471.15000000000003  0.004624036343862507  7.664121412807276e-06
471.20000000000005  0.004624036915679344  7.662010427087181e-06
471.25  0.004624037465453673  7.659849723149357e-06
471.3  0.00462403799105921  7.657633216529617e-06
471.35  0.0046240384891487255  7.655355056089273e-06
471.40000000000003  0.004624038955137813  7.65300995716768e-06
471.45000000000005  0.0046240393834939535  7.650593549458337e-06
471.5  0.004624039768307612  7.648102723195212e-06
471.55  0.004624040104121157  7.645535974576342e-06
471.6  0.004624040386905268  7.642893703048129e-06
471.65000000000003  0.004624040615070478  7.640178439154196e-06
471.70000000000005  0.004624040790382568  7.637394967648832e-06
471.75  0.0046240409186345715  7.634550335619436e-06
471.8  0.004624041009978699  7.631653700476633e-06
471.85  0.004624041078809168  7.6287160712815096e-06
471.90000000000003  0.0046240411431727035  7.62574987840469e-06
471.95000000000005  0.0046240412236834  7.622768479968184e-06
472.0  0.00462404134209135  7.619785578206645e-06
472.05  0.0046240415195464655  7.616814637087011e-06
472.1  0.004624041774782846  7.613868326978478e-06
472.15000000000003  0.004624042122372528  7.610958071975668e-06
472.20000000000005  0.004624042571245716  7.608093710326973e-06
472.25  0.004624043123647361  7.6052833034726875e-06
472.3  0.004624043774612801  7.602533123633616e-06
472.35  0.004624044512044717  7.599847759218939e-06
472.40000000000003  0.004624045317384858  7.597230386234793e-06
472.45000000000005  0.004624046166830634  7.5946831037253005e-06
472.5  0.004624047032991606  7.592207349070301e-06
472.55  0.004624047886812789  7.58980433219389e-06
472.6  0.004624048699607659  7.587475456778791e-06
472.65000000000003  0.004624049445033298  7.5852226945010685e-06
472.70000000000005  0.004624050100812576  7.583048957589781e-06
472.75  0.004624050650092935  7.580958335475227e-06
472.8  0.004624051082298538  7.578956318364539e-06
472.85  0.004624051393465149  7.577049976509654e-06
472.90000000000003  0.004624051585997904  7.575248059088934e-06
472.95000000000005  0.004624051667968327  7.573561108013689e-06
473.0  0.00462405165197097  7.572001509728862e-06
473.05  0.004624051553723155  7.570583512032482e-06
473.1  0.004624051390500642  7.5693231807213726e-06
473.15000000000003  0.004624051179647579  7.568238292467612e-06
473.20000000000005  0.004624050937261541  7.567348016706081e-06
473.25  0.004624050677251948  7.566672409787472e-06
473.3  0.004624050410894679  7.566231532288674e-06
473.35  0.004624050146953747  7.566044156095231e-06
473.40000000000003  0.0046240498924469044  7.56612595058677e-06
473.45000000000005  0.004624049654043103  7.566487050510494e-06
473.5  0.004624049439995557  7.56712921561122e-06
473.55  0.0046240492623613825  7.568042660002637e-06
473.6  0.0046240491393549224  7.5692031375652e-06
473.65000000000003  0.004624049097316257  7.570569918550155e-06
473.70000000000005  0.004624049171954991  7.572085416637733e-06
473.75  0.004624049408422172  7.57367718954685e-06
473.8  0.004624049859831462  7.575262541696323e-06
473.85  0.004624050584017301  7.5767554092026115e-06
473.90000000000003  0.004624051638550485  7.578074530038824e-06
473.95000000000005  0.004624053074209311  7.579151518773122e-06
474.0  0.004624054927529159  7.579937576974403e-06
474.05  0.0046240572132216304  7.580407856857586e-06
474.1  0.004624059917595379  7.580563110988762e-06
474.15000000000003  0.004624062994015202  7.5804288135280095e-06
474.20000000000005  0.004624066361387649  7.580052168566781e-06
474.25  0.00462406990621075  7.579497699202414e-06
474.3  0.004624073488351647  7.5788419692051915e-06
474.35  0.004624076950078387  7.578167952504658e-06
474.40000000000003  0.004624080127610493  7.577559517091486e-06
474.45000000000005  0.0046240828639325755  7.577096212937765e-06
474.5  0.004624085021642578  7.576848661607964e-06
474.55  0.004624086494440106  7.576874633292283e-06
474.6  0.004624087216146264  7.577215997741787e-06
474.65000000000003  0.004624087166310021  7.577896650516831e-06
474.70000000000005  0.0046240863719398066  7.578921507936245e-06
474.75  0.00462408490522432  7.5802766516917025e-06
474.8  0.004624082877493833  7.581930634809059e-06
474.85  0.004624080430157924  7.583836928101229e-06
474.90000000000003  0.004624077723394867  7.58593738344994e-06
474.95000000000005  0.004624074923739479  7.588166473233791e-06
475.0  0.004624072191643749  7.590456079581627e-06
475.05  0.00462406967006911  7.592740457777458e-06
475.1  0.004624067474984794  7.594960991703789e-06
475.15000000000003  0.0046240656884955576  7.5970704032353015e-06
475.20000000000005  0.004624064354973156  7.599036008342145e-06
475.25  0.004624063480339667  7.600841836930155e-06
475.3  0.004624063034350145  7.602489370550097e-06
475.35  0.004624062955514556  7.603996898580024e-06
475.40000000000003  0.0046240631580473585  7.605397499888026e-06
475.45000000000005  0.0046240635401999415  7.606735886935591e-06
475.5  0.00462406399319917  7.6080643326172836e-06
475.55  0.004624064410025802  7.609438074833187e-06
475.6  0.004624064693412262  7.610910535034154e-06
475.65000000000003  0.00462406476246697  7.612528812277924e-06
475.70000000000005  0.00462406455754932  7.6143297120353665e-06
475.75  0.004624064043124048  7.616336754793371e-06
475.8  0.004624063208628266  7.6185582618999e-06
475.85  0.004624062067352781  7.620986741534092e-06
475.90000000000003  0.0046240606536411075  7.623599516242597e-06
475.95000000000005  0.004624059018783305  7.626360547328644e-06
476.0  0.0046240572259854925  7.629223253992153e-06
476.05  0.00462405534488344  7.632134106918798e-06
476.1  0.004624053446070007  7.635036648316576e-06
476.15000000000003  0.004624051596021929  7.637875628096357e-06
476.20000000000005  0.004624049852774056  7.640600925632286e-06
476.25  0.004624048262613068  7.643170967146854e-06
476.3  0.004624046857915988  7.645555397751956e-06
476.35  0.004624045656204525  7.647736805503216e-06
476.40000000000003  0.004624044660365487  7.649711446683708e-06
476.45000000000005  0.0046240438599148585  7.65148892417085e-06
476.5  0.0046240432330982  7.653090892353302e-06
476.55  0.0046240427496032285  7.654548958141858e-06
476.6  0.004624042373622119  7.655901926464089e-06
476.65000000000003  0.004624042066991546  7.65719266765825e-06
476.70000000000005  0.004624041792168231  7.658464815285518e-06
476.75  0.004624041514853289  7.659759614422548e-06
476.8  0.004624041206099366  7.661113045937635e-06
476.85  0.004624040843765246  7.662553563413772e-06
476.90000000000003  0.004624040413336944  7.664100411015174e-06
476.95000000000005  0.004624039908077361  7.665762785411515e-06
477.0  0.0046240393285723064  7.667539725905353e-06
477.05  0.0046240386817934295  7.669420764120078e-06
477.1  0.004624037979777378  7.671387256143448e-06
477.15000000000003  0.004624037238076185  7.673414197025401e-06
477.20000000000005  0.004624036474124871  7.67547243472687e-06
477.25  0.004624035705646462  7.67753101029925e-06
477.3  0.004624034949246687  7.679559539329132e-06
477.35  0.004624034219221442  7.681530360059048e-06
477.40000000000003  0.004624033526730093  7.683420400318113e-06
477.45000000000005  0.004624032879274972  7.685212548175636e-06
477.5  0.004624032280548877  7.686896522911883e-06
477.55  0.004624031730590071  7.68846917806684e-06
477.6  0.004624031226207155  7.689934282746542e-06
477.65000000000003  0.0046240307616090826  7.691301779938971e-06
477.70000000000005  0.004624030329153327  7.692586649765496e-06
477.75  0.0046240299201659755  7.693807488564154e-06
477.8  0.00462402952572805  7.694984901101086e-06
477.85  0.004624029137375075  7.696139833785404e-06
477.90000000000003  0.004624028747688027  7.697292064407198e-06
477.95000000000005  0.004624028350738633  7.698458786209494e-06
478.0  0.004624027942314231  7.699653533145954e-06
478.05  0.004624027520007665  7.700885459825105e-06
478.1  0.004624027083131882  7.702158956154881e-06
478.15000000000003  0.004624026632524361  7.703473678273487e-06
478.20000000000005  0.0046240261702261524  7.704824906876447e-06
478.25  0.004624025699122572  7.706204209195073e-06
478.3  0.004624025222563661  7.7076003477217e-06
478.35  0.00462402474398586  7.709000308566097e-06
478.40000000000003  0.004624024266605338  7.710390405747123e-06
478.45000000000005  0.004624023793128471  7.71175734038888e-06
478.5  0.004624023325624765  7.713089184618189e-06
478.55  0.004624022865407052  7.714376157015762e-06
478.6  0.004624022413020703  7.715611205170775e-06
478.65000000000003  0.00462402196834058  7.716790338980583e-06
478.70000000000005  0.004624021530669117  7.71791270544856e-06
478.75  0.00462402109891992  7.718980419114196e-06
478.8  0.004624020671767334  7.719998194041142e-06
478.85  0.00462402024786359  7.720972809085628e-06
478.90000000000003  0.004624019825956256  7.721912447943231e-06
478.95000000000005  0.004624019405047502  7.722825996614949e-06
479.0  0.004624018984456165  7.723722323934393e-06
479.05  0.004624018563878132  7.724609634224845e-06
479.1  0.00462401814336622  7.725494917422948e-06
479.15000000000003  0.004624017723305479  7.726383520226594e-06
479.20000000000005  0.0046240173043357235  7.727278880263477e-06
479.25  0.004624016887265176  7.728182437634323e-06
479.3  0.004624016472962471  7.729093685909286e-06
479.35  0.004624016062274986  7.730010372130901e-06
479.40000000000003  0.0046240156559397075  7.730928821963683e-06
479.45000000000005  0.004624015254520999  7.731844335462132e-06
479.5  0.004624014858381889  7.732751628521287e-06
479.55  0.004624014467656723  7.733645306780617e-06
479.6  0.00462401408227688  7.734520281536794e-06
479.65000000000003  0.004624013702000442  7.735372154588057e-06
479.70000000000005  0.004624013326467202  7.736197504172619e-06
479.75  0.004624012955253861  7.736994095358004e-06
479.8  0.004624012587947535  7.737760956299177e-06
479.85  0.004624012224196395  7.738498378533674e-06
479.90000000000003  0.00462401186376284  7.739207804807802e-06
479.95000000000005  0.00462401150656445  7.739891639222898e-06
480.0  0.004624011152678602  7.740553014816187e-06
480.05  0.0046240108023500705  7.74119549905843e-06
480.1  0.004624010455975614  7.74182282486019e-06
480.15000000000003  0.004624010114069231  7.742438601209369e-06
480.20000000000005  0.004624009777204417  7.743046059510908e-06
480.25  0.004624009445990656  7.743647869911145e-06
480.3  0.004624009120997328  7.744245996960441e-06
480.35  0.004624008802722614  7.744841626407027e-06
480.40000000000003  0.004624008491546622  7.745435161977761e-06
480.45000000000005  0.004624008187701021  7.746026286319518e-06
480.5  0.004624007891261083  7.746614050668313e-06
480.55  0.004624007602139068  7.747197038280718e-06
480.6  0.004624007320090979  7.747773520732766e-06
480.65000000000003  0.004624007044739607  7.748341640992588e-06
480.70000000000005  0.004624006775606954  7.748899586221888e-06
480.75  0.004624006512151217  7.749445738923937e-06
480.8  0.004624006253808469  7.749978798351594e-06
480.85  0.004624006000025414  7.750497871589979e-06
480.90000000000003  0.004624005750294561  7.751002525825272e-06
480.95000000000005  0.004624005504186865  7.751492776768415e-06
481.0  0.00462400526138275  7.751969072363719e-06
481.05  0.004624005021654101  7.752432217254638e-06
481.1  0.004624004784908618  7.752883296329872e-06
481.15000000000003  0.004624004551146451  7.753323556913618e-06
481.20000000000005  0.004624004320477273  7.753754304805405e-06
481.25  0.004624004093079519  7.754176807794702e-06
481.3  0.004624003869187957  7.754592194672585e-06
481.35  0.004624003649070696  7.755001386617029e-06
481.40000000000003  0.0046240034330032025  7.755405047035486e-06
481.45000000000005  0.0046240032212472235  7.755803555073028e-06
481.5  0.0046240030140385965  7.75619700587762e-06
481.55  0.004624002811565305  7.756585230874703e-06
481.6  0.004624002613970888  7.756967848739502e-06
481.65000000000003  0.004624002421340851  7.757344304291236e-06
481.70000000000005  0.00462400223371116  7.757713954140915e-06
481.75  0.004624002051065595  7.758076115450427e-06
481.8  0.0046240018733534165  7.758430141099167e-06
481.85  0.004624001700491282  7.758775460346553e-06
481.90000000000003  0.004624001532376863  7.75911162762666e-06
481.95000000000005  0.004624001368890177  7.759438338265123e-06
482.0  0.004624001209916707  7.759755454546818e-06
482.05  0.00462400105533204  7.76006299248616e-06
482.1  0.004624000905030794  7.760361099372024e-06
482.15000000000003  0.004624000758902279  7.760650024048746e-06
482.20000000000005  0.00462400061684792  7.760930095004223e-06
482.25  0.0046240004787707805  7.761201658242924e-06
482.3  0.004624000344583327  7.76146506959543e-06
482.35  0.004624000214204432  7.761720633129624e-06
482.40000000000003  0.004624000087553879  7.761968584403721e-06
482.45000000000005  0.004623999964550764  7.762209080522831e-06
482.5  0.004623999845118831  7.762442193938756e-06
482.55  0.004623999729190516  7.762667901378258e-06
482.6  0.004623999616693646  7.762886111648763e-06
482.65000000000003  0.004623999507571183  7.763096685843656e-06
482.70000000000005  0.004623999401761977  7.763299452163785e-06
482.75  0.004623999299217683  7.763494246930046e-06
482.8  0.004623999199897942  7.763680934588746e-06
482.85  0.004623999103767087  7.763859434043675e-06
482.90000000000003  0.004623999010801126  7.764029750129117e-06
482.95000000000005  0.0046239989209783715  7.764191964390361e-06
483.0  0.004623998834281701  7.764346251528231e-06
483.05  0.004623998750692371  7.764492863355182e-06
483.1  0.004623998670186511  7.764632114835753e-06
483.15000000000003  0.004623998592735608  7.764764367601124e-06
483.20000000000005  0.0046239985183057376  7.764889994528596e-06
483.25  0.0046239984468533215  7.76500935366261e-06
483.3  0.00462399837833047  7.765122767605997e-06
483.35  0.004623998312693204  7.765230485465702e-06
483.40000000000003  0.004623998249896937  7.76533267965935e-06
483.45000000000005  0.00462399818991783  7.76542943561492e-06
483.5  0.004623998132744283  7.765520746148596e-06
483.55  0.004623998078390501  7.765606531475677e-06
483.6  0.004623998026904176  7.765686655471102e-06
483.65000000000003  0.004623997978369481  7.765760944036527e-06
483.70000000000005  0.004623997932904949  7.765829218396004e-06
483.75  0.004623997890676432  7.76589132705786e-06
483.8  0.004623997851880611  7.765947180883979e-06
483.85  0.004623997816746684  7.765996771879023e-06
483.90000000000003  0.00462399778552566  7.766040188903556e-06
483.95000000000005  0.004623997758488476  7.766077637438618e-06
484.0  0.004623997735908764  7.766109431642604e-06
484.05  0.0046239977180622775  7.766135984455294e-06
484.1  0.004623997705210041  7.766157779099505e-06
484.15000000000003  0.004623997697591078  7.766175354043397e-06
484.20000000000005  0.0046239976954233295  7.766189255216153e-06
484.25  0.004623997698876189  7.766199999169068e-06
484.3  0.00462399770810179  7.76620803583339e-06
484.35  0.004623997723208269  7.766213706432469e-06
484.40000000000003  0.0046239977442698275  7.766217222631407e-06
484.45000000000005  0.004623997771353727  7.766218639634436e-06
484.5  0.004623997804504053  7.766217864283627e-06
484.55  0.004623997843774695  7.766214663494049e-06
484.6  0.004623997889236227  7.766208703028099e-06
484.65000000000003  0.004623997940986063  7.766199601456394e-06
484.70000000000005  0.004623997999149244  7.76618698615913e-06
484.75  0.004623998063889417  7.766170581941733e-06
484.8  0.004623998135388133  7.766150286579337e-06
484.85  0.004623998213826454  7.766126239077283e-06
484.90000000000003  0.004623998299368538  7.766098893268174e-06
484.95000000000005  0.004623998392119362  7.766069055758102e-06
485.0  0.00462399849209946  7.766037911171632e-06
485.05  0.00462399859921459  7.766006981420579e-06
485.1  0.004623998713232689  7.765978079076946e-06
485.15000000000003  0.004623998833758972  7.765953214101636e-06
485.20000000000005  0.004623998960253675  7.76593445437609e-06
485.25  0.004623999092031466  7.765923799933593e-06
485.3  0.004623999228287458  7.76592301725032e-06
485.35  0.00462399936814134  7.765933500632928e-06
485.40000000000003  0.0046239995106681624  7.765956149126359e-06
485.45000000000005  0.004623999654965128  7.765991272888764e-06
485.5  0.004623999800189649  7.766038546457614e-06
485.55  0.0046239999456164  7.766097015003158e-06
485.6  0.004624000090675614  7.766165134108353e-06
485.65000000000003  0.004624000235000935  7.766240884639199e-06
485.70000000000005  0.0046240003784398295  7.766321903812882e-06
485.75  0.004624000521083978  7.766405647804223e-06
485.8  0.0046240006632651594  7.766489575953487e-06
485.85  0.004624000805544519  7.766571340637266e-06
485.90000000000003  0.004624000948698753  7.766648951832625e-06
485.95000000000005  0.004624001093678215  7.76672091376709e-06
486.0  0.0046240012415612024  7.76678632422409e-06
486.05  0.0046240013934992505  7.766844923550433e-06
486.1  0.0046240015506509675  7.766897104236312e-06
486.15000000000003  0.00462400171411761  7.766943828009815e-06
486.20000000000005  0.004624001884878564  7.766986550064985e-06
486.25  0.004624002063717668  7.767027070184583e-06
486.3  0.004624002251176646  7.76706737182031e-06
486.35  0.004624002447501648  7.767109439888411e-06
486.40000000000003  0.004624002652624408  7.767155103609805e-06
486.45000000000005  0.004624002866147066  7.76720587204028e-06
486.5  0.004624003087352844  7.767262819310852e-06
486.55  0.004624003315240719  7.767326496651052e-06
486.6  0.004624003548571296  7.767396897127082e-06
486.65000000000003  0.00462400378593583  7.767473452739304e-06
486.70000000000005  0.004624004025830948  7.767555088658141e-06
486.75  0.004624004266737555  7.767640322521404e-06
486.8  0.00462400450719974  7.76772735694502e-06
486.85  0.004624004745896831  7.767814223917077e-06
486.90000000000003  0.004624004981723143  7.767898929392456e-06
486.95000000000005  0.004624005213810081  7.767979585766395e-06
487.0  0.0046240054415585576  7.768054530135355e-06
487.05  0.0046240056646536425  7.768122437499984e-06
487.1  0.004624005883037404  7.768182381003594e-06
487.15000000000003  0.0046240060968798236  7.768233880803033e-06
487.20000000000005  0.004624006306528283  7.768276888321037e-06
487.25  0.004624006512454339  7.768311783696795e-06
487.3  0.004624006715193425  7.768339311777197e-06
487.35  0.004624006915276561  7.768360505900484e-06
487.40000000000003  0.004624007113183929  7.768376603262316e-06
487.45000000000005  0.004624007309299426  7.768388953583275e-06
487.5  0.004624007503882204  7.768398917470303e-06
487.55  0.004624007697057742  7.768407789233873e-06
487.6  0.004624007888805642  7.768416723567723e-06
487.65000000000003  0.004624008078993032  7.768426688060489e-06
487.70000000000005  0.004624008267395995  7.768438434645849e-06
487.75  0.004624008453741519  7.76845248900227e-06
487.8  0.004624008637736369  7.768469159835494e-06
487.85  0.004624008819122474  7.768488569785165e-06
487.90000000000003  0.004624008997714763  7.768510699737983e-06
487.95000000000005  0.004624009173423511  7.768535421893294e-06
488.0  0.004624009346292203  7.768562568659465e-06
488.05  0.004624009516500205  7.768591972805359e-06
488.1  0.004624009684363884  7.76862349663882e-06
488.15000000000003  0.004624009850334462  7.768657073722427e-06
488.20000000000005  0.004624010014958487  7.768692715063432e-06
488.25  0.004624010178865098  7.768730521847611e-06
488.3  0.004624010342713307  7.768770669691858e-06
488.35  0.004624010507159895  7.768813388391964e-06
488.40000000000003  0.004624010672811122  7.76885894749262e-06
488.45000000000005  0.004624010840184366  7.768907617374868e-06
488.5  0.004624011009667169  7.768959646963629e-06
488.55  0.004624011181506151  7.769015241291164e-06
488.6  0.004624011355774305  7.769074537185533e-06
488.65000000000003  0.004624011532381992  7.769137598686871e-06
488.70000000000005  0.004624011711070767  7.769204410356674e-06
488.75  0.004624011891432606  7.769274896520572e-06
488.8  0.004624012072938453  7.769348918603957e-06
488.85  0.004624012254966238  7.769426321235351e-06
488.90000000000003  0.004624012436838815  7.769506942331617e-06
488.95000000000005  0.004624012617863875  7.769590641675415e-06
489.0  0.004624012797364842  7.769677342665663e-06
489.05  0.004624012974727538  7.769767026765978e-06
489.1  0.004624013149420247  7.76985977806481e-06
489.15000000000003  0.004624013321019667  7.76995577027334e-06
489.20000000000005  0.004624013489226194  7.77005527136257e-06
489.25  0.004624013653871719  7.770158624622872e-06
489.3  0.004624013814913297  7.770266233226866e-06
489.35  0.004624013972424132  7.770378543100732e-06
489.40000000000003  0.004624014126588211  7.770495988630165e-06
489.45000000000005  0.004624014277668959  7.77061899858254e-06
489.5  0.004624014426008467  7.770747935578595e-06
489.55  0.004624014571989547  7.770883097067371e-06
489.6  0.004624014716022723  7.771024688217839e-06
489.65000000000003  0.0046240148585342585  7.771172819926666e-06
489.70000000000005  0.004624014999948986  7.77132749804659e-06
489.75  0.0046240151406812795  7.77148865236359e-06
489.8  0.0046240152811313695  7.771656133445872e-06
489.85  0.004624015421680235  7.771829737401847e-06
489.90000000000003  0.0046240155626974845  7.772009242739957e-06
489.95000000000005  0.0046240157045353255  7.772194418731358e-06
490.0  0.00462401584753306  7.772385042389275e-06
490.05  0.0046240159920293185  7.772580931785122e-06
490.1  0.004624016138356973  7.77278192631648e-06
490.15000000000003  0.004624016286836293  7.772987902341776e-06
490.20000000000005  0.004624016437775604  7.773198759537625e-06
490.25  0.0046240165914696475  7.773414394120514e-06
490.3  0.004624016748187204  7.7736346847756e-06
490.35  0.004624016908146407  7.773859456614e-06
490.40000000000003  0.004624017071505166  7.774088454928343e-06
490.45000000000005  0.004624017238353556  7.774321322904218e-06
490.5  0.004624017408682801  7.774557569612495e-06
490.55  0.0046240175823755655  7.774796572676907e-06
490.6  0.004624017759187216  7.77503754910051e-06
490.65000000000003  0.004624017938717469  7.77527957574327e-06
490.70000000000005  0.004624018120408958  7.775521608149115e-06
490.75  0.00462401830352112  7.775762493635698e-06
490.8  0.004624018487120349  7.776001016781594e-06
490.85  0.004624018670080745  7.776235947428797e-06
490.90000000000003  0.004624018851068577  7.776466068441432e-06
490.95000000000005  0.004624019028538657  7.776690238823446e-06
491.0  0.004624019200739762  7.776907419870033e-06
491.05  0.004624019365721807  7.77711670962429e-06
491.1  0.004624019521351478  7.777317352328666e-06
491.15000000000003  0.004624019665324572  7.777508750758539e-06
491.20000000000005  0.004624019795206509  7.777690436386454e-06
491.25  0.004624019908468195  7.777862053108588e-06
491.3  0.0046240200025319325  7.778023318389226e-06
491.35  0.004624020074841457  7.778173965067408e-06
491.40000000000003  0.004624020122923976  7.778313729913475e-06
491.45000000000005  0.004624020144482513  7.77844231822936e-06
491.5  0.004624020137494287  7.778559413959389e-06
491.55  0.0046240201003333375  7.778664721447062e-06
491.6  0.004624020031888821  7.778758024647845e-06
491.65000000000003  0.004624019931708211  7.77883927695578e-06
491.70000000000005  0.004624019800125397  7.778908702554293e-06
491.75  0.004624019638386543  7.778966864552184e-06
491.8  0.004624019448724512  7.779014750064256e-06
491.85  0.004624019234394825  7.779053776169845e-06
491.90000000000003  0.004624018999637701  7.779085771467532e-06
491.95000000000005  0.004624018749571481  7.779112894128849e-06
492.0  0.004624018490005507  7.779137509299006e-06
492.05  0.004624018227167424  7.779162044285575e-06
492.1  0.004624017967402102  7.779188808996027e-06
492.15000000000003  0.004624017716813478  7.779219831569534e-06
492.20000000000005  0.004624017480899249  7.779256700480564e-06
492.25  0.0046240172642270875  7.779300451310129e-06
492.3  0.004624017070147194  7.779351481690462e-06
492.35  0.004624016900583264  7.779409543427079e-06
492.40000000000003  0.0046240167559217366  7.779473753358071e-06
492.45000000000005  0.00462401663500099  7.779542679166817e-06
492.5  0.004624016535207338  7.779614457314156e-06
492.55  0.004624016452683144  7.77968693615447e-06
492.6  0.004624016382591245  7.779757851017206e-06
492.65000000000003  0.004624016319464656  7.779824979869806e-06
492.70000000000005  0.004624016257578597  7.779886301914902e-06
492.75  0.004624016191339673  7.77994014360773e-06
492.8  0.0046240161156452944  7.7799852715613e-06
492.85  0.00462401602620024  7.780020970186677e-06
492.90000000000003  0.004624015919757234  7.780047058829749e-06
492.95000000000005  0.004624015794288126  7.780063889794004e-06
493.0  0.004624015649047142  7.780072295397786e-06
493.05  0.0046240154845599395  7.78007352100605e-06
493.1  0.0046240153025016145  7.780069111592358e-06
493.15000000000003  0.004624015105524828  7.780060808572079e-06
493.20000000000005  0.004624014897018551  7.780050429567452e-06
493.25  0.004624014680813349  7.780039747767604e-06
493.3  0.004624014460903622  7.780030395028328e-06
493.35  0.0046240142411552035  7.780023776418051e-06
493.40000000000003  0.004624014025042273  7.780020999657894e-06
493.45000000000005  0.004624013815439449  7.78002284713363e-06
493.5  0.0046240136144556  7.780029744987442e-06
493.55  0.00462401342334712  7.78004178520121e-06
493.6  0.004624013242485097  7.780058746499239e-06
493.65000000000003  0.004624013071412681  7.780080146819123e-06
493.70000000000005  0.004624012908936605  7.780105291022139e-06
493.75  0.0046240127532780825  7.780133343137235e-06
493.8  0.004624012602247691  7.78016338316738e-06
493.85  0.004624012453445324  7.780194482430951e-06
493.90000000000003  0.004624012304469075  7.780225748718254e-06
493.95000000000005  0.0046240121530881475  7.780256370229013e-06
494.0  0.004624011997414435  7.780285656300089e-06
494.05  0.004624011836023985  7.780313058247877e-06
494.1  0.004624011668041023  7.780338191396257e-06
494.15000000000003  0.004624011493177356  7.780360804113403e-06
494.20000000000005  0.004624011311709093  7.780380792560063e-06
494.25  0.004624011124449348  7.780398170755083e-06
494.3  0.004624010932642775  7.78041305432169e-06
494.35  0.004624010737864518  7.780425628330891e-06
494.40000000000003  0.004624010541886988  7.780436117979548e-06
494.45000000000005  0.004624010346554371  7.7804447753263e-06
494.5  0.004624010153659899  7.780451833998856e-06
494.55  0.004624009964821642  7.780457487067479e-06
494.6  0.004624009781403853  7.780461876450535e-06
494.65000000000003  0.004624009604441277  7.780465076727486e-06
494.70000000000005  0.004624009434605487  7.780467067334927e-06
494.75  0.004624009272194651  7.780467751127699e-06
494.8  0.004624009117133629  7.78046694415482e-06
494.85  0.0046240089690123415  7.78046438949879e-06
494.90000000000003  0.004624008827145856  7.780459771777755e-06
494.95000000000005  0.004624008690622588  7.780452733617666e-06
495.0  0.004624008558385785  7.780442896497729e-06
495.05  0.00462400842930193  7.780429881988767e-06
495.1  0.004624008302235142  7.780413330383097e-06
495.15000000000003  0.004624008176108824  7.780392916228355e-06
495.20000000000005  0.004624008049976077  7.780368368219003e-06
495.25  0.004624007923057169  7.780339469239987e-06
495.3  0.004624007794768684  7.780306051365178e-06
495.35  0.004624007664737684  7.780268018279594e-06
495.40000000000003  0.004624007532822424  7.780225307360595e-06
495.45000000000005  0.004624007399090049  7.780177907038534e-06
495.5  0.0046240072637912365  7.780125809242515e-06
495.55  0.004624007127344463  7.780069021313452e-06
495.6  0.004624006990281756  7.780007552346057e-06
495.65000000000003  0.004624006853215377  7.779941370256504e-06
495.70000000000005  0.004624006716790527  7.779870426798043e-06
495.75  0.004624006581646351  7.779794641708254e-06
495.8  0.004624006448374744  7.779713896170933e-06
495.85  0.004624006317496318  7.779628043374164e-06
495.90000000000003  0.004624006189431431  7.77953692083506e-06
495.95000000000005  0.004624006064489136  7.779440361739056e-06
496.0  0.004624005942851742  7.779338218602657e-06
496.05  0.004624005824599668  7.779230366945693e-06
496.1  0.004624005709702021  7.779116730012393e-06
496.15000000000003  0.0046240055980500995  7.778997293394359e-06
496.20000000000005  0.004624005489466607  7.778872112674186e-06
496.25  0.004624005383736847  7.778741325584048e-06
496.3  0.0046240052806248025  7.778605139202549e-06
496.35  0.0046240051798968115  7.778463844891217e-06
496.40000000000003  0.004624005081349526  7.778317801102182e-06
496.45000000000005  0.004624004984805013  7.778167411580162e-06
496.5  0.004624004890127586  7.778013114514805e-06
496.55  0.0046240047972213  7.777855364918976e-06
496.6  0.004624004706035489  7.77769460570965e-06
496.65000000000003  0.004624004616555891  7.777531248616707e-06
496.70000000000005  0.004624004528795704  7.777365658942133e-06
496.75  0.00462400444279149  7.777198143944708e-06
496.8  0.004624004358582143  7.777028933874709e-06
496.85  0.004624004276206819  7.776858197395179e-06
496.90000000000003  0.004624004195689609  7.776686034742448e-06
496.95000000000005  0.004624004117047623  7.776512493835652e-06
497.0  0.004624004040261103  7.776337593559752e-06
497.05  0.00462400396528914  7.776161336227021e-06
497.1  0.004624003892067666  7.775983735871474e-06
497.15000000000003  0.0046240038205028235  7.775804833850125e-06
497.20000000000005  0.004624003750478489  7.775624722383472e-06
497.25  0.004624003681849587  7.775443567832806e-06
497.3  0.004624003614458886  7.775261608576015e-06
497.35  0.004624003548118087  7.775079163650637e-06
497.40000000000003  0.004624003482638885  7.774896631734087e-06
497.45000000000005  0.0046240034178203875  7.774714465742047e-06
497.5  0.004624003353450333  7.774533178191212e-06
497.55  0.004624003289316926  7.774353279986478e-06
497.6  0.00462400322522378  7.774175291392232e-06
497.65000000000003  0.00462400316098746  7.773999688687447e-06
497.70000000000005  0.004624003096449381  7.773826877578061e-06
497.75  0.004624003031480775  7.77365718416866e-06
497.8  0.004624002965996793  7.773490819738292e-06
497.85  0.004624002899956503  7.773327872443522e-06
497.90000000000003  0.004624002833375013  7.773168322313365e-06
497.95000000000005  0.0046240027663259735  7.773012025479823e-06
498.0  0.0046240026989339145  7.772858750102512e-06
498.05  0.004624002631389494  7.772708186802511e-06
498.1  0.004624002563928115  7.772559979021296e-06
498.15000000000003  0.00462400249682259  7.77241374077821e-06
498.20000000000005  0.004624002430379767  7.772269111866171e-06
498.25  0.004624002364919996  7.772125758524397e-06
498.3  0.004624002300761593  7.771983418792376e-06
498.35  0.004624002238208427  7.771841904477134e-06
498.40000000000003  0.004624002177537235  7.771701123240636e-06
498.45000000000005  0.004624002118969649  7.771561065662145e-06
498.5  0.004624002062677032  7.771421806331619e-06
498.55  0.00462400200875863  7.771283495551906e-06
498.6  0.004624001957254084  7.771146321882898e-06
498.65000000000003  0.004624001908142652  7.771010500003445e-06
498.70000000000005  0.004624001861342673  7.77087622544213e-06
498.75  0.00462400181673001  7.770743675193246e-06
498.8  0.004624001774143626  7.77061295560076e-06
498.85  0.004624001733411006  7.770484093814068e-06
498.90000000000003  0.00462400169436351  7.77035701554223e-06
498.95000000000005  0.004624001656847904  7.77023154509602e-06
499.0  0.004624001620752361  7.770107410589095e-06
499.05  0.004624001586016471  7.769984244675755e-06
499.1  0.004624001552632094  7.769861610372228e-06
499.15000000000003  0.004624001520657214  7.769739015301307e-06
499.20000000000005  0.004624001490212522  7.76961594524162e-06
499.25  0.004624001461481746  7.769491894638602e-06
499.3  0.004624001434699307  7.769366392263396e-06
499.35  0.004624001410136082  7.769239023412153e-06
499.40000000000003  0.004624001388080169  7.769109455929873e-06
499.45000000000005  0.004624001368820686  7.768977451469982e-06
499.5  0.004624001352639147  7.768842879539016e-06
499.55  0.004624001339780718  7.768705699901355e-06
499.6  0.004624001330446968  7.76856596020411e-06
499.65000000000003  0.004624001324775935  7.76842378685409e-06
499.70000000000005  0.004624001322843341  7.76827936396942e-06
499.75  0.004624001324660426  7.768132904245181e-06
499.8  0.004624001330170071  7.767984617335837e-06
499.85  0.004624001339257171  7.767834703966802e-06
499.90000000000003  0.004624001351754453  7.767683316563104e-06
499.95000000000005  0.004624001367465909  7.767530553347292e-06
500.0  0.004624001386162792  7.767376443094196e-06
