0.05  -0.08122464529427754  0.005016522140068233
0.1  -0.16623113347392468  0.005018249858156159
0.15000000000000002  -0.22927035732791692  0.002849340215108861
0.2  -0.2740636613022201  0.0006075008259936379
0.25  -0.30302727941381885  -0.0011985579337299933
0.30000000000000004  -0.3182393150797988  -0.0025046021905871818
0.35000000000000003  -0.3215882420537682  -0.0033388147698275553
0.4  -0.31487535037795533  -0.0037422902231902325
0.45  -0.2999090003694322  -0.0037635378951041045
0.5  -0.278548350759771  -0.0034633228520093567
0.55  -0.2526859036747337  -0.0029148126047180774
0.6000000000000001  -0.22418456176780313  -0.0021988306591194415
0.65  -0.19479319913377416  -0.0013969579975839006
0.7000000000000001  -0.1660623811096476  -0.0005848083954857164
0.75  -0.13927543311567248  0.00017326816107244842
0.8  -0.11540319289927517  0.0008274989006836009
0.8500000000000001  -0.09508517889414464  0.0013441315121254698
0.9  -0.07863592706471081  0.0017052988498738766
0.9500000000000001  -0.06607267155023422  0.0019076534851592045
1.0  -0.05715935215123008  0.0019601693504036335
1.05  -0.05146141039022365  0.0018814622013561438
1.1  -0.04840604512017577  0.0016969214482091563
1.1500000000000001  -0.04734302911997549  0.0014358342352496405
1.2000000000000002  -0.047601959582899075  0.0011287061376780666
1.25  -0.04854261987150699  0.0008049023840228697
1.3  -0.04959603543268204  0.0004907008601033948
1.35  -0.05029475547441555  0.00020783361902298607
1.4000000000000001  -0.05029173455051582  -2.7451773659374797e-05
1.4500000000000002  -0.04936801086645975  -0.00020482476480934594
1.5  -0.04743010295427985  -0.0003198248145886985
1.55  -0.04449861641476857  -0.00037338886985662363
1.6  -0.040689958066019126  -0.0003710419540819122
1.6500000000000001  -0.036193318380952244  -0.00032185322772190533
1.7000000000000002  -0.031245197162441406  -0.00023726852622647654
1.75  -0.026103682139101456  -0.00012991383931056842
1.8  -0.021024411756810368  -1.2465110490780977e-05
1.85  -0.01623977039790223  0.00010334538142176205
1.9000000000000001  -0.01194250151790122  0.00020751907284857757
1.9500000000000002  -0.008274481173401165  0.00029234606555194893
2.0  -0.0053208928251553544  0.00035271794364021323
2.0500000000000003  -0.003109599655781071  0.00038619871378880636
2.1  -0.0016151461639340977  0.0003928749979571343
2.15  -0.0007665203743642008  0.000375038813544298
2.2  -0.00045761546581930823  0.00033672621879000437
2.25  -0.0005592647978753139  0.00028314850880773243
2.3000000000000003  -0.0009316781429887675  0.00022012401442878475
2.35  -0.0014362742235320778  0.0001535294599718358
2.4000000000000004  -0.0019460483672791252  8.881321760044144e-05
2.45  -0.0023538247095395274  3.06058152327169e-05
2.5  -0.0025779928301082767  -1.755364974041399e-05
2.5500000000000003  -0.0025655716935250013  -5.3366602556087386e-05
2.6  -0.00229267445623292  -7.58036203107942e-05
2.6500000000000004  -0.0017626454726605563  -8.50259328511575e-05
2.7  -0.0010022937497141241  -8.222147970018056e-05
2.75  -5.674547413000129e-05  -6.93789176643592e-05
2.8000000000000003  0.0010165175697222821  -4.90257647458353e-05
2.85  0.0021538674542922183  -2.395725401235744e-05
2.9000000000000004  0.003291468265334867  3.0206704880392297e-06
2.95  0.004370509555603485  2.9316181216674142e-05
3.0  0.005341408657847005  5.273091018705644e-05
3.0500000000000003  0.006166775705590728  7.158526033094315e-05
3.1  0.006823056582847344  8.478652900529492e-05
3.1500000000000004  0.007300883748465018  9.184201167878095e-05
3.2  0.007604264994397238  9.282267562835123e-05
3.25  0.007748820558000056  8.828436055670672e-05
3.3000000000000003  0.007759322141167918  7.915724250970579e-05
3.35  0.007666800632416896  6.662089475100206e-05
3.4000000000000004  0.007505499030592845  5.197788903631308e-05
3.45  0.007309932039482971  3.653549713364591e-05
3.5  0.007112268734109428  2.1502672142844866e-05
3.5500000000000003  0.00694020050655631  7.908054539297333e-06
3.6  0.006815400098024384  -3.4571147176558977e-06
3.6500000000000004  0.006752619628199244  -1.2069903796075004e-05
3.7  0.00675942051946824  -1.7681483295265538e-05
3.75  0.006836480651884749  -2.0300769234092933e-05
3.8000000000000003  0.006978386646231512  -2.016032912050675e-05
3.85  0.007174793346874151  -1.7669774860099962e-05
3.9000000000000004  0.007411818943249026  -1.336208966558767e-05
3.95  0.007673542267304578  -7.838042492125787e-06
4.0  0.007943477272645022  -1.7131377039495636e-06
4.05  0.008205916541809983  4.429370661230842e-06
4.1000000000000005  0.008447058583709623  1.0076845160077207e-05
4.15  0.008655860213852805  1.4815457731813932e-05
4.2  0.008824582944557468  1.83476434633657e-05
4.25  0.008949028741889449  2.04991224721354e-05
4.3  0.009028483885669798  2.1216481320928326e-05
4.3500000000000005  0.009065408776000275  2.0556752841834958e-05
4.4  0.009064925650423206  1.8670641899405356e-05
4.45  0.009034164902914827  1.5781170976751993e-05
4.5  0.00898153402149645  1.2159672446190341e-05
4.55  0.008915971458418765  8.101114495192294e-06
4.6000000000000005  0.008846241684976844  3.900613197271917e-06
4.65  0.008780318262233473  -1.6733094206100065e-07
4.7  0.00872489011634424  -3.8657535278821585e-06
4.75  0.0086850134336935  -7.00763139262309e-06
4.800000000000001  0.008663918702424509  -9.463510083338876e-06
4.8500000000000005  0.008662970327016996  -1.1164437560632072e-05
4.9  0.008681765676128989  -1.2100566310010465e-05
4.95  0.008718351943758735  -1.2315999087576443e-05
5.0  0.00876953315494699  -1.1900605657563454e-05
5.050000000000001  0.008831236171454794  -1.0979636168441972e-05
5.1000000000000005  0.008898903600537283  -9.702005377213157e-06
5.15  0.008967882864983127  -8.228119703874678e-06
5.2  0.009033784011920586  -6.718060016074967e-06
5.25  0.009092783704470891  -5.3208117461366815e-06
5.300000000000001  0.009141858801775551  -4.165078016547905e-06
5.3500000000000005  0.009178939475882908  -3.3520836488918813e-06
5.4  0.009202978418763212  -2.9506646203745135e-06
5.45  0.009213938910587803  -2.9948208348978063e-06
5.5  0.00921270993654235  -3.4837880739876123e-06
5.550000000000001  0.009200960911619179  -4.384510690183573e-06
5.6000000000000005  0.009180951759257927  -5.636213193413334e-06
5.65  0.009155315919617484  -7.156622154517057e-06
5.7  0.009126834319319193  -8.84927983617475e-06
5.75  0.009098217519060231  -1.0611356841201604e-05
5.800000000000001  0.009071911281762178  -1.2341391351141512e-05
5.8500000000000005  0.009049937912954446  -1.3946440753481325e-05
5.9  0.009033782169464166  -1.5348223993361554e-05
5.95  0.009024326595516942  -1.6487946763091082e-05
6.0  0.00902183712838502  -1.73295988823671e-05
6.050000000000001  0.009025996011625596  -1.7861537528759117e-05
6.1000000000000005  0.00903597576059258  -1.8096153196754054e-05
6.15  0.009050545434967014  -1.8067502423896136e-05
6.2  0.009068198898262537  -1.782711176465373e-05
6.25  0.009087293888746923  -1.7438583919686845e-05
6.300000000000001  0.009106190590519732  -1.6971737653692913e-05
6.3500000000000005  0.00912337922305154  -1.6496790062043686e-05
6.4  0.009137587807233376  -1.607893110056399e-05
6.45  0.009147863403578801  -1.5773611801498256e-05
6.5  0.009153622573287308  -1.562284867323284e-05
6.550000000000001  0.009154669425039477  -1.5652783754225967e-05
6.6000000000000005  0.009151182187167383  -1.5872634656368908e-05
6.65  0.009143671595387277  -1.62750442534574e-05
6.7  0.009132916343747532  -1.6837719362159645e-05
6.75  0.00911988227686584  -1.7526148864197737e-05
6.800000000000001  0.009105632817264165  -1.8297121239477785e-05
6.8500000000000005  0.009091238292516573  -1.9102715046312912e-05
6.9  0.009077691382563851  -1.989441434999302e-05
6.95  0.00906583492385594  -2.0627008573886343e-05
7.0  0.009056306897248043  -2.126197081908876e-05
7.050000000000001  0.009049505731013228  -2.1770066704896547e-05
7.1000000000000005  0.009045577223678363  -2.213302253322439e-05
7.15  0.009044422589368602  -2.2344172166887343e-05
7.2  0.009045725487737594  -2.2408098674928437e-05
7.25  0.00904899452382595  -2.2339376394318942e-05
7.300000000000001  0.009053616662761433  -2.2160586873661394e-05
7.3500000000000005  0.00905891639479419  -2.1899827974855427e-05
7.4  0.00906421542224635  -2.158797574809625e-05
7.45  0.00906888808941464  -2.1255974658851158e-05
7.5  0.009072408506997866  -2.093238679697193e-05
7.550000000000001  0.009074386184335474  -2.0641355719249583e-05
7.6000000000000005  0.009074588039173097  -2.0401081961267116e-05
7.65  0.00907294591608129  -2.0222872091673152e-05
7.7  0.009069550040213693  -2.0110795096044555e-05
7.75  0.009064629982934388  -2.006194066634195e-05
7.800000000000001  0.009058525628751634  -2.0067225338354444e-05
7.8500000000000005  0.009051651267578772  -2.011264623329493e-05
7.9  0.009044456269638446  -2.0180847049257897e-05
7.95  0.00903738582739923  -2.0252840697252274e-05
8.0  0.009030844988056574  -2.0309729006804072e-05
8.05  0.009025168692547877  -2.0334271604456643e-05
8.1  0.00902059984157709  -2.031218155309876e-05
8.15  0.009017276596409015  -2.0233060945609e-05
8.200000000000001  0.009015229267661353  -2.0090930404542478e-05
8.25  0.0090143863235768  -1.9884346545414125e-05
8.3  0.00901458832711656  -1.9616136702542864e-05
8.35  0.009015608042389545  -1.929280799525655e-05
8.4  0.009017174571147125  -1.8923707765537484e-05
8.450000000000001  0.009018999207008513  -1.8520024703973085e-05
8.5  0.009020800727667234  -1.809372485480341e-05
8.55  0.009022328066308986  -1.76565146074535e-05
8.6  0.009023378680131831  -1.7218914012764126e-05
8.65  0.009023811423232424  -1.6789509251077415e-05
8.700000000000001  0.009023553283710541  -1.637443412711478e-05
8.75  0.00902259990951041  -1.597710854357693e-05
8.8  0.00902101037461497  -1.5598238143166017e-05
8.85  0.009018897081769638  -1.5236054868884733e-05
8.9  0.009016412032368092  -1.4886758798492064e-05
8.950000000000001  0.009013730904801476  -1.4545112057471785e-05
9.0  0.009011036453216058  -1.4205125770410407e-05
9.05  0.009008502669607427  -1.3860769614913715e-05
9.1  0.009006280969441036  -1.3506634035784205e-05
9.15  0.009004489390445982  -1.3138488737603443e-05
9.200000000000001  0.009003205462159856  -1.2753698264361376e-05
9.25  0.009002463042627027  -1.2351468309820357e-05
9.3  0.009002253062837026  -1.1932905094603303e-05
9.35  0.009002527797325206  -1.1500885529184765e-05
9.4  0.009003208012444829  -1.1059762537059378e-05
9.450000000000001  0.009004192152478972  -1.0614953127859885e-05
9.5  0.009005366622214371  -1.0172463281505305e-05
9.55  0.009006616213182779  -9.738398416326048e-06
9.600000000000001  0.00900783378992306  -9.318500516893361e-06
9.65  0.009008928489648266  -8.91774572351424e-06
9.700000000000001  0.009009831876677433  -8.540028790305178e-06
9.75  0.00901050171225501  -8.187952273217849e-06
9.8  0.009010923229160618  -7.862728737583868e-06
9.850000000000001  0.009011108018863238  -7.56419430757388e-06
9.9  0.009011090828907243  -7.290922510470648e-06
9.950000000000001  0.009010924716477532  -7.040419718724335e-06
10.0  0.009010675101749672  -6.809378463477444e-06
10.05  0.009010413307820268  -6.593962966636657e-06
10.100000000000001  0.009010210164368818  -6.390102742262667e-06
10.15  0.009010130195890958  -6.1937739045794045e-06
10.200000000000001  0.00901022682216388  -6.001252454241267e-06
10.25  0.00901053887941852  -5.80932782883771e-06
10.3  0.009011088636171154  -5.615468131497047e-06
10.350000000000001  0.009011881339661597  -5.417931362629942e-06
10.4  0.009012906198773315  -5.215820306094139e-06
10.450000000000001  0.009014138597877999  -5.009082119652758e-06
10.5  0.009015543250967942  -4.798457256949783e-06
10.55  0.009017077951767111  -4.585385346039838e-06
10.600000000000001  0.009018697555485863  -4.3718780179566015e-06
10.65  0.00902035784055481  -4.160369924018732e-06
10.700000000000001  0.009022018940506204  -3.9535595690725635e-06
10.75  0.009023648100784619  -3.7542506298920216e-06
10.8  0.009025221594857778  -3.565202587296518e-06
10.850000000000001  0.009026725720014216  -3.388996909348314e-06
10.9  0.009028156877581139  -3.227922192003169e-06
10.950000000000001  0.009029520817882806  -3.0838792115863182e-06
11.0  0.009030831191537705  -2.9583048826714716e-06
11.05  0.009032107591731158  -2.852112851287796e-06
11.100000000000001  0.009033373295096958  -2.7656468314442057e-06
11.15  0.00903465291163641  -2.698640935165273e-06
11.200000000000001  0.009035970138629192  -2.650179511382196e-06
11.25  0.009037345783656394  -2.61864975168813e-06
11.3  0.009038796183328703  -2.6016846949640537e-06
11.350000000000001  0.009040332102594941  -2.596101969887612e-06
11.4  0.009041958158010826  -2.597853287818132e-06
11.450000000000001  0.009043672769089437  -2.602009910998278e-06
11.5  0.009045468604696329  -2.602816327756301e-06
11.55  0.009047333455294081  -2.5938430658784006e-06
11.600000000000001  0.009049251426947031  -2.5682562154159556e-06
11.65  0.009051204324711862  -2.519197886169833e-06
11.700000000000001  0.009053173081242302  -2.440244886207758e-06
11.75  0.009055139101649588  -2.325890593423731e-06
11.8  0.0090570854392448  -2.171984034965034e-06
11.850000000000001  0.009058997771329357  -1.976065968766307e-06
11.9  0.009060865176752215  -1.7375655902995574e-06
11.950000000000001  0.00906268070794402  -1.4578517161603914e-06
12.0  0.00906444171704087  -1.1401510829913385e-06
12.05  0.00906614987585774  -7.893490944376109e-07
12.100000000000001  0.00906781084567532  -4.11688076624886e-07
12.15  0.009069433600457796  -1.4384978242539155e-08
12.200000000000001  0.009071029464202218  3.948004494543555e-07
12.25  0.009072610966901162  8.080116886330629e-07
12.3  0.009074190643045632  1.2177224231935038e-06
12.350000000000001  0.00907577989317781  1.6171167667437163e-06
12.4  0.009077388010196499  2.000402232616729e-06
12.450000000000001  0.00907902144537508  2.3630417953842287e-06
12.5  0.009080683359338395  2.701897690674264e-06
12.55  0.009082373473818479  3.0152854366789967e-06
12.600000000000001  0.00908408821306022  3.3029418327132224e-06
12.65  0.00908582110096912  3.565915363410745e-06
12.700000000000001  0.009087563362647684  3.8063910953487303e-06
12.75  0.009089304667236741  4.027464928717142e-06
12.8  0.009091033943364982  4.232883768013262e-06
12.850000000000001  0.00909274019852004  4.426768960068554e-06
12.9  0.009094413278723392  4.613340195716424e-06
12.950000000000001  0.00909604451429456  4.796656082504079e-06
13.0  0.009097627210049454  4.9803858108886856e-06
13.05  0.00909915695297846  5.167623755964238e-06
13.100000000000001  0.009100631725985145  5.360755609449619e-06
13.15  0.00910205183170973  5.561380756161202e-06
13.200000000000001  0.00910341964443724  5.770291630468466e-06
13.25  0.009104739220008758  5.987506754214921e-06
13.3  0.009106015802576192  6.212350564277979e-06
13.350000000000001  0.009107255272530743  6.443570281333027e-06
13.4  0.009108463581857592  6.67947815408609e-06
13.450000000000001  0.009109646221372156  6.9181065456595196e-06
13.5  0.009110807759358155  7.157363604245223e-06
13.55  0.009111951483256112  7.395178420627224e-06
13.600000000000001  0.00911307916624831  7.629626480597695e-06
13.65  0.009114190969607253  7.859028660765527e-06
13.700000000000001  0.009115285480546149  8.082019458814573e-06
13.75  0.009116359874858568  8.2975826992383e-06
13.8  0.00911741018442547  8.505055228428778e-06
13.850000000000001  0.009118431642624207  8.70410136885331e-06
13.9  0.009119419076144919  8.894663075167595e-06
13.950000000000001  0.009120367310192183  9.076892406246128e-06
14.0  0.00912127155526179  9.251074022045e-06
14.05  0.009122127747154131  9.417545596425957e-06
14.100000000000001  0.009122932817133505  9.576623533480238e-06
14.15  0.00912368487591106  9.728540167265815e-06
14.200000000000001  0.009124383302362107  9.873397147447665e-06
14.25  0.009125028735673776  1.0011137836212695e-05
14.3  0.009125622976899943  1.0141539779796405e-05
14.350000000000001  0.009126168812481333  1.0264226475575932e-05
14.4  0.009126669777507567  1.0378696063841183e-05
14.450000000000001  0.009127129880060732  1.0484363258448065e-05
14.5  0.009127553309712896  1.0580609902466147e-05
14.55  0.009127944153015679  1.0666839070414544e-05
14.600000000000001  0.009128306136888689  1.074252760535204e-05
14.65  0.009128642417352065  1.0807272455066205e-05
14.700000000000001  0.00912895542643078  1.0860826880256175e-05
14.75  0.009129246784783922  1.0903123777300516e-05
14.8  0.009129517282052323  1.0934284514439447e-05
14.850000000000001  0.009129766921638662  1.0954613081332585e-05
14.9  0.009129995021907693  1.0964576516072646e-05
14.950000000000001  0.009130200362057889  1.0964773764737638e-05
15.0  0.009130381358323027  1.0955895922970895e-05
15.05  0.009130536254907205  1.093868143257795e-05
15.100000000000001  0.009130663314090615  1.0913870019730015e-05
15.15  0.00913076099113674  1.0882159079932748e-05
15.200000000000001  0.009130828081909473  1.0844165848811389e-05
15.25  0.009130863834152068  1.0800398045233322e-05
15.3  0.009130868016837433  1.0751234882001685e-05
15.350000000000001  0.009130840945670085  1.0696919401567012e-05
15.4  0.009130783466342333  1.0637562140682392e-05
15.450000000000001  0.009130696900249521  1.057315524502923e-05
15.5  0.009130582959861149  1.0503595357508387e-05
15.55  0.009130443642675488  1.0428713049892287e-05
15.600000000000001  0.009130281113593871  1.0348306126446759e-05
15.65  0.009130097585577833  1.0262173979719226e-05
15.700000000000001  0.009129895207761496  1.0170150326670971e-05
15.75  0.009129675968841015  1.0072131809518887e-05
15.8  0.009129441621639443  9.96810055140082e-06
15.850000000000001  0.009129193632695494  9.85813921781009e-06
15.9  0.009128933158362693  9.742437860021979e-06
15.950000000000001  0.009128661046780983  9.621292504983364e-06
16.0  0.00912837786315063  9.495096059743374e-06
16.05  0.00912808393412294  9.36432266048767e-06
16.1  0.009127779406092601  9.22950705695792e-06
16.150000000000002  0.009127464311545538  9.091220855080126e-06
16.2  0.009127138637517785  8.950047606820478e-06
16.25  0.009126802390688048  8.80655867184038e-06
16.3  0.009126455654300175  8.66129158256509e-06
16.35  0.009126098633277716  8.514732363401308e-06
16.400000000000002  0.009125731685105366  8.367302822484817e-06
16.45  0.009125355335429096  8.21935338019995e-06
16.5  0.00912497027856712  8.071161587675489e-06
16.55  0.009124577364332268  7.922935941247027e-06
16.6  0.009124177573462127  7.774824310656351e-06
16.650000000000002  0.009123771984647602  7.626925946416056e-06
16.7  0.009123361736512068  7.479305829792278e-06
16.75  0.009122947987959288  7.332010062756811e-06
16.8  0.009122531880106616  7.185081014699933e-06
16.85  0.009122114502607605  7.0385710493871484e-06
16.900000000000002  0.009121696866520847  6.892553865181191e-06
16.95  0.00912127988517494  6.747132772404001e-06
17.0  0.009120864363740286  6.602445491099931e-06
17.05  0.009120450997405511  6.458665385613617e-06
17.1  0.00912004037745598  6.315999348304314e-06
17.150000000000002  0.009119633003961528  6.174682783554426e-06
17.2  0.009119229303396606  6.0349723089345685e-06
17.25  0.009118829649298412  5.897136988017868e-06
17.3  0.009118434384004798  5.761448898557121e-06
17.35  0.00911804383964579  5.628173811169106e-06
17.400000000000002  0.00911765835675222  5.497562777616262e-06
17.45  0.00911727829923676  5.369845144923035e-06
17.5  0.0091169040648864  5.245223470507583e-06
17.55  0.009116536090944672  5.12387054690637e-06
17.6  0.009116174854779065  5.005928603757132e-06
17.650000000000002  0.009115820870037393  4.891510489643536e-06
17.7  0.009115474678997263  4.780702617966919e-06
17.75  0.009115136842034743  4.673569196006423e-06
17.8  0.009114807925322214  4.570157308383244e-06
17.85  0.009114488487828695  4.470502306272222e-06
17.900000000000002  0.009114179068745495  4.374633063556461e-06
17.95  0.009113880176204524  4.28257662076013e-06
18.0  0.00911359227809735  4.194361916504043e-06
18.05  0.009113315795472466  4.110022366299987e-06
18.1  0.009113051098798019  4.029597175164257e-06
18.150000000000002  0.009112798507100592  3.953131415884042e-06
18.2  0.00911255828979649  3.880674945485837e-06
18.25  0.009112330670800793  3.8122804421394647e-06
18.3  0.009112115834410277  3.7480007422231016e-06
18.35  0.009111913932340832  3.687885861892895e-06
18.400000000000002  0.009111725091269885  3.631979953292049e-06
18.45  0.00911154942027868  3.5803185126174206e-06
18.5  0.009111387017612958  3.532926061229375e-06
18.55  0.009111237976358523  3.4898145127409117e-06
18.6  0.009111102388662713  3.4509822953766064e-06
18.650000000000002  0.009110980348370027  3.4164143126047953e-06
18.7  0.009110871951992845  3.3860826687715927e-06
18.75  0.00911077729814165  3.3599480904364333e-06
18.8  0.009110696485589853  3.337961884611687e-06
18.85  0.009110629610296468  3.3200682933287986e-06
18.900000000000002  0.009110576761654315  3.306206988163275e-06
18.95  0.009110538018385884  3.2963155755010238e-06
19.0  0.00911051344437578  3.2903318944585078e-06
19.05  0.00911050308476837  3.2881959590752466e-06
19.1  0.009110506962569596  3.2898514210015885e-06
19.150000000000002  0.009110525075936793  3.2952464897665333e-06
19.200000000000003  0.009110557396277079  3.3043342731720027e-06
19.25  0.009110603867190765  3.3170725661121046e-06
19.3  0.009110664404211925  3.3334231858651517e-06
19.35  0.009110738895278178  3.3533509054650516e-06
19.400000000000002  0.009110827201783295  3.3768221846761115e-06
19.450000000000003  0.009110929160019647  3.40380378118871e-06
19.5  0.009111044582847243  3.4342614042279294e-06
19.55  0.009111173261384234  3.468158535820283e-06
19.6  0.009111314966536735  3.5054555224884915e-06
19.650000000000002  0.00911146945024291  3.546108993152282e-06
19.700000000000003  0.009111636446316344  3.5900716710968845e-06
19.75  0.009111815670829249  3.6372925594657136e-06
19.8  0.0091120068220276  3.6877175131225324e-06
19.85  0.009112209579797905  3.7412901271633185e-06
19.900000000000002  0.00911242360477329  3.7979528987873196e-06
19.950000000000003  0.009112648537162319  3.857648567675111e-06
20.0  0.009112883995458433  3.9203215512725095e-06
20.05  0.009113129575122333  3.98591941764122e-06
20.1  0.009113384847410793  4.0543942806497675e-06
20.150000000000002  0.009113649358492994  4.125704057090032e-06
20.200000000000003  0.009113922628926508  4.199813540542744e-06
20.25  0.009114204153658989  4.2766951949781335e-06
20.3  0.009114493402579419  4.3563296739419105e-06
20.35  0.009114789821683818  4.4387059827412346e-06
20.400000000000002  0.009115092834893056  4.523821307381138e-06
20.450000000000003  0.00911540184648737  4.6116804537107525e-06
20.5  0.00911571624413542  4.702294908992012e-06
20.55  0.00911603540246276  4.79568153390937e-06
20.6  0.009116358687064736  4.891860857197949e-06
20.650000000000002  0.00911668545887314  4.990855037053385e-06
20.700000000000003  0.009117015078745426  5.092685494877873e-06
20.75  0.009117346912152728  5.197370270322837e-06
20.8  0.009117680333839598  5.3049211621972224e-06
20.85  0.009118014732284477  5.415340740632258e-06
20.900000000000002  0.00911834951388756  5.528619308937553e-06
20.950000000000003  0.009118684106709615  5.644731960873113e-06
21.0  0.009119017963686638  5.763635804203495e-06
21.05  0.009119350565245914  5.885267525156991e-06
21.1  0.009119681421275082  6.009541398440039e-06
21.150000000000002  0.009120010072405217  6.1363478547410075e-06
21.200000000000003  0.009120336090664555  6.2655527304934094e-06
21.25  0.00912065907951861  6.3969972429201165e-06
21.3  0.009120978673378022  6.530498762773466e-06
21.35  0.009121294536685155  6.665852363736495e-06
21.400000000000002  0.009121606362683655  6.802833100508481e-06
21.450000000000003  0.009121913872012508  6.941198925442904e-06
21.5  0.009122216811227234  7.080694114589936e-06
21.55  0.009122514951379066  7.221053000422428e-06
21.6  0.009122808086751078  7.362003808177638e-06
21.650000000000002  0.009123096033807194  7.503272441954805e-06
21.700000000000003  0.009123378630415395  7.644585964665797e-06
21.75  0.009123655735270061  7.785675670156443e-06
21.8  0.00912392722744134  7.926279664501035e-06
21.85  0.009124193005778145  8.06614494894411e-06
21.900000000000002  0.009124452987801717  8.205029111699983e-06
21.950000000000003  0.009124707107443328  8.342701774738197e-06
22.0  0.00912495531079631  8.478945973234013e-06
22.05  0.009125197548743158  8.61355958803198e-06
22.1  0.009125433765248166  8.746356754222532e-06
22.150000000000002  0.009125663880172233  8.877168784372238e-06
22.200000000000003  0.009125887766077095  9.005843595435775e-06
22.25  0.009126105219556317  9.132242034293019e-06
22.3  0.00912631592924321  9.256229081983764e-06
22.35  0.009126519444353106  9.377657962230898e-06
22.400000000000002  0.009126715149150928  9.496346439214506e-06
22.450000000000003  0.00912690225022018  9.612047563077e-06
22.5  0.009127079785906704  9.724423584951257e-06
22.55  0.009127246672632695  9.833043381032272e-06
22.6  0.009127401809913449  9.937439633565131e-06
22.650000000000002  0.009127544265072203  1.0037268220650889e-05
22.700000000000003  0.009127673527733113  1.0132574488375264e-05
22.75  0.009127789752702556  1.0224064224736019e-05
22.8  0.009127893848240726  1.031317049953297e-05
22.85  0.009127987311694988  1.0401763644910975e-05
22.900000000000002  0.009128071871291001  1.0491597120837752e-05
22.950000000000003  0.009128149114733789  1.058377550046505e-05
23.0  0.009128220258290978  1.0678477480311171e-05
23.05  0.009128286094221488  1.0774972485908495e-05
23.1  0.009128347066329628  1.087183266667305e-05
23.150000000000002  0.00912840340165992  1.0967219582731845e-05
23.200000000000003  0.009128455244098072  1.105916308360023e-05
23.25  0.009128502761050778  1.114579340220559e-05
23.3  0.009128546213306287  1.1225514859096182e-05
23.35  0.009128585988663982  1.1297121896925507e-05
23.400000000000002  0.009128622604694284  1.1359862051765648e-05
23.450000000000003  0.009128656687588813  1.1413451279879128e-05
23.5  0.009128688934392507  1.1458047781237244e-05
23.55  0.009128720065546915  1.1494191402461394e-05
23.6  0.009128750774178608  1.1522717101519362e-05
23.650000000000002  0.009128781677752579  1.1544652091261573e-05
23.700000000000003  0.009128813276683799  1.1561106857968593e-05
23.75  0.009128845923338902  1.157316998582898e-05
23.8  0.009128879803491212  1.1581815607157478e-05
23.85  0.00912891493100337  1.158783049605628e-05
23.900000000000002  0.009128951155268789  1.1591765404811558e-05
23.950000000000003  0.009128988179911496  1.1593912700612796e-05
24.0  0.00912902559053037  1.1594309788063282e-05
24.05  0.009129062888761672  1.15927654640874e-05
24.1  0.009129099529828825  1.1588904640115732e-05
24.150000000000002  0.009129134960808083  1.1582225535542335e-05
24.200000000000003  0.009129168657154766  1.157216295988783e-05
24.25  0.009129200155539485  1.1558151358192852e-05
24.3  0.009129229081511054  1.1539681948150048e-05
24.35  0.009129255171152621  1.1516349349784767e-05
24.400000000000002  0.009129278286415327  1.1487884534344987e-05
24.450000000000003  0.009129298424304504  1.1454172391904777e-05
24.5  0.009129315720452839  1.1415253729925821e-05
24.55  0.00912933044788637  1.1371312801801913e-05
24.6  0.009129343011740773  1.1322652483588451e-05
24.650000000000002  0.009129353940521293  1.126965987048752e-05
24.700000000000003  0.009129363873885962  1.1212765265237003e-05
24.75  0.00912937354599071  1.1152397413040469e-05
24.8  0.00912938376217123  1.1088937318306548e-05
24.85  0.009129395365185231  1.102267225820626e-05
24.900000000000002  0.009129409186241545  1.0953751058282097e-05
24.950000000000003  0.009129425976092724  1.0882141557955064e-05
25.0  0.009129446313873649  1.0807592075796966e-05
25.05  0.00912947049672306  1.0729600812933704e-05
25.1  0.00912949842103335  1.0647400052686312e-05
25.150000000000002  0.009129529474596096  1.0559964516842417e-05
25.200000000000003  0.00912956246414603  1.0466053409682646e-05
25.25  0.009129595602054577  1.0364291837883569e-05
25.3  0.009129626567961428  1.0253289644865978e-05
25.35  0.00912965264805415  1.0131786229458845e-05
25.400000000000002  0.009129670940519419  9.998802076315787e-06
25.450000000000003  0.009129678604319572  9.85377430326017e-06
25.5  0.009129673121972673  9.696655458725067e-06
25.55  0.009129652545863471  9.527961189792966e-06
25.6  0.009129615700804623  9.348760854065088e-06
25.650000000000002  0.00912956232181605  9.160613674473461e-06
25.700000000000003  0.009129493114057155  8.965459944472855e-06
25.75  0.009129409730426565  8.765481281995473e-06
25.8  0.00912931467067159  8.562946061319878e-06
25.85  0.009129211113039867  8.36005595988387e-06
25.900000000000002  0.009129102695123858  8.158807780298243e-06
25.950000000000003  0.009128993264170498  7.960881689115813e-06
26.0  0.009128886618627846  7.767563341296946e-06
26.05  0.009128786262187202  7.579703612610954e-06
26.1  0.009128695189278857  7.397715836598463e-06
26.150000000000002  0.009128615717310712  7.221607378266569e-06
26.200000000000003  0.00912854937622025  7.051039632396483e-06
26.25  0.009128496860638477  6.88540886580757e-06
26.3  0.00912845804459982  6.7239393111929915e-06
26.35  0.009128432053624184  6.565779800512942e-06
26.400000000000002  0.009128417384811613  6.410095934957123e-06
26.450000000000003  0.009128412062363004  6.256151209814258e-06
26.5  0.009128413814160213  6.1033725850123005e-06
26.55  0.009128420254208342  5.951399335491457e-06
26.6  0.009128429053374607  5.80012052203428e-06
26.650000000000002  0.009128438066759371  5.6497203331556316e-06
26.700000000000003  0.00912844538448101  5.500739297509033e-06
26.75  0.009128449355443866  5.354075053933395e-06
26.8  0.009128448653747893  5.210897477835226e-06
26.85  0.00912844235688478  5.072530849118903e-06
26.900000000000002  0.00912842999804878  4.940322538952459e-06
26.950000000000003  0.009128411594820203  4.815503981245328e-06
27.0  0.009128387653548183  4.69905301226758e-06
27.05  0.009128359144028746  4.591570577151631e-06
27.1  0.009128327440229005  4.493185299091174e-06
27.150000000000002  0.009128294226600334  4.403497348649994e-06
27.200000000000003  0.009128261373958634  4.321569119691425e-06
27.25  0.00912823079364904  4.245965073290268e-06
27.3  0.009128204282454805  4.174836945754906e-06
27.35  0.009128183373078197  4.106045274507536e-06
27.400000000000002  0.0091281692046793  4.037305027458995e-06
27.450000000000003  0.009128162425767698  3.966342331566952e-06
27.5  0.009128163138714583  3.891049245112119e-06
27.55  0.009128170891514912  3.8096240840614646e-06
27.6  0.009128184718208802  3.7206866027255465e-06
27.650000000000002  0.009128203224720802  3.623360209019746e-06
27.700000000000003  0.009128224712306055  3.5173167267519494e-06
27.75  0.009128247327270553  3.402782267940643e-06
27.8  0.009128269223267042  3.2805053959317925e-06
27.85  0.009128288721730046  3.1516911955537115e-06
27.900000000000002  0.009128304456653299  3.0179071364323925e-06
27.950000000000003  0.009128315491945049  2.8809684524928143e-06
28.0  0.009128321402239119  2.74281192535206e-06
28.05  0.009128322311272682  2.605367549815107e-06
28.1  0.009128318885501516  2.4704376064448095e-06
28.150000000000002  0.009128312284415147  2.3395918770505912e-06
28.200000000000003  0.009128304072669978  2.2140861883807625e-06
28.25  0.009128296102308527  2.0948091146125603e-06
28.3  0.009128290375659959  1.9822591287769575e-06
28.35  0.009128288900815292  1.8765517910698608e-06
28.400000000000002  0.009128293551707512  1.7774542357854397e-06
28.450000000000003  0.009128305943908156  1.6844422352175277e-06
28.5  0.009128327335304949  1.596773681867788e-06
28.55  0.009128358558277955  1.5135715219767414e-06
28.6  0.009128399986855381  1.4339089727800859e-06
28.650000000000002  0.009128451539318027  1.3568902046382403e-06
28.700000000000003  0.009128512713715812  1.2817206417392113e-06
28.75  0.009128582651316205  1.207762342589477e-06
28.8  0.009128660221109098  1.1345715202404957e-06
28.85  0.009128744117327784  1.0619169484079997e-06
28.900000000000002  0.009128832961572346  9.897797099788874e-07
28.950000000000003  0.00912892540138447  9.183361333872176e-07
29.0  0.009129020198099072  8.479270167562189e-07
29.05  0.009129116298233923  7.790169607912924e-07
29.1  0.00912921288441177  7.121480874066385e-07
29.150000000000002  0.009129309403803774  6.478924141720696e-07
29.200000000000003  0.009129405573931656  5.868068350451294e-07
29.25  0.009129501367497957  5.293939828824321e-07
29.3  0.00912959697933218  4.7607150768628776e-07
29.35  0.009129692779650235  4.271512970912845e-07
29.400000000000002  0.009129789258493434  3.828291831518252e-07
29.450000000000003  0.009129886966401678  3.431848601107598e-07
29.5  0.009129986456236278  3.081908083329174e-07
29.55  0.009130088230430256  2.777285198400192e-07
29.6  0.009130192697197163  2.5160986750675076e-07
29.650000000000002  0.009130300138120573  2.2960126278942202e-07
29.700000000000003  0.009130410688517977  2.1144829234163174e-07
29.75  0.00913052433077344  1.9689872841167433e-07
29.8  0.009130640899910284  1.857221787272866e-07
29.85  0.009130760099748916  1.7772507911840508e-07
29.900000000000002  0.009130881527416142  1.7276032302426456e-07
29.950000000000003  0.009131004703514562  1.7073129052885827e-07
30.0  0.00913112910512386  1.7159055268675802e-07
30.05  0.009131254198898741  1.7533396752615052e-07
30.1  0.009131379471773235  1.8199116116163986e-07
30.150000000000002  0.009131504457240052  1.916136251088672e-07
30.200000000000003  0.009131628755685095  2.0426170698530652e-07
30.25  0.009131752047910524  2.1999174128390937e-07
30.3  0.009131874101537495  2.388444379790213e-07
30.35  0.009131994770565734  2.608354214865202e-07
30.400000000000002  0.009132113988842918  2.859485354385501e-07
30.450000000000003  0.009132231758601141  3.14132267359565e-07
30.5  0.009132348135415556  3.452993038792723e-07
30.55  0.00913246321109037  3.7932901519166897e-07
30.6  0.009132577096012968  4.160724044820858e-07
30.650000000000002  0.009132689902286505  4.553589291008591e-07
30.700000000000003  0.009132801728880636  4.970044918634433e-07
30.75  0.009132912649660702  5.408198583666804e-07
30.8  0.009133022704886373  5.866188206854603e-07
30.85  0.009133131896449372  6.342254463016089e-07
30.900000000000002  0.009133240186824657  6.834800063036596e-07
30.950000000000003  0.009133347501361546  7.34243142951421e-07
31.0  0.009133453733451645  7.863981957109039e-07
31.05  0.00913355875182629  8.39851612518443e-07
31.1  0.009133662409223794  8.945316178955742e-07
31.150000000000002  0.009133764551632466  9.503853661721831e-07
31.200000000000003  0.009133865027315943  1.007374967740911e-06
31.25  0.00913396369499121  1.0654727371089707e-06
31.3  0.00913406043060501  1.1246561404280398e-06
31.35  0.009134155132324372  1.1849027969712891e-06
31.400000000000002  0.00913424772355118  1.2461859463614388e-06
31.450000000000003  0.00913433815392045  1.3084706475332024e-06
31.5  0.009134426398400685  1.3717109347749284e-06
31.55  0.00913451245474264  1.4358480579241672e-06
31.6  0.00913459633963529  1.5008098344138662e-06
31.650000000000002  0.009134678083970178  1.5665110933413598e-06
31.700000000000003  0.009134757727659013  1.6328550280136694e-06
31.75  0.009134835314436367  1.6997353461846855e-06
31.8  0.009134910887042939  1.7670389716457468e-06
31.85  0.009134984483101516  1.8346490374635677e-06
31.900000000000002  0.009135056131947573  1.9024479817133805e-06
31.950000000000003  0.00913512585255355  1.9703204894265113e-06
32.0  0.009135193652606215  2.0381561055493277e-06
32.050000000000004  0.009135259528685335  2.105851381994765e-06
32.1  0.009135323467464214  2.1733114392914104e-06
32.15  0.009135385447688455  2.2404509064784207e-06
32.2  0.009135445442765608  2.3071942407295156e-06
32.25  0.00913550342369417  2.3734754661864548e-06
32.300000000000004  0.009135559362057618  2.4392374155866696e-06
32.35  0.009135613232873395  2.5044305826322816e-06
32.4  0.009135665017076279  2.569011693651427e-06
32.45  0.009135714703478882  2.632942158509871e-06
32.5  0.009135762290092959  2.6961864934109945e-06
32.550000000000004  0.009135807784774406  2.7587108648506565e-06
32.6  0.009135851205184746  2.820481803906779e-06
32.65  0.009135892578117866  2.8814652106944993e-06
32.7  0.009135931938314062  2.9416256717319377e-06
32.75  0.009135969326860277  3.000926074543729e-06
32.800000000000004  0.00913600478935035  3.0593275857944e-06
32.85  0.009136038373933265  3.1167898812078064e-06
32.9  0.009136070129426778  3.1732716330849808e-06
32.95  0.009136100103611234  3.2287311755417472e-06
33.0  0.009136128341819982  3.283127267118802e-06
33.050000000000004  0.009136154885885914  3.3364198900629285e-06
33.1  0.009136179773505892  3.3885710293196972e-06
33.15  0.009136203038029403  3.439545349314744e-06
33.2  0.009136224708631908  3.4893107312465262e-06
33.25  0.009136244810821021  3.5378386729061507e-06
33.300000000000004  0.00913626336723666  3.5851044582721784e-06
33.35  0.00913628039860339  3.6310871811823914e-06
33.4  0.009136295924794723  3.6757695880922764e-06
33.45  0.009136309965883417  3.719137759641269e-06
33.5  0.009136322543114325  3.7611807197976e-06
33.550000000000004  0.009136333679727562  3.8018899416596445e-06
33.6  0.009136343401571333  3.841258849149288e-06
33.65  0.009136351737499621  3.87928233125471e-06
33.7  0.009136358719521048  3.915956319264777e-06
33.75  0.009136364382713298  3.951277437646129e-06
33.800000000000004  0.009136368764956982  3.985242769781461e-06
33.85  0.009136371906483823  4.0178497354299e-06
33.9  0.00913637384932794  4.0490960875722536e-06
33.95  0.009136374636721404  4.078980024694071e-06
34.0  0.00913637431247371  4.107500371306502e-06
34.050000000000004  0.00913637292040441  4.134656838500458e-06
34.1  0.009136370503843607  4.160450313188608e-06
34.15  0.009136367105258898  4.184883163562748e-06
34.2  0.009136362766004174  4.20795951030275e-06
34.25  0.009136357526188153  4.229685463221194e-06
34.300000000000004  0.009136351424687309  4.250069305958076e-06
34.35  0.009136344499267136  4.269121584692722e-06
34.4  0.009136336786774873  4.286855139329566e-06
34.45  0.009136328323396788  4.303285054439948e-06
34.5  0.009136319144947228  4.318428534620829e-06
34.550000000000004  0.009136309287135939  4.332304735673556e-06
34.6  0.009136298785822191  4.344934550864143e-06
34.65  0.009136287677196276  4.356340366896082e-06
34.7  0.009136275997902244  4.3665458091047865e-06
34.75  0.009136263785070873  4.3755755134580005e-06
34.800000000000004  0.00913625107629015  4.38345489222903e-06
34.85  0.009136237909494634  4.390209939825239e-06
34.9  0.009136224322789384  4.395867070229825e-06
34.95  0.009136210354242336  4.400452986603684e-06
35.0  0.009136196041653593  4.403994584917725e-06
35.050000000000004  0.009136181422314205  4.406518904164305e-06
35.1  0.009136166532782559  4.408053078163083e-06
35.15  0.009136151408697704  4.408624337681993e-06
35.2  0.009136136084627329  4.408260013594059e-06
35.25  0.009136120593976903  4.406987552722742e-06
35.300000000000004  0.009136104968939381  4.404834537418073e-06
35.35  0.009136089240507128  4.401828707570029e-06
35.4  0.009136073438518029  4.3979979816584185e-06
35.45  0.009136057591749618  4.3933704633851716e-06
35.5  0.009136041728025335  4.3879744455012424e-06
35.550000000000004  0.009136025874348225  4.3818384109126605e-06
35.6  0.009136010057018213  4.3749910057730174e-06
35.65  0.009135994301753988  4.3674610383886395e-06
35.7  0.009135978633794891  4.359277449437506e-06
35.75  0.00913596307797613  4.3504692969002475e-06
35.800000000000004  0.00913594765878414  4.341065735881248e-06
35.85  0.00913593240037441  4.33109600266984e-06
35.9  0.009135917326573477  4.320589404138979e-06
35.95  0.009135902460854495  4.309575325454787e-06
36.0  0.009135887826294015  4.2980832215694115e-06
36.050000000000004  0.009135873445517724  4.286142625617635e-06
36.1  0.009135859340631314  4.273783153412839e-06
36.15  0.009135845533161737  4.261034508294692e-06
36.2  0.009135832043983765  4.247926469223525e-06
36.25  0.009135818893264973  4.23448886990971e-06
36.300000000000004  0.009135806100403245  4.220751565971279e-06
36.35  0.009135793683990659  4.2067443836512155e-06
36.4  0.009135781661767463  4.192497048304401e-06
36.45  0.00913577005059738  4.178039100815928e-06
36.5  0.00913575886645233  4.163399800343338e-06
36.550000000000004  0.009135748124383006  4.148608016231914e-06
36.6  0.00913573783852194  4.133692115169995e-06
36.65  0.009135728022071106  4.118679859475957e-06
36.7  0.009135718687305366  4.103598303825033e-06
36.75  0.009135709845566917  4.08847370548767e-06
36.800000000000004  0.009135701507258252  4.073331457138429e-06
36.85  0.009135693681858513  4.058196032156796e-06
36.9  0.009135686377906927  4.043090958374691e-06
36.95  0.00913567960301893  4.02803879883247e-06
37.0  0.00913567336388451  4.013061165803356e-06
37.050000000000004  0.009135667666277915  3.998178751988266e-06
37.1  0.009135662515075759  3.983411348836062e-06
37.15  0.009135657914282405  3.968777905535641e-06
37.2  0.009135653867051844  3.954296579204686e-06
37.25  0.009135650375726395  3.939984795234893e-06
37.300000000000004  0.009135647441883303  3.92585929675902e-06
37.35  0.009135645066378335  3.911936211689116e-06
37.4  0.009135643249403313  3.898231098904237e-06
37.45  0.009135641990535358  3.8847590040595324e-06
37.5  0.009135641288791897  3.87153450720002e-06
37.550000000000004  0.00913564114268776  3.858571746490568e-06
37.6  0.009135641550270301  3.845884460331784e-06
37.65  0.009135642509169425  3.833486007261307e-06
37.7  0.009135644016626912  3.821389367151249e-06
37.75  0.009135646069509156  3.809607150989929e-06
37.800000000000004  0.009135648664330524  3.7981515904058163e-06
37.85  0.009135651797258696  3.787034512536e-06
37.9  0.009135655464096306  3.7762673211071845e-06
37.95  0.009135659660278107  3.7658609550952774e-06
38.0  0.009135664380859321  3.7558258487154026e-06
38.050000000000004  0.00913566962048185  3.7461718888864262e-06
38.1  0.009135675373355946  3.736908375529804e-06
38.15  0.009135681633238378  3.7280439750827328e-06
38.2  0.009135688393404515  3.719586671391544e-06
38.25  0.009135695646619172  3.7115437241540174e-06
38.300000000000004  0.009135703385132784  3.7039216369133e-06
38.35  0.009135711600647665  3.696726119225809e-06
38.400000000000006  0.00913572028431887  3.6899620538459552e-06
38.45  0.00913572942674848  3.6836334602288637e-06
38.5  0.009135739017986932  3.6777434748161072e-06
38.550000000000004  0.009135749047547779  3.672294344391825e-06
38.6  0.00913575950441524  3.667287384677149e-06
38.650000000000006  0.009135770377083612  3.6627229992151097e-06
38.7  0.009135781653582229  3.658600674100274e-06
38.75  0.009135793321517153  3.6549190035242837e-06
38.800000000000004  0.009135805368117152  3.651675711964649e-06
38.85  0.009135817780282163  3.648867710204283e-06
38.900000000000006  0.009135830544632713  3.6464911543991054e-06
38.95  0.009135843647570797  3.644541521473626e-06
39.0  0.0091358570753249  3.64301369317827e-06
39.050000000000004  0.009135870814007716  3.641902054779913e-06
39.1  0.009135884849656769  3.641200587973289e-06
39.150000000000006  0.009135899168294187  3.64090297704997e-06
39.2  0.009135913755951674  3.641002705805931e-06
39.25  0.009135928598717797  3.641493139735076e-06
39.300000000000004  0.009135943682761733  3.6423676165488997e-06
39.35  0.0091359589943645  3.6436194994456713e-06
39.400000000000006  0.009135974519942008  3.645242238230217e-06
39.45  0.009135990246062447  3.6472294130172433e-06
39.5  0.00913600615945533  3.6495747452058467e-06
39.550000000000004  0.009136022247021602  3.6522721182470283e-06
39.6  0.009136038495839313  3.655315566995147e-06
39.650000000000006  0.009136054893151455  3.6586992558413516e-06
39.7  0.00913607142637022  3.662417460542351e-06
39.75  0.00913608808305484  3.6664645133776207e-06
39.800000000000004  0.009136104850901081  3.6708347585519383e-06
39.85  0.009136121717716307  3.675522483151221e-06
39.900000000000006  0.009136138671400347  3.680521855238376e-06
39.95  0.009136155699912562  3.685826836755926e-06
40.0  0.009136172791254407  3.6914311120655368e-06
40.050000000000004  0.009136189933451031  3.697328005849358e-06
40.1  0.00913620711452387  3.7035104125381644e-06
40.150000000000006  0.009136224322490293  3.709970721388811e-06
40.2  0.009136241545341206  3.7167007687132023e-06
40.25  0.00913625877104749  3.7236917891441085e-06
40.300000000000004  0.009136275987569498  3.7309343968491946e-06
40.35  0.009136293182861958  3.738418577669796e-06
40.400000000000006  0.00913631034490449  3.746133706146145e-06
40.45  0.00913632746172053  3.7540685764322576e-06
40.5  0.009136344521410537  3.7622114569116414e-06
40.550000000000004  0.009136361512190331  3.7705501585092436e-06
40.6  0.009136378422430988  3.779072110129478e-06
40.650000000000006  0.009136395240697419  3.7877644594115677e-06
40.7  0.009136411955797431  3.7966141690252368e-06
40.75  0.00913642855682613  3.8056081189281605e-06
40.800000000000004  0.009136445033207749  3.814733210080149e-06
40.85  0.009136461374740754  3.823976480700627e-06
40.900000000000006  0.009136477571636768  3.8333252042206645e-06
40.95  0.009136493614563028  3.842766983365865e-06
41.0  0.009136509494661198  3.852289847346526e-06
41.050000000000004  0.009136525203572846  3.861882325415552e-06
41.1  0.00913654073346186  3.871533520583958e-06
41.150000000000006  0.00913655607700499  3.8812331618845604e-06
41.2  0.009136571227400817  3.890971636380069e-06
41.25  0.009136586178345014  3.9007400141870675e-06
41.300000000000004  0.009136600924008  3.910530036080979e-06
41.35  0.009136615459006422  3.920334097480343e-06
41.400000000000006  0.009136629778362975  3.9301451948934056e-06
41.45  0.009136643877471057  3.9399568816856e-06
41.5  0.00913665775204301  3.949763175196269e-06
41.550000000000004  0.009136671398069708  3.959558481172326e-06
41.6  0.00913668481178274  3.969337500861177e-06
41.650000000000006  0.009136697989611666  3.979095127653893e-06
41.7  0.00913671092816008  3.988826361453674e-06
41.75  0.009136723624176061  3.99852621693576e-06
41.800000000000004  0.009136736074536887  4.008189643973058e-06
41.85  0.009136748276235417  4.017811476191729e-06
41.900000000000006  0.009136760226374765  4.0273863629545765e-06
41.95  0.009136771922177482  4.036908735751213e-06
42.0  0.009136783360989609  4.04637279391467e-06
42.050000000000004  0.009136794540287922  4.055772484596785e-06
42.1  0.009136805457700358  4.065101514145271e-06
42.150000000000006  0.009136816111027369  4.0743533666241175e-06
42.2  0.009136826498262817  4.083521328768561e-06
42.25  0.009136836617621633  4.092598533879388e-06
42.300000000000004  0.009136846467558779  4.101578010733305e-06
42.35  0.00913685604680748  4.110452750130016e-06
42.400000000000006  0.00913686535439543  4.1192157771617285e-06
42.45  0.009136874389682081  4.127860215711362e-06
42.5  0.009136883152381755  4.136379385187344e-06
42.550000000000004  0.009136891642584452  4.144766873957219e-06
42.6  0.00913689986076955  4.153016637962884e-06
42.650000000000006  0.009136907807832167  4.16112307219049e-06
42.7  0.009136915485085136  4.169081088030652e-06
42.75  0.009136922894261516  4.176886181474877e-06
42.800000000000004  0.009136930037515178  4.1845344810487336e-06
42.85  0.009136936917405278  4.192022784820935e-06
42.900000000000006  0.009136943536892417  4.19934857233379e-06
42.95  0.009136949899301132  4.206510018404984e-06
43.0  0.009136956008310106  4.213505966097018e-06
43.050000000000004  0.00913696186790318  4.220335893494805e-06
43.1  0.009136967482345226  4.22699987617911e-06
43.150000000000006  0.009136972856144156  4.233498520367102e-06
43.2  0.009136977993999665  4.239832890715392e-06
43.25  0.009136982900774426  4.246004437307956e-06
43.300000000000004  0.009136987581442789  4.252014909406987e-06
43.35  0.00913699204105193  4.257866279765176e-06
43.400000000000006  0.009136996284679476  4.263560638810072e-06
43.45  0.009137000317407884  4.269100120699704e-06
43.5  0.00913700414427831  4.274486826991663e-06
43.550000000000004  0.009137007770280437  4.279722743323838e-06
43.6  0.009137011200324074  4.28480967167743e-06
43.650000000000006  0.009137014439238682  4.289749182853869e-06
43.7  0.009137017491756515  4.294542561577598e-06
43.75  0.00913702036253301  4.299190794908661e-06
43.800000000000004  0.009137023056152587  4.303694552035774e-06
43.85  0.00913702557714976  4.308054195055141e-06
43.900000000000006  0.00913702793003627  4.312269814958918e-06
43.95  0.009137030119331938  4.3163412596894835e-06
44.0  0.009137032149588609  4.32026820711926e-06
44.050000000000004  0.009137034025428776  4.3240502290302395e-06
44.1  0.009137035751574173  4.327686875738078e-06
44.150000000000006  0.009137037332877726  4.33117775245701e-06
44.2  0.009137038774342016  4.334522626453117e-06
44.25  0.009137040081146401  4.33772148644235e-06
44.300000000000004  0.009137041258664956  4.340774638818181e-06
44.35  0.009137042312469396  4.343682769953662e-06
44.400000000000006  0.009137043248347923  4.3464470044930065e-06
44.45  0.009137044072298737  4.349068955088772e-06
44.5  0.009137044790527928  4.351550742934371e-06
44.550000000000004  0.009137045409440532  4.353895035807802e-06
44.6  0.009137045935619878  4.356105036931203e-06
44.650000000000006  0.009137046375813515  4.358184482343072e-06
44.7  0.009137046736899933  4.360137622172087e-06
44.75  0.009137047025859709  4.3619691744519904e-06
44.800000000000004  0.009137047249729021  4.363684285909632e-06
44.85  0.009137047415561223  4.365288467166864e-06
44.900000000000006  0.009137047530380802  4.366787514001119e-06
44.95  0.00913704760113252  4.3681874366854586e-06
45.0  0.00913704763463083  4.369494359844617e-06
45.050000000000004  0.009137047637510574  4.370714424864605e-06
45.1  0.009137047616189747  4.371853700455355e-06
45.150000000000006  0.009137047576829954  4.372918083491654e-06
45.2  0.009137047525298921  4.37391321069327e-06
45.25  0.009137047467154727  4.374844371787465e-06
45.300000000000004  0.009137047407632121  4.375716447803737e-06
45.35  0.009137047351630428  4.376533860279768e-06
45.400000000000006  0.009137047303726126  4.377300531123549e-06
45.45  0.009137047268175935  4.378019871056384e-06
45.5  0.009137047248941134  4.378694771865017e-06
45.550000000000004  0.009137047249719414  4.379327636090181e-06
45.6  0.009137047273964943  4.379920406335071e-06
45.650000000000006  0.009137047324925806  4.380474611698909e-06
45.7  0.009137047405693616  4.380991423983771e-06
45.75  0.009137047519227202  4.3814717290208876e-06
45.800000000000004  0.009137047668401512  4.381916190236495e-06
45.85  0.009137047856045199  4.382325336370623e-06
45.900000000000006  0.009137048084971807  4.382699636878854e-06
45.95  0.00913704835801973  4.383039579079274e-06
46.0  0.009137048678080444  4.383345747079894e-06
46.050000000000004  0.009137049048117612  4.3836189008667555e-06
46.1  0.009137049471183753  4.383860042942898e-06
46.150000000000006  0.009137049950433601  4.384070478644965e-06
46.2  0.009137050489117194  4.38425187122344e-06
46.25  0.009137051090571842  4.384406286624262e-06
46.300000000000004  0.00913705175820894  4.384536208040389e-06
46.35  0.009137052495487668  4.384644557554158e-06
46.400000000000006  0.009137053305879165  4.384734677564245e-06
46.45  0.009137054192836901  4.384810325432694e-06
46.5  0.009137055159744362  4.3848756121495905e-06
46.550000000000004  0.009137056209885443  4.384934956011338e-06
46.6  0.009137057346393335  4.384993009761405e-06
46.650000000000006  0.00913705857221337  4.3850545916304575e-06
46.7  0.009137059890065292  4.3851245905518845e-06
46.75  0.009137061302413065  4.385207880633205e-06
46.800000000000004  0.009137062811425649  4.3853092375701e-06
46.85  0.009137064418967545  4.385433252348798e-06
46.900000000000006  0.009137066126577699  4.385584242916395e-06
46.95  0.009137067935451151  4.385766205460223e-06
47.0  0.009137069846447674  4.385982731509646e-06
47.050000000000004  0.00913707186009127  4.386236972836097e-06
47.1  0.009137073976569685  4.386531598054254e-06
47.150000000000006  0.009137076195757345  4.386868763666036e-06
47.2  0.009137078517233199  4.387250102290668e-06
47.25  0.009137080940300177  4.387676709495742e-06
47.300000000000004  0.009137083464020208  4.3881491697963875e-06
47.35  0.009137086087243753  4.388667569176939e-06
47.400000000000006  0.009137088808649552  4.38923153524653e-06
47.45  0.009137091626780778  4.389840273375987e-06
47.5  0.00913709454008849  4.390492645149125e-06
47.550000000000004  0.009137097546964415  4.3911872173649485e-06
47.6  0.009137100645782926  4.3919223445575205e-06
47.650000000000006  0.009137103834927017  4.39269625228904e-06
47.7  0.00913710711282108  4.393507117640032e-06
47.75  0.009137110477959235  4.3943531454038284e-06
47.800000000000004  0.009137113928910645  4.395232651891053e-06
47.85  0.009137117464339782  4.396144134037323e-06
47.900000000000006  0.009137121083006409  4.3970863214799175e-06
47.95  0.009137124783764817  4.3980582352300276e-06
48.0  0.00913712856555151  4.399059215923055e-06
48.050000000000004  0.009137132427382615  4.400088947996428e-06
48.1  0.009137136368327017  4.401147477327673e-06
48.150000000000006  0.009137140387490111  4.402235197428837e-06
48.2  0.00913714448398336  4.403352840857489e-06
48.25  0.009137148656904783  4.40450145169761e-06
48.300000000000004  0.00913715290530697  4.405682350556723e-06
48.35  0.009137157228162713  4.406897088517984e-06
48.400000000000006  0.009137161624343757  4.408147396237972e-06
48.45  0.00913716609258207  4.4094351211560975e-06
48.5  0.009137170631453046  4.410762163462761e-06
48.550000000000004  0.009137175239348854  4.41213040969213e-06
48.6  0.00913717991445514  4.413541645279992e-06
48.650000000000006  0.009137184654748217  4.414997503323053e-06
48.7  0.009137189457978971  4.4164993783630765e-06
48.75  0.009137194321679271  4.418048355448671e-06
48.800000000000004  0.009137199243168262  4.419645176105872e-06
48.85  0.009137204219570646  4.421290172805167e-06
48.900000000000006  0.009137209247834985  4.422983234615382e-06
48.95  0.009137214324759403  4.424723798451889e-06
49.0  0.009137219447026858  4.426510841594098e-06
49.050000000000004  0.00913722461123452  4.428342897371364e-06
49.1  0.009137229813932325  4.430218077031405e-06
49.150000000000006  0.00913723505165606  4.432134121696565e-06
49.2  0.009137240320954143  4.434088450264737e-06
49.25  0.009137245618432429  4.436078226568855e-06
49.300000000000004  0.009137250940771406  4.438100426585939e-06
49.35  0.009137256284747442  4.440151916382392e-06
49.400000000000006  0.009137261647268654  4.4422295261884294e-06
49.45  0.009137267025376393  4.44433012200486e-06
49.5  0.00913727241627495  4.446450679570721e-06
49.550000000000004  0.009137277817330319  4.448588346262113e-06
49.6  0.009137283226082826  4.4507405094158575e-06
49.650000000000006  0.00913728864025085  4.452904844629295e-06
49.7  0.00913729405772782  4.455079351506537e-06
49.75  0.00913729947657899  4.45726240137415e-06
49.800000000000004  0.009137304895028602  4.459452741326043e-06
49.85  0.0091373103114421  4.461649517627762e-06
49.900000000000006  0.009137315724308988  4.463852263584644e-06
49.95  0.009137321132215345  4.4660608838845844e-06
50.0  0.009137326533816008  4.468275619332626e-06
50.050000000000004  0.009137331927806146  4.470496999892809e-06
50.1  0.009137337312886427  4.472725787616795e-06
50.150000000000006  0.009137342687732242  4.474962922385787e-06
50.2  0.009137348050968837  4.477209436712403e-06
50.25  0.009137353401146592  4.479466383282521e-06
50.300000000000004  0.00913735873671519  4.481734756818837e-06
50.35  0.009137364056012554  4.484015430781618e-06
50.400000000000006  0.009137369357256132  4.48630909039916e-06
50.45  0.009137374638544882  4.488616167216942e-06
50.5  0.009137379897853671  4.490936798517942e-06
50.550000000000004  0.00913738513304933  4.4932707956060985e-06
50.6  0.009137390341897835  4.4956176141858445e-06
50.650000000000006  0.009137395522081194  4.49797634393984e-06
50.7  0.009137400671231994  4.500345713685382e-06
50.75  0.009137405786944457  4.502724092054849e-06
50.800000000000004  0.009137410866804176  4.505109521962651e-06
50.85  0.009137415908425173  4.5074997367235766e-06
50.900000000000006  0.009137420909473363  4.509892204823131e-06
50.95  0.009137425867705672  4.512284181226755e-06
51.0  0.009137430780999075  4.514672743246911e-06
51.050000000000004  0.009137435647381217  4.517054869939265e-06
51.1  0.009137440465064994  4.519427495391166e-06
51.150000000000006  0.009137445232464176  4.521787581300801e-06
51.2  0.009137449948230422  4.524132181157241e-06
51.25  0.009137454611252677  4.526458513626024e-06
51.300000000000004  0.009137459220679099  4.5287640355130875e-06
51.35  0.009137463775909922  4.531046492455015e-06
51.400000000000006  0.009137468276595284  4.533303977778474e-06
51.45  0.00913747272262477  4.535534965485874e-06
51.5  0.009137477114105858  4.537738354342877e-06
51.550000000000004  0.009137481451342919  4.539913472259821e-06
51.6  0.009137485734808635  4.542060084907276e-06
51.650000000000006  0.009137489965107711  4.544178380662769e-06
51.7  0.009137494142950807  4.546268942962268e-06
51.75  0.009137498269112768  4.548332713649435e-06
51.800000000000004  0.00913750234440117  4.55037095140943e-06
51.85  0.009137506369628338  4.552385168460989e-06
51.900000000000006  0.009137510345571549  4.554377082996051e-06
51.95  0.009137514272952183  4.556348539379014e-06
52.0  0.009137518152406727  4.55830144734722e-06
52.050000000000004  0.009137521984468  4.5602377232837905e-06
52.1  0.009137525769545997  4.562159212053319e-06
52.150000000000006  0.009137529507915517  4.564067632255027e-06
52.2  0.009137533199712607  4.565964517933561e-06
52.25  0.009137536844933972  4.567851155756904e-06
52.300000000000004  0.009137540443438594  4.569728549633928e-06
52.35  0.00913754399496874  4.57159738387065e-06
52.400000000000006  0.00913754749916166  4.573457981488574e-06
52.45  0.009137550955576928  4.575310299384484e-06
52.5  0.009137554363725077  4.577153917574128e-06
52.550000000000004  0.009137557723106416  4.578988050225495e-06
52.6  0.009137561033237733  4.580811563068715e-06
52.650000000000006  0.009137564293692044  4.582622993456998e-06
52.7  0.009137567504132266  4.584420611907414e-06
52.75  0.009137570664342965  4.586202458662953e-06
52.800000000000004  0.009137573774255354  4.587966403745455e-06
52.85  0.009137576833971463  4.589710208923131e-06
52.900000000000006  0.009137579843785538  4.591431595021302e-06
52.95  0.009137582804190513  4.593128313803811e-06
53.0  0.009137585715890297  4.594798201173469e-06
53.050000000000004  0.009137588579795656  4.596439248137532e-06
53.1  0.009137591397025902  4.598049663659984e-06
53.150000000000006  0.009137594168903508  4.599627914933144e-06
53.2  0.009137596896940547  4.601172787854302e-06
53.25  0.00913759958282409  4.602683416170695e-06
53.300000000000004  0.009137602228401018  4.604159324129206e-06
53.35  0.009137604835659278  4.605600433112329e-06
53.400000000000006  0.009137607406693442  4.607007086907672e-06
53.45  0.009137609943689552  4.608380039477719e-06
53.5  0.00913761244888275  4.609720460898225e-06
53.550000000000004  0.009137614924534776  4.611029894946992e-06
53.6  0.009137617372893276  4.612310234057874e-06
53.650000000000006  0.009137619796161336  4.613563674710252e-06
53.7  0.009137622196464124  4.614792657184688e-06
53.75  0.009137624575817061  4.615999806520095e-06
53.800000000000004  0.009137626936095872  4.617187863233596e-06
53.85  0.009137629279018344  4.618359605458545e-06
53.900000000000006  0.009137631606129574  4.6195177899755325e-06
53.95  0.009137633918786699  4.62066507795093e-06
54.0  0.009137636218163055  4.621803969977135e-06
54.050000000000004  0.009137638505246681  4.6229367490055375e-06
54.1  0.009137640780846213  4.624065436590393e-06
54.150000000000006  0.00913764304562097  4.625191758127732e-06
54.2  0.009137645300081335  4.626317103864901e-06
54.25  0.009137647544624906  4.627442529093551e-06
54.300000000000004  0.009137649779553697  4.628568727920183e-06
54.35  0.009137652005111265  4.6296960445246695e-06
54.400000000000006  0.009137654221497066  4.630824484927259e-06
54.45  0.009137656428905107  4.631953722685194e-06
54.5  0.00913765862754474  4.633083131237443e-06
54.550000000000004  0.009137660817672227  4.634211817590103e-06
54.6  0.009137662999605608  4.635338646299166e-06
54.650000000000006  0.009137665173756016  4.636462292875721e-06
54.7  0.009137667340639716  4.63758128545471e-06
54.75  0.009137669500890191  4.638694055369009e-06
54.800000000000004  0.00913767165526693  4.639799001234933e-06
54.85  0.009137673804664787  4.64089453210202e-06
54.900000000000006  0.009137675950105818  4.6419791316229466e-06
54.95  0.009137678092735637  4.64305141198646e-06
55.0  0.009137680233811282  4.644110160875801e-06
55.050000000000004  0.009137682374679665  4.645154387693284e-06
55.1  0.00913768451676768  4.646183371075454e-06
55.150000000000006  0.009137686661553837  4.647196674130796e-06
55.2  0.009137688810543512  4.648194182707403e-06
55.25  0.009137690965251284  4.649176114725412e-06
55.300000000000004  0.009137693127172313  4.650143017073693e-06
55.35  0.00913769529776733  4.651095768152353e-06
55.400000000000006  0.009137697478436055  4.652035558559578e-06
55.45  0.00913769967050447  4.652963881158329e-06
55.5  0.009137701875210884  4.653882489391429e-06
55.550000000000004  0.009137704093688213  4.654793371914538e-06
55.6  0.00913770632694502  4.655698711089314e-06
55.650000000000006  0.009137708575867369  4.656600841659159e-06
55.7  0.00913771084119996  4.657502194104748e-06
55.75  0.009137713123536555  4.658405265934576e-06
55.800000000000004  0.009137715423316902  4.659312538658647e-06
55.85  0.00913771774081635  4.660226452214212e-06
55.900000000000006  0.009137720076146466  4.661149342938828e-06
55.95  0.009137722429261079  4.662083398908931e-06
56.0  0.0091377247999583  4.663030616383959e-06
56.050000000000004  0.009137727187886632  4.663992760186903e-06
56.1  0.009137729592566767  4.664971337589065e-06
56.150000000000006  0.009137732013402906  4.665967565932103e-06
56.2  0.009137734449707422  4.666982365111145e-06
56.25  0.009137736900726341  4.668016345900263e-06
56.300000000000004  0.009137739365647234  4.669069813326675e-06
56.35  0.00913774184363729  4.670142771931018e-06
56.400000000000006  0.009137744333858722  4.67123494119761e-06
56.45  0.00913774683548638  4.672345777709144e-06
56.5  0.009137749347725307  4.6734745013423664e-06
56.550000000000004  0.00913775186982458  4.674620123379543e-06
56.6  0.009137754401080932  4.675781476074436e-06
56.650000000000006  0.009137756940858721  4.676957266293042e-06
56.7  0.00913775948858367  4.6781460968215284e-06
56.75  0.00913776204375648  4.679346522540643e-06
56.800000000000004  0.009137764605952624  4.6805570894139495e-06
56.85  0.009137767174820946  4.68177638379832e-06
56.900000000000006  0.009137769750086594  4.683003077586318e-06
56.95  0.009137772331551195  4.684235969618978e-06
57.0  0.009137774919082114  4.685474028838087e-06
57.050000000000004  0.00913777751261275  4.686716439305074e-06
57.1  0.009137780112132492  4.687962621891721e-06
57.150000000000006  0.009137782717678233  4.689212264977346e-06
57.2  0.009137785329313397  4.690465346136798e-06
57.25  0.009137787947122299  4.691722119090245e-06
57.300000000000004  0.009137790571187725  4.692983144190233e-06
57.35  0.009137793201586213  4.694249263967722e-06
57.400000000000006  0.009137795838360725  4.695521579329946e-06
57.45  0.009137798481516912  4.696801442416064e-06
57.5  0.009137801131006092  4.698090409364377e-06
57.550000000000004  0.009137803786721167  4.6993902240725005e-06
57.6  0.009137806448481674  4.700702771270925e-06
57.650000000000006  0.009137809116050142  4.702030030879188e-06
57.7  0.009137811789109232  4.703374046310363e-06
57.75  0.009137814467271447  4.704736869530252e-06
57.800000000000004  0.009137817150082229  4.706120517221899e-06
57.85  0.009137819837025636  4.707526924291696e-06
57.900000000000006  0.00913782252751772  4.708957904932861e-06
57.95  0.009137825220922088  4.7104150897454e-06
58.0  0.009137827916553628  4.711899914248822e-06
58.050000000000004  0.009137830613683909  4.713413553528113e-06
58.1  0.009137833311548682  4.7149569074227756e-06
58.150000000000006  0.00913783600935043  4.716530570986492e-06
58.2  0.009137838706284351  4.718134820290421e-06
58.25  0.009137841401536497  4.719769600161302e-06
58.300000000000004  0.009137844094296476  4.721434527312635e-06
58.35  0.009137846783775435  4.723128905403267e-06
58.400000000000006  0.009137849469209548  4.724851732384441e-06
58.45  0.009137852149880665  4.726601740086397e-06
58.5  0.009137854825118082  4.728377411527607e-06
58.550000000000004  0.00913785749431709  4.730177025808065e-06
58.6  0.009137860156939391  4.73199870481395e-06
58.650000000000006  0.009137862812521335  4.7338404428942985e-06
58.7  0.009137865460680749  4.73570017407905e-06
58.75  0.009137868101121313  4.7375758101821336e-06
58.800000000000004  0.009137870733644526  4.73946529098453e-06
58.85  0.0091378733581438  4.741366640216289e-06
58.900000000000006  0.009137875974612316  4.743278006521753e-06
58.95  0.009137878583142429  4.7451977262068365e-06
59.0  0.009137881183928227  4.747124355571075e-06
59.050000000000004  0.009137883777262535  4.749056715800694e-06
59.1  0.009137886363535328  4.750993928886115e-06
59.150000000000006  0.009137888943219631  4.752935433724795e-06
59.2  0.009137891516871357  4.754881009549916e-06
59.25  0.009137894085100582  4.756830770002453e-06
59.300000000000004  0.009137896648574801  4.758785164528389e-06
59.35  0.009137899207983876  4.7607449509912765e-06
59.400000000000006  0.009137901764031635  4.762711160757242e-06
59.45  0.00913790431740614  4.764685067620942e-06
59.5  0.009137906868767035  4.7666681226074385e-06
59.550000000000004  0.009137909418730782  4.768661894546326e-06
59.6  0.00913791196784683  4.7706680237314075e-06
59.650000000000006  0.009137914516592084  4.772688144493592e-06
59.7  0.009137917065360757  4.774723821368706e-06
59.75  0.0091379196144575  4.776776496951004e-06
59.800000000000004  0.009137922164092599  4.778847428936906e-06
59.85  0.009137924714381625  4.780937643904541e-06
59.900000000000006  0.00913792726534469  4.783047888399312e-06
59.95  0.009137929816912678  4.785178587209625e-06
60.0  0.009137932368921376  4.787329826717065e-06
60.050000000000004  0.009137934921136532  4.789501317352049e-06
60.1  0.009137937473243457  4.791692382329505e-06
60.150000000000006  0.009137940024854648  4.793901963691079e-06
60.2  0.009137942575531069  4.7961286151254395e-06
60.25  0.009137945124784906  4.798370512330103e-06
60.300000000000004  0.009137947672099134  4.8006255008477944e-06
60.35  0.009137950216941438  4.8028911116549376e-06
60.400000000000006  0.009137952758778555  4.805164614217689e-06
60.45  0.009137955297092869  4.807443069503785e-06
60.5  0.009137957831405558  4.8097233933789315e-06
60.550000000000004  0.009137960361285013  4.81200242089311e-06
60.6  0.009137962886373753  4.81427698156324e-06
60.650000000000006  0.009137965406388636  4.816543962809518e-06
60.7  0.00913796792114005  4.818800385017561e-06
60.75  0.009137970430537849  4.821043462179995e-06
60.800000000000004  0.00913797293459214  4.82327065590599e-06
60.85  0.009137975433420542  4.825479735361376e-06
60.900000000000006  0.009137977927241147  4.827668808708935e-06
60.95  0.009137980416367927  4.8298363641139015e-06
61.0  0.009137982901203512  4.831981278516568e-06
61.050000000000004  0.009137985382232202  4.8341028354546714e-06
61.1  0.009137987859999754  4.83620072624962e-06
61.150000000000006  0.00913799033510666  4.838275030109645e-06
61.2  0.009137992808180269  4.840326196783873e-06
61.25  0.009137995279862914  4.842355015647866e-06
61.300000000000004  0.009137997750788303  4.844362566937136e-06
61.35  0.009138000221557935  4.846350165745603e-06
61.400000000000006  0.00913800269272022  4.848319306538355e-06
61.45  0.00913800516474399  4.850271588311339e-06
61.5  0.009138007638001055  4.852208642058668e-06
61.550000000000004  0.009138010112750427  4.854132060284249e-06
61.6  0.009138012589116104  4.856043310751492e-06
61.650000000000006  0.009138015067090551  4.8579436646084616e-06
61.7  0.009138017546518204  4.859834136747591e-06
61.75  0.009138020027105218  4.8617154328089085e-06
61.800000000000004  0.009138022508416714  4.8635879007654205e-06
61.85  0.009138024989898397  4.865451487223531e-06
61.900000000000006  0.009138027470887029  4.867305740035807e-06
61.95  0.009138029950624137  4.8691497979867966e-06
62.0  0.009138032428283874  4.8709823976616725e-06
62.050000000000004  0.009138034902986494  4.8728019095252775e-06
62.1  0.009138037373824702  4.874606364474508e-06
62.150000000000006  0.009138039839880714  4.8763935049067316e-06
62.2  0.009138042300245335  4.878160828681417e-06
62.25  0.009138044754038462  4.879905663816245e-06
62.300000000000004  0.009138047200428285  4.881625223622803e-06
62.35  0.009138049638646992  4.883316672498568e-06
62.400000000000006  0.00913805206800325  4.884977195234212e-06
62.45  0.009138054487902817  4.886604063845067e-06
62.5  0.009138056897863431  4.88819470565035e-06
62.550000000000004  0.00913805929752189  4.889746770694165e-06
62.6  0.009138061686646177  4.891258184385686e-06
62.650000000000006  0.009138064065140006  4.892727204594495e-06
62.7  0.009138066433053055  4.89415246162847e-06
62.75  0.009138068790565909  4.895533003109083e-06
62.800000000000004  0.00913807113799392  4.896868306105567e-06
62.85  0.009138073475763994  4.898158296102767e-06
62.900000000000006  0.009138075804409517  4.8994033245784285e-06
62.95  0.009138078124530952  4.9006041718936775e-06
63.0  0.009138080436786373  4.901761999231372e-06
63.050000000000004  0.009138082741846867  4.9028783028778975e-06
63.1  0.009138085040381851  4.903954867060099e-06
63.150000000000006  0.009138087333021211  4.9049936926891875e-06
63.2  0.009138089620329061  4.905996932826962e-06
63.25  0.00913809190278176  4.906966812395113e-06
63.300000000000004  0.009138094180743564  4.907905567941935e-06
63.35  0.009138096454454382  4.9088153645667995e-06
63.400000000000006  0.009138098724015675  4.909698244295001e-06
63.45  0.009138100989383755  4.910556055923859e-06
63.5  0.009138103250376332  4.911390405242227e-06
63.550000000000004  0.009138105506665054  4.91220260740718e-06
63.6  0.009138107757795434  4.9129936609533065e-06
63.650000000000006  0.0091381100031902  4.913764210642683e-06
63.7  0.009138112242181362  4.9145145364134905e-06
63.75  0.009138114474017068  4.915244551539585e-06
63.800000000000004  0.009138116697895472  4.915953808762254e-06
63.85  0.00913811891298965  4.916641521408741e-06
63.900000000000006  0.009138121118474028  4.917306591582695e-06
63.95  0.009138123313554843  4.917947658385799e-06
64.0  0.009138125497492287  4.918563153052046e-06
64.05  0.009138127669631232  4.919151353679303e-06
64.10000000000001  0.009138129829414249  4.919710464971832e-06
64.15  0.009138131976410821  4.920238678403539e-06
64.2  0.009138134110318004  4.920734256420531e-06
64.25  0.009138136230972965  4.92119559881006e-06
64.3  0.009138138338360783  4.9216213031304874e-06
64.35000000000001  0.009138140432602939  4.922010235734167e-06
64.4  0.009138142513962142  4.9223615729354696e-06
64.45  0.00913814458282624  4.922674836032681e-06
64.5  0.009138146639702308  4.9229499217765785e-06
64.55  0.00913814868518938  4.9231871221146715e-06
64.60000000000001  0.009138150719979463  4.923387121197613e-06
64.65  0.009138152744830833  4.923550992881468e-06
64.7  0.009138154760550209  4.92368017884705e-06
64.75  0.009138156767976814  4.923776464117009e-06
64.8  0.009138158767950794  4.923841943842763e-06
64.85000000000001  0.00913816076130404  4.923878975564581e-06
64.9  0.009138162748829058  4.923890124325261e-06
64.95  0.009138164731259004  4.923878106624408e-06
65.0  0.009138166709247776  4.923845726558819e-06
65.05  0.009138168683347658  4.923795805171754e-06
65.10000000000001  0.009138170653991144  4.9237311024425225e-06
65.15  0.009138172621479822  4.923654259206863e-06
65.2  0.009138174585976842  4.923567707907641e-06
65.25  0.009138176547500987  4.923473624852059e-06
65.3  0.009138178505932333  4.9233738649758635e-06
65.35000000000001  0.009138180461023592  4.923269916818707e-06
65.4  0.009138182412415825  4.923162875063961e-06
65.45  0.009138184359653752  4.923053420803852e-06
65.5  0.009138186302214682  4.922941811679241e-06
65.55  0.009138188239532809  4.922827906685893e-06
65.60000000000001  0.009138190171021868  4.922711178057123e-06
65.65  0.009138192096107386  4.9225907673432255e-06
65.7  0.009138194014242469  4.922465518673229e-06
65.75  0.009138195924936218  4.922334045198706e-06
65.8  0.00913819782776483  4.922194801877894e-06
65.85000000000001  0.00913819972239957  4.922046149527862e-06
65.9  0.009138201608607724  4.921886418421265e-06
65.95  0.009138203486261084  4.92171399357088e-06
66.0  0.009138205355352196  4.9215273795096535e-06
66.05  0.009138207215996936  4.9213252701513785e-06
66.10000000000001  0.009138209068430828  4.921106610044485e-06
66.15  0.00913821091301412  4.9208706531389404e-06
66.2  0.009138212750232225  4.920617000310273e-06
66.25  0.009138214580681106  4.920345650720069e-06
66.3  0.009138216405064788  4.920057023774537e-06
66.35000000000001  0.009138218224178924  4.919751965935305e-06
66.4  0.009138220038899627  4.9194317602714544e-06
66.45  0.009138221850156024  4.919098095350837e-06
66.5  0.0091382236589103  4.918753047307314e-06
66.55  0.009138225466139929  4.9183990234261945e-06
66.60000000000001  0.009138227272797169  4.918038710246457e-06
66.65  0.009138229079802072  4.9176750019234495e-06
66.7  0.009138230888002785  4.9173109236334725e-06
66.75  0.009138232698167728  4.916949556253334e-06
66.8  0.009138234510952994  4.91659394091955e-06
66.85000000000001  0.00913823632689693  4.916247010161015e-06
66.9  0.009138238146405613  4.915911501823648e-06
66.95  0.009138239969744645  4.915589901673383e-06
67.0  0.009138241797037766  4.915284370761344e-06
67.05  0.009138243628265815  4.914996695910335e-06
67.10000000000001  0.009138245463270502  4.914728260947058e-06
67.15  0.009138247301761271  4.914480007046657e-06
67.2  0.009138249143327358  4.91425242621753e-06
67.25  0.009138250987451193  4.914045547574678e-06
67.3  0.009138252833523349  4.913858951799497e-06
67.35000000000001  0.009138254680867819  4.913691784145591e-06
67.4  0.009138256528760382  4.913542793161653e-06
67.45  0.00913825837646038  4.913410370735222e-06
67.5  0.009138260223231044  4.913292604716334e-06
67.55  0.009138262068370939  4.913187344194789e-06
67.60000000000001  0.009138263911247392  4.913092274316496e-06
67.65  0.009138265751314031  4.913004988319543e-06
67.7  0.009138267588137499  4.912923075992958e-06
67.75  0.00913826942142074  4.912844207934281e-06
67.8  0.009138271251009538  4.9127662107560665e-06
67.85000000000001  0.009138273076908048  4.912687157512135e-06
67.9  0.009138274899278691  4.9126054208873966e-06
67.95  0.009138276718436034  4.912519729841666e-06
68.0  0.009138278534843216  4.912429228141782e-06
68.05  0.009138280349094169  4.912333494150301e-06
68.10000000000001  0.009138282161893512  4.912232554457824e-06
68.15  0.009138283974042236  4.912126888646545e-06
68.2  0.009138285786405503  4.912017408341136e-06
68.25  0.00913828759988745  4.911905441261756e-06
68.3  0.00913828941541071  4.911792685702635e-06
68.35000000000001  0.009138291233879983  4.911681164361699e-06
68.4  0.009138293056163475  4.9115731683585e-06
68.45  0.009138294883058883  4.911471188140935e-06
68.5  0.009138296715266522  4.9113778528718966e-06
68.55  0.00913829855337082  4.91129584992623e-06
68.60000000000001  0.00913830039782007  4.9112278580299915e-06
68.65  0.009138302248903201  4.9111764628421354e-06
68.7  0.009138304106741045  4.9111440955590196e-06
68.75  0.009138305971284857  4.911132950198994e-06
68.8  0.009138307842303009  4.911144936133429e-06
68.85000000000001  0.009138309719402033  4.911181607490135e-06
68.9  0.009138311602032458  4.911244123722018e-06
68.95  0.009138313489505775  4.911333220587483e-06
69.0  0.009138315381019505  4.911449184514204e-06
69.05  0.009138317275685232  4.911591845324994e-06
69.10000000000001  0.009138319172556909  4.911760579890973e-06
69.15  0.00913832107066578  4.911954341236266e-06
69.2  0.009138322969040064  4.912171679056425e-06
69.25  0.009138324866751025  4.912410787028128e-06
69.3  0.009138326762917422  4.912669553059517e-06
69.35000000000001  0.009138328656748518  4.912945616207011e-06
69.4  0.00913833054755337  4.913236431878902e-06
69.45  0.009138332434751775  4.913539338008443e-06
69.5  0.00913833431789661  4.91385162717736e-06
69.55  0.009138336196677418  4.914170609618949e-06
69.60000000000001  0.009138338070923173  4.914493679721195e-06
69.65  0.00913833994060644  4.914818397077931e-06
69.7  0.00913834180585043  4.9151425387943285e-06
69.75  0.009138343666910976  4.915464151907369e-06
69.8  0.00913834552418213  4.915781615283865e-06
69.85000000000001  0.00913834737817646  4.91609367983363e-06
69.9  0.009138349229517433  4.916399486391224e-06
69.95  0.009138351078909819  4.916698606660197e-06
70.0  0.009138352927128892  4.916991039706834e-06
70.05  0.00913835477498287  4.917277200530495e-06
70.10000000000001  0.00913835662330362  4.917557915078239e-06
70.15  0.00913835847290044  4.91783436889809e-06
70.2  0.009138360324542467  4.918108081707236e-06
70.25  0.009138362178924211  4.918380832414184e-06
70.3  0.009138364036646873  4.918654605520583e-06
70.35000000000001  0.009138365898195194  4.918931524161162e-06
70.4  0.00913836776391459  4.9192137695467535e-06
70.45  0.009138369634011122  4.919503528519483e-06
70.5  0.009138371508535699  4.919802905707291e-06
70.55  0.009138373387381873  4.9201138774504385e-06
70.60000000000001  0.00913837527029827  4.920438220612684e-06
70.65  0.009138377156881872  4.920777476458214e-06
70.7  0.009138379046600545  4.921132905527095e-06
70.75  0.009138380938805177  4.921505453268557e-06
70.8  0.009138382832748357  4.921895729278201e-06
70.85000000000001  0.009138384727610102  4.922303995048025e-06
70.9  0.00913838662251185  4.922730153875381e-06
70.95  0.009138388516555207  4.923173754828932e-06
71.0  0.009138390408839386  4.923634005658025e-06
71.05  0.009138392298494596  4.924109793352099e-06
71.10000000000001  0.009138394184700816  4.924599703223667e-06
71.15  0.009138396066722832  4.925102071568128e-06
71.2  0.009138397943927349  4.925615013961224e-06
71.25  0.009138399815798727  4.926136480649685e-06
71.3  0.009138401681956993  4.926664315967023e-06
71.35000000000001  0.009138403542162079  4.92719630453887e-06
71.4  0.00913840539632395  4.9277302352413095e-06
71.45  0.009138407244490842  4.928263964381675e-06
71.5  0.009138409086846235  4.928795463193813e-06
71.55  0.009138410923696223  4.929322863572716e-06
71.60000000000001  0.009138412755451917  4.929844521596623e-06
71.65  0.009138414582609871  4.930359044322155e-06
71.7  0.009138416405736906  4.930865316361583e-06
71.75  0.009138418225441413  4.9313625314569595e-06
71.8  0.009138420042357674  4.931850210979159e-06
71.85000000000001  0.009138421857132118  4.932328196511281e-06
71.9  0.009138423670398639  4.932796661994646e-06
71.95  0.009138425482763163  4.933256099674225e-06
72.0  0.009138427294790875  4.933707303044193e-06
72.05  0.009138429106987509  4.9341513407887005e-06
72.10000000000001  0.00913843091979525  4.934589534725132e-06
72.15  0.00913843273356785  4.935023406187815e-06
72.2  0.009138434548574362  4.935454637214017e-06
72.25  0.009138436364980488  4.935885027311819e-06
72.3  0.009138438182844629  4.936316425097748e-06
72.35000000000001  0.009138440002116959  4.936750693599061e-06
72.4  0.00913844182263525  4.937189639660743e-06
72.45  0.009138443644127062  4.937634962725516e-06
72.5  0.009138445466224276  4.938088216181009e-06
72.55  0.009138447288465783  4.938550748146916e-06
72.60000000000001  0.009138449110315017  4.939023689837067e-06
72.65  0.00913845093117365  4.939507906445066e-06
72.7  0.009138452750401063  4.940003992443356e-06
72.75  0.009138454567329176  4.940512268077719e-06
72.8  0.009138456381283407  4.941032765868908e-06
72.85000000000001  0.009138458191595263  4.941565254591837e-06
72.9  0.009138459997622816  4.942109248458066e-06
72.95  0.009138461798760569  4.9426640252844866e-06
73.0  0.009138463594448027  4.943228662394829e-06
73.05  0.009138465384183492  4.943802053046465e-06
73.10000000000001  0.009138467167530034  4.944382953443478e-06
73.15  0.009138468944117085  4.944970014366247e-06
73.2  0.009138470713651686  4.9455618171847485e-06
73.25  0.009138472475917255  4.946156918817055e-06
73.3  0.009138474230779087  4.946753879485398e-06
73.35000000000001  0.009138475978181914  4.947351314192627e-06
73.4  0.009138477718148427  4.947947923965225e-06
73.45  0.009138479450773493  4.948542536954768e-06
73.5  0.009138481176221121  4.949134135192126e-06
73.55  0.009138482894716304  4.949721887414777e-06
73.60000000000001  0.009138484606530176  4.950305179300327e-06
73.65  0.009138486311969195  4.9508836153214675e-06
73.7  0.009138488011355174  4.951457041685477e-06
73.75  0.009138489705014892  4.952025548915376e-06
73.8  0.009138491393266994  4.952589462449571e-06
73.85000000000001  0.0091384930764052  4.9531493455435595e-06
73.9  0.009138494754685644  4.953705979952427e-06
73.95  0.009138496428315414  4.954260342490181e-06
74.0  0.009138498097451205  4.954813595022076e-06
74.05  0.009138499762190295  4.955367047932476e-06
74.10000000000001  0.009138501422567329  4.9559221449832665e-06
74.15  0.009138503078559193  4.9564804149746454e-06
74.2  0.00913850473007505  4.957043453719017e-06
74.25  0.009138506376966646  4.957612884430639e-06
74.3  0.00913850801902533  4.95819031725561e-06
74.35000000000001  0.009138509655993731  4.95877732559002e-06
74.4  0.009138511287558458  4.959375391832058e-06
74.45  0.009138512913364826  4.959985883738272e-06
74.5  0.009138514533008336  4.960610014187851e-06
74.55  0.009138516146059749  4.961248818850339e-06
74.60000000000001  0.009138517752056445  4.961903121834203e-06
74.65  0.009138519350524702  4.962573521698026e-06
74.7  0.009138520940980553  4.963260377980976e-06
74.75  0.00913852252294391  4.963963808062575e-06
74.8  0.009138524095951638  4.964683689236073e-06
74.85000000000001  0.009138525659563284  4.965419671794933e-06
74.9  0.009138527213374756  4.966171190680683e-06
74.95  0.00913852875702403  4.966937500253067e-06
75.0  0.00913853029019512  4.967717681549262e-06
75.05  0.009138531812632383  4.9685106959490685e-06
75.10000000000001  0.00913853332412661  4.969315402086731e-06
75.15  0.00913853482453399  4.970130600266578e-06
75.2  0.009138536313763847  4.970955055872144e-06
75.25  0.009138537791788496  4.971787547180184e-06
75.3  0.009138539258631527  4.972626891488867e-06
75.35000000000001  0.009138540714378552  4.973471978119315e-06
75.4  0.00913854215917741  4.9743218094988454e-06
75.45  0.009138543593233121  4.975175521406978e-06
75.5  0.00913854501680458  4.976032412626146e-06
75.55  0.009138546430212613  4.976891978520845e-06
75.60000000000001  0.00913854783383548  4.977753908097277e-06
75.65  0.00913854922809183  4.9786181242465494e-06
75.7  0.00913855061345394  4.979484770547334e-06
75.75  0.00913855199042397  4.980354221933655e-06
75.8  0.009138553359528272  4.981227072227651e-06
75.85000000000001  0.009138554721306164  4.982104115880848e-06
75.9  0.009138556076288381  4.982986328642513e-06
75.95  0.009138557424995785  4.983874846582997e-06
76.0  0.009138558767921207  4.984770916241683e-06
76.05  0.009138560105520574  4.985675879654429e-06
76.10000000000001  0.009138561438204518  4.986591122495038e-06
76.15  0.009138562766329697  4.987518048785861e-06
76.2  0.00913856409020662  4.988458033116359e-06
76.25  0.00913856541008692  4.989412389864989e-06
76.3  0.00913856672617177  4.9903823481283285e-06
76.35000000000001  0.009138568038609119  4.9913690129333626e-06
76.4  0.00913856934750278  4.992373340001379e-06
76.45  0.009138570652910086  4.993396106576153e-06
76.5  0.009138571954846391  4.994437893846753e-06
76.55  0.009138573253300985  4.995499067111085e-06
76.60000000000001  0.009138574548227306  4.9965797488497345e-06
76.65  0.009138575839553499  4.9976798215306865e-06
76.7  0.009138577127187197  4.998798915184207e-06
76.75  0.009138578411026468  4.99993640233463e-06
76.80000000000001  0.009138579690962162  5.00109142033059e-06
76.85000000000001  0.009138580966891456  5.002262868963295e-06
76.9  0.009138582238726614  5.003449451887877e-06
76.95  0.009138583506401385  5.004649685976859e-06
77.0  0.009138584769882836  5.005861947591519e-06
77.05000000000001  0.009138586029180735  5.007084512574688e-06
77.10000000000001  0.009138587284360894  5.00831559321625e-06
77.15  0.009138588535546562  5.009553389530264e-06
77.2  0.009138589782925068  5.010796124293396e-06
77.25  0.009138591026755353  5.01204209389075e-06
77.30000000000001  0.009138592267371114  5.013289709905643e-06
77.35000000000001  0.009138593505179956  5.014537531303448e-06
77.4  0.00913859474066463  5.015784296228255e-06
77.45  0.00913859597437718  5.017028953745498e-06
77.5  0.00913859720694727  5.0182706888214266e-06
77.55000000000001  0.009138598439055436  5.019508924343952e-06
77.60000000000001  0.009138599671442801  5.020743350031543e-06
77.65  0.009138600904889441  5.021973900943308e-06
77.7  0.009138602140204764  5.023200772682329e-06
77.75  0.009138603378211778  5.024424393976299e-06
77.80000000000001  0.009138604619724391  5.0256454066077965e-06
77.85000000000001  0.009138605865528485  5.026864634174034e-06
77.9  0.009138607116368797  5.028083042711237e-06
77.95  0.009138608372911076  5.029301695097922e-06
78.0  0.009138609635740022  5.030521697223505e-06
78.05000000000001  0.009138610905325768  5.031744161625726e-06
78.10000000000001  0.009138612182027418  5.032970140646015e-06
78.15  0.009138613466064607  5.034200579524188e-06
78.2  0.009138614757533463  5.0354362736088954e-06
78.25  0.00913861605639827  5.036677832403254e-06
78.30000000000001  0.009138617362500573  5.0379256394912164e-06
78.35000000000001  0.009138618675567823  5.039179839570079e-06
78.4  0.009138619995232411  5.040440309810577e-06
78.45  0.009138621321040975  5.041706668627594e-06
78.5  0.009138622652482256  5.042978267746239e-06
78.55000000000001  0.009138623988995766  5.0442542016397194e-06
78.60000000000001  0.009138625329997192  5.045533317323643e-06
78.65  0.009138626674888965  5.0468142472196494e-06
78.7  0.009138628023078191  5.048095409070682e-06
78.75  0.00913862937399013  5.049375050915914e-06
78.80000000000001  0.009138630727082483  5.050651290634475e-06
78.85000000000001  0.00913863208185383  5.051922127204242e-06
78.9  0.009138633437859076  5.053185502123787e-06
78.95  0.009138634794723374  5.054439338156183e-06
79.0  0.009138636152143624  5.05568158120067e-06
79.05000000000001  0.009138637509906122  5.056910257573446e-06
79.10000000000001  0.009138638867894691  5.058123517595462e-06
79.15  0.009138640226093266  5.059319679661452e-06
79.2  0.009138641584591855  5.060497282505466e-06
79.25  0.00913864294358566  5.061655110715456e-06
79.30000000000001  0.009138644303372101  5.062792229078956e-06
79.35000000000001  0.00913864566433771  5.063908001349106e-06
79.4  0.00913864702695857  5.0650021000876884e-06
79.45  0.009138648391771455  5.066074491266693e-06
79.5  0.009138649759358984  5.067125433146275e-06
79.55000000000001  0.00913865113033225  5.068155440986254e-06
79.60000000000001  0.009138652505297135  5.069165256374843e-06
79.65  0.009138653884847322  5.070155807438163e-06
79.7  0.009138655269524908  5.071128161735503e-06
79.75  0.009138656659804586  5.0720834824889965e-06
79.80000000000001  0.009138658056069057  5.0730229728029375e-06
79.85000000000001  0.00913865945859211  5.073947829601776e-06
79.9  0.009138660867521478  5.074859191822763e-06
79.95  0.009138662282869352  5.075758103015207e-06
80.0  0.009138663704497979  5.076645464513398e-06
80.05000000000001  0.009138665132121008  5.077521994475834e-06
80.10000000000001  0.009138666565306739  5.0783882044549045e-06
80.15  0.009138668003477273  5.0792443619261576e-06
80.2  0.009138669445926607  5.080090481452977e-06
80.25  0.009138670891833161  5.080926302644261e-06
80.30000000000001  0.009138672340280393  5.081751297431806e-06
80.35000000000001  0.009138673790291261  5.0825646556315e-06
80.4  0.00913867524083867  5.083365320551715e-06
80.45  0.00913867669089029  5.084152004744438e-06
80.5  0.009138678139429864  5.084923215810096e-06
80.55000000000001  0.009138679585484796  5.085677307606915e-06
80.60000000000001  0.009138681028159151  5.086412516406517e-06
80.65  0.009138682466648992  5.087127021225976e-06
80.7  0.009138683900258463  5.0878189921045765e-06
80.75  0.009138685328424045  5.08848664431804e-06
80.80000000000001  0.009138686750711882  5.089128294427658e-06
80.85000000000001  0.009138688166827039  5.089742413140735e-06
80.9  0.009138689576613292  5.090327663265898e-06
80.95  0.009138690980050901  5.090882960553976e-06
81.0  0.009138692377248998  5.09140749132723e-06
81.05000000000001  0.009138693768429209  5.091900753804806e-06
81.10000000000001  0.009138695153926742  5.092362571526348e-06
81.15  0.009138696534164076  5.092793115312518e-06
81.2  0.009138697909637731  5.093192897345517e-06
81.25  0.009138699280901996  5.0935627761404816e-06
81.30000000000001  0.009138700648544319  5.0939039340059484e-06
81.35000000000001  0.009138702013169221  5.094217859553886e-06
81.4  0.00913870337536578  5.094506288868769e-06
81.45  0.009138704735682991  5.09477118495219e-06
81.5  0.009138706094612401  5.095014662893612e-06
81.55000000000001  0.009138707452562261  5.0952389332427025e-06
81.60000000000001  0.009138708809836662  5.095446229541481e-06
81.65  0.009138710166622658  5.095638740851109e-06
81.7  0.00913871152297785  5.095818532760226e-06
81.75  0.009138712878829173  5.095987491963137e-06
81.80000000000001  0.009138714233964984  5.09614725009163e-06
81.85000000000001  0.00913871558804694  5.096299151943729e-06
81.9  0.009138716940619167  5.096444200756696e-06
81.95  0.009138718291125388  5.096583042256463e-06
82.0  0.009138719638924368  5.096715943543498e-06
82.05000000000001  0.009138720983309472  5.096842798877894e-06
82.10000000000001  0.009138722323535218  5.096963135131009e-06
82.15  0.009138723658827506  5.097076145766039e-06
82.2  0.009138724988417859  5.097180718556245e-06
82.25  0.00913872631155016  5.097275478803691e-06
82.30000000000001  0.00913872762751258  5.097358834983505e-06
82.35000000000001  0.009138728935641719  5.097429041033734e-06
82.4  0.009138730235349658  5.097484244399051e-06
82.45  0.009138731526131708  5.0975225643563925e-06
82.5  0.009138732807581675  5.0975421384959565e-06
82.55000000000001  0.00913873407940556  5.097541198933293e-06
82.60000000000001  0.009138735341427142  5.097518128911163e-06
82.65  0.00913873659359389  5.097471534096839e-06
82.7  0.009138737835983672  5.097400283632706e-06
82.75  0.009138739068801055  5.097303582394597e-06
82.80000000000001  0.009138740292375543  5.097180991786305e-06
82.85000000000001  0.009138741507151014  5.097032480938046e-06
82.9  0.009138742713671887  5.096858436427906e-06
82.95  0.009138743912565927  5.096659669836937e-06
83.0  0.009138745104530863  5.09643741727076e-06
83.05000000000001  0.009138746290307642  5.096193305132433e-06
83.10000000000001  0.009138747470663268  5.095929338802573e-06
83.15  0.009138748646362875  5.095647831473299e-06
83.2  0.00913874981814665  5.095351362573251e-06
83.25  0.009138750986717403  5.0950427159830855e-06
83.30000000000001  0.009138752152718463  5.0947247969319745e-06
83.35000000000001  0.009138753316709578  5.09440057107829e-06
83.4  0.009138754479164943  5.094072978731865e-06
83.45  0.00913875564044788  5.093744870307971e-06
83.5  0.009138756800812144  5.093418926488511e-06
83.55000000000001  0.009138757960389262  5.093097595318451e-06
83.60000000000001  0.009138759119182476  5.092783030120234e-06
83.65  0.009138760277072625  5.092477032186916e-06
83.7  0.009138761433819843  5.092181007525969e-06
83.75  0.009138762589061841  5.0918959360547115e-06
83.80000000000001  0.009138763742332672  5.091622344441534e-06
83.85000000000001  0.00913876489307505  5.0913602931085896e-06
83.9  0.009138766040662298  5.0911093962882886e-06
83.95  0.009138767184413726  5.090868825657869e-06
84.0  0.009138768323621831  5.090637351359156e-06
84.05000000000001  0.009138769457582813  5.090413383874082e-06
84.10000000000001  0.009138770585616846  5.0901950459182935e-06
84.15  0.00913877170710442  5.089980226313643e-06
84.2  0.009138772821500756  5.089766659760312e-06
84.25  0.00913877392836447  5.0895520101162245e-06
84.30000000000001  0.009138775027367412  5.089333956628469e-06
84.35000000000001  0.009138776118321392  5.089110258922874e-06
84.4  0.009138777201177922  5.0888788465622455e-06
84.45  0.009138778276037245  5.088637877676179e-06
84.5  0.00913877934314905  5.088385799586223e-06
84.55000000000001  0.00913878040291114  5.088121405683293e-06
84.60000000000001  0.009138781455860522  5.087843857215794e-06
84.65  0.009138782502658836  5.087552731306282e-06
84.7  0.009138783544085378  5.087248030847787e-06
84.75  0.009138784581014761  5.086930174909331e-06
84.80000000000001  0.00913878561439669  5.086600025249171e-06
84.85000000000001  0.009138786645233652  5.08625884008821e-06
84.9  0.009138787674543373  5.085908269739905e-06
84.95  0.009138788703346532  5.0855503054278504e-06
85.0  0.009138789732623047  5.085187239729089e-06
85.05000000000001  0.009138790763291268  5.084821609586607e-06
85.10000000000001  0.009138791796169074  5.084456120580793e-06
85.15  0.009138792831958323  5.08409358610342e-06
85.2  0.009138793871217327  5.083736845300235e-06
85.25  0.009138794914342203  5.083388687858394e-06
85.30000000000001  0.009138795961564194  5.083051774724338e-06
85.35000000000001  0.009138797012938155  5.082728562486548e-06
85.4  0.009138798068355745  5.082421240661279e-06
85.45  0.009138799127547365  5.082131668948751e-06
85.5  0.009138800190107241  5.081861339284769e-06
85.55000000000001  0.009138801255509466  5.081611330117104e-06
85.60000000000001  0.009138802323134137  5.081382305711219e-06
85.65  0.009138803392298424  5.0811744915492895e-06
85.7  0.00913880446227714  5.080987684872337e-06
85.75  0.009138805532334128  5.0808212744979245e-06
85.80000000000001  0.00913880660175094  5.080674261816057e-06
85.85000000000001  0.00913880766983766  5.080545304925969e-06
85.9  0.009138808735969449  5.080432754621877e-06
85.95  0.00913880979959306  5.080334706176809e-06
86.0  0.00913881086024873  5.080249059013131e-06
86.05000000000001  0.009138811917578777  5.08017356678494e-06
86.10000000000001  0.009138812971345646  5.080105906577045e-06
86.15  0.009138814021429551  5.080043745190168e-06
86.2  0.00913881506783992  5.0799847997161775e-06
86.25  0.009138816110717382  5.079926905066491e-06
86.30000000000001  0.009138817150327942  5.079868081062176e-06
86.35000000000001  0.009138818187058511  5.079806583676704e-06
86.4  0.009138819221408849  5.079740958109224e-06
86.45  0.009138820253979097  5.079670085927348e-06
86.5  0.00913882128544774  5.079593205680551e-06
86.55000000000001  0.00913882231655753  5.079509946900743e-06
86.60000000000001  0.009138823348090398  5.0794203292323136e-06
86.65  0.009138824380844549  5.079324757299567e-06
86.7  0.009138825415612999  5.079224016176984e-06
86.75  0.009138826453162184  5.079119220365903e-06
86.80000000000001  0.009138827494205574  5.079011787761207e-06
86.85000000000001  0.00913882853939334  5.078903398386854e-06
86.9  0.009138829589289868  5.0787959291996045e-06
86.95  0.009138830644366651  5.07869140631143e-06
87.0  0.009138831704991022  5.078591937238911e-06
87.05000000000001  0.009138832771412083  5.0784996551107376e-06
87.10000000000001  0.009138833843766018  5.078416659902267e-06
87.15  0.009138834922057804  5.078344958397616e-06
87.2  0.00913883600617978  5.0782864100519195e-06
87.25  0.009138837095902269  5.0782426710908445e-06
87.30000000000001  0.009138838190879184  5.078215163662435e-06
87.35000000000001  0.009138839290667396  5.078205025338173e-06
87.4  0.00913884039472609  5.078213079066484e-06
87.45  0.00913884150244226  5.078239823592674e-06
87.5  0.009138842613146405  5.078285408814957e-06
87.55000000000001  0.009138843726134509  5.078349638817676e-06
87.60000000000001  0.009138844840694747  5.07843198540675e-06
87.65  0.009138845956125536  5.078531596219079e-06
87.7  0.009138847071769134  5.078647338127812e-06
87.75  0.009138848187021693  5.078777813637711e-06
87.80000000000001  0.009138849301364296  5.078921422124413e-06
87.85000000000001  0.009138850414362718  5.079076397176518e-06
87.9  0.009138851525699019  5.079240862510177e-06
87.95  0.009138852635160954  5.079412882307835e-06
88.0  0.0091388537426514  5.079590513182037e-06
88.05000000000001  0.009138854848187473  5.079771853174809e-06
88.10000000000001  0.009138855951885322  5.079955095111462e-06
88.15  0.009138857053961646  5.0801385695032285e-06
88.2  0.009138858154715657  5.080320783610367e-06
88.25  0.009138859254522465  5.080500464099008e-06
88.30000000000001  0.009138860353813373  5.080676578054458e-06
88.35000000000001  0.009138861453070161  5.080848369147582e-06
88.4  0.009138862552797588  5.081015368386672e-06
88.45  0.00913886365352232  5.081177408086852e-06
88.5  0.009138864755766543  5.08133462668285e-06
88.55000000000001  0.009138865860028544  5.081487459042682e-06
88.60000000000001  0.009138866966783791  5.081636625513361e-06
88.65  0.009138868076445473  5.081783103073152e-06
88.7  0.009138869189367363  5.081928094115165e-06
88.75  0.009138870305823693  5.082072991789103e-06
88.80000000000001  0.009138871425995548  5.082219320308771e-06
88.85000000000001  0.009138872549964382  5.082368689989349e-06
88.9  0.009138873677717287  5.082522742964912e-06
88.95  0.00913887480913004  5.08268309804417e-06
89.0  0.009138875943984982  5.0828512943667625e-06
89.05000000000001  0.00913887708196947  5.083028759608375e-06
89.10000000000001  0.009138878222693622  5.083216746591505e-06
89.15  0.009138879365701107  5.0834163159954224e-06
89.2  0.009138880510480386  5.0836283130147e-06
89.25  0.009138881656487623  5.083853335303913e-06
89.30000000000001  0.009138882803152061  5.084091738142508e-06
89.35000000000001  0.009138883949894632  5.084343620992589e-06
89.4  0.00913888509614472  5.084608845050528e-06
89.45  0.009138886241333187  5.084887033150634e-06
89.5  0.00913888738492365  5.0851775958142445e-06
89.55000000000001  0.009138888526407523  5.0854797447605696e-06
89.60000000000001  0.009138889665315002  5.085792515535669e-06
89.65  0.009138890801216108  5.086114811215234e-06
89.7  0.009138891933731822  5.08644541656199e-06
89.75  0.009138893062541417  5.086783048105048e-06
89.80000000000001  0.00913889418737919  5.087126371804379e-06
89.85000000000001  0.00913889530804361  5.087474060433135e-06
89.9  0.009138896424394992  5.087824814065383e-06
89.95  0.009138897536359197  5.088177407360493e-06
90.0  0.009138898643927355  5.088530717439006e-06
90.05000000000001  0.009138899747149747  5.088883759356972e-06
90.10000000000001  0.009138900846125356  5.0892357054290295e-06
90.15  0.009138901941002035  5.0895859102032806e-06
90.2  0.009138903031963106  5.089933933133579e-06
90.25  0.009138904119213882  5.090279538252159e-06
90.30000000000001  0.009138905202983136  5.0906227002837185e-06
90.35000000000001  0.009138906283501835  5.090963606735712e-06
90.4  0.009138907360997508  5.091302653688226e-06
90.45  0.009138908435690537  5.0916404279635185e-06
90.5  0.009138909507774769  5.091977701224162e-06
90.55000000000001  0.009138910577420603  5.092315400242434e-06
90.60000000000001  0.009138911644774393  5.092654594245018e-06
90.65  0.00913891270993077  5.092996452991895e-06
90.7  0.00913891377294845  5.093342235184216e-06
90.75  0.009138914833828834  5.093693237451127e-06
90.80000000000001  0.009138915892525532  5.094050774163115e-06
90.85000000000001  0.009138916948930844  5.094416127627123e-06
90.9  0.009138918002875423  5.0947905219864424e-06
90.95  0.009138919054130955  5.09517507998609e-06
91.0  0.009138920102410205  5.095570804825326e-06
91.05000000000001  0.009138921147373965  5.095978544608453e-06
91.10000000000001  0.009138922188635695  5.09639896168493e-06
91.15  0.00913892322577253  5.096832537678018e-06
91.2  0.009138924258330534  5.0972795545875635e-06
91.25  0.009138925285839133  5.097740087599517e-06
91.30000000000001  0.009138926307824168  5.098214016655673e-06
91.35000000000001  0.009138927323817977  5.098701035490113e-06
91.4  0.009138928333368868  5.09920065779176e-06
91.45  0.00913892933604914  5.0997122456467926e-06
91.5  0.009138930331465235  5.100235020736503e-06
91.55000000000001  0.009138931319260966  5.100768092070648e-06
91.60000000000001  0.009138932299124809  5.101310478004557e-06
91.65  0.009138933270789825  5.101861133892578e-06
91.7  0.009138934234036718  5.10241897439071e-06
91.75  0.009138935188703875  5.102982908945742e-06
91.80000000000001  0.009138936134678807  5.1035518720887805e-06
91.85000000000001  0.009138937071907207  5.104124846589471e-06
91.9  0.009138938000391563  5.104700896234251e-06
91.95  0.009138938920187759  5.105279202854615e-06
92.0  0.009138939831415284  5.105859090004253e-06
92.05000000000001  0.009138940734245742  5.106440042274756e-06
92.10000000000001  0.009138941628901876  5.107021742593637e-06
92.15  0.009138942515651637  5.1076040629965806e-06
92.2  0.009138943394807303  5.1081870936013326e-06
92.25  0.009138944266706858  5.108771126770327e-06
92.30000000000001  0.009138945131715428  5.10935665727375e-06
92.35000000000001  0.009138945990204525  5.109944364782603e-06
92.4  0.009138946842556067  5.110535092630914e-06
92.45  0.009138947689148209  5.111129817332799e-06
92.5  0.009138948530342937  5.111729617642859e-06
92.55000000000001  0.00913894936648394  5.112335648039352e-06
92.60000000000001  0.009138950197900255  5.1129490896391155e-06
92.65  0.009138951024885638  5.11357112422127e-06
92.7  0.009138951847706956  5.1142029065582195e-06
92.75  0.009138952666604482  5.114845524245364e-06
92.80000000000001  0.009138953481782355  5.115499972836225e-06
92.85000000000001  0.009138954293405905  5.116167134326015e-06
92.9  0.009138955101598085  5.116847748141268e-06
92.95  0.009138955906441606  5.117542399270475e-06
93.0  0.009138956707972056  5.118251494272863e-06
93.05000000000001  0.009138957506175265  5.118975252628411e-06
93.10000000000001  0.0091389583009855  5.1197136992460674e-06
93.15  0.009138959092293009  5.120466660568158e-06
93.2  0.009138959879941268  5.121233764830973e-06
93.25  0.009138960663738894  5.1220144451173395e-06
93.30000000000001  0.009138961443461505  5.122807953987876e-06
93.35000000000001  0.009138962218870122  5.1236133781411915e-06
93.4  0.009138962989718941  5.124429662209688e-06
93.45  0.009138963755774325  5.125255627840323e-06
93.5  0.009138964516816854  5.12609001014462e-06
93.55000000000001  0.009138965272669667  5.126931490728238e-06
93.60000000000001  0.009138966023195992  5.127778713509914e-06
93.65  0.009138966768319146  5.128630337428489e-06
93.7  0.009138967508021605  5.1294850580085e-06
93.75  0.009138968242354793  5.130341647948159e-06
93.80000000000001  0.009138968971438679  5.131198972954665e-06
93.85000000000001  0.009138969695470503  5.132056034280004e-06
93.9  0.009138970414715519  5.132911985435823e-06
93.95  0.009138971129508677  5.133766165551948e-06
94.0  0.009138971840246167  5.134618108129142e-06
94.05000000000001  0.009138972547387351  5.13546756376735e-06
94.10000000000001  0.009138973251433376  5.136314503326525e-06
94.15  0.00913897395293688  5.137159129038615e-06
94.2  0.009138974652473063  5.138001862233313e-06
94.25  0.009138975350634907  5.138843337875788e-06
94.30000000000001  0.00913897604801784  5.139684385572986e-06
94.35000000000001  0.00913897674519736  5.1405259941755105e-06
94.4  0.009138977442722497  5.141369281009536e-06
94.45  0.009138978141081215  5.142215455773312e-06
94.5  0.009138978840698374  5.143065768915367e-06
94.55000000000001  0.009138979541915494  5.143921467122971e-06
94.60000000000001  0.009138980244965653  5.1447837545452084e-06
94.65  0.00913898094997461  5.145653742953454e-06
94.7  0.009138981656933977  5.146532416006662e-06
94.75  0.009138982365712242  5.1474206109511215e-06
94.80000000000001  0.00913898307602668  5.148318991923654e-06
94.85000000000001  0.009138983787449682  5.149228044497322e-06
94.9  0.009138984499399361  5.150148071500038e-06
94.95  0.009138985211131342  5.151079217887789e-06
95.0  0.00913898592173839  5.152021474094063e-06
95.05000000000001  0.009138986630141552  5.152974720307472e-06
95.10000000000001  0.009138987335079285  5.153938750629135e-06
95.15  0.009138988035106713  5.1549133294247836e-06
95.2  0.009138988728584544  5.1558982315646085e-06
95.25  0.009138989413660014  5.156893318365599e-06
95.30000000000001  0.009138990088270953  5.157898594657822e-06
95.35000000000001  0.009138990750129791  5.158914292530473e-06
95.4  0.009138991396704866  5.159940961733684e-06
95.45  0.009138992025227596  5.1609795692417865e-06
95.5  0.00913899263265917  5.162031606382675e-06
95.55000000000001  0.009138993215705785  5.163099211181403e-06
95.60000000000001  0.009138993770812284  5.164185297037093e-06
95.65  0.009138994294181212  5.16529368348314e-06
95.7  0.009138994781798273  5.166429224227366e-06
95.75  0.009138995229499899  5.167597927993237e-06
95.80000000000001  0.009138995633074257  5.16880707072373e-06
95.85000000000001  0.009138995988397831  5.170065222098914e-06
95.9  0.009138996291615728  5.171382250150473e-06
95.95  0.009138996539341016  5.1727691822230255e-06
96.0  0.009138996728834448  5.174237885211463e-06
96.05000000000001  0.009138996858137195  5.175800592868696e-06
96.10000000000001  0.00913899692609044  5.177469130113101e-06
96.15  0.009138996932223194  5.179253881211802e-06
96.2  0.009138996876497028  5.181162561533181e-06
96.25  0.00913899675895688  5.1831988401745445e-06
96.30000000000001  0.009138996579365323  5.185361040293743e-06
96.35000000000001  0.009138996336910232  5.187641078529864e-06
96.4  0.009138996030046455  5.190023863854546e-06
96.45  0.00913899565655344  5.192487305919413e-06
96.5  0.009138995213797522  5.1950029953558015e-06
96.55000000000001  0.009138994699170554  5.197537511805977e-06
96.60000000000001  0.009138994110653574  5.200054251479683e-06
96.65  0.009138993447439153  5.202515582072745e-06
96.7  0.009138992710520615  5.204885114261208e-06
96.75  0.009138991903189085  5.207129870626534e-06
96.80000000000001  0.009138991031368003  5.209222155494952e-06
96.85000000000001  0.009138990103733535  5.2111410250231765e-06
96.9  0.009138989131598156  5.212873215348489e-06
96.95  0.009138988128529396  5.214413562341295e-06
97.0  0.009138987109740444  5.215764859922668e-06
97.05000000000001  0.009138986091258523  5.216937283496854e-06
97.10000000000001  0.009138985088935628  5.217947380115398e-06
97.15  0.009138984117361752  5.218816750159885e-06
97.2  0.009138983188785962  5.219570522970167e-06
97.25  0.009138982312124892  5.220235701730385e-06
97.30000000000001  0.009138981492174215  5.220839470678851e-06
97.35000000000001  0.009138980729063186  5.221407551293735e-06
97.4  0.009138980018106604  5.221962714799613e-06
97.45  0.009138979350018245  5.222523464279449e-06
97.5  0.009138978711537488  5.223103006131728e-06
97.55000000000001  0.009138978086446405  5.223708528200683e-06
97.60000000000001  0.009138977456886237  5.224340847682831e-06
97.65  0.009138976804917247  5.224994401655599e-06
97.7  0.0091389761141715  5.225657656774828e-06
97.75  0.00913897537147327  5.226313846244939e-06
97.80000000000001  0.009138974568294343  5.226942041278854e-06
97.85000000000001  0.0091389737019009  5.227518459121456e-06
97.9  0.009138972776091447  5.228017971568215e-06
97.95  0.009138971801454128  5.2284156522553154e-06
98.0  0.009138970795094212  5.228688340787064e-06
98.05000000000001  0.009138969779851947  5.2288160419339215e-06
98.10000000000001  0.009138968783063077  5.22878311331066e-06
98.15  0.00913896783492953  5.228579140179415e-06
98.2  0.009138966966661579  5.228199452753221e-06
98.25  0.009138966208507585  5.227645229012427e-06
98.30000000000001  0.00913896558783859  5.226923200619569e-06
98.35000000000001  0.009138965127430876  5.2260449822860646e-06
98.4  0.00913896484408146  5.225026076672917e-06
98.45  0.009138964747657855  5.223884639123566e-06
98.5  0.009138964840652464  5.222640107755685e-06
98.55000000000001  0.0091389651182659  5.221311785110123e-06
98.60000000000001  0.009138965569005175  5.219917499362826e-06
98.65  0.009138966175730893  5.2184724222701165e-06
98.7  0.00913896691706648  5.216988155556132e-06
98.75  0.009138967769056608  5.21547211945392e-06
98.80000000000001  0.009138968706925325  5.213927297072251e-06
98.85000000000001  0.009138969706811217  5.212352330859682e-06
98.9  0.009138970747348048  5.210741939442568e-06
98.95  0.009138971810962132  5.209087625866141e-06
99.0  0.009138972884824816  5.207378606321498e-06
99.05000000000001  0.009138973961384045  5.205602844491762e-06
99.10000000000001  0.009138975038475756  5.203748144336695e-06
99.15  0.009138976119010284  5.20180319579707e-06
99.2  0.009138977210309686  5.199758480368521e-06
99.25  0.009138978323133304  5.197606986482206e-06
99.30000000000001  0.00913897947053206  5.195344690440409e-06
99.35000000000001  0.009138980666583814  5.19297076345454e-06
99.4  0.009138981925152858  5.1904875304598194e-06
99.45  0.00913898325875518  5.187900172906189e-06
99.5  0.009138984677610476  5.185216231223463e-06
99.55000000000001  0.009138986188939465  5.182444959653059e-06
99.60000000000001  0.009138987796552877  5.17959659131781e-06
99.65  0.009138989500717707  5.176681574540207e-06
99.7  0.009138991298330417  5.173709843968137e-06
99.75  0.009138993183295134  5.170690180656583e-06
99.80000000000001  0.00913899514711685  5.167629680736196e-06
99.85000000000001  0.009138997179594344  5.164533368931534e-06
99.9  0.009138999269555564  5.161403950454575e-06
99.95  0.009139001405579094  5.158241673654186e-06
100.0  0.009139003576608145  5.155044292297275e-06
100.05000000000001  0.00913900577241784  5.151807035597806e-06
100.10000000000001  0.009139007983876547  5.148522553213007e-06
100.15  0.009139010203008583  5.145180759683445e-06
100.2  0.009139012422803945  5.141768529130753e-06
100.25  0.009139014636839917  5.138269230167637e-06
100.30000000000001  0.009139016838770915  5.134662168981331e-06
100.35000000000001  0.009139019021863322  5.130922183815801e-06
100.4  0.009139021178852295  5.1270197413979765e-06
100.45  0.00913902330247309  5.122921979847377e-06
100.5  0.009139025386927931  5.118595071432587e-06
100.55000000000001  0.009139027430334984  5.1140079392054645e-06
100.60000000000001  0.009139029437850282  5.109136845921254e-06
100.65  0.009139031424872096  5.103969999993964e-06
100.7  0.009139033419574803  5.098511139912715e-06
100.75  0.009139035464008337  5.09278132872947e-06
100.80000000000001  0.009139037613267393  5.086818573387037e-06
100.85000000000001  0.009139039932532338  5.08067543358333e-06
100.9  0.009139042492199111  5.074415118204174e-06
100.95  0.009139045361642981  5.068106780859924e-06
101.0  0.009139048602338074  5.061820716005571e-06
101.05000000000001  0.009139052261202488  5.055624034764033e-06
101.10000000000001  0.009139056364929088  5.049577216743124e-06
101.15  0.009139060915975172  5.043731726393709e-06
101.2  0.009139065890651528  5.038128705906679e-06
101.25  0.009139071239523854  5.03279860064956e-06
101.30000000000001  0.009139076890124814  5.0277615180330986e-06
101.35000000000001  0.009139082751714121  5.023028057856381e-06
101.4  0.009139088721659309  5.018600418372219e-06
101.45  0.009139094692882951  5.0144735596386225e-06
101.5  0.009139100561703806  5.010636322064872e-06
101.55000000000001  0.00913910623539787  5.0070724197102175e-06
101.60000000000001  0.009139111638837974  5.003761331359073e-06
101.65  0.009139116719654132  5.0006791115712445e-06
101.7  0.00913912145148699  4.997799198632586e-06
101.75  0.00913912583510311  4.9950932570671505e-06
101.80000000000001  0.009139129897276683  4.992532140072291e-06
101.85000000000001  0.009139133687589007  4.990086985834244e-06
101.9  0.009139137273432506  4.987730410043183e-06
101.95  0.009139140733661863  4.985437796183251e-06
102.0  0.009139144151455439  4.98318856052035e-06
102.05000000000001  0.009139147606975876  4.9809673142202295e-06
102.10000000000001  0.009139151170444546  4.978764815342614e-06
102.15  0.009139154896209126  4.9765786103855305e-06
102.2  0.009139158818230842  4.974413263037652e-06
102.25  0.009139162947360887  4.9722801624585596e-06
102.30000000000001  0.00913916727054881  4.970196852907484e-06
102.35000000000001  0.009139171752027254  4.96818595079057e-06
102.4  0.009139176336280298  4.966273698928504e-06
102.45  0.00913918095253759  4.964488273890059e-06
102.5  0.009139185520347384  4.962857971390071e-06
102.55000000000001  0.0091391899557638  4.961409393472297e-06
102.60000000000001  0.009139194177622784  4.960165814014408e-06
102.65  0.009139198113404863  4.9591458118288835e-06
102.7  0.009139201704228505  4.958362267367203e-06
102.75  0.009139204908604438  4.957821814106011e-06
102.80000000000001  0.00913920770472497  4.9575247465299065e-06
102.85000000000001  0.009139210091144  4.957465376591416e-06
102.9  0.009139212085896728  4.957632779140487e-06
102.95  0.009139213724176825  4.958011860544287e-06
103.0  0.009139215054844807  4.958584627176967e-06
103.05000000000001  0.009139216136096584  4.959331549456473e-06
103.10000000000001  0.009139217030666731  4.960232914222502e-06
103.15  0.009139217800991898  4.961270038881605e-06
103.2  0.009139218504690409  4.962426281911365e-06
103.25  0.009139219190711804  4.963687789700979e-06
103.30000000000001  0.00913921989641149  4.965043917106826e-06
103.35000000000001  0.009139220645719976  4.966487372245012e-06
103.4  0.009139221448486237  4.968014052988425e-06
103.45  0.009139222300952779  4.969622662863394e-06
103.5  0.009139223187267065  4.9713141378400255e-06
103.55000000000001  0.009139224081823324  4.973090977644819e-06
103.60000000000001  0.00913922495219101  4.974956547886781e-06
103.65  0.00913922576236206  4.9769144117445805e-06
103.7  0.009139226476027674  4.978967756239449e-06
103.75  0.009139227059615774  4.981118950194894e-06
103.80000000000001  0.009139227484877265  4.983369248263384e-06
103.85000000000001  0.009139227730842765  4.985718664290669e-06
103.9  0.00913922778503429  4.988165994457587e-06
103.95  0.009139227643906693  4.990708954602616e-06
104.0  0.009139227312543689  4.9933444075525644e-06
104.05000000000001  0.009139226803678456  4.996068641468165e-06
104.10000000000001  0.009139226136196364  4.998877659985197e-06
104.15  0.00913922533327118  5.001767436638247e-06
104.2  0.009139224420322924  5.004734118406982e-06
104.25  0.009139223422982451  5.007774156800149e-06
104.30000000000001  0.009139222365226386  5.010884349605869e-06
104.35000000000001  0.00913922126781529  5.014061807321051e-06
104.4  0.00913922014715994  5.017303853433581e-06
104.45  0.009139219014644241  5.020607867314267e-06
104.5  0.00913921787644982  5.023971112332797e-06
104.55000000000001  0.009139216733825442  5.027390561488374e-06
104.60000000000001  0.00913921558375773  5.03086274564028e-06
104.65  0.009139214419950121  5.034383647515564e-06
104.7  0.00913921323398837  5.037948666531886e-06
104.75  0.009139212016580526  5.0415526214781545e-06
104.80000000000001  0.009139210758780974  5.04518984902996e-06
104.85000000000001  0.009139209453044245  5.0488543323719466e-06
104.9  0.009139208094097379  5.052539881138024e-06
104.95  0.009139206679511437  5.05624033270266e-06
105.0  0.009139205209995978  5.059949756466148e-06
105.05000000000001  0.00913920368938104  5.063662637266918e-06
105.10000000000001  0.009139202124327252  5.067374031909812e-06
105.15  0.009139200523823544  5.071079677736298e-06
105.2  0.009139198898509367  5.074776041297019e-06
105.25  0.009139197259916156  5.078460312132535e-06
105.30000000000001  0.009139195619681309  5.082130362817224e-06
105.35000000000001  0.009139193988813802  5.085784635405256e-06
105.4  0.009139192377070103  5.089422029265489e-06
105.45  0.009139190792484436  5.093041749611648e-06
105.5  0.009139189241057066  5.096643167752191e-06
105.55000000000001  0.009139187726647948  5.100225677415464e-06
105.60000000000001  0.009139186251051735  5.1037886000973955e-06
105.65  0.00913918481421036  5.1073310871799335e-06
105.7  0.00913918341456513  5.110852089757595e-06
105.75  0.009139182049493794  5.114350336842075e-06
105.80000000000001  0.009139180715773194  5.117824358535981e-06
105.85000000000001  0.009139179410053159  5.1212725121747935e-06
105.9  0.009139178129285785  5.124693050405165e-06
105.95  0.009139176871075348  5.128084178949587e-06
106.0  0.00913917563393995  5.1314441055067255e-06
106.05000000000001  0.009139174417457673  5.134771087238665e-06
106.10000000000001  0.009139173222326403  5.138063464333903e-06
106.15  0.009139172050290759  5.141319658747562e-06
106.2  0.009139170904002005  5.144538166476013e-06
106.25  0.009139169786815803  5.147717527744736e-06
106.30000000000001  0.009139168702532861  5.150856282022816e-06
106.35000000000001  0.009139167655132362  5.153952914920348e-06
106.4  0.009139166648511736  5.15700580853046e-06
106.45  0.009139165686254988  5.1600131965273514e-06
106.5  0.009139164771444571  5.162973133938627e-06
106.55000000000001  0.009139163906527605  5.165883472172436e-06
106.60000000000001  0.00913916309323803  5.168741888096314e-06
106.65  0.009139162332594463  5.171545899076318e-06
106.7  0.009139161624934874  5.174292920523166e-06
106.75  0.009139160970010125  5.176980351663204e-06
106.80000000000001  0.0091391603671096  5.179605653134211e-06
106.85000000000001  0.009139159815203815  5.182166444349465e-06
106.9  0.009139159313089633  5.184660611746983e-06
106.95  0.009139158859544236  5.1870863899055675e-06
107.0  0.009139158453438549  5.189442447443599e-06
107.05000000000001  0.00913915809384152  5.191727938186927e-06
107.10000000000001  0.009139157780089313  5.1939425447063625e-06
107.15  0.009139157511812383  5.196086468209013e-06
107.2  0.009139157288931422  5.198160422477372e-06
107.25  0.009139157111632963  5.200165582081267e-06
107.30000000000001  0.00913915698030673  5.202103510657018e-06
107.35000000000001  0.009139156895477037  5.203976083256062e-06
107.4  0.00913915685772608  5.205785388125346e-06
107.45  0.009139156867597711  5.20753362477709e-06
107.5  0.009139156925527648  5.2092230216423834e-06
107.55000000000001  0.009139157031782728  5.210855742216901e-06
107.60000000000001  0.009139157186399297  5.2124338233279456e-06
107.65  0.009139157389151538  5.2139591163374095e-06
107.7  0.00913915763954624  5.215433254239759e-06
107.75  0.009139157936801486  5.216857634319301e-06
107.80000000000001  0.009139158279881567  5.2182334231005946e-06
107.85000000000001  0.009139158667516177  5.219561557445447e-06
107.9  0.009139159098240118  5.220842781022657e-06
107.95  0.009139159570431158  5.22207765642457e-06
108.0  0.00913916008235826  5.223266603503651e-06
108.05000000000001  0.009139160632222608  5.224409923094021e-06
108.10000000000001  0.009139161218200343  5.225507826028548e-06
108.15  0.009139161838477565  5.226560442158604e-06
108.2  0.009139162491284648  5.227567858152708e-06
108.25  0.009139163174914818  5.228530115245183e-06
108.30000000000001  0.009139163887754043  5.229447224552137e-06
108.35000000000001  0.009139164628280431  5.230319171059918e-06
108.4  0.009139165395078915  5.231145930696907e-06
108.45  0.00913916618684566  5.231927485089508e-06
108.5  0.009139167002373133  5.232663828390511e-06
108.55000000000001  0.009139167840549602  5.2333549958068345e-06
108.60000000000001  0.009139168700343698  5.234001073331105e-06
108.65  0.009139169580798806  5.234602234953974e-06
108.7  0.009139170481013092  5.235158769580192e-06
108.75  0.009139171400124546  5.235671106291497e-06
108.80000000000001  0.00913917233729903  5.236139852123577e-06
108.85000000000001  0.00913917329172428  5.2365658109359615e-06
108.9  0.009139174262591428  5.236950010915084e-06
108.95  0.009139175249097364  5.2372937261006836e-06
109.0  0.009139176250432122  5.2375984851575955e-06
109.05000000000001  0.00913917726578594  5.237866084219212e-06
109.10000000000001  0.009139178294336543  5.2380985651125805e-06
109.15  0.009139179335253336  5.2382982143153495e-06
109.2  0.009139180387706357  5.23846752448372e-06
109.25  0.0091391814508519  5.2386091725902125e-06
109.30000000000001  0.00913918252383068  5.238725957659295e-06
109.35000000000001  0.009139183605778041  5.238820760908802e-06
109.4  0.009139184695802605  5.238896480593068e-06
109.45  0.009139185792994192  5.2389559772726235e-06
109.5  0.009139186896403627  5.239002008146072e-06
109.55000000000001  0.009139188005048027  5.239037165954161e-06
109.60000000000001  0.00913918911790322  5.239063846184506e-06
109.65  0.009139190233894595  5.239084176536816e-06
109.7  0.009139191351898179  5.23910000953514e-06
109.75  0.009139192470746824  5.239112887954933e-06
109.80000000000001  0.009139193589228201  5.23912403811277e-06
109.85000000000001  0.009139194706090958  5.239134373717538e-06
109.9  0.009139195820054263  5.239144509139283e-06
109.95  0.009139196929816313  5.2391547794401684e-06
110.0  0.009139198034069035  5.239165269795064e-06
110.05000000000001  0.00913919913150431  5.239175849065488e-06
110.10000000000001  0.00913920022083542  5.239186210197471e-06
110.15  0.009139201300808024  5.2391959065163055e-06
110.2  0.009139202370214474  5.239204395284479e-06
110.25  0.009139203427910974  5.2392110693586956e-06
110.30000000000001  0.00913920447283446  5.239215309679626e-06
110.35000000000001  0.00913920550401397  5.239216517747289e-06
110.4  0.00913920652058656  5.239214152563015e-06
110.45  0.009139207521804353  5.239207768741104e-06
110.5  0.009139208507054197  5.239197056260939e-06
110.55000000000001  0.009139209475850982  5.239181870381529e-06
110.60000000000001  0.00913921042785588  5.239162255458942e-06
110.65  0.009139211362854657  5.239138476090168e-06
110.7  0.009139212280767967  5.239111030966737e-06
110.75  0.009139213181629472  5.239080664798932e-06
110.80000000000001  0.009139214065577625  5.239048363690475e-06
110.85000000000001  0.009139214932829036  5.239015348419132e-06
110.9  0.009139215783668584  5.238983061802555e-06
110.95  0.00913921661841928  5.238953131580083e-06
111.0  0.00913921743742652  5.238927349723995e-06
111.05000000000001  0.009139218241032667  5.238907621330489e-06
111.10000000000001  0.009139219029563914  5.238895917993567e-06
111.15  0.009139219803305584  5.238894239206846e-06
111.2  0.00913922056249975  5.238904551040698e-06
111.25  0.009139221307323324  5.23892874879485e-06
111.30000000000001  0.009139222037890537  5.238968603937257e-06
111.35000000000001  0.009139222754240672  5.2390257167423565e-06
111.4  0.009139223456341316  5.239101483824743e-06
111.45  0.009139224144072929  5.239197057583286e-06
111.5  0.00913922481725253  5.239313319852792e-06
111.55000000000001  0.009139225475615038  5.239450856431272e-06
111.60000000000001  0.009139226118830668  5.23960994709108e-06
111.65  0.009139226746505124  5.239790550699863e-06
111.7  0.009139227358200172  5.239992298070463e-06
111.75  0.009139227953431089  5.240214519259992e-06
111.80000000000001  0.009139228531694535  5.240456247746828e-06
111.85000000000001  0.009139229092485952  5.240716244759571e-06
111.9  0.009139229635310504  5.240993044485615e-06
111.95  0.009139230159707485  5.2412849915540235e-06
112.0  0.00913923066527432  5.241590285370509e-06
112.05000000000001  0.009139231151680527  5.241907035188887e-06
112.10000000000001  0.009139231618687214  5.242233322038043e-06
112.15  0.009139232066156015  5.242567240195328e-06
112.2  0.009139232494073238  5.242906964694728e-06
112.25  0.00913923290254553  5.243250803611864e-06
112.30000000000001  0.009139233291807151  5.243597228009496e-06
112.35000000000001  0.009139233662230496  5.243944930157277e-06
112.4  0.009139234014310566  5.244292841447386e-06
112.45  0.009139234348663561  5.244640169795164e-06
112.5  0.009139234666016932  5.244986410048375e-06
112.55000000000001  0.009139234967207567  5.245331358326758e-06
112.60000000000001  0.009139235253155778  5.2456751102142275e-06
112.65  0.00913923552485759  5.2460180604261305e-06
112.7  0.009139235783365639  5.246360881833731e-06
112.75  0.009139236029769196  5.24670450185522e-06
112.80000000000001  0.009139236265172442  5.247050070602774e-06
112.85000000000001  0.009139236490675315  5.247398920057902e-06
112.9  0.009139236707343335  5.2477525156231645e-06
112.95  0.00913923691619379  5.248112387425824e-06
113.0  0.009139237118167443  5.248480097158983e-06
113.05000000000001  0.009139237314106468  5.248857139352511e-06
113.10000000000001  0.009139237504746794  5.2492449047861515e-06
113.15  0.00913923769070077  5.249644598726477e-06
113.2  0.009139237872445149  5.250057200532443e-06
113.25  0.009139238050325318  5.250483408204029e-06
113.30000000000001  0.009139238224558068  5.250923599984516e-06
113.35000000000001  0.009139238395231635  5.251377809707355e-06
113.4  0.009139238562322467  5.2518457142589395e-06
113.45  0.009139238725718066  5.252326634254986e-06
113.5  0.009139238885218628  5.25281953721329e-06
113.55000000000001  0.009139239040570298  5.25332306782069e-06
113.60000000000001  0.009139239191481935  5.253835574918866e-06
113.65  0.00913923933764956  5.254355145386624e-06
113.7  0.009139239478774309  5.254879650835626e-06
113.75  0.009139239614576074  5.255406805303327e-06
113.80000000000001  0.009139239744834214  5.255934202344568e-06
113.85000000000001  0.009139239869377792  5.2564593756885625e-06
113.9  0.009139239988128448  5.256979854281892e-06
113.95  0.009139240101098605  5.2574932148125725e-06
114.0  0.00913924020841058  5.257997133046699e-06
114.05000000000001  0.009139240310304988  5.258489445234514e-06
114.10000000000001  0.009139240407149458  5.258968196685107e-06
114.15  0.009139240499440019  5.2594316843103395e-06
114.2  0.009139240587799378  5.259878501100016e-06
114.25  0.009139240672967354  5.260307571081221e-06
114.30000000000001  0.009139240755798715  5.260718183447053e-06
114.35000000000001  0.00913924083723664  5.261109998872589e-06
114.4  0.009139240918298916  5.2614830484197885e-06
114.45  0.009139241000059674  5.261837742383008e-06
114.5  0.00913924108362164  5.262174845137627e-06
114.55000000000001  0.009139241170086774  5.262495436023551e-06
114.60000000000001  0.009139241260537372  5.262800880810744e-06
114.65  0.009139241356009336  5.2630927764281215e-06
114.7  0.009139241457473803  5.263372902349062e-06
114.75  0.009139241565814693  5.26364313974668e-06
114.80000000000001  0.00913924168181492  5.263905430248443e-06
114.85000000000001  0.009139241806139108  5.264161699796669e-06
114.9  0.009139241939324647  5.264413799688195e-06
114.95  0.009139242081779787  5.264663445991608e-06
115.0  0.009139242233762427  5.264912152444664e-06
115.05000000000001  0.009139242395396322  5.265161187401545e-06
115.10000000000001  0.009139242566660526  5.265411534605125e-06
115.15  0.009139242747401646  5.2656638436501466e-06
115.2  0.00913924293733447  5.265918412982124e-06
115.25  0.009139243136057292  5.266175166592196e-06
115.30000000000001  0.009139243343068069  5.266433656178323e-06
115.35000000000001  0.00913924355778795  5.266693055400802e-06
115.4  0.00913924377957509  5.26695219067307e-06
115.45  0.00913924400775575  5.26720956308584e-06
115.5  0.009139244241649608  5.267463393279954e-06
115.55000000000001  0.009139244480593518  5.267711665104928e-06
115.60000000000001  0.009139244723968279  5.267952197578966e-06
115.65  0.009139244971228318  5.268182684038745e-06
115.7  0.009139245221912867  5.26840079145515e-06
115.75  0.009139245475666935  5.268604198822326e-06
115.80000000000001  0.009139245732252946  5.268790677206221e-06
115.85000000000001  0.009139245991556456  5.268958146735405e-06
115.9  0.009139246253594874  5.269104737957964e-06
115.95  0.009139246518510447  5.269228838872947e-06
116.0  0.009139246786575513  5.269329136965207e-06
116.05000000000001  0.009139247058171563  5.269404659127299e-06
116.10000000000001  0.009139247333791862  5.269454789075506e-06
116.15  0.009139247614021467  5.269479292350999e-06
116.2  0.00913924789952008  5.269478325925113e-06
116.25  0.00913924819101257  5.269452430904122e-06
116.30000000000001  0.009139248489260732  5.269402532154114e-06
116.35000000000001  0.009139248795046422  5.269329915581365e-06
116.4  0.009139249109139144  5.2692361962724675e-06
116.45  0.009139249432285553  5.269123281179664e-06
116.5  0.009139249765170969  5.26899332220699e-06
116.55000000000001  0.00913925010839911  5.268848656580019e-06
116.60000000000001  0.00913925046247305  5.2686917399000655e-06
116.65  0.009139250827771726  5.268525083743959e-06
116.7  0.009139251204537277  5.268351180655253e-06
116.75  0.009139251592864054  5.2681724345817e-06
116.80000000000001  0.009139251992693463  5.267991091868014e-06
116.85000000000001  0.009139252403807772  5.267809168395417e-06
116.9  0.00913925282584454  5.267628416648731e-06
116.95  0.009139253258298095  5.267450259557275e-06
117.0  0.009139253700542044  5.267275774411921e-06
117.05000000000001  0.009139254151844155  5.26710566813558e-06
117.10000000000001  0.009139254611382132  5.266940268101633e-06
117.15  0.009139255078266904  5.266779524495111e-06
117.2  0.009139255551571638  5.266623026459606e-06
117.25  0.009139256030342376  5.266470022348055e-06
117.30000000000001  0.009139256513630865  5.266319454286673e-06
117.35000000000001  0.009139257000510633  5.2661699978105605e-06
117.4  0.00913925749009583  5.266020103955962e-06
117.45  0.009139257981568755  5.265868048484666e-06
117.5  0.009139258474195212  5.2657119877729495e-06
117.55000000000001  0.009139258967337284  5.265550010167955e-06
117.60000000000001  0.009139259460476452  5.265380205138922e-06
117.65  0.00913925995321644  5.265200712887348e-06
117.7  0.00913926044530169  5.2650097896426865e-06
117.75  0.009139260936611477  5.264805866399703e-06
117.80000000000001  0.009139261427172436  5.264587597241909e-06
117.85000000000001  0.009139261917137848  5.2643539073246115e-06
117.9  0.009139262406783852  5.264104040954992e-06
117.95  0.009139262896499445  5.26383758207025e-06
118.0  0.009139263386758762  5.263554475097489e-06
118.05000000000001  0.009139263878101841  5.263255034402864e-06
118.10000000000001  0.009139264371112905  5.2629399424678446e-06
118.15  0.00913926486638926  5.262610228352459e-06
118.2  0.009139265364523239  5.262267249180432e-06
118.25  0.009139265866072645  5.261912648260516e-06
118.30000000000001  0.00913926637154977  5.26154831598382e-06
118.35000000000001  0.009139266881388972  5.2611763370459335e-06
118.4  0.009139267395946695  5.260798941940533e-06
118.45  0.009139267915479088  5.260418450052048e-06
118.5  0.009139268440131961  5.26003721596169e-06
118.55000000000001  0.009139268969940884  5.2596575624991055e-06
118.60000000000001  0.009139269504828339  5.259281732631878e-06
118.65  0.009139270044593032  5.258911829489907e-06
118.7  0.00913927058891901  5.258549776607333e-06
118.75  0.009139271137370876  5.25819726804452e-06
118.80000000000001  0.009139271689408118  5.257855729134465e-06
118.85000000000001  0.009139272244396677  5.257526284852009e-06
118.9  0.009139272801611262  5.2572097312913015e-06
118.95  0.009139273360260144  5.256906538610704e-06
119.0  0.009139273919500993  5.256616832535982e-06
119.05000000000001  0.009139274478466968  5.256340408674317e-06
119.10000000000001  0.00913927503628809  5.256076741533896e-06
119.15  0.009139275592111511  5.255825018440625e-06
119.2  0.009139276145128626  5.255584175892626e-06
119.25  0.00913927669459597  5.255352929842323e-06
119.30000000000001  0.00913927723985225  5.255129834141881e-06
119.35000000000001  0.009139277780341792  5.2549133218642106e-06
119.4  0.0091392783156185  5.254701757059961e-06
119.45  0.009139278845358445  5.25449348534997e-06
119.5  0.00913927936937058  5.2542868915643796e-06
119.55000000000001  0.009139279887582535  5.254080441676433e-06
119.60000000000001  0.009139280400056723  5.253872726587922e-06
119.65  0.00913928090697114  5.253662508010459e-06
119.7  0.009139281408611727  5.253448754266208e-06
119.75  0.009139281905367714  5.253230666776951e-06
119.80000000000001  0.009139282397711751  5.253007721499586e-06
119.85000000000001  0.009139282886183351  5.25277967570255e-06
119.9  0.009139283371369194  5.252546589241285e-06
119.95  0.009139283853887212  5.252308828766999e-06
120.0  0.009139284334358833  5.252067061734932e-06
120.05000000000001  0.009139284813390942  5.251822236380444e-06
120.10000000000001  0.00913928529155264  5.251575574028334e-06
120.15  0.009139285769348388  5.251328516876525e-06
120.2  0.009139286247208354  5.251082703520472e-06
120.25  0.00913928672546523  5.250839908510247e-06
120.30000000000001  0.009139287204348659  5.250601991399592e-06
120.35000000000001  0.009139287683965637  5.250370843201571e-06
120.4  0.00913928816431353  5.25014832540501e-06
120.45  0.009139288645274208  5.249936218718033e-06
120.5  0.009139289126619767  5.249736178303353e-06
120.55000000000001  0.009139289608026098  5.2495496779729825e-06
120.60000000000001  0.009139290089088127  5.249377979030538e-06
120.65  0.009139290569330206  5.249222104133347e-06
120.7  0.009139291048227347  5.249082815062672e-06
120.75  0.009139291525214345  5.248960606978634e-06
120.80000000000001  0.009139291999710645  5.248855693884579e-06
120.85000000000001  0.009139292471133145  5.248768023505864e-06
120.9  0.009139292938908498  5.248697280660309e-06
120.95  0.009139293402483494  5.248642907695249e-06
121.0  0.00913929386134409  5.248604124820551e-06
121.05000000000001  0.009139294315014222  5.248579953001653e-06
121.10000000000001  0.00913929476308176  5.248569254712664e-06
121.15  0.009139295205195911  5.2485707578116335e-06
121.2  0.009139295641080044  5.2485830962501726e-06
121.25  0.00913929607053816  5.24860485201815e-06
121.30000000000001  0.009139296493463105  5.2486345918371555e-06
121.35000000000001  0.009139296909833974  5.248670910912886e-06
121.4  0.009139297319720605  5.248712469347152e-06
121.45  0.009139297723279767  5.248758031193386e-06
121.5  0.009139298120750067  5.2488064914278545e-06
121.55000000000001  0.009139298512447394  5.2488569082273875e-06
121.60000000000001  0.009139298898753648  5.248908528741728e-06
121.65  0.009139299280101246  5.248960803987872e-06
121.7  0.009139299656962675  5.24901339652654e-06
121.75  0.00913930002984386  5.249066191232972e-06
121.80000000000001  0.0091393003992579  5.2491192941645295e-06
121.85000000000001  0.009139300765725437  5.2491730270501835e-06
121.9  0.009139301129754722  5.249227919842535e-06
121.95  0.009139301491832395  5.249284694724477e-06
122.0  0.009139301852409139  5.24934425075494e-06
122.05000000000001  0.009139302211890759  5.249407641012285e-06
122.10000000000001  0.009139302570631745  5.249476041061039e-06
122.15  0.00913930292891742  5.249550726834935e-06
122.2  0.009139303286959721  5.249633032598268e-06
122.25  0.00913930364488649  5.24972431788142e-06
122.30000000000001  0.009139304002737308  5.249825929881755e-06
122.35000000000001  0.00913930436045172  5.249939153314175e-06
122.4  0.00913930471787844  5.250065175143649e-06
122.45  0.00913930507476948  5.250205046935098e-06
122.5  0.009139305430795774  5.250359652484273e-06
122.55000000000001  0.009139305785549185  5.250529673003095e-06
122.60000000000001  0.009139306138566432  5.250715561012508e-06
122.65  0.00913930648934472  5.250917536174743e-06
122.7  0.009139306837354793  5.2511355727951855e-06
122.75  0.00913930718206971  5.251369400955145e-06
122.80000000000001  0.0091393075229785  5.251618519591943e-06
122.85000000000001  0.009139307859609709  5.251882212621052e-06
122.9  0.009139308191544748  5.25215957378818e-06
122.95  0.009139308518429493  5.252449530877281e-06
123.0  0.009139308839983809  5.2527508746513796e-06
123.05000000000001  0.009139309156008673  5.253062306326316e-06
123.10000000000001  0.009139309466389484  5.253382456031023e-06
123.15  0.009139309771094378  5.253709928328078e-06
123.2  0.009139310070176793  5.254043336161754e-06
123.25  0.009139310363764901  5.254381336140617e-06
123.30000000000001  0.009139310652069514  5.254722666653787e-06
123.35000000000001  0.009139310935372307  5.255066177694201e-06
123.4  0.009139311214022993  5.2554108558781985e-06
123.45  0.009139311488434387  5.2557558626598055e-06
123.5  0.00913931175908084  5.256100541743312e-06
123.55000000000001  0.009139312026477919  5.256444451729467e-06
123.60000000000001  0.009139312291186676  5.256787359170028e-06
123.65  0.009139312553789771  5.257129252608718e-06
123.7  0.009139312814892199  5.257470337336292e-06
123.75  0.009139313075090642  5.257811017028214e-06
123.80000000000001  0.009139313334974856  5.258151881688117e-06
123.85000000000001  0.009139313595106759  5.258493685074926e-06
123.9  0.009139313856005917  5.25883731243771e-06
123.95  0.00913931411813967  5.259183755073249e-06
124.0  0.009139314381915398  5.259534067647825e-06
124.05000000000001  0.009139314647667412  5.25988935358581e-06
124.10000000000001  0.009139314915656685  5.260250713770207e-06
124.15  0.009139315186061652  5.260619233798773e-06
124.2  0.00913931545897953  5.2609959427047585e-06
124.25  0.00913931573442407  5.261381794798687e-06
124.30000000000001  0.009139316012324847  5.261777636692672e-06
124.35000000000001  0.009139316292534543  5.262184194834642e-06
124.4  0.009139316574828311  5.262602046330288e-06
124.45  0.009139316858909563  5.263031607407372e-06
124.5  0.009139317144419692  5.263473109067744e-06
124.55000000000001  0.009139317430946354  5.26392659127309e-06
124.60000000000001  0.009139317718035736  5.2643918833681995e-06
124.65  0.00913931800520604  5.264868614874142e-06
124.7  0.009139318291966996  5.265356203423973e-06
124.75  0.009139318577836075  5.265853871705395e-06
124.80000000000001  0.009139318862356527  5.266360661592361e-06
124.85000000000001  0.009139319145115683  5.266875445264865e-06
124.9  0.00913931942575967  5.2673969629990275e-06
124.95  0.00913931970401294  5.267923855430676e-06
125.0  0.009139319979680788  5.268454688549837e-06
125.05000000000001  0.009139320252656229  5.2689879980176045e-06
125.10000000000001  0.009139320522929612  5.269522333191043e-06
125.15  0.009139320790582085  5.270056288023161e-06
125.2  0.009139321055780872  5.27058854046488e-06
125.25  0.009139321318769381  5.271117887545643e-06
125.30000000000001  0.00913932157986476  5.271643284988426e-06
125.35000000000001  0.009139321839442854  5.272163857462009e-06
125.4  0.00913932209793038  5.272678934491865e-06
125.45  0.009139322355789375  5.2731880711196335e-06
125.5  0.009139322613515436  5.273691052654907e-06
125.55000000000001  0.00913932287162338  5.274187909711978e-06
125.60000000000001  0.009139323130635951  5.274678910160936e-06
125.65  0.009139323391074317  5.275164552490021e-06
125.7  0.00913932365345134  5.275645558010971e-06
125.75  0.009139323918258523  5.276122836123023e-06
125.80000000000001  0.009139324185949059  5.276597459174712e-06
125.85000000000001  0.009139324456938012  5.2770706285633654e-06
125.9  0.009139324731582927  5.277543623258588e-06
125.95  0.009139325010173631  5.278017757010434e-06
126.0  0.009139325292927054  5.2784943256300705e-06
126.05000000000001  0.009139325579981702  5.278974566862377e-06
126.10000000000001  0.009139325871388162  5.279459601585429e-06
126.15  0.009139326167118733  5.27995040271596e-06
126.2  0.00913932646706021  5.280447755990627e-06
126.25  0.009139326771027627  5.280952229905526e-06
126.30000000000001  0.009139327078765472  5.2814641523004084e-06
126.35000000000001  0.009139327389957257  5.281983599049098e-06
126.4  0.009139327704242235  5.282510390806558e-06
126.45  0.009139328021221707  5.283044089970522e-06
126.5  0.009139328340463992  5.283584008153872e-06
126.55000000000001  0.00913932866153065  5.284129219622184e-06
126.60000000000001  0.009139328983971805  5.2846785826766345e-06
126.65  0.009139329307346653  5.2852307592607135e-06
126.7  0.009139329631224845  5.285784241675995e-06
126.75  0.00913932995520845  5.286337399431653e-06
126.80000000000001  0.009139330278930678  5.2868885052596176e-06
126.85000000000001  0.009139330602069937  5.287435782731493e-06
126.9  0.009139330924360992  5.287977448385447e-06
126.95  0.009139331245601923  5.28851176401522e-06
127.0  0.009139331565654413  5.289037085283747e-06
127.05000000000001  0.009139331884461992  5.289551908848819e-06
127.10000000000001  0.00913933220204392  5.290054918875571e-06
127.15  0.009139332518497544  5.290545023045547e-06
127.2  0.00913933283399513  5.291021388512747e-06
127.25  0.009139333148786727  5.291483469383655e-06
127.30000000000001  0.009139333463178004  5.291931011705e-06
127.35000000000001  0.009139333777541355  5.292364070933289e-06
127.4  0.009139334092289647  5.29278299782332e-06
127.45  0.009139334407873536  5.293188419069753e-06
127.5  0.009139334724769604  5.293581224586979e-06
127.55000000000001  0.00913933504346345  5.293962524398257e-06
127.60000000000001  0.009139335364434748  5.294333617007806e-06
127.65  0.009139335688157413  5.29469594521989e-06
127.7  0.009139336015070634  5.295051047341914e-06
127.75  0.009139336345574872  5.295400512757016e-06
127.80000000000001  0.009139336680021058  5.295745926562484e-06
127.85000000000001  0.009139337018689412  5.296088822426856e-06
127.9  0.009139337361779725  5.296430633261104e-06
127.95  0.009139337709406045  5.29677265157446e-06
128.0  0.009139338061583086  5.297115967999228e-06
128.05  0.009139338418221746  5.297461450269462e-06
128.1  0.009139338779126479  5.2978096957736185e-06
128.15  0.009139339143993428  5.298161011435456e-06
128.20000000000002  0.009139339512422842  5.298515393335366e-06
128.25  0.009139339883922949  5.298872518027706e-06
128.3  0.00913934025792327  5.299231740278989e-06
128.35  0.009139340633793196  5.2995921089847315e-06
128.4  0.009139341010864357  5.299952383191629e-06
128.45000000000002  0.009139341388445344  5.300311065901194e-06
128.5  0.009139341765843726  5.300666447429327e-06
128.55  0.009139342142387685  5.301016646824417e-06
128.6  0.009139342517450811  5.301359663936419e-06
128.65  0.009139342890453955  5.301693434572982e-06
128.70000000000002  0.009139343260891011  5.302015895066294e-06
128.75  0.009139343628344215  5.302325024376497e-06
128.8  0.009139343992474564  5.3026189173159956e-06
128.85  0.009139344353047599  5.302895824382825e-06
128.9  0.00913934470992354  5.303154210279054e-06
128.95000000000002  0.009139345063069463  5.30339279157055e-06
129.0  0.009139345412552211  5.303610590814143e-06
129.05  0.009139345758539353  5.303806951447788e-06
129.1  0.009139346101295206  5.303981580610535e-06
129.15  0.009139346441173132  5.304134547864849e-06
129.20000000000002  0.009139346778607536  5.304266309151843e-06
129.25  0.009139347114096997  5.304377681020114e-06
129.3  0.009139347448194394  5.304469838011896e-06
129.35  0.00913934778148534  5.304544274047248e-06
129.4  0.009139348114573639  5.3046027620231575e-06
129.45000000000002  0.009139348448051293  5.304647296999396e-06
129.5  0.009139348782488682  5.304680040129435e-06
129.55  0.009139349118408732  5.304703245161027e-06
129.6  0.009139349456266831  5.30471918029537e-06
129.65  0.009139349796430662  5.304730067648184e-06
129.70000000000002  0.009139350139181017  5.304738003431345e-06
129.75  0.009139350484687269  5.304744890994564e-06
129.8  0.009139350833006295  5.304752385326759e-06
129.85  0.009139351184076175  5.304761854631277e-06
129.9  0.009139351537724305  5.304774329822947e-06
129.95000000000002  0.009139351893664025  5.304790492378724e-06
130.0  0.009139352251501805  5.3048106458366195e-06
130.05  0.009139352610749087  5.304834725750518e-06
130.1  0.009139352970835589  5.304862291323877e-06
130.15  0.009139353331117758  5.304892545886296e-06
130.20000000000002  0.00913935369089489  5.304924369010618e-06
130.25  0.009139354049436785  5.304956337274212e-06
130.3  0.009139354405991227  5.304986769916241e-06
130.35  0.009139354759811955  5.305013767137106e-06
130.4  0.00913935511018106  5.305035271795512e-06
130.45000000000002  0.009139355456433858  5.305049112663796e-06
130.5  0.00913935579797407  5.3050530766087455e-06
130.55  0.009139356134295631  5.3050449661005495e-06
130.6  0.009139356465000692  5.305022666599816e-06
130.65  0.009139356789817185  5.304984222253585e-06
130.70000000000002  0.009139357108602556  5.3049278773473056e-06
130.75  0.009139357421345518  5.304852139846887e-06
130.8  0.00913935772817768  5.304755839398694e-06
130.85  0.009139358029354096  5.30463815233683e-06
130.9  0.009139358325251108  5.304498643617366e-06
130.95000000000002  0.00913935861635176  5.3043372770855755e-06
131.0  0.009139358903226428  5.304154417704022e-06
131.05  0.009139359186522226  5.303950835605848e-06
131.1  0.009139359466937821  5.303727683323768e-06
131.15  0.009139359745200477  5.303486459861718e-06
131.20000000000002  0.009139360022055416  5.303228990192815e-06
131.25  0.009139360298239883  5.302957367795823e-06
131.3  0.009139360574463136  5.302673901627967e-06
131.35  0.009139360851387229  5.302381063003849e-06
131.4  0.009139361129613208  5.302081424129318e-06
131.45000000000002  0.009139361409658686  5.301777578829269e-06
131.5  0.009139361691944691  5.301472084052496e-06
131.55  0.009139361976782012  5.301167394311502e-06
131.6  0.009139362264360715  5.3008657853858415e-06
131.65  0.009139362554738031  5.3005692912993976e-06
131.70000000000002  0.009139362847835397  5.30027965495194e-06
131.75  0.009139363143441265  5.299998274002529e-06
131.8  0.009139363441217511  5.2997261662390154e-06
131.85  0.009139363740705796  5.2994639393840934e-06
131.9  0.00913936404134099  5.299211778353756e-06
131.95000000000002  0.009139364342476922  5.298969444343204e-06
132.0  0.009139364643410352  5.298736294949912e-06
132.05  0.009139364943393794  5.298511300354909e-06
132.1  0.009139365241672227  5.298293096376043e-06
132.15  0.00913936553749976  5.2980800111359434e-06
132.20000000000002  0.009139365830169936  5.297870136315133e-06
132.25  0.009139366119037751  5.297661374739616e-06
132.3  0.00913936640353476  5.297451517064053e-06
132.35  0.009139366683193064  5.29723829514482e-06
132.4  0.00913936695764955  5.297019455771928e-06
132.45000000000002  0.009139367226665307  5.296792826590415e-06
132.5  0.009139367490129557  5.296556368499135e-06
132.55  0.009139367748072827  5.296308244900428e-06
132.6  0.009139368000654471  5.296046874097714e-06
132.65  0.009139368248171527  5.295770976778671e-06
132.70000000000002  0.009139368491055198  5.295479623464638e-06
132.75  0.009139368729849913  5.295172258880008e-06
132.8  0.009139368965211905  5.294848735742962e-06
132.85  0.009139369197885053  5.29450932063968e-06
132.9  0.009139369428675334  5.2941546915652015e-06
132.95000000000002  0.00913936965843299  5.2937859318782986e-06
133.0  0.009139369888027344  5.293404497685094e-06
133.05  0.009139370118312685  5.293012176244027e-06
133.1  0.009139370350104217  5.2926110503716e-06
133.15  0.00913937058415043  5.2922034195286745e-06
133.20000000000002  0.00913937082111456  5.291791746775821e-06
133.25  0.0091393710615536  5.291378586297498e-06
133.3  0.009139371305904283  5.290966502959397e-06
133.35  0.009139371554471048  5.290558015407507e-06
133.4  0.009139371807426888  5.290155522499906e-06
133.45000000000002  0.009139372064807843  5.289761246707878e-06
133.5  0.009139372326524568  5.289377176500166e-06
133.55  0.00913937259235947  5.289005014721883e-06
133.6  0.009139372861982475  5.288646151561883e-06
133.65  0.009139373134956956  5.288301633994685e-06
133.70000000000002  0.009139373410764292  5.287972131697927e-06
133.75  0.009139373688806048  5.287657942771153e-06
133.8  0.009139373968426866  5.287358981657367e-06
133.85  0.00913937424892832  5.28707478880333e-06
133.9  0.009139374529598199  5.286804541680039e-06
133.95000000000002  0.009139374809718933  5.286547084646753e-06
134.0  0.009139375088595369  5.286300961521455e-06
134.05  0.009139375365576559  5.286064457221207e-06
134.1  0.009139375640072226  5.285835656027287e-06
134.15  0.009139375911572812  5.28561249230026e-06
134.20000000000002  0.009139376179671024  5.285392816976647e-06
134.25  0.009139376444069518  5.2851744630547895e-06
134.3  0.009139376704594072  5.284955315339136e-06
134.35  0.00913937696119731  5.284733368791461e-06
134.4  0.009139377213964687  5.28450679188313e-06
134.45000000000002  0.00913937746310556  5.28427398257999e-06
134.5  0.009139377708952949  5.284033613866016e-06
134.55  0.009139377951949273  5.283784665655012e-06
134.6  0.00913937819263704  5.283526455774072e-06
134.65  0.009139378431643665  5.283258661868857e-06
134.70000000000002  0.009139378669663089  5.282981313319945e-06
134.75  0.009139378907445032  5.2826948076163975e-06
134.8  0.00913937914576677  5.2823998819262995e-06
134.85  0.00913937938542218  5.28209760486246e-06
134.9  0.009139379627192246  5.281789336318847e-06
134.95000000000002  0.009139379871830645  5.281476697927164e-06
135.0  0.009139380120037139  5.281161527013925e-06
135.05  0.009139380372432107  5.2808458241864376e-06
135.1  0.00913938062954216  5.2805317091752005e-06
135.15  0.009139380891780378  5.280221349319872e-06
135.20000000000002  0.009139381159423723  5.279916912968635e-06
135.25  0.009139381432611993  5.279620485340261e-06
135.3  0.009139381711330321  5.279334040375237e-06
135.35  0.009139381995422136  5.279059357279523e-06
135.4  0.009139382284579507  5.278797991433131e-06
135.45000000000002  0.009139382578368098  5.2785512210826125e-06
135.5  0.009139382876234208  5.278320020576336e-06
135.55  0.009139383177531085  5.278105040051851e-06
135.6  0.009139383481541877  5.2779065810765234e-06
135.65  0.009139383787500456  5.277724611703902e-06
135.70000000000002  0.009139384094624278  5.277558763902427e-06
135.75  0.009139384402127923  5.277408349993343e-06
135.8  0.009139384709250962  5.277272392364887e-06
135.85  0.009139385015280069  5.277149649584266e-06
135.9  0.009139385319559979  5.277038658634708e-06
135.95000000000002  0.009139385621513204  5.276937770449261e-06
136.0  0.009139385920645789  5.276845201938299e-06
136.05  0.009139386216560262  5.2767590787370635e-06
136.1  0.009139386508961747  5.276677492369844e-06
136.15  0.009139386797663362  5.2765985488105265e-06
136.20000000000002  0.009139387082592671  5.276520420739294e-06
136.25  0.009139387363786831  5.276441414052413e-06
136.3  0.009139387641397092  5.276360004743486e-06
136.35  0.009139387915691861  5.276274891264504e-06
136.4  0.009139388187041624  5.2761850325884485e-06
136.45000000000002  0.00913938845591443  5.276089684368135e-06
136.5  0.009139388722860797  5.275988412014676e-06
136.55  0.009139388988500693  5.27588111441104e-06
136.6  0.009139389253501128  5.275768018994545e-06
136.65  0.009139389518560135  5.27564966001649e-06
136.70000000000002  0.00913938978438195  5.275526871085124e-06
136.75  0.009139390051650998  5.2754007405143464e-06
136.8  0.009139390321017252  5.275272578560044e-06
136.85  0.009139390593072243  5.275143865978598e-06
136.9  0.009139390868329123  5.275016210405149e-06
136.95000000000002  0.00913939114721163  5.274891293346518e-06
137.0  0.00913939143003974  5.274770819658798e-06
137.05  0.009139391717025415  5.274656470052083e-06
137.1  0.009139392008261938  5.274549863173105e-06
137.15  0.0091393923037239  5.274452507436514e-06
137.20000000000002  0.009139392603268057  5.2743657650780465e-06
137.25  0.009139392906637282  5.2742908255203405e-06
137.3  0.00913939321346421  5.27422867670289e-06
137.35  0.009139393523278621  5.274180071544743e-06
137.4  0.009139393835521896  5.274145529191444e-06
137.45000000000002  0.009139394149565907  5.274125312034936e-06
137.5  0.009139394464716967  5.2741194168525905e-06
137.55  0.009139394780242465  5.2741275833690445e-06
137.6  0.009139395095391717  5.274149303499459e-06
137.65  0.009139395409415978  5.274183822798716e-06
137.70000000000002  0.009139395721584627  5.274230176283406e-06
137.75  0.009139396031213838  5.274287205154018e-06
137.8  0.009139396337675859  5.2743536025759755e-06
137.85  0.00913939664042119  5.274427936815098e-06
137.9  0.00913939693899106  5.274508699683387e-06
137.95000000000002  0.009139397233026349  5.2745943567735864e-06
138.0  0.009139397522269666  5.274683370223138e-06
138.05  0.009139397806572684  5.274774261780169e-06
138.1  0.00913939808589781  5.2748656398927105e-06
138.15  0.009139398360312342  5.274956249789195e-06
138.20000000000002  0.009139398629985338  5.2750449945008614e-06
138.25  0.00913939889518275  5.2751309760168765e-06
138.3  0.009139399156256911  5.2752135129066884e-06
138.35  0.009139399413641237  5.275292166038005e-06
138.4  0.009139399667830353  5.275366745774272e-06
138.45000000000002  0.009139399919379548  5.275437330127142e-06
138.5  0.009139400168876061  5.275504251285319e-06
138.55  0.009139400416933771  5.2755680953878495e-06
138.6  0.009139400664165593  5.2756296808607905e-06
138.65  0.009139400911168775  5.2756900423243935e-06
138.70000000000002  0.009139401158500707  5.275750390742442e-06
138.75  0.009139401406662844  5.275812076223981e-06
138.8  0.009139401656076102  5.275876546506771e-06
138.85  0.009139401907073234  5.2759452930117336e-06
138.9  0.009139402159880723  5.276019808613322e-06
138.95000000000002  0.00913940241460909  5.276101537434895e-06
139.0  0.009139402671259492  5.27619182761447e-06
139.05  0.009139402929710973  5.27629189156102e-06
139.1  0.009139403189734795  5.276402774888117e-06
139.15  0.009139403451006195  5.276525327510464e-06
139.20000000000002  0.009139403713111111  5.276660175819253e-06
139.25  0.009139403975565643  5.276807724899357e-06
139.3  0.009139404237833042  5.276968140188699e-06
139.35  0.009139404499333873  5.277141358179323e-06
139.4  0.009139404759467467  5.277327083005466e-06
139.45000000000002  0.009139405017624284  5.277524805602984e-06
139.5  0.009139405273201373  5.277733817580686e-06
139.55  0.009139405525618505  5.277953231902792e-06
139.6  0.00913940577432646  5.278182005553857e-06
139.65  0.009139406018822068  5.278418974094079e-06
139.70000000000002  0.009139406258653858  5.2786628676869006e-06
139.75  0.00913940649343993  5.278912364957617e-06
139.8  0.009139406722868441  5.279166107056727e-06
139.85  0.009139406946710603  5.27942275538925e-06
139.9  0.009139407164827798  5.279681014961127e-06
139.95000000000002  0.009139407377170512  5.279939677755815e-06
140.0  0.009139407583780663  5.280197648502901e-06
140.05  0.009139407784796065  5.280453983663627e-06
140.1  0.009139407980436654  5.280707913881842e-06
140.15  0.009139408171006141  5.280958861180048e-06
140.20000000000002  0.009139408356880213  5.281206454912457e-06
140.25  0.009139408538500374  5.281450542677865e-06
140.3  0.009139408716348437  5.281691186637756e-06
140.35  0.009139408890946863  5.2819286570240476e-06
140.4  0.009139409062844342  5.28216343884157e-06
140.45000000000002  0.009139409232596034  5.282396203590506e-06
140.5  0.00913940940075982  5.282627791183196e-06
140.55  0.009139409567869168  5.282859197986041e-06
140.6  0.009139409734436586  5.2830915471719394e-06
140.65  0.00913940990093251  5.283326055999119e-06
140.70000000000002  0.009139410067774823  5.283564011776814e-06
140.75  0.009139410235317055  5.283806735144477e-06
140.8  0.009139410403837804  5.284055539312392e-06
140.85  0.009139410573535546  5.284311688718657e-06
140.9  0.009139410744514747  5.284576363737375e-06
140.95000000000002  0.00913941091679116  5.28485062076256e-06
141.0  0.009139411090279683  5.285135346010984e-06
141.05  0.009139411264805497  5.285431235076783e-06
141.1  0.009139411440106987  5.285738750539313e-06
141.15  0.009139411615846893  5.286058118764809e-06
141.20000000000002  0.009139411791619107  5.286389300395973e-06
141.25  0.009139411966979785  5.2867320027171925e-06
141.3  0.009139412141454101  5.28708567612378e-06
141.35  0.009139412314549143  5.28744953707459e-06
141.4  0.00913941248578266  5.28782259097215e-06
141.45000000000002  0.009139412654692074  5.288203662054554e-06
141.5  0.009139412820857971  5.288591426651408e-06
141.55  0.009139412983898955  5.288984459660595e-06
141.6  0.009139413143500058  5.289381259712233e-06
141.65  0.009139413299409864  5.289780308595309e-06
141.70000000000002  0.009139413451447077  5.290180101036324e-06
141.75  0.009139413599509693  5.290579190184988e-06
141.8  0.009139413743582186  5.290976215783258e-06
141.85  0.00913941388372975  5.291369947747933e-06
141.9  0.00913941402010052  5.291759317599669e-06
141.95000000000002  0.009139414152929633  5.292143441235021e-06
142.0  0.009139414282534513  5.292521645996584e-06
142.05  0.009139414409317119  5.292893495554348e-06
142.1  0.009139414533746325  5.2932587952316825e-06
142.15  0.00913941465635931  5.293617596772787e-06
142.20000000000002  0.009139414777741696  5.293970206677115e-06
142.25  0.009139414898519892  5.294317167247144e-06
142.3  0.009139415019338175  5.2946592427469065e-06
142.35  0.009139415140842749  5.294997392292218e-06
142.4  0.009139415263658498  5.29533273474752e-06
142.45000000000002  0.00913941538837839  5.295666513596426e-06
142.5  0.009139415515538433  5.296000062662886e-06
142.55  0.009139415645608792  5.296334743297817e-06
142.6  0.00913941577896634  5.2966719115520706e-06
142.65  0.00913941591590945  5.2970128753378675e-06
142.70000000000002  0.009139416056632266  5.297358845876869e-06
142.75  0.009139416201226963  5.2977109081420604e-06
142.8  0.009139416349685943  5.298069975683873e-06
142.85  0.009139416501898468  5.2984367695096e-06
142.9  0.009139416657664013  5.29881178754142e-06
142.95000000000002  0.0091394168166891  5.299195293177034e-06
143.0  0.009139416978600835  5.2995872850256824e-06
143.05  0.009139417142958132  5.299987512022246e-06
143.1  0.009139417309258407  5.300395448228274e-06
143.15  0.009139417476962314  5.300810309746297e-06
143.20000000000002  0.0091394176454999  5.30123107299606e-06
143.25  0.0091394178142873  5.301656485933576e-06
143.3  0.00913941798275418  5.302085098187717e-06
143.35  0.009139418150351936  5.302515295194045e-06
143.4  0.009139418316581362  5.302945349881598e-06
143.45000000000002  0.009139418480999714  5.303373458836352e-06
143.5  0.009139418643244374  5.303797795931219e-06
143.55  0.009139418803043808  5.304216566491874e-06
143.6  0.009139418960222917  5.304628063386972e-06
143.65  0.00913941911471273  5.305030708202573e-06
143.70000000000002  0.009139419266549778  5.305423096714067e-06
143.75  0.009139419415878968  5.3058040460650705e-06
143.8  0.009139419562941412  5.306172622187872e-06
143.85  0.009139419708074838  5.306528161534371e-06
143.9  0.009139419851700588  5.306870302645549e-06
143.95000000000002  0.009139419994313057  5.307198975058132e-06
144.0  0.009139420136466729  5.307514413410545e-06
144.05  0.009139420278760598  5.307817148810607e-06
144.1  0.009139420421819793  5.308107988738866e-06
144.15  0.009139420566282298  5.308387992087715e-06
144.20000000000002  0.009139420712781877  5.308658446407245e-06
144.25  0.009139420861928373  5.3089208235783955e-06
144.3  0.009139421014285172  5.3091767397179124e-06
144.35  0.009139421170354432  5.309427899412029e-06
144.4  0.009139421330553128  5.309676046022006e-06
144.45000000000002  0.009139421495203803  5.30992289967335e-06
144.5  0.009139421664514839  5.310170103394927e-06
144.55  0.009139421838572716  5.310419159191746e-06
144.6  0.009139422017341086  5.310671384266123e-06
144.65  0.009139422200649101  5.310927849981053e-06
144.70000000000002  0.009139422388207846  5.311189352970942e-06
144.75  0.009139422579608997  5.311456370797412e-06
144.8  0.009139422774350762  5.31172905648275e-06
144.85  0.009139422971841255  5.312007221078762e-06
144.9  0.00913942317142841  5.312290334768643e-06
144.95000000000002  0.009139423372415346  5.312577543755759e-06
145.0  0.009139423574083478  5.312867691435242e-06
145.05  0.009139423775715418  5.313159346845297e-06
145.1  0.009139423976608411  5.3134508422886945e-06
145.15  0.009139424176101633  5.3137403221815505e-06
145.20000000000002  0.009139424373582786  5.314025785567173e-06
145.25  0.009139424568505364  5.31430514293075e-06
145.3  0.00913942476040529  5.314576267876378e-06
145.35  0.009139424948904481  5.314837055363307e-06
145.4  0.009139425133720385  5.315085475217113e-06
145.45000000000002  0.009139425314681256  5.315319628501386e-06
145.5  0.009139425491713895  5.315537810145633e-06
145.55  0.009139425664862174  5.315738553336095e-06
145.6  0.009139425834277138  5.3159206707963135e-06
145.65  0.009139426000220188  5.316083308808638e-06
145.70000000000002  0.009139426163050154  5.316225968144263e-06
145.75  0.009139426323215138  5.3163485240995015e-06
145.8  0.00913942648124348  5.31645123801874e-06
145.85  0.009139426637722301  5.316534754120814e-06
145.9  0.0091394267932845  5.316600077005123e-06
145.95000000000002  0.00913942694858466  5.316648547864882e-06
146.0  0.009139427104279445  5.316681798685327e-06
146.05  0.009139427261009412  5.316701703679809e-06
146.1  0.009139427419376624  5.316710327610101e-06
146.15  0.009139427579933499  5.316709845720074e-06
146.20000000000002  0.009139427743156228  5.316702499256901e-06
146.25  0.009139427909442645  5.316690516617194e-06
146.3  0.009139428079089951  5.316676049702007e-06
146.35  0.00913942825228706  5.316661119738166e-06
146.4  0.009139428429116279  5.316647552552217e-06
146.45000000000002  0.009139428609541207  5.316636945871102e-06
146.5  0.00913942879341157  5.316630602359394e-06
146.55  0.009139428980459063  5.3166295079296174e-06
146.6  0.009139429170308409  5.316634306801258e-06
146.65  0.009139429362486615  5.316645269020834e-06
146.70000000000002  0.009139429556430313  5.316662294701396e-06
146.75  0.009139429751506199  5.316684904718553e-06
146.8  0.009139429947030086  5.316712252793746e-06
146.85  0.00913943014228688  5.3167431457187375e-06
146.9  0.009139430336547377  5.316776077397497e-06
146.95000000000002  0.009139430529103602  5.316809263930338e-06
147.0  0.009139430719279543  5.316840695393781e-06
147.05  0.00913943090645614  5.3168681991008836e-06
147.1  0.009139431090091514  5.3168894854120304e-06
147.15  0.009139431269738551  5.316902233993735e-06
147.20000000000002  0.00913943144505119  5.316904148452886e-06
147.25  0.009139431615795026  5.316893019734388e-06
147.3  0.009139431781852395  5.316866803733013e-06
147.35  0.009139431943218286  5.316823674904e-06
147.4  0.009139432100006076  5.31676207452496e-06
147.45000000000002  0.00913943225243945  5.316680763637412e-06
147.5  0.00913943240083716  5.316578863063441e-06
147.55  0.009139432545617903  5.316455878319199e-06
147.6  0.009139432687286002  5.3163117227304204e-06
147.65  0.009139432826415269  5.316146724875198e-06
147.70000000000002  0.009139432963637565  5.3159616334202855e-06
147.75  0.009139433099636218  5.3157576022464935e-06
147.8  0.009139433235121007  5.315536164684684e-06
147.85  0.009139433370812723  5.315299210294764e-06
147.9  0.009139433507425118  5.315048926470391e-06
147.95000000000002  0.009139433645636613  5.314787749891763e-06
148.0  0.009139433786081088  5.3145183030077416e-06
148.05  0.00913943392931182  5.314243309145913e-06
148.1  0.009139434075790397  5.313965528378124e-06
148.15  0.009139434225871629  5.313687671266185e-06
148.20000000000002  0.009139434379782058  5.313412315357212e-06
148.25  0.009139434537613372  5.313141839669467e-06
148.3  0.00913943469932401  5.3128783454537624e-06
148.35  0.009139434864732914  5.312623599702793e-06
148.4  0.009139435033534267  5.312378999782776e-06
148.45000000000002  0.009139435205301836  5.312145520318336e-06
148.5  0.009139435379506629  5.311923711234757e-06
148.55  0.009139435555536143  5.311713677202544e-06
148.6  0.00913943573271373  5.311515099238088e-06
148.65  0.009139435910321559  5.311327236119743e-06
148.70000000000002  0.009139436087624986  5.311148967919411e-06
148.75  0.009139436263891519  5.31097883050809e-06
148.8  0.009139436438414774  5.310815058676111e-06
148.85  0.009139436610534015  5.310655648782894e-06
148.9  0.009139436779651641  5.310498406627345e-06
148.95000000000002  0.009139436945256652  5.31034101960569e-06
149.0  0.00913943710693469  5.310181118421925e-06
149.05  0.009139437264383024  5.310016346841322e-06
149.1  0.009139437417426345  5.309844431098179e-06
149.15  0.009139437566006312  5.3096632391393356e-06
149.20000000000002  0.009139437710203965  5.30947084756493e-06
149.25  0.009139437850230761  5.30926559993072e-06
149.3  0.009139437986418154  5.3090461525122585e-06
149.35  0.009139438119210934  5.3088115222873415e-06
149.4  0.009139438249157259  5.308561105054981e-06
149.45000000000002  0.009139438376885689  5.308294704371621e-06
149.5  0.009139438503090106  5.308012528553265e-06
149.55  0.009139438628508991  5.307715194755329e-06
149.6  0.009139438753899796  5.307403705787138e-06
149.65  0.009139438880020275  5.307079420389666e-06
149.70000000000002  0.00913943900760352  5.30674402447756e-06
149.75  0.009139439137350339  5.306399479786659e-06
149.8  0.009139439269899581  5.306047973342644e-06
149.85  0.009139439405816881  5.305691866335643e-06
149.9  0.009139439545583414  5.305333626495507e-06
149.95000000000002  0.009139439689578054  5.30497577492557e-06
150.0  0.009139439838077235  5.304620819288042e-06
150.05  0.009139439991234063  5.304271195766285e-06
150.1  0.009139440149088442  5.303929201605647e-06
150.15  0.009139440311550959  5.303596940294246e-06
150.20000000000002  0.009139440478410702  5.3032762625502845e-06
150.25  0.009139440649340292  5.302968727188958e-06
150.3  0.00913944082389636  5.3026755448902616e-06
150.35  0.009139441001538046  5.302397560729452e-06
150.4  0.009139441181642269  5.302135218381086e-06
150.45000000000002  0.009139441363516278  5.301888564825216e-06
150.5  0.009139441546431842  5.301657237795853e-06
150.55  0.009139441729639089  5.301440484445179e-06
150.6  0.009139441912392444  5.301237201723306e-06
150.65  0.00913944209398513  5.301045952571157e-06
150.70000000000002  0.009139442273759145  5.300865028106403e-06
150.75  0.009139442451133921  5.300692500253125e-06
150.8  0.009139442625624404  5.300526283120457e-06
150.85  0.009139442796846375  5.300364195872157e-06
150.9  0.009139442964537642  5.300204022762247e-06
150.95000000000002  0.009139443128557608  5.300043591862291e-06
151.0  0.009139443288889984  5.29988082738559e-06
151.05  0.009139443445643661  5.299713815221346e-06
151.1  0.009139443599047333  5.299540847887097e-06
151.15  0.009139443749445326  5.2993604750798035e-06
151.20000000000002  0.009139443897282626  5.29917155075722e-06
151.25  0.009139444043094993  5.298973254105931e-06
151.3  0.009139444187501889  5.298765115335389e-06
151.35  0.009139444331175384  5.298547031698628e-06
151.4  0.009139444474831107  5.298319269430435e-06
151.45000000000002  0.009139444619200736  5.29808245446371e-06
151.5  0.009139444765013355  5.2978375461230865e-06
151.55  0.009139444912967658  5.297585822843117e-06
151.6  0.009139445063713805  5.29732882996578e-06
151.65  0.009139445217826888  5.297068336304633e-06
151.70000000000002  0.009139445375788589  5.296806280845052e-06
151.75  0.009139445537974264  5.296544712637583e-06
151.8  0.009139445704639917  5.296285731124374e-06
151.85  0.009139445875915832  5.296031425204085e-06
151.9  0.00913944605180481  5.2957838184069855e-06
151.95000000000002  0.009139446232190462  5.2955448063973115e-06
152.0  0.009139446416842974  5.295316120781295e-06
152.05  0.009139446605424454  5.295099279969983e-06
152.1  0.009139446797518892  5.294895559132204e-06
152.15  0.009139446992631356  5.294705955696821e-06
152.20000000000002  0.009139447190211782  5.294531181797963e-06
152.25  0.009139447389669052  5.29437164249394e-06
152.3  0.009139447590388136  5.294227439519943e-06
152.35  0.009139447791743492  5.294098364581488e-06
152.4  0.009139447993113926  5.293983911503343e-06
152.45000000000002  0.009139448193897327  5.293883290853293e-06
152.5  0.009139448393520145  5.29379545262306e-06
152.55  0.009139448591452385  5.2937191157637e-06
152.6  0.009139448787224232  5.293652800462088e-06
152.65  0.009139448980419131  5.293594875891078e-06
152.70000000000002  0.009139449170709014  5.29354360243278e-06
152.75  0.00913944935784625  5.2934971822613626e-06
152.8  0.009139449541677655  5.293453821466048e-06
152.85  0.009139449722143405  5.29341177348165e-06
152.9  0.009139449899280477  5.293369399358289e-06
152.95000000000002  0.009139450073219622  5.293325216084658e-06
153.0  0.009139450244181457  5.2932779330937675e-06
153.05  0.009139450412471366  5.2932264994342984e-06
153.1  0.009139450578461036  5.293170120922468e-06
153.15  0.009139450742589428  5.293108287914136e-06
153.20000000000002  0.009139450905339262  5.293040775279005e-06
153.25  0.009139451067229076  5.292967656747322e-06
153.3  0.009139451228803028  5.292889283308832e-06
153.35  0.009139451390611121  5.292806274004433e-06
153.4  0.009139451553195205  5.29271949696765e-06
153.45000000000002  0.009139451717083722  5.292630035360095e-06
153.5  0.009139451882766408  5.292539161452141e-06
153.55  0.009139452050684069  5.292448295608537e-06
153.60000000000002  0.009139452221222265  5.292358965852651e-06
153.65  0.009139452394690597  5.292272764148022e-06
153.70000000000002  0.009139452571311444  5.292191306573775e-06
153.75  0.009139452751207602  5.292116182657248e-06
153.8  0.00913945293440203  5.292048923355604e-06
153.85000000000002  0.009139453120802957  5.2919909419273515e-06
153.9  0.009139453310210998  5.2919435015554624e-06
153.95000000000002  0.009139453502319627  5.291907679884204e-06
154.0  0.009139453696724406  5.291884350413362e-06
154.05  0.009139453892933065  5.291874140877996e-06
154.10000000000002  0.009139454090382124  5.2918774289716975e-06
154.15  0.009139454288458207  5.291894335805378e-06
154.20000000000002  0.00913945448651268  5.291924713888348e-06
154.25  0.009139454683886716  5.291968169872385e-06
154.3  0.009139454879932032  5.2920240700917885e-06
154.35000000000002  0.009139455074025589  5.292091557483386e-06
154.4  0.009139455265592455  5.292169579862091e-06
154.45000000000002  0.009139455454113115  5.292256919177721e-06
154.5  0.009139455639138339  5.292352225714527e-06
154.55  0.00913945582029661  5.2924540575967544e-06
154.60000000000002  0.009139455997303259  5.292560911549415e-06
154.65  0.009139456169954922  5.292671274058315e-06
154.70000000000002  0.009139456338147162  5.292783660409083e-06
154.75  0.009139456501859803  5.292896657812347e-06
154.8  0.009139456661157851  5.293008970050632e-06
154.85000000000002  0.00913945681619303  5.293119459225408e-06
154.9  0.00913945696719999  5.293227181887416e-06
154.95000000000002  0.009139457114482143  5.293331412965937e-06
155.0  0.009139457258410635  5.293431686199392e-06
155.05  0.009139457399411948  5.2935277910170185e-06
155.10000000000002  0.009139457537953324  5.293619792087897e-06
155.15  0.009139457674531067  5.293708015814561e-06
155.20000000000002  0.009139457809660934  5.293793040225467e-06
155.25  0.009139457943857976  5.293875668785277e-06
155.3  0.00913945807762183  5.293956905639489e-06
155.35000000000002  0.009139458211430532  5.294037904619365e-06
155.4  0.009139458345722103  5.2941199411138786e-06
155.45000000000002  0.009139458480884648  5.294204361238903e-06
155.5  0.009139458617252579  5.294292541591138e-06
155.55  0.009139458755090799  5.294385845920407e-06
155.60000000000002  0.009139458894596207  5.294485589506573e-06
155.65  0.00913945903588579  5.29459300694095e-06
155.70000000000002  0.009139459178999058  5.294709215385889e-06
155.75  0.009139459323893189  5.294835192379049e-06
155.8  0.009139459470444547  5.294971754461709e-06
155.85000000000002  0.009139459618440534  5.2951195394964614e-06
155.9  0.009139459767592836  5.295278990284484e-06
155.95000000000002  0.009139459917532046  5.2954503412518616e-06
156.0  0.009139460067818213  5.295633616516455e-06
156.05  0.009139460217953936  5.295828622309002e-06
156.10000000000002  0.00913946036739411  5.296034951349877e-06
156.15  0.009139460515555468  5.296251991724482e-06
156.20000000000002  0.009139460661842664  5.2964789316546006e-06
156.25  0.009139460805663403  5.296714786514494e-06
156.3  0.009139460946452255  5.296958423559712e-06
156.35000000000002  0.009139461083685591  5.297208584569945e-06
156.4  0.009139461216894844  5.297463920080493e-06
156.45000000000002  0.009139461345691859  5.297723044499572e-06
156.5  0.009139461469772734  5.297984545144278e-06
156.55  0.009139461588929174  5.298247048457147e-06
156.60000000000002  0.009139461703055702  5.2985092420818145e-06
156.65  0.00913946181214249  5.298769922269103e-06
156.70000000000002  0.009139461916285578  5.29902802941858e-06
156.75  0.009139462015677724  5.2992826742130346e-06
156.8  0.00913946211059986  5.299533158975795e-06
156.85000000000002  0.009139462201417151  5.299779009154985e-06
156.9  0.009139462288568538  5.300019992254834e-06
156.95000000000002  0.009139462372559484  5.300256109863426e-06
157.0  0.009139462453953667  5.300487612526115e-06
157.05  0.009139462533350386  5.300714991852366e-06
157.10000000000002  0.009139462611374764  5.300938967951318e-06
157.15  0.009139462688670792  5.301160467335473e-06
157.20000000000002  0.009139462765867652  5.301380592933128e-06
157.25  0.009139462843575787  5.301600593355955e-06
157.3  0.009139462922361714  5.301821817953406e-06
157.35000000000002  0.009139463002726923  5.302045672760385e-06
157.4  0.009139463085100098  5.302273561249985e-06
157.45000000000002  0.009139463169816394  5.302506853664506e-06
157.5  0.009139463257112164  5.30274681937858e-06
157.55  0.009139463347112462  5.3029945942371535e-06
157.60000000000002  0.00913946343984021  5.303251139796418e-06
157.65  0.009139463535212382  5.303517216138367e-06
157.70000000000002  0.009139463633045282  5.303793346118468e-06
157.75  0.009139463733071177  5.304079820335917e-06
157.8  0.009139463834949867  5.304376672883126e-06
157.85000000000002  0.00913946393828544  5.304683695401646e-06
157.9  0.009139464042631131  5.305000436696731e-06
157.95000000000002  0.009139464147516863  5.30532622097118e-06
158.0  0.009139464252451997  5.305660165481191e-06
158.05  0.009139464356947584  5.30600120561271e-06
158.10000000000002  0.009139464460522995  5.306348117121019e-06
158.15  0.009139464562714417  5.306699547362264e-06
158.20000000000002  0.009139464663091375  5.307054045608668e-06
158.25  0.00913946476125738  5.3074100995351365e-06
158.3  0.009139464856868909  5.30776617380964e-06
158.35000000000002  0.00913946494963552  5.308120743703702e-06
158.4  0.00913946503933315  5.308472340110422e-06
158.45000000000002  0.009139465125809583  5.30881957989791e-06
158.5  0.009139465208994956  5.309161224061607e-06
158.55  0.00913946528889887  5.309496195282778e-06
158.60000000000002  0.009139465365618627  5.309823620276201e-06
158.65  0.00913946543933938  5.310142849214352e-06
158.70000000000002  0.009139465510325535  5.3104534868292125e-06
158.75  0.009139465578926635  5.310755388942818e-06
158.8  0.009139465645560625  5.311048675791564e-06
158.85000000000002  0.009139465710708386  5.311333720394449e-06
158.9  0.009139465774897736  5.311611138964932e-06
158.95000000000002  0.009139465838697264  5.311881765040626e-06
159.0  0.009139465902693336  5.31214662746434e-06
159.05  0.009139465967485147  5.3124069123516794e-06
159.10000000000002  0.009139466033659803  5.312663929309418e-06
159.15  0.009139466101784632  5.31291907131991e-06
159.20000000000002  0.009139466172382805  5.31317376907558e-06
159.25  0.00913946624592797  5.3134294544903695e-06
159.3  0.00913946632282  5.31368751183908e-06
159.35000000000002  0.009139466403381844  5.313949230600543e-06
159.4  0.00913946648783319  5.3142157802120275e-06
159.45000000000002  0.009139466576290346  5.314488147993351e-06
159.5  0.009139466668759241  5.3147671139639006e-06
159.55  0.00913946676512846  5.315053217236538e-06
159.60000000000002  0.009139466865172623  5.315346729715834e-06
159.65  0.009139466968567302  5.315647640790917e-06
159.70000000000002  0.009139467074885515  5.315955639591805e-06
159.75  0.009139467183622236  5.3162701266529265e-06
159.8  0.009139467294208552  5.316590214426758e-06
159.85000000000002  0.009139467406034645  5.316914753679977e-06
159.9  0.009139467518469963  5.317242355021106e-06
159.95000000000002  0.009139467630882282  5.317571435064215e-06
160.0  0.0091394677426661  5.317900256743518e-06
160.05  0.009139467853253168  5.318226979749265e-06
160.10000000000002  0.009139467962134893  5.31854970533467e-06
160.15  0.009139468068872916  5.318866544477591e-06
160.20000000000002  0.009139468173114413  5.319175655648062e-06
160.25  0.009139468274597419  5.319475307810737e-06
160.3  0.009139468373158165  5.319763917608093e-06
160.35000000000002  0.009139468468737005  5.320040103152742e-06
160.4  0.00913946856137736  5.320302719516402e-06
160.45000000000002  0.009139468651234522  5.320550883295425e-06
160.5  0.009139468738563208  5.320784006764359e-06
160.55  0.009139468823719368  5.321001816978885e-06
160.60000000000002  0.00913946890715269  5.3212043632247736e-06
160.65  0.009139468989393367  5.321392017820358e-06
160.70000000000002  0.009139469071038244  5.321565472881761e-06
160.75  0.009139469152731883  5.321725720085777e-06
160.8  0.009139469235155316  5.321874023067109e-06
160.85000000000002  0.009139469318991128  5.3220118798651345e-06
160.9  0.009139469404909888  5.322140975024827e-06
160.95000000000002  0.00913946949354012  5.322263140127839e-06
161.0  0.009139469585448118  5.322380277283283e-06
161.05  0.009139469681119939  5.322494316402522e-06
161.10000000000002  0.009139469780939508  5.32260713522625e-06
161.15  0.009139469885178332  5.3227205185281835e-06
161.20000000000002  0.00913946999398419  5.32283608595599e-06
161.25  0.009139470107376129  5.322955255899272e-06
161.3  0.009139470225245673  5.323079188438199e-06
161.35000000000002  0.009139470347362556  5.3232087640097715e-06
161.4  0.00913947047337416  5.323344548630298e-06
161.45000000000002  0.009139470602822226  5.323486778508455e-06
161.5  0.009139470735156557  5.323635348372061e-06
161.55  0.009139470869742244  5.323789813845513e-06
161.60000000000002  0.009139471005881689  5.323949401314567e-06
161.65  0.009139471142833188  5.3241130223097375e-06
161.70000000000002  0.009139471279820632  5.3242792919104185e-06
161.75  0.009139471416067765  5.324446575864143e-06
161.8  0.00913947155080316  5.324613022999786e-06
161.85000000000002  0.009139471683293151  5.3247766124119304e-06
161.9  0.009139471812860601  5.3249352196656176e-06
161.95000000000002  0.009139471938897432  5.325086666937713e-06
162.0  0.009139472060889532  5.325228800417666e-06
162.05  0.009139472178427598  5.3253595477870314e-06
162.10000000000002  0.009139472291216245  5.325476984848463e-06
162.15  0.009139472399087337  5.325579415101057e-06
162.20000000000002  0.009139472501997346  5.325665409842224e-06
162.25  0.009139472600026677  5.325733864176331e-06
162.3  0.009139472693371547  5.325784044154613e-06
162.35000000000002  0.009139472782326935  5.32581560947756e-06
162.4  0.009139472867278087  5.3258286305106505e-06
162.45000000000002  0.009139472948679919  5.325823599891012e-06
162.5  0.009139473027017935  5.325801417885431e-06
162.55  0.009139473102807699  5.325763382587321e-06
162.60000000000002  0.009139473176550623  5.325711163706409e-06
162.65  0.009139473248721143  5.325646768362805e-06
162.70000000000002  0.009139473319722792  5.325572499653079e-06
162.75  0.009139473389865952  5.325490916889206e-06
162.8  0.009139473459342046  5.325404788816108e-06
162.85000000000002  0.009139473528182703  5.32531704457059e-06
162.9  0.009139473596237908  5.32523071721479e-06
162.95000000000002  0.009139473663146169  5.325148913647669e-06
163.0  0.009139473728297346  5.32507475460109e-06
163.05  0.009139473790814005  5.3250113448642645e-06
163.10000000000002  0.009139473849519361  5.324961733565797e-06
163.15  0.009139473902913151  5.324928899700504e-06
163.20000000000002  0.009139473949158584  5.324915741318026e-06
163.25  0.00913947398605212  5.324925089091178e-06
163.3  0.009139474011022754  5.32495972499703e-06
163.35000000000002  0.009139474021116463  5.32502242385545e-06
163.4  0.009139474012992144  5.325116030617928e-06
163.45000000000002  0.00913947398292498  5.325243544331546e-06
163.5  0.009139473926820001  5.325408231558835e-06
163.55  0.009139473840242935  5.325613753504597e-06
163.60000000000002  0.009139473718473748  5.32586431481615e-06
163.65  0.009139473556584555  5.326164813234996e-06
163.70000000000002  0.009139473349569922  5.326520975571761e-06
163.75  0.009139473092504747  5.326939477098597e-06
163.8  0.00913947278075336  5.327427993552178e-06
163.85000000000002  0.00913947241019817  5.327995153557011e-06
163.9  0.009139471977444321  5.328650338378067e-06
163.95000000000002  0.00913947147996919  5.329403260440383e-06
164.0  0.00913947091615037  5.330263303243146e-06
164.05  0.009139470285137213  5.331238555851688e-06
164.10000000000002  0.009139469586575667  5.33233461319434e-06
164.15  0.009139468820221174  5.33355323439563e-06
164.20000000000002  0.009139467985534966  5.334891027778429e-06
164.25  0.00913946708134646  5.3363383835653e-06
164.3  0.009139466105697177  5.337878883266572e-06
164.35000000000002  0.009139465055885688  5.339489339824613e-06
164.4  0.009139463928753993  5.341140512513099e-06
164.45000000000002  0.009139462721166535  5.342798507264627e-06
164.5  0.009139461430628562  5.344426715756217e-06
164.55  0.009139460055964194  5.345988070306208e-06
164.60000000000002  0.009139458597972383  5.34744740108195e-06
164.65  0.009139457059964187  5.348773662338909e-06
164.70000000000002  0.009139455448142906  5.3499418217247e-06
164.75  0.009139453771737013  5.350934287493068e-06
164.8  0.009139452042893388  5.351741757922673e-06
164.85000000000002  0.009139450276289842  5.352363493861393e-06
164.9  0.009139448488485207  5.352807038901065e-06
164.95000000000002  0.009139446697038117  5.35308743096648e-06
165.0  0.00913944491946041  5.353226017948485e-06
165.05  0.00913944317205192  5.35324895041962e-06
165.10000000000002  0.009139441468734947  5.353185497563478e-06
165.15  0.009139439819974813  5.353066257072028e-06
165.20000000000002  0.009139438231891832  5.3529213594845555e-06
165.25  0.009139436705648929  5.352778767298179e-06
165.3  0.009139435237226243  5.352662734646539e-06
165.35000000000002  0.009139433817574542  5.352592502859302e-06
165.4  0.00913943243322934  5.352581277433548e-06
165.45000000000002  0.009139431067311372  5.352635544138339e-06
165.5  0.00913942970089265  5.352754759801288e-06
165.55  0.00913942831460228  5.352931408162645e-06
165.60000000000002  0.009139426890364625  5.353151464841362e-06
165.65  0.00913942541314104  5.353395198303974e-06
165.70000000000002  0.009139423872502618  5.353638310882979e-06
165.75  0.009139422263907529  5.353853333506329e-06
165.8  0.009139420589581962  5.354011201567184e-06
165.85000000000002  0.009139418858876036  5.354082900997648e-06
165.9  0.009139417088097151  5.354041123773118e-06
165.95000000000002  0.0091394152997914  5.353861772956206e-06
166.0  0.009139413521533135  5.3535252637030716e-06
166.05  0.009139411784303072  5.353017508793068e-06
166.10000000000002  0.009139410120586628  5.352330537911195e-06
166.15  0.009139408562330364  5.351462704181892e-06
166.20000000000002  0.009139407138929554  5.350418483738488e-06
166.25  0.009139405875399482  5.349207883735432e-06
166.3  0.009139404790852741  5.347845491019917e-06
166.35000000000002  0.009139403897438468  5.346349276996471e-06
166.4  0.009139403199764678  5.344739216123868e-06
166.45000000000002  0.009139402694893281  5.3430358607270325e-06
166.5  0.009139402372860716  5.3412589402836185e-06
166.55  0.009139402217659385  5.339426128647923e-06
166.60000000000002  0.00913940220864428  5.337552022571974e-06
166.65  0.009139402322191079  5.335647443729843e-06
166.70000000000002  0.00913940253349042  5.333719064827536e-06
166.75  0.009139402818330662  5.3317693917111155e-06
166.8  0.009139403154753508  5.329797074649491e-06
166.85000000000002  0.009139403524419283  5.32779750589212e-06
166.9  0.009139403913640876  5.3257636362323535e-06
166.95000000000002  0.009139404313978944  5.3236869314371915e-06
167.0  0.009139404722411745  5.321558387641435e-06
167.05  0.009139405141064639  5.319369497954959e-06
167.10000000000002  0.009139405576571304  5.31711310939795e-06
167.15  0.009139406039111238  5.314784097079823e-06
167.20000000000002  0.009139406541242866  5.312379812030127e-06
167.25  0.009139407096637634  5.309900264800966e-06
167.3  0.009139407718795622  5.307348069241691e-06
167.35000000000002  0.009139408419888638  5.304728141125115e-06
167.4  0.009139409209769796  5.302047206405015e-06
167.45000000000002  0.00913941009525506  5.2993131715153635e-06
167.5  0.009139411079692884  5.296534421222999e-06
167.55  0.009139412162827987  5.2937190969518165e-06
167.60000000000002  0.009139413340982637  5.2908744210966455e-06
167.65  0.009139414607455803  5.288006132460907e-06
167.70000000000002  0.009139415953154728  5.2851180540229386e-06
167.75  0.009139417367332498  5.282211813204408e-06
167.8  0.009139418838385552  5.2792867210927925e-06
167.85000000000002  0.009139420354620781  5.27633980865308e-06
167.9  0.00913942190495216  5.273365940280223e-06
167.95000000000002  0.009139423479409634  5.270357989636885e-06
168.0  0.009139425069484935  5.267307010629039e-06
168.05  0.00913942666823999  5.264202301570619e-06
168.10000000000002  0.009139428270170162  5.261031326970588e-06
168.15  0.009139429870860749  5.257779419258241e-06
168.20000000000002  0.00913943146641635  5.254429251685087e-06
168.25  0.009139433052808555  5.2509601929030445e-06
168.3  0.00913943462527165  5.247347730321533e-06
168.35000000000002  0.009139436178070295  5.243563402561465e-06
168.4  0.009139437704956115  5.239575643100768e-06
168.45000000000002  0.009139439200640337  5.235352020439409e-06
168.5  0.009139440663290262  5.2308628485863654e-06
168.55  0.00913944209776818  5.2260857812703185e-06
168.60000000000002  0.00913944351897629  5.2210104372125326e-06
168.65  0.009139444954549611  5.2156420682404636e-06
168.70000000000002  0.009139446446095281  5.210003390717841e-06
168.75  0.009139448048448663  5.20413423910624e-06
168.8  0.009139449826763783  5.198089170913749e-06
168.85000000000002  0.009139451851625739  5.191933534821533e-06
168.9  0.009139454192730512  5.1857387146088505e-06
168.95000000000002  0.009139456911924953  5.1795772786849366e-06
169.0  0.009139460056411777  5.17351859745331e-06
169.05  0.009139463652968964  5.167625343006747e-06
169.10000000000002  0.009139467703822785  5.161951046687421e-06
169.15  0.009139472184665567  5.156538744519241e-06
169.20000000000002  0.009139477045020243  5.151420529878612e-06
169.25  0.009139482210963414  5.146617847740615e-06
169.3  0.009139487589931291  5.142142269855591e-06
169.35000000000002  0.009139493077205466  5.137996511130668e-06
169.4  0.00913949856347363  5.134175530612894e-06
169.45000000000002  0.009139503942823424  5.130667578806688e-06
169.5  0.009139509120453592  5.127455162159164e-06
169.55  0.009139514019457569  5.124515902801721e-06
169.60000000000002  0.00913951858610286  5.1218233625561615e-06
169.65  0.009139522793201727  5.119347883347173e-06
169.70000000000002  0.009139526641246076  5.117057518884904e-06
169.75  0.009139530157324124  5.1149191100095825e-06
169.8  0.009139533391876845  5.112899504286636e-06
169.85000000000002  0.009139536413626494  5.110966922617938e-06
169.9  0.009139539303121733  5.1090924172384074e-06
169.95000000000002  0.009139542145457754  5.107251319211336e-06
170.0  0.009139545022796916  5.10542456422789e-06
170.05  0.009139548007315122  5.103599793891862e-06
170.10000000000002  0.009139551155111378  5.1017721225645385e-06
170.15  0.00913955450160358  5.099944457544778e-06
170.20000000000002  0.009139558058722167  5.0981273588584695e-06
170.25  0.009139561814078281  5.0963383875203224e-06
170.3  0.009139565732141388  5.0946009822154656e-06
170.35000000000002  0.009139569757235455  5.09294296661191e-06
170.4  0.009139573818091728  5.091394752961367e-06
170.45000000000002  0.009139577833504312  5.0899874090649445e-06
170.5  0.00913958171861335  5.088750719401563e-06
170.55  0.009139585391278977  5.08771140061466e-06
170.60000000000002  0.009139588778037173  5.086891582009568e-06
170.65  0.009139591819162901  5.086307670095142e-06
170.70000000000002  0.009139594472499258  5.085969672608318e-06
170.75  0.009139596715761833  5.0858809859469505e-06
170.8  0.009139598547247422  5.0860386630147505e-06
170.85000000000002  0.009139599984924569  5.086434081360929e-06
170.9  0.009139601064073737  5.087053970801651e-06
170.95000000000002  0.00913960183374649  5.0878816464132925e-06
171.0  0.009139602352367972  5.088898372343899e-06
171.05  0.009139602682869154  5.090084711453801e-06
171.10000000000002  0.009139602887788763  5.091421773453818e-06
171.15  0.009139603024701817  5.092892264681355e-06
171.20000000000002  0.009139603142330907  5.094481271918669e-06
171.25  0.009139603277602014  5.0961767436924965e-06
171.3  0.009139603453819242  5.0979696797769265e-06
171.35000000000002  0.009139603680024672  5.099854027538629e-06
171.4  0.00913960395152404  5.101826359534109e-06
171.45000000000002  0.009139604251455848  5.103885354682046e-06
171.5  0.009139604553189355  5.106031172715994e-06
171.55  0.009139604823335817  5.108264824466046e-06
171.60000000000002  0.009139605025064244  5.11058753990953e-06
171.65  0.009139605121436857  5.113000244714246e-06
171.70000000000002  0.009139605078505668  5.115503168316997e-06
171.75  0.009139604867940323  5.118095599420389e-06
171.8  0.009139604468988663  5.12077578645071e-06
171.85000000000002  0.009139603869708864  5.123541008385387e-06
171.9  0.009139603067373863  5.126387744095015e-06
171.95000000000002  0.009139602068133246  5.1293119375770985e-06
172.0  0.009139600885988333  5.132309296326809e-06
172.05  0.009139599541227878  5.135375587417257e-06
172.10000000000002  0.009139598058491691  5.138506916669465e-06
172.15  0.0091395964646601  5.141699915407435e-06
172.20000000000002  0.009139594786752431  5.144951863360542e-06
172.25  0.009139593049991788  5.148260707892136e-06
172.3  0.009139591276192943  5.1516249993422704e-06
172.35000000000002  0.009139589482597098  5.155043740954612e-06
172.4  0.009139587681159848  5.1585161944136095e-06
172.45000000000002  0.009139585878373182  5.162041646037546e-06
172.5  0.009139584075535986  5.165619174316916e-06
172.55  0.009139582269447007  5.169247438359479e-06
172.60000000000002  0.009139580453405287  5.172924508714386e-06
172.65  0.009139578618419717  5.17664776411125e-06
172.70000000000002  0.009139576754488057  5.18041384981187e-06
172.75  0.009139574851853637  5.184218694906026e-06
172.8  0.009139572902119855  5.188057613115767e-06
172.85000000000002  0.009139570899145086  5.191925429274484e-06
172.9  0.009139568839660727  5.195816648878885e-06
172.95000000000002  0.009139566723594748  5.199725635904014e-06
173.0  0.00913956455406364  5.203646782292774e-06
173.05  0.009139562337119257  5.20757467525391e-06
173.10000000000002  0.009139560081241054  5.21150419447396e-06
173.15  0.009139557796675251  5.2154306031123405e-06
173.20000000000002  0.009139555494667873  5.219349575758415e-06
173.25  0.009139553186685414  5.223257198311694e-06
173.3  0.009139550883674545  5.227149922106802e-06
173.35000000000002  0.009139548595434583  5.231024506579781e-06
173.4  0.009139546330127856  5.234877942855254e-06
173.45000000000002  0.009139544093983749  5.238707378573272e-06
173.5  0.00913954189118001  5.242510056721497e-06
173.55  0.009139539723894415  5.246283274226542e-06
173.60000000000002  0.009139537592537356  5.250024355093184e-06
173.65  0.009139535496091696  5.253730658049186e-06
173.70000000000002  0.009139533432537993  5.25739960636931e-06
173.75  0.009139531399321395  5.2610287321855245e-06
173.8  0.009139529393817396  5.264615741549811e-06
173.85000000000002  0.00913952741375463  5.2681585658144e-06
173.9  0.009139525457556464  5.271655428489149e-06
173.95000000000002  0.009139523524599137  5.275104876437131e-06
174.0  0.009139521615339583  5.278505819193062e-06
174.05  0.009139519731350038  5.281857513961686e-06
174.10000000000002  0.009139517875241875  5.285159547270904e-06
174.15  0.009139516050497641  5.288411773336614e-06
174.20000000000002  0.009139514261238164  5.291614251749603e-06
174.25  0.00913951251194914  5.294767150257633e-06
174.3  0.009139510807190727  5.297870648682083e-06
174.35000000000002  0.009139509151319279  5.300924830217257e-06
174.4  0.009139507548232749  5.303929595686574e-06
174.45000000000002  0.009139506001174774  5.306884573681779e-06
174.5  0.00913950451258621  5.309789067709176e-06
174.55  0.009139503084046917  5.312642025597284e-06
174.60000000000002  0.009139501716261015  5.31544201687735e-06
174.65  0.009139500409116253  5.318187268117333e-06
174.70000000000002  0.009139499161800497  5.320875696095562e-06
174.75  0.00913949797293414  5.323504987532208e-06
174.8  0.009139496840757278  5.326072672722491e-06
174.85000000000002  0.009139495763301479  5.328576219020226e-06
174.9  0.00913949473856737  5.331013125862668e-06
174.95000000000002  0.009139493764677131  5.333381021746107e-06
175.0  0.009139492839998792  5.335677734018946e-06
175.05  0.009139491963240489  5.337901348606707e-06
175.10000000000002  0.009139491133505373  5.340050272057621e-06
175.15  0.009139490350300091  5.342123242225213e-06
175.20000000000002  0.009139489613515404  5.344119345209342e-06
175.25  0.009139488923384842  5.346038003939933e-06
175.3  0.009139488280410935  5.347878959121905e-06
175.35000000000002  0.009139487685280655  5.3496422373683e-06
175.4  0.009139487138780565  5.351328124460881e-06
175.45000000000002  0.009139486641707783  5.352937125001594e-06
175.5  0.009139486194792788  5.354469949351898e-06
175.55  0.009139485798633221  5.355927477789413e-06
175.60000000000002  0.009139485453644859  5.357310749639721e-06
175.65  0.00913948516001546  5.358620955566329e-06
175.70000000000002  0.009139484917698368  5.359859426256751e-06
175.75  0.009139484726400925  5.3610276345575705e-06
175.8  0.009139484585591435  5.36212719693817e-06
175.85000000000002  0.009139484494510138  5.363159848442299e-06
175.9  0.009139484452207094  5.364127450057017e-06
175.95000000000002  0.009139484457545689  5.365031952982429e-06
176.0  0.009139484509252895  5.365875380593005e-06
176.05  0.009139484605931388  5.366659788342914e-06
176.10000000000002  0.009139484746095388  5.367387220282143e-06
176.15  0.009139484928189789  5.368059669429506e-06
176.20000000000002  0.009139485150604774  5.3686790159169595e-06
176.25  0.009139485411697033  5.369247001128774e-06
176.3  0.00913948570980036  5.3697651765448155e-06
176.35000000000002  0.009139486043228465  5.370234867078569e-06
176.4  0.00913948641028919  5.370657154702275e-06
176.45000000000002  0.009139486809278202  5.371032856188581e-06
176.5  0.00913948723848545  5.371362530854891e-06
176.55  0.009139487696195329  5.3716464841426946e-06
176.60000000000002  0.009139488180688713  5.3718847909214646e-06
176.65  0.009139488690235984  5.372077324727854e-06
176.70000000000002  0.009139489223122426  5.372223801799103e-06
176.75  0.009139489777630959  5.37232383631016e-06
176.8  0.009139490352069495  5.372376974335444e-06
176.85000000000002  0.009139490944771657  5.3723827803188505e-06
176.9  0.009139491554114938  5.372340878511143e-06
176.95000000000002  0.009139492178538423  5.372251013100512e-06
177.0  0.009139492816552984  5.372113106129133e-06
177.05  0.009139493466758556  5.3719273011159935e-06
177.10000000000002  0.009139494127856324  5.3716940204854495e-06
177.15  0.009139494798658204  5.3714139705441505e-06
177.20000000000002  0.00913949547809141  5.371088182793912e-06
177.25  0.009139496165194333  5.370718014646692e-06
177.3  0.009139496859117986  5.370305148578265e-06
177.35000000000002  0.009139497559115119  5.369851576325808e-06
177.4  0.00913949826452443  5.369359566331701e-06
177.45000000000002  0.009139498974755871  5.3688316459843985e-06
177.5  0.009139499689270008  5.368270554634855e-06
177.55  0.009139500407553104  5.367679197759224e-06
177.60000000000002  0.009139501129095288  5.367060600457044e-06
177.65  0.009139501853374792  5.3664178602720754e-06
177.70000000000002  0.009139502579826674  5.36575409729493e-06
177.75  0.009139503307827014  5.365072409165483e-06
177.8  0.009139504036672831  5.364375829786507e-06
177.85000000000002  0.009139504765572688  5.363667277430233e-06
177.9  0.009139505493625641  5.362949522110373e-06
177.95000000000002  0.00913950621982353  5.3622251444456425e-06
178.0  0.009139506943044893  5.361496500634339e-06
178.05  0.00913950766205858  5.360765691110332e-06
178.10000000000002  0.009139508375533836  5.360034529320961e-06
178.15  0.009139509082054355  5.359304526237859e-06
178.20000000000002  0.009139509780132685  5.358576867542191e-06
178.25  0.009139510468245841  5.357852404541045e-06
178.3  0.009139511144855143  5.357131652668364e-06
178.35000000000002  0.009139511808434642  5.3564148176962864e-06
178.4  0.009139512457502318  5.355701792884241e-06
178.45000000000002  0.009139513090656273  5.354992206520832e-06
178.5  0.009139513706589279  5.354285456595973e-06
178.55  0.009139514304125212  5.353580753504031e-06
178.60000000000002  0.00913951488223069  5.352877177626839e-06
178.65  0.009139515440023747  5.352173741316282e-06
178.70000000000002  0.009139515976794493  5.351469434487332e-06
178.75  0.009139516491991372  5.350763295680183e-06
178.8  0.009139516985231532  5.35005446802595e-06
178.85000000000002  0.009139517456287782  5.349342241873925e-06
178.9  0.00913951790508246  5.3486261104940345e-06
178.95000000000002  0.00913951833167255  5.347905809470618e-06
179.0  0.009139518736240096  5.34718135075901e-06
179.05  0.009139519119080739  5.346453044118428e-06
179.10000000000002  0.009139519480578905  5.345721514957993e-06
179.15  0.009139519821198695  5.344987713808483e-06
179.20000000000002  0.009139520141472495  5.344252916121811e-06
179.25  0.009139520441969222  5.343518697453417e-06
179.3  0.009139520723289461  5.342786923354201e-06
179.35000000000002  0.009139520986038617  5.34205970988995e-06
179.4  0.009139521230811283  5.341339379138089e-06
179.45000000000002  0.009139521458165151  5.340628415743975e-06
179.5  0.009139521668610501  5.339929398724035e-06
179.55  0.009139521862585017  5.3392449402272645e-06
179.60000000000002  0.009139522040449016  5.338577623890148e-06
179.65  0.009139522202466851  5.337929936722306e-06
179.70000000000002  0.009139522348798852  5.337304206357214e-06
179.75  0.009139522479512201  5.3367025422619324e-06
179.8  0.009139522594571646  5.336126786615431e-06
179.85000000000002  0.00913952269384773  5.335578468089594e-06
179.9  0.00913952277712762  5.335058772783219e-06
179.95000000000002  0.00913952284413196  5.334568527880278e-06
180.0  0.009139522894522325  5.3341081683387745e-06
180.05  0.009139522927923546  5.333677757775248e-06
180.10000000000002  0.009139522943939934  5.333276985264963e-06
180.15  0.009139522942170263  5.332905171916407e-06
180.20000000000002  0.009139522922226613  5.332561307474549e-06
180.25  0.009139522883761082  5.332244065708489e-06
180.3  0.009139522826475607  5.331951847212181e-06
180.35000000000002  0.009139522750139746  5.331682822104326e-06
180.4  0.009139522654613767  5.331434971859387e-06
180.45000000000002  0.009139522539860823  5.331206153532417e-06
180.5  0.009139522405966232  5.3309941438238e-06
180.55  0.009139522253146636  5.330796706179875e-06
180.60000000000002  0.00913952208176464  5.330611656517866e-06
180.65  0.009139521892330568  5.3304369231829685e-06
180.70000000000002  0.009139521685506594  5.330270597618699e-06
180.75  0.009139521462102583  5.330111005754615e-06
180.8  0.009139521223074445  5.3299567412556535e-06
180.85000000000002  0.009139520969498618  5.329806708265173e-06
180.9  0.00913952070255666  5.329660152135203e-06
180.95000000000002  0.009139520423527  5.329516675793772e-06
181.0  0.00913952013374239  5.329376235632048e-06
181.05  0.00913951983456768  5.3292391438283186e-06
181.10000000000002  0.00913951952738224  5.329106043420182e-06
181.15  0.009139519213541815  5.328977880243713e-06
181.20000000000002  0.009139518894355273  5.3288558682000695e-06
181.25  0.009139518571060757  5.328741442923849e-06
181.3  0.009139518244802435  5.328636213985602e-06
181.35000000000002  0.009139517916615091  5.328541916396171e-06
181.4  0.009139517587405903  5.328460343704102e-06
181.45000000000002  0.009139517257943531  5.328393307207631e-06
181.5  0.009139516928850788  5.328342565468099e-06
181.55  0.009139516600600018  5.328309767619244e-06
181.60000000000002  0.009139516273514229  5.328296405004301e-06
181.65  0.00913951594776869  5.328303761772924e-06
181.70000000000002  0.009139515623408055  5.328332858951421e-06
181.75  0.0091395153003536  5.328384420578134e-06
181.8  0.009139514978425203  5.32845883285699e-06
181.85000000000002  0.009139514657362145  5.328556128878653e-06
181.9  0.009139514336844828  5.328675974434333e-06
181.95000000000002  0.009139514016522795  5.328817652203079e-06
182.0  0.009139513696048897  5.328980086402471e-06
182.05  0.009139513375091547  5.329161848129506e-06
182.10000000000002  0.009139513053369573  5.329361199406311e-06
182.15  0.009139512730667224  5.329576120556632e-06
182.20000000000002  0.009139512406858369  5.3298043665648805e-06
182.25  0.009139512081911525  5.330043518224456e-06
182.3  0.009139511755910209  5.330291041958767e-06
182.35000000000002  0.00913951142904456  5.3305443456414295e-06
182.4  0.009139511101624108  5.33080085115135e-06
182.45000000000002  0.00913951077407131  5.331058042906981e-06
182.5  0.009139510446917928  5.331313537325843e-06
182.55  0.009139510120799704  5.331565140883818e-06
182.60000000000002  0.009139509796451506  5.331810888597121e-06
182.65  0.009139509474688022  5.332049099194094e-06
182.70000000000002  0.009139509156406656  5.332278401600529e-06
182.75  0.009139508842563145  5.3324977692858415e-06
182.8  0.009139508534160583  5.332706543708342e-06
182.85000000000002  0.009139508232228252  5.332904431124973e-06
182.9  0.009139507937809002  5.3330915073395726e-06
182.95000000000002  0.009139507651930407  5.33326818622198e-06
183.0  0.009139507375586258  5.333435217606255e-06
183.05  0.009139507109709276  5.333593632965048e-06
183.10000000000002  0.009139506855147674  5.333744705784016e-06
183.15  0.009139506612649912  5.333889906391305e-06
183.20000000000002  0.009139506382838995  5.3340308408242115e-06
183.25  0.00913950616620033  5.334169185743337e-06
183.3  0.009139505963072645  5.334306644903385e-06
183.35000000000002  0.009139505773645636  5.334444880206418e-06
183.4  0.00913950559794746  5.334585465197495e-06
183.45000000000002  0.00913950543586449  5.334729836326045e-06
183.5  0.009139505287139364  5.334879249931557e-06
183.55  0.0091395051513916  5.335034748351741e-06
183.60000000000002  0.009139505028128141  5.335197125235489e-06
183.65  0.009139504916770267  5.335366904199435e-06
183.70000000000002  0.00913950481666481  5.335544324913026e-06
183.75  0.009139504727108385  5.33572932794247e-06
183.8  0.009139504647377606  5.3359215560534485e-06
183.85000000000002  0.009139504576738153  5.336120356203076e-06
183.9  0.009139504514475913  5.336324784678309e-06
183.95000000000002  0.009139504459913307  5.33653363529805e-06
184.0  0.009139504412427588  5.336745452565498e-06
184.05  0.009139504371470642  5.3369585838585485e-06
184.10000000000002  0.009139504336575373  5.337171203157018e-06
184.15  0.009139504307373408  5.337381379632363e-06
184.20000000000002  0.009139504283598974  5.3375871079666334e-06
184.25  0.009139504265093412  5.337786380481681e-06
184.3  0.009139504251799681  5.337977249339292e-06
184.35000000000002  0.00913950424376813  5.338157864938375e-06
184.4  0.009139504241137374  5.3383265487111625e-06
184.45000000000002  0.00913950424413576  5.338481829765779e-06
184.5  0.009139504253060527  5.338622485967959e-06
184.55  0.009139504268266593  5.338747581500524e-06
184.60000000000002  0.00913950429015109  5.3388564840089006e-06
184.65  0.009139504319143982  5.338948877504912e-06
184.70000000000002  0.009139504355689252  5.339024769985905e-06
184.75  0.009139504400231462  5.339084483209258e-06
184.8  0.009139504453205959  5.339128640303309e-06
184.85000000000002  0.009139504515027083  5.339158147860351e-06
184.9  0.009139504586067085  5.339174164826208e-06
184.95000000000002  0.009139504666653937  5.339178073281202e-06
185.0  0.009139504757054285  5.339171436261872e-06
185.05  0.009139504857454368  5.33915595392543e-06
185.10000000000002  0.009139504967950043  5.3391334333456825e-06
185.15  0.009139505088529107  5.33910571746466e-06
185.20000000000002  0.009139505219070409  5.339074639300963e-06
185.25  0.009139505359321409  5.339041982687059e-06
185.3  0.0091395055089039  5.339009428060584e-06
185.35000000000002  0.009139505667310154  5.338978497851615e-06
185.4  0.009139505833915689  5.338950524516812e-06
185.45000000000002  0.009139506007979682  5.338926618702472e-06
185.5  0.009139506188680317  5.338907631495375e-06
185.55  0.009139506375127861  5.338894146757797e-06
185.60000000000002  0.009139506566380046  5.338886468292674e-06
185.65  0.009139506761484145  5.338884618223206e-06
185.70000000000002  0.009139506959498767  5.338888351967314e-06
185.75  0.009139507159509109  5.3388971704083e-06
185.8  0.009139507360661214  5.338910346920156e-06
185.85000000000002  0.00913950756217186  5.338926952738331e-06
185.9  0.009139507763338954  5.338945885420467e-06
185.95000000000002  0.00913950796355589  5.338965913454928e-06
186.0  0.009139508162315742  5.338985710842236e-06
186.05  0.009139508359208626  5.339003898956283e-06
186.10000000000002  0.009139508553922116  5.339019081163283e-06
186.15  0.009139508746237136  5.339029898877954e-06
186.20000000000002  0.009139508936016234  5.339035056138911e-06
186.25  0.009139509123210002  5.339033373929418e-06
186.3  0.009139509307838214  5.33902382396015e-06
186.35000000000002  0.00913950948998522  5.339005566565205e-06
186.4  0.009139509669794224  5.338977978784675e-06
186.45000000000002  0.009139509847454902  5.338940682066389e-06
186.5  0.009139510023196244  5.338893562035747e-06
186.55  0.009139510197278794  5.338836774899393e-06
186.60000000000002  0.009139510369979446  5.3387707521915305e-06
186.65  0.009139510541582099  5.338696186686013e-06
186.70000000000002  0.009139510712368015  5.338614020928146e-06
186.75  0.009139510882603123  5.338525419234564e-06
186.8  0.009139511052523218  5.338431738874112e-06
186.85000000000002  0.009139511222333571  5.338334489184799e-06
186.9  0.00913951139219385  5.338235299487924e-06
186.95000000000002  0.009139511562207079  5.338135864432628e-06
187.0  0.009139511732417085  5.33803791263963e-06
187.05  0.009139511902799442  5.337943160928487e-06
187.10000000000002  0.009139512073258367  5.337853265469463e-06
187.15  0.009139512243619209  5.337769799228058e-06
187.20000000000002  0.009139512413629416  5.337694199816561e-06
187.25  0.009139512582951995  5.337627740095426e-06
187.3  0.009139512751174143  5.337571504087117e-06
187.35000000000002  0.009139512917808512  5.337526357007086e-06
187.4  0.009139513082295474  5.337492922854125e-06
187.45000000000002  0.009139513244025317  5.337471573258314e-06
187.5  0.00913951340234202  5.337462423191867e-06
187.55  0.009139513556559762  5.3374653254987885e-06
187.60000000000002  0.009139513705993172  5.337479881181565e-06
187.65  0.009139513849963685  5.337505457968835e-06
187.70000000000002  0.00913951398782617  5.3375412075148455e-06
187.75  0.009139514118989459  5.337586102845137e-06
187.8  0.009139514242933668  5.337638969518579e-06
187.85000000000002  0.009139514359223486  5.337698524686396e-06
187.9  0.00913951446751823  5.337763427595832e-06
187.95000000000002  0.009139514567586292  5.337832316468195e-06
188.0  0.009139514659296319  5.337903860494757e-06
188.05  0.009139514742625917  5.337976781352857e-06
188.10000000000002  0.009139514817647024  5.338049918668071e-06
188.15  0.009139514884530332  5.338122237128916e-06
188.20000000000002  0.009139514943527629  5.338192875329879e-06
188.25  0.009139514994961982  5.3382611693569425e-06
188.3  0.009139515039218754  5.338326657292546e-06
188.35000000000002  0.009139515076731428  5.338389109119134e-06
188.4  0.009139515107980237  5.338448532866199e-06
188.45000000000002  0.009139515133468674  5.338505174554283e-06
188.5  0.009139515153715777  5.3385595218424006e-06
188.55  0.009139515169252217  5.33861229108358e-06
188.60000000000002  0.009139515180600327  5.338664409650583e-06
188.65  0.009139515188269234  5.338716996365405e-06
188.70000000000002  0.009139515192733896  5.338771332742654e-06
188.75  0.009139515194432294  5.338828820537181e-06
188.8  0.009139515193752945  5.338890950070036e-06
188.85000000000002  0.00913951519101695  5.338959245493118e-06
188.9  0.00913951518648128  5.3390352180325215e-06
188.95000000000002  0.009139515180322334  5.339120332505066e-06
189.0  0.009139515172642014  5.339215936419608e-06
189.05  0.009139515163460092  5.33932323600316e-06
189.10000000000002  0.009139515152720509  5.339443250060012e-06
189.15  0.009139515140295984  5.339576788874079e-06
189.20000000000002  0.009139515125991631  5.339724420624491e-06
189.25  0.0091395151095609  5.339886461117765e-06
189.3  0.009139515090708447  5.340062961687567e-06
189.35000000000002  0.009139515069101597  5.3402537111268684e-06
189.4  0.009139515044386776  5.34045824508077e-06
189.45000000000002  0.009139515016195301  5.340675857020143e-06
189.5  0.00913951498415332  5.340905607481474e-06
189.55  0.009139514947897654  5.341146366894911e-06
189.60000000000002  0.009139514907082858  5.341396830953909e-06
189.65  0.009139514861396223  5.341655561534218e-06
189.70000000000002  0.009139514810565671  5.3419210241458e-06
189.75  0.009139514754374843  5.342191630557428e-06
189.8  0.00913951469267748  5.3424657769342515e-06
189.85000000000002  0.009139514625407906  5.342741903005316e-06
189.9  0.009139514552579102  5.343018515551823e-06
189.95000000000002  0.009139514474304914  5.343294245692854e-06
190.0  0.009139514390797784  5.343567885469382e-06
190.05  0.009139514302369714  5.343838420455397e-06
190.10000000000002  0.009139514209425116  5.344105053703321e-06
190.15  0.009139514112457756  5.344367228606473e-06
190.20000000000002  0.009139514012042806  5.344624642408824e-06
190.25  0.009139513908822238  5.344877242294548e-06
190.3  0.00913951380348861  5.345125224342096e-06
190.35000000000002  0.009139513696767696  5.345369018540792e-06
190.4  0.009139513589399318  5.345609268888078e-06
190.45000000000002  0.009139513482128866  5.345846814165038e-06
190.5  0.0091395133756761  5.34608265580005e-06
190.55  0.009139513270729899  5.346317924955174e-06
190.60000000000002  0.009139513167924697  5.346553848150975e-06
190.65  0.009139513067832127  5.346791710587157e-06
190.70000000000002  0.009139512970943668  5.347032820262839e-06
190.75  0.009139512877661005  5.347278470082281e-06
190.8  0.00913951278827816  5.347529898124838e-06
190.85000000000002  0.009139512702993525  5.347788236619369e-06
190.9  0.009139512621888262  5.348054488865368e-06
190.95000000000002  0.00913951254492644  5.348329487624213e-06
191.0  0.009139512471970482  5.348613850195735e-06
191.05  0.009139512402774348  5.348907963036479e-06
191.10000000000002  0.0091395123370035  5.349211958311233e-06
191.15  0.009139512274241911  5.349525685884125e-06
191.20000000000002  0.009139512214015145  5.349848723011771e-06
191.25  0.00913951215580817  5.350180366428005e-06
191.3  0.009139512099082148  5.350519656602357e-06
191.35000000000002  0.009139512043301498  5.350865383848993e-06
191.4  0.009139511987950693  5.35121613319024e-06
191.45000000000002  0.009139511932552514  5.351570316231968e-06
191.5  0.009139511876685092  5.351926211507837e-06
191.55  0.009139511819997725  5.352282018395696e-06
191.60000000000002  0.009139511762219332  5.3526358967870215e-06
191.65  0.009139511703165933  5.352986026866844e-06
191.70000000000002  0.009139511642745287  5.3533306499585725e-06
191.75  0.009139511580962597  5.35366811401641e-06
191.8  0.009139511517915188  5.35399692613717e-06
191.85000000000002  0.009139511453797343  5.354315784412186e-06
191.9  0.009139511388896618  5.3546236168454495e-06
191.95000000000002  0.009139511323585259  5.354919602099171e-06
192.0  0.009139511258320082  5.3552032058853515e-06
192.05  0.009139511193631253  5.355474183100519e-06
192.10000000000002  0.009139511130112474  5.3557325881264115e-06
192.15  0.009139511068411484  5.355978778722478e-06
192.20000000000002  0.009139511009207794  5.356213391940004e-06
192.25  0.009139510953199158  5.356437329722004e-06
192.3  0.009139510901083947  5.356651730797077e-06
192.35000000000002  0.009139510853536977  5.356857925332915e-06
192.4  0.009139510811190271  5.357057388617509e-06
192.45000000000002  0.009139510774611542  5.357251691435756e-06
192.5  0.009139510744282524  5.3574424420415505e-06
192.55  0.009139510720589748  5.357631238219406e-06
192.60000000000002  0.009139510703808532  5.3578196053284265e-06
192.65  0.009139510694091215  5.358008956292534e-06
192.70000000000002  0.009139510691463276  5.358200528551458e-06
192.75  0.009139510695827257  5.358395365942254e-06
192.8  0.009139510706953135  5.358594269092335e-06
192.85000000000002  0.009139510724496688  5.358797789098196e-06
192.9  0.00913951074800747  5.359006188804163e-06
192.95000000000002  0.009139510776934182  5.359219449264235e-06
193.0  0.009139510810647022  5.359437257993133e-06
193.05  0.009139510848448773  5.359659010762709e-06
193.10000000000002  0.009139510889598017  5.3598838319014654e-06
193.15  0.00913951093332336  5.360110578797735e-06
193.20000000000002  0.009139510978856845  5.360337872897618e-06
193.25  0.009139511025444302  5.3605641216377385e-06
193.3  0.009139511072375803  5.360787563401528e-06
193.35000000000002  0.009139511119001038  5.361006306460188e-06
193.4  0.009139511164751427  5.361218378136597e-06
193.45000000000002  0.009139511209158353  5.361421785145661e-06
193.5  0.009139511251867752  5.361614561270802e-06
193.55  0.009139511292646922  5.361794834615014e-06
193.60000000000002  0.009139511331394146  5.361960877968614e-06
193.65  0.009139511368137686  5.362111172383223e-06
193.70000000000002  0.009139511403027344  5.362244440965157e-06
193.75  0.009139511436332983  5.362359707000372e-06
193.8  0.009139511468425886  5.362456301602155e-06
193.85000000000002  0.009139511499770771  5.362533912058032e-06
193.9  0.009139511530902263  5.362592576344948e-06
193.95000000000002  0.00913951156241562  5.3626326857806315e-06
194.0  0.009139511594942668  5.362654971742228e-06
194.05  0.009139511629133415  5.362660488979773e-06
194.10000000000002  0.009139511665642197  5.3626505934805855e-06
194.15  0.009139511705102061  5.362626887984144e-06
194.20000000000002  0.009139511748115892  5.36259119643574e-06
194.25  0.009139511795236185  5.362545502176979e-06
194.3  0.009139511846950077  5.362491897671271e-06
194.35000000000002  0.009139511903660965  5.362432528023672e-06
194.4  0.009139511965671653  5.362369517521528e-06
194.45000000000002  0.00913951203318233  5.362304919231649e-06
194.5  0.00913951210626383  5.362240645525825e-06
194.55  0.009139512184859862  5.362178414247752e-06
194.60000000000002  0.009139512268782738  5.362119689823394e-06
194.65  0.00913951235771306  5.362065641738539e-06
194.70000000000002  0.009139512451203275  5.362017100212651e-06
194.75  0.009139512548696955  5.361974533122011e-06
194.8  0.009139512649537716  5.361938032939686e-06
194.85000000000002  0.009139512752985038  5.361907310023938e-06
194.9  0.00913951285824325  5.361881711555226e-06
194.95000000000002  0.00913951296448261  5.361860233503467e-06
195.0  0.009139513070866544  5.3618415625235035e-06
195.05  0.009139513176571953  5.3618241109708764e-06
195.10000000000002  0.00913951328081675  5.361806068918053e-06
195.15  0.009139513382876469  5.3617854542948175e-06
195.20000000000002  0.009139513482100124  5.361760170806678e-06
195.25  0.009139513577933862  5.361728070093694e-06
195.3  0.009139513669926855  5.3616870031190575e-06
195.35000000000002  0.0091395137577422  5.361634887881964e-06
195.4  0.009139513841167471  5.361569759377216e-06
195.45000000000002  0.009139513920114757  5.361489828406899e-06
195.5  0.009139513994621195  5.361393526711656e-06
195.55  0.009139514064853305  5.361279564735733e-06
195.60000000000002  0.009139514131091589  5.361146966986004e-06
195.65  0.0091395141937342  5.360995112495596e-06
195.70000000000002  0.009139514253276405  5.3608237455580825e-06
195.75  0.009139514310301213  5.36063301354359e-06
195.8  0.00913951436546043  5.36042346050542e-06
195.85000000000002  0.009139514419454275  5.36019601859452e-06
195.9  0.009139514473005855  5.359951991067548e-06
195.95000000000002  0.009139514526847609  5.359693021343736e-06
196.0  0.009139514581680507  5.359421049579128e-06
196.05  0.009139514638170098  5.359138257803942e-06
196.10000000000002  0.00913951469691408  5.358847010908309e-06
196.15  0.00913951475842091  5.358549789637927e-06
196.20000000000002  0.009139514823103587  5.358249120790035e-06
196.25  0.009139514891264022  5.357947510377988e-06
196.3  0.009139514963081706  5.357647376429966e-06
196.35000000000002  0.009139515038609242  5.357350979520508e-06
196.4  0.009139515117775715  5.3570603703430525e-06
196.45000000000002  0.00913951520038065  5.356777333698638e-06
196.5  0.009139515286109127  5.3565033476335195e-06
196.55  0.009139515374530872  5.356239544633459e-06
196.60000000000002  0.009139515465116373  5.355986683678248e-06
196.65  0.009139515557254878  5.355745133956943e-06
196.70000000000002  0.009139515650264562  5.3555148718117626e-06
196.75  0.009139515743416381  5.355295471372269e-06
196.8  0.009139515835954409  5.355086125299945e-06
196.85000000000002  0.009139515927123603  5.354885672588278e-06
196.9  0.009139516016184722  5.3546926164521505e-06
196.95000000000002  0.009139516102446534  5.354505187872549e-06
197.0  0.009139516185288847  5.354321384377393e-06
197.05  0.009139516264180289  5.35413903467348e-06
197.10000000000002  0.009139516338696672  5.353955867496254e-06
197.15  0.009139516408534366  5.3537695704521104e-06
197.20000000000002  0.009139516473514946  5.35357786601322e-06
197.25  0.009139516533593656  5.353378586517212e-06
197.3  0.009139516588857588  5.353169723749365e-06
197.35000000000002  0.009139516639515443  5.352949496550583e-06
197.4  0.009139516685897213  5.35271640061247e-06
197.45000000000002  0.009139516728427022  5.352469254474334e-06
197.5  0.009139516767623247  5.352207225062656e-06
197.55  0.009139516804073409  5.351929858531058e-06
197.60000000000002  0.009139516838427201  5.351637097398448e-06
197.65  0.009139516871369923  5.35132927548227e-06
197.70000000000002  0.009139516903611193  5.35100711564657e-06
197.75  0.009139516935871738  5.350671714425884e-06
197.8  0.009139516968861599  5.350324528299031e-06
197.85000000000002  0.009139517003266638  5.349967322036632e-06
197.9  0.009139517039730982  5.349602133411361e-06
197.95000000000002  0.009139517078838229  5.3492312261343555e-06
198.0  0.009139517121101004  5.348857021650279e-06
198.05  0.009139517166943643  5.3484820443717215e-06
198.10000000000002  0.009139517216684474  5.348108844026203e-06
198.15  0.009139517270524394  5.347739929209973e-06
198.20000000000002  0.009139517328547845  5.34737769471524e-06
198.25  0.009139517390713984  5.347024356132076e-06
198.3  0.00913951745685378  5.34668188269038e-06
198.35000000000002  0.009139517526675994  5.346351950222044e-06
198.4  0.009139517599786586  5.346035893782832e-06
198.45000000000002  0.00913951767568286  5.34573467783991e-06
198.5  0.009139517753791397  5.345448873064881e-06
198.55  0.009139517833471127  5.3451786451762045e-06
198.60000000000002  0.009139517914035973  5.344923763318018e-06
198.65  0.00913951799478925  5.344683616098145e-06
198.70000000000002  0.009139518075021738  5.344457226959753e-06
198.75  0.009139518154051188  5.344243296631602e-06
198.8  0.009139518231237357  5.344040235090225e-06
198.85000000000002  0.009139518305998857  5.343846218485522e-06
198.9  0.009139518377829505  5.343659238704038e-06
198.95000000000002  0.009139518446314783  5.343477147690438e-06
199.0  0.009139518511150507  5.3432977261064565e-06
199.05  0.009139518572143904  5.343118753603948e-06
199.10000000000002  0.009139518629231144  5.342938050674766e-06
199.15  0.00913951868247543  5.3427535583893304e-06
199.20000000000002  0.00913951873207698  5.3425633764672535e-06
199.25  0.009139518778358786  5.34236584180843e-06
199.3  0.00913951882176124  5.342159564000824e-06
199.35000000000002  0.00913951886283567  5.341943462500794e-06
199.4  0.009139518902219222  5.341716809581054e-06
199.45000000000002  0.009139518940618166  5.341479235032695e-06
199.5  0.009139518978783784  5.341230756814117e-06
199.55  0.009139519017489897  5.3409717528968455e-06
199.60000000000002  0.009139519057506752  5.340702969516039e-06
199.65  0.009139519099569695  5.340425477622752e-06
199.70000000000002  0.0091395191443706  5.340140659225369e-06
199.75  0.009139519192532055  5.339850149761608e-06
199.8  0.009139519244587854  5.339555795484761e-06
199.85000000000002  0.009139519300977112  5.339259604143125e-06
199.9  0.009139519362029409  5.3389636980053705e-06
199.95000000000002  0.009139519427964114  5.338670239124856e-06
200.0  0.009139519498886521  5.338381391996295e-06
200.05  0.009139519574784085  5.338099256983026e-06
200.10000000000002  0.009139519655535513  5.3378258162658e-06
200.15  0.009139519740903202  5.337562893536693e-06
200.20000000000002  0.009139519830548743  5.337312089572237e-06
200.25  0.009139519924039795  5.337074755374749e-06
200.3  0.009139520020860124  5.336851945726142e-06
200.35000000000002  0.009139520120425617  5.33664439160246e-06
200.4  0.00913952022209286  5.336452486092043e-06
200.45000000000002  0.009139520325186721  5.336276269096241e-06
200.5  0.009139520429013111  5.3361154249602165e-06
200.55  0.009139520532889175  5.3359693022181636e-06
200.60000000000002  0.009139520636144796  5.335836925367255e-06
200.65  0.009139520738165853  5.335717036146471e-06
200.70000000000002  0.009139520838393382  5.3356081282495554e-06
200.75  0.009139520936348003  5.335508495821e-06
200.8  0.00913952103164329  5.335416288313366e-06
200.85000000000002  0.009139521123989804  5.335329560321174e-06
200.9  0.009139521213204004  5.335246336740315e-06
200.95000000000002  0.009139521299215796  5.335164662550063e-06
201.0  0.009139521382056323  5.3350826561691564e-06
201.05  0.009139521461866062  5.334998565938338e-06
201.10000000000002  0.009139521538884036  5.334910816571375e-06
201.15  0.009139521613443318  5.3348180485050345e-06
201.20000000000002  0.009139521685960092  5.334719153553399e-06
201.25  0.00913952175692285  5.334613300794441e-06
201.3  0.009139521826882404  5.334499968165298e-06
201.35000000000002  0.009139521896438539  5.334378944407713e-06
201.4  0.009139521966217468  5.334250343883712e-06
201.45000000000002  0.009139522036862247  5.334114600628046e-06
201.5  0.00913952210900418  5.333972453964845e-06
201.55  0.009139522183253548  5.333824921854185e-06
201.60000000000002  0.009139522260169421  5.3336732792331446e-06
201.65  0.00913952234024598  5.33351900991317e-06
201.70000000000002  0.009139522423889386  5.333363765756664e-06
201.75  0.009139522511405016  5.333209312858873e-06
201.8  0.0091395226029867  5.333057476775128e-06
201.85000000000002  0.00913952269871052  5.332910085307499e-06
201.9  0.009139522798534177  5.332768920825865e-06
201.95000000000002  0.009139522902291376  5.33263566192423e-06
202.0  0.00913952300971399  5.3325118439832495e-06
202.05  0.00913952312043476  5.332398813735382e-06
202.10000000000002  0.009139523234003025  5.332297698693424e-06
202.15  0.009139523349901686  5.332209380125091e-06
202.20000000000002  0.009139523467565715  5.332134468144934e-06
202.25  0.009139523586401452  5.332073303281884e-06
202.3  0.009139523705796291  5.332025942649703e-06
202.35000000000002  0.009139523825138239  5.331992161284357e-06
202.4  0.00913952394383187  5.331971463461236e-06
202.45000000000002  0.009139524061308715  5.3319631010301e-06
202.5  0.009139524177031327  5.331966086438949e-06
202.55  0.00913952429051738  5.3319792206861115e-06
202.60000000000002  0.009139524401331964  5.332001133490636e-06
202.65  0.009139524509109176  5.33203031381985e-06
202.70000000000002  0.009139524613549076  5.33206515910238e-06
202.75  0.009139524714425737  5.332104015281288e-06
202.8  0.009139524811594583  5.332145231727776e-06
202.85000000000002  0.009139524904988316  5.332187205888631e-06
202.9  0.009139524994625177  5.3322284382305535e-06
202.95000000000002  0.009139525080603995  5.332267567347601e-06
203.0  0.009139525163095859  5.332303411752736e-06
203.05  0.009139525242343863  5.332335009365283e-06
203.10000000000002  0.00913952531865867  5.332361640694749e-06
203.15  0.00913952539240447  5.332382836708064e-06
203.20000000000002  0.009139525463993345  5.332398403219522e-06
203.25  0.009139525533873297  5.332408415612618e-06
203.3  0.00913952560251963  5.332413209013049e-06
203.35000000000002  0.009139525670421516  5.332413370772002e-06
203.4  0.009139525738073336  5.332409719809982e-06
203.45000000000002  0.009139525805957824  5.332403279263698e-06
203.5  0.009139525874538874  5.332395248518142e-06
203.55  0.00913952594424468  5.3323869692229234e-06
203.60000000000002  0.009139526015455375  5.332379890328758e-06
203.65  0.009139526088490668  5.332375523830601e-06
203.70000000000002  0.00913952616358923  5.332375405168251e-06
203.75  0.009139526240906816  5.332381049986739e-06
203.8  0.009139526320500526  5.3323939037306874e-06
203.85000000000002  0.009139526402324825  5.3324153097141186e-06
203.9  0.009139526486221052  5.33244645539488e-06
203.95000000000002  0.009139526571933045  5.332488349326888e-06
204.0  0.009139526659101484  5.332541777690672e-06
204.05  0.009139526747285683  5.332607287534044e-06
204.10000000000002  0.009139526835970014  5.332685168322234e-06
204.15  0.009139526924592984  5.3327754353801144e-06
204.20000000000002  0.0091395270125556  5.332877852195052e-06
204.25  0.009139527099252729  5.332991913042733e-06
204.3  0.009139527184092054  5.333116874702785e-06
204.35000000000002  0.00913952726650951  5.333251773918281e-06
204.4  0.009139527345991612  5.333395459059269e-06
204.45000000000002  0.009139527422086685  5.3335466165623955e-06
204.5  0.009139527494416481  5.333703817970699e-06
204.55  0.009139527562675413  5.333865546301351e-06
204.60000000000002  0.009139527626645097  5.334030251453483e-06
204.65  0.009139527686187789  5.33419638543229e-06
204.70000000000002  0.00913952774124641  5.334362443891536e-06
204.75  0.009139527791844545  5.334527014693726e-06
204.8  0.009139527838082539  5.334688813675328e-06
204.85000000000002  0.00913952788012539  5.334846734724233e-06
204.9  0.009139527918213292  5.334999867389798e-06
204.95000000000002  0.009139527952635697  5.3351475377022995e-06
205.0  0.009139527983743345  5.33528932838745e-06
205.05  0.00913952801193016  5.3354250994287235e-06
205.10000000000002  0.009139528037624444  5.33555497944638e-06
205.15  0.009139528061284548  5.335679367344257e-06
205.20000000000002  0.009139528083384125  5.33579892193569e-06
205.25  0.00913952810440515  5.335914527007267e-06
205.3  0.00913952812482455  5.3360272676298225e-06
205.35000000000002  0.009139528145107028  5.336138383243061e-06
205.4  0.00913952816569403  5.336249232460832e-06
205.45000000000002  0.009139528186990651  5.336361232790253e-06
205.5  0.009139528209358556  5.336475829100071e-06
205.55  0.009139528233116478  5.3365944444215205e-06
205.60000000000002  0.009139528258519505  5.336718430249256e-06
205.65  0.009139528285759643  5.336849031044354e-06
205.70000000000002  0.009139528314968679  5.336987360517935e-06
205.75  0.009139528346190298  5.337134358521169e-06
205.8  0.009139528379396298  5.337290775942068e-06
205.85000000000002  0.009139528414479785  5.337457155758405e-06
205.9  0.009139528451246492  5.337633806678263e-06
205.95000000000002  0.009139528489419835  5.337820811319039e-06
206.0  0.009139528528646221  5.338018002972074e-06
206.05  0.009139528568501304  5.338224976432634e-06
206.10000000000002  0.00913952860850446  5.3384410930459e-06
206.15  0.009139528648129062  5.338665483008186e-06
206.20000000000002  0.009139528686818938  5.3388970729552755e-06
206.25  0.009139528724013532  5.33913460567338e-06
206.3  0.00913952875916768  5.3393766730490725e-06
206.35000000000002  0.00913952879177067  5.339621750834233e-06
206.4  0.009139528821364052  5.339868239739637e-06
206.45000000000002  0.009139528847564075  5.340114508802613e-06
206.5  0.009139528870076968  5.3403589460559835e-06
206.55  0.009139528888701261  5.340599997694269e-06
206.60000000000002  0.009139528903342641  5.340836221902107e-06
206.65  0.009139528914010615  5.3410663229223215e-06
206.70000000000002  0.00913952892081895  5.341289188059094e-06
206.75  0.009139528923978008  5.341503929978816e-06
206.8  0.009139528923788255  5.341709905344431e-06
206.85000000000002  0.009139528920630458  5.341906736375886e-06
206.9  0.009139528914956355  5.342094319336823e-06
206.95000000000002  0.009139528907274107  5.342272838500359e-06
207.0  0.009139528898135444  5.342442756416522e-06
207.05  0.009139528888124002  5.342604800010235e-06
207.10000000000002  0.009139528877844545  5.34275994235338e-06
207.15  0.009139528867902176  5.3429093767126895e-06
207.20000000000002  0.00913952885888765  5.3430544707606855e-06
207.25  0.009139528851368296  5.343196725482631e-06
207.3  0.009139528845867429  5.343337732316607e-06
207.35000000000002  0.009139528842854367  5.343479104802265e-06
207.4  0.009139528842721026  5.34362242637557e-06
207.45000000000002  0.009139528845779999  5.343769193052181e-06
207.5  0.009139528852252547  5.343920763051138e-06
207.55  0.009139528862257405  5.344078300321151e-06
207.60000000000002  0.009139528875819643  5.344242744121036e-06
207.65  0.009139528892861862  5.3444147622595936e-06
207.70000000000002  0.009139528913214703  5.344594737942225e-06
207.75  0.00913952893661862  5.344782759698105e-06
207.8  0.009139528962738713  5.3449786140124795e-06
207.85000000000002  0.009139528991174562  5.345181802984529e-06
207.9  0.009139529021467405  5.345391552837866e-06
207.95000000000002  0.00913952905312045  5.345606837748424e-06
208.0  0.009139529085603337  5.3458264205208535e-06
208.05  0.009139529118370404  5.346048869267234e-06
208.10000000000002  0.009139529150871722  5.346272611830231e-06
208.15  0.00913952918256052  5.346495959618737e-06
208.20000000000002  0.009139529212919498  5.34671715903066e-06
208.25  0.009139529241460581  5.3469344350749845e-06
208.3  0.00913952926775181  5.347146019807521e-06
208.35000000000002  0.009139529291417437  5.347350218218739e-06
208.4  0.009139529312161502  5.347545441504464e-06
208.45000000000002  0.009139529329774552  5.347730241853099e-06
208.5  0.009139529344147874  5.34790337033378e-06
208.55  0.009139529355276926  5.348063807888298e-06
208.60000000000002  0.00913952936326955  5.348210803362793e-06
208.65  0.009139529368343374  5.348343884099165e-06
208.70000000000002  0.009139529370818519  5.348462891656446e-06
208.75  0.009139529371116426  5.348567973682697e-06
208.8  0.009139529369738239  5.34865960091736e-06
208.85000000000002  0.00913952936725642  5.348738537915574e-06
208.9  0.009139529364295997  5.348805829416179e-06
208.95000000000002  0.00913952936151232  5.348862762053169e-06
209.0  0.00913952935957164  5.348910834102169e-06
209.05  0.009139529359130262  5.348951712080201e-06
209.10000000000002  0.009139529360822313  5.348987172228094e-06
209.15  0.009139529365227208  5.349019049501267e-06
209.20000000000002  0.009139529372869541  5.349049193344255e-06
209.25  0.009139529384186683  5.349079397699223e-06
209.3  0.00913952939953534  5.349111350807568e-06
209.35000000000002  0.009139529419167867  5.349146586739633e-06
209.4  0.009139529443228987  5.34918642467754e-06
209.45000000000002  0.009139529471754  5.349231936765183e-06
209.5  0.009139529504662694  5.349283893305815e-06
209.55  0.00913952954176438  5.349342744897004e-06
209.60000000000002  0.00913952958275873  5.349408589687345e-06
209.65  0.00913952962724808  5.349481164382513e-06
209.70000000000002  0.009139529674742707  5.349559848063774e-06
209.75  0.009139529724681066  5.349643673643715e-06
209.8  0.009139529776440215  5.349731359139353e-06
209.85000000000002  0.009139529829359602  5.349821338103953e-06
209.9  0.009139529882755319  5.349911816965661e-06
209.95000000000002  0.009139529935937531  5.350000824222683e-06
210.0  0.009139529988238797  5.350086288309175e-06
210.05  0.00913953003902919  5.350166080808822e-06
210.10000000000002  0.009139530087729244  5.350238103079728e-06
210.15  0.00913953013382934  5.350300338866293e-06
210.20000000000002  0.009139530176910729  5.350350911912478e-06
210.25  0.00913953021664806  5.350388141882507e-06
210.3  0.009139530252828952  5.3504105878500094e-06
210.35000000000002  0.009139530285357533  5.350417082636001e-06
210.4  0.009139530314264184  5.350406761508043e-06
210.45000000000002  0.009139530339704913  5.350379086729179e-06
210.5  0.00913953036196914  5.350333852640948e-06
210.55  0.009139530381463645  5.350271201904299e-06
210.60000000000002  0.009139530398712185  5.350191611304888e-06
210.65  0.009139530414339202  5.350095887734379e-06
210.70000000000002  0.009139530429052536  5.3499851473484965e-06
210.75  0.009139530443617275  5.349860801642076e-06
210.8  0.009139530458833232  5.349724511647324e-06
210.85000000000002  0.00913953047550227  5.349578157146323e-06
210.9  0.009139530494395979  5.34942378655536e-06
210.95000000000002  0.009139530516230284  5.349263565750475e-06
211.0  0.009139530541630154  5.349099720344537e-06
211.05  0.009139530571113197  5.3489344790209285e-06
211.10000000000002  0.009139530605059214  5.348770009625198e-06
211.15  0.009139530643702301  5.348608355317907e-06
211.20000000000002  0.009139530687121391  5.348451392561638e-06
211.25  0.009139530735237305  5.348300757465174e-06
211.3  0.009139530787823199  5.348157817279173e-06
211.35000000000002  0.009139530844513109  5.348023622846264e-06
211.4  0.009139530904806962  5.347898886872001e-06
211.45000000000002  0.009139530968103288  5.347783958856438e-06
211.5  0.009139531033712  5.347678806980733e-06
211.55  0.009139531100873434  5.3475830288278e-06
211.60000000000002  0.009139531168787154  5.347495853558627e-06
211.65  0.009139531236631655  5.3474161560760724e-06
211.70000000000002  0.00913953130359146  5.3473424855997776e-06
211.75  0.00913953136886903  5.347273104717282e-06
211.8  0.009139531431712249  5.347206034638137e-06
211.85000000000002  0.009139531491433334  5.347139107662619e-06
211.9  0.009139531547430014  5.347070027895539e-06
211.95000000000002  0.009139531599197892  5.346996433344025e-06
212.0  0.009139531646347983  5.34691597946235e-06
212.05  0.009139531688612037  5.346826411497109e-06
212.10000000000002  0.009139531725868195  5.3467256323096505e-06
212.15  0.009139531758125685  5.346611770402768e-06
212.20000000000002  0.009139531785536848  5.346483248429485e-06
212.25  0.009139531808389473  5.346338834776466e-06
212.3  0.009139531827102906  5.346177685002114e-06
212.35000000000002  0.009139531842206904  5.345999370525594e-06
212.4  0.009139531854336646  5.34580389170041e-06
212.45000000000002  0.009139531864201883  5.345591682681119e-06
212.5  0.009139531872576063  5.345363588979261e-06
212.55  0.009139531880265457  5.345120846085008e-06
212.60000000000002  0.009139531888094465  5.344865034514947e-06
212.65  0.009139531896876423  5.344598044380194e-06
212.70000000000002  0.009139531907398728  5.344322006116224e-06
212.75  0.009139531920389302  5.344039240453777e-06
212.8  0.009139531936509116  5.343752193497043e-06
212.85000000000002  0.009139531956326857  5.343463373044192e-06
212.9  0.009139531980298906  5.343175285662334e-06
212.95000000000002  0.00913953200876302  5.342890359813415e-06
213.0  0.009139532041920001  5.3426109032520615e-06
213.05  0.009139532079829978  5.34233903287933e-06
213.10000000000002  0.009139532122404414  5.342076623370657e-06
213.15  0.009139532169408306  5.341825254498217e-06
213.20000000000002  0.009139532220458104  5.341586185395974e-06
213.25  0.009139532275044798  5.341360301148524e-06
213.3  0.009139532332534474  5.341148108876307e-06
213.35000000000002  0.009139532392198361  5.340949714067967e-06
213.4  0.009139532453231925  5.340764819817341e-06
213.45000000000002  0.009139532514776118  5.340592741575549e-06
213.5  0.009139532575955914  5.340432423348051e-06
213.55  0.009139532635892917  5.340282474087848e-06
213.60000000000002  0.009139532693740855  5.340141206383554e-06
213.65  0.009139532748715335  5.340006681028831e-06
213.70000000000002  0.009139532800102997  5.3398767694431645e-06
213.75  0.009139532847293977  5.339749203875463e-06
213.8  0.009139532889789755  5.3396216487621275e-06
213.85000000000002  0.009139532927218325  5.339491763598197e-06
213.9  0.009139532959340786  5.339357267208314e-06
213.95000000000002  0.00913953298605885  5.339215991673261e-06
214.0  0.009139533007416864  5.339065962620929e-06
214.05  0.009139533023604367  5.338905439402242e-06
214.10000000000002  0.009139533034947222  5.3387329699886e-06
214.15  0.009139533041907691  5.338547444944434e-06
214.20000000000002  0.009139533045067386  5.338348119804598e-06
214.25  0.00913953304511937  5.338134655999318e-06
214.3  0.009139533042847054  5.337907121911556e-06
214.35000000000002  0.009139533039105186  5.337666006977656e-06
214.4  0.009139533034796622  5.337412210546573e-06
214.45000000000002  0.009139533030838145  5.337147011157974e-06
214.5  0.009139533028141631  5.336872038457386e-06
214.55  0.009139533027575898  5.336589223668383e-06
214.60000000000002  0.00913953302994627  5.336300738673322e-06
214.65  0.009139533035968015  5.336008932188313e-06
214.70000000000002  0.009139533046231316  5.3357162584470054e-06
214.75  0.009139533061203492  5.335425216113001e-06
214.8  0.009139533081208405  5.335138263947142e-06
214.85000000000002  0.009139533106416365  5.334857759280393e-06
214.9  0.0091395331368458  5.3345858971859785e-06
214.95000000000002  0.009139533172370984  5.3343246523967765e-06
215.0  0.00913953321272171  5.3340757337320705e-06
215.05  0.00913953325750113  5.333840543981312e-06
215.10000000000002  0.009139533306199167  5.333620152570841e-06
215.15  0.00913953335820028  5.3334152715558015e-06
215.20000000000002  0.009139533412811792  5.333226241977136e-06
215.25  0.00913953346927593  5.333053034472645e-06
215.3  0.009139533526782335  5.332895244402301e-06
215.35000000000002  0.009139533584504426  5.332752113826713e-06
215.4  0.009139533641609687  5.33262254042593e-06
215.45000000000002  0.009139533697284164  5.332505118338686e-06
215.5  0.009139533750753909  5.332398172023655e-06
215.55  0.009139533801310336  5.332299793979337e-06
215.60000000000002  0.009139533848323934  5.332207904142235e-06
215.65  0.009139533891273918  5.3321203102997365e-06
215.70000000000002  0.009139533929755793  5.332034765817106e-06
215.75  0.0091395339635015  5.331949032756807e-06
215.8  0.00913953399238196  5.331860943236211e-06
215.85000000000002  0.009139534016416656  5.331768472236116e-06
215.9  0.009139534035770322  5.331669781841609e-06
215.95000000000002  0.009139534050748528  5.3315632828433495e-06
216.0  0.009139534061790959  5.331447670639674e-06
216.05  0.009139534069448875  5.331321969813624e-06
216.10000000000002  0.0091395340743779  5.331185548681041e-06
216.15  0.009139534077316198  5.331038151759984e-06
216.20000000000002  0.009139534079060357  5.330879885071655e-06
216.25  0.009139534080437405  5.3307112262983465e-06
216.3  0.009139534082292672  5.330533012414267e-06
216.35000000000002  0.009139534085456046  5.330346409068861e-06
216.4  0.009139534090719152  5.33015288329083e-06
216.45000000000002  0.009139534098812331  5.329954162005906e-06
216.5  0.009139534110382866  5.329752178110747e-06
216.55  0.009139534125971058  5.329549026951929e-06
216.60000000000002  0.009139534145996414  5.329346896669799e-06
216.65  0.009139534170735559  5.329148004420124e-06
216.70000000000002  0.009139534200328241  5.328954541176435e-06
216.75  0.009139534234758918  5.32876859219404e-06
216.8  0.009139534273865393  5.328592083942612e-06
216.85000000000002  0.009139534317341456  5.328426733163427e-06
216.9  0.009139534364755047  5.328273992688862e-06
216.95000000000002  0.009139534415554642  5.328135013365207e-06
217.0  0.009139534469100548  5.328010622891429e-06
217.05  0.009139534524680443  5.327901298769679e-06
217.10000000000002  0.009139534581535423  5.3278071705808745e-06
217.15  0.009139534638889883  5.327728027774471e-06
217.20000000000002  0.0091395346959675  5.327663322651538e-06
217.25  0.009139534752017134  5.3276121998092505e-06
217.3  0.009139534806329317  5.3275735234782325e-06
217.35000000000002  0.009139534858260651  5.327545914014689e-06
217.4  0.009139534907240402  5.3275277823434486e-06
217.45000000000002  0.009139534952793026  5.327517379529855e-06
217.5  0.009139534994541038  5.327512837070023e-06
217.55  0.009139535032217549  5.327512226958289e-06
217.60000000000002  0.009139535065665179  5.327513597430981e-06
217.65  0.009139535094848428  5.327515035799394e-06
217.70000000000002  0.009139535119846885  5.327514717771184e-06
217.75  0.009139535140855009  5.327510949456639e-06
217.8  0.009139535158176382  5.327502230657139e-06
217.85000000000002  0.009139535172209872  5.327487280223941e-06
217.9  0.009139535183445104  5.327465083904831e-06
217.95000000000002  0.00913953519244219  5.327434920619442e-06
218.0  0.009139535199811987  5.32739638073646e-06
218.05  0.009139535206202693  5.327349377065322e-06
218.10000000000002  0.00913953521227023  5.327294147454398e-06
218.15  0.009139535218664514  5.32723123766786e-06
218.20000000000002  0.009139535226007484  5.327161485285117e-06
218.25  0.009139535234873826  5.32708599024277e-06
218.3  0.009139535245775423  5.3270060815320455e-06
218.35000000000002  0.009139535259150119  5.3269232728788275e-06
218.4  0.009139535275357123  5.326839225754424e-06
218.45000000000002  0.00913953529466238  5.326755691378285e-06
218.5  0.009139535317235922  5.326674469592315e-06
218.55  0.00913953534315708  5.326597361220381e-06
218.60000000000002  0.009139535372404656  5.326526113342829e-06
218.65  0.009139535404864205  5.3264623781455874e-06
218.70000000000002  0.009139535440331994  5.326407667293094e-06
218.75  0.009139535478514845  5.326363311288439e-06
218.8  0.009139535519042029  5.326330420832672e-06
218.85000000000002  0.009139535561463664  5.326309858217477e-06
218.9  0.009139535605271991  5.326302210228626e-06
218.95000000000002  0.00913953564990486  5.326307781186384e-06
219.0  0.009139535694760243  5.326326568939313e-06
219.05  0.009139535739212933  5.326358276155809e-06
219.10000000000002  0.009139535782640226  5.326402324529102e-06
219.15  0.009139535824423606  5.3264578639561095e-06
219.20000000000002  0.00913953586398557  5.326523812825847e-06
219.25  0.009139535900794202  5.326598885213715e-06
219.3  0.009139535934385625  5.326681627660398e-06
219.35000000000002  0.009139535964381756  5.326770481034113e-06
219.4  0.009139535990496463  5.3268638066335315e-06
219.45000000000002  0.009139536012540493  5.326959948705212e-06
219.5  0.009139536030441441  5.327057272749868e-06
219.55  0.009139536044227146  5.327154213124324e-06
219.60000000000002  0.00913953605403511  5.327249320105046e-06
219.65  0.00913953606009978  5.327341288050241e-06
219.70000000000002  0.009139536062750591  5.3274289945764194e-06
219.75  0.00913953606240447  5.327511522454343e-06
219.8  0.009139536059543138  5.327588192346729e-06
219.85000000000002  0.009139536054705476  5.327658580627328e-06
219.9  0.00913953604847349  5.327722522302579e-06
219.95000000000002  0.009139536041454748  5.327780129227994e-06
220.0  0.009139536034260837  5.327831776214269e-06
220.05  0.00913953602749537  5.327878106731274e-06
220.10000000000002  0.00913953602172677  5.327920001712628e-06
220.15  0.009139536017478158  5.327958561931014e-06
220.20000000000002  0.009139536015198133  5.32799507672085e-06
220.25  0.009139536015262389  5.328030971587952e-06
220.3  0.009139536017946103  5.328067784884179e-06
220.35000000000002  0.009139536023417532  5.328107102076584e-06
220.4  0.009139536031737698  5.328150507692274e-06
220.45000000000002  0.009139536042863612  5.32819954370445e-06
220.5  0.009139536056640956  5.328255646746313e-06
220.55  0.009139536072823116  5.328320118601901e-06
220.60000000000002  0.00913953609107859  5.328394074956559e-06
220.65  0.009139536111001541  5.3284784176209224e-06
220.70000000000002  0.009139536132137971  5.328573817799131e-06
220.75  0.009139536153993277  5.32868068268467e-06
220.8  0.009139536176046528  5.328799161557433e-06
220.85000000000002  0.009139536197777135  5.328929136505826e-06
220.9  0.00913953621866352  5.3290702309126e-06
220.95000000000002  0.009139536238202548  5.329221820492085e-06
221.0  0.00913953625591977  5.329383062749099e-06
221.05  0.009139536271374735  5.329552904952009e-06
221.10000000000002  0.009139536284173867  5.329730127786778e-06
221.15  0.009139536293971108  5.329913373325367e-06
221.20000000000002  0.009139536300480589  5.330101189083647e-06
221.25  0.009139536303484578  5.330292069088808e-06
221.3  0.009139536302836326  5.330484499414985e-06
221.35000000000002  0.009139536298464888  5.330677002991053e-06
221.4  0.009139536290382878  5.33086817959506e-06
221.45000000000002  0.009139536278687618  5.331056758113204e-06
221.5  0.009139536263561194  5.331241619669768e-06
221.55  0.009139536245269544  5.331421844551553e-06
221.60000000000002  0.009139536224153363  5.331596725656213e-06
221.65  0.009139536200627739  5.331765790222921e-06
221.70000000000002  0.009139536175169096  5.33192880536169e-06
221.75  0.009139536148294394  5.332085778502935e-06
221.8  0.009139536120560702  5.332236962461679e-06
221.85000000000002  0.009139536092542049  5.332382818582751e-06
221.9  0.00913953606481813  5.332524020650151e-06
221.95000000000002  0.009139536037947142  5.332661415607921e-06
222.0  0.009139536012463999  5.3327960092162605e-06
222.05  0.009139535988856074  5.332928921182145e-06
222.10000000000002  0.009139535967551935  5.3330613662456875e-06
222.15  0.009139535948903689  5.3331946120366075e-06
222.20000000000002  0.009139535933176828  5.333329939954641e-06
222.25  0.0091395359205419  5.333468618274879e-06
222.3  0.009139535911065613  5.333611855320151e-06
222.35000000000002  0.009139535904702298  5.333760767850407e-06
222.4  0.009139535901302266  5.333916345420873e-06
222.45000000000002  0.009139535900609862  5.3340794086617345e-06
222.5  0.009139535902274431  5.334250585898345e-06
222.55  0.009139535905859156  5.334430291640928e-06
222.60000000000002  0.009139535910866657  5.334618696741368e-06
222.65  0.009139535916749125  5.3348157247487754e-06
222.70000000000002  0.00913953592293563  5.335021051412379e-06
222.75  0.009139535928852553  5.335234099464723e-06
222.8  0.009139535933948895  5.335454059754072e-06
222.85000000000002  0.009139535937711774  5.335679909706907e-06
222.9  0.00913953593968559  5.335910445434134e-06
222.95000000000002  0.009139535939486704  5.336144313420471e-06
223.0  0.00913953593681089  5.336380042889998e-06
223.05  0.00913953593143917  5.3366160976847416e-06
223.10000000000002  0.0091395359232363  5.3368509159462565e-06
223.15  0.00913953591215677  5.337082949608235e-06
223.20000000000002  0.00913953589823078  5.33731071503357e-06
223.25  0.00913953588156496  5.337532831421949e-06
223.3  0.009139535862330454  5.337748070192766e-06
223.35000000000002  0.009139535840759667  5.337955385745024e-06
223.4  0.009139535817138344  5.3381539470677354e-06
223.45000000000002  0.00913953579179897  5.338343170525005e-06
223.5  0.009139535765114745  5.338522735177757e-06
223.55  0.009139535737495036  5.338692607013214e-06
223.60000000000002  0.009139535709378204  5.338853025162193e-06
223.65  0.009139535681218405  5.339004511086963e-06
223.70000000000002  0.009139535653488899  5.3391478508446155e-06
223.75  0.009139535626662523  5.339284058295695e-06
223.8  0.00913953560121249  5.339414350512815e-06
223.85000000000002  0.009139535577586084  5.3395401001305105e-06
223.9  0.00913953555620442  5.339662782519877e-06
223.95000000000002  0.009139535537449976  5.339783937902641e-06
224.0  0.009139535521652937  5.3399050989743225e-06
224.05  0.009139535509081916  5.340027749241381e-06
224.10000000000002  0.009139535499939143  5.340153270565076e-06
224.15  0.009139535494351661  5.340282903696996e-06
224.20000000000002  0.009139535492363248  5.340417699823189e-06
224.25  0.009139535493939737  5.3405584954837465e-06
224.3  0.009139535498951874  5.34070589766145e-06
224.35000000000002  0.009139535507201667  5.340860255541877e-06
224.4  0.009139535518402029  5.341021660565718e-06
224.45000000000002  0.009139535532196364  5.341189938047239e-06
224.5  0.009139535548155359  5.3413646528453155e-06
224.55  0.0091395355657919  5.341545110479232e-06
224.60000000000002  0.009139535584578546  5.3417303805214865e-06
224.65  0.009139535603951462  5.3419193141500485e-06
224.70000000000002  0.009139535623332442  5.342110565362723e-06
224.75  0.00913953564214464  5.342302614462274e-06
224.8  0.009139535659836035  5.342493820327217e-06
224.85000000000002  0.009139535675897707  5.3426824497130915e-06
224.9  0.009139535689876056  5.342866723258353e-06
224.95000000000002  0.009139535701399693  5.343044869877121e-06
225.0  0.009139535710188582  5.343215178506516e-06
225.05  0.00913953571606271  5.343376038904326e-06
225.10000000000002  0.009139535718952187  5.343526002127806e-06
225.15  0.009139535718893912  5.343663828355017e-06
225.20000000000002  0.009139535716038535  5.343788518007012e-06
225.25  0.00913953571063464  5.343899353738935e-06
225.3  0.009139535703023498  5.343995921304077e-06
225.35000000000002  0.009139535693627047  5.344078122415338e-06
225.4  0.009139535682931616  5.344146192306587e-06
225.45000000000002  0.009139535671479583  5.344200685518396e-06
225.5  0.009139535659847911  5.3442424698098095e-06
225.55  0.00913953564863424  5.344272695373723e-06
225.60000000000002  0.009139535638443282  5.344292771395352e-06
225.65  0.009139535629864724  5.344304327145361e-06
225.70000000000002  0.009139535623463452  5.344309150369267e-06
225.75  0.00913953561976244  5.3443091528961625e-06
225.8  0.009139535619224082  5.344306301012611e-06
225.85000000000002  0.009139535622239271  5.344302559992151e-06
225.9  0.009139535629104203  5.344299828826651e-06
225.95000000000002  0.009139535640026047  5.3442998834463715e-06
226.0  0.009139535655098518  5.344304309200514e-06
226.05  0.009139535674300085  5.3443144587253435e-06
226.10000000000002  0.009139535697493671  5.344331403320105e-06
226.15  0.00913953572443416  5.344355895063103e-06
226.20000000000002  0.009139535754763029  5.344388347500325e-06
226.25  0.009139535788032066  5.344428814537381e-06
226.3  0.009139535823711908  5.344477004464853e-06
226.35000000000002  0.009139535861212009  5.344532274327162e-06
226.4  0.009139535899896745  5.344593657907184e-06
226.45000000000002  0.009139535939108878  5.344659897330798e-06
226.5  0.009139535978188413  5.344729478052516e-06
226.55  0.009139536016489192  5.3448006781022786e-06
226.60000000000002  0.009139536053400458  5.344871603850463e-06
226.65  0.009139536088355908  5.344940252418901e-06
226.70000000000002  0.009139536120855503  5.3450045567111524e-06
226.75  0.009139536150467852  5.34506244260737e-06
226.8  0.009139536176843443  5.345111879341156e-06
226.85000000000002  0.009139536199720397  5.3451509278814365e-06
226.9  0.009139536218933854  5.345177801945934e-06
226.95000000000002  0.009139536234414804  5.3451909068583255e-06
227.0  0.009139536246204297  5.345188889994002e-06
227.05  0.009139536254434148  5.345170683956142e-06
227.10000000000002  0.009139536259342818  5.345135538573553e-06
227.15  0.009139536261261686  5.345083052379505e-06
227.20000000000002  0.009139536260606243  5.345013192436751e-06
227.25  0.00913953625786704  5.344926300517418e-06
227.3  0.009139536253601942  5.344823100370422e-06
227.35000000000002  0.009139536248410324  5.344704676634707e-06
227.4  0.009139536242922826  5.3445724397376015e-06
227.45000000000002  0.009139536237778127  5.344428108683603e-06
227.5  0.009139536233606613  5.3442736414489726e-06
227.55  0.009139536231016529  5.344111189866838e-06
227.60000000000002  0.009139536230565615  5.343943033095291e-06
227.65  0.0091395362327612  5.3437715205444385e-06
227.70000000000002  0.00913953623803062  5.343598991402153e-06
227.75  0.0091395362467157  5.343427721084075e-06
227.8  0.009139536259063948  5.343259852529081e-06
227.85000000000002  0.009139536275215823  5.343097333485665e-06
227.9  0.009139536295200564  5.342941875734718e-06
227.95000000000002  0.009139536318929897  5.342794897435232e-06
228.0  0.009139536346202723  5.342657497869928e-06
228.05  0.009139536376702052  5.342530418002195e-06
228.10000000000002  0.009139536409999378  5.342414023342551e-06
228.15  0.009139536445571  5.342308292597428e-06
228.20000000000002  0.009139536482803006  5.342212822292589e-06
228.25  0.009139536521015278  5.342126832914211e-06
228.3  0.00913953655947955  5.3420491918307615e-06
228.35000000000002  0.009139536597444053  5.341978434432774e-06
228.4  0.00913953663415755  5.3419128125367274e-06
228.45000000000002  0.009139536668897266  5.341850341226159e-06
228.5  0.009139536700995023  5.341788858242091e-06
228.55  0.009139536729858523  5.341726082336794e-06
228.60000000000002  0.009139536754995558  5.3416596803257345e-06
228.65  0.009139536776027909  5.34158733296044e-06
228.70000000000002  0.009139536792700251  5.341506800198286e-06
228.75  0.009139536804899451  5.341415996512101e-06
228.8  0.009139536812640268  5.3413130451971476e-06
228.85000000000002  0.009139536816075653  5.3411963238084626e-06
228.9  0.009139536815484014  5.341064525131618e-06
228.95000000000002  0.009139536811263917  5.340916687227861e-06
229.0  0.009139536803915799  5.340752222435545e-06
229.05  0.009139536794028597  5.340570943541468e-06
229.10000000000002  0.009139536782265773  5.340373067722439e-06
229.15  0.009139536769343204  5.340159218892519e-06
229.20000000000002  0.009139536756010633  5.339930412227335e-06
229.25  0.009139536743032754  5.3396880423840646e-06
229.3  0.009139536731163593  5.339433839043775e-06
229.35000000000002  0.00913953672112752  5.339169839124844e-06
229.4  0.00913953671359427  5.3388983209175125e-06
229.45000000000002  0.009139536709160585  5.3386217527800345e-06
229.5  0.00913953670833401  5.338342722278693e-06
229.55  0.009139536711505518  5.3380638694578136e-06
229.60000000000002  0.009139536718949882  5.337787807177085e-06
229.65  0.009139536730801343  5.337517050077998e-06
229.70000000000002  0.009139536747057808  5.337253950498549e-06
229.75  0.009139536767581532  5.337000619997604e-06
229.8  0.009139536792100994  5.336758885655696e-06
229.85000000000002  0.009139536820215843  5.336530238528097e-06
229.9  0.009139536851415959  5.336315800567328e-06
229.95000000000002  0.009139536885097211  5.336116298988605e-06
230.0  0.009139536920569173  5.3359320550236855e-06
230.05  0.009139536957078292  5.33576298990978e-06
230.10000000000002  0.009139536993830634  5.335608637212111e-06
230.15  0.00913953702999925  5.335468162207706e-06
230.20000000000002  0.009139537064745532  5.335340392580417e-06
230.25  0.00913953709723424  5.335223865542886e-06
230.3  0.009139537126643556  5.335116873444491e-06
230.35000000000002  0.009139537152178093  5.33501751491316e-06
230.4  0.009139537173082652  5.334923760686827e-06
230.45000000000002  0.009139537188643  5.334833513960936e-06
230.5  0.009139537198202834  5.3347446826300816e-06
230.55  0.009139537201156598  5.334655250638918e-06
230.60000000000002  0.009139537196961232  5.334563353598214e-06
230.65  0.009139537185124193  5.334467352670249e-06
230.70000000000002  0.009139537165202652  5.334365907011139e-06
230.75  0.009139537136785869  5.334258046414057e-06
230.8  0.009139537099471958  5.334143226369472e-06
230.85000000000002  0.009139537052849608  5.334021402009193e-06
230.9  0.009139536996463476  5.333893063043491e-06
230.95000000000002  0.00913953692977336  5.333759288110736e-06
231.0  0.00913953685211516  5.3336217773174025e-06
231.05  0.00913953676264711  5.333482879590586e-06
231.10000000000002  0.009139536660304554  5.333345618856503e-06
231.15  0.009139536543745368  5.333213717318038e-06
231.20000000000002  0.009139536411301045  5.333091616187941e-06
231.25  0.009139536260927545  5.332984503112316e-06
231.3  0.009139536090170021  5.332898339705232e-06
231.35000000000002  0.009139535896134879  5.332839892591005e-06
231.4  0.009139535675485998  5.332816771153406e-06
231.45000000000002  0.009139535424467805  5.3328374682430645e-06
231.5  0.009139535138964566  5.332911388717515e-06
231.55  0.00913953481460444  5.333048869025849e-06
231.60000000000002  0.009139534446914094  5.333261147916766e-06
231.65  0.009139534031505324  5.333560271395248e-06
231.70000000000002  0.009139533564284836  5.3339589003988065e-06
231.75  0.009139533041645918  5.334469945037976e-06
231.8  0.009139532460586415  5.33510601098008e-06
231.85000000000002  0.009139531818723045  5.335878594881665e-06
231.9  0.00913953111416159  5.336797032689839e-06
231.95000000000002  0.009139530345249992  5.337867278569172e-06
232.0  0.009139529510242198  5.339090582746366e-06
232.05  0.009139528606998924  5.340462302736023e-06
232.10000000000002  0.009139527632771736  5.341970988434529e-06
232.15  0.009139526584160222  5.343598006825095e-06
232.20000000000002  0.009139525457279713  5.345317769686836e-06
232.25  0.00913952424813316  5.34709862408633e-06
232.3  0.009139522953148654  5.348904361247419e-06
232.35000000000002  0.009139521569815703  5.350696189685214e-06
232.4  0.009139520097344717  5.352434968114938e-06
232.45000000000002  0.009139518537271636  5.354083493200584e-06
232.5  0.009139516893928537  5.355608611664719e-06
232.55  0.009139515174721932  5.356983012240815e-06
232.60000000000002  0.009139513390185552  5.35818656545472e-06
232.65  0.00913951155376131  5.359207126979441e-06
232.70000000000002  0.009139509681325621  5.360040830221951e-06
232.75  0.009139507790458601  5.360691842057428e-06
232.8  0.009139505899509343  5.361171709495694e-06
232.85000000000002  0.009139504026499198  5.3614983077863694e-06
232.9  0.009139502187960783  5.361694510248633e-06
232.95000000000002  0.009139500397790259  5.361786674308708e-06
233.0  0.009139498666210536  5.361803021942024e-06
233.05  0.009139496998965466  5.361771995210656e-06
233.10000000000002  0.009139495396801322  5.3617206631051515e-06
233.15  0.009139493855330721  5.361673254181739e-06
233.20000000000002  0.009139492365297944  5.3616498743374e-06
233.25  0.009139490913272366  5.361665474840874e-06
233.3  0.009139489482718092  5.3617291089532305e-06
233.35000000000002  0.009139488055384483  5.361843527174168e-06
233.4  0.009139486612907255  5.36200511544639e-06
233.45000000000002  0.009139485138507472  5.362204211786553e-06
233.5  0.00913948361863893  5.3624257482985075e-06
233.55  0.009139482044438863  5.362650233315888e-06
233.60000000000002  0.009139480412867919  5.362854965807373e-06
233.65  0.009139478727418823  5.3630154421159385e-06
233.70000000000002  0.00913947699833782  5.363106867534444e-06
233.75  0.00913947524230444  5.363105633245135e-06
233.8  0.009139473481613133  5.362990725353827e-06
233.85000000000002  0.009139471742890539  5.362744901830127e-06
233.9  0.009139470055467929  5.362355602060622e-06
233.95000000000002  0.009139468449503453  5.361815518430731e-06
234.0  0.009139466954040765  5.361122781606339e-06
234.05  0.00913946559513175  5.3602807732612925e-06
234.10000000000002  0.009139464394182832  5.35929758151794e-06
234.15  0.009139463366640874  5.3581851268329835e-06
234.20000000000002  0.009139462521132655  5.356958081861819e-06
234.25  0.009139461859112076  5.3556326345119616e-06
234.3  0.009139461375022341  5.354225202949716e-06
234.35000000000002  0.00913946105697722  5.352751224349354e-06
234.4  0.00913946088784521  5.351224071532877e-06
234.45000000000002  0.009139460846709108  5.349654224162399e-06
234.5  0.009139460910519856  5.3480487095477515e-06
234.55  0.00913946105583199  5.346410875378628e-06
234.60000000000002  0.00913946126048698  5.344740467786108e-06
234.65  0.009139461505111158  5.343034007003911e-06
234.70000000000002  0.009139461774321076  5.341285434877843e-06
234.75  0.009139462057569533  5.3394869337941055e-06
234.8  0.009139462349555347  5.337629849069608e-06
234.85000000000002  0.009139462650225826  5.335705638387432e-06
234.9  0.009139462964353261  5.333706773283451e-06
234.95000000000002  0.009139463300792242  5.331627494131492e-06
235.0  0.009139463671429905  5.329464385299464e-06
235.05  0.009139464089998429  5.327216708249122e-06
235.10000000000002  0.00913946457079206  5.324886499510754e-06
235.15  0.009139465127436148  5.322478421176577e-06
235.20000000000002  0.009139465771780701  5.319999390366139e-06
235.25  0.009139466512996214  5.317458040610774e-06
235.3  0.009139467356941395  5.31486403348942e-06
235.35000000000002  0.009139468305827857  5.312227332655297e-06
235.4  0.009139469358172564  5.309557464592228e-06
235.45000000000002  0.00913947050903437  5.3068628223960565e-06
235.5  0.009139471750481892  5.304150090974021e-06
235.55  0.009139473072250513  5.3014237751916236e-06
235.60000000000002  0.009139474462488101  5.298685895343115e-06
235.65  0.009139475908540584  5.2959358132666635e-06
235.70000000000002  0.009139477397699037  5.2931701814430666e-06
235.75  0.009139478917836256  5.290382962039059e-06
235.8  0.00913948045786559  5.287565476410629e-06
235.85000000000002  0.009139482008013462  5.284706398871945e-06
235.9  0.009139483559853927  5.2817916393069425e-06
235.95000000000002  0.009139485106105523  5.278804082737025e-06
236.0  0.009139486640226974  5.275723157802581e-06
236.05  0.009139488155906905  5.272524365574412e-06
236.10000000000002  0.009139489646629449  5.269178989429906e-06
236.15  0.009139491105619246  5.265654412920132e-06
236.20000000000002  0.009139492526499355  5.2619154334550625e-06
236.25  0.00913949390492719  5.2579269651682465e-06
236.3  0.009139495241167153  5.253657979761752e-06
236.35000000000002  0.009139496543246617  5.24908621862629e-06
236.4  0.009139497830045026  5.244202697789711e-06
236.45000000000002  0.009139499133566542  5.23901500411577e-06
236.5  0.009139500499647863  5.233548686540588e-06
236.55  0.009139501986693385  5.22784646587711e-06
236.60000000000002  0.009139503662268273  5.2219654805566915e-06
236.65  0.00913950559789593  5.215973143298783e-06
236.70000000000002  0.009139507862589859  5.209942312249928e-06
236.75  0.009139510515937126  5.203946456341154e-06
236.8  0.009139513601546648  5.1980553694987944e-06
236.85000000000002  0.009139517141651995  5.192331824437828e-06
236.9  0.009139521133467476  5.186829247777014e-06
236.95000000000002  0.00913952554772994  5.181590473521142e-06
237.0  0.009139530329566107  5.176647372162895e-06
237.05  0.009139535401660553  5.172021179979493e-06
237.10000000000002  0.009139540669393317  5.167723281405566e-06
237.15  0.009139546027533448  5.163756205578494e-06
237.20000000000002  0.009139551367853705  5.160114714607481e-06
237.25  0.009139556587027226  5.1567868358644514e-06
237.3  0.009139561594092521  5.1537548130823545e-06
237.35000000000002  0.009139566316894313  5.150995986907413e-06
237.4  0.009139570706933612  5.148483639900981e-06
237.45000000000002  0.009139574742249988  5.146187881039266e-06
237.5  0.009139578428109103  5.144076607100062e-06
237.55  0.009139581795484374  5.142116623265921e-06
237.60000000000002  0.00913958489747047  5.140274883552601e-06
237.65  0.009139587803978359  5.138519876249652e-06
237.70000000000002  0.009139590595182495  5.136823048867273e-06
237.75  0.009139593354271397  5.135160222045183e-06
237.8  0.009139596160136036  5.133512861418854e-06
237.85000000000002  0.00913959908056813  5.131869087735279e-06
237.9  0.009139602166566434  5.130224370093143e-06
237.95000000000002  0.00913960544813848  5.1285817534883955e-06
238.0  0.00913960893192477  5.1269516326056075e-06
238.05  0.009139612600792402  5.125351040119474e-06
238.10000000000002  0.009139616415373414  5.1238025044386595e-06
238.15  0.009139620317347469  5.12233253635385e-06
238.20000000000002  0.009139624234171445  5.120969870354931e-06
238.25  0.009139628084801198  5.119743594751897e-06
238.3  0.00913963178593518  5.118681306780877e-06
238.35000000000002  0.009139635258232637  5.117807440905816e-06
238.4  0.009139638432029768  5.11714188254701e-06
238.45000000000002  0.009139641252101042  5.116698969500927e-06
238.5  0.009139643681138884  5.116486940097615e-06
238.55  0.009139645701716537  5.1165078421118925e-06
238.60000000000002  0.009139647316647043  5.1167578949102926e-06
238.65  0.009139648547801943  5.117228219663991e-06
238.70000000000002  0.009139649433519838  5.117905879745632e-06
238.75  0.009139650024925415  5.118775125553723e-06
238.8  0.009139650381457157  5.119818699350219e-06
238.85000000000002  0.009139650566040044  5.1210191146000604e-06
238.9  0.009139650640266499  5.122359802751974e-06
238.95000000000002  0.009139650659996293  5.123826040205257e-06
239.0  0.009139650671666154  5.1254055933373744e-06
239.05  0.009139650709576026  5.12708909041268e-06
239.10000000000002  0.009139650794297157  5.1288700730198395e-06
239.15  0.00913965093225072  5.130744782884508e-06
239.20000000000002  0.009139651116420608  5.132711741428846e-06
239.25  0.009139651328055609  5.134771176208946e-06
239.3  0.00913965153917652  5.136924351713105e-06
239.35000000000002  0.009139651715606323  5.139172907164531e-06
239.4  0.00913965182026915  5.141518240165256e-06
239.45000000000002  0.009139651816464908  5.1439610037065046e-06
239.5  0.009139651670858694  5.146500744937195e-06
239.55  0.009139651355974495  5.149135712718923e-06
239.60000000000002  0.009139650852036335  5.151862819816955e-06
239.65  0.009139650148041158  5.154677760352614e-06
239.70000000000002  0.009139649242065324  5.157575244289043e-06
239.75  0.00913964814083151  5.1605493190553424e-06
239.8  0.009139646858612623  5.163593716739541e-06
239.85000000000002  0.00913964541564981  5.1667022065095985e-06
239.9  0.009139643836247893  5.169868920022107e-06
239.95000000000002  0.009139642146695486  5.173088583192728e-06
240.0  0.009139640373242525  5.176356682405582e-06
240.05  0.009139638540258045  5.179669529646472e-06
240.10000000000002  0.009139636668737253  5.183024229734397e-06
240.15  0.009139634775210844  5.18641857109967e-06
240.20000000000002  0.009139632871148056  5.189850875859361e-06
240.25  0.00913963096282698  5.193319769315589e-06
240.3  0.009139629051676038  5.1968239903558825e-06
240.35000000000002  0.009139627134967021  5.200362195548962e-06
240.4  0.009139625206806508  5.203932776295017e-06
240.45000000000002  0.009139623259307839  5.2075337744062595e-06
240.5  0.009139621283809119  5.211162810142024e-06
240.55  0.00913961927205231  5.214817094961646e-06
240.60000000000002  0.009139617217199374  5.218493479176715e-06
240.65  0.009139615114643063  5.222188555547246e-06
240.70000000000002  0.009139612962527752  5.225898767672568e-06
240.75  0.009139610761985687  5.229620533124708e-06
240.8  0.009139608517080403  5.233350364812191e-06
240.85000000000002  0.009139606234492758  5.237084955768607e-06
240.9  0.009139603922992554  5.2408212341917585e-06
240.95000000000002  0.0091396015927732  5.244556379701919e-06
241.0  0.009139599254702912  5.248287787091048e-06
241.05  0.009139596919568472  5.2520130157486045e-06
241.10000000000002  0.009139594597394538  5.255729695989196e-06
241.15  0.009139592296859036  5.2594354264763675e-06
241.20000000000002  0.009139590024880597  5.263127668051891e-06
241.25  0.009139587786372517  5.266803656757651e-06
241.3  0.009139585584180779  5.270460326248076e-06
241.35000000000002  0.009139583419205094  5.2740942802754175e-06
241.4  0.009139581290655605  5.277701786344732e-06
241.45000000000002  0.009139579196430648  5.281278818577593e-06
241.5  0.009139577133572625  5.284821122551015e-06
241.55  0.009139575098738527  5.288324318955041e-06
241.60000000000002  0.0091395730886703  5.291784026707747e-06
241.65  0.009139571100608755  5.295195981761848e-06
241.70000000000002  0.00913956913263091  5.298556162968858e-06
241.75  0.00913956718388044  5.3018609106884776e-06
241.8  0.009139565254703535  5.305107009399921e-06
241.85000000000002  0.009139563346647141  5.308291750766379e-06
241.9  0.009139561462389508  5.311412968758179e-06
241.95000000000002  0.009139559605564302  5.314469038558722e-06
242.0  0.009139557780522188  5.3174588470956984e-06
242.05  0.009139555992063569  5.320381749047368e-06
242.10000000000002  0.009139554245150543  5.32323748690444e-06
242.15  0.009139552544621218  5.326026115519032e-06
242.20000000000002  0.0091395508949433  5.3287479124487975e-06
242.25  0.009139549300021935  5.3314033082811066e-06
242.3  0.009139547763042993  5.3339927975030055e-06
242.35000000000002  0.009139546286388219  5.336516892701592e-06
242.4  0.009139544871617243  5.338976076750426e-06
242.45000000000002  0.009139543519489795  5.341370768034183e-06
242.5  0.009139542230054906  5.343701320749785e-06
242.55  0.009139541002756296  5.34596801130097e-06
242.60000000000002  0.009139539836575776  5.348171060798139e-06
242.65  0.009139538730175503  5.350310648058541e-06
242.70000000000002  0.009139537682044719  5.3523869189185886e-06
242.75  0.00913953669062074  5.354400004127968e-06
242.8  0.0091395357544106  5.356350031310937e-06
242.85000000000002  0.009139534872057414  5.358237110057783e-06
242.9  0.009139534042392775  5.3600613292918405e-06
242.95000000000002  0.009139533264458925  5.361822736043307e-06
243.0  0.009139532537497738  5.3635212914046105e-06
243.05  0.009139531860925483  5.3651568512909755e-06
243.10000000000002  0.00913953123428526  5.3667291225590165e-06
243.15  0.009139530657193345  5.368237627054596e-06
243.20000000000002  0.009139530129281846  5.3696816937410835e-06
243.25  0.009139529650154363  5.371060437750995e-06
243.3  0.009139529219333786  5.372372767462204e-06
243.35000000000002  0.009139528836238534  5.373617414269048e-06
243.4  0.00913952850015532  5.374792975595391e-06
243.45000000000002  0.009139528210249593  5.375897970305598e-06
243.5  0.009139527965569199  5.376930922317501e-06
243.55  0.009139527765061408  5.37789042801695e-06
243.60000000000002  0.009139527607604354  5.378775258871641e-06
243.65  0.009139527492041149  5.379584440661628e-06
243.70000000000002  0.009139527417206623  5.380317334112851e-06
243.75  0.009139527381969277  5.3809736969898775e-06
243.8  0.00913952738524423  5.381553738196838e-06
243.85000000000002  0.009139527426027711  5.382058148559871e-06
243.9  0.009139527503400257  5.3824881075533555e-06
243.95000000000002  0.009139527616537624  5.382845279582776e-06
244.0  0.009139527764705148  5.38313177697857e-06
244.05  0.009139527947244812  5.383350125029364e-06
244.10000000000002  0.009139528163562003  5.3835031885514535e-06
244.15  0.009139528413106831  5.383594122754492e-06
244.20000000000002  0.009139528695342175  5.383626288629057e-06
244.25  0.009139529009713467  5.38360318468094e-06
244.3  0.009139529355627327  5.383528366826663e-06
244.35000000000002  0.009139529732411274  5.383405377915127e-06
244.4  0.009139530139290364  5.383237688133687e-06
244.45000000000002  0.00913953057536259  5.383028620865632e-06
244.5  0.009139531039572  5.382781322308674e-06
244.55  0.00913953153070752  5.382498697099848e-06
244.60000000000002  0.00913953204738623  5.382183386620787e-06
244.65  0.009139532588052437  5.381837731001588e-06
244.70000000000002  0.009139533150990111  5.381463761259587e-06
244.75  0.009139533734341175  5.3810631835925216e-06
244.8  0.009139534336121994  5.380637371766347e-06
244.85000000000002  0.009139534954262106  5.380187386818877e-06
244.9  0.009139535586624715  5.379713975253665e-06
244.95000000000002  0.00913953623104967  5.379217597110053e-06
245.0  0.009139536885384974  5.378698451921789e-06
245.05  0.00913953754752435  5.378156502651064e-06
245.10000000000002  0.00913953821543624  5.377591515875763e-06
245.15  0.009139538887188329  5.377003099184578e-06
245.20000000000002  0.009139539560971448  5.376390744389235e-06
245.25  0.009139540235118255  5.375753871884577e-06
245.3  0.009139540908111877  5.3750918709891235e-06
245.35000000000002  0.00913954157859504  5.374404159175846e-06
245.4  0.009139542245368646  5.373690232967439e-06
245.45000000000002  0.009139542907390084  5.372949713089599e-06
245.5  0.009139543563775858  5.372182402366122e-06
245.55  0.009139544213781336  5.371388325904527e-06
245.60000000000002  0.009139544856799998  5.370567785710088e-06
245.65  0.009139545492341045  5.3697213970712795e-06
245.70000000000002  0.00913954612002204  5.368850123841176e-06
245.75  0.009139546739549163  5.367955295284383e-06
245.8  0.009139547350697243  5.367038621686027e-06
245.85000000000002  0.009139547953289426  5.366102188948034e-06
245.9  0.009139548547186443  5.3651484417846485e-06
245.95000000000002  0.009139549132252152  5.364180147880986e-06
246.0  0.009139549708350042  5.363200359406403e-06
246.05  0.009139550275313801  5.362212356757091e-06
246.10000000000002  0.009139550832940505  5.361219575042778e-06
246.15  0.009139551380974276  5.360225538007259e-06
246.20000000000002  0.009139551919098038  5.35923378543841e-06
246.25  0.009139552446930758  5.358247796634027e-06
246.3  0.009139552964013649  5.357270915426861e-06
246.35000000000002  0.009139553469819848  5.3563062852128845e-06
246.4  0.009139553963746924  5.355356793364783e-06
246.45000000000002  0.009139554445127138  5.35442501946895e-06
246.5  0.00913955491322303  5.353513187964659e-06
246.55  0.009139555367243452  5.352623151700785e-06
246.60000000000002  0.009139555806344391  5.351756359228514e-06
246.65  0.009139556229639585  5.350913854023319e-06
246.70000000000002  0.009139556636213625  5.350096267078288e-06
246.75  0.00913955702512912  5.349303826540565e-06
246.8  0.009139557395450644  5.348536382763797e-06
246.85000000000002  0.009139557746257654  5.347793422488681e-06
246.9  0.009139558076662842  5.347074124614488e-06
246.95000000000002  0.009139558385834226  5.3463773728948546e-06
247.0  0.009139558673021138  5.345701833575547e-06
247.05  0.009139558937568352  5.345045995694853e-06
247.10000000000002  0.009139559178939046  5.344408229400433e-06
247.15  0.009139559396739026  5.343786852230175e-06
247.20000000000002  0.009139559590710552  5.343180183904736e-06
247.25  0.009139559760757488  5.342586608880534e-06
247.3  0.009139559906948369  5.342004631281013e-06
247.35000000000002  0.00913956002950661  5.341432931816551e-06
247.4  0.00913956012881103  5.340870401406874e-06
247.45000000000002  0.009139560205388121  5.340316183836491e-06
247.5  0.009139560259890071  5.3397697111045705e-06
247.55  0.009139560293085325  5.339230720075516e-06
247.60000000000002  0.009139560305835816  5.338699263939743e-06
247.65  0.00913956029907808  5.338175724144947e-06
247.70000000000002  0.009139560273798772  5.337660801901648e-06
247.75  0.009139560231015812  5.337155507333417e-06
247.8  0.009139560171752343  5.3366611467492095e-06
247.85000000000002  0.009139560097013036  5.336179290465278e-06
247.9  0.009139560007768294  5.335711730570993e-06
247.95000000000002  0.009139559904927812  5.3352604506275115e-06
248.0  0.009139559789321905  5.3348275667297845e-06
248.05  0.009139559661687053  5.334415264230297e-06
248.10000000000002  0.00913955952265004  5.334025752860958e-06
248.15  0.009139559372715003  5.3336611846472866e-06
248.20000000000002  0.00913955921226784  5.333323598922829e-06
248.25  0.009139559041568785  5.3330148500901225e-06
248.3  0.009139558860758748  5.332736556120223e-06
248.35000000000002  0.009139558669867938  5.332490040403529e-06
248.4  0.009139558468833795  5.332276302842296e-06
248.45000000000002  0.009139558257518249  5.332095960845589e-06
248.5  0.009139558035733594  5.3319492596702925e-06
248.55  0.009139557803255774  5.33183604935146e-06
248.60000000000002  0.009139557559850691  5.3317557890591246e-06
248.65  0.009139557305301903  5.331707559913296e-06
248.70000000000002  0.009139557039422104  5.3316901028074935e-06
248.75  0.00913955676207817  5.331701835718902e-06
248.8  0.009139556473199025  5.331740908504437e-06
248.85000000000002  0.00913955617279405  5.331805235301527e-06
248.9  0.009139555860959483  5.331892559162831e-06
248.95000000000002  0.009139555537893626  5.332000494582601e-06
249.0  0.009139555203893306  5.332126588354798e-06
249.05  0.009139554859366045  5.332268375423971e-06
249.10000000000002  0.009139554504822157  5.3324234281862675e-06
249.15  0.009139554140885684  5.332589429381371e-06
249.20000000000002  0.009139553768288176  5.332764203014599e-06
249.25  0.00913955338785907  5.332945781289747e-06
249.3  0.009139553000526757  5.333132435102704e-06
249.35000000000002  0.00913955260730291  5.333322715058396e-06
249.4  0.00913955220926746  5.333515474405996e-06
249.45000000000002  0.009139551807554911  5.3337098940695244e-06
249.5  0.009139551403339823  5.3339054801055524e-06
249.55  0.009139550997801707  5.3341020649730776e-06
249.60000000000002  0.00913955059212075  5.334299789817225e-06
249.65  0.009139550187446764  5.3344990969857045e-06
249.70000000000002  0.009139549784875184  5.334700676567941e-06
249.75  0.009139549385435514  5.334905451039951e-06
249.8  0.009139548990073638  5.335114520748328e-06
249.85000000000002  0.00913954859963207  5.335329129677914e-06
249.9  0.009139548214847231  5.335550615117495e-06
249.95000000000002  0.009139547836328928  5.335780355146145e-06
250.0  0.00913954746457488  5.33601973279216e-06
250.05  0.009139547099945463  5.336270083091191e-06
250.10000000000002  0.009139546742680249  5.33653264411419e-06
250.15  0.00913954639289248  5.336808521648061e-06
250.20000000000002  0.009139546050581567  5.337098639731101e-06
250.25  0.009139545715637819  5.337403716129815e-06
250.3  0.0091395453878497  5.3377242124767244e-06
250.35000000000002  0.009139545066930488  5.3380603164842515e-06
250.4  0.009139544752525767  5.338411921909853e-06
250.45000000000002  0.00913954444423638  5.338778611895304e-06
250.5  0.009139544141635574  5.339159656688245e-06
250.55  0.009139543844301216  5.339554023508749e-06
250.60000000000002  0.009139543551826643  5.339960390611531e-06
250.65  0.009139543263847054  5.340377170830754e-06
250.70000000000002  0.009139542980057425  5.340802556224168e-06
250.75  0.009139542700233821  5.341234552761777e-06
250.8  0.009139542424234549  5.341671037751314e-06
250.85000000000002  0.009139542152016655  5.342109811692485e-06
250.9  0.009139541883636486  5.342548647123424e-06
250.95000000000002  0.009139541619252784  5.342985352541833e-06
251.0  0.00913954135911713  5.343417819152912e-06
251.05  0.009139541103573914  5.343844079932515e-06
251.10000000000002  0.00913954085305204  5.344262343896615e-06
251.15  0.00913954060804599  5.3446710484704885e-06
251.20000000000002  0.009139540369120618  5.345068878692054e-06
251.25  0.009139540136887383  5.3454548054626834e-06
251.3  0.0091395399119923  5.3458280990520825e-06
251.35000000000002  0.009139539695108551  5.346188339344865e-06
251.4  0.009139539486912783  5.346535420916682e-06
251.45000000000002  0.009139539288081588  5.346869540778288e-06
251.5  0.009139539099266963  5.347191190567557e-06
251.55  0.00913953892107806  5.347501129013233e-06
251.60000000000002  0.009139538754066662  5.347800345750775e-06
251.65  0.009139538598706176  5.348090026181568e-06
251.70000000000002  0.009139538455372218  5.3483715141010215e-06
251.75  0.00913953832433339  5.348646250132472e-06
251.8  0.009139538205738838  5.34891572861394e-06
251.85000000000002  0.009139538099606642  5.349181440060383e-06
251.9  0.009139538005821585  5.349444832691223e-06
251.95000000000002  0.009139537924143805  5.349707254462819e-06
252.0  0.009139537854203588  5.349969919853342e-06
252.05  0.009139537795522889  5.350233877136781e-06
252.10000000000002  0.009139537747526079  5.3504999677358805e-06
252.15  0.00913953770956202  5.350768822748732e-06
252.20000000000002  0.009139537680915088  5.351040832123554e-06
252.25  0.009139537660835625  5.351316146149959e-06
252.3  0.009139537648549564  5.351594666865294e-06
252.35000000000002  0.009139537643287503  5.351876047810097e-06
252.4  0.009139537644297965  5.352159715418163e-06
252.45000000000002  0.009139537650868104  5.3524448677675415e-06
252.5  0.009139537662326018  5.352730499627448e-06
252.55  0.009139537678067574  5.353015426195194e-06
252.60000000000002  0.009139537697559045  5.3532983088138905e-06
252.65  0.009139537720341016  5.353577697511669e-06
252.70000000000002  0.009139537746041435  5.353852060434674e-06
252.75  0.00913953777437368  5.354119840231112e-06
252.8  0.00913953780514196  5.354379487901826e-06
252.85000000000002  0.00913953783823012  5.354629520435729e-06
252.9  0.009139537873605275  5.354868564558929e-06
252.95000000000002  0.009139537911307487  5.355095396094092e-06
253.0  0.009139537951445861  5.3553089899495854e-06
253.05  0.009139537994181827  5.3555085488182015e-06
253.10000000000002  0.009139538039722003  5.355693522062172e-06
253.15  0.009139538088304077  5.355863630342227e-06
253.20000000000002  0.009139538140188915  5.356018873265941e-06
253.25  0.009139538195648047  5.35615952227406e-06
253.3  0.009139538254955008  5.356286112993846e-06
253.35000000000002  0.009139538318373153  5.356399440845506e-06
253.4  0.00913953838615062  5.356500521198416e-06
253.45000000000002  0.00913953845851299  5.35659056523515e-06
253.5  0.009139538535650043  5.35667095757545e-06
253.55  0.009139538617715309  5.356743205880933e-06
253.60000000000002  0.009139538704809484  5.356808911284345e-06
253.65  0.00913953879697479  5.356869725047441e-06
253.70000000000002  0.00913953889418755  5.3569273017195496e-06
253.75  0.009139538996346822  5.356983261147993e-06
253.8  0.009139539103260187  5.357039148114271e-06
253.85000000000002  0.009139539214646098  5.357096386760765e-06
253.9  0.009139539330126664  5.357156243627516e-06
253.95000000000002  0.009139539449229359  5.357219791980402e-06
254.0  0.009139539571388541  5.357287888266553e-06
254.05  0.00913953969596264  5.357361146726019e-06
254.10000000000002  0.009139539822240337  5.35743991944657e-06
254.15  0.009139539949462198  5.357524297857404e-06
254.20000000000002  0.009139540076840237  5.357614106728194e-06
254.25  0.009139540203580201  5.357708915319022e-06
254.3  0.00913954032890459  5.357808062394825e-06
254.35000000000002  0.009139540452070986  5.357910675720973e-06
254.4  0.009139540572394817  5.35801569426697e-06
254.45000000000002  0.009139540689262031  5.358121914691679e-06
254.5  0.009139540802143895  5.35822803048833e-06
254.55  0.009139540910600784  5.358332662613288e-06
254.60000000000002  0.009139541014287093  5.358434416438706e-06
254.65  0.009139541112960947  5.358531922193533e-06
254.70000000000002  0.009139541206468201  5.358623875102958e-06
254.75  0.009139541294756658  5.3587090786191296e-06
254.8  0.009139541377854561  5.358786492595184e-06
254.85000000000002  0.009139541455873295  5.358855269870834e-06
254.9  0.009139541528996754  5.358914782841828e-06
254.95000000000002  0.009139541597474246  5.358964657229217e-06
255.0  0.009139541661611367  5.359004786125842e-06
255.05  0.009139541721757478  5.359035343684387e-06
255.10000000000002  0.009139541778302939  5.359056790297753e-06
255.15  0.009139541831651946  5.359069856381395e-06
255.20000000000002  0.009139541882230057  5.359075525159342e-06
255.25  0.009139541930459929  5.3590750015375605e-06
255.3  0.009139541976748152  5.359069683405775e-06
255.35000000000002  0.009139542021480169  5.3590611132564646e-06
255.4  0.009139542065003194  5.359050935300547e-06
255.45000000000002  0.009139542107620503  5.359040834018432e-06
255.5  0.009139542149576522  5.359032498097015e-06
255.55  0.009139542191056468  5.359027563272222e-06
255.60000000000002  0.009139542232169704  5.359027571500395e-06
255.65  0.009139542272954873  5.359033938470768e-06
255.70000000000002  0.009139542313370545  5.35904790619873e-06
255.75  0.00913954235329708  5.359070518763328e-06
255.8  0.009139542392531362  5.359102605907143e-06
255.85000000000002  0.009139542430790328  5.359144753892657e-06
255.9  0.009139542467716547  5.359197304345361e-06
255.95000000000002  0.009139542502879093  5.359260341997012e-06
256.0  0.009139542535789826  5.35933369127245e-06
256.05  0.009139542565905746  5.359416921173557e-06
256.1  0.009139542592650105  5.359509354254603e-06
256.15000000000003  0.009139542615427841  5.359610089148011e-06
256.2  0.009139542633640755  5.359718004497845e-06
256.25  0.009139542646711489  5.3598318112201915e-06
256.3  0.009139542654109638  5.3599500633693124e-06
256.35  0.009139542655363965  5.3600712168970065e-06
256.40000000000003  0.009139542650085156  5.36019365992809e-06
256.45  0.009139542637988364  5.36031577010439e-06
256.5  0.00913954261889054  5.3604359615705985e-06
256.55  0.00913954259273285  5.360552729309252e-06
256.6  0.009139542559577616  5.360664700454661e-06
256.65000000000003  0.009139542519603468  5.360770674679824e-06
256.7  0.009139542473106273  5.360869664051157e-06
256.75  0.009139542420480632  5.360960917281986e-06
256.8  0.009139542362211095  5.3610439576731186e-06
256.85  0.009139542298864052  5.361118578313189e-06
256.90000000000003  0.009139542231059797  5.361184873963528e-06
256.95  0.009139542159469181  5.3612432181666405e-06
257.0  0.00913954208478497  5.361294269909335e-06
257.05  0.00913954200770907  5.361338946021591e-06
257.1  0.009139541928937844  5.3613784050962165e-06
257.15000000000003  0.00913954184914428  5.361414009351275e-06
257.2  0.009139541768957558  5.3614472858093615e-06
257.25  0.009139541688952584  5.361479884120673e-06
257.3  0.009139541609634332  5.361513526487506e-06
257.35  0.009139541531423424  5.361549943827949e-06
257.40000000000003  0.009139541454645236  5.3615908287794065e-06
257.45  0.009139541379525731  5.3616377787082145e-06
257.5  0.009139541306174821  5.3616922378830144e-06
257.55  0.009139541234601797  5.361755448500039e-06
257.6  0.00913954116470651  5.361828419060027e-06
257.65000000000003  0.00913954109628462  5.361911881288312e-06
257.7  0.009139541029049365  5.362006267555723e-06
257.75  0.00913954096263144  5.362111700669297e-06
257.8  0.009139540896601552  5.362227987620719e-06
257.85  0.009139540830483444  5.36235462448518e-06
257.90000000000003  0.009139540763773196  5.362490810198223e-06
257.95  0.009139540695957932  5.362635469609192e-06
258.0  0.00913954062652522  5.362787287347315e-06
258.05  0.009139540554987675  5.362944728449733e-06
258.1  0.009139540480890385  5.363106087655678e-06
258.15000000000003  0.009139540403828776  5.363269527585617e-06
258.2  0.009139540323457776  5.363433119919957e-06
258.25  0.009139540239509625  5.363594894385905e-06
258.3  0.009139540151792924  5.3637528853603205e-06
258.35  0.009139540060210602  5.363905188799224e-06
258.40000000000003  0.009139539964772571  5.364050001579156e-06
258.45  0.00913953986558027  5.364185680718032e-06
258.5  0.009139539762851541  5.3643107901170015e-06
258.55  0.009139539656906125  5.364424139201135e-06
258.6  0.009139539548166337  5.364524831794179e-06
258.65000000000003  0.009139539437151605  5.364612291371791e-06
258.7  0.009139539324459727  5.364686279926982e-06
258.75  0.009139539210757545  5.364746916456146e-06
258.8  0.009139539096762106  5.364794671015676e-06
258.85  0.009139538983212132  5.364830350484495e-06
258.90000000000003  0.009139538870853725  5.364855083894856e-06
258.95  0.009139538760418812  5.36487026896621e-06
259.0  0.009139538652601014  5.3648775453019396e-06
259.05  0.009139538548038105  5.364878728444987e-06
259.1  0.009139538447293392  5.364875763733882e-06
259.15000000000003  0.009139538350846677  5.364870657955994e-06
259.2  0.00913953825907564  5.364865426814086e-06
259.25  0.00913953817225439  5.364862030945267e-06
259.3  0.009139538090548675  5.36486231405035e-06
259.35  0.009139538014009359  5.364867959837248e-06
259.40000000000003  0.009139537942576312  5.364880437238955e-06
259.45  0.009139537876076478  5.364900958470967e-06
259.5  0.009139537814239347  5.364930449392065e-06
259.55  0.009139537756693735  5.364969501728137e-06
259.6  0.009139537702982238  5.3650183647020256e-06
259.65000000000003  0.00913953765258243  5.3650769347986065e-06
259.7  0.00913953760491526  5.3651447397306314e-06
259.75  0.009139537559367281  5.365220954994712e-06
259.8  0.009139537515313132  5.36530441825944e-06
259.85  0.00913953747213955  5.36539365044098e-06
259.90000000000003  0.009139537429260092  5.365486905812829e-06
259.95  0.009139537386144977  5.365582204777404e-06
260.0  0.009139537342340902  5.365677402557076e-06
260.05  0.009139537297471235  5.3657702396054546e-06
260.1  0.009139537251274948  5.365858415760797e-06
260.15000000000003  0.00913953720359016  5.365939647590003e-06
260.2  0.009139537154372327  5.366011738582792e-06
260.25  0.009139537103690143  5.3660726503211185e-06
260.3  0.00913953705172367  5.366120545292202e-06
260.35  0.009139536998752924  5.366153846588276e-06
260.40000000000003  0.009139536945155596  5.36617128954524e-06
260.45  0.009139536891391103  5.366171946701048e-06
260.5  0.009139536837991749  5.366155261811521e-06
260.55  0.009139536785548769  5.3661210636702945e-06
260.6  0.00913953673469958  5.366069580112914e-06
260.65000000000003  0.009139536686111789  5.36600142849933e-06
260.7  0.009139536640468546  5.365917598838018e-06
260.75  0.00913953659844901  5.365819437613427e-06
260.8  0.009139536560712494  5.3657086099299705e-06
260.85  0.009139536527873656  5.365587041583381e-06
260.90000000000003  0.009139536500494615  5.3654568839625345e-06
260.95  0.009139536479053346  5.3653204345863225e-06
261.0  0.009139536463941092  5.36518007808386e-06
261.05  0.009139536455427127  5.36503822080105e-06
261.1  0.009139536453667853  5.364897208219501e-06
261.15000000000003  0.009139536458686134  5.364759263807586e-06
261.2  0.009139536470372887  5.364626425553734e-06
261.25  0.009139536488484153  5.3645004848735405e-06
261.3  0.009139536512653574  5.3643829431095666e-06
261.35  0.00913953654240024  5.364274970501661e-06
261.40000000000003  0.00913953657713945  5.364177368610682e-06
261.45  0.009139536616206876  5.364090561250012e-06
261.5  0.00913953665887722  5.364014583398235e-06
261.55  0.00913953670438113  5.363949079953986e-06
261.6  0.009139536751929574  5.363893318942835e-06
261.65000000000003  0.009139536800730576  5.363846209526532e-06
261.7  0.009139536850025148  5.363806328317086e-06
261.75  0.00913953689908416  5.363771957930721e-06
261.8  0.00913953694725083  5.363741125369011e-06
261.85  0.009139536993935342  5.363711666726346e-06
261.90000000000003  0.00913953703864511  5.363681268583359e-06
261.95  0.009139537080987567  5.363647542985252e-06
262.0  0.009139537120682361  5.363608087826548e-06
262.05  0.009139537157576393  5.363560565454064e-06
262.1  0.009139537191637783  5.363502771360497e-06
262.15000000000003  0.009139537222961647  5.3634326956482825e-06
262.2  0.009139537251762002  5.363348598534624e-06
262.25  0.009139537278369409  5.363249060133556e-06
262.3  0.009139537303215981  5.363133024387874e-06
262.35  0.009139537326823585  5.362999840217964e-06
262.40000000000003  0.009139537349789964  5.362849273928005e-06
262.45  0.009139537372764201  5.362681519373237e-06
262.5  0.009139537396430409  5.362497192116654e-06
262.55  0.00913953742148875  5.3622973062662695e-06
262.6  0.009139537448632988  5.362083244480015e-06
262.65000000000003  0.00913953747852984  5.36185671375978e-06
262.7  0.00913953751180497  5.3616196932169936e-06
262.75  0.009139537549014599  5.361374379542834e-06
262.8  0.009139537590642692  5.361123131257528e-06
262.85  0.009139537637073748  5.360868397007938e-06
262.90000000000003  0.009139537688587716  5.3606126578641e-06
262.95  0.009139537745338972  5.360358360732408e-06
263.0  0.009139537807356653  5.3601078545796946e-06
263.05  0.0091395378745317  5.3598633318976984e-06
263.1  0.009139537946617284  5.359626777154674e-06
263.15000000000003  0.009139538023237387  5.359399906285794e-06
263.2  0.0091395381038849  5.3591841330603894e-06
263.25  0.009139538187942706  5.358980525471647e-06
263.3  0.009139538274700255  5.3587897785993565e-06
263.35  0.009139538363369747  5.35861219830698e-06
263.40000000000003  0.009139538453121081  5.358447693589081e-06
263.45  0.009139538543101733  5.358295778828688e-06
263.5  0.009139538632467057  5.358155590116812e-06
263.55  0.009139538720411455  5.3580259160252515e-06
263.6  0.009139538806187248  5.357905220216598e-06
263.65000000000003  0.009139538889127424  5.357791697595011e-06
263.7  0.009139538968666525  5.3576833272599524e-06
263.75  0.009139539044347262  5.357577915440434e-06
263.8  0.009139539115828169  5.357473168145449e-06
263.85  0.009139539182891081  5.357366765844417e-06
263.90000000000003  0.00913953924544092  5.357256403919956e-06
263.95  0.0091395393034981  5.357139878970003e-06
264.0  0.009139539357191511  5.357015135463788e-06
264.05  0.009139539406761397  5.35688034288993e-06
264.1  0.009139539452542351  5.356733932316215e-06
264.15000000000003  0.009139539494955681  5.356574660652649e-06
264.2  0.009139539534500429  5.356401641759274e-06
264.25  0.009139539571745646  5.356214374888969e-06
264.3  0.009139539607310938  5.3560127732138365e-06
264.35  0.009139539641860261  5.355797160804616e-06
264.40000000000003  0.009139539676078567  5.355568277034498e-06
264.45  0.00913953971065961  5.355327243521796e-06
264.5  0.009139539746284188  5.355075546718097e-06
264.55  0.009139539783597512  5.35481497831601e-06
264.6  0.009139539823193975  5.354547593771275e-06
264.65000000000003  0.009139539865591757  5.3542756394718625e-06
264.7  0.009139539911223604  5.354001486965285e-06
264.75  0.009139539960410331  5.353727558850177e-06
264.8  0.009139540013359869  5.353456264309525e-06
264.85  0.009139540070155511  5.353189921787865e-06
264.90000000000003  0.009139540130755769  5.352930700068634e-06
264.95  0.009139540194992152  5.3526805605608944e-06
265.0  0.009139540262584924  5.352441212926734e-06
265.05  0.009139540333140354  5.3522140664038435e-06
265.1  0.009139540406163504  5.352000213940111e-06
265.15000000000003  0.009139540481084866  5.3518003972771126e-06
265.2  0.009139540557268334  5.351615003297702e-06
265.25  0.009139540634028796  5.351444058990815e-06
265.3  0.009139540710653954  5.351287233886697e-06
265.35  0.009139540786424784  5.3511438535136925e-06
265.40000000000003  0.009139540860628872  5.351012923224133e-06
265.45  0.009139540932591554  5.350893156858146e-06
265.5  0.009139541001688338  5.350783003526269e-06
265.55  0.009139541067361243  5.350680699183754e-06
265.6  0.009139541129144002  5.350584314063817e-06
265.65000000000003  0.009139541186667956  5.350491799779823e-06
265.7  0.009139541239676679  5.350401063313631e-06
265.75  0.00913954128803134  5.350310011093776e-06
265.8  0.009139541331716721  5.350216622447242e-06
265.85  0.009139541370835752  5.350118998072458e-06
265.90000000000003  0.009139541405605333  5.350015422222413e-06
265.95  0.009139541436350715  5.3499044083486465e-06
266.0  0.009139541463487444  5.349784739304116e-06
266.05  0.00913954148751256  5.349655502394964e-06
266.1  0.009139541508988474  5.349516115773416e-06
266.15000000000003  0.009139541528522933  5.349366338132388e-06
266.2  0.009139541546758494  5.349206277959373e-06
266.25  0.00913954156434935  5.349036385969845e-06
266.3  0.009139541581955849  5.348857445143279e-06
266.35  0.009139541600215868  5.348670548575125e-06
266.40000000000003  0.009139541619740187  5.3484770669762725e-06
266.45  0.00913954164109004  5.348278621264478e-06
266.5  0.009139541664771215  5.348077017501389e-06
266.55  0.009139541691210422  5.34787422013281e-06
266.6  0.009139541720745246  5.347672280573063e-06
266.65000000000003  0.00913954175361746  5.347473279839095e-06
266.7  0.009139541789956362  5.3472792744070955e-06
266.75  0.009139541829782076  5.347092220424603e-06
266.8  0.009139541872992357  5.346913933763399e-06
266.85  0.009139541919379691  5.346746022531009e-06
266.90000000000003  0.009139541968625046  5.346589840629504e-06
266.95  0.00913954202031423  5.3464464515028684e-06
267.0  0.009139542073954624  5.346316606661826e-06
267.05  0.009139542128991322  5.3462007208592444e-06
267.1  0.009139542184825024  5.346098872216823e-06
267.15000000000003  0.009139542240838508  5.346010803109803e-06
267.2  0.009139542296401706  5.345935938204838e-06
267.25  0.009139542350907795  5.345873417048237e-06
267.3  0.009139542403782959  5.345822110128912e-06
267.35  0.00913954245449558  5.345780670511766e-06
267.40000000000003  0.009139542502568918  5.345747569695679e-06
267.45  0.00913954254759795  5.34572114983925e-06
267.5  0.00913954258925485  5.345699655705737e-06
267.55  0.009139542627294096  5.345681297818695e-06
267.6  0.009139542661555677  5.345664290419354e-06
267.65000000000003  0.009139542691966956  5.34564690698406e-06
267.7  0.00913954271855581  5.345627514589089e-06
267.75  0.009139542741441365  5.34560463094733e-06
267.8  0.009139542760837172  5.345576957831199e-06
267.85  0.009139542777049483  5.345543418137932e-06
267.90000000000003  0.009139542790464437  5.345503185699837e-06
267.95  0.00913954280154666  5.345455716104471e-06
268.0  0.009139542810821265  5.3454007537977926e-06
268.05  0.009139542818872338  5.345338335781833e-06
268.1  0.009139542826305112  5.3452687969070115e-06
268.15000000000003  0.009139542833742052  5.3451927543981875e-06
268.2  0.009139542841798375  5.345111082706534e-06
268.25  0.009139542851071839  5.345024887009578e-06
268.3  0.009139542862111872  5.344935469405018e-06
268.35  0.009139542875414753  5.344844278641582e-06
268.40000000000003  0.009139542891403916  5.344752879600468e-06
268.45  0.009139542910419417  5.344662896443909e-06
268.5  0.009139542932710226  5.344575968517951e-06
268.55  0.009139542958435849  5.3444937165792925e-06
268.6  0.00913954298765035  5.344417682021899e-06
268.65000000000003  0.00913954302031177  5.344349299303791e-06
268.7  0.009139543056276976  5.344289847725148e-06
268.75  0.00913954309531396  5.344240428314256e-06
268.8  0.009139543137099707  5.344201930182328e-06
268.85  0.009139543181229996  5.344175002695612e-06
268.90000000000003  0.009139543227232427  5.344160043754462e-06
268.95  0.009139543274576896  5.344157178520099e-06
269.0  0.009139543322688817  5.34416625718072e-06
269.05  0.009139543370970862  5.344186870820801e-06
269.1  0.0091395434188155  5.34421834611702e-06
269.15000000000003  0.009139543465631908  5.344259772211129e-06
269.2  0.00913954351085259  5.3443100352947004e-06
269.25  0.009139543553959635  5.344367838873356e-06
269.3  0.009139543594495283  5.3444317523686745e-06
269.35  0.009139543632085738  5.344500256633002e-06
269.40000000000003  0.009139543666440063  5.344571787767479e-06
269.45  0.009139543697360681  5.344644773272271e-06
269.5  0.009139543724753143  5.3447177020423905e-06
269.55  0.00913954374862305  5.34478914312683e-06
269.6  0.009139543769071739  5.34485779312056e-06
269.65000000000003  0.009139543786300343  5.344922518319339e-06
269.7  0.009139543800592441  5.344982370051633e-06
269.75  0.009139543812318567  5.345036623350535e-06
269.8  0.009139543821913069  5.345084782420366e-06
269.85  0.009139543829876477  5.345126602154023e-06
269.90000000000003  0.009139543836750023  5.345162093615952e-06
269.95  0.009139543843118953  5.345191518487725e-06
270.0  0.009139543849579893  5.345215383671588e-06
270.05  0.009139543856732301  5.345234431361175e-06
270.1  0.009139543865163701  5.345249615751975e-06
270.15000000000003  0.00913954387542779  5.345262074660283e-06
270.2  0.009139543888021278  5.345273090439989e-06
270.25  0.009139543903377624  5.345284056181324e-06
270.3  0.009139543921840639  5.345296426922854e-06
270.35  0.009139543943659397  5.345311675860329e-06
270.40000000000003  0.009139543968978328  5.345331241985362e-06
270.45  0.009139543997828719  5.345356485282561e-06
270.5  0.009139544030135192  5.345388648530592e-06
270.55  0.009139544065712074  5.345428817675349e-06
270.6  0.009139544104279394  5.345477887053142e-06
270.65000000000003  0.009139544145475253  5.345536536338928e-06
270.7  0.009139544188859035  5.345605210135449e-06
270.75  0.0091395442339374  5.345684111468833e-06
270.8  0.00913954428016887  5.345773200244794e-06
270.85  0.009139544326993135  5.345872188864721e-06
270.90000000000003  0.00913954437383276  5.345980560382698e-06
270.95  0.009139544420116726  5.3460975703845375e-06
271.0  0.00913954446528413  5.346222276697468e-06
271.05  0.009139544508803292  5.346353557385286e-06
271.1  0.009139544550177008  5.346490139462423e-06
271.15000000000003  0.009139544588955648  5.346630637978835e-06
271.2  0.009139544624753304  5.34677358321158e-06
271.25  0.00913954465724498  5.346917463310496e-06
271.3  0.009139544686189952  5.3470607744226595e-06
271.35  0.009139544711427396  5.347202055750984e-06
271.40000000000003  0.009139544732893762  5.34733994151385e-06
271.45  0.009139544750626536  5.347473193630765e-06
271.5  0.009139544764757347  5.347600751633391e-06
271.55  0.0091395447755204  5.347721759090267e-06
271.6  0.009139544783242992  5.347835591652025e-06
271.65000000000003  0.009139544788343272  5.347941878452349e-06
271.7  0.009139544791310126  5.348040501259265e-06
271.75  0.009139544792701598  5.348131606525445e-06
271.8  0.009139544793119745  5.348215589816849e-06
271.85  0.009139544793197932  5.348293081817621e-06
271.90000000000003  0.009139544793575902  5.348364923999727e-06
271.95  0.00913954479488931  5.348432139587044e-06
272.0  0.009139544797746616  5.348495895531036e-06
272.05  0.009139544802711343  5.348557478232214e-06
272.1  0.009139544810281994  5.34861823884089e-06
272.15000000000003  0.009139544820880068  5.348679565852067e-06
272.2  0.009139544834834055  5.348742838649496e-06
272.25  0.00913954485236974  5.3488093805456214e-06
272.3  0.009139544873599222  5.34888043313722e-06
272.35  0.00913954489851134  5.348957112166232e-06
272.40000000000003  0.009139544926972748  5.34904036861983e-06
272.45  0.009139544958733462  5.349130964175572e-06
272.5  0.00913954499342373  5.349229442026663e-06
272.55  0.009139545030579442  5.349336099893989e-06
272.6  0.009139545069647322  5.3494509897282884e-06
272.65000000000003  0.00913954511000327  5.3495739021921325e-06
272.7  0.009139545150980234  5.349704369678014e-06
272.75  0.009139545191889618  5.349841679866407e-06
272.8  0.009139545232044983  5.349984891045e-06
272.85  0.0091395452707807  5.350132864401008e-06
272.90000000000003  0.009139545307481543  5.350284282884825e-06
272.95  0.009139545341590345  5.3504377049843396e-06
273.0  0.009139545372630233  5.350591590224123e-06
273.05  0.009139545400209038  5.350744353308423e-06
273.1  0.009139545424030275  5.350894398500243e-06
273.15000000000003  0.009139545443893185  5.351040163776666e-06
273.2  0.009139545459701234  5.351180165477599e-06
273.25  0.009139545471446143  5.3513130392675865e-06
273.3  0.009139545479225832  5.351437572853016e-06
273.35  0.009139545483222516  5.35155274676547e-06
273.40000000000003  0.009139545483710276  5.351657756003483e-06
273.45  0.0091395454810499  5.351752044705708e-06
273.5  0.009139545475681816  5.351835320909675e-06
273.55  0.009139545468109106  5.3519075735115255e-06
273.6  0.009139545458904828  5.3519690786995124e-06
273.65000000000003  0.009139545448680397  5.352020390067265e-06
273.7  0.009139545438083152  5.352062337690645e-06
273.75  0.009139545427772329  5.352095998313979e-06
273.8  0.009139545418405498  5.35212266562264e-06
273.85  0.009139545410611434  5.352143805263567e-06
273.90000000000003  0.00913954540497166  5.3521610184421495e-06
273.95  0.009139545401995786  5.352175981528963e-06
274.0  0.009139545402114885  5.3521903913522325e-06
274.05  0.009139545405652264  5.352205910511541e-06
274.1  0.00913954541282944  5.352224112190474e-06
274.15000000000003  0.009139545423738907  5.3522464319198724e-06
274.2  0.009139545438363213  5.352274122391316e-06
274.25  0.009139545456563673  5.3523082114085695e-06
274.3  0.009139545478084227  5.352349481889743e-06
274.35  0.009139545502570769  5.3523984402781386e-06
274.40000000000003  0.009139545529573453  5.352455312317768e-06
274.45  0.00913954555856334  5.352520024931617e-06
274.5  0.009139545588952365  5.352592214491556e-06
274.55  0.009139545620102281  5.352671236844508e-06
274.6  0.00913954565134991  5.35275617464723e-06
274.65000000000003  0.009139545682020104  5.352845860212465e-06
274.7  0.009139545711448194  5.352938902868348e-06
274.75  0.00913954573899508  5.353033727203906e-06
274.8  0.009139545764073121  5.353128600148367e-06
274.85  0.00913954578615625  5.353221689367318e-06
274.90000000000003  0.009139545804805622  5.353311102954908e-06
274.95  0.009139545819670731  5.353394943051991e-06
275.0  0.00913954583051444  5.353471363423812e-06
275.05  0.009139545837213818  5.353538628175361e-06
275.1  0.00913954583975847  5.35359515066447e-06
275.15000000000003  0.009139545838262608  5.353639558778483e-06
275.2  0.009139545832952872  5.353670726432986e-06
275.25  0.009139545824160789  5.353687816049058e-06
275.3  0.009139545812314492  5.353690301782737e-06
275.35  0.009139545797922862  5.353677994233172e-06
275.40000000000003  0.009139545781558348  5.353651038781033e-06
275.45  0.00913954576384457  5.353609923314587e-06
275.5  0.009139545745428043  5.3535554667801986e-06
275.55  0.009139545726971718  5.353488799449092e-06
275.6  0.009139545709126283  5.353411332412238e-06
275.65000000000003  0.009139545692526181  5.353324722655599e-06
275.7  0.009139545677751625  5.3532308329221e-06
275.75  0.009139545665333298  5.353131675087976e-06
275.8  0.009139545655715033  5.3530293628048725e-06
275.85  0.00913954564926732  5.352926045697182e-06
275.90000000000003  0.009139545646246323  5.352823849654809e-06
275.95  0.009139545646809664  5.352724811425152e-06
276.0  0.009139545650990618  5.352630815839748e-06
276.05  0.009139545658710023  5.352543537187127e-06
276.1  0.009139545669772781  5.35246438777636e-06
276.15000000000003  0.00913954568387473  5.3523944607380795e-06
276.2  0.009139545700612824  5.352334504927364e-06
276.25  0.009139545719500722  5.352284894145952e-06
276.3  0.009139545739985145  5.352245609358181e-06
276.35  0.00913954576146574  5.352216249420198e-06
276.40000000000003  0.009139545783315581  5.3521960325138155e-06
276.45  0.00913954580490297  5.352183829636218e-06
276.5  0.009139545825606908  5.352178190369062e-06
276.55  0.009139545844837272  5.3521773943072774e-06
276.6  0.009139545862048359  5.352179494154375e-06
276.65000000000003  0.009139545876755417  5.352182379215326e-06
276.7  0.00913954588853853  5.352183824947423e-06
276.75  0.009139545897063834  5.35218157166848e-06
276.8  0.009139545902078522  5.352173365132172e-06
276.85  0.009139545903415189  5.352157032579782e-06
276.90000000000003  0.00913954590100486  5.352130541223202e-06
276.95  0.009139545894869847  5.352092047553199e-06
277.0  0.0091395458851362  5.352039961478597e-06
277.05  0.009139545872018505  5.351972979323856e-06
277.1  0.009139545855828345  5.3518901413873135e-06
277.15000000000003  0.009139545836962965  5.351790858483204e-06
277.2  0.009139545815902615  5.351674927786196e-06
277.25  0.009139545793188868  5.351542549687912e-06
277.3  0.00913954576942135  5.351394332352589e-06
277.35  0.009139545745230097  5.3512312726981055e-06
277.40000000000003  0.00913954572126274  5.351054728327024e-06
277.45  0.009139545698159213  5.350866391044947e-06
277.5  0.009139545676540224  5.35066823108564e-06
277.55  0.009139545656979152  5.350462442364453e-06
277.6  0.009139545639984738  5.350251381440994e-06
277.65000000000003  0.009139545625991495  5.35003749841241e-06
277.7  0.009139545615339506  5.349823269069432e-06
277.75  0.009139545608272027  5.349611130308176e-06
277.8  0.009139545604925055  5.349403422320214e-06
277.85  0.009139545605328123  5.3492023070379085e-06
277.90000000000003  0.00913954560939897  5.349009726029151e-06
277.95  0.009139545616948463  5.34882734839039e-06
278.0  0.00913954562768581  5.3486565280148044e-06
278.05  0.009139545641225483  5.34849826159758e-06
278.1  0.00913954565709165  5.348353176369135e-06
278.15000000000003  0.009139545674741983  5.348221490774794e-06
278.2  0.009139545693573076  5.348103025060126e-06
278.25  0.009139545712934745  5.347997201572458e-06
278.3  0.009139545732159776  5.347903045936641e-06
278.35  0.009139545750567264  5.347819218162221e-06
278.40000000000003  0.009139545767506512  5.34774405497833e-06
278.45  0.009139545782355315  5.347675604253045e-06
278.5  0.0091395457945601  5.347611690180985e-06
278.55  0.009139545803641519  5.347549967628948e-06
278.6  0.0091395458092218  5.3474879950083905e-06
278.65000000000003  0.009139545811027966  5.34742330558709e-06
278.7  0.009139545808907168  5.3473534760017255e-06
278.75  0.00913954580283426  5.3472762039580356e-06
278.8  0.009139545792898796  5.347189365475017e-06
278.85  0.009139545779315379  5.347091086565971e-06
278.90000000000003  0.009139545762411876  5.3469797857011794e-06
278.95  0.00913954574261349  5.346854224124093e-06
279.0  0.00913954572044028  5.346713534445978e-06
279.05  0.009139545696480279  5.346557253613573e-06
279.1  0.009139545671384714  5.346385329453064e-06
279.15000000000003  0.009139545645840325  5.346198127921932e-06
279.2  0.0091395456205566  5.34599641665353e-06
279.25  0.009139545596247536  5.345781366627566e-06
279.3  0.009139545573608613  5.345554499456466e-06
279.35  0.009139545553300807  5.345317668158458e-06
279.40000000000003  0.009139545535931062  5.345072997581962e-06
279.45  0.009139545522027587  5.344822829494544e-06
279.5  0.009139545512028918  5.344569673660195e-06
279.55  0.00913954550627109  5.344316110752112e-06
279.6  0.009139545504967879  5.344064741651556e-06
279.65000000000003  0.009139545508208717  5.3438181050832366e-06
279.7  0.00913954551595865  5.343578602926089e-06
279.75  0.009139545528050946  5.3433484415444906e-06
279.8  0.009139545544202342  5.343129560707262e-06
279.85  0.009139545564017595  5.342923584453251e-06
279.90000000000003  0.009139545587011778  5.342731779565144e-06
279.95  0.009139545612616876  5.342555024894673e-06
280.0  0.009139545640207134  5.342393793779138e-06
280.05  0.00913954566911939  5.342248147239496e-06
280.1  0.009139545698669408  5.342117737010873e-06
280.15000000000003  0.00913954572817156  5.342001822945038e-06
280.2  0.009139545756960982  5.341899299321929e-06
280.25  0.009139545784401844  5.341808732367982e-06
280.3  0.009139545809908712  5.341728387365846e-06
280.35  0.00913954583295176  5.341656291150618e-06
280.40000000000003  0.00913954585307862  5.341590285217043e-06
280.45  0.009139545869918591  5.34152807742165e-06
280.5  0.00913954588319482  5.341467300954024e-06
280.55  0.009139545892736647  5.34140559032111e-06
280.6  0.00913954589847634  5.3413406359685035e-06
280.65000000000003  0.0091395459004646  5.3412702542470565e-06
280.7  0.009139545898860518  5.34119245725013e-06
280.75  0.009139545893947394  5.341105488719717e-06
280.8  0.009139545886108068  5.341007897370273e-06
280.85  0.009139545875830865  5.3408985685801116e-06
280.90000000000003  0.009139545863685414  5.340776753315747e-06
280.95  0.00913954585031422  5.340642100524172e-06
281.0  0.009139545836409368  5.340494652327941e-06
281.05  0.009139545822689332  5.34033484430956e-06
281.1  0.009139545809877993  5.34016350098223e-06
281.15000000000003  0.00913954579868496  5.339981788869317e-06
281.2  0.009139545789782846  5.339791193571851e-06
281.25  0.009139545783785048  5.339593473565902e-06
281.3  0.009139545781225849  5.339390609902968e-06
281.35  0.009139545782559275  5.339184748925506e-06
281.40000000000003  0.00913954578813248  5.338978143553373e-06
281.45  0.00913954579817321  5.338773098772793e-06
281.5  0.00913954581280148  5.338571907417225e-06
281.55  0.009139545832008426  5.33837679095317e-06
281.6  0.009139545855670762  5.338189842065918e-06
281.65000000000003  0.00913954588354117  5.33801296783901e-06
281.7  0.00913954591526627  5.337847842583311e-06
281.75  0.009139545950387514  5.337695867930722e-06
281.8  0.009139545988358564  5.337558122672542e-06
281.85  0.00913954602856432  5.3374353425608896e-06
281.90000000000003  0.009139546070336586  5.337327895574902e-06
281.95  0.009139546112969802  5.3372357782978256e-06
282.0  0.009139546155749186  5.337158612283037e-06
282.05  0.009139546197968723  5.337095660413679e-06
282.1  0.009139546238951891  5.33704584889153e-06
282.15000000000003  0.00913954627807468  5.337007799306617e-06
282.2  0.009139546314775327  5.336979875362861e-06
282.25  0.009139546348575191  5.336960227142853e-06
282.3  0.009139546379080864  5.336946851787179e-06
282.35  0.009139546405994885  5.336937646606291e-06
282.40000000000003  0.00913954642912234  5.3369304659450605e-06
282.45  0.00913954644836728  5.3369231916857406e-06
282.5  0.009139546463737085  5.336913783849902e-06
282.55  0.009139546475337018  5.336900333860299e-06
282.6  0.009139546483364357  5.336881120643453e-06
282.65000000000003  0.009139546488108448  5.336854653704298e-06
282.7  0.009139546489946158  5.3368197141947875e-06
282.75  0.009139546489330727  5.336775393318337e-06
282.8  0.009139546486782842  5.336721104593563e-06
282.85  0.009139546482884692  5.3366566154116105e-06
282.90000000000003  0.009139546478264841  5.336582043041467e-06
282.95  0.00913954647358062  5.336497861040633e-06
283.0  0.009139546469500008  5.336404877569884e-06
283.05  0.009139546466684391  5.336304210047768e-06
283.1  0.00913954646575782  5.336197257679366e-06
283.15000000000003  0.009139546467299161  5.336085653018794e-06
283.2  0.009139546471806839  5.335971208447841e-06
283.25  0.009139546479688914  5.335855871848737e-06
283.3  0.00913954649123931  5.335741640326167e-06
283.35  0.009139546506631948  5.33563053557761e-06
283.40000000000003  0.00913954652591634  5.335524509826064e-06
283.45  0.009139546549010625  5.335425413963526e-06
283.5  0.009139546575707994  5.33533493415222e-06
283.55  0.00913954660568772  5.335254557826182e-06
283.6  0.009139546638524988  5.335185525559463e-06
283.65000000000003  0.009139546673710967  5.335128808014794e-06
283.7  0.009139546710666675  5.3350850865317625e-06
283.75  0.009139546748765867  5.335054733678611e-06
283.8  0.009139546787357573  5.335037814527038e-06
283.85  0.009139546825778177  5.335034076201417e-06
283.90000000000003  0.00913954686337311  5.335042970726182e-06
283.95  0.009139546899523414  5.335063663003989e-06
284.0  0.00913954693364611  5.335095051157241e-06
284.05  0.009139546965217458  5.3351358016558116e-06
284.1  0.009139546993785008  5.335184388905432e-06
284.15000000000003  0.009139547018970507  5.335239129235811e-06
284.2  0.009139547040487715  5.335298241790614e-06
284.25  0.009139547058137281  5.335359891163829e-06
284.3  0.009139547071813244  5.33542224679176e-06
284.35  0.009139547081504534  5.3354835401240946e-06
284.40000000000003  0.009139547087287633  5.335542109042527e-06
284.45  0.00913954708932638  5.335596456858055e-06
284.5  0.009139547087864637  5.335645292383901e-06
284.55  0.009139547083213607  5.335687561627996e-06
284.6  0.009139547075742837  5.335722476506764e-06
284.65000000000003  0.009139547065875806  5.335749542829959e-06
284.7  0.009139547054074878  5.335768559496727e-06
284.75  0.009139547040839805  5.335779618129198e-06
284.8  0.009139547026684762  5.335783102773466e-06
284.85  0.00913954701213892  5.33577967228694e-06
284.90000000000003  0.009139546997733056  5.335770237183688e-06
284.95  0.00913954698399099  5.3357559319517755e-06
285.0  0.009139546971416813  5.335738082167245e-06
285.05  0.009139546960481502  5.3357181619923064e-06
285.1  0.009139546951606984  5.335697758644404e-06
285.15000000000003  0.009139546945153627  5.335678526025814e-06
285.2  0.009139546941407558  5.335662127985824e-06
285.25  0.009139546940567596  5.335650204850006e-06
285.3  0.009139546942735421  5.335644317190939e-06
285.35  0.009139546947900597  5.335645899207466e-06
285.40000000000003  0.009139546955943639  5.335656217321668e-06
285.45  0.009139546966634066  5.3356763256835835e-06
285.5  0.00913954697963924  5.335707050378941e-06
285.55  0.009139546994533485  5.3357489514305255e-06
285.6  0.0091395470108083  5.335802313835569e-06
285.65000000000003  0.00913954702789484  5.3358671343615234e-06
285.7  0.009139547045188995  5.335943132741205e-06
285.75  0.009139547062061715  5.336029753952006e-06
285.8  0.009139547077894637  5.3361261938126604e-06
285.85  0.00913954709208989  5.3362314190011405e-06
285.90000000000003  0.009139547104090411  5.336344196889243e-06
285.95  0.009139547113400084  5.3364631377634825e-06
286.0  0.009139547119593784  5.336586720287634e-06
286.05  0.009139547122325295  5.336713350235752e-06
286.1  0.009139547121338928  5.336841399588503e-06
286.15000000000003  0.009139547116473341  5.336969242000127e-06
286.2  0.009139547107653662  5.337095314041388e-06
286.25  0.009139547094903833  5.3372181519385775e-06
286.3  0.00913954707834233  5.337336438136092e-06
286.35  0.009139547058169044  5.337449049620682e-06
286.40000000000003  0.009139547034667437  5.3375550848919575e-06
286.45  0.009139547008197385  5.337653903903904e-06
286.5  0.009139546979177814  5.337745141495442e-06
286.55  0.009139546948083298  5.337828724506885e-06
286.6  0.009139546915427718  5.337904872632234e-06
286.65000000000003  0.009139546881749429  5.337974087977224e-06
286.7  0.009139546847595223  5.338037140248744e-06
286.75  0.009139546813513904  5.3380950260531294e-06
286.8  0.009139546780034598  5.3381489437830565e-06
286.85  0.009139546747659431  5.338200237999652e-06
286.90000000000003  0.009139546716848466  5.3382503590533896e-06
286.95  0.009139546688010959  5.338300805853664e-06
287.0  0.009139546661494989  5.338353082802547e-06
287.05  0.00913954663758674  5.338408646923289e-06
287.1  0.00913954661650115  5.338468873617526e-06
287.15000000000003  0.0091395465983715  5.338535008690259e-06
287.2  0.009139546583257106  5.33860814077371e-06
287.25  0.009139546571132563  5.338689173713942e-06
287.3  0.00913954656188707  5.338778803163583e-06
287.35  0.009139546555327536  5.3388774943743315e-06
287.40000000000003  0.009139546551176995  5.338985481631922e-06
287.45  0.009139546549077542  5.339102751949348e-06
287.5  0.009139546548597395  5.33922904668476e-06
287.55  0.009139546549241815  5.3393638702035374e-06
287.6  0.009139546550466063  5.339506497156754e-06
287.65000000000003  0.00913954655168749  5.3396559856284855e-06
287.7  0.009139546552310614  5.339811203605954e-06
287.75  0.00913954655173967  5.339970859596856e-06
287.8  0.009139546549405774  5.340133531248233e-06
287.85  0.009139546544787058  5.340297711751681e-06
287.90000000000003  0.009139546537425589  5.3404618486794174e-06
287.95  0.009139546526943564  5.340624389501311e-06
288.0  0.009139546513063257  5.3407838279203755e-06
288.05  0.009139546495609205  5.340938748830298e-06
288.1  0.009139546474514045  5.34108786886823e-06
288.15000000000003  0.009139546449824922  5.3412300747051255e-06
288.2  0.009139546421694077  5.341364453395213e-06
288.25  0.009139546390376892  5.3414903286325296e-06
288.3  0.009139546356221252  5.341607271544318e-06
288.35  0.009139546319656477  5.341715120436841e-06
288.40000000000003  0.009139546281176771  5.34181398885664e-06
288.45  0.009139546241334694  5.341904257833124e-06
288.5  0.009139546200720234  5.341986568035886e-06
288.55  0.00913954615994739  5.342061810289882e-06
288.6  0.009139546119639306  5.3421310853104436e-06
288.65000000000003  0.009139546080405164  5.34219569136874e-06
288.7  0.009139546042831775  5.342257064218684e-06
288.75  0.009139546007456291  5.3423167369962e-06
288.8  0.009139545974759763  5.342376293970244e-06
288.85  0.00913954594514517  5.342437310822731e-06
288.90000000000003  0.009139545918932254  5.34250129455825e-06
288.95  0.00913954589634185  5.342569640640407e-06
289.0  0.00913954587749332  5.3426435751015e-06
289.05  0.00913954586240392  5.3427241152520575e-06
289.1  0.00913954585098448  5.342812029594151e-06
289.15000000000003  0.009139545843049539  5.342907816368008e-06
289.2  0.009139545838323316  5.343011697115112e-06
289.25  0.009139545836452424  5.34312359233742e-06
289.3  0.009139545837015688  5.343243147145531e-06
289.35  0.009139545839537324  5.343369730908317e-06
289.40000000000003  0.009139545843503204  5.343502471540009e-06
289.45  0.009139545848368267  5.343640268669076e-06
289.5  0.009139545853577222  5.343781845665676e-06
289.55  0.009139545858570582  5.343925774855803e-06
289.6  0.009139545862799803  5.3440705214428605e-06
289.65000000000003  0.009139545865746945  5.344214475954691e-06
289.7  0.00913954586692891  5.344356005911716e-06
289.75  0.009139545865913087  5.344493490288464e-06
289.8  0.009139545862333082  5.344625364328906e-06
289.85  0.009139545855899059  5.344750157170602e-06
289.90000000000003  0.009139545846412415  5.344866534264707e-06
289.95  0.009139545833774992  5.344973337663406e-06
290.0  0.009139545817995757  5.345069612376597e-06
290.05  0.00913954579919303  5.3451546462718325e-06
290.1  0.00913954577759694  5.345227982474178e-06
290.15000000000003  0.009139545753546412  5.345289443519144e-06
290.2  0.009139545727475894  5.345339135637891e-06
290.25  0.009139545699906155  5.34537745264501e-06
290.3  0.009139545671426885  5.345405064375837e-06
290.35  0.009139545642678866  5.345422898207742e-06
290.40000000000003  0.00913954561433011  5.345432110136759e-06
290.45  0.00913954558705933  5.345434061266501e-06
290.5  0.00913954556153004  5.3454302642240675e-06
290.55  0.00913954553837313  5.3454223458826835e-06
290.6  0.009139545518168138  5.345412007309153e-06
290.65000000000003  0.009139545501421504  5.345400973726685e-06
290.7  0.009139545488558824  5.345390935504262e-06
290.75  0.009139545479905904  5.345383513993699e-06
290.8  0.009139545475681804  5.345380209630568e-06
290.85  0.009139545475990737  5.345382355577454e-06
290.90000000000003  0.009139545480814266  5.345391078064379e-06
290.95  0.009139545490016937  5.345407262729316e-06
291.0  0.00913954550334133  5.345431521937294e-06
291.05  0.009139545520415002  5.3454641689183865e-06
291.1  0.009139545540766514  5.345505197483968e-06
291.15000000000003  0.009139545563833461  5.345554279026184e-06
291.2  0.009139545588978504  5.3456107661489435e-06
291.25  0.009139545615513736  5.345673692503012e-06
291.3  0.009139545642722078  5.345741815960463e-06
291.35  0.009139545669877708  5.345813644228243e-06
291.40000000000003  0.00913954569627081  5.345887475363296e-06
291.45  0.009139545721232085  5.345961452030699e-06
291.5  0.009139545744151985  5.3460336207592114e-06
291.55  0.009139545764497143  5.34610198755066e-06
291.6  0.009139545781824687  5.3461645880563315e-06
291.65000000000003  0.009139545795791636  5.346219537078931e-06
291.7  0.009139545806162335  5.346265094612155e-06
291.75  0.00913954581281732  5.346299713984519e-06
291.8  0.009139545815750081  5.346322083070649e-06
291.85  0.009139545815068269  5.346331177840671e-06
291.90000000000003  0.0091395458109852  5.346326269907128e-06
291.95  0.009139545803821912  5.346306963365302e-06
292.0  0.009139545793992081  5.346273199288427e-06
292.05  0.00913954578199518  5.346225266844714e-06
292.1  0.009139545768408901  5.346163797402873e-06
292.15000000000003  0.009139545753869936  5.346089735583045e-06
292.2  0.009139545739056275  5.346004336976781e-06
292.25  0.009139545724673768  5.345909114660855e-06
292.3  0.009139545711429522  5.345805817771746e-06
292.35  0.009139545700013166  5.345696370626172e-06
292.40000000000003  0.009139545691070205  5.345582818575597e-06
292.45  0.009139545685181268  5.345467280852003e-06
292.5  0.009139545682843083  5.345351871454524e-06
292.55  0.009139545684447031  5.345238651344045e-06
292.6  0.009139545690264907  5.345129566571743e-06
292.65000000000003  0.00913954570043612  5.345026384472756e-06
292.7  0.00913954571496402  5.344930655308143e-06
292.75  0.009139545733717691  5.344843662199951e-06
292.8  0.009139545756428512  5.344766381431415e-06
292.85  0.009139545782709053  5.344699470175311e-06
292.90000000000003  0.00913954581205859  5.344643243818082e-06
292.95  0.00913954584387558  5.344597661497178e-06
293.0  0.00913954587748491  5.3445623448823655e-06
293.05  0.00913954591214428  5.34453657251554e-06
293.1  0.0091395459470816  5.3445193024974965e-06
293.15000000000003  0.009139545981502909  5.344509199756045e-06
293.2  0.00913954601462266  5.344504667977555e-06
293.25  0.009139546045686679  5.344503881829228e-06
293.3  0.009139546073987608  5.344504837128869e-06
293.35  0.009139546098893921  5.344505407909217e-06
293.40000000000003  0.009139546119864828  5.344503394372148e-06
293.45  0.00913954613647303  5.344496589930697e-06
293.5  0.009139546148409904  5.3444828429328e-06
293.55  0.009139546155506691  5.344460122835729e-06
293.6  0.009139546157734251  5.344426581660032e-06
293.65000000000003  0.009139546155203904  5.344380617701861e-06
293.7  0.009139546148171605  5.344320917922995e-06
293.75  0.009139546137015776  5.3442465047577495e-06
293.8  0.009139546122236174  5.344156776503355e-06
293.85  0.009139546104430562  5.344051513989914e-06
293.90000000000003  0.009139546084278166  5.343930898317516e-06
293.95  0.009139546062515661  5.343795505559259e-06
294.0  0.009139546039916015  5.343646287906648e-06
294.05  0.009139546017264778  5.3434845416788e-06
294.1  0.009139545995343407  5.343311882324755e-06
294.15000000000003  0.009139545974902626  5.343130187180853e-06
294.2  0.009139545956643567  5.342941550779052e-06
294.25  0.009139545941201376  5.342748227609134e-06
294.3  0.009139545929132211  5.3425525640903265e-06
294.35  0.00913954592089837  5.342356953577079e-06
294.40000000000003  0.009139545916851788  5.342163761915355e-06
294.45  0.009139545917231423  5.341975263121795e-06
294.5  0.009139545922141711  5.341793591905151e-06
294.55  0.00913954593156551  5.34162066750585e-06
294.6  0.009139545945342695  5.3414581538113455e-06
294.65000000000003  0.00913954596319099  5.341307412886937e-06
294.7  0.009139545984698804  5.341169463748334e-06
294.75  0.009139546009336537  5.34104494896297e-06
294.8  0.00913954603647724  5.340934123075711e-06
294.85  0.009139546065415352  5.340836843061047e-06
294.90000000000003  0.009139546095374294  5.340752565909871e-06
294.95  0.009139546125548157  5.340680375772323e-06
295.0  0.009139546155112126  5.340619004539954e-06
295.05  0.00913954618326  5.340566863951503e-06
295.1  0.009139546209217453  5.340522106720596e-06
295.15000000000003  0.009139546232274462  5.340482657353537e-06
295.2  0.009139546251794077  5.340446295250593e-06
295.25  0.009139546267240655  5.340410691747916e-06
295.3  0.009139546278190887  5.3403734870991035e-06
295.35  0.009139546284339314  5.3403323522837145e-06
295.40000000000003  0.009139546285516529  5.340285049980256e-06
295.45  0.00913954628168713  5.340229498938028e-06
295.5  0.009139546272950713  5.340163828742618e-06
295.55  0.009139546259545439  5.3400864319687324e-06
295.6  0.00913954624184184  5.339996016963009e-06
295.65000000000003  0.00913954622032894  5.339891642273454e-06
295.7  0.009139546195612639  5.339772749811064e-06
295.75  0.009139546168387483  5.339639187443572e-06
295.8  0.009139546139427026  5.3394912179293265e-06
295.85  0.009139546109549514  5.33932951875363e-06
295.90000000000003  0.009139546079601813  5.339155153256654e-06
295.95  0.009139546050421048  5.338969554223062e-06
296.0  0.00913954602282035  5.338774481833397e-06
296.05  0.009139545997545033  5.338571965741122e-06
296.1  0.009139545975258442  5.338364246497841e-06
296.15000000000003  0.009139545956516887  5.33815371152232e-06
296.2  0.009139545941755475  5.337942822415686e-06
296.25  0.00913954593127429  5.337734041495671e-06
296.3  0.009139545925233767  5.3375297682450125e-06
296.35  0.009139545923657367  5.337332268087942e-06
296.40000000000003  0.0091395459264301  5.337143620591609e-06
296.45  0.009139545933314898  5.336965664649634e-06
296.5  0.009139545943954736  5.3367999506808285e-06
296.55  0.009139545957897049  5.336647717977985e-06
296.6  0.009139545974600156  5.33650985792448e-06
296.65000000000003  0.009139545993451913  5.336386906696505e-06
296.7  0.0091395460137915  5.3362790204477964e-06
296.75  0.009139546034919855  5.33618599183217e-06
296.8  0.009139546056114181  5.336107249285453e-06
296.85  0.009139546076653798  5.336041873951563e-06
296.90000000000003  0.009139546095835501  5.3359886218980255e-06
296.95  0.009139546112987399  5.33594595426574e-06
297.0  0.009139546127490066  5.3359120888081014e-06
297.05  0.00913954613879699  5.335885029856288e-06
297.1  0.009139546146441316  5.335862639553189e-06
297.15000000000003  0.009139546150057354  5.335842676422377e-06
297.2  0.009139546149388155  5.335822875160673e-06
297.25  0.009139546144292276  5.335800996673532e-06
297.3  0.009139546134753741  5.335774898896056e-06
297.35  0.009139546120874016  5.335742594513796e-06
297.40000000000003  0.009139546102874666  5.335702306915777e-06
297.45  0.009139546081081024  5.335652518290244e-06
297.5  0.009139546055923757  5.3355920153393415e-06
297.55  0.009139546027917243  5.335519926924135e-06
297.6  0.009139545997633457  5.335435741421056e-06
297.65000000000003  0.009139545965699875  5.335339333474489e-06
297.7  0.009139545932768302  5.335230966132642e-06
297.75  0.009139545899498617  5.335111287942324e-06
297.8  0.009139545866533098  5.334981323410132e-06
297.85  0.009139545834475791  5.3348424558850144e-06
297.90000000000003  0.009139545803871267  5.334696384914591e-06
297.95  0.009139545775182284  5.334545097431453e-06
298.0  0.009139545748768348  5.334390811791905e-06
298.05  0.009139545724864185  5.33423592998059e-06
298.1  0.009139545703565928  5.334082969570247e-06
298.15000000000003  0.00913954568480746  5.333934503126247e-06
298.2  0.009139545668358517  5.333793100816789e-06
298.25  0.009139545653808628  5.333661259588913e-06
298.3  0.009139545640560198  5.333541351518949e-06
298.35  0.009139545627836459  5.333435571447886e-06
298.40000000000003  0.009139545614667805  5.333345901568616e-06
298.45  0.009139545599909272  5.333274084505198e-06
298.5  0.009139545582238076  5.333221607812719e-06
298.55  0.009139545560158006  5.333189709384159e-06
298.6  0.009139545532003178  5.333179391556512e-06
298.65000000000003  0.00913954549594257  5.333191459913839e-06
298.7  0.009139545449971868  5.333226559362414e-06
298.75  0.009139545391902315  5.3332852516566574e-06
298.8  0.009139545319357487  5.333368075648517e-06
298.85  0.009139545229749918  5.333475652851793e-06
298.90000000000003  0.009139545120267416  5.333608775966647e-06
298.95  0.00913954498784626  5.3337685331835425e-06
299.0  0.009139544829159171  5.333956436079205e-06
299.05  0.009139544640591265  5.334174565204102e-06
299.1  0.00913954441825576  5.334425712692379e-06
299.15000000000003  0.00913954415800947  5.334713551747433e-06
299.2  0.009139543855511972  5.3350427848518085e-06
299.25  0.009139543506313637  5.335419297479416e-06
299.3  0.0091395431060039  5.335850273595756e-06
299.35  0.00913954265039799  5.336344249810344e-06
299.40000000000003  0.00913954213574876  5.336911074060424e-06
299.45  0.009139541558969025  5.337561711397183e-06
299.5  0.009139540917795683  5.338307839062423e-06
299.55  0.009139540210844748  5.339161172010563e-06
299.6  0.009139539437535435  5.340132501227763e-06
299.65000000000003  0.009139538597853866  5.341230459306439e-06
299.7  0.009139537692012069  5.34246011746765e-06
299.75  0.009139536720067534  5.343821572536883e-06
299.8  0.009139535681608118  5.345308750537964e-06
299.85  0.009139534575557452  5.346908648491721e-06
299.90000000000003  0.009139533400190535  5.34860117133685e-06
299.95  0.009139532153349332  5.3503596858979225e-06
300.0  0.009139530832823789  5.352152227009615e-06
300.05  0.009139529436895645  5.353943312331826e-06
300.1  0.00913952796491333  5.355696091308311e-06
300.15000000000003  0.009139526417872038  5.357374672193278e-06
300.2  0.00913952479889809  5.358946359584947e-06
300.25  0.009139523113584888  5.3603836190330135e-06
300.3  0.009139521370150347  5.3616656043989136e-06
300.35  0.009139519579343974  5.3627791585133915e-06
300.40000000000003  0.009139517754135408  5.363719257812742e-06
300.45  0.009139515909158003  5.3644889171026566e-06
300.5  0.009139514059955393  5.365098586941738e-06
300.55  0.00913951222204498  5.3655651364946356e-06
300.6  0.009139510409893876  5.365910551963975e-06
300.65000000000003  0.00913950863588501  5.3661603722654646e-06
300.7  0.009139506909332375  5.366342030332417e-06
300.75  0.009139505235686508  5.3664831677496545e-06
300.8  0.009139503615968166  5.366609998998066e-06
300.85  0.009139502046544642  5.366745815561086e-06
300.90000000000003  0.00913950051926422  5.366909675029235e-06
300.95  0.009139499021999776  5.367115365504413e-06
301.0  0.009139497539557055  5.367370666269967e-06
301.05  0.009139496054909416  5.36767694385269e-06
301.1  0.00913949455067767  5.368029119770241e-06
301.15000000000003  0.00913949301073329  5.368415989818825e-06
301.2  0.009139491421798271  5.368820910631145e-06
301.25  0.009139489774915655  5.369222788884748e-06
301.3  0.009139488066640566  5.3695973461332465e-06
301.35  0.009139486299850758  5.369918561259901e-06
301.40000000000003  0.009139484484103568  5.3701602297124575e-06
301.45  0.009139482635472995  5.370297505643098e-06
301.5  0.009139480775876726  5.37030834673268e-06
301.55  0.009139478931932721  5.370174785766411e-06
301.6  0.00913947713343018  5.3698838912564334e-06
301.65000000000003  0.009139475411518211  5.369428398117079e-06
301.7  0.009139473796769167  5.368806946453946e-06
301.75  0.009139472317255905  5.368023908324708e-06
301.8  0.009139470996793662  5.3670888522587665e-06
301.85  0.009139469853494002  5.36601565589794e-06
301.90000000000003  0.009139468898724655  5.364821358073133e-06
301.95  0.009139468136573663  5.363524847335334e-06
302.0  0.009139467563816128  5.36214546533034e-06
302.05  0.009139467170423582  5.3607016622369825e-06
302.1  0.009139466940508403  5.359209786068265e-06
302.15000000000003  0.00913946685368564  5.357683083433563e-06
302.2  0.009139466886664217  5.356131011462293e-06
302.25  0.00913946701500307  5.354558867817262e-06
302.3  0.009139467214840397  5.3529677622086666e-06
302.35  0.009139467464500783  5.351354925848487e-06
302.40000000000003  0.009139467745847521  5.3497142969711055e-06
302.45  0.009139468045287775  5.348037339894648e-06
302.5  0.009139468354375556  5.346314003818917e-06
302.55  0.009139468669996959  5.344533738695231e-06
302.6  0.009139468994121104  5.342686500780516e-06
302.65000000000003  0.009139469333193321  5.340763632054346e-06
302.7  0.009139469697223377  5.33875858855701e-06
302.75  0.009139470098650876  5.3366674277973195e-06
302.8  0.009139470551116014  5.334489066230344e-06
302.85  0.009139471068217126  5.3322252747549956e-06
302.90000000000003  0.009139471662356295  5.329880433099028e-06
302.95  0.00913947234377106  5.3274610936262915e-06
303.0  0.009139473119798937  5.324975387852374e-06
303.05  0.009139473994430224  5.322432324100985e-06
303.1  0.009139474968138224  5.31984107015476e-06
303.15000000000003  0.00913947603801376  5.317210258656043e-06
303.2  0.009139477198132528  5.3145473597382875e-06
303.25  0.009139478440122011  5.311858186249254e-06
303.3  0.009139479753863984  5.3091465193827805e-06
303.35  0.009139481128238612  5.306413908792826e-06
303.40000000000003  0.009139482551879186  5.303659579928178e-06
303.45  0.009139484013823912  5.3008804609362215e-06
303.5  0.00913948550402844  5.298071246690611e-06
303.55  0.009139487013704886  5.295224476805954e-06
303.6  0.009139488535423113  5.2923305314405995e-06
303.65000000000003  0.009139490062998242  5.289377465994181e-06
303.7  0.009139491591150493  5.286350684246307e-06
303.75  0.009139493114967366  5.283232395233235e-06
303.8  0.009139494629278877  5.280000993797252e-06
303.85  0.009139496128118584  5.2766305803030565e-06
303.90000000000003  0.009139497604581241  5.2730910418532844e-06
303.95  0.009139499051421033  5.26934915761289e-06
304.0  0.009139500462673597  5.26537106839152e-06
304.05  0.009139501836286396  5.26112611163134e-06
304.1  0.009139503177429153  5.256591507536398e-06
304.15000000000003  0.00913950450182563  5.251756951394314e-06
304.2  0.009139505838310958  5.2466280976388785e-06
304.25  0.009139507229885949  5.241228148449039e-06
304.3  0.009139508732713571  5.235597266334507e-06
304.35  0.009139510412973909  5.229789983767462e-06
304.40000000000003  0.009139512341769674  5.223871177266232e-06
304.45  0.009139514588688002  5.217911296844912e-06
304.5  0.009139517214793872  5.211981581484579e-06
304.55  0.00913952026590207  5.206149803706824e-06
304.6  0.00913952376692231  5.20047692411735e-06
304.65000000000003  0.00913952771792981  5.19501479270037e-06
304.7  0.009139532092406984  5.1898049263454735e-06
304.75  0.009139536837849575  5.184878162513068e-06
304.8  0.00913954187870386  5.180255024092584e-06
304.85  0.009139547121368028  5.175946502972086e-06
304.90000000000003  0.009139552460800164  5.171955098925128e-06
304.95  0.009139557788157997  5.168275882929134e-06
305.0  0.009139562998781246  5.164897525569863e-06
305.05  0.009139567999841015  5.161803212979093e-06
305.1  0.00913957271698986  5.1589714820048744e-06
305.15000000000003  0.009139577099450694  5.156377014024251e-06
305.2  0.00913958112316085  5.153991447279563e-06
305.25  0.0091395847916914  5.151784284493312e-06
305.3  0.009139588134904026  5.14972395389816e-06
305.35  0.009139591205514348  5.147779004265496e-06
305.40000000000003  0.009139594073841063  5.145919443806538e-06
305.45  0.009139596821245495  5.144118147612845e-06
305.5  0.009139599532792364  5.14235225376221e-06
305.55  0.009139602289799018  5.140604435023403e-06
305.6  0.009139605162839216  5.138863919649757e-06
305.65000000000003  0.009139608205822443  5.137127186397483e-06
305.7  0.009139611451547566  5.135398214714808e-06
305.75  0.009139614909114436  5.133688253176015e-06
305.8  0.009139618563307701  5.132015122035762e-06
305.85  0.009139622375982736  5.1304020391647635e-06
305.90000000000003  0.009139626289247995  5.128876102045859e-06
305.95  0.009139630230156622  5.1274664905336e-06
306.0  0.009139634116453556  5.126202554789339e-06
306.05  0.009139637862908641  5.1251119236724e-06
306.1  0.009139641387666481  5.124218784485659e-06
306.15000000000003  0.009139644618141901  5.123542457167779e-06
306.2  0.009139647495984435  5.123096358620679e-06
306.25  0.00913964998076382  5.122887442600508e-06
306.3  0.00913965205212792  5.122916101673236e-06
306.35  0.009139653710354453  5.123176560301588e-06
306.40000000000003  0.009139654975299394  5.1236576529140585e-06
306.45  0.009139655883913628  5.124343939986531e-06
306.5  0.009139656486600789  5.12521702197632e-06
306.55  0.009139656842763265  5.126256963195396e-06
306.6  0.009139657015912607  5.127443675875722e-06
306.65000000000003  0.009139657068779204  5.1287581807485665e-06
306.7  0.009139657058789085  5.130183632188123e-06
306.75  0.009139657034237192  5.1317060753896864e-06
306.8  0.009139657031437608  5.133314873448976e-06
306.85  0.009139657072984354  5.135002826967309e-06
306.90000000000003  0.009139657167211192  5.136765996062952e-06
306.95  0.009139657308805872  5.138603295357102e-06
307.0  0.00913965748043765  5.1405158900798904e-06
307.05  0.009139657655218056  5.142506508307978e-06
307.1  0.009139657799734538  5.1445787215645975e-06
307.15000000000003  0.00913965787735577  5.146736258376675e-06
307.20000000000005  0.009139657851548903  5.148982425073922e-06
307.25  0.009139657688932863  5.151319651274747e-06
307.3  0.009139657361828424  5.153749210841624e-06
307.35  0.009139656850166863  5.1562710881450716e-06
307.40000000000003  0.009139656142625465  5.158883998745902e-06
307.45000000000005  0.009139655236979946  5.161585544286398e-06
307.5  0.009139654139700209  5.1643724430037855e-06
307.55  0.009139652864877685  5.1672407986878876e-06
307.6  0.00913965143264373  5.170186406501813e-06
307.65000000000003  0.00913964986722951  5.173204990630616e-06
307.70000000000005  0.009139648194875932  5.176292422502953e-06
307.75  0.009139646441769941  5.179444848788352e-06
307.8  0.009139644632172466  5.182658730346426e-06
307.85  0.009139642786873639  5.185930819476671e-06
307.90000000000003  0.009139640922085059  5.1892580582589055e-06
307.95000000000005  0.0091396390488112  5.192637445302598e-06
308.0  0.009139637172719985  5.196065867171806e-06
308.05  0.009139635294468842  5.199539936873317e-06
308.1  0.00913963341043229  5.203055857114897e-06
308.15000000000003  0.00913963151371479  5.206609318292169e-06
308.20000000000005  0.009139629595360781  5.210195466230996e-06
308.25  0.009139627645620381  5.213808921698403e-06
308.3  0.009139625655179185  5.217443865091615e-06
308.35  0.009139623616236417  5.221094171240111e-06
308.40000000000003  0.009139621523350277  5.224753580666038e-06
308.45000000000005  0.009139619374020143  5.228415900370266e-06
308.5  0.009139617168961042  5.232075203974213e-06
308.55  0.009139614912072564  5.235726015171023e-06
308.6  0.009139612610136407  5.239363454538908e-06
308.65000000000003  0.009139610272298988  5.242983360230567e-06
308.70000000000005  0.009139607909389204  5.246582330132069e-06
308.75  0.009139605533145797  5.2501577317507755e-06
308.8  0.009139603155429405  5.253707659943325e-06
308.85  0.009139600787490616  5.2572308297980865e-06
308.90000000000003  0.009139598439338564  5.2607264613519986e-06
308.95000000000005  0.009139596119269807  5.264194139389402e-06
309.0  0.009139593833572286  5.2676336575107285e-06
309.05  0.009139591586405843  5.2710448889675405e-06
309.1  0.009139589379878119  5.274427666385694e-06
309.15000000000003  0.0091395872142585  5.277781691534239e-06
309.20000000000005  0.009139585088334167  5.281106473715796e-06
309.25  0.009139582999828385  5.28440130595655e-06
309.3  0.009139580945878446  5.287665268096449e-06
309.35  0.009139578923485752  5.290897255120163e-06
309.40000000000003  0.00913957692994531  5.294096008893632e-06
309.45000000000005  0.009139574963177499  5.297260156584562e-06
309.5  0.009139573021985186  5.300388261554058e-06
309.55  0.009139571106188814  5.303478835181155e-06
309.6  0.009139569216663961  5.306530368821404e-06
309.65000000000003  0.009139567355274134  5.309541302692773e-06
309.70000000000005  0.00913956552472  5.31251001831696e-06
309.75  0.009139563728330514  5.315434794487075e-06
309.8  0.009139561969806986  5.318313767571799e-06
309.85  0.009139560252967121  5.321144880482474e-06
309.90000000000003  0.009139558581492114  5.32392585081995e-06
309.95000000000005  0.009139556958709702  5.326654134055675e-06
310.0  0.009139555387420763  5.329326932247648e-06
310.05  0.009139553869781575  5.331941205154254e-06
310.1  0.009139552407252248  5.334493711984395e-06
310.15000000000003  0.009139551000597837  5.336981084228388e-06
310.20000000000005  0.009139549649948338  5.339399908187387e-06
310.25  0.009139548354893067  5.341746829224726e-06
310.3  0.009139547114613327  5.3440186750338585e-06
310.35  0.009139545928037545  5.3462125604100685e-06
310.40000000000003  0.009139544793982352  5.348326006768202e-06
310.45000000000005  0.009139543711297942  5.35035703022542e-06
310.5  0.00913954267898952  5.352304220821791e-06
310.55  0.009139541696311499  5.354166803527808e-06
310.6  0.009139540762832795  5.355944659243047e-06
310.65000000000003  0.009139539878458868  5.35763831969625e-06
310.70000000000005  0.009139539043418925  5.359248930694878e-06
310.75  0.009139538258234749  5.360778208801642e-06
310.8  0.009139537523649485  5.362228352587186e-06
310.85  0.009139536840546636  5.363601951630342e-06
310.90000000000003  0.00913953620986202  5.364901869216187e-06
310.95000000000005  0.009139535632478518  5.366131149558257e-06
311.0  0.00913953510913618  5.367292893973768e-06
311.05  0.009139534640356413  5.36839017107601e-06
311.1  0.009139534226375711  5.36942591390123e-06
311.15000000000003  0.009139533867099226  5.370402853886356e-06
311.20000000000005  0.009139533562079968  5.3713234621536004e-06
311.25  0.009139533310513565  5.372189912030833e-06
311.3  0.009139533111255278  5.373004062548127e-06
311.35  0.009139532962857572  5.373767446100407e-06
311.40000000000003  0.009139532863602726  5.374481281549492e-06
311.45000000000005  0.009139532811570372  5.375146484310313e-06
311.5  0.00913953280468345  5.375763691245451e-06
311.55  0.009139532840768214  5.376333289040271e-06
311.6  0.009139532917613397  5.376855437205254e-06
311.65000000000003  0.009139533033013993  5.377330091931097e-06
311.70000000000005  0.009139533184813569  5.377757017981436e-06
311.75  0.009139533370934289  5.37813582519918e-06
311.8  0.009139533589408624  5.378465977396807e-06
311.85  0.009139533838390024  5.378746817193863e-06
311.90000000000003  0.009139534116170779  5.378977596338247e-06
311.95000000000005  0.009139534421180776  5.379157495832691e-06
312.0  0.009139534751989434  5.379285667077901e-06
312.05  0.009139535107300836  5.379361290264054e-06
312.1  0.00913953548593967  5.3793836055476265e-06
312.15000000000003  0.00913953588685352  5.379351987152929e-06
312.20000000000005  0.009139536309090724  5.379266002772777e-06
312.25  0.009139536751793268  5.379125457371614e-06
312.3  0.00913953721417354  5.378930470952459e-06
312.35  0.009139537695500384  5.378681514214042e-06
312.40000000000003  0.009139538195090323  5.378379447240882e-06
312.45000000000005  0.00913953871228544  5.378025559314974e-06
312.5  0.009139539246438896  5.37762157022041e-06
312.55  0.009139539796904513  5.377169626710938e-06
312.6  0.009139540363016039  5.376672278169139e-06
312.65000000000003  0.009139540944086331  5.376132454951925e-06
312.70000000000005  0.00913954153938707  5.3755534145460775e-06
312.75  0.009139542148149651  5.374938676963516e-06
312.8  0.009139542769552289  5.37429197482067e-06
312.85  0.00913954340271281  5.373617168007432e-06
312.90000000000003  0.009139544046685285  5.372918173084508e-06
312.95000000000005  0.009139544700451625  5.372198884574786e-06
313.0  0.009139545362911665  5.371463107439929e-06
313.05  0.009139546032887084  5.370714485382355e-06
313.1  0.009139546709114526  5.369956431506987e-06
313.15000000000003  0.00913954739024309  5.369192075966862e-06
313.20000000000005  0.009139548074838468  5.368424219554674e-06
313.25  0.009139548761387555  5.367655290555208e-06
313.3  0.009139549448304925  5.366887321040566e-06
313.35  0.009139550133948104  5.3661219270006435e-06
313.40000000000003  0.009139550816636605  5.365360314529529e-06
313.45000000000005  0.009139551494666831  5.364603283290021e-06
313.5  0.00913955216633663  5.363851240462812e-06
313.55  0.009139552829970088  5.363104241743041e-06
313.6  0.009139553483943172  5.3623620152083045e-06
313.65000000000003  0.00913955412670117  5.361624018045846e-06
313.70000000000005  0.009139554756782756  5.3608894844455065e-06
313.75  0.009139555372845467  5.360157477736624e-06
313.8  0.009139555973675561  5.359426949346131e-06
313.85  0.00913955655820171  5.358696797335609e-06
313.90000000000003  0.009139557125507548  5.357965922472483e-06
313.95000000000005  0.00913955767483506  5.357233283378505e-06
314.0  0.009139558205590037  5.356497953975452e-06
314.05  0.009139558717339928  5.355759175002233e-06
314.1  0.00913955920980732  5.355016404497137e-06
314.15000000000003  0.009139559682871907  5.3542693479379454e-06
314.20000000000005  0.009139560136550057  5.353518013124191e-06
314.25  0.009139560570991008  5.352762720882247e-06
314.3  0.009139560986453858  5.352004136902652e-06
314.35  0.00913956138329079  5.351243279802672e-06
314.40000000000003  0.009139561761925128  5.350481513019501e-06
314.45000000000005  0.009139562122821536  5.349720535684536e-06
314.5  0.00913956246646473  5.348962358014964e-06
314.55  0.009139562793333132  5.348209259032374e-06
314.6  0.009139563103866703  5.3474637427259166e-06
314.65000000000003  0.009139563398451246  5.346728474663607e-06
314.70000000000005  0.009139563677390772  5.346006225481379e-06
314.75  0.009139563940900002  5.345299803765876e-06
314.8  0.009139564189087592  5.3446119801396955e-06
314.85  0.009139564421959925  5.343945430181564e-06
314.90000000000003  0.009139564639405675  5.343302671838594e-06
314.95000000000005  0.009139564841219056  5.342686009246944e-06
315.0  0.009139565027101225  5.3420974844479e-06
315.05  0.00913956519667227  5.341538840032993e-06
315.1  0.009139565349491178  5.341011487326568e-06
315.15000000000003  0.009139565485071402  5.340516483204295e-06
315.20000000000005  0.00913956560288659  5.340054518932337e-06
315.25  0.00913956570240627  5.339625908833319e-06
315.3  0.00913956578309821  5.33923059537313e-06
315.35  0.009139565844450928  5.3388681587493935e-06
315.40000000000003  0.009139565885985301  5.338537834169042e-06
315.45000000000005  0.009139565907278543  5.338238533008309e-06
315.5  0.009139565907970772  5.3379688772101845e-06
315.55  0.009139565887785379  5.337727233106207e-06
315.6  0.00913956584653391  5.33751176476176e-06
315.65000000000003  0.009139565784136485  5.337320479765345e-06
315.70000000000005  0.009139565700626276  5.337151291280129e-06
315.75  0.009139565596160634  5.337002070206914e-06
315.8  0.00913956547102409  5.3368707174085385e-06
315.85  0.009139565325626682  5.336755220911569e-06
315.90000000000003  0.009139565160504053  5.336653705115258e-06
315.95000000000005  0.00913956497631373  5.336564488774725e-06
316.0  0.009139564773823182  5.33648613247514e-06
316.05  0.009139564553906937  5.336417475354841e-06
316.1  0.009139564317518752  5.33635765419076e-06
316.15000000000003  0.009139564065693903  5.336306130774096e-06
316.20000000000005  0.009139563799524422  5.3362626965404556e-06
316.25  0.009139563520146183  5.336227464431775e-06
316.3  0.009139563228719429  5.336200864306678e-06
316.35  0.009139562926415344  5.33618361545161e-06
316.40000000000003  0.00913956261439176  5.3361767073460665e-06
316.45000000000005  0.009139562293782998  5.336181351557026e-06
316.5  0.009139561965674623  5.336198939777837e-06
316.55  0.009139561631086713  5.336230996755731e-06
316.6  0.009139561290954185  5.336279123225771e-06
316.65000000000003  0.009139560946112997  5.336344938346432e-06
316.70000000000005  0.009139560597282728  5.336430018346443e-06
316.75  0.00913956024505755  5.336535839176894e-06
316.8  0.00913955988990154  5.336663719824697e-06
316.85  0.009139559532143477  5.336814765607187e-06
316.90000000000003  0.009139559171989064  5.336989832010401e-06
316.95000000000005  0.009139558809527834  5.337189479490644e-06
317.0  0.009139558444746818  5.337413953891083e-06
317.05  0.009139558077545865  5.337663162767166e-06
317.1  0.009139557707768385  5.33793667996835e-06
317.15000000000003  0.00913955733521932  5.3382337459346855e-06
317.20000000000005  0.00913955695968676  5.338553280836099e-06
317.25  0.009139556580972204  5.338893916639789e-06
317.3  0.009139556198900375  5.33925402039601e-06
317.35  0.009139555813349584  5.339631735092065e-06
317.40000000000003  0.009139555424260818  5.340025018526909e-06
317.45000000000005  0.00913955503164527  5.340431685561158e-06
317.5  0.00913955463560639  5.340849460538368e-06
317.55  0.009139554236330534  5.341276015026497e-06
317.6  0.00913955383410235  5.341709025744924e-06
317.65000000000003  0.009139553429304502  5.342146214146887e-06
317.70000000000005  0.009139553022414527  5.342585402958778e-06
317.75  0.009139552614004757  5.343024550658537e-06
317.8  0.009139552204738026  5.34346181144742e-06
317.85  0.009139551795363477  5.343895553256328e-06
317.90000000000003  0.00913955138669965  5.3443244128204e-06
317.95000000000005  0.00913955097963505  5.344747311816496e-06
318.0  0.00913955057510537  5.345163474755458e-06
318.05  0.009139550174076656  5.345572448082559e-06
318.1  0.009139549777525822  5.345974087831199e-06
318.15000000000003  0.009139549386428407  5.346368560926013e-06
318.20000000000005  0.009139549001731431  5.346756316527187e-06
318.25  0.009139548624340934  5.347138057840931e-06
318.3  0.00913954825509654  5.3475147062229025e-06
318.35  0.009139547894759181  5.347887355463524e-06
318.40000000000003  0.009139547544000077  5.348257224621828e-06
318.45000000000005  0.009139547203389338  5.348625609141928e-06
318.5  0.009139546873393908  5.348993825524172e-06
318.55  0.009139546554362802  5.3493631650170805e-06
318.6  0.009139546246541749  5.349734850441056e-06
318.65000000000003  0.009139545950062049  5.350109976858181e-06
318.70000000000005  0.009139545664946899  5.350489484165976e-06
318.75  0.009139545391112095  5.350874124299143e-06
318.8  0.009139545128376452  5.3512644218728085e-06
318.85  0.009139544876471594  5.3516606520437695e-06
318.90000000000003  0.00913954463504897  5.352062824310992e-06
318.95000000000005  0.009139544403684816  5.352470675099616e-06
319.0  0.009139544181900536  5.35288366415495e-06
319.05  0.009139543969177641  5.353300977560841e-06
319.1  0.009139543764970712  5.3537215513996175e-06
319.15000000000003  0.009139543568731047  5.3541440862048305e-06
319.20000000000005  0.009139543379919986  5.354567080748573e-06
319.25  0.009139543198031737  5.354988876921053e-06
319.3  0.009139543022611319  5.3554076921385856e-06
319.35  0.009139542853269875  5.355821679178276e-06
319.40000000000003  0.009139542689695593  5.356228970115201e-06
319.45000000000005  0.009139542531666343  5.356627722947983e-06
319.5  0.009139542379057175  5.357016176386615e-06
319.55  0.00913954223184443  5.357392690498767e-06
319.6  0.009139542090104832  5.357755792270399e-06
319.65000000000003  0.009139541954004479  5.358104200251087e-06
319.70000000000005  0.009139541823809758  5.358436865439235e-06
319.75  0.009139541699866346  5.358752989508811e-06
319.8  0.00913954158258995  5.359052038358188e-06
319.85  0.009139541472453303  5.35933375879835e-06
319.90000000000003  0.009139541369975312  5.359598187883532e-06
319.95000000000005  0.009139541275701237  5.359845638134198e-06
320.0  0.009139541190176848  5.360076690998864e-06
320.05  0.009139541113942294  5.360292192871667e-06
320.1  0.009139541047501348  5.360493223587992e-06
320.15000000000003  0.009139540991301919  5.3606810647779685e-06
320.20000000000005  0.009139540945718339  5.36085716300647e-06
320.25  0.009139540911032428  5.361023092425709e-06
320.3  0.009139540887415075  5.3611804996423645e-06
320.35  0.00913954087491798  5.361331053761991e-06
320.40000000000003  0.009139540873464125  5.361476398286873e-06
320.45000000000005  0.009139540882844712  5.361618096703328e-06
320.5  0.00913954090272391  5.361757576049749e-06
320.55  0.00913954093264183  5.36189609487512e-06
320.6  0.009139540972032165  5.362034691260898e-06
320.65000000000003  0.009139541020234  5.362174167716728e-06
320.70000000000005  0.009139541076513446  5.362315062437206e-06
320.75  0.009139541140073166  5.362457639913887e-06
320.8  0.00913954121008885  5.362601882367426e-06
320.85  0.009139541285715251  5.362747500125891e-06
320.90000000000003  0.00913954136610726  5.362893940173642e-06
320.95000000000005  0.009139541450438018  5.363040408786e-06
321.0  0.009139541537910679  5.363185896149422e-06
321.05  0.009139541627779267  5.363329210666631e-06
321.1  0.009139541719346325  5.363469008971616e-06
321.15000000000003  0.009139541811984788  5.363603844896431e-06
321.20000000000005  0.0091395419051386  5.3637322129501935e-06
321.25  0.009139541998336916  5.363852586689761e-06
321.3  0.009139542091194927  5.363963481930776e-06
321.35  0.009139542183421405  5.364063496140093e-06
321.40000000000003  0.009139542274821902  5.364151358370171e-06
321.45000000000005  0.009139542365299316  5.364225976452392e-06
321.5  0.00913954245485159  5.364286473782357e-06
321.55  0.00913954254357062  5.364332228042059e-06
321.6  0.009139542631638915  5.3643628937830555e-06
321.65000000000003  0.009139542719311583  5.364378411960185e-06
321.70000000000005  0.00913954280690818  5.3643790260816775e-06
321.75  0.00913954289479289  5.3643652750507646e-06
321.8  0.009139542983368004  5.364337978266249e-06
321.85  0.009139543073050524  5.364298220504062e-06
321.90000000000003  0.009139543164257974  5.36424731207403e-06
321.95000000000005  0.0091395432573897  5.36418676339625e-06
322.0  0.009139543352808073  5.364118242013347e-06
322.05  0.009139543450821514  5.364043527755508e-06
322.1  0.009139543551676906  5.363964471087287e-06
322.15000000000003  0.00913954365554289  5.3638829427502e-06
322.20000000000005  0.0091395437624899  5.363800794610076e-06
322.25  0.009139543872490136  5.363719807084091e-06
322.3  0.009139543985415  5.363641651837982e-06
322.35  0.00913954410101515  5.363567844818187e-06
322.40000000000003  0.009139544218931858  5.3634997104190225e-06
322.45000000000005  0.00913954433869102  5.3634383322557285e-06
322.5  0.009139544459714296  5.363384549290993e-06
322.55  0.009139544581333144  5.36333890617497e-06
322.6  0.009139544702794385  5.363301647731786e-06
322.65000000000003  0.009139544823291764  5.363272716650189e-06
322.70000000000005  0.00913954494197981  5.363251742060828e-06
322.75  0.009139545058003035  5.363238059962784e-06
322.8  0.009139545170518137  5.3632307297499585e-06
322.85  0.009139545278723505  5.363228576827587e-06
322.90000000000003  0.009139545381884374  5.3632302145454345e-06
322.95000000000005  0.009139545479343389  5.363234102555411e-06
323.0  0.009139545570547285  5.363238596358853e-06
323.05  0.009139545655052164  5.363241992813845e-06
323.1  0.00913954573253464  5.363242593183263e-06
323.15000000000003  0.009139545802792949  5.363238756313747e-06
323.20000000000005  0.009139545865740888  5.363228947929065e-06
323.25  0.009139545921406974  5.3632117879540185e-06
323.3  0.009139545969927068  5.363186098473907e-06
323.35  0.009139546011533968  5.3631509412294955e-06
323.40000000000003  0.009139546046551685  5.36310564864704e-06
323.45000000000005  0.009139546075377526  5.363049853186232e-06
323.5  0.009139546098471753  5.362983495093871e-06
323.55  0.009139546116349201  5.362906840006808e-06
323.6  0.009139546129568174  5.362820475714029e-06
323.65000000000003  0.00913954613870866  5.362725305420833e-06
323.70000000000005  0.009139546144368911  5.36262252730349e-06
323.75  0.00913954614714152  5.362513600636379e-06
323.8  0.00913954614760795  5.362400213360086e-06
323.85  0.009139546146309258  5.3622842250768176e-06
323.90000000000003  0.009139546143739158  5.3621676245311925e-06
323.95000000000005  0.009139546140323886  5.3620524628898475e-06
324.0  0.009139546136420077  5.3619407967959954e-06
324.05  0.009139546132286066  5.361834629071427e-06
324.1  0.009139546128091744  5.361735844931759e-06
324.15000000000003  0.009139546123901991  5.361646163187198e-06
324.20000000000005  0.009139546119674942  5.361567082977695e-06
324.25  0.00913954611527153  5.36149985206106e-06
324.3  0.009139546110457829  5.36144542766237e-06
324.35  0.009139546104908983  5.36140445994216e-06
324.40000000000003  0.009139546098224153  5.361377276334365e-06
324.45000000000005  0.00913954608993393  5.361363873152697e-06
324.5  0.009139546079517148  5.36136391780269e-06
324.55  0.009139546066421693  5.3613767632219715e-06
324.6  0.009139546050069183  5.3614014604402e-06
324.65000000000003  0.009139546029880896  5.3614367751905105e-06
324.70000000000005  0.009139546005292787  5.361481224385486e-06
324.75  0.009139545975776958  5.361533109945842e-06
324.8  0.009139545940857575  5.361590557461824e-06
324.85  0.00913954590012693  5.361651561578188e-06
324.90000000000003  0.009139545853268479  5.361714051219633e-06
324.95000000000005  0.009139545800061467  5.361775925484297e-06
325.0  0.00913954574039855  5.36183512505657e-06
325.05  0.009139545674283055  5.361889693113566e-06
325.1  0.009139545601840885  5.361937827000145e-06
325.15000000000003  0.009139545523309709  5.361977928591247e-06
325.20000000000005  0.009139545439042836  5.362008669161438e-06
325.25  0.009139545349488649  5.36202901592098e-06
325.3  0.009139545255180482  5.362038273403239e-06
325.35  0.009139545156727095  5.362036101694788e-06
325.40000000000003  0.00913954505478694  5.362022530277849e-06
325.45000000000005  0.009139544950057893  5.3619979574414615e-06
325.5  0.009139544843264  5.361963141517826e-06
325.55  0.009139544735129755  5.361919182427335e-06
325.6  0.009139544626373466  5.36186748940654e-06
325.65000000000003  0.009139544517687411  5.361809741428808e-06
325.70000000000005  0.009139544409728945  5.361747840657461e-06
325.75  0.009139544303104727  5.361683863429269e-06
325.8  0.009139544198363266  5.361620000539846e-06
325.85  0.009139544095974665  5.361558491497249e-06
325.90000000000003  0.009139543996328933  5.361501556380146e-06
325.95000000000005  0.009139543899719396  5.361451335165318e-06
326.0  0.009139543806334055  5.361409822406539e-06
326.05  0.009139543716259689  5.361378799824141e-06
326.1  0.009139543629459724  5.361359778433504e-06
326.15000000000003  0.009139543545796117  5.361353958451204e-06
326.20000000000005  0.009139543465022595  5.361362179326682e-06
326.25  0.009139543386800938  5.361384896611658e-06
326.3  0.009139543310707769  5.361422169292802e-06
326.35  0.0091395432362588  5.361473655939291e-06
326.40000000000003  0.00913954316292502  5.36153861618909e-06
326.45000000000005  0.009139543090153687  5.361615941616997e-06
326.5  0.009139543017392442  5.361704190236509e-06
326.55  0.009139542944099237  5.361801623619811e-06
326.6  0.009139542869778708  5.361906255504998e-06
326.65000000000003  0.009139542793982432  5.3620159024145514e-06
326.70000000000005  0.009139542716332019  5.3621282485503095e-06
326.75  0.009139542636525132  5.362240901830026e-06
326.8  0.009139542554345721  5.362351448289328e-06
326.85  0.00913954246967471  5.362457527337489e-06
326.90000000000003  0.009139542382489006  5.362556869121637e-06
326.95000000000005  0.009139542292863213  5.362647365102463e-06
327.0  0.009139542200974156  5.362727120617535e-06
327.05  0.009139542107100216  5.3627945020741775e-06
327.1  0.009139542011610359  5.362848182181791e-06
327.15000000000003  0.009139541914967124  5.3628871792424176e-06
327.20000000000005  0.009139541817710017  5.3629108858922335e-06
327.25  0.00913954172044932  5.362919094088346e-06
327.3  0.009139541623846541  5.362911997059327e-06
327.35  0.009139541528603017  5.362890198066378e-06
327.40000000000003  0.009139541435434217  5.3628546866966e-06
327.45000000000005  0.00913954134505716  5.3628068175683966e-06
327.5  0.009139541258162987  5.362748266919204e-06
327.55  0.00913954117540043  5.362680988381158e-06
327.6  0.009139541097358607  5.362607148684268e-06
327.65000000000003  0.009139541024543186  5.3625290684570885e-06
327.70000000000005  0.009139540957371704  5.3624491527057175e-06
327.75  0.009139540896162791  5.362369816526381e-06
327.8  0.00913954084111687  5.362293420594158e-06
327.85  0.009139540792328288  5.362222191329972e-06
327.90000000000003  0.009139540749776822  5.362158177467564e-06
327.95000000000005  0.009139540713328686  5.36210317405477e-06
328.0  0.009139540682748477  5.362058681853614e-06
328.05  0.009139540657697181  5.362025866822214e-06
328.1  0.009139540637747662  5.362005522263657e-06
328.15000000000003  0.00913954062239515  5.361998051544735e-06
328.20000000000005  0.009139540611068794  5.362003449642177e-06
328.25  0.009139540603146722  5.362021305419743e-06
328.3  0.009139540597981263  5.3620508127822796e-06
328.35  0.00913954059490489  5.362090789951099e-06
328.40000000000003  0.0091395405932604  5.362139702808641e-06
328.45000000000005  0.009139540592415948  5.362195728977209e-06
328.5  0.00913954059178515  5.362256788974979e-06
328.55  0.009139540590845135  5.362320615910523e-06
328.6  0.009139540589153897  5.362384808629806e-06
328.65000000000003  0.00913954058635734  5.362446907500123e-06
328.70000000000005  0.00913954058221076  5.3625044663807445e-06
328.75  0.009139540576568426  5.362555110723251e-06
328.8  0.009139540569407682  5.362596606852158e-06
328.85  0.009139540560806183  5.3626269160449765e-06
328.90000000000003  0.00913954055095027  5.362644254251856e-06
328.95000000000005  0.009139540540131285  5.3626471350403456e-06
329.0  0.009139540528727438  5.3626343999270344e-06
329.05  0.009139540517199887  5.362605256910909e-06
329.1  0.009139540506077154  5.362559289634483e-06
329.15000000000003  0.009139540495951448  5.362496478414987e-06
329.20000000000005  0.009139540487446512  5.362417197971882e-06
329.25  0.009139540481222862  5.362322208373935e-06
329.3  0.009139540477944233  5.3622126410977845e-06
329.35  0.009139540478269117  5.362089969163596e-06
329.40000000000003  0.009139540482823717  5.361955969725152e-06
329.45000000000005  0.009139540492180683  5.3618126817371234e-06
329.5  0.009139540506842816  5.361662354317666e-06
329.55  0.009139540527223124  5.3615073797548605e-06
329.6  0.0091395405536196  5.3613502241863e-06
329.65000000000003  0.009139540586204926  5.361193363088404e-06
329.70000000000005  0.009139540625022521  5.3610392023083426e-06
329.75  0.00913954066997478  5.3608900109258415e-06
329.8  0.009139540720825085  5.360747857511259e-06
329.85  0.009139540777206037  5.360614543099612e-06
329.90000000000003  0.0091395408386283  5.360491556508974e-06
329.95000000000005  0.009139540904502634  5.3603800313665e-06
330.0  0.009139540974152427  5.360280725582526e-06
330.05  0.009139541046842005  5.360193989457462e-06
330.1  0.00913954112179307  5.360119781015337e-06
330.15000000000003  0.009139541198211826  5.360057660809276e-06
330.20000000000005  0.009139541275316219  5.360006815376052e-06
330.25  0.009139541352342703  5.3599660758107395e-06
330.3  0.009139541428571247  5.359933969011099e-06
330.35  0.00913954150334316  5.359908749913889e-06
330.40000000000003  0.009139541576076379  5.359888452546857e-06
330.45000000000005  0.009139541646275763  5.359870949819454e-06
330.5  0.00913954171353662  5.359854004123631e-06
330.55  0.009139541777565388  5.359835341501998e-06
330.6  0.009139541838179721  5.359812701593713e-06
330.65000000000003  0.009139541895311949  5.359783913229984e-06
330.70000000000005  0.009139541949015218  5.359746946431438e-06
330.75  0.009139541999463166  5.359699979888045e-06
330.8  0.009139542046939553  5.359641443856283e-06
330.85  0.009139542091837429  5.3595700700648035e-06
330.90000000000003  0.009139542134640438  5.359484929652397e-06
330.95000000000005  0.009139542175914422  5.359385455181473e-06
331.0  0.009139542216289695  5.359271453367516e-06
331.05  0.009139542256433507  5.35914311055772e-06
331.1  0.009139542297033315  5.359000983599731e-06
331.15000000000003  0.00913954233877576  5.358845976160013e-06
331.20000000000005  0.009139542382322962  5.358679314736853e-06
331.25  0.009139542428284731  5.358502512847806e-06
331.3  0.009139542477207456  5.35831732350467e-06
331.35  0.009139542529555325  5.3581256883232595e-06
331.40000000000003  0.009139542585693319  5.357929691393311e-06
331.45000000000005  0.009139542645880586  5.357731508304664e-06
331.5  0.009139542710253868  5.357533335506126e-06
331.55  0.00913954277883058  5.3573373491791324e-06
331.6  0.009139542851501554  5.35714564109342e-06
331.65000000000003  0.00913954292804163  5.356960166723779e-06
331.70000000000005  0.009139543008106342  5.356782684000979e-06
331.75  0.009139543091246247  5.356614722154182e-06
331.8  0.009139543176919823  5.356457521335739e-06
331.85  0.009139543264509288  5.356312014920771e-06
331.90000000000003  0.009139543353338699  5.356178784441496e-06
331.95000000000005  0.00913954344269533  5.356058056753287e-06
332.0  0.009139543531857561  5.355949691349018e-06
332.05  0.00913954362010145  5.355853190352046e-06
332.1  0.009139543706739976  5.355767712289755e-06
332.15000000000003  0.009139543791131943  5.35569210363885e-06
332.20000000000005  0.009139543872703132  5.355624930584242e-06
332.25  0.009139543950952674  5.3555645319141275e-06
332.3  0.009139544025474046  5.355509076171916e-06
332.35  0.009139544095946972  5.355456607998121e-06
332.40000000000003  0.009139544162150643  5.355405112162585e-06
332.45000000000005  0.009139544223957213  5.355352576960756e-06
332.5  0.009139544281336464  5.3552970500644155e-06
332.55  0.009139544334342768  5.3552366910970795e-06
332.6  0.009139544383117863  5.355169827870427e-06
332.65000000000003  0.009139544427885987  5.35509500214804e-06
332.70000000000005  0.00913954446894474  5.355011010134175e-06
332.75  0.009139544506671215  5.354916934930656e-06
332.8  0.009139544541508424  5.354812170137624e-06
332.85  0.009139544573963628  5.354696444164332e-06
332.90000000000003  0.009139544604596192  5.354569820453033e-06
332.95000000000005  0.009139544634013425  5.354432702257654e-06
333.0  0.009139544662855251  5.354285815719728e-06
333.05  0.00913954469176827  5.354130187777283e-06
333.1  0.009139544721403495  5.353967119156502e-06
333.15000000000003  0.00913954475238505  5.35379814127707e-06
333.20000000000005  0.00913954478529078  5.3536249698730954e-06
333.25  0.009139544820631234  5.353449448650268e-06
333.3  0.009139544858829575  5.3532734979063845e-06
333.35  0.00913954490020625  5.35309905315423e-06
333.40000000000003  0.009139544944966278  5.352928014897755e-06
333.45000000000005  0.009139544993193716  5.352762197246967e-06
333.5  0.00913954504484045  5.352603269086404e-06
333.55  0.009139545099735885  5.35245272081762e-06
333.6  0.009139545157594953  5.352311831597733e-06
333.65000000000003  0.009139545218021307  5.352181635970938e-06
333.70000000000005  0.009139545280523019  5.352062898593098e-06
333.75  0.009139545344536558  5.351956105625996e-06
333.8  0.009139545409434909  5.351861454188809e-06
333.85  0.00913954547455336  5.351778840566811e-06
333.90000000000003  0.009139545539205667  5.351707879395085e-06
333.95000000000005  0.009139545602703796  5.351647900011429e-06
334.0  0.009139545664376924  5.3515979741232986e-06
334.05  0.009139545723592869  5.351556927862182e-06
334.1  0.009139545779772842  5.3515233832204e-06
334.15000000000003  0.009139545832406724  5.351495790950026e-06
334.20000000000005  0.009139545881065768  5.351472474656685e-06
334.25  0.009139545925418779  5.3514516886765434e-06
334.3  0.009139545965228498  5.351431658014302e-06
334.35  0.009139546000369828  5.35141064624407e-06
334.40000000000003  0.009139546030825632  5.3513869970782195e-06
334.45000000000005  0.00913954605668734  5.3513591959358634e-06
334.5  0.009139546078151584  5.351325918520264e-06
334.55  0.009139546095513103  5.3512860696501834e-06
334.6  0.00913954610915814  5.351238810311814e-06
334.65000000000003  0.009139546119550312  5.351183588629335e-06
334.70000000000005  0.009139546127226277  5.351120150516445e-06
334.75  0.009139546132781388  5.351048543811613e-06
334.8  0.009139546136853536  5.3509691127698994e-06
334.85  0.00913954614011143  5.350882479484881e-06
334.90000000000003  0.009139546143238537  5.3507895299700426e-06
334.95000000000005  0.009139546146923309  5.35069137812857e-06
335.0  0.009139546151833669  5.350589338971661e-06
335.05  0.009139546158600024  5.350484872673582e-06
335.1  0.009139546167800609  5.350379559163824e-06
335.15000000000003  0.00913954617993627  5.350275041039634e-06
335.20000000000005  0.009139546195415373  5.350172973396126e-06
335.25  0.009139546214537397  5.350074982202679e-06
335.3  0.009139546237480194  5.349982610918717e-06
335.35  0.00913954626428967  5.349897271010237e-06
335.40000000000003  0.009139546294871698  5.349820208426872e-06
335.45000000000005  0.009139546329001377  5.349752460982878e-06
335.5  0.009139546366327593  5.349694832168614e-06
335.55  0.009139546406385781  5.349647869586354e-06
335.6  0.009139546448616219  5.3496118409329316e-06
335.65000000000003  0.00913954649238792  5.349586747927513e-06
335.70000000000005  0.009139546537023154  5.349572316036013e-06
335.75  0.00913954658182603  5.349568012180455e-06
335.8  0.009139546626102533  5.349573055789757e-06
335.85  0.009139546669188625  5.349586457377431e-06
335.90000000000003  0.009139546710467086  5.349607035968888e-06
335.95000000000005  0.009139546749385186  5.349633458245201e-06
336.0  0.009139546785470895  5.34966426897585e-06
336.05  0.009139546818336449  5.3496979426061945e-06
336.1  0.009139546847682437  5.349732907868868e-06
336.15000000000003  0.00913954687330961  5.349767597204744e-06
336.20000000000005  0.009139546895111032  5.349800486457263e-06
336.25  0.009139546913074035  5.34983013767749e-06
336.3  0.009139546927272573  5.3498552357258045e-06
336.35  0.009139546937871557  5.349874636010352e-06
336.40000000000003  0.009139546945121263  5.349887391021863e-06
336.45000000000005  0.009139546949349115  5.3498927860852735e-06
336.5  0.0091395469509561  5.349890366612394e-06
336.55  0.009139546950408797  5.34987995348278e-06
336.6  0.00913954694822529  5.349861652095248e-06
336.65000000000003  0.009139546944967755  5.349835847372631e-06
336.70000000000005  0.009139546941224624  5.349803200418426e-06
336.75  0.00913954693759897  5.349764616876032e-06
336.8  0.009139546934694948  5.349721223681884e-06
336.85  0.009139546933088275  5.3496743271871125e-06
336.90000000000003  0.009139546933327112  5.349625363484283e-06
336.95000000000005  0.009139546935901383  5.3495758589192305e-06
337.0  0.009139546941232347  5.349527370694077e-06
337.05  0.009139546949663326  5.349481438688211e-06
337.1  0.009139546961449842  5.349439545411169e-06
337.15000000000003  0.009139546976750682  5.349403061476047e-06
337.20000000000005  0.009139546995622371  5.3493732105338535e-06
337.25  0.009139547018013922  5.349351038518057e-06
337.3  0.009139547043775087  5.349337384543567e-06
337.35  0.009139547072649353  5.34933285567616e-06
337.40000000000003  0.009139547104290227  5.349337819650596e-06
337.45000000000005  0.009139547138261784  5.349352384745386e-06
337.5  0.009139547174057176  5.349376399898479e-06
337.55  0.009139547211108589  5.349409461609671e-06
337.6  0.00913954724880981  5.349450920296903e-06
337.65000000000003  0.009139547286534069  5.349499892816898e-06
337.70000000000005  0.009139547323656468  5.3495552932544994e-06
337.75  0.00913954735957146  5.34961585323384e-06
337.8  0.009139547393715221  5.349680155879893e-06
337.85  0.0091395474255883  5.34974668672507e-06
337.90000000000003  0.009139547454771716  5.349813858057477e-06
337.95000000000005  0.009139547480937135  5.349880070604262e-06
338.0  0.009139547503853797  5.3499437508537574e-06
338.05  0.009139547523399611  5.350003398642473e-06
338.1  0.009139547539556135  5.3500576338054375e-06
338.15000000000003  0.00913954755240988  5.350105225596189e-06
338.20000000000005  0.00913954756213971  5.350145136487079e-06
338.25  0.009139547569017938  5.350176550027847e-06
338.3  0.009139547573388331  5.350198895339971e-06
338.35  0.009139547575663438  5.3502118553985616e-06
338.40000000000003  0.009139547576306448  5.350215391558262e-06
338.45000000000005  0.009139547575825996  5.350209749302448e-06
338.5  0.009139547574751432  5.350195441275192e-06
338.55  0.009139547573630844  5.3501732450724165e-06
338.6  0.009139547573006487  5.350144190912568e-06
338.65000000000003  0.009139547573407797  5.350109528618266e-06
338.70000000000005  0.00913954757533677  5.350070693447347e-06
338.75  0.009139547579249833  5.350029279870244e-06
338.8  0.009139547585544791  5.349986969673773e-06
338.85  0.009139547594550984  5.3499455012356065e-06
338.90000000000003  0.009139547606511988  5.349906602357293e-06
338.95000000000005  0.009139547621579796  5.349871937325489e-06
339.0  0.009139547639805658  5.349843051444443e-06
339.05  0.009139547661144881  5.349821309801289e-06
339.1  0.009139547685449032  5.349807859536082e-06
339.15000000000003  0.009139547712482696  5.349803591371267e-06
339.20000000000005  0.009139547741919184  5.349809103324195e-06
339.25  0.00913954777336087  5.349824680365154e-06
339.3  0.009139547806347813  5.349850290448761e-06
339.35  0.009139547840376036  5.349885580000966e-06
339.40000000000003  0.009139547874912477  5.34992990057346e-06
339.45000000000005  0.00913954790941068  5.349982309558652e-06
339.5  0.00913954794332031  5.350041615434834e-06
339.55  0.009139547976113065  5.3501063990192554e-06
339.6  0.009139548007287134  5.350175068315525e-06
339.65000000000003  0.009139548036379376  5.3502458850284785e-06
339.70000000000005  0.009139548062979178  5.350317030994875e-06
339.75  0.009139548086739613  5.350386646482404e-06
339.8  0.009139548107385025  5.350452887869887e-06
339.85  0.009139548124725252  5.3505139814609025e-06
339.90000000000003  0.009139548138652847  5.35056826769624e-06
339.95000000000005  0.009139548149158842  5.350614262649637e-06
340.0  0.009139548156327709  5.350650685349563e-06
340.05  0.00913954816034207  5.350676519274894e-06
340.1  0.009139548161480583  5.350691034922313e-06
340.15000000000003  0.009139548160103837  5.350693811921646e-06
340.20000000000005  0.009139548156649975  5.350684759036577e-06
340.25  0.009139548151620174  5.350664118555554e-06
340.3  0.009139548145563076  5.350632454952499e-06
340.35  0.00913954813905363  5.3505906408500255e-06
340.40000000000003  0.009139548132672346  5.350539838167652e-06
340.45000000000005  0.009139548126994954  5.350481449985125e-06
340.5  0.009139548122566255  5.350417093294738e-06
340.55  0.009139548119886529  5.3503485388289775e-06
340.6  0.00913954811939739  5.350277670313928e-06
340.65000000000003  0.009139548121470067  5.350206430939936e-06
340.70000000000005  0.009139548126398327  5.350136760830628e-06
340.75  0.009139548134386442  5.350070561591883e-06
340.8  0.009139548145541646  5.350009631277378e-06
340.85  0.00913954815988427  5.349955621501939e-06
340.90000000000003  0.009139548177333314  5.349909991381923e-06
340.95000000000005  0.009139548197713543  5.349873952651221e-06
341.0  0.009139548220757234  5.349848462531115e-06
341.05  0.009139548246110966  5.349834158859424e-06
341.1  0.009139548273343965  5.34983135724084e-06
341.15000000000003  0.009139548301954781  5.349840022183952e-06
341.20000000000005  0.00913954833138152  5.349859765007648e-06
341.25  0.009139548361028716  5.349889856668419e-06
341.3  0.009139548390273299  5.349929227143127e-06
341.35  0.009139548418487454  5.349976499078788e-06
341.40000000000003  0.009139548445056236  5.35003002446983e-06
341.45000000000005  0.009139548469396746  5.3500879316609705e-06
341.5  0.009139548490978304  5.350148184096227e-06
341.55  0.009139548509329722  5.350208627050634e-06
341.6  0.009139548524066225  5.3502670705424336e-06
341.65000000000003  0.009139548534893939  5.350321339507027e-06
341.70000000000005  0.00913954854161399  5.3503693492888325e-06
341.75  0.009139548544134658  5.350409164723202e-06
341.8  0.009139548542476453  5.350439058953631e-06
341.85  0.009139548536769352  5.350457563736406e-06
341.90000000000003  0.009139548527251021  5.3504635156353736e-06
341.95000000000005  0.00913954851426569  5.350456085506325e-06
342.0  0.009139548498258557  5.3504348114036195e-06
342.05  0.009139548479763112  5.350399610779574e-06
342.1  0.009139548459396008  5.350350786001098e-06
342.15000000000003  0.009139548437831692  5.3502890174441406e-06
342.20000000000005  0.009139548415800424  5.350215354786732e-06
342.25  0.00913954839405231  5.350131180246944e-06
342.3  0.009139548373344582  5.350038174724444e-06
342.35  0.00913954835441071  5.3499382685772865e-06
342.40000000000003  0.00913954833794093  5.349833589695025e-06
342.45000000000005  0.009139548324549556  5.349726391060345e-06
342.5  0.009139548314756243  5.349618992487942e-06
342.55  0.009139548308964511  5.349513708195535e-06
342.6  0.009139548307445702  5.349412776895325e-06
342.65000000000003  0.009139548310329038  5.3493182932882436e-06
342.70000000000005  0.009139548317602917  5.349232156007396e-06
342.75  0.00913954832910786  5.349156003198565e-06
342.8  0.009139548344538412  5.349091175660316e-06
342.85  0.009139548363476666  5.349038685271382e-06
342.90000000000003  0.009139548385386501  5.348999180411766e-06
342.95000000000005  0.009139548409643322  5.348972940347663e-06
343.0  0.0091395484355496  5.348959862479393e-06
343.05  0.009139548462365046  5.348959478261074e-06
343.1  0.009139548489321265  5.348970959039912e-06
343.15000000000003  0.009139548515643553  5.34899313689056e-06
343.20000000000005  0.009139548540578635  5.3490245361431155e-06
343.25  0.00913954856340771  5.34906341010939e-06
343.3  0.009139548583471338  5.349107782653983e-06
343.35  0.009139548600182068  5.349155500836904e-06
343.40000000000003  0.00913954861304338  5.349204286874613e-06
343.45000000000005  0.009139548621658458  5.34925179939517e-06
343.5  0.009139548625743265  5.349295699954952e-06
343.55  0.009139548625138655  5.349333718887247e-06
343.6  0.009139548619810152  5.349363722191667e-06
343.65000000000003  0.009139548609853807  5.349383771000146e-06
343.70000000000005  0.009139548595485662  5.349392180805659e-06
343.75  0.009139548577050766  5.349387582524105e-06
343.8  0.009139548554996456  5.349368951065967e-06
343.85  0.009139548529870837  5.349335643802986e-06
343.90000000000003  0.009139548502304641  5.3492874248445375e-06
343.95000000000005  0.00913954847299277  5.34922445595738e-06
344.0  0.009139548442675562  5.349147308827116e-06
344.05  0.009139548412121303  5.349056935351486e-06
344.1  0.009139548382101601  5.3489546414767805e-06
344.15000000000003  0.009139548353380145  5.348842048225055e-06
344.20000000000005  0.009139548326678737  5.348721049388888e-06
344.25  0.009139548302678274  5.348593755617336e-06
344.3  0.009139548281981383  5.3484624378926835e-06
344.35  0.009139548265102649  5.34832945570812e-06
344.40000000000003  0.009139548252460748  5.348197214109969e-06
344.45000000000005  0.009139548244349  5.348068080198722e-06
344.5  0.009139548240935427  5.347944323450492e-06
344.55  0.009139548242246403  5.347828063691077e-06
344.6  0.009139548248169486  5.347721197500267e-06
344.65000000000003  0.009139548258442315  5.347625358171769e-06
344.70000000000005  0.009139548272671189  5.347541862419736e-06
344.75  0.009139548290328925  5.3474716705640985e-06
344.8  0.009139548310783938  5.347415365298635e-06
344.85  0.009139548333306286  5.347373131513969e-06
344.90000000000003  0.009139548357107109  5.34734474860228e-06
344.95000000000005  0.00913954838135968  5.347329597335212e-06
345.0  0.00913954840522423  5.347326679297005e-06
345.05  0.009139548427886914  5.3473346403213684e-06
345.1  0.009139548448577086  5.347351814263812e-06
345.15000000000003  0.009139548466595602  5.347376258473056e-06
345.20000000000005  0.00913954848133635  5.347405817286569e-06
345.25  0.009139548492298488  5.347438176153728e-06
345.3  0.00913954849910523  5.347470920114049e-06
345.35  0.009139548501503562  5.347501598749029e-06
345.40000000000003  0.009139548499365793  5.34752779205236e-06
345.45000000000005  0.009139548492696114  5.347547173969384e-06
345.5  0.009139548481625192  5.347557582107765e-06
345.55  0.009139548466399085  5.347557063870999e-06
345.6  0.009139548447375166  5.3475439476127025e-06
345.65000000000003  0.009139548425013907  5.347516886807283e-06
345.70000000000005  0.009139548399853276  5.347474898856461e-06
345.75  0.009139548372509902  5.347417402669884e-06
345.8  0.009139548343653969  5.3473442424527414e-06
345.85  0.00913954831399405  5.347255688017689e-06
345.90000000000003  0.009139548284257205  5.347152441394036e-06
345.95000000000005  0.009139548255164266  5.347035603268328e-06
346.0  0.009139548227419211  5.346906658943926e-06
346.05  0.009139548201678789  5.3467674151788614e-06
346.1  0.009139548178538105  5.3466199574341705e-06
346.15000000000003  0.009139548158515629  5.346466577031499e-06
346.20000000000005  0.009139548142033787  5.3463097076106715e-06
346.25  0.009139548129409283  5.346151840834867e-06
346.3  0.009139548120848124  5.345995463259916e-06
346.35  0.00913954811644033  5.34584297808596e-06
346.40000000000003  0.009139548116156526  5.345696642851665e-06
346.45000000000005  0.009139548119850946  5.345558507119158e-06
346.5  0.009139548127274588  5.345430362249605e-06
346.55  0.009139548138072256  5.345313694444468e-06
346.6  0.009139548151799728  5.3452096556037745e-06
346.65000000000003  0.00913954816793814  5.34511903924783e-06
346.70000000000005  0.009139548185898294  5.3450422557955665e-06
346.75  0.009139548205044548  5.344979333373682e-06
346.8  0.009139548224706959  5.344929922557911e-06
346.85  0.00913954824420318  5.344893297661599e-06
346.90000000000003  0.009139548262857549  5.344868391873826e-06
346.95000000000005  0.009139548280012899  5.344853808806488e-06
347.0  0.009139548295061656  5.344847876934144e-06
347.05  0.009139548307453099  5.344848678176192e-06
347.1  0.009139548316716314  5.344854118943603e-06
347.15000000000003  0.009139548322476966  5.34486197607798e-06
347.20000000000005  0.009139548324464088  5.344869956852496e-06
347.25  0.009139548322517104  5.344875770477793e-06
347.3  0.009139548316592389  5.344877183829813e-06
347.35  0.00913954830675938  5.344872094598314e-06
347.40000000000003  0.009139548293197925  5.344858573550968e-06
347.45000000000005  0.009139548276192906  5.3448349260235635e-06
347.5  0.00913954825611564  5.344799733888116e-06
347.55  0.00913954823342017  5.344751900719972e-06
347.6  0.009139548208619536  5.344690663717903e-06
347.65000000000003  0.009139548182283571  5.3446156275606025e-06
347.70000000000005  0.009139548155015255  5.344526773609333e-06
347.75  0.00913954812743741  5.3444244512680325e-06
347.8  0.009139548100185024  5.344309378539668e-06
347.85  0.009139548073880014  5.344182625016572e-06
347.90000000000003  0.009139548049125198  5.344045585049795e-06
347.95000000000005  0.009139548026483457  5.343899940824979e-06
348.0  0.009139548006466717  5.34374761639359e-06
348.05  0.009139547989520075  5.343590727761838e-06
348.1  0.009139547976003592  5.343431523235052e-06
348.15000000000003  0.009139547966185192  5.34327231187004e-06
348.20000000000005  0.009139547960227049  5.343115407726066e-06
348.25  0.009139547958173146  5.342963050760806e-06
348.3  0.00913954795995573  5.342817338039349e-06
348.35  0.009139547965392191  5.342680168170244e-06
348.40000000000003  0.009139547974183506  5.342553177950743e-06
348.45000000000005  0.009139547985933846  5.342437695130984e-06
348.5  0.009139548000158766  5.342334713379386e-06
348.55  0.009139548016308254  5.3422448560135885e-06
348.6  0.009139548033780235  5.342168372655693e-06
348.65000000000003  0.009139548051938295  5.3421051363162966e-06
348.70000000000005  0.0091395480701432  5.342054661158389e-06
348.75  0.009139548087764873  5.342016116749188e-06
348.8  0.00913954810419915  5.34198836820522e-06
348.85  0.009139548118885555  5.34197001616116e-06
348.90000000000003  0.009139548131327254  5.341959428149302e-06
348.95000000000005  0.009139548141089788  5.341954803289941e-06
349.0  0.009139548147825943  5.341954212442312e-06
349.05  0.009139548151272672  5.3419556560613e-06
349.1  0.00913954815125966  5.3419571183458575e-06
349.15000000000003  0.009139548147710827  5.341956626258801e-06
349.20000000000005  0.00913954814066055  5.341952300622272e-06
349.25  0.00913954813023559  5.341942407871808e-06
349.3  0.009139548116665362  5.34192541012951e-06
349.35  0.0091395481002702  5.341900000767721e-06
349.40000000000003  0.009139548081457286  5.341865148460537e-06
349.45000000000005  0.009139548060709754  5.341820120229393e-06
349.5  0.009139548038570745  5.341764504712806e-06
349.55  0.00913954801562607  5.34169821663112e-06
349.6  0.009139547992490081  5.341621495263255e-06
349.65000000000003  0.009139547969782802  5.341534898271416e-06
349.70000000000005  0.009139547948111344  5.341439275911505e-06
349.75  0.009139547928051786  5.3413357471287365e-06
349.8  0.009139547910132804  5.341225657827238e-06
349.85  0.009139547894813724  5.341110554740779e-06
349.90000000000003  0.009139547882483277  5.340992123776633e-06
349.95000000000005  0.009139547873442056  5.340872158953185e-06
350.0  0.009139547867899153  5.340752505817207e-06
350.05  0.009139547865966833  5.3406350155670934e-06
350.1  0.00913954786766345  5.3405214952088865e-06
350.15000000000003  0.00913954787290544  5.34041366297822e-06
350.20000000000005  0.00913954788152143  5.340313097954843e-06
350.25  0.009139547893252161  5.340221204723212e-06
350.3  0.009139547907758082  5.340139161955342e-06
350.35  0.00913954792462653  5.340067898005306e-06
350.40000000000003  0.009139547943393275  5.340008059257146e-06
350.45000000000005  0.009139547963547347  5.339959993247477e-06
350.5  0.009139547984543726  5.3399237326687905e-06
350.55  0.009139548005823584  5.339898993753718e-06
350.6  0.00913954802682812  5.339885194066522e-06
350.65000000000003  0.00913954804701601  5.3398814644731196e-06
350.70000000000005  0.009139548065877226  5.339886679937844e-06
350.75  0.009139548082946857  5.339899501681077e-06
350.8  0.009139548097817272  5.339918412738856e-06
350.85  0.0091395481101445  5.3399417793687214e-06
350.90000000000003  0.009139548119654256  5.339967897940599e-06
350.95000000000005  0.00913954812615362  5.339995043046695e-06
351.0  0.009139548129530002  5.340021529267247e-06
351.05  0.009139548129750897  5.340045752865255e-06
351.1  0.00913954812686792  5.340066244408559e-06
351.15000000000003  0.009139548121011242  5.340081702064927e-06
351.20000000000005  0.009139548112384897  5.3400910238932836e-06
351.25  0.009139548101273312  5.340093345915361e-06
351.3  0.009139548088031826  5.340088053947e-06
351.35  0.009139548073079866  5.340074802384501e-06
351.40000000000003  0.009139548056899429  5.3400535172528035e-06
351.45000000000005  0.00913954804001442  5.340024409185989e-06
351.5  0.009139548022989852  5.339987950931605e-06
351.55  0.00913954800641276  5.339944870709436e-06
351.6  0.00913954799086835  5.339896127486707e-06
351.65000000000003  0.009139547976926031  5.339842883536443e-06
351.70000000000005  0.00913954796511723  5.339786462346511e-06
351.75  0.00913954795591207  5.3397283185914555e-06
351.8  0.009139547949704861  5.339669977416357e-06
351.85  0.009139547946791107  5.339613000674673e-06
351.90000000000003  0.009139547947358356  5.339558928601357e-06
351.95000000000005  0.009139547951477894  5.339509242754069e-06
352.0  0.009139547959102297  5.33946531338774e-06
352.05  0.009139547970074314  5.3394283651694375e-06
352.1  0.009139547984123392  5.339399445595345e-06
352.15000000000003  0.009139548000882514  5.33937939878234e-06
352.20000000000005  0.009139548019908203  5.339368838801499e-06
352.25  0.009139548040690287  5.3393681405876055e-06
352.3  0.00913954806267427  5.3393774291639155e-06
352.35  0.009139548085282839  5.339396581029447e-06
352.40000000000003  0.009139548107924373  5.33942522221658e-06
352.45000000000005  0.009139548130020596  5.339462742638787e-06
352.5  0.009139548151012086  5.339508312601467e-06
352.55  0.009139548170381786  5.339560899081668e-06
352.6  0.009139548187657238  5.339619291255197e-06
352.65000000000003  0.00913954820242333  5.339682144130716e-06
352.70000000000005  0.009139548214336468  5.33974800273119e-06
352.75  0.009139548223118167  5.339815356211405e-06
352.8  0.009139548228578112  5.339882675484066e-06
352.85  0.00913954823060556  5.339948465245346e-06
352.90000000000003  0.009139548229172742  5.340011318326159e-06
352.95000000000005  0.00913954822434044  5.34006995271311e-06
353.0  0.009139548216249991  5.340123257903124e-06
353.05  0.009139548205122854  5.34017033344288e-06
353.1  0.009139548191255242  5.340210517160724e-06
353.15000000000003  0.009139548175012023  5.340243406322766e-06
353.20000000000005  0.00913954815681416  5.340268866171839e-06
353.25  0.009139548137130379  5.340287028759918e-06
353.3  0.00913954811646883  5.340298287258012e-06
353.35  0.009139548095370806  5.3403032776070205e-06
353.40000000000003  0.009139548074382354  5.340302850186606e-06
353.45000000000005  0.00913954805406329  5.340298047394002e-06
353.5  0.00913954803495701  5.340290061649395e-06
353.55  0.009139548017585706  5.340280199935194e-06
353.6  0.00913954800243228  5.340269849950165e-06
353.65000000000003  0.00913954798992302  5.340260431537988e-06
353.70000000000005  0.009139547980421759  5.340253354180191e-06
353.75  0.009139547974202952  5.340249980334826e-06
353.8  0.009139547971443243  5.340251586772465e-06
353.85  0.009139547972210622  5.3402593248230625e-06
353.90000000000003  0.00913954797645925  5.340274186140426e-06
353.95000000000005  0.009139547984017731  5.34029697428273e-06
354.0  0.009139547994605667  5.34032827555767e-06
354.05  0.009139548007823194  5.340368442939135e-06
354.1  0.009139548023176396  5.340417578965763e-06
354.15000000000003  0.00913954804009174  5.3404755328806505e-06
354.20000000000005  0.009139548057935539  5.340541909043517e-06
354.25  0.009139548076035007  5.340616066862346e-06
354.3  0.009139548093714402  5.340697138430696e-06
354.35  0.009139548110308565  5.340784068599922e-06
354.40000000000003  0.009139548125191441  5.340875627639298e-06
354.45000000000005  0.009139548137795443  5.340970449868414e-06
354.5  0.009139548147625621  5.3410670786124825e-06
354.55  0.00913954815427612  5.34116400255103e-06
354.6  0.009139548157437855  5.3412596943031325e-06
354.65000000000003  0.009139548156898148  5.341352658696911e-06
354.70000000000005  0.009139548152551647  5.3414414691645715e-06
354.75  0.009139548144388873  5.3415248110551435e-06
354.8  0.009139548132499366  5.34160152540486e-06
354.85  0.009139548117069907  5.3416706376678644e-06
354.90000000000003  0.009139548098373241  5.341731390019039e-06
354.95000000000005  0.009139548076763156  5.341783279249853e-06
355.0  0.009139548052665418  5.341826066311995e-06
355.05  0.009139548026574806  5.341859798491751e-06
355.1  0.009139547999038149  5.341884809406368e-06
355.15000000000003  0.009139547970635873  5.341901708693188e-06
355.20000000000005  0.009139547941981616  5.341911377375113e-06
355.25  0.009139547913697855  5.341914933439248e-06
355.3  0.009139547886392674  5.341913695569144e-06
355.35  0.009139547860653739  5.341909148340882e-06
355.40000000000003  0.009139547837023363  5.341902873916813e-06
355.45000000000005  0.009139547815978297  5.3418965123234324e-06
355.5  0.00913954779792067  5.341891698036659e-06
355.55  0.009139547783167062  5.341890009980389e-06
355.6  0.009139547771931256  5.3418929092717104e-06
355.65000000000003  0.00913954776432576  5.341901706801689e-06
355.70000000000005  0.009139547760347418  5.341917518455108e-06
355.75  0.00913954775989178  5.341941235946837e-06
355.8  0.009139547762748218  5.341973504013149e-06
355.85  0.009139547768610213  5.342014703789378e-06
355.90000000000003  0.009139547777077678  5.342064951787469e-06
355.95000000000005  0.009139547787675435  5.3421240951682e-06
356.0  0.009139547799866993  5.342191725005694e-06
356.05  0.009139547813062662  5.342267172549632e-06
356.1  0.00913954782664051  5.342349539110361e-06
356.15000000000003  0.009139547839961678  5.342437714780468e-06
356.20000000000005  0.009139547852394226  5.3425304028244486e-06
356.25  0.009139547863330703  5.342626144426703e-06
356.3  0.009139547872203838  5.3427233611006504e-06
356.35  0.00913954787850732  5.342820393633104e-06
356.40000000000003  0.009139547881814432  5.3429155364935455e-06
356.45000000000005  0.009139547881787896  5.343007088983419e-06
356.5  0.009139547878191443  5.343093407630473e-06
356.55  0.00913954787090416  5.343172944405426e-06
356.6  0.009139547859916466  5.343244289208104e-06
356.65000000000003  0.009139547845326147  5.34330622366648e-06
356.70000000000005  0.009139547827337597  5.3433577547235705e-06
356.75  0.009139547806252441  5.3433981419714785e-06
356.8  0.009139547782462948  5.34342692833957e-06
356.85  0.009139547756433318  5.343443953769844e-06
356.90000000000003  0.009139547728688083  5.343449366397167e-06
356.95000000000005  0.009139547699796725  5.343443617156999e-06
357.0  0.009139547670364005  5.343427464195815e-06
357.05  0.009139547641006392  5.343401936920371e-06
357.1  0.009139547612339857  5.343368331079171e-06
357.15000000000003  0.009139547584972891  5.343328164199041e-06
357.20000000000005  0.009139547559477785  5.343283133570781e-06
357.25  0.009139547536381395  5.343235086307022e-06
357.3  0.009139547516152147  5.343185949389288e-06
357.35  0.009139547499179713  5.343137681249315e-06
357.40000000000003  0.009139547485762773  5.343092215420893e-06
357.45000000000005  0.009139547476100296  5.343051396994292e-06
357.5  0.009139547470278012  5.34301691618058e-06
357.55  0.00913954746826362  5.342990266063517e-06
357.6  0.009139547469906788  5.3429726887859385e-06
357.65000000000003  0.009139547474941048  5.342965123181383e-06
357.70000000000005  0.009139547482995933  5.342968187852079e-06
357.75  0.009139547493605696  5.3429821476684005e-06
357.8  0.009139547506220706  5.34300691074275e-06
357.85  0.0091395475202441  5.3430420315246836e-06
357.90000000000003  0.00913954753503847  5.343086721789031e-06
357.95000000000005  0.009139547549952626  5.343139875197734e-06
358.0  0.009139547564341067  5.343200104600471e-06
358.05  0.009139547577589256  5.343265779171017e-06
358.1  0.009139547589124703  5.34333507428591e-06
358.15000000000003  0.009139547598432364  5.3434060153644426e-06
358.20000000000005  0.00913954760507608  5.343476546866197e-06
358.25  0.009139547608695068  5.34354456730151e-06
358.3  0.009139547609021217  5.343608004773257e-06
358.35  0.009139547605880486  5.3436648543043076e-06
358.40000000000003  0.009139547599197986  5.34371324339923e-06
358.45000000000005  0.009139547588996419  5.343751478205177e-06
358.5  0.00913954757540095  5.3437780886876575e-06
358.55  0.009139547558638574  5.343791884010072e-06
358.6  0.009139547539028988  5.343791969683186e-06
358.65000000000003  0.009139547516976168  5.343777800859465e-06
358.70000000000005  0.009139547492963956  5.343749186136895e-06
358.75  0.009139547467540936  5.343706304757566e-06
358.8  0.009139547441299077  5.343649706588815e-06
358.85  0.009139547414865341  5.343580300008993e-06
358.90000000000003  0.009139547388877511  5.343499327302372e-06
358.95000000000005  0.009139547363956994  5.343408333264492e-06
359.0  0.009139547340698353  5.3433091212011226e-06
359.05  0.009139547319645709  5.343203706380966e-06
359.1  0.009139547301279614  5.343094246313058e-06
359.15000000000003  0.009139547285993383  5.342983001028752e-06
359.20000000000005  0.00913954727409208  5.34287225114824e-06
359.25  0.009139547265778408  5.342764256747762e-06
359.3  0.009139547261158489  5.342661168680708e-06
359.35  0.009139547260223648  5.342565002047837e-06
359.40000000000003  0.009139547262864964  5.342477562497987e-06
359.45000000000005  0.009139547268871798  5.342400404166451e-06
359.5  0.009139547277943017  5.342334782075845e-06
359.55  0.009139547289688035  5.342281627690004e-06
359.6  0.009139547303641943  5.342241500303781e-06
359.65000000000003  0.0091395473192762  5.34221458934898e-06
359.70000000000005  0.00913954733601009  5.342200685276479e-06
359.75  0.009139547353232382  5.342199190781305e-06
359.8  0.009139547370316756  5.342209122462921e-06
359.85  0.009139547386632658  5.342229140624854e-06
359.90000000000003  0.00913954740157696  5.342257582403246e-06
359.95000000000005  0.009139547414576782  5.342292500097416e-06
360.0  0.009139547425124416  5.342331723500967e-06
360.05  0.009139547432773313  5.342372916882572e-06
360.1  0.009139547437168084  5.3424136508184905e-06
360.15000000000003  0.009139547438043124  5.3424514721642094e-06
360.20000000000005  0.009139547435234915  5.342483970719922e-06
360.25  0.009139547428678622  5.342508864762804e-06
360.3  0.009139547418417385  5.342524049262566e-06
360.35  0.00913954740459753  5.3425276693621205e-06
360.40000000000003  0.009139547387463925  5.342518163866446e-06
360.45000000000005  0.009139547367350422  5.342494318608267e-06
360.5  0.009139547344679672  5.342455292665091e-06
360.55  0.009139547319947702  5.342400646597364e-06
360.6  0.009139547293716428  5.342330352567923e-06
360.65000000000003  0.009139547266602929  5.342244801766834e-06
360.70000000000005  0.009139547239254902  5.3421447895693084e-06
360.75  0.009139547212346458  5.3420314997734155e-06
360.8  0.009139547186553814  5.3419064793007085e-06
360.85  0.009139547162535922  5.341771590733379e-06
360.90000000000003  0.009139547140914427  5.341628960814327e-06
360.95000000000005  0.00913954712225504  5.341480939019853e-06
361.0  0.009139547107041509  5.341330010284848e-06
361.05  0.009139547095655186  5.341178737970512e-06
361.1  0.009139547088371652  5.3410296929458714e-06
361.15000000000003  0.009139547085336711  5.340885373900388e-06
361.20000000000005  0.009139547086566984  5.340748140987095e-06
361.25  0.009139547091947763  5.34062014918759e-06
361.3  0.009139547101240321  5.340503289054258e-06
361.35  0.009139547114083223  5.340399139806438e-06
361.40000000000003  0.009139547130016627  5.340308918593993e-06
361.45000000000005  0.009139547148486441  5.3402334594483875e-06
361.5  0.009139547168883468  5.340173195462583e-06
361.55  0.009139547190534673  5.340128141073761e-06
361.6  0.009139547212752449  5.340097907108364e-06
361.65000000000003  0.009139547234833418  5.340081707571318e-06
361.70000000000005  0.0091395472560875  5.34007837705284e-06
361.75  0.009139547275846517  5.340086409966909e-06
361.8  0.009139547293486299  5.340103992686207e-06
361.85  0.009139547308438077  5.3401290545312214e-06
361.90000000000003  0.009139547320203348  5.340159317700362e-06
361.95000000000005  0.00913954732836128  5.340192356075295e-06
362.0  0.009139547332587775  5.340225663018274e-06
362.05  0.0091395473326613  5.340256720300779e-06
362.1  0.00913954732846896  5.340283066550017e-06
362.15000000000003  0.009139547320017568  5.340302372266277e-06
362.20000000000005  0.009139547307432707  5.340312505873067e-06
362.25  0.009139547290962991  5.340311597012786e-06
362.3  0.009139547270970175  5.340298096809823e-06
362.35  0.00913954724792293  5.340270822035858e-06
362.40000000000003  0.00913954722239354  5.340228983714422e-06
362.45000000000005  0.00913954719503009  5.3401722212707186e-06
362.5  0.009139547166544625  5.3401006058851675e-06
362.55  0.009139547137689002  5.3400146303219645e-06
362.6  0.00913954710923829  5.339915199953187e-06
362.65000000000003  0.009139547081965918  5.339803594281596e-06
362.70000000000005  0.009139547056615708  5.3396814299227265e-06
362.75  0.009139547033885927  5.339550613923363e-06
362.8  0.009139547014405324  5.339413289498637e-06
362.85  0.009139546998720955  5.3392717679575145e-06
362.90000000000003  0.00913954698727262  5.33912847502753e-06
362.95000000000005  0.009139546980388859  5.338985882495022e-06
363.0  0.009139546978270331  5.338846445880315e-06
363.05  0.009139546980983081  5.338712535919287e-06
363.1  0.009139546988449815  5.338586381377071e-06
363.15000000000003  0.009139547000463235  5.3384700087253756e-06
363.20000000000005  0.009139547016674143  5.338365192230428e-06
363.25  0.009139547036610837  5.3382734011898935e-06
363.3  0.009139547059686406  5.338195768750625e-06
363.35  0.009139547085218941  5.338133046090931e-06
363.40000000000003  0.009139547112455761  5.338085593943197e-06
363.45000000000005  0.009139547140593498  5.3380533700347595e-06
363.5  0.009139547168803205  5.338035927375301e-06
363.55  0.00913954719626681  5.338032432822997e-06
363.6  0.00913954722219774  5.338041687248185e-06
363.65000000000003  0.009139547245861045  5.338062159296721e-06
363.70000000000005  0.009139547266605999  5.338092030568247e-06
363.75  0.009139547283870134  5.33812925245929e-06
363.8  0.009139547297205824  5.338171596900177e-06
363.85  0.009139547306282969  5.338216723469e-06
363.90000000000003  0.009139547310894534  5.338262244768187e-06
363.95000000000005  0.00913954731096493  5.338305784861593e-06
364.0  0.009139547306535035  5.338345049442112e-06
364.05  0.009139547297772409  5.33837788636106e-06
364.1  0.009139547284952053  5.33840234954189e-06
364.15000000000003  0.009139547268467042  5.338416744348851e-06
364.20000000000005  0.009139547248797009  5.338419681318149e-06
364.25  0.00913954722651035  5.338410119899977e-06
364.3  0.009139547202248771  5.338387390600144e-06
364.35  0.00913954717670694  5.338351217490443e-06
364.40000000000003  0.009139547150626565  5.338301732054566e-06
364.45000000000005  0.009139547124761399  5.338239460827383e-06
364.5  0.009139547099867178  5.338165316092489e-06
364.55  0.009139547076670956  5.338080560373336e-06
364.6  0.009139547055852099  5.337986771494438e-06
364.65000000000003  0.009139547038020569  5.337885789443971e-06
364.70000000000005  0.009139547023692579  5.337779654354376e-06
364.75  0.009139547013272537  5.337670549775543e-06
364.8  0.009139547007045083  5.337560716293661e-06
364.85  0.009139547005160054  5.337452414430036e-06
364.90000000000003  0.009139547007632264  5.337347837731661e-06
364.95000000000005  0.009139547014341127  5.337249060224003e-06
365.0  0.009139547025039382  5.337157990819707e-06
365.05  0.009139547039356927  5.337076309866961e-06
365.1  0.009139547056822815  5.337005455318007e-06
365.15000000000003  0.009139547076878137  5.336946577223821e-06
365.20000000000005  0.009139547098884874  5.3369005144477235e-06
365.25  0.00913954712215476  5.3368677923000866e-06
365.3  0.009139547145963368  5.336848605734773e-06
365.35  0.009139547169568149  5.336842820124338e-06
365.40000000000003  0.009139547192222009  5.336849979632188e-06
365.45000000000005  0.00913954721319604  5.336869320626326e-06
365.5  0.009139547231787696  5.336899796153701e-06
365.55  0.009139547247342679  5.336940098178548e-06
365.6  0.009139547259264223  5.336988706391922e-06
365.65000000000003  0.009139547267018693  5.337043917828419e-06
365.70000000000005  0.009139547270149734  5.3371039073550576e-06
365.75  0.00913954726827621  5.337166780011954e-06
365.8  0.009139547261102143  5.337230640268934e-06
365.85  0.009139547248410148  5.337293644289446e-06
365.90000000000003  0.009139547230049824  5.3373540705873635e-06
365.95000000000005  0.009139547205940391  5.337410374146347e-06
366.0  0.009139547176045336  5.337461247783193e-06
366.05  0.009139547140366959  5.3375056857604165e-06
366.1  0.009139547098919698  5.337543011551095e-06
366.15000000000003  0.009139547051719267  5.337572924673964e-06
366.20000000000005  0.009139546998750619  5.337595530535103e-06
366.25  0.009139546939948742  5.337611373191825e-06
366.3  0.009139546875166412  5.3376214346209454e-06
366.35  0.009139546804152417  5.337627157040229e-06
366.40000000000003  0.009139546726515473  5.337630441421568e-06
366.45000000000005  0.009139546641688936  5.337633643980283e-06
366.5  0.00913954654888747  5.337639578692802e-06
366.55  0.009139546447076052  5.337651493069894e-06
366.6  0.009139546334914919  5.337673083395233e-06
366.65000000000003  0.00913954621072097  5.337708471530851e-06
366.70000000000005  0.009139546072419989  5.337762213419503e-06
366.75  0.00913954591750192  5.337839303938259e-06
366.8  0.009139545742998429  5.337945194046356e-06
366.85  0.009139545545451681  5.33808582793842e-06
366.90000000000003  0.009139545320929279  5.338267675805534e-06
366.95000000000005  0.009139545065043391  5.33849779406375e-06
367.0  0.009139544773027466  5.3387838889548006e-06
367.05  0.009139544439840091  5.339134375395235e-06
367.1  0.009139544060330471  5.339558393351561e-06
367.15000000000003  0.009139543629447543  5.340065814348654e-06
367.20000000000005  0.009139543142461033  5.340667116357327e-06
367.25  0.009139542595195966  5.341373147730775e-06
367.3  0.009139541984191084  5.342194692426491e-06
367.35  0.009139541306769708  5.3431417869168355e-06
367.40000000000003  0.009139540560961137  5.344222796605826e-06
367.45000000000005  0.00913953974530609  5.345443278131402e-06
367.5  0.009139538858549052  5.346804696093111e-06
367.55  0.009139537899335283  5.348303208497932e-06
367.6  0.009139536865955557  5.3499286770480555e-06
367.65000000000003  0.009139535756260633  5.351664123228914e-06
367.70000000000005  0.00913953456775236  5.353485774773205e-06
367.75  0.009139533297873648  5.355363766304912e-06
367.8  0.009139531944461803  5.357263476075535e-06
367.85  0.009139530506305157  5.359147363832428e-06
367.90000000000003  0.009139528983742068  5.360977141901724e-06
367.95000000000005  0.009139527379208003  5.36271602637298e-06
368.0  0.009139525697661861  5.364330921098302e-06
368.05  0.00913952394684933  5.365794287670806e-06
368.1  0.009139522137343124  5.367085580238254e-06
368.15000000000003  0.009139520282339598  5.368192212539349e-06
368.20000000000005  0.009139518397206808  5.369109928001186e-06
368.25  0.009139516498794333  5.369842695845473e-06
368.3  0.009139514604549794  5.3704020959127025e-06
368.35  0.009139512731479161  5.370806314957549e-06
368.40000000000003  0.009139510895052235  5.3710788456659444e-06
368.45000000000005  0.00913950910809955  5.3712469226978375e-06
368.5  0.00913950737984142  5.371339863498889e-06
368.55  0.00913950571510761  5.371387340699933e-06
368.6  0.00913950411384518  5.3714177245285785e-06
368.65000000000003  0.009139502570993111  5.371456491924339e-06
368.70000000000005  0.00913950107674312  5.371524875730498e-06
368.75  0.009139499617209421  5.3716387263265494e-06
368.8  0.009139498175472431  5.371807701641681e-06
368.85  0.009139496732935647  5.372034782659624e-06
368.90000000000003  0.009139495270898502  5.372316174239583e-06
368.95000000000005  0.009139493772229225  5.372641582588938e-06
369.0  0.009139492222998556  5.372994874559053e-06
369.05  0.009139490613938431  5.373355053734925e-06
369.1  0.009139488941591849  5.373697544109419e-06
369.15000000000003  0.009139487209059678  5.373995657975532e-06
369.20000000000005  0.009139485426252272  5.374222191514746e-06
369.25  0.009139483609634734  5.3743510229782555e-06
369.3  0.009139481781447205  5.374358617802005e-06
369.35  0.009139479968471548  5.374225349836332e-06
369.40000000000003  0.009139478200431253  5.373936528492863e-06
369.45000000000005  0.00913947650813902  5.373483070559117e-06
369.5  0.009139474921551295  5.3728617904097746e-06
369.55  0.009139473467868874  5.37207528278588e-06
369.6  0.00913947216983853  5.37113139964171e-06
369.65000000000003  0.009139471044389069  5.370042425280775e-06
369.70000000000005  0.009139470101693779  5.368823945893942e-06
369.75  0.00913946934473528  5.367493571540834e-06
369.8  0.009139468769400444  5.366069586469049e-06
369.85  0.009139468365072389  5.36456963285358e-06
369.90000000000003  0.009139468115673528  5.3630095326299846e-06
369.95000000000005  0.009139468001062502  5.361402338585305e-06
370.0  0.009139467998662491  5.359757666357253e-06
370.05  0.009139468085187721  5.358081349922524e-06
370.1  0.009139468238336518  5.356375428467049e-06
370.15000000000003  0.009139468438320288  5.354638460171508e-06
370.20000000000005  0.009139468669099546  5.352866080099536e-06
370.25  0.00913946891927559  5.351051794952289e-06
370.3  0.00913946918257326  5.349187873429954e-06
370.35  0.009139469457881627  5.347266295758883e-06
370.40000000000003  0.009139469748907492  5.345279661314692e-06
370.45000000000005  0.009139470063455082  5.34322196976564e-06
370.5  0.009139470412450229  5.341089224615667e-06
370.55  0.009139470808770016  5.338879831483733e-06
370.6  0.009139471265991267  5.336594726328885e-06
370.65000000000003  0.009139471797168081  5.334237284784825e-06
370.70000000000005  0.009139472413741682  5.331813005547399e-06
370.75  0.009139473124625149  5.329329005544965e-06
370.8  0.00913947393556294  5.326793396673388e-06
370.85  0.009139474848779354  5.324214583855207e-06
370.90000000000003  0.009139475862906032  5.321600571514041e-06
370.95000000000005  0.009139476973200942  5.3189582922576455e-06
371.0  0.009139478172003817  5.3162930497601866e-06
371.05  0.009139479449367499  5.3136080871377805e-06
371.1  0.009139480793789224  5.310904293864523e-06
371.15000000000003  0.009139482193007403  5.3081800731654555e-06
371.20000000000005  0.009139483634733617  5.305431320460621e-06
371.25  0.009139485107304366  5.302651501769252e-06
371.3  0.009139486600168934  5.2998317531418974e-06
371.35  0.009139488104172531  5.2969609664863014e-06
371.40000000000003  0.009139489611621152  5.294025751166858e-06
371.45000000000005  0.009139491116109103  5.291010263590854e-06
371.5  0.009139492612116867  5.287895819957146e-06
371.55  0.009139494094479372  5.284660410663261e-06
371.6  0.009139495557833508  5.281278237906557e-06
371.65000000000003  0.00913949699631849  5.277719667810463e-06
371.70000000000005  0.00913949840387971  5.273952022813097e-06
371.75  0.009139499775464101  5.269941605850115e-06
371.8  0.009139501109219416  5.265657117675118e-06
371.85  0.009139502409485066  5.2610741015192484e-06
371.90000000000003  0.00913950369002547  5.256179613101822e-06
371.95000000000005  0.00913950497677449  5.2509760957441e-06
372.0  0.009139506309312852  5.245483579834184e-06
372.05  0.009139507740500857  5.239739738149515e-06
372.1  0.00913950933400274  5.2337978414792935e-06
372.15000000000003  0.009139511159806173  5.227723051609155e-06
372.20000000000005  0.009139513288231583  5.22158774246415e-06
372.25  0.009139515783124823  5.215466548063187e-06
372.3  0.009139518695058458  5.209431783098693e-06
372.35  0.009139522055383535  5.203549668633374e-06
372.40000000000003  0.009139525871774648  5.1978775629635656e-06
372.45000000000005  0.009139530125824205  5.192462326690983e-06
372.5  0.009139534772908419  5.187339617886957e-06
372.55  0.009139539744398894  5.18253399905299e-06
372.6  0.009139544952017057  5.178059596869537e-06
372.65000000000003  0.009139550293915218  5.173921068495969e-06
372.70000000000005  0.009139555661974216  5.170114704141401e-06
372.75  0.009139560949654426  5.166629527153467e-06
372.8  0.00913956605974183  5.163448311525684e-06
372.85  0.009139570911281552  5.160548529707426e-06
372.90000000000003  0.009139575445172129  5.157903235162057e-06
372.95000000000005  0.009139579627928555  5.155481953404229e-06
373.0  0.009139583453330758  5.153251649874478e-06
373.05  0.009139586941831566  5.151177818593189e-06
373.1  0.009139590137833638  5.149225713591942e-06
373.15000000000003  0.009139593105063296  5.147361723212415e-06
373.20000000000005  0.009139595920485247  5.145554816932813e-06
373.25  0.009139598667271176  5.143778025226589e-06
373.3  0.009139601427437881  5.142009817336586e-06
373.35  0.00913960427474384  5.140235260829259e-06
373.40000000000003  0.009139607268455334  5.138446874762689e-06
373.45000000000005  0.009139610448447246  5.136645073832769e-06
373.5  0.009139613832014806  5.134838139245245e-06
373.55  0.009139617412612239  5.133041695191021e-06
373.6  0.009139621160557544  5.131277716674109e-06
373.65000000000003  0.009139625025587836  5.129573124239837e-06
373.70000000000005  0.009139628941010128  5.1279580603902516e-06
373.75  0.00913963282904956  5.126463997614681e-06
373.8  0.009139636606911129  5.12512178793697e-06
373.85  0.009139640193063799  5.123959817314168e-06
373.90000000000003  0.009139643513215957  5.1230024192532725e-06
373.95000000000005  0.009139646505519596  5.122268610191526e-06
374.0  0.00913964912462916  5.1217712662299936e-06
374.05  0.009139651344315616  5.121516772180624e-06
374.1  0.009139653158527463  5.121505126857301e-06
374.15000000000003  0.009139654580846653  5.121730489539972e-06
374.20000000000005  0.009139655642483337  5.1221820699254164e-06
374.25  0.00913965638903655  5.122845297133053e-06
374.3  0.00913965687632624  5.123703101698985e-06
374.35  0.00913965716569393  5.124737259210022e-06
374.40000000000003  0.00913965731914634  5.1259296276053934e-06
374.45000000000005  0.009139657394760612  5.1272632330833954e-06
374.5  0.00913965744267097  5.128723083458258e-06
374.55  0.00913965750193753  5.130296723696883e-06
374.6  0.009139657598483007  5.131974467557552e-06
374.65000000000003  0.009139657744179238  5.133749363903171e-06
374.70000000000005  0.00913965793711715  5.135616900575895e-06
374.75  0.009139658162905621  5.137574548031332e-06
374.8  0.009139658396889457  5.13962116511726e-06
374.85  0.009139658606985825  5.141756384409327e-06
374.90000000000003  0.00913965875692448  5.143980001421039e-06
374.95000000000005  0.009139658809557912  5.146291468196835e-06
375.0  0.009139658730017342  5.1486895113889695e-06
375.05  0.009139658488424334  5.151171899080316e-06
375.1  0.009139658062028929  5.15373536914593e-06
375.15000000000003  0.009139657436589604  5.156375719862045e-06
375.20000000000005  0.00913965660700463  5.159088004868173e-06
375.25  0.009139655577145819  5.161866837628966e-06
375.3  0.009139654359007704  5.164706728830399e-06
375.35  0.009139652971287913  5.16760242863035e-06
375.40000000000003  0.009139651437565673  5.170549234992752e-06
375.45000000000005  0.00913964978423044  5.173543233453581e-06
375.5  0.009139648038407912  5.176581457800114e-06
375.55  0.009139646225990002  5.179661923024109e-06
375.6  0.009139644369960793  5.182783585498576e-06
375.65000000000003  0.009139642489121264  5.185946201552709e-06
375.70000000000005  0.009139640597265348  5.18915012916849e-06
375.75  0.009139638702865044  5.192396058472314e-06
375.8  0.00913963680921266  5.195684755370401e-06
375.85  0.00913963491498437  5.19901679991823e-06
375.90000000000003  0.00913963301513171  5.202392355495148e-06
375.95000000000005  0.009139631102002692  5.205810989375415e-06
376.0  0.009139629166573262  5.209271564174628e-06
376.05  0.009139627199666225  5.2127721832593275e-06
376.1  0.009139625193055561  5.216310206851416e-06
376.15000000000003  0.009139623140408188  5.219882310780852e-06
376.20000000000005  0.009139621037931015  5.223484607112306e-06
376.25  0.009139618884762474  5.227112772598615e-06
376.3  0.009139616683052864  5.230762187434751e-06
376.35  0.009139614437773825  5.2344280727587835e-06
376.40000000000003  0.009139612156297073  5.238105602873308e-06
376.45000000000005  0.009139609847799341  5.241789995327848e-06
376.5  0.00913960752254233  5.24547655569998e-06
376.55  0.009139605191142933  5.249160695731763e-06
376.6  0.009139602863842654  5.252837925395434e-06
376.65000000000003  0.009139600549892591  5.256503824706054e-06
376.70000000000005  0.009139598257047823  5.260153987745231e-06
376.75  0.009139595991259512  5.263783991305178e-06
376.8  0.00913959375651054  5.2673893526910816e-06
376.85  0.009139591554857695  5.270965527147853e-06
376.90000000000003  0.009139589386617693  5.274507915432305e-06
376.95000000000005  0.009139587250691236  5.278011913109116e-06
377.0  0.009139585144973825  5.2814729820793846e-06
377.05  0.00913958306681159  5.284886738704097e-06
377.1  0.009139581013467006  5.2882490750423236e-06
377.15000000000003  0.009139578982553985  5.291556270860904e-06
377.20000000000005  0.009139576972393086  5.294805113005812e-06
377.25  0.00913957498228075  5.297992985889397e-06
377.3  0.009139573012646783  5.301117948818554e-06
377.35  0.009139571065102187  5.3041787687229986e-06
377.40000000000003  0.009139569142371785  5.307174921616602e-06
377.45000000000005  0.009139567248147525  5.310106568085968e-06
377.5  0.009139565386850046  5.312974454079161e-06
377.55  0.009139563563361482  5.3157798289235896e-06
377.6  0.009139561782725004  5.318524303964806e-06
377.65000000000003  0.009139560049846888  5.3212097120373665e-06
377.70000000000005  0.00913955836923923  5.3238379665789416e-06
377.75  0.009139556744793248  5.3264109272926235e-06
377.8  0.00913955517961499  5.328930271793382e-06
377.85  0.009139553675933058  5.331397400057977e-06
377.90000000000003  0.009139552235066024  5.333813363414216e-06
377.95000000000005  0.009139550857453788  5.336178821901776e-06
378.0  0.009139549542742712  5.3384940296049535e-06
378.05  0.009139548289907665  5.340758833996453e-06
378.1  0.009139547097412402  5.342972719383479e-06
378.15000000000003  0.009139545963364963  5.345134840706767e-06
378.20000000000005  0.009139544885699308  5.347244075442096e-06
378.25  0.009139543862319088  5.349299077706481e-06
378.3  0.009139542891228486  5.351298330584042e-06
378.35  0.00913954197064391  5.3532401935634855e-06
378.40000000000003  0.00913954109905804  5.355122938788834e-06
378.45000000000005  0.009139540275290008  5.356944788417945e-06
378.5  0.009139539498489382  5.358703933053895e-06
378.55  0.009139538768116094  5.360398552706398e-06
378.6  0.009139538083904478  5.362026831063488e-06
378.65000000000003  0.009139537445808706  5.363586975753575e-06
378.70000000000005  0.009139536853931844  5.365077228677135e-06
378.75  0.009139536308460143  5.366495889564033e-06
378.8  0.009139535809602826  5.367841345751739e-06
378.85  0.009139535357528358  5.369112116138553e-06
378.90000000000003  0.009139534952325355  5.370306886583512e-06
378.95000000000005  0.009139534593965132  5.37142454857132e-06
379.0  0.00913953428228119  5.372464269150158e-06
379.05  0.009139534016964001  5.373425537916351e-06
379.1  0.00913953379756701  5.374308223624459e-06
379.15000000000003  0.00913953362352058  5.37511261398336e-06
379.20000000000005  0.009139533494153165  5.3758394544760465e-06
379.25  0.009139533408715605  5.37648997988308e-06
379.3  0.00913953336639918  5.377065923158194e-06
379.35  0.00913953336636153  5.377569490135482e-06
379.40000000000003  0.00913953340773892  5.378003349602281e-06
379.45000000000005  0.009139533489649583  5.378370583756392e-06
379.5  0.009139533611204967  5.378674616300324e-06
379.55  0.009139533771497402  5.37891913467137e-06
379.6  0.009139533969592344  5.379108001789224e-06
379.65000000000003  0.0091395342045098  5.379245158655221e-06
379.70000000000005  0.009139534475206521  5.379334520232929e-06
379.75  0.009139534780562687  5.379379874240913e-06
379.8  0.009139535119365088  5.379384797897014e-06
379.85  0.009139535490294932  5.379352586013409e-06
379.90000000000003  0.009139535891913329  5.379286168229538e-06
379.95000000000005  0.009139536322670394  5.37918808697223e-06
380.0  0.009139536780898572  5.379060450183125e-06
380.05  0.009139537264822787  5.378904934945285e-06
380.1  0.00913953777257469  5.378722785545826e-06
380.15000000000003  0.009139538302209076  5.378514837186177e-06
380.20000000000005  0.009139538851729908  5.37828155189004e-06
380.25  0.009139539419100597  5.378023047297254e-06
380.3  0.009139540002281236  5.3777391535834865e-06
380.35  0.009139540599249096  5.377429459447916e-06
380.40000000000003  0.009139541208024857  5.377093366392511e-06
380.45000000000005  0.009139541826699321  5.376730141200454e-06
380.5  0.009139542453457446  5.37633897277186e-06
380.55  0.009139543086596612  5.375919021898196e-06
380.6  0.009139543724554035  5.375469480952712e-06
380.65000000000003  0.009139544365912352  5.374989618692704e-06
380.70000000000005  0.009139545009417407  5.374478840494646e-06
380.75  0.009139545653983703  5.3739367298429215e-06
380.8  0.009139546298684159  5.373363102414107e-06
380.85  0.009139546942754376  5.372758030216466e-06
380.90000000000003  0.009139547585576106  5.372121897141919e-06
380.95000000000005  0.009139548226658155  5.371455410879797e-06
381.0  0.009139548865611384  5.370759623002667e-06
381.05  0.009139549502128107  5.370035948469337e-06
381.1  0.009139550135951916  5.36928615056106e-06
381.15000000000003  0.009139550766852205  5.36851233718836e-06
381.20000000000005  0.009139551394594918  5.367716935210571e-06
381.25  0.009139552018919462  5.366902667763157e-06
381.3  0.009139552639517018  5.366072510347799e-06
381.35  0.009139553256013715  5.365229638138651e-06
381.40000000000003  0.009139553867956856  5.36437738878347e-06
381.45000000000005  0.009139554474810938  5.363519201430963e-06
381.5  0.00913955507594872  5.362658541533717e-06
381.55  0.009139555670646008  5.361798862726138e-06
381.6  0.009139556258093706  5.360943525272279e-06
381.65000000000003  0.009139556837391864  5.360095742073005e-06
381.70000000000005  0.009139557407567764  5.359258508816974e-06
381.75  0.009139557967572987  5.358434561285623e-06
381.8  0.009139558516307492  5.357626316227881e-06
381.85  0.009139559052627172  5.356835827410682e-06
381.90000000000003  0.009139559575360508  5.356064756008479e-06
381.95000000000005  0.009139560083322059  5.3553143465714156e-06
382.0  0.00913956057533544  5.354585421097507e-06
382.05  0.00913956105025046  5.353878383555712e-06
382.1  0.009139561506958476  5.3531932289317035e-06
382.15000000000003  0.009139561944416142  5.352529582886847e-06
382.20000000000005  0.009139562361650505  5.351886731407929e-06
382.25  0.009139562757788412  5.351263674796417e-06
382.3  0.009139563132057625  5.350659192926422e-06
382.35  0.009139563483804954  5.350071892313549e-06
382.40000000000003  0.00913956381249921  5.349500274013383e-06
382.45000000000005  0.0091395641177369  5.348942798461822e-06
382.5  0.009139564399251076  5.348397947614277e-06
382.55  0.009139564656906829  5.347864284983969e-06
382.6  0.009139564890709238  5.347340509705232e-06
382.65000000000003  0.009139565100793248  5.346825505363651e-06
382.70000000000005  0.009139565287434164  5.346318390222701e-06
382.75  0.009139565451037418  5.345818542842851e-06
382.8  0.009139565592125748  5.345325633506512e-06
382.85  0.009139565711336114  5.344839639786743e-06
382.90000000000003  0.009139565809408726  5.344360867172307e-06
382.95000000000005  0.009139565887160257  5.343889940962441e-06
383.0  0.009139565945467467  5.343427798748621e-06
383.05  0.00913956598524977  5.342975665891859e-06
383.1  0.009139566007433101  5.3425350247235034e-06
383.15000000000003  0.009139566012928192  5.342107581199351e-06
383.20000000000005  0.009139566002598402  5.34169521067832e-06
383.25  0.009139565977236247  5.341299907336231e-06
383.3  0.009139565937541628  5.340923718005243e-06
383.35  0.009139565884099615  5.340568690724828e-06
383.40000000000003  0.009139565817367263  5.34023680899933e-06
383.45000000000005  0.009139565737672774  5.339929938528239e-06
383.5  0.00913956564521826  5.339649774265139e-06
383.55  0.009139565540071313  5.339397789841686e-06
383.6  0.009139565422195933  5.339175208916749e-06
383.65000000000003  0.00913956529146107  5.338982959533344e-06
383.70000000000005  0.009139565147661372  5.33882166529236e-06
383.75  0.009139564990538553  5.338691618793454e-06
383.8  0.009139564819809154  5.338592778479862e-06
383.85  0.009139564635180229  5.338524770027802e-06
383.90000000000003  0.009139564436380702  5.338486888970407e-06
383.95000000000005  0.009139564223174797  5.338478118420962e-06
384.0  0.00913956399538206  5.338497148465917e-06
384.05  0.00913956375289561  5.338542399159246e-06
384.1  0.009139563495693373  5.338612067393536e-06
384.15000000000003  0.00913956322384631  5.33870416724293e-06
384.20000000000005  0.009139562937525882  5.33881657152445e-06
384.25  0.009139562637017765  5.338947070617156e-06
384.3  0.009139562322712614  5.3390934287337005e-06
384.35  0.009139561995112181  5.339253450184381e-06
384.40000000000003  0.009139561654826078  5.339425023448061e-06
384.45000000000005  0.009139561302559388  5.339606182201749e-06
384.5  0.009139560939109597  5.339795155266322e-06
384.55  0.009139560565367744  5.339990410067148e-06
384.6  0.009139560182286108  5.340190685172675e-06
384.65000000000003  0.009139559790886879  5.34039501237421e-06
384.70000000000005  0.009139559392236476  5.34060272788995e-06
384.75  0.009139558987438876  5.340813477849968e-06
384.8  0.00913955857762155  5.341027214672426e-06
384.85  0.009139558163922024  5.341244164814955e-06
384.90000000000003  0.009139557747477349  5.341464828323959e-06
384.95000000000005  0.009139557329408115  5.341689925518749e-06
385.0  0.009139556910802711  5.3419203788826605e-06
385.05  0.009139556492704412  5.342157256505754e-06
385.1  0.009139556076094034  5.342401739064572e-06
385.15000000000003  0.009139555661865435  5.34265505930208e-06
385.20000000000005  0.009139555250822008  5.342918467077923e-06
385.25  0.009139554843647748  5.343193173091502e-06
385.3  0.009139554440908077  5.343480297202068e-06
385.35  0.009139554043025518  5.343780827326238e-06
385.40000000000003  0.009139553650284769  5.3440955726285415e-06
385.45000000000005  0.009139553262833467  5.344425120451762e-06
385.5  0.009139552880677153  5.344769811430972e-06
385.55  0.009139552503704478  5.345129711480513e-06
385.6  0.00913955213169872  5.345504589166752e-06
385.65000000000003  0.00913955176435919  5.3458939188529724e-06
385.70000000000005  0.009139551401329679  5.346296876435747e-06
385.75  0.00913955104222219  5.3467123492227805e-06
385.8  0.009139550686652394  5.347138963236915e-06
385.85  0.009139550334258981  5.347575102482836e-06
385.90000000000003  0.009139549984732757  5.3480189533257425e-06
385.95000000000005  0.009139549637832544  5.348468538578124e-06
386.0  0.009139549293403135  5.3489217640463474e-06
386.05  0.009139548951388125  5.349376462397747e-06
386.1  0.009139548611830237  5.349830452301306e-06
386.15000000000003  0.009139548274879773  5.350281575245645e-06
386.20000000000005  0.009139547940795443  5.350727752974035e-06
386.25  0.009139547609925528  5.351167038049093e-06
386.3  0.009139547282716778  5.351597655301507e-06
386.35  0.009139546959697547  5.352018049125534e-06
386.40000000000003  0.00913954664146538  5.352426913124561e-06
386.45000000000005  0.009139546328680756  5.352823233141838e-06
386.5  0.009139546022053247  5.353206303259999e-06
386.55  0.009139545722322822  5.3535757397022115e-06
386.6  0.009139545430249803  5.35393148561492e-06
386.65000000000003  0.009139545146595408  5.354273806671024e-06
386.70000000000005  0.009139544872107514  5.354603266392193e-06
386.75  0.00913954460750264  5.354920703551759e-06
386.8  0.009139544353455068  5.355227197416498e-06
386.85  0.009139544110575045  5.355524012623839e-06
386.90000000000003  0.009139543879400417  5.355812557560698e-06
386.95000000000005  0.009139543660380995  5.356094325040055e-06
387.0  0.009139543453873904  5.356370837405252e-06
387.05  0.009139543260126875  5.3566435980631705e-06
387.1  0.00913954307928168  5.3569140339927886e-06
387.15000000000003  0.009139542911366452  5.357183448470983e-06
387.20000000000005  0.009139542756291263  5.357452993247347e-06
387.25  0.009139542613858445  5.357723616303213e-06
387.3  0.0091395424837582  5.357996043661446e-06
387.35  0.009139542365577999  5.358270751689364e-06
387.40000000000003  0.009139542258811965  5.358547954617673e-06
387.45000000000005  0.009139542162866806  5.358827582143614e-06
387.5  0.009139542077074356  5.359109297230853e-06
387.55  0.00913954200071735  5.359392482922438e-06
387.6  0.009139541933040634  5.359676257269612e-06
387.65000000000003  0.009139541873273059  5.359959492076314e-06
387.70000000000005  0.009139541820648725  5.36024083986242e-06
387.75  0.009139541774440828  5.360518765847814e-06
387.8  0.009139541733966954  5.360791583707968e-06
387.85  0.00913954169862172  5.361057515750089e-06
387.90000000000003  0.009139541667885373  5.361314721508516e-06
387.95000000000005  0.009139541641347726  5.3615613787769655e-06
388.0  0.009139541618712296  5.361795718915189e-06
388.05  0.00913954159979542  5.362016078103442e-06
388.1  0.00913954158452898  5.3622209672945045e-06
388.15000000000003  0.009139541572955984  5.362409098746707e-06
388.20000000000005  0.00913954156521915  5.362579434716212e-06
388.25  0.009139541561538799  5.362731215150895e-06
388.3  0.00913954156220909  5.362863978292034e-06
388.35  0.009139541567577864  5.362977579747696e-06
388.40000000000003  0.009139541578033258  5.363072195475546e-06
388.45000000000005  0.009139541593974912  5.363148321215752e-06
388.5  0.00913954161581336  5.363206759185276e-06
388.55  0.009139541643946847  5.3632485997133885e-06
388.6  0.009139541678750054  5.363275202349281e-06
388.65000000000003  0.009139541720557143  5.363288148569766e-06
388.70000000000005  0.009139541769652582  5.363289207104861e-06
388.75  0.00913954182625596  5.363280297675948e-06
388.8  0.009139541890514549  5.363263429922986e-06
388.85  0.009139541962483864  5.363240642845531e-06
388.90000000000003  0.009139542042124565  5.363213963285223e-06
388.95000000000005  0.009139542129292355  5.363185344051558e-06
389.0  0.009139542223735175  5.36315660402552e-06
389.05  0.009139542325095167  5.36312937592841e-06
389.1  0.00913954243290731  5.363105064585486e-06
389.15000000000003  0.00913954254660149  5.363084813890539e-06
389.20000000000005  0.00913954266551878  5.3630694613247495e-06
389.25  0.009139542788927707  5.3630595317607425e-06
389.3  0.009139542916029107  5.363055223184135e-06
389.35  0.009139543045982341  5.363056408305038e-06
389.40000000000003  0.009139543177927877  5.3630626487008795e-06
389.45000000000005  0.00913954331100173  5.363073204869395e-06
389.5  0.009139543444356073  5.363087071188295e-06
389.55  0.009139543577176381  5.363103003071658e-06
389.6  0.009139543708701302  5.363119563265683e-06
389.65000000000003  0.009139543838232924  5.363135155898337e-06
389.70000000000005  0.009139543965153351  5.3631480863874275e-06
389.75  0.009139544088936444  5.363156596572226e-06
389.8  0.009139544209150256  5.36315892773982e-06
389.85  0.0091395443254783  5.363153370510718e-06
389.90000000000003  0.009139544437706076  5.363138320093426e-06
389.95000000000005  0.009139544545737515  5.363112325570106e-06
390.0  0.00913954464958311  5.363074140833212e-06
390.05  0.009139544749361097  5.363022768341394e-06
390.1  0.009139544845290119  5.362957508781648e-06
390.15000000000003  0.00913954493767364  5.3628779736469845e-06
390.20000000000005  0.009139545026890052  5.36278411348304e-06
390.25  0.009139545113375312  5.362676239250273e-06
390.3  0.009139545197602482  5.3625550026796314e-06
390.35  0.009139545280063277  5.3624214006023135e-06
390.40000000000003  0.009139545361243076  5.36227673679832e-06
390.45000000000005  0.009139545441609024  5.3621225997206525e-06
390.5  0.009139545521589246  5.361960816505085e-06
390.55  0.00913954560155226  5.361793405591069e-06
390.6  0.009139545681807993  5.361622521028546e-06
390.65000000000003  0.009139545762578348  5.361450397639654e-06
390.70000000000005  0.009139545844006051  5.3612793051944834e-06
390.75  0.009139545926138543  5.361111473407279e-06
390.8  0.009139546008930946  5.360949047981088e-06
390.85  0.009139546092247711  5.360794038463551e-06
390.90000000000003  0.009139546175855197  5.360648266666411e-06
390.95000000000005  0.009139546259432672  5.3605133271509035e-06
391.0  0.009139546342570248  5.3603905367786324e-06
391.05  0.009139546424778619  5.360280913150803e-06
391.1  0.009139546505496844  5.360185134819519e-06
391.15000000000003  0.009139546584105897  5.3601035318304505e-06
391.20000000000005  0.00913954665994044  5.360036065573369e-06
391.25  0.009139546732304831  5.359982338126994e-06
391.3  0.009139546800496431  5.359941591196696e-06
391.35  0.009139546863822588  5.35991273530452e-06
391.40000000000003  0.009139546921622665  5.359894373645972e-06
391.45000000000005  0.009139546973287683  5.3598848485067224e-06
391.5  0.009139547018279487  5.359882284749465e-06
391.55  0.009139547056146655  5.359884655071773e-06
391.6  0.009139547086542923  5.359889832752757e-06
391.65000000000003  0.009139547109229786  5.35989567018193e-06
391.70000000000005  0.009139547124089698  5.359900047720897e-06
391.75  0.009139547131127204  5.359900949278209e-06
391.8  0.009139547130461109  5.35989651996604e-06
391.85  0.00913954712232217  5.359885127690679e-06
391.90000000000003  0.009139547107056166  5.359865401212253e-06
391.95000000000005  0.009139547085101254  5.3598362817405e-06
392.0  0.009139547056985962  5.359797057267112e-06
392.05  0.009139547023309418  5.359747379639107e-06
392.1  0.009139546984726991  5.359687275316438e-06
392.15000000000003  0.009139546941945017  5.359617167064498e-06
392.20000000000005  0.009139546895694394  5.359537843635759e-06
392.25  0.009139546846719183  5.3594504592305455e-06
392.3  0.009139546795749076  5.359356493730776e-06
392.35  0.00913954674348952  5.359257712304541e-06
392.40000000000003  0.009139546690592318  5.359156120940422e-06
392.45000000000005  0.009139546637644469  5.359053906524834e-06
392.5  0.0091395465851417  5.358953367821278e-06
392.55  0.009139546533484772  5.358856853787154e-06
392.6  0.009139546482955861  5.358766694661926e-06
392.65000000000003  0.009139546433716197  5.358685124260451e-06
392.70000000000005  0.009139546385808547  5.358614226411227e-06
392.75  0.009139546339148145  5.358555867801833e-06
392.8  0.009139546293539975  5.358511653236501e-06
392.85  0.009139546248677983  5.35848288075422e-06
392.90000000000003  0.009139546204170578  5.358470507423616e-06
392.95000000000005  0.009139546159546378  5.3584751265275976e-06
393.0  0.009139546114277662  5.358496958957613e-06
393.05  0.009139546067794735  5.3585358388722e-06
393.1  0.009139546019510822  5.358591228905635e-06
393.15000000000003  0.009139545968834283  5.358662222182105e-06
393.20000000000005  0.009139545915190238  5.358747569202734e-06
393.25  0.009139545858034417  5.35884570548764e-06
393.3  0.009139545796867037  5.358954786338166e-06
393.35  0.009139545731255312  5.359072725972191e-06
393.40000000000003  0.009139545660841526  5.359197255149634e-06
393.45000000000005  0.00913954558535478  5.3593259745373756e-06
393.5  0.009139545504624924  5.359456416905817e-06
393.55  0.0091395454185862  5.3595861175455306e-06
393.6  0.009139545327285715  5.359712680720347e-06
393.65000000000003  0.009139545230887258  5.359833852037685e-06
393.70000000000005  0.009139545129671908  5.3599475818013015e-06
393.75  0.009139545024029857  5.360052082508705e-06
393.8  0.009139544914454432  5.360145892304737e-06
393.85  0.0091395448015298  5.360227907871818e-06
393.90000000000003  0.009139544685926208  5.360297418424676e-06
393.95000000000005  0.009139544568373698  5.360354125276293e-06
394.0  0.009139544449653446  5.3603981458187665e-06
394.05  0.009139544330575601  5.360430014799691e-06
394.1  0.009139544211963314  5.360450644434952e-06
394.15000000000003  0.009139544094628667  5.360461318890792e-06
394.20000000000005  0.009139543979365897  5.3604636315809245e-06
394.25  0.009139543866919835  5.360459451525426e-06
394.3  0.009139543757974558  5.360450862008036e-06
394.35  0.009139543653133526  5.360440104696003e-06
394.40000000000003  0.009139543552903437  5.360429504292961e-06
394.45000000000005  0.009139543457682801  5.360421413636669e-06
394.5  0.0091395433677453  5.36041813671605e-06
394.55  0.009139543283234455  5.36042187127846e-06
394.6  0.00913954320415684  5.3604346290977295e-06
394.65000000000003  0.009139543130379827  5.36045819121868e-06
394.70000000000005  0.009139543061645876  5.360494050013617e-06
394.75  0.009139542997568225  5.360543360349e-06
394.8  0.009139542937652564  5.360606903449957e-06
394.85  0.009139542881316418  5.360685069613874e-06
394.90000000000003  0.0091395428279165  5.360777837725588e-06
394.95000000000005  0.009139542776761565  5.360884782567785e-06
395.0  0.009139542727151779  5.361005085097984e-06
395.05  0.009139542678390424  5.361137553011196e-06
395.1  0.00913954262981369  5.361280653441735e-06
395.15000000000003  0.009139542580818939  5.361432556945562e-06
395.20000000000005  0.009139542530870117  5.361591185899014e-06
395.25  0.009139542479515364  5.361754266609191e-06
395.3  0.009139542426400466  5.361919389152597e-06
395.35  0.009139542371269654  5.362084061828862e-06
395.40000000000003  0.009139542313976675  5.3622457838518964e-06
395.45000000000005  0.00913954225447879  5.362402097320901e-06
395.5  0.009139542192835106  5.362550657137801e-06
395.55  0.009139542129212613  5.362689290501325e-06
395.6  0.009139542063875709  5.36281604393774e-06
395.65000000000003  0.009139541997180797  5.362929254798402e-06
395.70000000000005  0.009139541929577976  5.36302758029594e-06
395.75  0.009139541861592906  5.36311004635851e-06
395.8  0.009139541793827846  5.363176082409378e-06
395.85  0.009139541726940523  5.36322552828288e-06
395.90000000000003  0.009139541661631351  5.363258651030264e-06
395.95000000000005  0.009139541598627612  5.363276129128171e-06
396.0  0.009139541538667719  5.363279046961139e-06
396.05  0.009139541482469834  5.363268844865677e-06
396.1  0.009139541430715225  5.363247280517659e-06
396.15000000000003  0.009139541384029035  5.363216365084523e-06
396.20000000000005  0.009139541342956652  5.363178312919913e-06
396.25  0.009139541307944048  5.363135457027142e-06
396.3  0.009139541279329536  5.363090188872737e-06
396.35  0.009139541257320553  5.363044874461497e-06
396.40000000000003  0.009139541241997513  5.363001799716825e-06
396.45000000000005  0.009139541233309734  5.3629630905139354e-06
396.5  0.0091395412310722  5.3629306647484665e-06
396.55  0.009139541234973257  5.362906178533707e-06
396.6  0.009139541244581745  5.362890988216441e-06
396.65000000000003  0.009139541259363965  5.362886110331236e-06
396.70000000000005  0.009139541278690915  5.362892204057942e-06
396.75  0.009139541301870654  5.362909552270869e-06
396.8  0.009139541328152773  5.3629380586498756e-06
396.85  0.009139541356757836  5.362977249363918e-06
396.90000000000003  0.009139541386900716  5.3630262784282005e-06
396.95000000000005  0.009139541417813077  5.363083971820419e-06
397.0  0.009139541448759532  5.363148837046565e-06
397.05  0.009139541479075648  5.3632191138924855e-06
397.1  0.009139541508178885  5.363292820920922e-06
397.15000000000003  0.009139541535580116  5.363367803654703e-06
397.20000000000005  0.00913954156090553  5.363441807008224e-06
397.25  0.009139541583902254  5.363512522786834e-06
397.3  0.009139541604446088  5.363577676378937e-06
397.35  0.009139541622531451  5.3636350666665545e-06
397.40000000000003  0.009139541638278395  5.3636826419652356e-06
397.45000000000005  0.009139541651915165  5.363718547419464e-06
397.5  0.009139541663767636  5.363741188724148e-06
397.55  0.009139541674249496  5.363749254682043e-06
397.6  0.009139541683843093  5.3637417661672976e-06
397.65000000000003  0.009139541693086062  5.3637180985574334e-06
397.70000000000005  0.009139541702550994  5.363677992593528e-06
397.75  0.009139541712835292  5.363621566862686e-06
397.8  0.009139541724543098  5.363549307973222e-06
397.85  0.009139541738274791  5.363462069896921e-06
397.90000000000003  0.009139541754607048  5.3633610445345836e-06
397.95000000000005  0.009139541774079194  5.3632477269576905e-06
398.0  0.009139541797186068  5.363123883180606e-06
398.05  0.00913954182435783  5.362991495453848e-06
398.1  0.009139541855945947  5.362852705029057e-06
398.15000000000003  0.009139541892212949  5.362709759461782e-06
398.20000000000005  0.009139541933320878  5.362564936857949e-06
398.25  0.009139541979320364  5.3624204848799e-06
398.3  0.009139542030146254  5.3622785409795275e-06
398.35  0.009139542085621531  5.362141084471438e-06
398.40000000000003  0.009139542145451117  5.3620098695031306e-06
398.45000000000005  0.009139542209235033  5.361886378017647e-06
398.5  0.009139542276475551  5.361771774883102e-06
398.55  0.00913954234659267  5.3616668872017706e-06
398.6  0.009139542418941805  5.361572182460759e-06
398.65000000000003  0.00913954249283356  5.361487766954761e-06
398.70000000000005  0.009139542567554986  5.361413379388071e-06
398.75  0.0091395426423881  5.361348428795424e-06
398.8  0.009139542716625794  5.361291996430241e-06
398.85  0.00913954278959697  5.361242886734818e-06
398.90000000000003  0.00913954286068374  5.361199654510594e-06
398.95000000000005  0.009139542929326502  5.361160647121262e-06
399.0  0.009139542995049679  5.3611240625328215e-06
399.05  0.009139543057470327  5.361087994661096e-06
399.1  0.00913954311630182  5.361050482214226e-06
399.15000000000003  0.009139543171366778  5.361009564824632e-06
399.20000000000005  0.009139543222601864  5.36096335313033e-06
399.25  0.009139543270055256  5.360910063574348e-06
399.3  0.009139543313896175  5.360848077391451e-06
399.35  0.009139543354402906  5.360775991380138e-06
399.40000000000003  0.00913954339195484  5.360692654572197e-06
399.45000000000005  0.009139543427025373  5.360597211985366e-06
399.5  0.009139543460158942  5.36048912200645e-06
399.55  0.009139543491964264  5.360368177872456e-06
399.6  0.009139543523078072  5.360234506475426e-06
399.65000000000003  0.00913954355415601  5.360088571403348e-06
399.70000000000005  0.009139543585853373  5.359931147822829e-06
399.75  0.009139543618785828  5.359763302714899e-06
399.8  0.00913954365352472  5.359586357578513e-06
399.85  0.009139543690579337  5.359401854816812e-06
399.90000000000003  0.009139543730373095  5.359211504716384e-06
399.95000000000005  0.009139543773241426  5.35901713852137e-06
400.0  0.009139543819417862  5.358820661992042e-06
400.05  0.009139543869030611  5.358623996837774e-06
400.1  0.009139543922106141  5.358429036764136e-06
400.15000000000003  0.009139543978562148  5.358237593015695e-06
400.20000000000005  0.009139544038215527  5.3580513496755545e-06
400.25  0.009139544100783504  5.357871811577028e-06
400.3  0.009139544165891265  5.35770026764492e-06
400.35  0.00913954423309301  5.357537761314045e-06
400.40000000000003  0.00913954430187069  5.357385050568195e-06
400.45000000000005  0.00913954437164741  5.3572425892137415e-06
400.5  0.009139544441814695  5.357110519323832e-06
400.55  0.00913954451173983  5.356988668722825e-06
400.6  0.009139544580780201  5.356876548675638e-06
400.65000000000003  0.009139544648315382  5.356773380152326e-06
400.70000000000005  0.009139544713752982  5.356678117594989e-06
400.75  0.009139544776545917  5.35658949153868e-06
400.8  0.009139544836215804  5.356506040721568e-06
400.85  0.009139544892356893  5.35642617910826e-06
400.90000000000003  0.00913954494464593  5.356348232823363e-06
400.95000000000005  0.009139544992859367  5.356270504126945e-06
401.0  0.00913954503686817  5.356191320753166e-06
401.05  0.009139545076645597  5.356109094291903e-06
401.1  0.00913954511226472  5.356022358392353e-06
401.15000000000003  0.009139545143895979  5.355929815578338e-06
401.20000000000005  0.009139545171807536  5.355830369670233e-06
401.25  0.009139545196351045  5.355723163188639e-06
401.3  0.009139545217963806  5.3556075958843775e-06
401.35  0.009139545237155726  5.3554833394523025e-06
401.40000000000003  0.009139545254501693  5.3553503463846805e-06
401.45000000000005  0.009139545270619429  5.3552088528255695e-06
401.5  0.009139545286166425  5.355059368976117e-06
401.55  0.009139545301806908  5.354902662013715e-06
401.6  0.009139545318204875  5.354739741313293e-06
401.65000000000003  0.009139545335995316  5.354571825704033e-06
401.70000000000005  0.009139545355758873  5.354400300053145e-06
401.75  0.009139545378008224  5.354226680221201e-06
401.8  0.009139545403162502  5.354052560222833e-06
401.85  0.009139545431532323  5.353879563474288e-06
401.90000000000003  0.009139545463303242  5.353709308746708e-06
401.95000000000005  0.009139545498531593  5.353543330412333e-06
402.0  0.009139545537143837  5.353383061052863e-06
402.05  0.009139545578940258  5.353229776557686e-06
402.1  0.009139545623602623  5.353084559504243e-06
402.15000000000003  0.00913954567071168  5.352948281225163e-06
402.20000000000005  0.009139545719761007  5.352821571602876e-06
402.25  0.009139545770180725  5.352704804559305e-06
402.3  0.00913954582136259  5.352598099410682e-06
402.35  0.009139545872672782  5.3525013109661265e-06
402.40000000000003  0.009139545923481273  5.352414045811931e-06
402.45000000000005  0.009139545973176368  5.352335661729232e-06
402.5  0.009139546021182336  5.352265297816944e-06
402.55  0.009139546066974955  5.352201887688884e-06
402.6  0.009139546110092007  5.3521441945954176e-06
402.65000000000003  0.009139546150145342  5.352090843126667e-06
402.70000000000005  0.00913954618682844  5.352040357613111e-06
402.75  0.009139546219917598  5.351991208366318e-06
402.8  0.00913954624928202  5.3519418556831366e-06
402.85  0.009139546274881217  5.351890801268534e-06
402.90000000000003  0.009139546296765472  5.351836634614083e-06
402.95000000000005  0.0091395463150717  5.35177808397107e-06
403.0  0.009139546330024067  5.3517140543957544e-06
403.05  0.009139546341920646  5.351643666563256e-06
403.1  0.009139546351128514  5.3515662845898685e-06
403.15000000000003  0.009139546358075137  5.35148154629379e-06
403.20000000000005  0.009139546363233272  5.351389360599111e-06
403.25  0.009139546367120475  5.351289909095818e-06
403.3  0.009139546370275496  5.3511836468586355e-06
403.35  0.009139546373255484  5.351071280404278e-06
403.40000000000003  0.009139546376620214  5.350953736646185e-06
403.45000000000005  0.00913954638091953  5.35083213959762e-06
403.5  0.009139546386685515  5.3507077721153245e-06
403.55  0.009139546394417157  5.35058203658109e-06
403.6  0.009139546404570677  5.350456412365307e-06
403.65000000000003  0.009139546417544268  5.350332420631652e-06
403.70000000000005  0.009139546433665234  5.350211576501918e-06
403.75  0.00913954645317989  5.350095345084795e-06
403.8  0.009139546476239782  5.349985109479971e-06
403.85  0.009139546502891614  5.349882121234001e-06
403.90000000000003  0.009139546533067495  5.349787472166826e-06
403.95000000000005  0.00913954656658722  5.349702059628673e-06
404.0  0.009139546603160187  5.349626557427014e-06
404.05  0.009139546642382285  5.349561386281082e-06
404.1  0.009139546683763643  5.349506710731675e-06
404.15000000000003  0.009139546726732678  5.349462423457144e-06
404.20000000000005  0.009139546770656516  5.349428144869905e-06
404.25  0.009139546814872994  5.349403235317945e-06
404.3  0.009139546858708974  5.349386810483091e-06
404.35  0.009139546901508153  5.3493777635507255e-06
404.40000000000003  0.009139546942656876  5.3493748001388745e-06
404.45000000000005  0.009139546981599883  5.349376475421834e-06
404.5  0.00913954701785648  5.349381237138625e-06
404.55  0.009139547051042217  5.349387464530979e-06
404.6  0.00913954708086498  5.349393520246966e-06
404.65000000000003  0.009139547107138764  5.349397794753496e-06
404.70000000000005  0.009139547129782825  5.349398751800167e-06
404.75  0.009139547148812032  5.3493949698641395e-06
404.8  0.009139547164338612  5.3493851910367605e-06
404.85  0.009139547176567484  5.349368352372617e-06
404.90000000000003  0.009139547185784377  5.349343623520025e-06
404.95000000000005  0.00913954719235198  5.349310434787013e-06
405.0  0.009139547196699453  5.349268501809957e-06
405.05  0.009139547199311284  5.349217836175943e-06
405.1  0.009139547200723394  5.349158757861274e-06
405.15000000000003  0.009139547201504231  5.349091880494728e-06
405.20000000000005  0.009139547202240417  5.349018105063217e-06
405.25  0.009139547203531776  5.3489385943879925e-06
405.3  0.009139547205964504  5.348854736334408e-06
405.35  0.009139547210101653  5.3487681010370015e-06
405.40000000000003  0.00913954721646406  5.348680385942157e-06
405.45000000000005  0.009139547225511815  5.348593368458227e-06
405.5  0.00913954723763099  5.34850883970639e-06
405.55  0.009139547253129862  5.348428550487974e-06
405.6  0.009139547272213843  5.348354155534343e-06
405.65000000000003  0.009139547294990058  5.3482871622283126e-06
405.70000000000005  0.00913954732145582  5.348228881906338e-06
405.75  0.009139547351503735  5.348180397149818e-06
405.8  0.00913954738492335  5.348142536050688e-06
405.85  0.00913954742140468  5.348115853404632e-06
405.90000000000003  0.00913954746054714  5.348100606518034e-06
405.95000000000005  0.009139547501873239  5.348096764141801e-06
406.0  0.009139547544838365  5.348104012434696e-06
406.05  0.009139547588846275  5.348121749519717e-06
406.1  0.009139547633264595  5.348149116593006e-06
406.15000000000003  0.009139547677443077  5.348185007555408e-06
406.20000000000005  0.009139547720738616  5.348228105733917e-06
406.25  0.009139547762525638  5.348276906267518e-06
406.3  0.009139547802221485  5.34832975901975e-06
406.35  0.00913954783930002  5.3483849028308165e-06
406.40000000000003  0.009139547873318405  5.348440520771462e-06
406.45000000000005  0.009139547903921012  5.348494779190726e-06
406.5  0.009139547930856737  5.348545877873032e-06
406.55  0.009139547953984202  5.3485921030797996e-06
406.6  0.009139547973281838  5.348631872805832e-06
406.65000000000003  0.009139547988839012  5.34866378476865e-06
406.70000000000005  0.009139548000851332  5.348686658045599e-06
406.75  0.009139548009618907  5.348699565684803e-06
406.8  0.009139548015524808  5.3487018724436455e-06
406.85  0.009139548019029782  5.348693240039989e-06
406.90000000000003  0.009139548020653695  5.348673657182192e-06
406.95000000000005  0.009139548020961816  5.348643430805561e-06
407.0  0.009139548020541398  5.348603188523344e-06
407.05  0.009139548019993012  5.3485538612271354e-06
407.1  0.0091395480199136  5.3484966605607314e-06
407.15000000000003  0.009139548020880121  5.3484330454476084e-06
407.20000000000005  0.009139548023438759  5.348364698033509e-06
407.25  0.009139548028088574  5.34829346427563e-06
407.3  0.00913954803527668  5.3482213101493144e-06
407.35  0.009139548045372287  5.34815025949345e-06
407.40000000000003  0.009139548058666933  5.348082349696632e-06
407.45000000000005  0.00913954807535639  5.348019552556802e-06
407.5  0.009139548095541253  5.347963725202561e-06
407.55  0.009139548119211523  5.34791654999828e-06
407.6  0.009139548146251484  5.347879476578642e-06
407.65000000000003  0.009139548176437192  5.347853672851269e-06
407.70000000000005  0.009139548209448688  5.3478400022443045e-06
407.75  0.009139548244866107  5.347838978520339e-06
407.8  0.009139548282195004  5.347850760382066e-06
407.85  0.009139548320876337  5.347875143266558e-06
407.90000000000003  0.009139548360306357  5.347911562335653e-06
407.95000000000005  0.009139548399857134  5.347959125600232e-06
408.0  0.009139548438893644  5.3480166247248345e-06
408.05  0.0091395484767922  5.348082576398156e-06
408.1  0.009139548512960692  5.3481552728757375e-06
408.15000000000003  0.009139548546858575  5.348232815298199e-06
408.20000000000005  0.009139548577997897  5.348313172428003e-06
408.25  0.009139548605967263  5.34839423603137e-06
408.3  0.009139548630436853  5.348473863774517e-06
408.35  0.009139548651168021  5.348549946022712e-06
408.40000000000003  0.009139548668015678  5.348620456255455e-06
408.45000000000005  0.009139548680940367  5.348683500386352e-06
408.5  0.009139548690007014  5.348737376882336e-06
408.55  0.009139548695380533  5.3487806109481315e-06
408.6  0.009139548697327235  5.34881201334406e-06
408.65000000000003  0.009139548696209521  5.348830700011888e-06
408.70000000000005  0.009139548692475498  5.348836138769188e-06
408.75  0.009139548686645597  5.348828154149983e-06
408.8  0.009139548679300509  5.348806951209809e-06
408.85  0.009139548671057512  5.348773102180652e-06
408.90000000000003  0.009139548662556039  5.348727540315879e-06
408.95000000000005  0.009139548654435066  5.348671532140622e-06
409.0  0.009139548647310342  5.348606640383615e-06
409.05  0.009139548641748738  5.348534681112987e-06
409.1  0.00913954863826318  5.348457676468139e-06
409.15000000000003  0.009139548637286022  5.348377791005094e-06
409.20000000000005  0.009139548639158657  5.348297272127667e-06
409.25  0.009139548644128463  5.348218391003487e-06
409.3  0.009139548652340467  5.348143375236451e-06
409.35  0.00913954866383664  5.348074352527733e-06
409.40000000000003  0.009139548678558724  5.348013289355853e-06
409.45000000000005  0.009139548696350083  5.347961944735782e-06
409.5  0.009139548716961828  5.34792181141713e-06
409.55  0.009139548740061863  5.347894084125747e-06
409.6  0.009139548765244363  5.347879619578457e-06
409.65000000000003  0.009139548792037096  5.3478789115706405e-06
409.70000000000005  0.009139548819916982  5.347892066698561e-06
409.75  0.009139548848321574  5.3479188096939114e-06
409.8  0.009139548876664566  5.347958471260748e-06
409.85  0.009139548904349797  5.348010013694535e-06
409.90000000000003  0.009139548930789929  5.348072050051706e-06
409.95000000000005  0.009139548955414573  5.34814287534715e-06
410.0  0.009139548977699677  5.348220521517405e-06
410.05  0.00913954899717333  5.348302806299637e-06
410.1  0.009139549013429595  5.348387401914656e-06
410.15000000000003  0.009139549026142543  5.348471888737738e-06
410.20000000000005  0.009139549035073205  5.348553833475192e-06
410.25  0.009139549040073192  5.348630863075772e-06
410.3  0.00913954904109894  5.348700717773644e-06
410.35  0.00913954903819961  5.348761327346452e-06
410.40000000000003  0.009139549031521695  5.348810857118229e-06
410.45000000000005  0.009139549021302526  5.34884776979427e-06
410.5  0.009139549007880322  5.3488708578339965e-06
410.55  0.00913954899166675  5.34887927909584e-06
410.6  0.009139548973153461  5.3488725878707375e-06
410.65000000000003  0.009139548952895243  5.348850735134103e-06
410.70000000000005  0.009139548931500005  5.348814087599324e-06
410.75  0.009139548909614291  5.348763409766138e-06
410.8  0.009139548887910133  5.348699851622743e-06
410.85  0.009139548867059078  5.348624907671633e-06
410.90000000000003  0.009139548847719992  5.348540394466714e-06
410.95000000000005  0.009139548830504933  5.348448391388435e-06
411.0  0.009139548815972287  5.34835118300896e-06
411.05  0.009139548804594975  5.348251193203028e-06
411.1  0.00913954879674568  5.34815091754573e-06
411.15000000000003  0.009139548792682644  5.3480528594829755e-06
411.20000000000005  0.009139548792536638  5.347959438503961e-06
411.25  0.009139548796310135  5.347872937497516e-06
411.3  0.009139548803875276  5.347795426306745e-06
411.35  0.009139548814974927  5.3477287131640855e-06
411.40000000000003  0.009139548829244115  5.347674290641499e-06
411.45000000000005  0.00913954884621326  5.347633292144421e-06
411.5  0.009139548865333906  5.347606479565842e-06
411.55  0.00913954888599694  5.347594204403998e-06
411.6  0.009139548907546372  5.347596417707432e-06
411.65000000000003  0.009139548929310206  5.3476126670779335e-06
411.70000000000005  0.009139548950614362  5.34764210698797e-06
411.75  0.009139548970792421  5.347683530517778e-06
411.8  0.009139548989217768  5.3477353872712075e-06
411.85  0.009139549005303305  5.347795834536348e-06
411.90000000000003  0.009139549018521754  5.347862781744542e-06
411.95000000000005  0.009139549028418407  5.347933942585162e-06
412.0  0.009139549034618319  5.348006903388035e-06
412.05  0.009139549036836822  5.348079174773363e-06
412.1  0.009139549034884481  5.348148271393065e-06
412.15000000000003  0.009139549028681398  5.3482117832967546e-06
412.20000000000005  0.009139549018254868  5.34826744109728e-06
412.25  0.009139549003748589  5.348313185589459e-06
412.3  0.009139548985413515  5.348347226196001e-06
412.35  0.009139548963606591  5.348368096515634e-06
412.40000000000003  0.009139548938788199  5.348374695389154e-06
412.45000000000005  0.009139548911501249  5.34836631568684e-06
412.5  0.009139548882370003  5.348342662551237e-06
412.55  0.00913954885207128  5.348303861627609e-06
412.6  0.009139548821326945  5.348250447925003e-06
412.65000000000003  0.009139548790875075  5.3481833460136815e-06
412.70000000000005  0.00913954876146006  5.348103836619225e-06
412.75  0.009139548733794502  5.348013522293057e-06
412.8  0.009139548708558563  5.347914274856454e-06
412.85  0.009139548686365604  5.347808179913293e-06
412.90000000000003  0.00913954866775493  5.347697486164746e-06
412.95000000000005  0.009139548653169512  5.347584537662145e-06
413.0  0.009139548642941267  5.347471712992236e-06
413.05  0.009139548637286074  5.347361367295301e-06
413.1  0.0091395486362848  5.347255763395978e-06
413.15000000000003  0.009139548639886598  5.347157017142074e-06
413.20000000000005  0.00913954864790183  5.347067045377715e-06
413.25  0.009139548660009449  5.346987504787671e-06
413.3  0.009139548675763946  5.346919748969571e-06
413.35  0.009139548694608  5.346864798056014e-06
413.40000000000003  0.009139548715885827  5.346823303829448e-06
413.45000000000005  0.009139548738871536  5.346795532692496e-06
413.5  0.00913954876278648  5.346781348268949e-06
413.55  0.00913954878682836  5.346780235368053e-06
413.6  0.009139548810195493  5.346791295600536e-06
413.65000000000003  0.009139548832112605  5.3468132880718565e-06
413.70000000000005  0.009139548851854383  5.346844654033063e-06
413.75  0.009139548868767616  5.34688356929752e-06
413.8  0.009139548882289588  5.3469279920144355e-06
413.85  0.009139548891962567  5.3469757259466395e-06
413.90000000000003  0.009139548897438132  5.347024474121461e-06
413.95000000000005  0.009139548898492295  5.347071905257466e-06
414.0  0.009139548895021946  5.347115731269892e-06
414.05  0.009139548887051721  5.347153746143802e-06
414.1  0.009139548874728488  5.347183904164034e-06
414.15000000000003  0.00913954885831635  5.347204375971118e-06
414.20000000000005  0.009139548838201776  5.347213597358877e-06
414.25  0.009139548814871043  5.347210309945621e-06
414.3  0.009139548788903743  5.3471936128605545e-06
414.35  0.009139548760966211  5.347162973318978e-06
414.40000000000003  0.009139548731790865  5.347118253216628e-06
414.45000000000005  0.009139548702154186  5.347059707038306e-06
414.5  0.009139548672856088  5.346987974334978e-06
414.55  0.009139548644698943  5.346904062059521e-06
414.6  0.009139548618458454  5.346809314969031e-06
414.65000000000003  0.009139548594856856  5.346705349329873e-06
414.70000000000005  0.009139548574539334  5.346594022442169e-06
414.75  0.009139548558060966  5.346477363938132e-06
414.8  0.009139548545851566  5.34635750802637e-06
414.85  0.00913954853820945  5.346236633510732e-06
414.90000000000003  0.00913954853530103  5.346116892710395e-06
414.95000000000005  0.009139548537142023  5.346000353553869e-06
415.0  0.009139548543614692  5.345888953425435e-06
415.05  0.009139548554469915  5.345784433721833e-06
415.1  0.009139548569332454  5.34568831610661e-06
415.15000000000003  0.009139548587726587  5.34560185561718e-06
415.20000000000005  0.009139548609087514  5.345526019828305e-06
415.25  0.00913954863278301  5.345461468113963e-06
415.3  0.00913954865812636  5.345408544330985e-06
415.35  0.009139548684405946  5.345367259710677e-06
415.40000000000003  0.009139548710894526  5.345337300931676e-06
415.45000000000005  0.009139548736880514  5.345318040146543e-06
415.5  0.009139548761677265  5.3453085434394115e-06
415.55  0.009139548784644399  5.345307597819419e-06
415.6  0.009139548805204675  5.345313740516935e-06
415.65000000000003  0.009139548822856794  5.3453253024962274e-06
415.70000000000005  0.009139548837184909  5.345340441544988e-06
415.75  0.009139548847871121  5.345357214060222e-06
415.8  0.009139548854704745  5.345373615551932e-06
415.85  0.009139548857578611  5.3453876536961684e-06
415.90000000000003  0.00913954885649863  5.345397398424793e-06
415.95000000000005  0.009139548851572397  5.345401042111057e-06
416.0  0.009139548843012282  5.345396960551856e-06
416.05  0.009139548831122718  5.345383758972107e-06
416.1  0.0091395488162951  5.345360307005772e-06
416.15000000000003  0.009139548798992602  5.34532577702089e-06
416.20000000000005  0.009139548779746907  5.345279657448482e-06
416.25  0.009139548759141015  5.345221779354996e-06
416.3  0.009139548737793574  5.345152303435079e-06
416.35  0.009139548716354088  5.345071723878922e-06
416.40000000000003  0.009139548695482077  5.344980844363041e-06
416.45000000000005  0.009139548675831577  5.3448807593298436e-06
416.5  0.00913954865803598  5.344772804312902e-06
416.55  0.009139548642693602  5.344658538191543e-06
416.6  0.009139548630335363  5.344539679862223e-06
416.65000000000003  0.00913954862142054  5.344418065721373e-06
416.70000000000005  0.009139548616304737  5.344295587232542e-06
416.75  0.009139548615234843  5.344174140249104e-06
416.8  0.009139548618325  5.34405556079702e-06
416.85  0.009139548625554286  5.343941575394631e-06
416.90000000000003  0.009139548636760558  5.343833746085781e-06
416.95000000000005  0.009139548651643216  5.343733425803101e-06
417.0  0.009139548669773675  5.343641714236646e-06
417.05  0.009139548690606823  5.343559431347593e-06
417.1  0.00913954871351057  5.343487099768391e-06
417.15000000000003  0.009139548737776254  5.343424933809107e-06
417.20000000000005  0.009139548762661464  5.343372838156717e-06
417.25  0.0091395487874103  5.343330414061447e-06
417.3  0.009139548811282568  5.343296989037034e-06
417.35  0.009139548833581049  5.343271619696671e-06
417.40000000000003  0.009139548853677341  5.343253147648778e-06
417.45000000000005  0.009139548871022238  5.343240219324134e-06
417.5  0.009139548885170587  5.3432313301812946e-06
417.55  0.009139548895778622  5.343224873875752e-06
417.6  0.009139548902622939  5.34321917527818e-06
417.65000000000003  0.009139548905590225  5.3432125528901035e-06
417.70000000000005  0.009139548904677358  5.3432033564649066e-06
417.75  0.00913954889999246  5.34319001768436e-06
417.8  0.009139548891741647  5.34317109753701e-06
417.85  0.009139548880215878  5.343145335315227e-06
417.90000000000003  0.009139548865786551  5.343111684194221e-06
417.95000000000005  0.009139548848888223  5.3430693435666345e-06
418.0  0.009139548830007414  5.343017793440379e-06
418.05  0.009139548809666798  5.34295681509252e-06
418.1  0.00913954878841282  5.342886484634157e-06
418.15000000000003  0.009139548766795383  5.342807189341549e-06
418.20000000000005  0.009139548745360541  5.342719601055966e-06
418.25  0.009139548724629656  5.342624658908723e-06
418.3  0.009139548705096086  5.342523537639758e-06
418.35  0.009139548687202025  5.342417603189365e-06
418.40000000000003  0.009139548671339535  5.342308370589728e-06
418.45000000000005  0.009139548657839579  5.3421974517538174e-06
418.5  0.009139548646965019  5.342086502757571e-06
418.55  0.009139548638905532  5.341977177092459e-06
418.6  0.00913954863377275  5.341871075916925e-06
418.65000000000003  0.0091395486316036  5.341769699936994e-06
418.70000000000005  0.009139548632352657  5.34167440461973e-06
418.75  0.009139548635889925  5.341586375568884e-06
418.8  0.009139548642008593  5.341506579783887e-06
418.85  0.009139548650420994  5.341435756450849e-06
418.90000000000003  0.009139548660763282  5.341374382692289e-06
418.95000000000005  0.009139548672600153  5.341322673318039e-06
419.0  0.009139548685441552  5.341280571165763e-06
419.05  0.009139548698742079  5.341247740912815e-06
419.1  0.009139548711928715  5.341223589667955e-06
419.15000000000003  0.009139548724406593  5.341207272565175e-06
419.20000000000005  0.009139548735589299  5.34119772775324e-06
419.25  0.009139548744911966  5.341193706797254e-06
419.3  0.009139548751857941  5.341193808352845e-06
419.35  0.009139548755972168  5.341196524245731e-06
419.40000000000003  0.009139548756885359  5.341200289274764e-06
419.45000000000005  0.009139548754322584  5.341203528185586e-06
419.5  0.009139548748116986  5.3412047024730324e-06
419.55  0.009139548738213104  5.341202367778854e-06
419.6  0.009139548724675603  5.341195203774113e-06
419.65000000000003  0.009139548707675716  5.341182067611166e-06
419.70000000000005  0.009139548687486461  5.341162021753939e-06
419.75  0.009139548664473949  5.341134364236495e-06
419.8  0.009139548639085355  5.3410986477192405e-06
419.85  0.009139548611829064  5.341054692416952e-06
419.90000000000003  0.009139548583267647  5.341002596995063e-06
419.95000000000005  0.00913954855398573  5.340942732443325e-06
420.0  0.009139548524585204  5.340875748645259e-06
420.05  0.009139548495668299  5.340802534103679e-06
420.1  0.009139548467811709  5.3407242121199065e-06
420.15000000000003  0.009139548441560815  5.340642100545097e-06
420.20000000000005  0.009139548417398152  5.340557678393536e-06
420.25  0.009139548395748013  5.340472538725163e-06
420.3  0.00913954837695834  5.340388338632572e-06
420.35  0.009139548361279753  5.340306753551162e-06
420.40000000000003  0.009139548348870197  5.340229408950983e-06
420.45000000000005  0.009139548339790173  5.34015784257614e-06
420.5  0.009139548333994942  5.340093445509631e-06
420.55  0.00913954833134913  5.340037417424356e-06
420.6  0.009139548331624702  5.339990736246173e-06
420.65000000000003  0.00913954833451653  5.3399541124847494e-06
420.70000000000005  0.009139548339651433  5.3399279883522156e-06
420.75  0.009139548346597522  5.339912513588059e-06
420.8  0.009139548354890658  5.3399075503734864e-06
420.85  0.009139548364033197  5.339912675968856e-06
420.90000000000003  0.009139548373518106  5.339927204512805e-06
420.95000000000005  0.00913954838283491  5.33995020538555e-06
421.0  0.009139548391483916  5.3399805283695285e-06
421.05  0.009139548398985507  5.340016837408041e-06
421.1  0.009139548404893373  5.340057651086162e-06
421.15000000000003  0.009139548408808176  5.340101375186023e-06
421.20000000000005  0.009139548410374485  5.340146351847687e-06
421.25  0.009139548409302034  5.340190904826994e-06
421.3  0.009139548405369947  5.340233381617471e-06
421.35  0.00913954839843616  5.3402722061874405e-06
421.40000000000003  0.009139548388443303  5.340305925697372e-06
421.45000000000005  0.009139548375426325  5.340333249987013e-06
421.5  0.00913954835951109  5.340353111637911e-06
421.55  0.009139548340921556  5.340364685454903e-06
421.6  0.009139548319969076  5.340367429866317e-06
421.65000000000003  0.00913954829704858  5.340361104582596e-06
421.70000000000005  0.00913954827262918  5.3403457795421516e-06
421.75  0.00913954824722837  5.34032184081718e-06
421.8  0.009139548221414221  5.340289981622915e-06
421.85  0.009139548195769766  5.340251170907369e-06
421.90000000000003  0.009139548170879839  5.340206628524945e-06
421.95000000000005  0.009139548147316264  5.340157795567248e-06
422.0  0.009139548125620164  5.340106275015318e-06
422.05  0.00913954810627371  5.3400537856427145e-06
422.1  0.009139548089704533  5.3400021140240705e-06
422.15000000000003  0.009139548076259857  5.339953061566716e-06
422.20000000000005  0.00913954806620407  5.339908382471657e-06
422.25  0.009139548059710182  5.339869751401201e-06
422.3  0.00913954805685592  5.339838702125908e-06
422.35  0.009139548057623233  5.3398165915683284e-06
422.40000000000003  0.00913954806189662  5.33980455496235e-06
422.45000000000005  0.009139548069461361  5.339803490265083e-06
422.5  0.009139548080014326  5.339814006977367e-06
422.55  0.00913954809317032  5.339836431193443e-06
422.6  0.009139548108473065  5.339870775461595e-06
422.65000000000003  0.009139548125401306  5.339916733702714e-06
422.70000000000005  0.009139548143392694  5.339973697780754e-06
422.75  0.009139548161854165  5.3400407620209285e-06
422.8  0.009139548180182219  5.340116744690737e-06
422.85  0.009139548197780562  5.340200220672615e-06
422.90000000000003  0.009139548214074693  5.340289560852726e-06
422.95000000000005  0.009139548228533377  5.340382971022299e-06
423.0  0.009139548240678844  5.3404785459883176e-06
423.05  0.009139548250101824  5.340574322901682e-06
423.1  0.009139548256466653  5.340668337404299e-06
423.15000000000003  0.009139548259520885  5.340758672976113e-06
423.20000000000005  0.00913954825910478  5.340843523384876e-06
423.25  0.009139548255144823  5.340921239361488e-06
423.3  0.009139548247660924  5.340990371583191e-06
423.35  0.00913954823676464  5.341049718450672e-06
423.40000000000003  0.009139548222657029  5.341098357372555e-06
423.45000000000005  0.009139548205631249  5.341135679302065e-06
423.5  0.00913954818605866  5.341161404343302e-06
423.55  0.009139548164390925  5.341175599624917e-06
423.6  0.009139548141152951  5.341178678259161e-06
423.65000000000003  0.009139548116923878  5.341171395160016e-06
423.70000000000005  0.009139548092328672  5.34115482906419e-06
423.75  0.009139548068018727  5.3411303576032e-06
423.8  0.009139548044655093  5.341099612579594e-06
423.85  0.009139548022884955  5.341064445006584e-06
423.90000000000003  0.009139548003321674  5.341026851477925e-06
423.95000000000005  0.009139547986518247  5.340988926647711e-06
424.0  0.009139547972946296  5.3409527920055574e-06
424.05  0.009139547962985637  5.34092052968671e-06
424.1  0.009139547956899538  5.340894111057544e-06
424.15000000000003  0.009139547954831934  5.340875346502205e-06
424.20000000000005  0.009139547956796777  5.340865826127699e-06
424.25  0.009139547962676724  5.340866868532089e-06
424.3  0.00913954797224038  5.340879501479999e-06
424.35  0.00913954798513846  5.3409044236863335e-06
424.40000000000003  0.009139548000919291  5.340941988917424e-06
424.45000000000005  0.009139548019048507  5.34099220470994e-06
424.5  0.009139548038923008  5.341054740411546e-06
424.55  0.009139548059889358  5.341128929718371e-06
424.6  0.009139548081268448  5.341213799332529e-06
424.65000000000003  0.009139548102368271  5.341308090028168e-06
424.70000000000005  0.009139548122507357  5.341410285396981e-06
424.75  0.009139548141031512  5.341518646965939e-06
424.8  0.009139548157327407  5.341631261482013e-06
424.85  0.009139548170845172  5.341746083769e-06
424.90000000000003  0.009139548181104032  5.341860987673154e-06
424.95000000000005  0.00913954818771812  5.341973816522228e-06
425.0  0.009139548190396446  5.34208244387847e-06
425.05  0.009139548188952988  5.342184827692624e-06
425.1  0.009139548183309202  5.342279065433824e-06
425.15000000000003  0.009139548173503143  5.342363451892474e-06
425.20000000000005  0.009139548159674101  5.342436521971162e-06
425.25  0.009139548142076914  5.342497102129727e-06
425.3  0.009139548121057333  5.342544343255398e-06
425.35  0.009139548097052221  5.342577746956373e-06
425.40000000000003  0.009139548070569086  5.342597183069465e-06
425.45000000000005  0.009139548042178407  5.342602892451055e-06
425.5  0.009139548012497415  5.342595486175863e-06
425.55  0.00913954798217455  5.342575933086789e-06
425.6  0.009139547951875247  5.342545526775206e-06
425.65000000000003  0.009139547922267009  5.342505865103689e-06
425.70000000000005  0.00913954789399668  5.3424587930526795e-06
425.75  0.009139547867683376  5.342406366705074e-06
425.8  0.009139547843894726  5.342350789731441e-06
425.85  0.00913954782313508  5.342294355609742e-06
425.90000000000003  0.009139547805824585  5.34223938615416e-06
425.95000000000005  0.009139547792292313  5.342188162975087e-06
426.0  0.009139547782753615  5.342142859250936e-06
426.05  0.009139547777310466  5.342105473191518e-06
426.1  0.009139547775936336  5.342077776607993e-06
426.15000000000003  0.009139547778476517  5.342061246631712e-06
426.20000000000005  0.009139547784651095  5.3420570288174635e-06
426.25  0.009139547794061693  5.3420659053496225e-06
426.3  0.009139547806205562  5.34208826140001e-06
426.35  0.009139547820493397  5.342124070879524e-06
426.40000000000003  0.009139547836259948  5.342172913002849e-06
426.45000000000005  0.009139547852799211  5.342233975689386e-06
426.5  0.009139547869380388  5.342306087548513e-06
426.55  0.00913954788527459  5.342387752160652e-06
426.6  0.009139547899769436  5.342477189881499e-06
426.65000000000003  0.009139547912202204  5.342572398158146e-06
426.70000000000005  0.009139547921969075  5.3426711978696675e-06
426.75  0.009139547928540605  5.342771303178909e-06
426.8  0.00913954793148328  5.342870367348266e-06
426.85  0.009139547930450208  5.342966058301962e-06
426.90000000000003  0.009139547925212913  5.343056103971234e-06
426.95000000000005  0.009139547915647635  5.3431383572082785e-06
427.0  0.00913954790174613  5.3432108462811824e-06
427.05  0.009139547883615753  5.343271831518876e-06
427.1  0.009139547861474685  5.343319841244574e-06
427.15000000000003  0.009139547835648737  5.343353720753581e-06
427.20000000000005  0.009139547806569358  5.3433726619217135e-06
427.25  0.009139547774753724  5.343376231948204e-06
427.3  0.0091395477408015  5.343364385809984e-06
427.35  0.009139547705373872  5.343337471723248e-06
427.40000000000003  0.009139547669169768  5.34329622850732e-06
427.45000000000005  0.009139547632913924  5.343241767803741e-06
427.5  0.009139547597330263  5.343175541548033e-06
427.55  0.00913954756312406  5.34309930821529e-06
427.6  0.009139547530947159  5.343015078270873e-06
427.65000000000003  0.009139547501393001  5.342925058888788e-06
427.70000000000005  0.009139547474972457  5.342831594143567e-06
427.75  0.00913954745209829  5.342737094079489e-06
427.8  0.009139547433079959  5.342643972492875e-06
427.85  0.009139547418109541  5.342554577703019e-06
427.90000000000003  0.00913954740726286  5.3424711304916384e-06
427.95000000000005  0.009139547400502983  5.3423956638129965e-06
428.0  0.009139547397671295  5.342329968414331e-06
428.05  0.009139547398509544  5.3422755461365575e-06
428.1  0.009139547402651025  5.342233575461738e-06
428.15000000000003  0.00913954740964246  5.342204871186236e-06
428.20000000000005  0.009139547418950704  5.3421898652132095e-06
428.25  0.009139547429978922  5.3421885946823284e-06
428.3  0.009139547442077657  5.3422006992372086e-06
428.35  0.009139547454566615  5.3422254240754335e-06
428.40000000000003  0.009139547466752888  5.34226164412789e-06
428.45000000000005  0.00913954747794773  5.34230788867406e-06
428.5  0.009139547487491738  5.342362384457217e-06
428.55  0.0091395474947702  5.342423098347567e-06
428.6  0.00913954749923896  5.34248780415539e-06
428.65000000000003  0.009139547500432044  5.342554135317741e-06
428.70000000000005  0.009139547497986695  5.342619658811273e-06
428.75  0.009139547491641975  5.3426819437551315e-06
428.8  0.009139547481259964  5.342738629727833e-06
428.85  0.009139547466815185  5.342787484961331e-06
428.90000000000003  0.009139547448405876  5.342826482603144e-06
428.95000000000005  0.009139547426242817  5.342853853308727e-06
429.0  0.009139547400646828  5.342868121449974e-06
429.05  0.009139547372038915  5.342868152039709e-06
429.1  0.009139547340922361  5.3428531759216525e-06
429.15000000000003  0.009139547307875596  5.342822814546455e-06
429.20000000000005  0.00913954727353732  5.34277708653068e-06
429.25  0.009139547238583012  5.342716407532883e-06
429.3  0.00913954720371664  5.342641578660022e-06
429.35  0.009139547169644553  5.3425537640714674e-06
429.40000000000003  0.009139547137057958  5.3424544635915735e-06
429.45000000000005  0.00913954710661272  5.342345470136253e-06
429.5  0.009139547078908515  5.342228819345122e-06
429.55  0.00913954705447398  5.342106743142243e-06
429.6  0.009139547033740158  5.341981592424708e-06
429.65000000000003  0.009139547017031522  5.3418557813616975e-06
429.70000000000005  0.009139547004553186  5.341731713536348e-06
429.75  0.009139546996386853  5.3416117146449366e-06
429.8  0.00913954699248316  5.341497966868927e-06
429.85  0.009139546992665396  5.341392445279739e-06
429.90000000000003  0.009139546996639597  5.3412968684714984e-06
429.95000000000005  0.009139547004004366  5.3412126474952225e-06
430.0  0.009139547014267682  5.3411408551541075e-06
430.05  0.009139547026860508  5.341082200513447e-06
430.1  0.009139547041166707  5.341037015458097e-06
430.15000000000003  0.009139547056528495  5.341005251013778e-06
430.20000000000005  0.00913954707227545  5.3409864837921685e-06
430.25  0.009139547087742806  5.3409799331997974e-06
430.3  0.00913954710228233  5.340984494833258e-06
430.35  0.009139547115281239  5.340998749867477e-06
430.40000000000003  0.009139547126176824  5.341021018878222e-06
430.45000000000005  0.009139547134467683  5.341049403979241e-06
430.5  0.009139547139728754  5.341081837608483e-06
430.55  0.00913954714161761  5.3411161355786e-06
430.6  0.009139547139889981  5.341150053543716e-06
430.65000000000003  0.009139547134405398  5.34118135659279e-06
430.70000000000005  0.009139547125128468  5.341207867983584e-06
430.75  0.009139547112138557  5.341227540019936e-06
430.8  0.00913954709563458  5.341238517763715e-06
430.85  0.009139547075920516  5.341239181706737e-06
430.90000000000003  0.009139547053409513  5.341228211701559e-06
430.95000000000005  0.009139547028609349  5.341204614319156e-06
431.0  0.009139547002104844  5.341167751846121e-06
431.05  0.009139546974544884  5.341117372687919e-06
431.1  0.0091395469466117  5.341053601237125e-06
431.15000000000003  0.009139546919014684  5.340976935196205e-06
431.20000000000005  0.009139546892457405  5.340888228603895e-06
431.25  0.00913954686761477  5.340788659165534e-06
431.3  0.009139546845118154  5.340679693797122e-06
431.35  0.009139546825529078  5.340563038466544e-06
431.40000000000003  0.009139546809332141  5.340440586899754e-06
431.45000000000005  0.0091395467969143  5.340314366807e-06
431.5  0.009139546788561648  5.340186480620171e-06
431.55  0.009139546784452923  5.3400590571416095e-06
431.6  0.009139546784643727  5.339934180026559e-06
431.65000000000003  0.009139546789077354  5.339813847564465e-06
431.70000000000005  0.00913954679758195  5.339699908776319e-06
431.75  0.009139546809873021  5.339594019484627e-06
431.8  0.009139546825567415  5.339497599782109e-06
431.85  0.009139546844186074  5.339411794283281e-06
431.90000000000003  0.009139546865169181  5.339337443739764e-06
431.95000000000005  0.009139546887891873  5.33927506458199e-06
432.0  0.00913954691168185  5.339224829499403e-06
432.05  0.00913954693584406  5.339186575804703e-06
432.1  0.009139546959672498  5.339159803078198e-06
432.15000000000003  0.009139546982484254  5.339143697551726e-06
432.20000000000005  0.009139547003622024  5.3391371543580046e-06
432.25  0.009139547022491108  5.339138816546024e-06
432.3  0.009139547038563952  5.3391471179176585e-06
432.35  0.00913954705140036  5.339160324912293e-06
432.40000000000003  0.009139547060658018  5.3391765930799326e-06
432.45000000000005  0.009139547066095172  5.339194018180412e-06
432.5  0.009139547067583326  5.33921069163269e-06
432.55  0.009139547065101478  5.33922474831635e-06
432.6  0.009139547058741652  5.339234417730328e-06
432.65000000000003  0.009139547048706224  5.339238080704332e-06
432.70000000000005  0.009139547035296009  5.3392342991985704e-06
432.75  0.009139547018911124  5.33922186534406e-06
432.8  0.009139547000039005  5.339199834836163e-06
432.85  0.009139546979242893  5.339167553090581e-06
432.90000000000003  0.00913954695714965  5.339124669418924e-06
432.95000000000005  0.009139546934425829  5.339071157936894e-06
433.0  0.009139546911767571  5.339007313828292e-06
433.05  0.009139546889879507  5.338933755319019e-06
433.1  0.009139546869440053  5.338851388523344e-06
433.15000000000003  0.009139546851092771  5.338761392931039e-06
433.20000000000005  0.009139546835412633  5.33866517739794e-06
433.25  0.009139546822884917  5.338564342266517e-06
433.3  0.009139546813893541  5.338460614238668e-06
433.35  0.009139546808697944  5.338355805605921e-06
433.40000000000003  0.009139546807431656  5.3382517462723426e-06
433.45000000000005  0.009139546810086167  5.33815023826044e-06
433.5  0.00913954681652434  5.338052997041457e-06
433.55  0.009139546826477891  5.337961605022992e-06
433.6  0.009139546839562106  5.337877475277558e-06
433.65000000000003  0.009139546855285723  5.337801816143219e-06
433.70000000000005  0.009139546873064008  5.3377355999825716e-06
433.75  0.009139546892251679  5.3376795614647784e-06
433.8  0.009139546912140572  5.3376341768178914e-06
433.85  0.00913954693198877  5.337599653229097e-06
433.90000000000003  0.009139546951031398  5.337575948616388e-06
433.95000000000005  0.009139546968495844  5.337562777775722e-06
434.0  0.009139546983610691  5.3375596234842785e-06
434.05  0.009139546995620583  5.337565759916461e-06
434.1  0.009139547003795715  5.3375802906740805e-06
434.15000000000003  0.009139547007425674  5.3376021733867905e-06
434.20000000000005  0.00913954700583805  5.337630280746004e-06
434.25  0.009139546998400432  5.3376634275309085e-06
434.3  0.009139546984505871  5.3377004405039444e-06
434.35  0.009139546963585463  5.337740209189522e-06
434.40000000000003  0.00913954693508855  5.337781742790625e-06
434.45000000000005  0.009139546898482256  5.337824246621646e-06
434.5  0.009139546853225159  5.337867165250475e-06
434.55  0.00913954679874988  5.337910253838619e-06
434.6  0.009139546734439192  5.337953636113605e-06
434.65000000000003  0.009139546659589732  5.337997845576573e-06
434.70000000000005  0.009139546573381594  5.3380438925446235e-06
434.75  0.009139546474823918  5.338093297500553e-06
434.8  0.009139546362728491  5.3381481572506505e-06
434.85  0.009139546235645318  5.338211172377296e-06
434.90000000000003  0.009139546091827794  5.3382857041974646e-06
434.95000000000005  0.009139545929176703  5.33837583157064e-06
435.0  0.009139545745203585  5.338486401803514e-06
435.05  0.0091395455369969  5.338623092426636e-06
435.1  0.009139545301210961  5.3387924876226395e-06
435.15000000000003  0.009139545034075408  5.339002132310154e-06
435.20000000000005  0.00913954473144709  5.339260605704589e-06
435.25  0.009139544388913201  5.339577558611489e-06
435.3  0.009139544001940208  5.339963719000473e-06
435.35  0.009139543566069205  5.340430836730712e-06
435.40000000000003  0.009139543077146539  5.340991499178333e-06
435.45000000000005  0.0091395425315146  5.341658786185612e-06
435.5  0.009139541926163463  5.342445710792307e-06
435.55  0.009139541258729105  5.343364351759314e-06
435.6  0.009139540527359333  5.344424736598711e-06
435.65000000000003  0.009139539730444556  5.345633474716121e-06
435.70000000000005  0.009139538866271037  5.34699230310767e-06
435.75  0.009139537932704021  5.3484967516067715e-06
435.8  0.00913953692697584  5.35013513838702e-06
435.85  0.009139535845660497  5.35188813026628e-06
435.90000000000003  0.00913953468487225  5.353729006771224e-06
435.95000000000005  0.009139533440671092  5.355624669063674e-06
436.0  0.009139532109618142  5.357537293536807e-06
436.05  0.00913953068943741  5.359426507532119e-06
436.1  0.009139529179669943  5.361251834081968e-06
436.15000000000003  0.009139527582255131  5.362975142000751e-06
436.20000000000005  0.009139525901982807  5.364562922522938e-06
436.25  0.009139524146721865  5.365988163413902e-06
436.3  0.009139522327428479  5.367231692873537e-06
436.35  0.009139520457873033  5.368282964682888e-06
436.40000000000003  0.009139518554125287  5.369140239843957e-06
436.45000000000005  0.009139516633781253  5.369810220233375e-06
436.5  0.00913951471499884  5.370307223211428e-06
436.55  0.009139512815393682  5.3706519596336704e-06
436.6  0.00913951095087422  5.37087003185503e-06
436.65000000000003  0.009139509134512686  5.370990268150722e-06
436.70000000000005  0.009139507375538099  5.371042959925439e-06
436.75  0.009139505678582249  5.3710581257830495e-06
436.8  0.009139504043227081  5.371063840696997e-06
436.85  0.009139502463928775  5.371084761258396e-06
436.90000000000003  0.00913950093037742  5.3711408335255055e-06
436.95000000000005  0.009139499428256495  5.371246300572494e-06
437.0  0.009139497940391133  5.371409036947867e-06
437.05  0.00913949644820311  5.37163021103505e-06
437.1  0.009139494933370667  5.371904334393774e-06
437.15000000000003  0.009139493379543655  5.372219688393144e-06
437.20000000000005  0.009139491774002872  5.372559065137462e-06
437.25  0.009139490109098305  5.372900861486281e-06
437.3  0.009139488383330613  5.373220393478672e-06
437.35  0.009139486602006561  5.373491374718615e-06
437.40000000000003  0.009139484777357359  5.373687498107357e-06
437.45000000000005  0.009139482928124724  5.3737839570059515e-06
437.5  0.009139481078620601  5.373758875189282e-06
437.55  0.009139479257341682  5.3735944809192755e-06
437.6  0.009139477495221414  5.373278009583864e-06
437.65000000000003  0.009139475823674425  5.3728022217902605e-06
437.70000000000005  0.0091394742725793  5.372165560274327e-06
437.75  0.009139472868353753  5.371371885259837e-06
437.8  0.009139471632288312  5.370429852410649e-06
437.85  0.009139470579255226  5.369352000547981e-06
437.90000000000003  0.009139469716879001  5.36815358352866e-06
437.95000000000005  0.009139469045270916  5.366851281772642e-06
438.0  0.009139468557269137  5.365461878449672e-06
438.05  0.0091394682392217  5.3640010228038016e-06
438.1  0.009139468072201274  5.36248213586798e-06
438.15000000000003  0.009139468033557004  5.3609155929349546e-06
438.20000000000005  0.00913946809866985  5.359308194389579e-06
438.25  0.009139468242774472  5.357662965354377e-06
438.3  0.009139468442715331  5.355979301366364e-06
438.35  0.009139468678468265  5.354253408961624e-06
438.40000000000003  0.009139468934375856  5.352479005714243e-06
438.45000000000005  0.009139469199965203  5.350648187095572e-06
438.5  0.009139469470329821  5.348752423658932e-06
438.55  0.009139469746078974  5.346783536660236e-06
438.6  0.009139470032844583  5.344734616392682e-06
438.65000000000003  0.009139470340449733  5.342600784342174e-06
438.70000000000005  0.009139470681797759  5.340379754014096e-06
438.75  0.009139471071590181  5.338072125954645e-06
438.8  0.009139471524999571  5.3356814404174695e-06
438.85  0.009139472056366914  5.33321395819041e-06
438.90000000000003  0.009139472678066883  5.330678234619784e-06
438.95000000000005  0.009139473399602516  5.3280844824435294e-06
439.0  0.00913947422695762  5.325443844445715e-06
439.05  0.00913947516228381  5.3227675959377e-06
439.1  0.009139476203898284  5.32006636504395e-06
439.15000000000003  0.009139477346561651  5.317349420905909e-06
439.20000000000005  0.009139478581999344  5.314624081472559e-06
439.25  0.009139479899616797  5.311895293937108e-06
439.3  0.00913948128730593  5.3091653753875915e-06
439.35  0.009139482732286291  5.306433928262686e-06
439.40000000000003  0.009139484221901096  5.303697912809155e-06
439.45000000000005  0.009139485744297425  5.3009518323511844e-06
439.5  0.009139487288950723  5.298187967277257e-06
439.55  0.009139488846966724  5.295396618445818e-06
439.6  0.009139490411174093  5.292566268876302e-06
439.65000000000003  0.009139491975973833  5.289683585536764e-06
439.70000000000005  0.009139493536963673  5.286733218400454e-06
439.75  0.00913949509035593  5.283697334746015e-06
439.8  0.00913949663227991  5.280554959025271e-06
439.85  0.009139498158039897  5.277281253854554e-06
439.90000000000003  0.00913949966162364  5.273847054528761e-06
439.95000000000005  0.009139501135760106  5.2702191766633454e-06
440.0  0.009139502572915147  5.266361940204126e-06
440.05  0.00913950396740618  5.2622402048925075e-06
440.1  0.009139505318532117  5.257823755775988e-06
440.15000000000003  0.00913950663417706  5.253092292809773e-06
440.20000000000005  0.009139507934191961  5.248039966220235e-06
440.25  0.009139509252656657  5.242678451856735e-06
440.3  0.009139510638357346  5.237037892494051e-06
440.35  0.009139512153018291  5.231165575433265e-06
440.40000000000003  0.009139513867347428  5.225122719563168e-06
440.45000000000005  0.009139515855233517  5.218979994616466e-06
440.5  0.009139518186797875  5.212812527261989e-06
440.55  0.009139520921164834  5.206695084846726e-06
440.6  0.009139524099792906  5.200697943035686e-06
440.65000000000003  0.009139527741161998  5.194883723259967e-06
440.70000000000005  0.009139531837408461  5.189305326557935e-06
440.75  0.009139536353284322  5.184004891876709e-06
440.8  0.00913954122755549  5.179013575102697e-06
440.85  0.009139546376720776  5.1743519704396525e-06
440.90000000000003  0.009139551700726015  5.170030889594735e-06
440.95000000000005  0.009139557090127853  5.166052321218455e-06
441.0  0.00913956243409502  5.162410430947599e-06
441.05  0.009139567628542046  5.159092488858175e-06
441.1  0.009139572583684127  5.15607973823937e-06
441.15000000000003  0.009139577230379534  5.153348221399018e-06
441.20000000000005  0.009139581524731401  5.1508695966901645e-06
441.25  0.009139585450593315  5.148612068324747e-06
441.3  0.009139589019769814  5.146541433006483e-06
441.35  0.009139592269942317  5.144622303019449e-06
441.40000000000003  0.009139595260541429  5.142819504506545e-06
441.45000000000005  0.009139598066923858  5.1410995986387e-06
441.5  0.009139600773374239  5.139432443555987e-06
441.55  0.00913960346554741  5.137792708103045e-06
441.6  0.009139606222977149  5.1361611979199614e-06
441.65000000000003  0.009139609112275664  5.13452589470648e-06
441.70000000000005  0.009139612181565374  5.132882589696346e-06
441.75  0.009139615456563265  5.131235048440091e-06
441.8  0.00913961893862288  5.129594657675028e-06
441.85  0.009139622604789222  5.127979587542925e-06
441.90000000000003  0.009139626409852327  5.1264134928482425e-06
441.95000000000005  0.009139630290138125  5.124923884649625e-06
442.0  0.00913963416868107  5.123540253744896e-06
442.05  0.009139637961329643  5.122292132407494e-06
442.1  0.009139641583209634  5.121207217534331e-06
442.15000000000003  0.009139644955071887  5.120309709778011e-06
442.20000000000005  0.009139648008974825  5.119618986498277e-06
442.25  0.009139650692879534  5.11914867777749e-06
442.3  0.009139652973853014  5.118906236190556e-06
442.35  0.00913965483966284  5.11889294952777e-06
442.40000000000003  0.009139656298715115  5.119104423566788e-06
442.45000000000005  0.009139657378428086  5.1195314180211226e-06
442.5  0.009139658122230618  5.120160963410195e-06
442.55  0.009139658585496483  5.120977643737455e-06
442.6  0.009139658830802606  5.121964915944042e-06
442.65000000000003  0.009139658922907998  5.123106363087498e-06
442.70000000000005  0.009139658923861064  5.124386790867253e-06
442.75  0.009139658888630157  5.125793054537109e-06
442.8  0.009139658861572402  5.127314621696541e-06
442.85  0.009139658873918332  5.12894381494316e-06
442.90000000000003  0.009139658942490886  5.130675743795609e-06
442.95000000000005  0.0091396590695947  5.132508013779946e-06
443.0  0.009139659244063573  5.134440197180257e-06
443.05  0.009139659443287328  5.1364731998106475e-06
443.1  0.009139659635967808  5.138608551929461e-06
443.15000000000003  0.0091396597853752  5.140847730187204e-06
443.20000000000005  0.00913965985277675  5.143191564621413e-06
443.25  0.00913965980076362  5.145639767081291e-06
443.3  0.009139659596225772  5.148190621220427e-06
443.35  0.009139659212749396  5.150840878087202e-06
443.40000000000003  0.009139658632308518  5.153585787704893e-06
443.45000000000005  0.009139657846153854  5.1564193040851895e-06
443.5  0.009139656854902242  5.159334390662589e-06
443.55  0.009139655667878003  5.1623234252239016e-06
443.6  0.009139654301829312  5.1653785942600635e-06
443.65000000000003  0.009139652779173104  5.168492296525379e-06
443.70000000000005  0.009139651125932916  5.171657490758447e-06
443.75  0.00913964936959713  5.1748679576549554e-06
443.8  0.009139647537051848  5.178118461452396e-06
443.85  0.009139645652753613  5.181404807653371e-06
443.90000000000003  0.009139643737293809  5.184723800932367e-06
443.95000000000005  0.009139641806402981  5.1880731313601715e-06
444.0  0.009139639870463134  5.191451185483436e-06
444.05  0.009139637934521841  5.194856831326571e-06
444.1  0.00913963599874058  5.198289191654822e-06
444.15000000000003  0.009139634059219415  5.20174745063343e-06
444.20000000000005  0.009139632109087905  5.2052306740823086e-06
444.25  0.009139630139735636  5.208737699546667e-06
444.3  0.009139628142079234  5.212267076327569e-06
444.35  0.009139626107738111  5.21581705451409e-06
444.40000000000003  0.009139624030037225  5.219385632529319e-06
444.45000000000005  0.009139621904758937  5.222970627088888e-06
444.5  0.009139619730611412  5.226569764225485e-06
444.55  0.00913961750938229  5.230180765753551e-06
444.6  0.009139615245797466  5.233801446170004e-06
444.65000000000003  0.009139612947146703  5.23742974247696e-06
444.70000000000005  0.009139610622682145  5.241063732712751e-06
444.75  0.00913960828290177  5.2447016151624046e-06
444.8  0.00913960593878742  5.2483416557122e-06
444.85  0.009139603601028109  5.251982091210934e-06
444.90000000000003  0.009139601279357295  5.255621018053025e-06
444.95000000000005  0.009139598981993251  5.259256295229151e-06
445.0  0.00913959671526645  5.262885429521496e-06
445.05  0.00913959448342613  5.266505486791991e-06
445.1  0.009139592288626605  5.2701130479589965e-06
445.15000000000003  0.009139590131100496  5.273704177311813e-06
445.20000000000005  0.009139588009462237  5.277274458717726e-06
445.25  0.009139585921119653  5.280819054403216e-06
445.3  0.009139583862756654  5.284332802951903e-06
445.35  0.009139581830819341  5.28781034295347e-06
445.40000000000003  0.009139579821995057  5.291246269390501e-06
445.45000000000005  0.00913957783360686  5.294635280590049e-06
445.5  0.009139575863941714  5.297972329191961e-06
445.55  0.00913957391246039  5.301252765671006e-06
445.6  0.009139571979888881  5.30447244473473e-06
445.65000000000003  0.009139570068208903  5.3076278154367586e-06
445.70000000000005  0.009139568180537424  5.310715970144244e-06
445.75  0.009139566320932439  5.313734668468484e-06
445.8  0.009139564494120466  5.316682311547595e-06
445.85  0.009139562705216016  5.319557924874751e-06
445.90000000000003  0.009139560959410648  5.322361066079637e-06
445.95000000000005  0.009139559261683711  5.325091761368395e-06
446.0  0.009139557616560127  5.327750416308152e-06
446.05  0.009139556027905069  5.330337727921643e-06
446.1  0.009139554498786593  5.3328546028240365e-06
446.15000000000003  0.009139553031410935  5.335302085535164e-06
446.20000000000005  0.009139551627108647  5.33768130290364e-06
446.25  0.009139550286380416  5.339993417649721e-06
446.3  0.009139549009009321  5.342239606299839e-06
446.35  0.009139547794182277  5.344421034900583e-06
446.40000000000003  0.009139546640642468  5.34653886151155e-06
446.45000000000005  0.009139545546848565  5.348594222682145e-06
446.5  0.009139544511128837  5.350588238830362e-06
446.55  0.009139543531809298  5.352522003918632e-06
446.6  0.009139542607317953  5.354396568716237e-06
446.65000000000003  0.009139541736255804  5.356212921067151e-06
446.70000000000005  0.009139540917449371  5.3579719483451e-06
446.75  0.009139540149958115  5.3596743929345365e-06
446.8  0.009139539433045478  5.361320816141507e-06
446.85  0.009139538766159715  5.362911532383503e-06
446.90000000000003  0.009139538148867971  5.364446573543876e-06
446.95000000000005  0.009139537580806484  5.365925654381013e-06
447.0  0.00913953706161982  5.3673481449562684e-06
447.05  0.009139536590899302  5.368713065291228e-06
447.1  0.009139536168159622  5.3700191055894905e-06
447.15000000000003  0.00913953579278749  5.3712646648777416e-06
447.20000000000005  0.009139535464042649  5.372447900816929e-06
447.25  0.009139535181050108  5.373566816058856e-06
447.3  0.009139534942813405  5.374619341809439e-06
447.35  0.009139534748236764  5.375603442590231e-06
447.40000000000003  0.009139534596160393  5.3765172141079925e-06
447.45000000000005  0.009139534485387233  5.377358988119707e-06
447.5  0.009139534414717673  5.378127420437105e-06
447.55  0.00913953438299684  5.378821573251977e-06
447.6  0.009139534389123091  5.379440978096992e-06
447.65000000000003  0.009139534432086526  5.379985676645031e-06
447.70000000000005  0.009139534510974483  5.38045624757247e-06
447.75  0.009139534624980964  5.380853810500849e-06
447.8  0.009139534773405449  5.381179996880622e-06
447.85  0.00913953495563515  5.381436940838594e-06
447.90000000000003  0.009139535171131929  5.381627211856503e-06
447.95000000000005  0.009139535419408446  5.3817537650648994e-06
448.0  0.009139535699987452  5.381819865767502e-06
448.05  0.009139536012376985  5.381829021630148e-06
448.1  0.009139536356026445  5.38178489464515e-06
448.15000000000003  0.009139536730294984  5.381691237908541e-06
448.20000000000005  0.009139537134422336  5.381551804468324e-06
448.25  0.00913953756749403  5.3813702806834425e-06
448.3  0.009139538028431798  5.381150225788076e-06
448.35  0.009139538515980795  5.38089500913639e-06
448.40000000000003  0.00913953902869569  5.380607764822877e-06
448.45000000000005  0.009139539564962263  5.380291346170855e-06
448.5  0.009139540123001198  5.3799483050723435e-06
448.55  0.009139540700900842  5.379580867388007e-06
448.6  0.009139541296631694  5.379190918113964e-06
448.65000000000003  0.009139541908091846  5.378780010352805e-06
448.70000000000005  0.009139542533135873  5.3783493613245394e-06
448.75  0.009139543169608442  5.377899869007095e-06
448.8  0.00913954381537975  5.377432127008966e-06
448.85  0.00913954446837301  5.376946447611117e-06
448.90000000000003  0.00913954512660068  5.3764428876734455e-06
448.95000000000005  0.009139545788177545  5.3759212791480845e-06
449.0  0.009139546451342215  5.3753812702817395e-06
449.05  0.009139547114476487  5.374822360613193e-06
449.1  0.009139547776108495  5.374243951923596e-06
449.15000000000003  0.009139548434921572  5.37364539307712e-06
449.20000000000005  0.00913954908975459  5.373026033620766e-06
449.25  0.009139549739602066  5.372385287546349e-06
449.3  0.00913955038360924  5.371722677133576e-06
449.35  0.009139551021060394  5.371037901835262e-06
449.40000000000003  0.009139551651369818  5.370330889219979e-06
449.45000000000005  0.009139552274066902  5.369601833525692e-06
449.5  0.009139552888777634  5.368851242857947e-06
449.55  0.009139553495210348  5.368079961223413e-06
449.6  0.009139554093133082  5.367289187688381e-06
449.65000000000003  0.009139554682354062  5.366480479348937e-06
449.70000000000005  0.009139555262708324  5.3656557376939216e-06
449.75  0.009139555834032295  5.364817183662262e-06
449.8  0.009139556396155043  5.3639673249002845e-06
449.85  0.00913955694887815  5.363108914975057e-06
449.90000000000003  0.009139557491973406  5.362244889469401e-06
449.95000000000005  0.009139558025160883  5.361378319026231e-06
450.0  0.009139558548119762  5.360512342472094e-06
450.05  0.009139559060466745  5.359650103184529e-06
450.1  0.00913955956176174  5.358794697296967e-06
450.15000000000003  0.009139560051499828  5.357949094045647e-06
450.20000000000005  0.009139560529117121  5.357116098905009e-06
450.25  0.009139560993976725  5.356298291113741e-06
450.3  0.009139561445382888  5.355497972736687e-06
450.35  0.009139561882573265  5.354717145672223e-06
450.40000000000003  0.009139562304731369  5.353957464612573e-06
450.45000000000005  0.009139562710989018  5.353220217505948e-06
450.5  0.009139563100444514  5.35250631725269e-06
450.55  0.009139563472171677  5.3518162909351385e-06
450.6  0.009139563825235003  5.351150301156622e-06
450.65000000000003  0.009139564158722548  5.350508152805798e-06
450.70000000000005  0.009139564471749365  5.349889331507287e-06
450.75  0.009139564763499697  5.349293036158577e-06
450.8  0.009139565033235934  5.348718230460149e-06
450.85  0.009139565280326707  5.348163692309345e-06
450.90000000000003  0.00913956550426125  5.34762807396003e-06
450.95000000000005  0.009139565704665974  5.3471099539193975e-06
451.0  0.009139565881312341  5.346607902235805e-06
451.05  0.009139566034129635  5.3461205296407785e-06
451.1  0.00913956616320204  5.3456465392899034e-06
451.15000000000003  0.009139566268765787  5.345184774934418e-06
451.20000000000005  0.009139566351207402  5.344734259713857e-06
451.25  0.009139566411056305  5.344294231871081e-06
451.3  0.009139566448965089  5.343864167263728e-06
451.35  0.009139566465697316  5.343443807601014e-06
451.40000000000003  0.009139566462116598  5.343033167893663e-06
451.45000000000005  0.009139566439159134  5.342632540470066e-06
451.5  0.009139566397810463  5.342242499305986e-06
451.55  0.009139566339092037  5.341863883675385e-06
451.6  0.009139566264026329  5.341497781691641e-06
451.65000000000003  0.009139566173620994  5.3411454987781345e-06
451.70000000000005  0.009139566068835633  5.3408085261453945e-06
451.75  0.009139565950565375  5.340488498171384e-06
451.8  0.009139565819618969  5.340187138467591e-06
451.85  0.009139565676696694  5.339906207940269e-06
451.90000000000003  0.009139565522391865  5.339647450401056e-06
451.95000000000005  0.009139565357164259  5.339412528287501e-06
452.0  0.009139565181354826  5.3392029818122235e-06
452.05  0.009139564995180899  5.339020165581916e-06
452.1  0.009139564798751275  5.338865210590641e-06
452.15000000000003  0.009139564592072469  5.338738988728523e-06
452.20000000000005  0.00913956437506851  5.338642076592112e-06
452.25  0.009139564147601514  5.338574738654369e-06
452.3  0.009139563909487194  5.338536926972361e-06
452.35  0.00913956366051943  5.338528262219526e-06
452.40000000000003  0.009139563400487188  5.3385480432915976e-06
452.45000000000005  0.009139563129190068  5.3385952708253845e-06
452.5  0.009139562846462194  5.338668660884551e-06
452.55  0.009139562552185712  5.338766673273338e-06
452.6  0.009139562246297002  5.33888754163049e-06
452.65000000000003  0.00913956192880747  5.3390293190658765e-06
452.70000000000005  0.0091395615998155  5.339189922369807e-06
452.75  0.00913956125950891  5.339367175995267e-06
452.8  0.009139560908176941  5.339558873433735e-06
452.85  0.00913956054621856  5.339762828914549e-06
452.90000000000003  0.009139560174141078  5.339976931750324e-06
452.95000000000005  0.009139559792564006  5.340199209662763e-06
453.0  0.009139559402217072  5.340427865055289e-06
453.05  0.009139559003935004  5.340661333710017e-06
453.1  0.009139558598648415  5.3408983116068494e-06
453.15000000000003  0.00913955818736973  5.341137788507887e-06
453.20000000000005  0.00913955777118199  5.34137906231958e-06
453.25  0.009139557351224436  5.341621741053405e-06
453.3  0.009139556928664722  5.34186574822871e-06
453.35  0.009139556504688708  5.342111300650097e-06
453.40000000000003  0.009139556080473371  5.342358884877793e-06
453.45000000000005  0.009139555657174605  5.342609226491389e-06
453.5  0.009139555235899627  5.3428632506761055e-06
453.55  0.009139554817692254  5.343122041281479e-06
453.6  0.009139554403520928  5.343386792131791e-06
453.65000000000003  0.009139553994255022  5.343658757417694e-06
453.70000000000005  0.009139553590654336  5.343939209229696e-06
453.75  0.009139553193354778  5.344229381025901e-06
453.8  0.009139552802862896  5.344530421450694e-06
453.85  0.009139552419542448  5.344843350308271e-06
453.90000000000003  0.00913955204362112  5.34516901478662e-06
453.95000000000005  0.0091395516751815  5.345508048511759e-06
454.0  0.009139551314172484  5.345860834383184e-06
454.05  0.009139550960419096  5.346227478783083e-06
454.1  0.009139550613634494  5.346607794531595e-06
454.15000000000003  0.009139550273449731  5.3470012918605e-06
454.20000000000005  0.009139549939426853  5.347407167458713e-06
454.25  0.009139549611095844  5.34782432053707e-06
454.3  0.009139549287974804  5.348251366607017e-06
454.35  0.009139548969603197  5.348686670822271e-06
454.40000000000003  0.009139548655563729  5.349128371563846e-06
454.45000000000005  0.009139548345511091  5.349574433234953e-06
454.5  0.009139548039186486  5.350022696389955e-06
454.55  0.009139547736435756  5.350470918082898e-06
454.6  0.009139547437209988  5.350916836129906e-06
454.65000000000003  0.009139547141572578  5.3513582188930895e-06
454.70000000000005  0.009139546849697953  5.351792913545542e-06
454.75  0.009139546561868628  5.3522189058450285e-06
454.8  0.009139546278457304  5.3526343612822795e-06
454.85  0.00913954599992484  5.353037673151749e-06
454.90000000000003  0.009139545726805856  5.353427493865273e-06
454.95000000000005  0.009139545459689716  5.353802767550935e-06
455.0  0.00913954519921524  5.354162762562329e-06
455.05  0.009139544946050536  5.3545070793515476e-06
455.1  0.009139544700882511  5.354835661121142e-06
455.15000000000003  0.009139544464400693  5.355148786631309e-06
455.20000000000005  0.009139544237282932  5.355447069314422e-06
455.25  0.009139544020182886  5.3557314178819e-06
455.3  0.009139543813711435  5.356003012177836e-06
455.35  0.009139543618424726  5.356263273152283e-06
455.40000000000003  0.009139543434816627  5.3565137865127185e-06
455.45000000000005  0.009139543263293947  5.356756263628958e-06
455.5  0.009139543104173252  5.3569924850388495e-06
455.55  0.009139542957668334  5.357224224146516e-06
455.6  0.00913954282389524  5.357453209818954e-06
455.65000000000003  0.009139542702851864  5.35768105476423e-06
455.70000000000005  0.009139542594425065  5.3579092082845035e-06
455.75  0.00913954249839408  5.358138915486602e-06
455.8  0.00913954241442792  5.358371186315041e-06
455.85  0.009139542342098446  5.358606751752911e-06
455.90000000000003  0.009139542280883812  5.358846055890181e-06
455.95000000000005  0.009139542230176424  5.359089235934425e-06
456.0  0.009139542189299237  5.359336122843182e-06
456.05  0.009139542157519082  5.359586242242875e-06
456.1  0.009139542134053467  5.359838818659525e-06
456.15000000000003  0.0091395421181002  5.3600927954196124e-06
456.20000000000005  0.009139542108849506  5.360346862645854e-06
456.25  0.009139542105506777  5.360599480140648e-06
456.3  0.009139542107308017  5.3608489121890145e-06
456.35  0.009139542113551946  5.361093287005567e-06
456.40000000000003  0.009139542123605415  5.3613306252124344e-06
456.45000000000005  0.009139542136929683  5.361558906675883e-06
456.5  0.009139542153090291  5.36177612445979e-06
456.55  0.009139542171772118  5.36198033907029e-06
456.6  0.009139542192781559  5.362169744206613e-06
456.65000000000003  0.009139542216045026  5.362342716235945e-06
456.70000000000005  0.009139542241601812  5.362497867010226e-06
456.75  0.009139542269596903  5.362634087443597e-06
456.8  0.009139542300269565  5.362750590582222e-06
456.85  0.009139542333931962  5.362846925414911e-06
456.90000000000003  0.009139542370953067  5.362923006662875e-06
456.95000000000005  0.009139542411739372  5.362979118618398e-06
457.0  0.009139542456714628  5.363015902872588e-06
457.05  0.009139542506296316  5.363034351445173e-06
457.1  0.00913954256089302  5.363035793367547e-06
457.15000000000003  0.009139542620874198  5.36302184684555e-06
457.20000000000005  0.009139542686564351  5.36299438892566e-06
457.25  0.009139542758223259  5.362955505006084e-06
457.3  0.009139542836041962  5.362907433893672e-06
457.35  0.00913954292013151  5.362852519098088e-06
457.40000000000003  0.009139543010507956  5.3627931395323165e-06
457.45000000000005  0.00913954310710053  5.3627316449910865e-06
457.5  0.009139543209728644  5.362670296046607e-06
457.55  0.009139543318116134  5.362611198305692e-06
457.6  0.00913954343187888  5.3625562497971666e-06
457.65000000000003  0.009139543550534097  5.362507082075894e-06
457.70000000000005  0.00913954367351357  5.362465025160815e-06
457.75  0.009139543800159265  5.36243106638042e-06
457.8  0.009139543929750707  5.362405833736104e-06
457.85  0.009139544061508792  5.362389578526794e-06
457.90000000000003  0.009139544194625468  5.3623821753964935e-06
457.95000000000005  0.009139544328270327  5.36238314244043e-06
458.0  0.009139544461616626  5.362391652125411e-06
458.05  0.009139544593853428  5.362406566742912e-06
458.1  0.009139544724207395  5.3624264780553115e-06
458.15000000000003  0.009139544851953584  5.362449745011761e-06
458.20000000000005  0.009139544976433545  5.362474551043935e-06
458.25  0.009139545097064944  5.362498951596857e-06
458.3  0.009139545213349975  5.36252092796024e-06
458.35  0.009139545324877848  5.362538435995572e-06
458.40000000000003  0.009139545431349594  5.3625494841486325e-06
458.45000000000005  0.009139545532564238  5.362552169795856e-06
458.5  0.00913954562842354  5.362544744080323e-06
458.55  0.00913954571894559  5.362525663410228e-06
458.6  0.009139545804247378  5.362493641918975e-06
458.65000000000003  0.009139545884551594  5.362447688545056e-06
458.70000000000005  0.009139545960170414  5.362387157372968e-06
458.75  0.009139546031496325  5.362311762629134e-06
458.8  0.009139546098987542  5.362221601900642e-06
458.85  0.009139546163154662  5.362117169086954e-06
458.90000000000003  0.009139546224535961  5.36199933803621e-06
458.95000000000005  0.009139546283679105  5.361869346641717e-06
459.0  0.009139546341122488  5.3617287738372895e-06
459.05  0.009139546397373863  5.361579490733778e-06
459.1  0.00913954645289163  5.361423617199863e-06
459.15000000000003  0.009139546508070109  5.361263457266696e-06
459.20000000000005  0.009139546563225394  5.3611014484695844e-06
459.25  0.009139546618589449  5.36094009503127e-06
459.3  0.009139546674296985  5.3607818883918035e-06
459.35  0.009139546730386824  5.3606292650831724e-06
459.40000000000003  0.00913954678679774  5.360484528533008e-06
459.45000000000005  0.009139546843371583  5.360349801192667e-06
459.5  0.009139546899854592  5.360226967547068e-06
459.55  0.009139546955906318  5.36011763245509e-06
459.6  0.009139547011102662  5.360023067866888e-06
459.65000000000003  0.00913954706494544  5.359944197679922e-06
459.70000000000005  0.009139547116876447  5.359881562181517e-06
459.75  0.009139547166286236  5.359835310013677e-06
459.8  0.009139547212535626  5.359805185266146e-06
459.85  0.00913954725496435  5.3597905466492755e-06
459.90000000000003  0.009139547292915412  5.359790379370324e-06
459.95000000000005  0.009139547325758538  5.3598033175229895e-06
460.0  0.009139547352898559  5.3598276981966305e-06
460.05  0.009139547373805883  5.359861598100348e-06
460.1  0.009139547388028118  5.3599028988010546e-06
460.15000000000003  0.00913954739520358  5.359949333735565e-06
460.20000000000005  0.009139547395076865  5.359998575766428e-06
460.25  0.009139547387508802  5.360048290642253e-06
460.3  0.009139547372473581  5.360096200177425e-06
460.35  0.009139547350059824  5.360140159825196e-06
460.40000000000003  0.00913954732047268  5.360178204897497e-06
460.45000000000005  0.00913954728402677  5.360208610693e-06
460.5  0.009139547241135453  5.36022993763137e-06
460.55  0.009139547192297282  5.360241071683601e-06
460.6  0.009139547138092428  5.360241249491619e-06
460.65000000000003  0.009139547079164314  5.360230086619072e-06
460.70000000000005  0.009139547016205564  5.360207583304485e-06
460.75  0.009139546949946419  5.360174129971445e-06
460.8  0.009139546881130285  5.360130501359654e-06
460.85  0.009139546810508516  5.360077833271935e-06
460.90000000000003  0.009139546738811299  5.360017596187138e-06
460.95000000000005  0.009139546666732001  5.35995155442144e-06
461.0  0.0091395465949143  5.359881721460737e-06
461.05  0.009139546523926076  5.359810294485021e-06
461.1  0.009139546454250958  5.359739602266123e-06
461.15000000000003  0.009139546386265261  5.3596720306383055e-06
461.20000000000005  0.009139546320235965  5.359609956134782e-06
461.25  0.009139546256304972  5.359555671691143e-06
461.3  0.009139546194496487  5.359511327279807e-06
461.35  0.009139546134713872  5.359478866899449e-06
461.40000000000003  0.009139546076749567  5.359459971767625e-06
461.45000000000005  0.009139546020289104  5.359456017820755e-06
461.5  0.009139545964930869  5.359468036817609e-06
461.55  0.009139545910199706  5.359496696252298e-06
461.6  0.009139545855562804  5.359542276444317e-06
461.65000000000003  0.009139545800449251  5.35960466386279e-06
461.70000000000005  0.009139545744267539  5.35968336358016e-06
461.75  0.009139545686423028  5.359777498533248e-06
461.8  0.009139545626335384  5.359885833978247e-06
461.85  0.009139545563459136  5.36000680799578e-06
461.90000000000003  0.009139545497292973  5.360138575298361e-06
461.95000000000005  0.009139545427400298  5.360279040051254e-06
462.0  0.009139545353427304  5.360425914093696e-06
462.05  0.009139545275109712  5.360576777455918e-06
462.1  0.009139545192283046  5.360729137207957e-06
462.15000000000003  0.009139545104899338  5.360880506017371e-06
462.20000000000005  0.0091395450130267  5.361028469745067e-06
462.25  0.009139544916857  5.361170745953948e-06
462.3  0.009139544816702688  5.361305258323073e-06
462.35  0.009139544712988602  5.361430196182773e-06
462.40000000000003  0.009139544606246965  5.36154406878558e-06
462.45000000000005  0.00913954449710188  5.361645737511915e-06
462.5  0.009139544386256668  5.361734456749763e-06
462.55  0.00913954427447427  5.361809878926514e-06
462.6  0.009139544162553012  5.36187206754546e-06
462.65000000000003  0.009139544051310115  5.361921475041025e-06
462.70000000000005  0.00913954394156158  5.36195893834898e-06
462.75  0.009139543834095095  5.361985633937428e-06
462.8  0.009139543729655978  5.36200304037071e-06
462.85  0.009139543628932933  5.362012899939547e-06
462.90000000000003  0.009139543532531103  5.362017148328893e-06
462.95000000000005  0.009139543440968961  5.362017877877964e-06
463.0  0.009139543354659262  5.362017257757906e-06
463.05  0.009139543273906528  5.362017487764458e-06
463.1  0.009139543198890213  5.362020731295716e-06
463.15000000000003  0.009139543129661934  5.362029055384855e-06
463.20000000000005  0.009139543066149404  5.3620443697939926e-06
463.25  0.009139543008159065  5.362068382849046e-06
463.3  0.009139542955372426  5.3621025346496285e-06
463.35  0.009139542907368934  5.362147971262271e-06
463.40000000000003  0.00913954286363449  5.362205505402538e-06
463.45000000000005  0.00913954282357944  5.362275586310791e-06
463.5  0.009139542786560186  5.362358286323699e-06
463.55  0.009139542751904433  5.362453302448441e-06
463.6  0.009139542718929191  5.3625599563250355e-06
463.65000000000003  0.009139542686972417  5.362677211161952e-06
463.70000000000005  0.009139542655405768  5.36280370594703e-06
463.75  0.009139542623661422  5.362937784206213e-06
463.8  0.009139542591238656  5.363077546355062e-06
463.85  0.009139542557724959  5.363220894713961e-06
463.90000000000003  0.009139542522797625  5.363365596884725e-06
463.95000000000005  0.009139542486239636  5.363509336516251e-06
464.0  0.00913954244793289  5.363649784036781e-06
464.05  0.009139542407856438  5.363784655362152e-06
464.1  0.009139542366093684  5.363911776626188e-06
464.15000000000003  0.009139542322829115  5.364029140323345e-06
464.20000000000005  0.00913954227834558  5.364134966003974e-06
464.25  0.00913954223301149  5.364227750012912e-06
464.3  0.009139542187283772  5.3643063060496415e-06
464.35  0.009139542141695503  5.364369800967461e-06
464.40000000000003  0.00913954209684439  5.3644177847694515e-06
464.45000000000005  0.009139542053382958  5.364450202169379e-06
464.5  0.009139542012003926  5.36446738273722e-06
464.55  0.00913954197341001  5.364470040946701e-06
464.6  0.009139541938307905  5.364459241349862e-06
464.65000000000003  0.009139541907379395  5.364436363823708e-06
464.70000000000005  0.00913954188124889  5.364403059057862e-06
464.75  0.009139541860474523  5.364361184591023e-06
464.8  0.009139541845523878  5.364312752121508e-06
464.85  0.009139541836750248  5.364259851267888e-06
464.90000000000003  0.009139541834388164  5.3642045956969905e-06
464.95000000000005  0.0091395418385364  5.364149045189546e-06
465.0  0.009139541849165565  5.364095159241054e-06
465.05  0.009139541866108346  5.364044739628775e-06
465.1  0.009139541889076222  5.363999375566659e-06
465.15000000000003  0.00913954191765982  5.363960416707191e-06
465.20000000000005  0.00913954195135877  5.363928927336781e-06
465.25  0.009139541989580429  5.363905667087369e-06
465.3  0.009139542031676743  5.363891077402169e-06
465.35  0.00913954207695565  5.363885266412242e-06
465.40000000000003  0.009139542124703658  5.363888007182797e-06
465.45000000000005  0.009139542174206598  5.363898752120343e-06
465.5  0.00913954222477319  5.363916630480106e-06
465.55  0.0091395422757477  5.363940496228188e-06
465.6  0.009139542326524829  5.3639689309637655e-06
465.65000000000003  0.00913954237657258  5.364000310185957e-06
465.70000000000005  0.009139542425437776  5.364032834763877e-06
465.75  0.009139542472753549  5.364064590272636e-06
465.8  0.009139542518245846  5.364093600783047e-06
465.85  0.009139542561740988  5.3641178968840395e-06
465.90000000000003  0.009139542603156726  5.364135575846554e-06
465.95000000000005  0.009139542642504075  5.364144858093075e-06
466.0  0.009139542679879799  5.364144142273907e-06
466.05  0.009139542715466385  5.3641320575441515e-06
466.1  0.009139542749513133  5.364107502055324e-06
466.15000000000003  0.009139542782339553  5.364069665665108e-06
466.20000000000005  0.009139542814314314  5.364018065632864e-06
466.25  0.009139542845858273  5.363952543172251e-06
466.3  0.009139542877428453  5.363873276460079e-06
466.35  0.009139542909518386  5.3637807604999086e-06
466.40000000000003  0.009139542942635406  5.363675798913936e-06
466.45000000000005  0.009139542977299934  5.363559471111023e-06
466.5  0.009139543014033913  5.363433101392026e-06
466.55  0.009139543053339187  5.36329822136409e-06
466.6  0.009139543095688759  5.363156522502244e-06
466.65000000000003  0.009139543141505977  5.363009805299838e-06
466.70000000000005  0.00913954319114939  5.362859932540344e-06
466.75  0.009139543244893586  5.36270876401202e-06
466.8  0.009139543302915668  5.362558120260803e-06
466.85  0.009139543365279432  5.362409708599154e-06
466.90000000000003  0.00913954343192126  5.362265088620997e-06
466.95000000000005  0.009139543502656252  5.3621256163852615e-06
467.0  0.009139543577174968  5.361992410674802e-06
467.05  0.009139543655045868  5.36186632257732e-06
467.1  0.009139543735731956  5.361747906983041e-06
467.15000000000003  0.009139543818606051  5.361637426434232e-06
467.20000000000005  0.009139543902973722  5.361534826369395e-06
467.25  0.009139543988095364  5.361439760348855e-06
467.3  0.00913954407321212  5.36135159565933e-06
467.35  0.009139544157573124  5.361269444587361e-06
467.40000000000003  0.00913954424045427  5.361192196943695e-06
467.45000000000005  0.009139544321179006  5.361118543728929e-06
467.5  0.00913954439913951  5.3610470320862385e-06
467.55  0.00913954447381474  5.3609760947316695e-06
467.6  0.009139544544772499  5.360904109288347e-06
467.65000000000003  0.00913954461169034  5.360829434421254e-06
467.70000000000005  0.009139544674353406  5.360750470527779e-06
467.75  0.009139544732663742  5.360665692281344e-06
467.8  0.009139544786636544  5.3605737125560216e-06
467.85  0.009139544836401576  5.360473311345727e-06
467.90000000000003  0.009139544882193904  5.3603634905320424e-06
467.95000000000005  0.009139544924348899  5.360243505480309e-06
468.0  0.00913954496329105  5.360112886365718e-06
468.05  0.009139544999521226  5.359971472375716e-06
468.1  0.00913954503360244  5.359819409083257e-06
468.15000000000003  0.009139545066136602  5.359657149881143e-06
468.20000000000005  0.009139545097749337  5.359485445624048e-06
468.25  0.009139545129073199  5.359305319376851e-06
468.3  0.009139545160718226  5.359118026425954e-06
468.35  0.00913954519326738  5.358925021976943e-06
468.40000000000003  0.009139545227246602  5.358727903471885e-06
468.45000000000005  0.009139545263122995  5.358528361454318e-06
468.5  0.009139545301288063  5.358328124747708e-06
468.55  0.009139545342044957  5.358128906509665e-06
468.6  0.00913954538560815  5.357932351740622e-06
468.65000000000003  0.009139545432096208  5.357739995963211e-06
468.70000000000005  0.009139545481533094  5.357553218102943e-06
468.75  0.009139545533842334  5.3573732112401746e-06
468.8  0.009139545588860126  5.357200947230911e-06
468.85  0.009139545646326741  5.357037162562032e-06
468.90000000000003  0.009139545705893072  5.3568823301571055e-06
468.95000000000005  0.009139545767136801  5.356736662866322e-06
469.0  0.009139545829558707  5.356600101916219e-06
469.05  0.009139545892604704  5.3564723186292295e-06
469.1  0.00913954595567348  5.356352729202218e-06
469.15000000000003  0.009139546018134694  5.356240507881495e-06
469.20000000000005  0.009139546079348405  5.356134614859496e-06
469.25  0.009139546138681646  5.356033820453471e-06
469.3  0.009139546195538528  5.355936747839039e-06
469.35  0.009139546249368429  5.355841905645207e-06
469.40000000000003  0.009139546299691416  5.355747746997098e-06
469.45000000000005  0.009139546346115641  5.355652707593559e-06
469.5  0.009139546388349  5.355555253217664e-06
469.55  0.009139546426208227  5.355453933542141e-06
469.6  0.009139546459622287  5.355347421004094e-06
469.65000000000003  0.009139546488641903  5.3552345580994165e-06
469.70000000000005  0.009139546513426359  5.355114393690774e-06
469.75  0.009139546534245462  5.354986205088029e-06
469.8  0.009139546551464024  5.354849528711324e-06
469.85  0.00913954656553543  5.354704174846583e-06
469.90000000000003  0.009139546576982994  5.354550236817755e-06
469.95000000000005  0.009139546586389647  5.35438809316709e-06
470.0  0.009139546594380802  5.354218401578943e-06
470.05  0.009139546601602575  5.35404208601225e-06
470.1  0.009139546608704816  5.3538603136642085e-06
470.15000000000003  0.009139546616334152  5.353674465774234e-06
470.20000000000005  0.009139546625101993  5.353486103407243e-06
470.25  0.009139546635569738  5.353296915013668e-06
470.3  0.00913954664823179  5.353108674121393e-06
470.35  0.009139546663510828  5.352923181116214e-06
470.40000000000003  0.009139546681732657  5.352742203440389e-06
470.45000000000005  0.00913954670311911  5.352567421419555e-06
470.5  0.009139546727781979  5.352400372178579e-06
470.55  0.00913954675572905  5.352242393522706e-06
470.6  0.009139546786856911  5.352094591492922e-06
470.65000000000003  0.009139546820956097  5.351957787059309e-06
470.70000000000005  0.009139546857725677  5.351832513168819e-06
470.75  0.009139546896780065  5.351718978031364e-06
470.8  0.009139546937669425  5.351617080862872e-06
470.85  0.009139546979880947  5.351526405072916e-06
470.90000000000003  0.00913954702287332  5.351446244569735e-06
470.95000000000005  0.009139547066074559  5.351375614667201e-06
471.0  0.009139547108902118  5.351313303108185e-06
471.05  0.00913954715078309  5.3512578891770374e-06
471.1  0.009139547191158105  5.351207792442009e-06
471.15000000000003  0.009139547229505676  5.351161321374238e-06
471.20000000000005  0.00913954726534685  5.351116710418738e-06
471.25  0.009139547298260275  5.351072176463818e-06
471.3  0.009139547327897011  5.351025965092391e-06
471.35  0.009139547353995518  5.350976400594757e-06
471.40000000000003  0.009139547376385825  5.350921933709924e-06
471.45000000000005  0.0091395473950039  5.350861190433088e-06
471.5  0.009139547409897154  5.350793009488311e-06
471.55  0.009139547421228897  5.350716485625815e-06
471.6  0.009139547429279353  5.350630998835317e-06
471.65000000000003  0.00913954743443959  5.350536232948285e-06
471.70000000000005  0.009139547437199927  5.35043219113357e-06
471.75  0.00913954743813514  5.3503191976347355e-06
471.8  0.009139547437893802  5.350197893450915e-06
471.85  0.009139547437168924  5.350069217330104e-06
471.90000000000003  0.009139547436675409  5.349934367626435e-06
471.95000000000005  0.00913954743713366  5.349794776119679e-06
472.0  0.009139547439243844  5.349652068542803e-06
472.05  0.00913954744365574  5.349508005703888e-06
472.1  0.009139547450957623  5.349364436362089e-06
472.15000000000003  0.009139547461656673  5.3492232569201455e-06
472.20000000000005  0.009139547476161091  5.349086339575333e-06
472.25  0.00913954749477155  5.348955501558426e-06
472.3  0.009139547517667993  5.348832441844857e-06
472.35  0.009139547544912429  5.348718710175484e-06
472.40000000000003  0.009139547576440553  5.3486156511494895e-06
472.45000000000005  0.00913954761206372  5.348524375827337e-06
472.5  0.009139547651472766  5.3484457276126054e-06
472.55  0.009139547694246183  5.34838025723674e-06
472.6  0.009139547739864248  5.348328195258964e-06
472.65000000000003  0.009139547787725001  5.348289450735099e-06
472.70000000000005  0.009139547837156842  5.348263597742501e-06
472.75  0.009139547887444453  5.348249890728136e-06
472.8  0.009139547937849036  5.348247270830836e-06
472.85  0.009139547987636013  5.348254400053775e-06
472.90000000000003  0.00913954803609178  5.348269694004559e-06
472.95000000000005  0.009139548082554915  5.348291371607631e-06
473.0  0.009139548126428273  5.348317506205698e-06
473.05  0.009139548167201271  5.348346077466289e-06
473.1  0.00913954820445924  5.348375031407585e-06
473.15000000000003  0.00913954823789782  5.348402347511228e-06
473.20000000000005  0.009139548267321187  5.348426093591742e-06
473.25  0.009139548292650342  5.348444480974125e-06
473.3  0.009139548313911578  5.34845591694034e-06
473.35  0.009139548331236999  5.348459048706345e-06
473.40000000000003  0.009139548344863874  5.3484528104479e-06
473.45000000000005  0.009139548355119672  5.348436435120428e-06
473.5  0.009139548362408776  5.348409486666435e-06
473.55  0.009139548367214898  5.3483718726896686e-06
473.6  0.0091395483700792  5.34832384137512e-06
473.65000000000003  0.009139548371599021  5.348265980496e-06
473.70000000000005  0.009139548372400446  5.348199196287683e-06
473.75  0.009139548373138396  5.348124693653586e-06
473.8  0.00913954837446942  5.348043939204777e-06
473.85  0.009139548377043033  5.3479586253386705e-06
473.90000000000003  0.009139548381481375  5.347870610922874e-06
473.95000000000005  0.009139548388357344  5.3477818747464266e-06
474.0  0.009139548398178664  5.347694458021797e-06
474.05  0.009139548411375778  5.347610400288747e-06
474.1  0.009139548428280802  5.3475316831275935e-06
474.15000000000003  0.00913954844911781  5.347460178575585e-06
474.20000000000005  0.009139548473996222  5.347397584536096e-06
474.25  0.009139548502903784  5.347345397498581e-06
474.3  0.009139548535710987  5.3473048548657994e-06
474.35  0.009139548572169146  5.34727692268254e-06
474.40000000000003  0.009139548611918144  5.347262255948567e-06
474.45000000000005  0.009139548654499252  5.347261204234513e-06
474.5  0.009139548699358183  5.347273785408192e-06
474.55  0.009139548745872004  5.3472997019621965e-06
474.6  0.009139548793358718  5.347338340988908e-06
474.65000000000003  0.009139548841092401  5.347388784312417e-06
474.70000000000005  0.009139548888329012  5.3474498375268215e-06
474.75  0.009139548934324159  5.347520039099729e-06
474.8  0.009139548978349527  5.3475977121948985e-06
474.85  0.009139549019723187  5.34768098893934e-06
474.90000000000003  0.009139549057823446  5.347767856083514e-06
474.95000000000005  0.009139549092112868  5.3478562101966025e-06
475.0  0.009139549122155716  5.347943901017516e-06
475.05  0.009139549147634114  5.348028805960022e-06
475.1  0.009139549168355653  5.3481088703513364e-06
475.15000000000003  0.00913954918426364  5.348182187979347e-06
475.20000000000005  0.00913954919544004  5.3482470417747494e-06
475.25  0.009139549202101402  5.34830196481645e-06
475.3  0.009139549204585542  5.348345782329111e-06
475.35  0.009139549203350271  5.3483776528736714e-06
475.40000000000003  0.009139549198943577  5.348397093343413e-06
475.45000000000005  0.009139549191996074  5.348403995257675e-06
475.5  0.009139549183198033  5.348398616977822e-06
475.55  0.00913954917327039  5.348381593129833e-06
475.6  0.009139549162953568  5.348353907778372e-06
475.65000000000003  0.009139549152975272  5.348316867768803e-06
475.70000000000005  0.009139549144040639  5.34827207234064e-06
475.75  0.00913954913680719  5.34822135566835e-06
475.8  0.009139549131872354  5.348166745919227e-06
475.85  0.009139549129753054  5.3481104099963755e-06
475.90000000000003  0.009139549130881604  5.3480545869295576e-06
475.95000000000005  0.00913954913558168  5.348001530967482e-06
476.0  0.00913954914406958  5.347953443388587e-06
476.05  0.009139549156445784  5.347912411786317e-06
476.1  0.009139549172683628  5.347880348839944e-06
476.15000000000003  0.00913954919264524  5.347858936854749e-06
476.20000000000005  0.009139549216062796  5.347849575448513e-06
476.25  0.009139549242564441  5.3478533451943675e-06
476.3  0.009139549271674666  5.347870972362864e-06
476.35  0.009139549302837894  5.347902804537347e-06
476.40000000000003  0.00913954933542618  5.3479488105632675e-06
476.45000000000005  0.009139549368761102  5.348008573133919e-06
476.5  0.009139549402143149  5.348081309651629e-06
476.55  0.00913954943486135  5.3481658933211785e-06
476.6  0.009139549466214356  5.3482608829845575e-06
476.65000000000003  0.009139549495535032  5.34836457024879e-06
476.70000000000005  0.009139549522209132  5.34847502536124e-06
476.75  0.009139549545679937  5.34859014494622e-06
476.8  0.009139549565466358  5.3487077108703386e-06
476.85  0.009139549581180361  5.348825435555753e-06
476.90000000000003  0.009139549592527803  5.348941038454101e-06
476.95000000000005  0.009139549599312026  5.349052286879124e-06
477.0  0.009139549601451094  5.349157057799633e-06
477.05  0.009139549598969498  5.349253392094558e-06
477.1  0.009139549592010514  5.349339552707382e-06
477.15000000000003  0.009139549580827317  5.3494140642753045e-06
477.20000000000005  0.009139549565779847  5.349475761849004e-06
477.25  0.00913954954733378  5.349523822579096e-06
477.3  0.009139549526042897  5.349557798359076e-06
477.35  0.009139549502541942  5.349577629378498e-06
477.40000000000003  0.009139549477517451  5.349583657634246e-06
477.45000000000005  0.009139549451696245  5.34957660637943e-06
477.5  0.00913954942581861  5.349557575014567e-06
477.55  0.00913954940061024  5.3495280007021125e-06
477.6  0.009139549376761752  5.34948961649701e-06
477.65000000000003  0.009139549354901568  5.349444402397239e-06
477.70000000000005  0.00913954933558081  5.349394520864686e-06
477.75  0.009139549319246895  5.3493422586373715e-06
477.8  0.009139549306245066  5.349289958083835e-06
477.85  0.009139549296793581  5.349239943086971e-06
477.90000000000003  0.009139549290991651  5.349194453995582e-06
477.95000000000005  0.009139549288815357  5.349155587947615e-06
478.0  0.009139549290125447  5.349125241761493e-06
478.05  0.009139549294666892  5.349105056141391e-06
478.1  0.009139549302088882  5.349096375997439e-06
478.15000000000003  0.009139549311954716  5.349100211182213e-06
478.20000000000005  0.009139549323753734  5.3491172120465795e-06
478.25  0.009139549336910201  5.349147652871787e-06
478.3  0.009139549350810239  5.34919142289005e-06
478.35  0.009139549364814389  5.349248026811579e-06
478.40000000000003  0.009139549378269992  5.34931660951918e-06
478.45000000000005  0.009139549390536537  5.349395961440264e-06
478.5  0.009139549401000525  5.349484567899077e-06
478.55  0.009139549409093003  5.3495806378420934e-06
478.6  0.009139549414300608  5.349682165348602e-06
478.65000000000003  0.009139549416191124  5.34978697616195e-06
478.70000000000005  0.00913954941441635  5.349892795080736e-06
478.75  0.009139549408727788  5.349997301449356e-06
478.8  0.009139549398978274  5.350098204703749e-06
478.85  0.00913954938512817  5.350193292067134e-06
478.90000000000003  0.009139549367248988  5.350280492884339e-06
478.95000000000005  0.009139549345513313  5.350357936708316e-06
479.0  0.009139549320199176  5.350423989765546e-06
479.05  0.009139549291668398  5.350477304086982e-06
479.1  0.009139549260374809  5.350516850887333e-06
479.15000000000003  0.009139549226835913  5.350541943449313e-06
479.20000000000005  0.009139549191634124  5.350552253827678e-06
479.25  0.00913954915539623  5.350547827082249e-06
479.3  0.009139549118777034  5.3505290727968524e-06
479.35  0.009139549082445513  5.350496763736694e-06
479.40000000000003  0.0091395490470739  5.350452015575788e-06
479.45000000000005  0.00913954901330527  5.35039626093156e-06
479.5  0.009139548981747642  5.350331212562796e-06
479.55  0.009139548952944457  5.350258811318671e-06
479.6  0.009139548927366903  5.350181179047237e-06
479.65000000000003  0.009139548905383908  5.350100553946999e-06
479.70000000000005  0.009139548887261265  5.350019226983444e-06
479.75  0.00913954887313994  5.349939472936056e-06
479.8  0.009139548863036799  5.349863471236602e-06
479.85  0.00913954885683896  5.34979325871206e-06
479.90000000000003  0.009139548854316597  5.349730653716111e-06
479.95000000000005  0.009139548855119878  5.349677216830498e-06
480.0  0.00913954885880091  5.349634191266592e-06
480.05  0.009139548864827199  5.349602480144745e-06
480.1  0.009139548872606349  5.349582629267998e-06
480.15000000000003  0.00913954888149689  5.349574809788342e-06
480.20000000000005  0.009139548890836976  5.349578825439706e-06
480.25  0.009139548899962697  5.3495941160234465e-06
480.3  0.009139548908222411  5.349619788801911e-06
480.35  0.00913954891500033  5.349654636894747e-06
480.40000000000003  0.009139548919725144  5.34969718348887e-06
480.45000000000005  0.009139548921890287  5.3497457180735875e-06
480.5  0.00913954892105832  5.34979834124281e-06
480.55  0.009139548916876726  5.3498530251259915e-06
480.6  0.009139548909085166  5.3499076541905556e-06
480.65000000000003  0.009139548897523272  5.349960096289071e-06
480.70000000000005  0.009139548882136469  5.350008251315641e-06
480.75  0.009139548862984813  5.3500501136342655e-06
480.8  0.009139548840232006  5.350083828780446e-06
480.85  0.009139548814156013  5.350107746593272e-06
480.90000000000003  0.009139548785135575  5.350120465675082e-06
480.95000000000005  0.009139548753644904  5.350120873483526e-06
481.0  0.009139548720232375  5.350108181503247e-06
481.05  0.009139548685517331  5.350081937350779e-06
481.1  0.009139548650160747  5.350042041177608e-06
481.15000000000003  0.009139548614851197  5.349988744884015e-06
481.20000000000005  0.009139548580280567  5.34992264116256e-06
481.25  0.00913954854712188  5.349844634984112e-06
481.3  0.00913954851601699  5.349755919687338e-06
481.35  0.009139548487550213  5.349657935008211e-06
481.40000000000003  0.009139548462237286  5.349552326955689e-06
481.45000000000005  0.009139548440510074  5.349440901260575e-06
481.5  0.009139548422704643  5.349325573128657e-06
481.55  0.009139548409056678  5.3492083151760145e-06
481.6  0.009139548399691139  5.349091108163852e-06
481.65000000000003  0.009139548394619558  5.34897587934675e-06
481.70000000000005  0.00913954839373949  5.3488644578683696e-06
481.75  0.00913954839683578  5.348758524184561e-06
481.8  0.009139548403583685  5.348659564993405e-06
481.85  0.009139548413554754  5.348568827202697e-06
481.90000000000003  0.00913954842623419  5.348487286236444e-06
481.95000000000005  0.00913954844102071  5.34841561433203e-06
482.0  0.009139548457255198  5.348354162655383e-06
482.05  0.00913954847424115  5.348302957644286e-06
482.1  0.009139548491260939  5.348261688214789e-06
482.15000000000003  0.009139548507597448  5.3482297325848065e-06
482.20000000000005  0.009139548522563993  5.348206164864711e-06
482.25  0.009139548535517846  5.348189803521279e-06
482.3  0.00913954854588995  5.348179233988237e-06
482.35  0.009139548553200712  5.348172865730428e-06
482.40000000000003  0.00913954855706341  5.34816897830321e-06
482.45000000000005  0.009139548557211746  5.348165774247157e-06
482.5  0.009139548553495063  5.3481614341675376e-06
482.55  0.009139548545878472  5.3481541677689e-06
482.6  0.009139548534451702  5.34814226675292e-06
482.65000000000003  0.009139548519415874  5.348124147467714e-06
482.70000000000005  0.009139548501085754  5.34809840658097e-06
482.75  0.00913954847986375  5.348063845200086e-06
482.8  0.009139548456249464  5.348019507549456e-06
482.85  0.009139548430809849  5.347964708830562e-06
482.90000000000003  0.009139548404169057  5.347899056259997e-06
482.95000000000005  0.009139548376993238  5.347822463991662e-06
483.0  0.009139548349969141  5.347735141647428e-06
483.05  0.009139548323785485  5.34763761259868e-06
483.1  0.009139548299111701  5.347530679970292e-06
483.15000000000003  0.00913954827657494  5.347415409408317e-06
483.20000000000005  0.00913954825674547  5.34729309746042e-06
483.25  0.00913954824011564  5.3471652265156305e-06
483.3  0.009139548227082947  5.347033425317257e-06
483.35  0.009139548217942453  5.346899402426165e-06
483.40000000000003  0.009139548212871688  5.346764907710453e-06
483.45000000000005  0.009139548211928725  5.3466316683357874e-06
483.5  0.009139548215058645  5.346501341385601e-06
483.55  0.00913954822209212  5.34637545515404e-06
483.6  0.009139548232760062  5.346255371176882e-06
483.65000000000003  0.00913954824669887  5.346142244334786e-06
483.70000000000005  0.009139548263474875  5.346036997550246e-06
483.75  0.009139548282590098  5.34594029441809e-06
483.8  0.009139548303502706  5.345852522129792e-06
483.85  0.009139548325640795  5.345773790644648e-06
483.90000000000003  0.009139548348418472  5.3457039276704095e-06
483.95000000000005  0.009139548371250434  5.345642488570237e-06
484.0  0.009139548393565162  5.3455887730095375e-06
484.05  0.009139548414818129  5.345541839940778e-06
484.1  0.009139548434500377  5.34550054327455e-06
484.15000000000003  0.00913954845215183  5.345463561804635e-06
484.20000000000005  0.009139548467371798  5.345429441666496e-06
484.25  0.009139548479823824  5.345396638664645e-06
484.3  0.00913954848925196  5.345363575485823e-06
484.35  0.009139548495476796  5.345328683489033e-06
484.40000000000003  0.009139548498416881  5.345290456453184e-06
484.45000000000005  0.009139548498074615  5.345247499546218e-06
484.5  0.009139548494546866  5.345198579733465e-06
484.55  0.00913954848801904  5.345142660743594e-06
484.6  0.00913954847875608  5.345078938639395e-06
484.65000000000003  0.009139548467103745  5.345006865996131e-06
484.70000000000005  0.00913954845347418  5.344926165013993e-06
484.75  0.009139548438333693  5.344836829720002e-06
484.8  0.009139548422195005  5.3447391304842565e-06
484.85  0.009139548405597286  5.344633601618879e-06
484.90000000000003  0.009139548389099634  5.344521013013936e-06
484.95000000000005  0.009139548373264281  5.344402352690019e-06
485.0  0.009139548358644303  5.344278799084305e-06
485.05  0.009139548345765774  5.344151676616804e-06
485.1  0.009139548335117742  5.344022426187597e-06
485.15000000000003  0.009139548327133231  5.3438925606357456e-06
485.20000000000005  0.009139548322178953  5.3437636288725305e-06
485.25  0.009139548320542291  5.343637163150955e-06
485.3  0.009139548322411827  5.343514642469204e-06
485.35  0.009139548327882129  5.343397447394108e-06
485.40000000000003  0.009139548336927747  5.343286814716772e-06
485.45000000000005  0.009139548349411192  5.343183802897591e-06
485.5  0.009139548365086316  5.343089253892247e-06
485.55  0.009139548383590703  5.343003767228221e-06
485.6  0.009139548404468444  5.342927679288399e-06
485.65000000000003  0.009139548427179643  5.3428610432524086e-06
485.70000000000005  0.009139548451123225  5.342803633643549e-06
485.75  0.009139548475654825  5.34275494859358e-06
485.8  0.00913954850011163  5.342714219871102e-06
485.85  0.009139548523835705  5.342680445565809e-06
485.90000000000003  0.009139548546199647  5.3426524144827665e-06
485.95000000000005  0.009139548566625053  5.342628750525525e-06
486.0  0.009139548584601125  5.342607953759198e-06
486.05  0.00913954859970377  5.3425884404154035e-06
486.1  0.009139548611597001  5.342568600849324e-06
486.15000000000003  0.009139548620051388  5.342546843050257e-06
486.20000000000005  0.009139548624935608  5.34252164525312e-06
486.25  0.009139548626228403  5.342491597156568e-06
486.3  0.009139548624008658  5.3424554494701615e-06
486.35  0.009139548618452183  5.342412156013126e-06
486.40000000000003  0.009139548609826697  5.342360905296077e-06
486.45000000000005  0.009139548598477248  5.342301160516912e-06
486.5  0.009139548584825196  5.342232664382312e-06
486.55  0.009139548569342414  5.342155470614929e-06
486.6  0.009139548552547833  5.342069937448659e-06
486.65000000000003  0.00913954853498696  5.3419767223817e-06
486.70000000000005  0.009139548517216609  5.341876769120592e-06
486.75  0.009139548499790573  5.3417712777298495e-06
486.8  0.009139548483235609  5.341661662918481e-06
486.85  0.009139548468046819  5.341549507734903e-06
486.90000000000003  0.009139548454668068  5.341436513822283e-06
486.95000000000005  0.009139548443481372  5.341324448412e-06
487.0  0.009139548434791634  5.341215071296725e-06
487.05  0.009139548428830649  5.3411100898744066e-06
487.1  0.009139548425749077  5.341011107934846e-06
487.15000000000003  0.009139548425615074  5.340919560327948e-06
487.20000000000005  0.009139548428411713  5.340836690818516e-06
487.25  0.009139548434049124  5.340763514367832e-06
487.3  0.00913954844235611  5.340700788108532e-06
487.35  0.009139548453098148  5.340649001363013e-06
487.40000000000003  0.009139548465969833  5.3406083584969875e-06
487.45000000000005  0.009139548480609393  5.340578788259019e-06
487.5  0.009139548496602812  5.340559942287795e-06
487.55  0.009139548513488256  5.340551207467853e-06
487.6  0.00913954853076726  5.34055172031299e-06
487.65000000000003  0.009139548547921525  5.340560390603008e-06
487.70000000000005  0.00913954856441885  5.340575931775144e-06
487.75  0.009139548579722172  5.3405968856353185e-06
487.8  0.009139548593323565  5.340621664647602e-06
487.85  0.009139548604741195  5.340648582116236e-06
487.90000000000003  0.009139548613551613  5.340675908895368e-06
487.95000000000005  0.00913954861939683  5.340701907448776e-06
488.0  0.0091395486220026  5.340724892517539e-06
488.05  0.009139548621190954  5.340743273952314e-06
488.1  0.009139548616877519  5.340755598034932e-06
488.15000000000003  0.009139548609087842  5.340760594641143e-06
488.20000000000005  0.009139548597953108  5.340757218655725e-06
488.25  0.009139548583698323  5.340744678314618e-06
488.3  0.009139548566641825  5.340722462215052e-06
488.35  0.00913954854718394  5.340690366013162e-06
488.40000000000003  0.009139548525794405  5.34064849188454e-06
488.45000000000005  0.009139548502993346  5.340597255225961e-06
488.5  0.009139548479343462  5.340537380017166e-06
488.55  0.009139548455428512  5.3404698845687e-06
488.6  0.009139548431837887  5.34039605781919e-06
488.65000000000003  0.009139548409153934  5.340317425687785e-06
488.70000000000005  0.009139548387927729  5.340235714273837e-06
488.75  0.009139548368672794  5.340152807172839e-06
488.8  0.00913954835184745  5.340070687162883e-06
488.85  0.009139548337834246  5.339991375433932e-06
488.90000000000003  0.009139548326937155  5.339916879509691e-06
488.95000000000005  0.009139548319364307  5.339849117070423e-06
489.0  0.0091395483152251  5.339789866668529e-06
489.05  0.00913954831452541  5.339740699387171e-06
489.1  0.009139548317156437  5.339702925871573e-06
489.15000000000003  0.009139548322918245  5.3396775573827425e-06
489.20000000000005  0.0091395483315054  5.339665271903685e-06
489.25  0.009139548342533216  5.339666389016489e-06
489.3  0.009139548355544827  5.339680861682068e-06
489.35  0.009139548370027369  5.339708279198784e-06
489.40000000000003  0.00913954838543292  5.339747882672334e-06
489.45000000000005  0.009139548401193721  5.3397985930746824e-06
489.5  0.00913954841673132  5.339859042780741e-06
489.55  0.009139548431486653  5.33992762735317e-06
489.6  0.009139548444924775  5.340002542915314e-06
489.65000000000003  0.009139548456551272  5.340081838132191e-06
489.70000000000005  0.009139548465923086  5.340163468280307e-06
489.75  0.009139548472655107  5.340245354912656e-06
489.8  0.009139548476433869  5.3403254317957146e-06
489.85  0.009139548477025153  5.340401701188859e-06
489.90000000000003  0.009139548474276366  5.34047228671695e-06
489.95000000000005  0.009139548468124738  5.340535478173412e-06
490.0  0.009139548458597074  5.340589779704566e-06
490.05  0.009139548445817075  5.34063394559746e-06
490.1  0.009139548430003013  5.3406670228704225e-06
490.15000000000003  0.009139548411462906  5.340688374610894e-06
490.20000000000005  0.009139548390582175  5.340697711283442e-06
490.25  0.009139548367824612  5.340695081627346e-06
490.3  0.009139548343707555  5.3406808940547885e-06
490.35  0.009139548318796787  5.340655905028207e-06
490.40000000000003  0.009139548293681415  5.3406211899011125e-06
490.45000000000005  0.009139548268957715  5.340578124071564e-06
490.5  0.009139548245215085  5.3405283391995385e-06
490.55  0.009139548223013714  5.340473677986428e-06
490.6  0.009139548202873968  5.34041614347119e-06
490.65000000000003  0.00913954818525593  5.340357851241152e-06
490.70000000000005  0.009139548170552632  5.340300955750988e-06
490.75  0.0091395481590806  5.340247602547081e-06
490.8  0.009139548151071254  5.3401998712775144e-06
490.85  0.009139548146664667  5.340159711731307e-06
490.90000000000003  0.009139548145909194  5.340128900513852e-06
490.95000000000005  0.009139548148754461  5.3401089831526345e-06
491.0  0.009139548155053696  5.3401012343345e-06
491.05  0.009139548164564063  5.340106621974162e-06
491.1  0.009139548176956582  5.340125774134217e-06
491.15000000000003  0.00913954819181128  5.340158958432896e-06
491.20000000000005  0.009139548208637905  5.340206065415219e-06
491.25  0.00913954822688447  5.3402666154521005e-06
491.3  0.009139548245951628  5.340339753709758e-06
491.35  0.009139548265206809  5.340424283780526e-06
491.40000000000003  0.009139548284014108  5.340518688118443e-06
491.45000000000005  0.009139548301744165  5.3406211724926745e-06
491.5  0.009139548317795558  5.3407297183601186e-06
491.55  0.009139548331620435  5.340842139020573e-06
491.6  0.009139548342734994  5.340956144940024e-06
491.65000000000003  0.009139548350734834  5.341069404741518e-06
491.70000000000005  0.009139548355308265  5.341179610735968e-06
491.75  0.009139548356242918  5.341284547795606e-06
491.8  0.009139548353428638  5.341382157492082e-06
491.85  0.00913954834686003  5.341470584866229e-06
491.90000000000003  0.009139548336633548  5.341548227164473e-06
491.95000000000005  0.009139548322943752  5.3416137858634046e-06
492.0  0.009139548306080058  5.341666292255217e-06
492.05  0.00913954828641753  5.341705136691945e-06
492.1  0.0091395482644051  5.341730075714309e-06
492.15000000000003  0.009139548240555406  5.341741252551271e-06
492.20000000000005  0.009139548215436341  5.341739184708521e-06
492.25  0.009139548189651887  5.341724761025624e-06
492.3  0.009139548163831461  5.341699215522845e-06
492.35  0.00913954813860398  5.341664093654378e-06
492.40000000000003  0.009139548114593908  5.341621217981151e-06
492.45000000000005  0.009139548092390714  5.341572636462027e-06
492.5  0.009139548072533452  5.341520567742574e-06
492.55  0.009139548055493368  5.341467329836682e-06
492.6  0.009139548041658195  5.341415283804214e-06
492.65000000000003  0.009139548031323243  5.341366765688853e-06
492.70000000000005  0.009139548024678803  5.34132401193416e-06
492.75  0.009139548021802606  5.341289100172365e-06
492.8  0.009139548022659687  5.341263893271996e-06
492.85  0.009139548027108198  5.341249981364292e-06
492.90000000000003  0.009139548034903626  5.341248643797407e-06
492.95000000000005  0.009139548045703874  5.341260810383126e-06
493.0  0.009139548059090386  5.341287045682215e-06
493.05  0.009139548074568935  5.341327532312539e-06
493.1  0.009139548091595107  5.341382066528604e-06
493.15000000000003  0.009139548109578946  5.341450060489326e-06
493.20000000000005  0.009139548127907265  5.341530570128863e-06
493.25  0.009139548145952607  5.341622304942076e-06
493.3  0.009139548163093073  5.341723667134316e-06
493.35  0.009139548178725705  5.3418327902448205e-06
493.40000000000003  0.009139548192281733  5.3419475821169546e-06
493.45000000000005  0.009139548203245043  5.342065781775945e-06
493.5  0.009139548211162408  5.342185016440134e-06
493.55  0.009139548215657985  5.342302873173187e-06
493.6  0.009139548216454761  5.342416955691467e-06
493.65000000000003  0.00913954821338272  5.342524956465048e-06
493.70000000000005  0.009139548206376746  5.342624717528878e-06
493.75  0.009139548195495974  5.342714307496376e-06
493.8  0.009139548180914437  5.342792065740989e-06
493.85  0.009139548162924942  5.342856655947057e-06
493.90000000000003  0.009139548141931193  5.342907102741476e-06
493.95000000000005  0.009139548118427872  5.342942825936115e-06
494.0  0.009139548092997614  5.342963647443828e-06
494.05  0.009139548066290873  5.342969797117643e-06
494.1  0.009139548039004103  5.342961905495174e-06
494.15000000000003  0.009139548011857897  5.342940976288727e-06
494.20000000000005  0.009139547985581812  5.3429083670197635e-06
494.25  0.009139547960886762  5.342865740636546e-06
494.3  0.009139547938448333  5.342815019022354e-06
494.35  0.009139547918890895  5.342758334898217e-06
494.40000000000003  0.009139547902764503  5.342697971937168e-06
494.45000000000005  0.009139547890529426  5.3426363012247405e-06
494.5  0.00913954788254509  5.342575721018741e-06
494.55  0.00913954787905261  5.342518595770687e-06
494.6  0.009139547880167853  5.342467186843388e-06
494.65000000000003  0.009139547885876963  5.3424235917042245e-06
494.70000000000005  0.009139547896036479  5.3423896876614026e-06
494.75  0.009139547910366912  5.342367072672474e-06
494.8  0.009139547928470923  5.342357029336628e-06
494.85  0.009139547949833595  5.342360481507577e-06
494.90000000000003  0.009139547973845466  5.342377967018446e-06
494.95000000000005  0.009139547999818302  5.342409616784099e-06
495.0  0.009139548027001258  5.342455164395951e-06
495.05  0.009139548054613502  5.342513933500172e-06
495.1  0.009139548081859003  5.342584875854214e-06
495.15000000000003  0.009139548107951659  5.3426665882487685e-06
495.20000000000005  0.009139548132139456  5.342757360804961e-06
495.25  0.009139548153724336  5.34285522170078e-06
495.3  0.009139548172074168  5.342957990798049e-06
495.35  0.009139548186641356  5.343063339116009e-06
495.40000000000003  0.009139548196980134  5.343168859712013e-06
495.45000000000005  0.009139548202747882  5.343272123735051e-06
495.5  0.009139548203715146  5.343370755137521e-06
495.55  0.00913954819977419  5.343462486183945e-06
495.6  0.009139548190943656  5.343545231611751e-06
495.65000000000003  0.009139548177365302  5.3436171356798456e-06
495.70000000000005  0.009139548159309091  5.343676633292737e-06
495.75  0.009139548137157762  5.3437224936923075e-06
495.8  0.009139548111420058  5.343753855254906e-06
495.85  0.009139548082702958  5.343770253711663e-06
495.90000000000003  0.009139548051703413  5.343771637414277e-06
495.95000000000005  0.009139548019191514  5.3437583688326225e-06
496.0  0.009139547985987095  5.3437312083495585e-06
496.05  0.009139547952933837  5.3436912916258236e-06
496.1  0.009139547920880214  5.343640095129237e-06
496.15000000000003  0.009139547890635959  5.343579385675443e-06
496.20000000000005  0.009139547862956891  5.3435111611389624e-06
496.25  0.00913954783852769  5.343437589349677e-06
496.3  0.009139547817926572  5.343360933826222e-06
496.35  0.00913954780161425  5.343283498949515e-06
496.40000000000003  0.009139547789917423  5.343207550157934e-06
496.45000000000005  0.009139547783026907  5.343135254968622e-06
496.5  0.009139547780993464  5.343068633448039e-06
496.55  0.009139547783722122  5.343009495896629e-06
496.6  0.009139547790993678  5.342959406546535e-06
496.65000000000003  0.009139547802453275  5.342919641727331e-06
496.70000000000005  0.009139547817640481  5.342891173663921e-06
496.75  0.009139547835993921  5.342874639354084e-06
496.8  0.00913954785686708  5.342870315785616e-06
496.85  0.009139547879548057  5.342878140492699e-06
496.90000000000003  0.009139547903276191  5.342897698670313e-06
496.95000000000005  0.009139547927259475  5.342928234363319e-06
497.0  0.009139547950699767  5.342968669771596e-06
497.05  0.009139547972808353  5.343017639155591e-06
497.1  0.009139547992831008  5.343073516411701e-06
497.15000000000003  0.009139548010066324  5.343134462223629e-06
497.20000000000005  0.009139548023883236  5.3431984815437475e-06
497.25  0.009139548033739073  5.3432634703016665e-06
497.3  0.00913954803920217  5.343327279803349e-06
497.35  0.009139548039958464  5.343387779089648e-06
497.40000000000003  0.009139548035820807  5.343442920399948e-06
497.45000000000005  0.00913954802673419  5.34349078838833e-06
497.5  0.009139548012784885  5.34352965966703e-06
497.55  0.00913954799418621  5.343558050047463e-06
497.6  0.009139547971288504  5.343574752523508e-06
497.65000000000003  0.009139547944558648  5.3435788674000245e-06
497.70000000000005  0.009139547914575054  5.34356982842039e-06
497.75  0.009139547882009606  5.3435474139400165e-06
497.8  0.009139547847616277  5.3435117454390946e-06
497.85  0.009139547812200947  5.34346329296979e-06
497.90000000000003  0.009139547776611474  5.343402850373929e-06
497.95000000000005  0.009139547741706354  5.3433315204865655e-06
498.0  0.009139547708327415  5.343250674717196e-06
498.05  0.009139547677283841  5.343161920656997e-06
498.1  0.009139547649313181  5.343067049637645e-06
498.15000000000003  0.009139547625062649  5.342967988592416e-06
498.20000000000005  0.009139547605061298  5.342866747838409e-06
498.25  0.00913954758971115  5.342765346697887e-06
498.3  0.009139547579257359  5.3426657675161265e-06
498.35  0.009139547573795983  5.342569883421138e-06
498.40000000000003  0.009139547573257762  5.34247941614722e-06
498.45000000000005  0.009139547577425465  5.342395874317733e-06
498.5  0.009139547585933324  5.342320523937121e-06
498.55  0.009139547598284557  5.3422543399516374e-06
498.6  0.009139547613875247  5.34219799725301e-06
498.65000000000003  0.009139547632014425  5.342151846565951e-06
498.70000000000005  0.00913954765194119  5.342115922468541e-06
498.75  0.009139547672868065  5.342089937815256e-06
498.8  0.009139547693984906  5.342073305667611e-06
498.85  0.009139547714495506  5.342065160680648e-06
498.90000000000003  0.009139547733632927  5.342064382252382e-06
498.95000000000005  0.009139547750679046  5.342069633698849e-06
499.0  0.009139547764988022  5.342079401280178e-06
499.05  0.009139547775993902  5.342092027025517e-06
499.1  0.009139547783226207  5.3421057635613515e-06
499.15000000000003  0.00913954778633132  5.3421188219739384e-06
499.20000000000005  0.009139547785066378  5.342129408296339e-06
499.25  0.009139547779318304  5.342135786054469e-06
499.3  0.009139547769105702  5.342136323679752e-06
499.35  0.00913954775457735  5.342129543498084e-06
499.40000000000003  0.009139547736010493  5.342114164173914e-06
499.45000000000005  0.009139547713808231  5.342089143283715e-06
499.5  0.009139547688481589  5.342053709824488e-06
499.55  0.009139547660637178  5.342007388937692e-06
499.6  0.009139547630955033  5.341950010125541e-06
499.65000000000003  0.009139547600166052  5.341881719470943e-06
499.70000000000005  0.009139547569034116  5.3418029682671966e-06
499.75  0.009139547538326109  5.3417144952882536e-06
499.8  0.009139547508780755  5.34161729859084e-06
499.85  0.009139547481096414  5.341512609437172e-06
499.90000000000003  0.009139547455907473  5.341401832718862e-06
499.95000000000005  0.009139547433760019  5.341286523509957e-06
500.0  0.009139547415104303  5.341168316275321e-06
