0.05  -0.08128649981410702  0.00636480906909893
0.1  -0.16329082868506814  0.007346802294304924
0.15000000000000002  -0.22167713448789317  0.0056186119768463876
0.2  -0.26139152206153776  0.003360013944992564
0.25  -0.285836000980267  0.0012115984460932747
0.30000000000000004  -0.29786975667459525  -0.0006243609698680588
0.35000000000000003  -0.30000538028489254  -0.0020656847086660177
0.4  -0.29445026327973883  -0.003077709269626053
0.45  -0.28311519429720383  -0.0036624411936493724
0.5  -0.2676357135935654  -0.0038566623044150182
0.55  -0.24938470882833555  -0.0037244743311444124
0.6000000000000001  -0.2294740423361312  -0.0033517280782150837
0.65  -0.2087772270888534  -0.002814248447250539
0.7000000000000001  -0.188044277820898  -0.002188057147907051
0.75  -0.16786036813261074  -0.0015383500119734753
0.8  -0.14863249372449241  -0.0009192965151678621
0.8500000000000001  -0.13063274964509777  -0.0003673818802101128
0.9  -0.11403887226304618  9.569034748129976e-05
0.9500000000000001  -0.09896372462285874  0.00045880957238624606
1.0  -0.08546990150026036  0.0007196665332707523
1.05  -0.07357281039039056  0.000882955649406846
1.1  -0.06324411973996463  0.0009591555783498289
1.1500000000000001  -0.0544194951780821  0.0009656650050008461
1.2000000000000002  -0.047001720926350084  0.0009206005328756421
1.25  -0.04086186504309505  0.0008374073970340597
1.3  -0.035844956389418134  0.0007267079126847399
1.35  -0.03178016213127134  0.000598087396550914
1.4000000000000001  -0.028501345376061277  0.00046120170189434983
1.4500000000000002  -0.025853953658600486  0.00032564502096911956
1.5  -0.023690884665605833  0.0002003320855114618
1.55  -0.021876907209511656  9.196051186304065e-05
1.6  -0.020296484374049538  3.665191973134329e-06
1.6500000000000001  -0.018856643677094696  -6.462223719783922e-05
1.7000000000000002  -0.017485980285021265  -0.00011540603879662992
1.75  -0.016133843613572084  -0.00015279026248018668
1.8  -0.014769760052170804  -0.00018095834367462936
1.85  -0.013380706770468586  -0.00020303982863009576
1.9000000000000001  -0.011967205323667204  -0.00022131308483582857
1.9500000000000002  -0.010539523328619602  -0.0002378304056789232
2.0  -0.00911371343298703  -0.0002536813357964354
2.0500000000000003  -0.007708794258939698  -0.0002681777271588321
2.1  -0.006345508530793209  -0.0002794313652366568
2.15  -0.00504512338463024  -0.000285175822637073
2.2  -0.0038273204720845676  -0.00028322871493812856
2.25  -0.0027082506275265122  -0.00027197609545936524
2.3000000000000003  -0.0016993660940215513  -0.0002509080583506947
2.35  -0.000806195191590817  -0.00022108003931438407
2.4000000000000004  -2.7909325210395512e-05  -0.00018526152909158325
2.45  0.0006421419901698586  -0.0001476150704849861
2.5  0.0012145434893775097  -0.00011223425829763909
2.5500000000000003  0.0016988299002362096  -7.968679123303553e-05
2.6  0.0021010328625270325  -4.715168868880412e-05
2.6500000000000004  0.002429793958421253  -1.4868564551393366e-05
2.7  0.0026990464646254137  1.3858959209861444e-05
2.75  0.0029250563818719144  3.6209057128309704e-05
2.8000000000000003  0.003122962190084589  5.0291439325434176e-05
2.85  0.0033049284690917276  5.496866414218806e-05
2.9000000000000004  0.0034802385138306227  5.0261512206727463e-05
2.95  0.003655726616428298  3.7147087141026784e-05
3.0  0.0038366367720247094  1.730835135255031e-05
3.0500000000000003  0.0040278034680261586  -6.253940811966434e-06
3.1  0.004233227310005873  -2.9396828754874722e-05
3.1500000000000004  0.004453938842017664  -4.9245078270096134e-05
3.2  0.004687918136969044  -6.497312360271028e-05
3.25  0.004931905943607342  -7.655948044862129e-05
3.3000000000000003  0.005182545005309111  -8.401594983791408e-05
3.35  0.005436778097663596  -8.727147942167627e-05
3.4000000000000004  0.005692001793262817  -8.624051210660163e-05
3.45  0.005946074604556876  -8.093411254555036e-05
3.5  0.00619724352758968  -7.156904914421388e-05
3.5500000000000003  0.00644403024948242  -5.8649638481954583e-05
3.6  0.006685115230496282  -4.301744172025e-05
3.6500000000000004  0.00691927692025804  -2.5857362274346823e-05
3.7  0.007145421076250397  -8.627031873368234e-06
3.75  0.007362672250825004  7.117932018456571e-06
3.8000000000000003  0.007570451776428736  1.996722303215826e-05
3.85  0.007768482030822157  2.8866822612555664e-05
3.9000000000000004  0.007956719848202003  3.321916071633036e-05
3.95  0.00813526710142201  3.287249222729204e-05
4.0  0.008304304050279106  2.8040271610267273e-05
4.05  0.008464067136414281  1.918786327606617e-05
4.1000000000000005  0.008614864882725903  6.9156007199491505e-06
4.15  0.008757101405960786  -8.13820917446934e-06
4.2  0.008891284716997174  -2.5367496457407915e-05
4.25  0.009018020884658303  -4.424611261282367e-05
4.3  0.009137995812603656  -6.435356432283968e-05
4.3500000000000005  0.009251942982742208  -8.537797661697386e-05
4.4  0.00936059920174803  -0.00010709730017219306
4.45  0.009464653793115153  -0.0001293412707011266
4.5  0.009564698379773529  -0.0001519360211546314
4.55  0.009661184615953614  -0.00017463274156753387
4.6000000000000005  0.009754397256629193  -0.0001970226885793916
4.65  0.009844448688262284  -0.0002184434244257498
4.7  0.009931297908892264  -0.0002378889001805234
4.75  0.010014794139971606  -0.00025394665899771616
4.800000000000001  0.010094742404623942  -0.00026479455017249036
4.8500000000000005  0.010170984153265433  -0.00026829235633787197
4.9  0.010243481650182285  -0.00026219689735808283
4.95  0.01031239240177552  -0.00024451090707608224
5.0  0.01037811793336181  -0.00021394566648511493
5.050000000000001  0.010441311199221459  -0.00017043943545987816
5.1000000000000005  0.010502835580116415  -0.0001156324777699909
5.15  0.010563690467046895  -5.316771126342434e-05
5.2  0.010624956768801245  1.1299184963113335e-05
5.25  0.010687869971929907  7.043586815830066e-05
5.300000000000001  0.010754108936511002  0.00011595831930430613
5.3500000000000005  0.010826043851405832  0.00013987412469284991
5.4  0.010906103957180871  0.00013623139655433766
5.45  0.010994882946928413  0.00010270076835854286
5.5  0.011089522999290786  4.109747178915969e-05
5.550000000000001  0.01118422968581087  -4.3156618003040105e-05
5.6000000000000005  0.01127247228379306  -0.00014201794824220403
5.65  0.011349078883683424  -0.00024591434907985537
5.7  0.011411209924704211  -0.0003448991239576205
5.75  0.011458274291153344  -0.00042981358559126843
5.800000000000001  0.011491270985499518  -0.0004933147577075912
5.8500000000000005  0.011512002162502075  -0.0005306113473954435
5.9  0.011522400872215746  -0.0005398403606948581
5.95  0.011524061534319986  -0.000522074401327118
6.0  0.011517983686476357  -0.00048099311194190435
6.050000000000001  0.011504498757834863  -0.0004222920658491299
6.1000000000000005  0.011483337710882974  -0.0003529220440358614
6.15  0.011453794320197089  -0.0002802567619082723
6.2  0.011414937626327979  -0.0002112831756846152
6.25  0.011365828520212055  -0.00015189927402735952
6.300000000000001  0.01130570132516783  -0.00010639031470370895
6.3500000000000005  0.011234083136183105  -7.713228233576582e-05
6.4  0.011150840325962745  -6.453918716592212e-05
6.45  0.011056157534834037  -6.723601480470723e-05
6.5  0.010950463337408211  -8.24139629414673e-05
6.550000000000001  0.010834319500883309  -0.0001063122086889835
6.6000000000000005  0.010708293931596634  -0.00013476339559360902
6.65  0.010572842241347073  -0.00016373400651707991
6.7  0.010428223532551342  -0.00018979093219507746
6.75  0.010274469998281585  -0.00021043773278049923
6.800000000000001  0.010111419412343347  -0.00022428664248232453
6.8500000000000005  0.009938806924241567  -0.00023105948300312798
6.9  0.009756400549614859  -0.0002314368221192472
6.95  0.009564156046363272  -0.00022679557316638657
7.0  0.00936236279247577  -0.0002188877883102948
7.050000000000001  0.00915175344657973  -0.0002095163457612106
7.1000000000000005  0.00893355630335357  -0.0002002568735032095
7.15  0.008709479271842593  -0.0001922613312689026
7.2  0.008481626194810802  -0.00018616075897000196
7.25  0.008252357502893517  -0.00018206676475152178
7.300000000000001  0.00802411608449996  -0.00017965620528685762
7.3500000000000005  0.007799244903304456  -0.00017831247633000454
7.4  0.007579823879305986  -0.00017729023874183224
7.45  0.007367547685923836  -0.00017587144589216805
7.5  0.007163657566221891  -0.00017348878296431124
7.550000000000001  0.00696893268938268  -0.00016980222864304537
7.6000000000000005  0.00678373858399426  -0.00016472419456416162
7.65  0.006608122609789793  -0.0001583983453383983
7.7  0.006441939231551287  -0.00015114391054730074
7.75  0.006284977999729364  -0.00014337711541828325
7.800000000000001  0.0061370478187335225  -0.00013551408565798536
7.8500000000000005  0.005997982283582621  -0.0001278663427072678
7.9  0.005867659264036674  -0.00012059837841004324
7.95  0.005746096406528631  -0.00011378841186904004
8.0  0.0056334779447852965  -0.00010748510234999083
8.05  0.0055301007806374  -0.00010170525448014838
8.1  0.005436308858412948  -9.642201474568946e-05
8.15  0.0053524292967793135  -9.15732828664572e-05
8.200000000000001  0.005278714898538849  -8.70804636762999e-05
8.25  0.005215300630941029  -8.286633310106842e-05
8.3  0.005162179154059056  -7.887042599952928e-05
8.35  0.005119197438363329  -7.506172899003336e-05
8.4  0.005086073220861403  -7.144752888773135e-05
8.450000000000001  0.005062427157370043  -6.80771652441309e-05
8.5  0.0050478242440092445  -6.50399934562569e-05
8.55  0.0050418166593468395  -6.245753412473853e-05
8.6  0.005043980727614927  -6.046970477382706e-05
8.65  0.005053944468096164  -5.9214444935393324e-05
8.700000000000001  0.005071407641996982  -5.880156748233538e-05
8.75  0.005096157467298892  -5.92869571118914e-05
8.8  0.005128077998505724  -6.065718757944888e-05
8.85  0.0051671470398523996  -6.283069897112995e-05
8.9  0.0052134174710884405  -6.567266061423093e-05
8.950000000000001  0.0052669859443796735  -6.901508776908058e-05
9.0  0.0053279553240410445  -7.267483366948197e-05
9.05  0.0053963975262468645  -7.646617224304982e-05
9.1  0.00547232198681539  -8.020837044503087e-05
9.15  0.005555652933213387  -8.37305546790463e-05
9.200000000000001  0.005646216753649188  -8.687626718384232e-05
9.25  0.005743739312785502  -8.950924207915459e-05
9.3  0.0058478520616234205  -9.152083983120559e-05
9.35  0.0059581052419806135  -9.283864051234423e-05
9.4  0.006073986039612498  -9.343485089011641e-05
9.450000000000001  0.006194939484585804  -9.333292672769439e-05
9.5  0.006320390169169952  -9.261097523420494e-05
9.55  0.006449762949442404  -9.140059903979005e-05
9.600000000000001  0.006582501158296652  -8.9880548171258e-05
9.65  0.0067180811486814585  -8.826531669260233e-05
9.700000000000001  0.006856022267212605  -8.67894844083447e-05
9.75  0.006995891668027121  -8.568918441097221e-05
9.8  0.007137303794086036  -8.518254420902024e-05
9.850000000000001  0.007279914920450733  -8.545107655904115e-05
9.9  0.007423413589797051  -8.662388027511994e-05
9.950000000000001  0.0075675081468728625  -8.876631981473479e-05
10.0  0.007711912957881284  -9.187443950606084e-05
10.05  0.007856335117116527  -9.587577404932611e-05
10.100000000000001  0.008000463436445737  -0.00010063654132804465
10.15  0.008143961281590372  -0.00010597451378979505
10.200000000000001  0.008286464380758205  -0.00011167624381813501
10.25  0.008427584137888345  -0.00011751684532749659
10.3  0.008566916306250963  -0.00012328026439775242
10.350000000000001  0.00870405419650149  -0.00012877794204365955
10.4  0.008838605001292127  -0.00013386398531279648
10.450000000000001  0.008970207407651393  -0.00013844539477929558
10.5  0.009098548491701896  -0.0001424864984427808
10.55  0.009223377972478602  -0.00014600742508909107
10.600000000000001  0.009344518234778977  -0.00014907711121351687
10.65  0.009461869007385871  -0.00015180187982460043
10.700000000000001  0.00957540595778405  -0.0001543110435980398
10.75  0.00968517356866489  -0.00015674140744200132
10.8  0.00979127349719856  -0.00015922269070192636
10.850000000000001  0.009893849161203335  -0.00016186511906636614
10.9  0.00999306827453856  -0.0001647502772735682
10.950000000000001  0.010089105440277276  -0.0001679259315699397
11.0  0.010182126821473715  -0.00017140457147576645
11.05  0.010272278059780156  -0.0001751649406537435
11.100000000000001  0.01035967554138725  -0.00017915574356403902
11.15  0.010444400895289339  -0.00018330061629896223
11.200000000000001  0.010526499293150554  -0.00018750388341507817
11.25  0.01060598412069646  -0.00019165861513980014
11.3  0.010682852767360886  -0.00019566178260689636
11.350000000000001  0.010757111809790536  -0.00019944020698210084
11.4  0.010828791483074609  -0.0002029776950078977
11.450000000000001  0.010897931874589095  -0.00020632063813677442
11.5  0.01096455633953133  -0.00020955453681486042
11.55  0.01102865393398604  -0.00021277171768380925
11.600000000000001  0.011090171664747885  -0.00021605073216255337
11.65  0.011149010394698275  -0.00021945163507890067
11.700000000000001  0.011205023107568393  -0.0002230210477276851
11.75  0.011258015787626478  -0.0002267977826727357
11.8  0.011307748444973467  -0.00023081240560229486
11.850000000000001  0.011353932895396109  -0.00023507962632852557
11.9  0.011396226598806833  -0.00023958691707387603
11.950000000000001  0.011434225135137296  -0.00024428499978588786
12.0  0.01146745717728229  -0.00024908538189357884
12.05  0.011495384974387488  -0.00025386720470096984
12.100000000000001  0.011517411606230094  -0.00025849219949347955
12.15  0.011532894635722534  -0.00026282418453619724
12.200000000000001  0.01154116464846243  -0.00026674869059813486
12.25  0.01154154662120075  -0.0002701887360981297
12.3  0.011533382096825546  -0.000273114035660531
12.350000000000001  0.01151605027941809  -0.0002755424518710745
12.4  0.011488986369904083  -0.0002775341597778139
12.450000000000001  0.011451697496020957  -0.00027918081958534286
12.5  0.011403778337863485  -0.00028059277629971096
12.55  0.011344928353827687  -0.0002818868528302521
12.600000000000001  0.011274971942914628  -0.00028317654025328796
12.65  0.011193880411658226  -0.0002845652204003439
12.700000000000001  0.011101789718286133  -0.0002861421349148
12.75  0.01099900323498508  -0.00028798022488926695
12.8  0.010885968154863724  -0.0002901349217412928
12.850000000000001  0.010763221846778163  -0.000292642982332823
12.9  0.010631318151406773  -0.0002955201498371918
12.950000000000001  0.01049075475168806  -0.000298756764565412
13.0  0.010341923276984936  -0.0003023122294565681
13.05  0.010185093879820986  -0.000306111042566791
13.100000000000001  0.010020433129715584  -0.00031004278501452936
13.15  0.009848044883961616  -0.00031396668902336836
13.200000000000001  0.009668021144005272  -0.00031772031061697253
13.25  0.009480491552830246  -0.0003211308953189004
13.3  0.009285662710028203  -0.0003240279796761156
13.350000000000001  0.00908384319573885  -0.00032625552964669544
13.4  0.008875454011387325  -0.0003276817525925425
13.450000000000001  0.008661027362012814  -0.0003282052050731579
13.5  0.008441199452048371  -0.00032775648534152436
13.55  0.008216704952297114  -0.000326295662695397
13.600000000000001  0.007988381784770099  -0.0003238066857400976
13.65  0.007757194359090017  -0.0003202910194999659
13.700000000000001  0.007524281021872609  -0.0003157628897295496
13.75  0.007291027588275738  -0.0003102456268414712
13.8  0.007059147930768125  -0.0003037553293571433
13.850000000000001  0.006830651294316467  -0.0002962455857963617
13.9  0.0066076440686883104  -0.00028762717985364005
13.950000000000001  0.0063922869621242506  -0.0002779870961491181
14.0  0.006186714258438065  -0.00026763713695201205
14.05  0.005992843192076771  -0.00025696198414250387
14.100000000000001  0.005812263136587049  -0.00024631936824098013
14.15  0.005646168494898409  -0.0002360185818295673
14.200000000000001  0.005495319161064195  -0.0002263188408066416
14.25  0.005360040610543265  -0.00021742521913493506
14.3  0.005240262478520538  -0.00020948242745636152
14.350000000000001  0.00513558424486578  -0.00020256992887999662
14.4  0.00504535304728192  -0.00019670214260606304
14.450000000000001  0.004968742543585489  -0.00019183396857831275
14.5  0.004904827889469457  -0.00018786816285130503
14.55  0.004852653429049814  -0.00018466203866922149
14.600000000000001  0.0048112891320778355  -0.00018203372020058175
14.65  0.004779872668787194  -0.00017976995424279078
14.700000000000001  0.004757636380681199  -0.00017763734767710306
14.75  0.004743919635044651  -0.00017539753156576768
14.8  0.004738167119193405  -0.0001728261794383812
14.850000000000001  0.004739913953873156  -0.00016973627894935185
14.9  0.004748761503488668  -0.0001660045910231866
14.950000000000001  0.004764355299261015  -0.00016159584367086345
15.0  0.004786379724591966  -0.0001565771360613025
15.05  0.004814575136345823  -0.00015111559822735928
15.100000000000001  0.004848766573666064  -0.00014545672100772417
15.15  0.004888884570315998  -0.0001398883464556265
15.200000000000001  0.00493496635793508  -0.00013470048016744635
15.25  0.004987138610600765  -0.0001301500972483273
15.3  0.005045588547890643  -0.0001264351794780447
15.350000000000001  0.0051105293401210415  -0.00012367806066764132
15.4  0.005182163720503137  -0.00012191683885840542
15.450000000000001  0.00526064916302945  -0.00012110413285799695
15.5  0.005346069749681515  -0.00012111283330441949
15.55  0.005438421175936455  -0.00012174766908649924
15.600000000000001  0.005537607918086692  -0.00012276192111578194
15.65  0.005643443055311212  -0.00012388129161508739
15.700000000000001  0.005755648743894128  -0.00012483459433912836
15.75  0.005873862684906913  -0.0001253852144280409
15.8  0.005997651463459462  -0.00012535696588800602
15.850000000000001  0.006126527611036764  -0.0001246510049717127
15.9  0.006259967654744  -0.00012325242868611392
15.950000000000001  0.006397429489671481  -0.00012122631508776544
16.0  0.006538367867207293  -0.00011870416189363052
16.05  0.006682246889518723  -0.00011586293691267415
16.1  0.006828548605856253  -0.00011289979876554423
16.150000000000002  0.006976777328968533  -0.00011000594786769877
16.2  0.0071264597442822625  -0.00010734307005232367
16.25  0.007277141352904485  -0.00010502532972104949
16.3  0.00742838026832026  -0.00010310898340214254
16.35  0.007579739775616973  -0.00010159055168278468
16.400000000000002  0.007730781317033918  -0.00010041325142148064
16.45  0.007881059674035759  -9.948028841960029e-05
16.5  0.008030121983220173  -9.867277964173044e-05
16.55  0.00817751160688316  -9.786948461478387e-05
16.6  0.008322776809916187  -9.696534007627301e-05
16.650000000000002  0.008465483058464361  -9.588612830368492e-05
16.7  0.008605226979404667  -9.459747672941013e-05
16.75  0.008741649845673556  -9.310774004820426e-05
16.8  0.008874448685541499  -9.146567621192882e-05
16.85  0.009003383461171834  -8.975427446523984e-05
16.900000000000002  0.009128279466953923  -8.808158149541294e-05
16.95  0.00924902527404157  -8.65692117959989e-05
17.0  0.009365567447566598  -8.533979166094004e-05
17.05  0.009477903416560414  -8.450489159403762e-05
17.1  0.009586073628708457  -8.415477888891567e-05
17.150000000000002  0.009690153829634663  -8.435096863582996e-05
17.2  0.009790248038326085  -8.512221627040876e-05
17.25  0.009886482533757785  -8.64642120931503e-05
17.3  0.009979000895899627  -8.83427117483506e-05
17.35  0.01006795984285971  -9.069916163067704e-05
17.400000000000002  0.010153525342267228  -9.345730184602105e-05
17.45  0.010235868395699538  -9.652918283837944e-05
17.5  0.010315160153160705  -9.981968109541766e-05
17.55  0.010391566695935384  -0.00010322968670660516
17.6  0.010465244675177666  -0.00010665947107880905
17.650000000000002  0.01053633914061501  -0.00011001487642738075
17.7  0.010604983754982953  -0.00011321828264831206
17.75  0.010671302167086765  -0.00011622323623874546
17.8  0.010735408536392307  -0.00011902872149344015
17.85  0.010797403712122917  -0.00012168781962051717
17.900000000000002  0.010857361666910068  -0.00012430546617458047
17.95  0.010915303699990867  -0.0001270223908527828
18.0  0.010971166899439173  -0.00012998697773341085
18.05  0.01102477913423484  -0.00013332269200561035
18.1  0.011075850194144803  -0.00013710164297528298
18.150000000000002  0.01112398226080224  -0.00014133120486149427
18.2  0.011168696372297518  -0.0001459548668825544
18.25  0.011209466637739553  -0.00015086471303424575
18.3  0.01124575318135657  -0.00015592090943739674
18.35  0.011277027571295036  -0.00016097333141644227
18.400000000000002  0.011302787786600956  -0.00016588184340909332
18.45  0.011322562392796776  -0.0001705330929896541
18.5  0.011335905566584245  -0.00017485236062463874
18.55  0.011342386078895117  -0.00017880950347234746
18.6  0.01134157422969267  -0.0001824186156790453
18.650000000000002  0.011333030792397687  -0.0001857317883124232
18.7  0.011316301174565689  -0.00018882821393766027
18.75  0.011290916039074419  -0.0001918005577816026
18.8  0.01125639637236084  -0.00019474046720385614
18.85  0.011212258736257991  -0.0001977236577323801
18.900000000000002  0.01115802270409045  -0.00020079353665168744
18.95  0.011093234640799959  -0.0002039458916792738
19.0  0.011017512352559468  -0.00020712420452786387
19.05  0.010930588522158247  -0.000210231880622518
19.1  0.010832331772692737  -0.0002131551442673596
19.150000000000002  0.010722745279736804  -0.00021578635048516063
19.200000000000003  0.010601953096521302  -0.00021804232670146416
19.25  0.01047018323416588  -0.00021987617130841424
19.3  0.010327752950755503  -0.00022128192427515835
19.35  0.010175058429388676  -0.00022229191782481412
19.400000000000002  0.010012568030320683  -0.0002229674207113745
19.450000000000003  0.00984081655487747  -0.0002233847181465233
19.5  0.009660400391752963  -0.00022362085779744208
19.55  0.009471979311844257  -0.0002237438998820508
19.6  0.009276289285778406  -0.00022380934068082993
19.650000000000002  0.009074158432256296  -0.00022386020377423153
19.700000000000003  0.008866512601904962  -0.0002239279708273086
19.75  0.008654365685458746  -0.0002240333337307167
19.8  0.008438799095341636  -0.00022418607098738977
19.85  0.008220937409964551  -0.00022438325546235156
19.900000000000002  0.008001925554300326  -0.00022460655873734111
19.950000000000003  0.007782909914173585  -0.00022482170365179384
20.0  0.00756502297639009  -0.00022498338637032072
20.05  0.00734936988240246  -0.0002250465094233762
20.1  0.0071370159813579845  -0.00022498166064797366
20.150000000000002  0.0069289760016702714  -0.00022479144598597223
20.200000000000003  0.006726206664916473  -0.00022452428723283944
20.25  0.006529604927873687  -0.0002242827271242611
20.3  0.006340013505641489  -0.00022422382934636007
20.35  0.006158233621987325  -0.00022454941974880933
20.400000000000002  0.0059850407775154605  -0.00022548293669506897
20.450000000000003  0.005821195141307084  -0.00022723050370102775
20.5  0.005667440970365176  -0.00022993361094856163
20.55  0.005524493009725721  -0.00023362820589325632
20.6  0.005393007042012416  -0.0002382183402039082
20.650000000000002  0.005273537741009788  -0.00024347020584183747
20.700000000000003  0.005166492548100239  -0.00024903090626326237
20.75  0.005072090829240953  -0.0002544692835083045
20.8  0.004990337489565179  -0.00025932891670566024
20.85  0.004921018505105537  -0.0002631815111618924
20.900000000000002  0.004863720447101639  -0.00026567251965577663
20.950000000000003  0.00481786986133653  -0.00026655532718091227
21.0  0.004782784723907467  -0.00026571236488544606
21.05  0.0047577296343194585  -0.00026316272985397175
21.1  0.004741968523085964  -0.0002590573570996127
21.150000000000002  0.0047348107530445546  -0.0002536636398797984
21.200000000000003  0.00473564760000194  -0.00024734161648994225
21.25  0.004743977012331471  -0.00024051361853112075
21.3  0.004759415955009335  -0.0002336284947187221
21.35  0.004781701825503838  -0.0002271204543393089
21.400000000000002  0.004810686686552998  -0.00022136349724284968
21.450000000000003  0.004846328374861577  -0.0002166269705557833
21.5  0.004888679613002374  -0.00021304227230646336
21.55  0.004937872658932909  -0.0002105897028980267
21.6  0.004994096316408847  -0.00020910819617456659
21.650000000000002  0.00505756428267282  -0.00020832392602286283
21.700000000000003  0.005128476792861906  -0.00020789025634074333
21.75  0.00520698002252748  -0.00020743140720564328
21.8  0.005293128916321044  -0.00020658380566088337
21.85  0.005386858687369087  -0.00020503106832716906
21.900000000000002  0.005487968690451038  -0.00020253042168040948
21.950000000000003  0.005596120296112658  -0.0001989297157706914
22.0  0.005710848238791125  -0.00019417504208407048
22.05  0.005831583094295748  -0.00018830952427113242
22.1  0.005957681364343203  -0.00018146425948701035
22.150000000000002  0.006088459154235682  -0.00017384273958510608
22.200000000000003  0.006223225519424997  -0.00016570046885579795
22.25  0.00636131208062481  -0.00015732184831601493
22.3  0.006502096356106421  -0.00014899640798642137
22.35  0.006645017258170909  -0.00014099628457313343
22.400000000000002  0.006789582119204401  -0.00013355664575332674
22.450000000000003  0.00693536547293677  -0.0001268605212877665
22.5  0.007082000696611403  -0.0001210291646555477
22.55  0.007229166381339189  -0.00011611855938278722
22.6  0.007376569752842548  -0.00011212202983199242
22.650000000000002  0.007523929561356569  -0.00010897824866538063
22.700000000000003  0.0076709606638210555  -0.0001065833867772144
22.75  0.007817362128868105  -0.00010480578574309942
22.8  0.007962810170419256  -0.00010350134009537627
22.85  0.008106956535221675  -0.00010252778590288364
22.900000000000002  0.008249432066313447  -0.00010175649104900026
22.950000000000003  0.008389854376730496  -0.0001010811429618181
23.0  0.008527838612764873  -0.00010042322232541488
23.05  0.008663010692470427  -9.973405898955017e-05
23.1  0.008795021957789582  -9.899354334370178e-05
23.150000000000002  0.008923563507860539  -9.820626804832324e-05
23.200000000000003  0.009048378607782945  -9.739611063849256e-05
23.25  0.009169272078772512  -9.660006133616665e-05
23.3  0.009286115999505866  -9.586196494012404e-05
23.35  0.009398851383727525  -9.522682883077668e-05
23.400000000000002  0.00950748578384753  -9.473623621919443e-05
23.450000000000003  0.009612087134604586  -9.442512063759607e-05
23.5  0.0097127746223714  -9.431987502666255e-05
23.55  0.009809707568587499  -9.443761690785407e-05
23.6  0.009903073116613493  -9.478632298060515e-05
23.650000000000002  0.009993073371520153  -9.536548363745808e-05
23.700000000000003  0.010079912786543717  -9.616703529853484e-05
23.75  0.010163786744599636  -9.71764136010804e-05
23.8  0.010244872263615775  -9.837356084409855e-05
23.85  0.010323321529695806  -9.973392055462327e-05
23.900000000000002  0.010399258620111478  -0.000101229904103375
23.950000000000003  0.01047277934465244  -0.00010283402027609851
24.0  0.01054395358157923  -0.00010452594163235058
24.05  0.010612829227541806  -0.00010630643109392318
24.1  0.010679436943304846  -0.00010821683183022508
24.150000000000002  0.010743793260704676  -0.00011034992043103061
24.200000000000003  0.010805897280092118  -0.00011283420214941706
24.25  0.010865719553314827  -0.00011579705634691477
24.3  0.010923186705598307  -0.00011932717007903166
24.35  0.01097816547764591  -0.00012344835683283624
24.400000000000002  0.011030450039547633  -0.00012811073538878125
24.450000000000003  0.011079756682800423  -0.00013320127054205848
24.5  0.011125727544316559  -0.00013856946029596747
24.55  0.011167941557539009  -0.0001440594732231018
24.6  0.011205928999244712  -0.0001495398204271223
24.650000000000002  0.011239186256333746  -0.00015492458728315006
24.700000000000003  0.011267188804606237  -0.0001601835128873217
24.75  0.011289401847953698  -0.00016534070628464837
24.8  0.011305288929719307  -0.00017046382343685468
24.85  0.011314319093995764  -0.00017564694085171317
24.900000000000002  0.011315973171856614  -0.00018099095542473283
24.950000000000003  0.011309749652464004  -0.00018658528354797133
25.0  0.011295170172888476  -0.00019249416000755818
25.05  0.011271783009886377  -0.00019875018498838884
25.1  0.01123915879858021  -0.00020535623421140606
25.150000000000002  0.011196871335367458  -0.00021229070802026258
25.200000000000003  0.011144480283655177  -0.0002195026240275261
25.25  0.011081562614861332  -0.00022689944106570764
25.3  0.0110077817005329  -0.0002343589049596508
25.35  0.01092292526594065  -0.00024176446440651563
25.400000000000002  0.010826901640190246  -0.0002490315725752067
25.450000000000003  0.010719723657389884  -0.0002561140720120697
25.5  0.010601495236719168  -0.000262998151102957
25.55  0.010472403297289592  -0.00026969109275948224
25.6  0.010332714580544307  -0.00027620857895191246
25.650000000000002  0.010182776041461979  -0.0002825627574113095
25.700000000000003  0.010023017062978628  -0.00028875275488924744
25.75  0.009853951784710891  -0.0002947588243036983
25.8  0.00967618020257669  -0.00030054061510372053
25.85  0.009490387228143242  -0.00030603931865619174
25.900000000000002  0.009297339438520048  -0.000311182851345382
25.950000000000003  0.009097879698476622  -0.00031589290429247295
26.0  0.008892920130935986  -0.00032009262543679503
26.05  0.008683434008413028  -0.0003237138441533092
26.1  0.008470447040170713  -0.00032670300749942737
26.150000000000002  0.008255028382309229  -0.0003290253212772618
26.200000000000003  0.008038281426159227  -0.00033066684975461777
26.25  0.007821334082533039  -0.00033163465716224837
26.3  0.0076053282231378135  -0.00033195525584630144
26.35  0.0073914080733279725  -0.0003316715215918353
26.400000000000002  0.007180707273405747  -0.00033083835506778926
26.450000000000003  0.006974334477356859  -0.00032951760745625813
26.5  0.0067733578268602615  -0.0003277729583080873
26.55  0.006578788904328186  -0.00032566586818495215
26.6  0.006391566808843693  -0.00032325340294614365
26.650000000000002  0.006212543699511582  -0.0003205862689338155
26.700000000000003  0.006042472633054515  -0.00031770584473217727
26.75  0.005881997170226438  -0.00031464206118149337
26.8  0.005731643514568188  -0.0003114135638480151
26.85  0.005591817130312141  -0.0003080298133645181
26.900000000000002  0.005462804258379943  -0.0003044938984640396
26.950000000000003  0.005344777157936439  -0.00030080527289423137
27.0  0.0052378019460253  -0.0002969622596871845
27.05  0.005141848462307259  -0.0002929642200620924
27.1  0.005056801870121051  -0.0002888132198836831
27.150000000000002  0.0049824757046088115  -0.00028451510951248653
27.200000000000003  0.004918625954267787  -0.0002800800490762325
27.25  0.004864965651110005  -0.0002755225756896781
27.3  0.0048211793847179225  -0.00027086133204427744
27.35  0.004786937135819871  -0.0002661185867755746
27.400000000000002  0.004761906803287703  -0.0002613197397362629
27.450000000000003  0.004745764817459735  -0.00025649310949200964
27.5  0.004738204375274699  -0.00025167033362258784
27.55  0.0047389410281898775  -0.0002468874838604529
27.6  0.0047477155067675615  -0.00024218648122709658
27.650000000000002  0.004764293845984154  -0.00023761570445321467
27.700000000000003  0.004788465321921311  -0.00023322803206841732
27.75  0.004820039514170189  -0.00022907465373113434
27.8  0.004858844432010288  -0.00022519470057949363
27.85  0.004904727106014705  -0.00022160372103832997
27.900000000000002  0.0049575562477114825  -0.00021828607111324855
27.950000000000003  0.0050172248335085354  -0.00021519529791040175
28.0  0.005083650013817125  -0.00021226301023083882
28.05  0.00515676861588259  -0.00020941306438350377
28.1  0.005236527984485106  -0.0002065761824484457
28.150000000000002  0.005322873136298687  -0.0002037007209324501
28.200000000000003  0.0054157318658408175  -0.00020075733598142384
28.25  0.005514999742986684  -0.00019773750583527327
28.3  0.005620526896074379  -0.00019464765163621054
28.35  0.005732108066929218  -0.00019150135833277774
28.400000000000002  0.005849476590830953  -0.00018831196318142801
28.450000000000003  0.005972302218411994  -0.0001850871595931252
28.5  0.006100192549419105  -0.00018182652480744254
28.55  0.006232697943811772  -0.00017852205309859136
28.6  0.006369319613243437  -0.00017516106952681227
28.650000000000002  0.00650952027121068  -0.0001717304845022624
28.700000000000003  0.006652736603537448  -0.00016822116184719613
28.75  0.006798392624851565  -0.00016463123656299786
28.8  0.006945912076733326  -0.00016096773449610644
28.85  0.007094727937872707  -0.0001572464940875662
28.900000000000002  0.007244289418051801  -0.00015349076588738113
28.950000000000003  0.007394068004750683  -0.00014972927957576882
29.0  0.007543562739630626  -0.00014599417548010133
29.05  0.007692304022988495  -0.0001423184353987784
29.1  0.007839855584837206  -0.00013873315745854418
29.150000000000002  0.00798581482368871  -0.000135265475500296
29.200000000000003  0.008129812028383721  -0.00013193746766847886
29.25  0.008271509095057836  -0.00012876602867138928
29.3  0.008410598313432487  -0.0001257635250892307
29.35  0.008546801660575943  -0.00012293897504907057
29.400000000000002  0.008679870858537853  -0.00012029947426058153
29.450000000000003  0.008809588279502885  -0.0001178515941504245
29.5  0.008935768588225462  -0.0001156024610995781
29.55  0.009058260790396287  -0.00011356031479706883
29.6  0.009176950320591175  -0.00011173462389314771
29.650000000000002  0.009291760960081817  -0.00011013593441648848
29.700000000000003  0.009402656288291969  -0.00010877542831394277
29.75  0.009509640057800339  -0.00010766421035227864
29.8  0.00961275486849381  -0.00010681241595834556
29.85  0.009712079042721993  -0.00010622794392283556
29.900000000000002  0.009807722199405197  -0.00010591471889163172
29.950000000000003  0.00989981997021763  -0.00010587090853350115
30.0  0.009988527991707852  -0.00010608759029953488
30.05  0.010074015305694656  -0.0001065481279050037
30.1  0.010156457441423008  -0.00010722800014462087
30.150000000000002  0.010236029231181325  -0.0001080948014084355
30.200000000000003  0.010312897517258885  -0.00010910951182852993
30.25  0.010387214706970519  -0.00011023054832069018
30.3  0.010459114238885589  -0.00011142113906692034
30.35  0.010528707962790826  -0.00011266015855310364
30.400000000000002  0.010596083715553633  -0.00011395667358053804
30.450000000000003  0.010661299802504132  -0.00011536705321186418
30.5  0.01072437338183874  -0.00011700792682069419
30.55  0.010785264004937057  -0.00011905115698205871
30.6  0.010843859822118732  -0.00012169062324184626
30.650000000000002  0.010899974318283849  -0.00012508958465044036
30.700000000000003  0.010953353664620635  -0.0001293323583330015
30.75  0.011003688479385642  -0.00013439957364040387
30.8  0.011050625002158442  -0.00014017207754931006
30.85  0.011093774613282646  -0.00014645792135380104
30.900000000000002  0.011132722394626078  -0.000153032307632512
30.950000000000003  0.011167035195591729  -0.00015967976366411645
31.0  0.011196269123843965  -0.00016622957613337592
31.05  0.01121997603768441  -0.00017257883379382218
31.1  0.011237707479605608  -0.0001787011154149902
31.150000000000002  0.01124901197075157  -0.0001846410888202103
31.200000000000003  0.01125342312682737  -0.00019049421760855936
31.25  0.011250450634186797  -0.00019637073332508953
31.3  0.011239594100136793  -0.00020235571258326202
31.35  0.01122037361964138  -0.00020848787014431368
31.400000000000002  0.011192353430962167  -0.0002147611578403113
31.450000000000003  0.011155150472752931  -0.00022113556090931074
31.5  0.011108432707308925  -0.00022754870896204478
31.55  0.011051913257110156  -0.00023392710041087686
31.6  0.01098534461804733  -0.00024019675740931233
31.650000000000002  0.01090851566804347  -0.00024629243517806823
31.700000000000003  0.01082125292905518  -0.0002521643009500141
31.75  0.010723426441019243  -0.0002577813184713605
31.8  0.010614959673639238  -0.00026313113381297464
31.85  0.010495842190014978  -0.00026821683734824624
31.900000000000002  0.010366143344600587  -0.00027305143269338824
31.950000000000003  0.01022602517525804  -0.0002776511176295548
32.0  0.010075752828775143  -0.0002820285687042628
32.050000000000004  0.009915701290280469  -0.0002861873356415995
32.1  0.009746357777966955  -0.0002901182280133879
32.15  0.009568319798092601  -0.00029379824897318566
32.2  0.009382289413575039  -0.0002971922265050165
32.25  0.009189064661066273  -0.00030025685754063447
32.300000000000004  0.008989529193064488  -0.0003029464895802686
32.35  0.00878464112013474  -0.0003052196893207227
32.4  0.008575421755214706  -0.0003070455245441982
32.45  0.008362944575319432  -0.00030840849045969557
32.5  0.008148324233095496  -0.0003093112090987789
32.550000000000004  0.007932705124233521  -0.00030977447300091634
32.6  0.007717249010823663  -0.0003098348754660799
32.65  0.0075031217426815055  -0.0003095406609245564
32.7  0.007291479470080417  -0.00030894611265235266
32.75  0.007083454383939247  -0.0003081047321462022
32.800000000000004  0.006880139851536037  -0.00030706220394644804
32.85  0.006682575328447286  -0.00030585060120687495
32.9  0.006491731868284745  -0.0003044849663992185
32.95  0.006308498960910517  -0.00030296277729834384
33.0  0.006133673249682021  -0.00030126631335834075
33.050000000000004  0.005967949690910523  -0.00029936751337633464
33.1  0.005811915679569636  -0.00029723447299285973
33.15  0.005666048324587584  -0.00029483823066494825
33.2  0.005530714514685158  -0.00029215846993740284
33.25  0.005406173248675211  -0.00028918734765358365
33.300000000000004  0.005292579788728608  -0.00028593137351454407
33.35  0.005189991502201641  -0.00028241191576293336
33.4  0.005098375448382102  -0.0002786644773025171
33.45  0.005017616873785581  -0.00027473566007060784
33.5  0.0049475284625417285  -0.00027067748735073234
33.550000000000004  0.004887861722955661  -0.00026654051311676653
33.6  0.004838320819142931  -0.000262367419934583
33.65  0.004798577787953211  -0.0002581882240500656
33.7  0.004768287896772665  -0.0002540176952285728
33.75  0.004747104179167914  -0.00024985519081057724
33.800000000000004  0.004734690412993799  -0.0002456867483790139
33.85  0.00473073190406512  -0.00024148897519407495
33.9  0.004734943551727969  -0.00023723409172025564
33.95  0.004747074855537699  -0.00023289546074674604
34.0  0.0047669117188342755  -0.00022845300914979257
34.050000000000004  0.004794275112309717  -0.00022389807679303942
34.1  0.00482901687514925  -0.00021923735713403567
34.15  0.004871013098565719  -0.00021449564480337518
34.2  0.004920155666767885  -0.00020971699029738775
34.25  0.004976342662245992  -0.00020496358942880433
34.300000000000004  0.005039468533651973  -0.00020031151070957083
34.35  0.005109415174274294  -0.00019584262162867486
34.4  0.005186045159505295  -0.00019163323084066844
34.45  0.005269198038169433  -0.00018774179439746524
34.5  0.005358689778815446  -0.00018419931624803247
34.550000000000004  0.005454314643458953  -0.00018100552553519867
34.6  0.005555847988192742  -0.00017813164606702097
34.65  0.005663047988218416  -0.00017552817405895073
34.7  0.0057756550560168615  -0.0001731350000739082
34.75  0.005893389336238307  -0.00017089117888087263
34.800000000000004  0.006015947156285467  -0.0001687414729189802
34.85  0.006142995539267332  -0.0001666388324395296
34.9  0.006274166010370643  -0.00016454632262132856
34.95  0.006409051552331591  -0.00016243889800589983
35.0  0.006547208870633332  -0.00016030464479414945
35.050000000000004  0.006688168286758199  -0.00015814396788364145
35.1  0.006831443461927315  -0.00015596293001718495
35.15  0.0069765339150498  -0.00015376670549648483
35.2  0.007122928691036271  -0.00015155884092642148
35.25  0.007270114527266702  -0.0001493428684743365
35.300000000000004  0.0074175847658886655  -0.00014712361154518253
35.35  0.007564847068330836  -0.00014490808091792892
35.4  0.0077114298066606485  -0.0001427060616171121
35.45  0.007856887299684857  -0.00014053021044717044
35.5  0.008000803931848226  -0.00013839547867401463
35.550000000000004  0.008142797048485872  -0.0001363179530361945
35.6  0.008282518562188926  -0.00013431346679911637
35.65  0.008419655513921976  -0.00013239638830659427
35.7  0.00855393008634036  -0.0001305787990272887
35.75  0.008685099497325741  -0.0001288700696641621
35.800000000000004  0.008812955979597598  -0.00012727675785811327
35.85  0.008937326856648106  -0.0001258027326466583
35.9  0.009058074603969466  -0.0001244494531880007
35.95  0.009175096787964191  -0.0001232164011901242
36.0  0.0092883259933309  -0.00012210172266952205
36.050000000000004  0.009397729701694777  -0.00012110285365683011
36.1  0.0095033097608852  -0.00012021685711000717
36.15  0.00960510120357606  -0.00011944045305066722
36.2  0.00970317020731231  -0.00011876991428137458
36.25  0.009797611032461805  -0.00011820110026716058
36.300000000000004  0.009888541853824775  -0.00011772992053686154
36.35  0.00997609950686082  -0.00011735343245265101
36.4  0.010060433232940952  -0.00011707157170346078
36.45  0.010141697525740422  -0.00011688938854878069
36.5  0.010220044372830864  -0.00011681969440208812
36.550000000000004  0.01029561549967472  -0.00011688588514496164
36.6  0.010368534958754567  -0.0001171244132810596
36.65  0.010438901477153073  -0.00011758680129233637
36.7  0.01050677951564978  -0.00011834205583363298
36.75  0.010572188569818002  -0.000119480438803742
36.800000000000004  0.010635092284030966  -0.00012111759642493029
36.85  0.010695392885890847  -0.00012339317265624755
36.9  0.010752939019378007  -0.00012645364872575056
36.95  0.010807549598600984  -0.00013041557740915255
37.0  0.010859044209309276  -0.00013532312843562544
37.050000000000004  0.010907264855270578  -0.00014112184727712145
37.1  0.010952080357089635  -0.00014765827785223146
37.15  0.010993374294693442  -0.0001547000337154591
37.2  0.011031021954590204  -0.00016196677677077237
37.25  0.011064862747591908  -0.0001691651089441068
37.300000000000004  0.011094674670353277  -0.00017602241302943814
37.35  0.011120156215979305  -0.00018231525382900453
37.4  0.011140918780025924  -0.0001878889035072718
37.45  0.01115649001075601  -0.00019266628827083613
37.5  0.011166326506135828  -0.0001966463772875312
37.550000000000004  0.011169833364916035  -0.00019989355497472945
37.6  0.011166388248277613  -0.0002025209110224198
37.65  0.011155367387800718  -0.00020467102727361608
37.7  0.01113617000976393  -0.00020649730654682345
37.75  0.011108238179109822  -0.0002081481239519048
37.800000000000004  0.01107107100477404  -0.00020975516865364454
37.85  0.011024233356916699  -0.00021142618039094626
37.9  0.010967359731282324  -0.00021324155767396354
37.95  0.01090015424953367  -0.0002152539785800053
38.0  0.010822388082053404  -0.0002174900576598019
38.050000000000004  0.010733895930915444  -0.00021995285241326154
38.1  0.010634573734525062  -0.000222624038977416
38.15  0.010524380236519346  -0.00022546561117437668
38.2  0.01040334482828271  -0.0002284221947535986
38.25  0.010271582230240956  -0.0002314251509926543
38.300000000000004  0.010129310948548471  -0.0002343983257622893
38.35  0.009976869093841247  -0.00023726379657208312
38.400000000000006  0.009814721249844512  -0.00023994611566700283
38.45  0.009643454050060497  -0.00024237533046002094
38.5  0.009463762840252998  -0.00024449035203297757
38.550000000000004  0.009276434257121349  -0.0002462436335506523
38.6  0.00908232933140173  -0.00024760646741774897
38.650000000000006  0.008882370015382746  -0.0002485731157834632
38.7  0.008677529921574906  -0.0002491620929752843
38.75  0.008468828182523022  -0.0002494138882807147
38.800000000000004  0.00825732427123499  -0.0002493857381289339
38.85  0.008044111869177934  -0.00024914495911786724
38.900000000000006  0.00783031075762777  -0.00024876199457478506
38.95  0.007617056183343496  -0.00024830369656761664
39.0  0.007405485679165317  -0.0002478273289322369
39.050000000000004  0.007196724011095639  -0.0002473757501959429
39.1  0.006991867327994319  -0.0002469741101594896
39.150000000000006  0.006791967671210344  -0.0002466283004940715
39.2  0.006598018842045296  -0.0002463253132633658
39.25  0.00641094429689615  -0.00024603554628722756
39.300000000000004  0.006231587360723708  -0.00024571688205294115
39.35  0.006060703762740404  -0.00024532013079718053
39.400000000000006  0.005898956299246225  -0.00024479523441862434
39.45  0.005746911236196278  -0.00024409734594009046
39.5  0.005605035890100318  -0.00024319181538584922
39.550000000000004  0.0054736968664247255  -0.0002420574737024028
39.6  0.005353159124815659  -0.00024068826185206366
39.650000000000006  0.005243587224839309  -0.00023909318893406176
39.7  0.0051450494024621735  -0.0002372936108583894
39.75  0.005057523442229772  -0.0002353174784407124
39.800000000000004  0.004980903810781848  -0.00023319197814233132
39.85  0.004915010423878151  -0.00023093654830957347
39.900000000000006  0.004859599308935397  -0.00022855778112512528
39.95  0.004814374879966962  -0.00022604691341373322
40.0  0.004779003169066948  -0.0002233800853170728
40.050000000000004  0.00475312547896575  -0.00022052123377453356
40.1  0.004736371992513947  -0.00021742712483112153
40.150000000000006  0.004728374719415165  -0.00021405360967447943
40.2  0.004728779054014981  -0.0002103619889172588
40.25  0.004737253312227464  -0.00020632455469402235
40.300000000000004  0.004753495878917597  -0.00020192866124169297
40.35  0.004777239857458983  -0.00019717901568263175
40.400000000000006  0.004808255259209875  -0.00019209824870810514
40.45  0.004846348813552994  -0.00018672597819441544
40.5  0.004891361498411462  -0.00018111664333615932
40.550000000000004  0.004943163959727179  -0.00017533645223533116
40.6  0.0050016501078415975  -0.00016945982334597747
40.650000000000006  0.005066729237070806  -0.0001635656792749907
40.7  0.005138317098252252  -0.00015773385909520702
40.75  0.005216326419443141  -0.00015204178645748898
40.800000000000004  0.005300657379087478  -0.0001465614488386741
40.85  0.005391188536313278  -0.00014135675676047067
40.900000000000006  0.005487768743906621  -0.00013648137294962028
40.95  0.005590210546007635  -0.00013197707058599264
41.0  0.005698285484837787  -0.00012787264614669177
41.050000000000004  0.005811721615849905  -0.00012418337317197226
41.1  0.005930203298211546  -0.0001209109996242368
41.150000000000006  0.006053373146065849  -0.00011804434469646997
41.2  0.006180835890769948  -0.00011556054406235631
41.25  0.006312163767012412  -0.00011342694340553984
41.300000000000004  0.006446902953985352  -0.00011160353301646222
41.35  0.00658458060718628  -0.00011004575777005674
41.400000000000006  0.006724712052322252  -0.00010870757069495818
41.45  0.006866807742932943  -0.00010754451766913773
41.5  0.007010379612891711  -0.00010651654238800487
41.550000000000004  0.007154946549563057  -0.00010559026946023663
41.6  0.007300038893389662  -0.00010474062468824094
41.650000000000006  0.00744520203974035  -0.00010395165055447715
41.7  0.007589999305733789  -0.00010321637046445944
41.75  0.007734014196181348  -0.00010253570915238005
41.800000000000004  0.007876852093128531  -0.00010191676791106643
41.85  0.008018141325564507  -0.00010137077913063447
41.900000000000006  0.008157533755788692  -0.00010091090044095973
41.95  0.008294705253638653  -0.00010055009534832631
42.0  0.00842935637425162  -0.00010029940318125808
42.050000000000004  0.008561213425951718  -0.00010016683758488589
42.1  0.008690030016546252  -0.00010015703626280169
42.150000000000006  0.008815589064964494  -0.00010027165338424149
42.2  0.008937705154277383  -0.00010051039559740038
42.25  0.009056227016759962  -0.00010087259966498177
42.300000000000004  0.009171040035331108  -0.00010135917947854515
42.35  0.009282068644763733  -0.000101974331875229
42.400000000000006  0.009389277676566917  -0.00010272642717052351
42.45  0.00949267193872596  -0.00010362842089472064
42.5  0.009592294547099502  -0.00010469780118057154
42.550000000000004  0.009688223804929919  -0.0001059563706484501
42.6  0.009780568758194254  -0.00010743121665140355
42.650000000000006  0.009869464617397173  -0.00010915310459218064
42.7  0.009955066152323545  -0.00011114705432116051
42.75  0.010037539072754918  -0.00011342558967537262
42.800000000000004  0.010117052208901224  -0.00011598853432608877
42.85  0.0101937695558969  -0.00011882266703804704
42.900000000000006  0.010267841807381828  -0.00012190072538370911
42.95  0.010339397955370488  -0.00012518129531275128
43.0  0.010408537268407283  -0.00012860993415658633
43.050000000000004  0.010475321810682718  -0.0001321209476516981
43.1  0.010539769906277207  -0.00013563889329440822
43.150000000000006  0.010601852741130338  -0.00013907934273576865
43.2  0.010661500653840719  -0.00014234944015908548
43.25  0.010718625911613149  -0.0001453503227018952
43.300000000000004  0.010773147086190083  -0.00014798574784709187
43.35  0.010824980295166665  -0.00015018450935482664
43.400000000000006  0.010874002596311036  -0.00015193574300582187
43.45  0.010920025958130478  -0.00015331700529511665
43.5  0.010962791439471188  -0.00015449564769415703
43.550000000000004  0.011001970205416989  -0.0001556970072226166
43.6  0.011037164007599777  -0.0001571514889029308
43.650000000000006  0.011067908338171088  -0.00015904395259104244
43.7  0.011093682731420022  -0.00016148211358143962
43.75  0.011113928422699842  -0.00016448834829438304
43.800000000000004  0.011128070002686584  -0.0001680109365913851
43.85  0.011135536696278443  -0.00017194724015883521
43.900000000000006  0.01113577983813588  -0.0001761710395356308
43.95  0.01112828488765472  -0.00018055767262182963
44.0  0.011112578043568013  -0.00018500270554203433
44.050000000000004  0.01108822869141343  -0.00018943209271837707
44.1  0.011054849429673134  -0.00019380379734201938
44.150000000000006  0.011012095418569599  -0.00019810236219046314
44.2  0.010959664514822744  -0.00020232880122918802
44.25  0.010897299287473145  -0.0002064885419185924
44.300000000000004  0.010824791596126117  -0.00021058054195023995
44.35  0.010741989857481753  -0.00021459144055491206
44.400000000000006  0.010648808193703587  -0.00021849740799681364
44.45  0.010545234606705155  -0.00022227071220658618
44.5  0.010431333144723021  -0.00022588451248866878
44.550000000000004  0.010307238100650382  -0.00022931446780322058
44.6  0.010173145654722247  -0.00023254026041789986
44.650000000000006  0.01002931011015817  -0.00023554814580019898
44.7  0.009876047098553881  -0.00023833304649198265
44.75  0.009713742009830124  -0.0002408986660301627
44.800000000000004  0.009542860550188726  -0.0002432554054389435
44.85  0.009363958262078205  -0.00024541699878227925
44.900000000000006  0.009177686798031551  -0.0002473967520607497
44.95  0.008984795954680234  -0.0002492039053715991
45.0  0.008786131139516824  -0.0002508406785523009
45.050000000000004  0.008582626339545143  -0.0002523005952306735
45.1  0.008375293056472532  -0.0002535684679073065
45.150000000000006  0.008165206039092236  -0.0002546220817603035
45.2  0.00795348690151864  -0.00025543530168354645
45.25  0.007741286765281021  -0.00025598211024068375
45.300000000000004  0.007529768889653  -0.00025624086862159113
45.35  0.0073200920945755464  -0.00025619809894046223
45.400000000000006  0.007113395467438441  -0.00025585126050258774
45.45  0.006910784478719342  -0.00025521013032865837
45.5  0.006713318394069766  -0.00025429658552815867
45.550000000000004  0.006521998740307183  -0.00025314280068130526
45.6  0.006337758584925015  -0.0002517880918977764
45.650000000000006  0.006161452531438006  -0.00025027484451217567
45.7  0.005993847557542295  -0.0002486441062515634
45.75  0.005835615014326924  -0.0002469314565708637
45.800000000000004  0.0056873241450075525  -0.0002451636406266121
45.85  0.005549437331999113  -0.00024335623799086946
45.900000000000006  0.005422307042561777  -0.00024151253554532498
45.95  0.005306174260033948  -0.000239623902832455
46.0  0.005201168305875631  -0.00023767192092053385
46.050000000000004  0.005107308762938391  -0.00023563183815386303
46.1  0.005024510981372937  -0.0002334762524430177
46.150000000000006  0.004952595896046992  -0.00023117833357423823
46.2  0.004891303221398654  -0.00022871440926078174
46.25  0.004840306985094073  -0.00022606545175305173
46.300000000000004  0.0047992331578147664  -0.00022321744491112717
46.35  0.004767678777207196  -0.0002201613841371178
46.400000000000006  0.004745231351944684  -0.00021689353134611404
46.45  0.00473148728635698  -0.000213416041551991
46.5  0.004726068275803061  -0.00020973772355632004
46.550000000000004  0.004728634693828779  -0.00020587460756908097
46.6  0.004738894960013711  -0.00020185011558829377
46.650000000000006  0.004756610262781667  -0.00019769473634492272
46.7  0.004781594703652347  -0.00019344508873564087
46.75  0.00481371133266687  -0.00018914227146595976
46.800000000000004  0.004852864681320841  -0.0001848295582151676
46.85  0.004898990535200686  -0.00018054969426551618
46.900000000000006  0.004952043833707347  -0.00017634215559579608
46.95  0.005011985644289911  -0.00017224072715576766
47.0  0.005078770137095332  -0.00016827170637833644
47.050000000000004  0.005152332488676121  -0.00016445298165948188
47.1  0.005232578628301436  -0.00016079406846845255
47.150000000000006  0.0053193774449802585  -0.00015729690092186464
47.2  0.005412555541992336  -0.00015395711058328553
47.25  0.005511894269680958  -0.00015076575606380504
47.300000000000004  0.005617128912156257  -0.00014771158178588398
47.35  0.005727950209483266  -0.000144783570959589
47.400000000000006  0.005844008129697927  -0.00014197317313268605
47.45  0.005964917313386756  -0.00013927568687457172
47.5  0.006090263381648079  -0.00013669088733965864
47.550000000000004  0.006219609365176808  -0.0001342233979477006
47.6  0.0063525018685785814  -0.00013188282361757474
47.650000000000006  0.00648847697207643  -0.00012968307125755
47.7  0.006627065840490989  -0.0001276406884952752
47.75  0.006767799712372333  -0.0001257726816393988
47.800000000000004  0.0069102140200970365  -0.00012409431934199859
47.85  0.007053851618814726  -0.00012261726921618688
47.900000000000006  0.007198265236935558  -0.00012134827832830817
47.95  0.007343019319265425  -0.00012028848244232074
48.0  0.007487691447329098  -0.00011943333516577264
48.050000000000004  0.007631873517967021  -0.00011877310656916916
48.1  0.007775172856284058  -0.00011829388155007282
48.150000000000006  0.007917213430148538  -0.00011797896278578715
48.2  0.008057637320124591  -0.0001178105477086059
48.25  0.008196106565968695  -0.0001177714920744536
48.300000000000004  0.008332305368200569  -0.00011784696372116463
48.35  0.008465942540161874  -0.00011802583434148533
48.400000000000006  0.008596754157396046  -0.00011830169184211721
48.45  0.008724506278244983  -0.00011867337180729004
48.5  0.008848997537986958  -0.00011914495060506863
48.550000000000004  0.008970061377921397  -0.00011972524988887145
48.6  0.00908756771887025  -0.00012042702716435601
48.650000000000006  0.009201423955964336  -0.0001212660050762702
48.7  0.009311575093379938  -0.0001222597467546147
48.75  0.009418002829426798  -0.00012342631307805008
48.800000000000004  0.009520723569877957  -0.0001247827153131744
48.85  0.00961978559584035  -0.00012634325437656732
48.900000000000006  0.009715265586607024  -0.00012811764352980574
48.95  0.009807264132754989  -0.00013010880661446392
49.0  0.00989590001017887  -0.00013231092471953268
49.050000000000004  0.009981303951055735  -0.00013470819270490914
49.1  0.010063612350605131  -0.00013727411601127914
49.150000000000006  0.010142960703050345  -0.00013997136447986005
49.2  0.010219476646447937  -0.00014275248585625595
49.25  0.010293272846980187  -0.00014556184583181583
49.300000000000004  0.010364440158605279  -0.0001483392058597277
49.35  0.010433041621769713  -0.00015102544377735156
49.400000000000006  0.010499108261045983  -0.00015357075970837293
49.45  0.010562637742407927  -0.0001559446711045789
49.5  0.010623595480747264  -0.00015814539293568366
49.550000000000004  0.010681915885831693  -0.00016020520399940587
49.6  0.010737501926254809  -0.00016218892485349708
49.650000000000006  0.010790223390753563  -0.00016418450445399192
49.7  0.010839915224367714  -0.00016628747960411292
49.75  0.01088637677042763  -0.00016858334870153898
49.800000000000004  0.010929371975174355  -0.00017113234366231922
49.85  0.010968630143802718  -0.00017396003610621767
49.900000000000006  0.011003846610269631  -0.00017705539716986434
49.95  0.011034682924562212  -0.00018037560399230214
50.0  0.011060766881988392  -0.00018385541159480074
50.050000000000004  0.011081693256399638  -0.00018741890003498674
50.1  0.01109702617867808  -0.00019099156639372272
50.150000000000006  0.011106303862401745  -0.00019451077777468337
50.2  0.011109045892938927  -0.0001979329620580529
50.25  0.01110476278779382  -0.00020123653470707743
50.300000000000004  0.011092967150773863  -0.00020442039919041022
50.35  0.011073185407886507  -0.00020749879049865595
50.400000000000006  0.011044968976518032  -0.00021049397489934739
50.45  0.011007903840002232  -0.00021342862995345788
50.5  0.010961617874779511  -0.00021631947317196298
50.550000000000004  0.010905785892688348  -0.0002191731209591904
50.6  0.010840132970101881  -0.00022198456316526404
50.650000000000006  0.010764436943397158  -0.00022473816175616222
50.7  0.01067853090071777  -0.00022741067844129028
50.75  0.010582306265104067  -0.0002299754820370362
50.800000000000004  0.010475716833400255  -0.00023240687283182222
50.85  0.010358783973048246  -0.00023468352891487508
50.900000000000006  0.01023160300083107  -0.00023679047081911198
50.95  0.010094350441846417  -0.00023871947084342954
51.0  0.009947291410616177  -0.00024046823540302306
51.050000000000004  0.00979078599657313  -0.0002420388651037765
51.1  0.009625293494780047  -0.00024343608769853456
51.150000000000006  0.009451373617818119  -0.0002446656087120709
51.2  0.00926968429772965  -0.00024573271538116926
51.25  0.009080976143383627  -0.00024664115115720624
51.300000000000004  0.008886084029001193  -0.0002473923039926927
51.35  0.008685916648968109  -0.0002479847653623404
51.400000000000006  0.008481445022212576  -0.00024841429122301746
51.45  0.008273690878108638  -0.00024867417906799833
51.5  0.00806371559001499  -0.00024875603393935565
51.550000000000004  0.00785260989184794  -0.00024865080530255023
51.6  0.007641484252569017  -0.0002483499773853572
51.650000000000006  0.0074314594365227915  -0.0002478468256053962
51.7  0.00722365657455423  -0.0002471376159104906
51.75  0.007019186122660137  -0.0002462226235476929
51.800000000000004  0.006819135318424072  -0.0002451068662135128
51.85  0.006624554093779688  -0.00024380046620003674
51.900000000000006  0.006436439791097093  -0.00024231857757160067
51.95  0.006255721379794287  -0.00024068084180447878
52.0  0.00608324411521614  -0.00023891037627757323
52.050000000000004  0.005919755670890838  -0.00023703235688217212
52.1  0.00576589469750068  -0.0002350723205281708
52.150000000000006  0.005622182565903506  -0.00023305438592579404
52.2  0.005489018849471996  -0.0002309996538621734
52.25  0.005366680943620831  -0.00022892498648798682
52.300000000000004  0.005255327886763589  -0.00022684220053891292
52.35  0.00515500791866853  -0.00022475764155660443
52.400000000000006  0.005065669025295145  -0.0002226721110182517
52.45  0.004987171670095533  -0.00022058114773365882
52.5  0.0049193029212214094  -0.0002184756479874643
52.550000000000004  0.0048617912799924015  -0.0002163426928548096
52.6  0.004814321690784255  -0.00021416639503739202
52.650000000000006  0.004776550380469921  -0.00021192870388592959
52.7  0.004748119180190059  -0.0002096102935900466
52.75  0.004728668946344343  -0.00020719173428568476
52.800000000000004  0.00471785168516698  -0.00020465502187248875
52.85  0.004715340862028375  -0.00020198529883524318
52.900000000000006  0.004720839450232349  -0.0001991724429836708
52.95  0.00473408558245276  -0.0001962122453944656
53.0  0.0047548556586609805  -0.00019310701728803226
53.050000000000004  0.004782964565255853  -0.00018986550625829933
53.1  0.004818262837016508  -0.0001865021129133462
53.150000000000006  0.004860630994005427  -0.0001830355584025446
53.2  0.004909971616199762  -0.0001794872333127065
53.25  0.0049661999172680715  -0.00017587948328973152
53.300000000000004  0.005029233646122115  -0.0001722340812417502
53.35  0.005098983099875632  -0.00016857109770992864
53.400000000000006  0.005175341905983113  -0.00016490831227054527
53.45  0.005258179074474022  -0.00016126121895077654
53.5  0.005347332688881488  -0.00015764357525744946
53.550000000000004  0.005442605500200836  -0.00015406832852181242
53.6  0.005543762555397684  -0.00015054864772267578
53.650000000000006  0.005650530818139983  -0.00014709875361379693
53.7  0.005762600569175838  -0.00014373430829901237
53.75  0.0058796282368249785  -0.0001404722894620169
53.800000000000004  0.006001240248825771  -0.00013733046620506103
53.85  0.006127037564383879  -0.00013432664956514192
53.900000000000006  0.006256600598903367  -0.00013147780974170025
53.95  0.006389494105944368  -0.00012879912473087943
54.0  0.006525271644720401  -0.00012630300810450998
54.050000000000004  0.006663479569618324  -0.00012399824721250142
54.1  0.0068036606296299935  -0.00012188943870171455
54.150000000000006  0.0069453572964576216  -0.00011997685875505233
54.2  0.00708811497144619  -0.00011825681258219791
54.25  0.007231485302286731  -0.00011672231233538173
54.300000000000004  0.00737502952203075  -0.0001153636090183503
54.35  0.007518320888505692  -0.0001141686177654203
54.400000000000006  0.0076609463572604435  -0.00011312438591829836
54.45  0.007802509012731632  -0.00011221928251287932
54.5  0.007942631099512407  -0.00011144464537834393
54.550000000000004  0.00808095692202359  -0.00011079585081462952
54.6  0.008217155540870075  -0.0001102730513723781
54.650000000000006  0.008350923309150311  -0.00010988158407907231
54.7  0.008481986205787793  -0.00010963201262988411
54.75  0.00861010189381917  -0.00010953980628770758
54.800000000000004  0.008735061425821434  -0.00010962468075017018
54.85  0.008856690511871133  -0.0001099096383199716
54.900000000000006  0.008974850274463937  -0.00011041976676401806
54.95  0.009089437447513952  -0.00011118088725770862
55.0  0.009200383999324813  -0.00011221816717599919
55.050000000000004  0.009307656162255769  -0.00011355481380986908
55.1  0.009411252859961153  -0.00011521091431352591
55.150000000000006  0.009511203520198156  -0.0001172024158793814
55.2  0.009607565134699432  -0.00011954030901537962
55.25  0.009700418374748422  -0.00012223039809641285
55.300000000000004  0.009789863215564803  -0.00012527382292972796
55.35  0.009876014766066204  -0.0001286675777342152
55.400000000000006  0.00995899910364696  -0.0001324045692113605
55.45  0.010038948549259671  -0.00013647343250440156
55.5  0.010115996292951578  -0.0001408583318284892
55.550000000000004  0.010190270890670134  -0.0001455388253659919
55.6  0.01026189115402779  -0.00015048978250356063
55.650000000000006  0.010330961583074444  -0.00015568163890815806
55.7  0.010397568238596569  -0.00016108170105438554
55.75  0.0104617747304028  -0.0001666572083832176
55.800000000000004  0.010523617790864265  -0.00017238010944229732
55.85  0.010583102005015353  -0.00017823225902261904
55.900000000000006  0.010640193979196272  -0.00018420885994598705
55.95  0.010694817066159844  -0.00019031813690072443
56.0  0.010746847660622364  -0.00019657642758177832
56.050000000000004  0.010796113117856346  -0.00020299959850113506
56.1  0.010842390724339476  -0.0002095932141964113
56.150000000000006  0.010885407448882846  -0.00021634436956844745
56.2  0.010924840864997976  -0.00022321722417502736
56.25  0.010960321884750025  -0.00023015274907867232
56.300000000000004  0.010991439633692647  -0.00023707204716194892
56.35  0.011017748282121287  -0.00024388221268752477
56.400000000000006  0.011038775267894207  -0.0002504836909934914
56.45  0.011054030191933996  -0.0002567781060054047
56.5  0.011063013687803486  -0.000262675527716274
56.550000000000004  0.011065225677561945  -0.0002681002614177519
56.6  0.011060172583105871  -0.00027299453488378807
56.650000000000006  0.011047373439494891  -0.0002773199066738578
56.7  0.011026365215977383  -0.00028105666364266894
56.75  0.010996707591274586  -0.0002842017347387356
56.800000000000004  0.010957987389571659  -0.00028676554027594694
56.85  0.010909822986523064  -0.0002887682072935035
56.900000000000006  0.010851869082680647  -0.00029023616228388715
56.95  0.01078382240480632  -0.0002912009058106153
57.0  0.010705429218153192  -0.00029170161425679604
57.050000000000004  0.010616495628525515  -0.00029179044580506013
57.1  0.010516900771585132  -0.00029153490487175194
57.150000000000006  0.010406611298625504  -0.0002910116889584843
57.2  0.01028569429706148  -0.00029029423054964813
57.25  0.010154325658613579  -0.00028944172936497226
57.300000000000004  0.010012792246049722  -0.0002884940941237367
57.35  0.009861488334800068  -0.0002874721630568833
57.400000000000006  0.009700908201949417  -0.0002863811837540397
57.45  0.009531636908587125  -0.00028521600734294654
57.5  0.00935434079773744  -0.00028396687219608724
57.550000000000004  0.009169758571352452  -0.0002826248545904846
57.6  0.008978693285574608  -0.0002811862677534545
57.650000000000006  0.008782005303948771  -0.00027965553030594376
57.7  0.00858060629107221  -0.00027804622040872274
57.75  0.008375454227609283  -0.00027638017553454394
57.800000000000004  0.008167548805589711  -0.0002746848587745368
57.85  0.007957926311656077  -0.0002729896482621466
57.900000000000006  0.0077476533610419795  -0.00027132191523129715
57.95  0.0075378191308123075  -0.0002697036794771453
58.0  0.007329525788161323  -0.0002681492994919514
58.050000000000004  0.0071238767739503165  -0.0002666643163024598
58.1  0.006921962823309475  -0.00026524545475598704
58.150000000000006  0.006724846209324608  -0.00026388171768737214
58.2  0.006533544258814189  -0.0002625563241918107
58.25  0.0063490132595560005  -0.0002612491961705871
58.300000000000004  0.0061721336264978985  -0.0002599397429164827
58.35  0.006003696943228474  -0.00025860957323170074
58.400000000000006  0.005844395341089947  -0.0002572446637630663
58.45  0.005694813570511578  -0.0002558366313247262
58.5  0.00555542397200889  -0.00025438295977298314
58.550000000000004  0.005426584534091911  -0.00025288617150752006
58.6  0.0053085403289330965  -0.0002513520808566141
58.650000000000006  0.005201428277694136  -0.0002497874794594623
58.7  0.005105284625893601  -0.0002481976666381502
58.75  0.005020054478328102  -0.0002465841072137291
58.800000000000004  0.004945602966648144  -0.0002449424707177643
58.85  0.0048817276467972605  -0.00024326137205016177
58.900000000000006  0.004828171652931098  -0.00024152211025646486
58.95  0.004784637106364559  -0.00023969950194502023
59.0  0.00475079832531259  -0.00023776348868405703
59.050000000000004  0.004726314460062528  -0.00023568097830112882
59.1  0.004710841094816582  -0.00023341778396349393
59.150000000000006  0.0047040403373396125  -0.0002309408452311229
59.2  0.004705589230225344  -0.00022822059174995937
59.25  0.004715186482006943  -0.00022523294635578436
59.300000000000004  0.0047325573056561715  -0.00022196060607999947
59.35  0.004757456062572642  -0.00021839360589636904
59.400000000000006  0.004789666589372516  -0.00021452932429329624
59.45  0.004829000284179227  -0.00021037205875608253
59.5  0.004875292179538587  -0.00020593225295411662
59.550000000000004  0.0049283953241730785  -0.00020122545723984963
59.6  0.004988173866547159  -0.00019627113040624952
59.650000000000006  0.005054495299504232  -0.00019109140824663558
59.7  0.005127222400316963  -0.00018570994523309608
59.75  0.005206205453729438  -0.00018015086570082918
59.800000000000004  0.005291275256338751  -0.00017443779872545063
59.85  0.005382237208937268  -0.00016859298304746986
59.900000000000006  0.00547886669336514  -0.00016263646085838208
59.95  0.005580905889169073  -0.000156585335639096
60.0  0.00568806210429193  -0.00015045291666820055
60.050000000000004  0.005800007523239417  -0.0001442474972421828
60.1  0.005916380048226042  -0.00013797089814072724
60.150000000000006  0.0060367847653203886  -0.00013161736982226027
60.2  0.006160795765095633  -0.00012517303689056505
60.25  0.006287958266021557  -0.00011861559054821314
60.300000000000004  0.006417790647530344  -0.00011191389601869274
60.35  0.006549785922684942  -0.00010502735194895953
60.400000000000006  0.006683412423623607  -9.790526087881003e-05
60.45  0.006818113785567525  -9.048670530475091e-05
60.5  0.006953308629169483  -8.270133924474737e-05
60.550000000000004  0.007088390552293156  -7.447141344019991e-05
60.6  0.007222729032411332  -6.571554280075496e-05
60.650000000000006  0.007355671533761127  -5.635516968725287e-05
60.7  0.007486547224363479  -4.632501396580722e-05
60.75  0.007614673739708439  -3.558828171966601e-05
60.800000000000004  0.007739367007324611  -2.415507128413749e-05
60.85  0.007859954609775217  -1.210188766208431e-05
60.900000000000006  0.00797579565241404  4.079471635121839e-07
60.95  0.008086308944093063  1.310597709544575e-05
61.0  0.008191010168989904  2.560726244887321e-05
61.050000000000004  0.00828955597416796  3.741050445833506e-05
61.1  0.008381792204084724  4.791230472094905e-05
61.150000000000006  0.008467805729361035  5.643813287291202e-05
61.2  0.00854797372854671  6.229176798329942e-05
61.25  0.008622998414112078  6.482085561714503e-05
61.300000000000004  0.008693915340185487  6.349331660897528e-05
61.35  0.00876206433792101  5.797596439948154e-05
61.400000000000006  0.008829015602748513  4.8203791083969896e-05
61.45  0.008896450882014698  3.4427701921407677e-05
61.5  0.00896601085072124  1.7227946904475975e-05
61.550000000000004  0.009039130911890047  -2.5189461753659945e-06
61.6  0.009116892662582646  -2.3725520294579604e-05
61.650000000000006  0.009199914536335202  -4.522278607652574e-05
61.7  0.009288295800476784  -6.59100947812627e-05
61.75  0.00938161770817533  -8.489413783907651e-05
61.800000000000004  0.009478997463218276  -0.00010158898629537968
61.85  0.00957918478112168  -0.00011576079966265198
61.900000000000006  0.009680686677887487  -0.00012751456356155074
61.95  0.00978190425247974  -0.0001372312802548484
62.0  0.009881265608013123  -0.00014547122702779345
62.050000000000004  0.00997734123244081  -0.00015286251692158415
62.1  0.010068931596741795  -0.000159993895350822
62.150000000000006  0.010155120872641692  -0.0001673270337717734
62.2  0.010235295322867771  -0.00017513862749788804
62.25  0.010309129484975723  -0.00018349734720193853
62.300000000000004  0.010376545482252465  -0.00019227526895638003
62.35  0.010437653243988248  -0.00020118804449073012
62.400000000000006  0.010492681099491113  -0.00020985471588668087
62.45  0.010541905723588114  -0.00021786669478173818
62.5  0.010585589074330614  -0.0002248551641974595
62.550000000000004  0.010623927946339056  -0.00023054755616589676
62.6  0.010657019377264418  -0.00023480630696599825
62.650000000000006  0.010684842856846802  -0.00023764605753668223
62.7  0.01070725829433984  -0.00023922869842024275
62.75  0.010724017014686718  -0.00023983876761525137
62.800000000000004  0.010734781869478403  -0.0002398441844216562
62.85  0.010739151871852284  -0.00023964866119609876
62.900000000000006  0.010736686915790387  -0.00023964243072913235
62.95  0.010726929877057301  -0.00024015723343179455
63.0  0.010709425176528443  -0.00024143118685950805
63.050000000000004  0.010683733167493395  -0.00024358980563579685
63.1  0.01064943983672352  -0.00024664518643383835
63.150000000000006  0.010606162353962731  -0.0002505099813775116
63.2  0.010553552316097455  -0.000255022178863338
63.25  0.010491298895013042  -0.00025997683092480745
63.300000000000004  0.010419133453201317  -0.00026516017094504237
63.35  0.010336836351895168  -0.00027038115467266735
63.400000000000006  0.010244245966661295  -0.00027549592107008555
63.45  0.01014126929248876  -0.0002804219833202221
63.5  0.01002789305797477  -0.000285140912202504
63.550000000000004  0.009904194062458394  -0.00028969034069125103
63.6  0.00977034752647212  -0.0002941478273162724
63.650000000000006  0.009626632556425579  -0.00029861022258772076
63.7  0.009473434261675745  -0.0003031725706844395
63.75  0.009311242519776506  -0.0003079102545068002
63.800000000000004  0.009140647797451312  -0.00031286717557343826
63.85  0.008962334749037511  -0.00031805141868568933
63.900000000000006  0.008777074443501284  -0.0003234383151593031
63.95  0.008585715967151707  -0.000328979435265647
64.0  0.008389177900005075  -0.00033461510697887326
64.05  0.008188439889133228  -0.00034028766233746394
64.10000000000001  0.007984534279610432  -0.0003459528125269505
64.15  0.0077785375559740275  -0.0003515872732136501
64.2  0.007571561271156415  -0.0003571916205330341
64.25  0.007364742149813144  -0.00036278825410203483
64.3  0.007159231158645319  -0.00036841521015566596
64.35000000000001  0.006956181476451519  -0.000374117201819322
64.4  0.0067567353751974086  -0.0003799355895622225
64.45  0.006562010132184186  -0.00038589892639464207
64.5  0.006373083212046314  -0.00039201537412218035
64.55  0.0061909770521474975  -0.00039826778435585105
64.60000000000001  0.006016643858400689  -0.0004046116827665308
64.65  0.0058509508647052655  -0.00041097589705590547
64.7  0.005694666537521258  -0.0004172652270622066
64.75  0.005548448235043156  -0.0004233644343484787
64.8  0.005412831852632765  -0.0004291428779464716
64.85000000000001  0.005288223990026241  -0.00043445926366447735
64.9  0.005174897159102288  -0.00043916618821110426
64.95  0.005072988508208547  -0.00044311437786818286
65.0  0.004982502416401243  -0.00044615669994987824
65.05  0.004903317126200891  -0.0004481521691482523
65.10000000000001  0.004835195424849478  -0.00044897019742922773
65.15  0.004777799207538723  -0.00044849510121722246
65.2  0.00473070748418317  -0.0004466305700291109
65.25  0.004693437080893666  -0.00044330383002212886
65.3  0.0046654649830960605  -0.00043846913551042784
65.35000000000001  0.004646251171269886  -0.0004321101609245039
65.4  0.004635260881133645  -0.0004242412344600846
65.45  0.004631984692322311  -0.0004149072621029202
65.5  0.004635954068289504  -0.0004041815375241597
65.55  0.004646752158048341  -0.0003921611562734511
65.60000000000001  0.004664020991161219  -0.00037896039067043526
65.65  0.004687465271653205  -0.00036470332900151925
65.7  0.004716852732487953  -0.0003495175972489559
65.75  0.0047520108693094995  -0.00033353018760401876
65.8  0.004792820463450429  -0.0003168646126106314
65.85000000000001  0.004839205906680667  -0.00029963911870893166
65.9  0.004891123583331624  -0.0002819668113409347
65.95  0.004948549617046969  -0.0002639565621855395
66.0  0.005011467586399261  -0.0002457141802007222
66.05  0.005079857065722058  -0.00022734367560284208
66.10000000000001  0.005153683651726524  -0.00020894830023387566
66.15  0.005232890845573702  -0.00019063110305001218
66.2  0.005317393934664969  -0.00017249482761561434
66.25  0.005407075882016226  -0.00015464110196924746
66.3  0.005501785141358246  -0.0001371690032451398
66.35000000000001  0.005601335210044077  -0.00012017318610027888
66.4  0.005705505622469706  -0.00010374181989337473
66.45  0.005814044018103377  -8.795461407279994e-05
66.5  0.005926668945798505  -7.288122663720988e-05
66.55  0.006043073165778265  -5.858029092456704e-05
66.60000000000001  0.006162927275926581  -4.50991765632704e-05
66.65  0.006285883520900996  -3.24744777966016e-05
66.7  0.006411579673057763  -2.0733097334760145e-05
66.75  0.006539642884154656  -9.89370328293953e-06
66.8  0.006669693412360129  3.169386954488332e-08
66.85000000000001  0.0068013481458652335  9.036284671339777e-06
66.9  0.006934223866861125  1.711731742238485e-05
66.95  0.007067940217972214  2.4275408112918277e-05
67.0  0.007202122352790342  3.0514352076202054e-05
67.05  0.007336403267630111  3.584136397283578e-05
67.10000000000001  0.007470425831308164  4.026758746303842e-05
67.15  0.0076038445745619555  4.38087091912208e-05
67.2  0.007736327346485168  4.6485585700593195e-05
67.25  0.007867556915819123  4.8324812344670433e-05
67.3  0.007997232512324542  4.9359076348378696e-05
67.35000000000001  0.008125071278754562  4.962707522824726e-05
67.4  0.008250809648079501  4.917286923443605e-05
67.45  0.008374204693548293  4.804470869239637e-05
67.5  0.00849503548358448  4.6293499829519556e-05
67.55  0.008613104435738563  4.397112412338063e-05
67.60000000000001  0.0087282386300833  4.112884866376821e-05
67.65  0.0088402910190559  3.781607105265389e-05
67.7  0.008949141458977357  3.407961517646875e-05
67.75  0.009054697482034479  2.9963714863261872e-05
67.8  0.009156894710104588  2.5510692659672367e-05
67.85000000000001  0.009255696773225233  2.0762196807869035e-05
67.9  0.009351094536756126  1.5760721931704126e-05
67.95  0.009443104377574521  1.0550939384837155e-05
68.0  0.00953176544502096  5.1803472049468625e-06
68.05  0.009617136280538986  -3.006040904785477e-07
68.10000000000001  0.009699290815142177  -5.838675344508256e-06
68.15  0.009778313485319521  -1.1378538970616339e-05
68.2  0.009854293677399257  -1.686407538734225e-05
68.25  0.009927319838357979  -2.224017364997397e-05
68.3  0.009997473477578286  -2.7454840148487162e-05
68.35000000000001  0.010064823554281253  -3.246111519479149e-05
68.4  0.010129421826551136  -3.721863255813229e-05
68.45  0.010191299076743274  -4.169502057925865e-05
68.5  0.010250462099195203  -4.586697347741791e-05
68.55  0.010306891530099657  -4.9720799115681435e-05
68.60000000000001  0.010360540493963847  -5.3252409494550374e-05
68.65  0.010411333943651672  -5.646678795357345e-05
68.7  0.010459168528561515  -5.9376992844163256e-05
68.75  0.010503912792639793  -6.200281086653241e-05
68.8  0.010545407499753873  -6.436922865302836e-05
68.85000000000001  0.010583465950609518  -6.650491291560655e-05
68.9  0.010617874282993725  -6.84408692205785e-05
68.95  0.01064839183013235  -7.020935588609412e-05
69.0  0.010674751564179567  -7.184302604036619e-05
69.05  0.010696660567507451  -7.337426193379808e-05
69.10000000000001  0.010713800499754145  -7.483474290829031e-05
69.15  0.010725828267095845  -7.625543399033403e-05
69.2  0.010732377352465215  -7.766705380001189e-05
69.25  0.01073305806503701  -7.909970075740804e-05
69.3  0.010727450979087253  -8.057985821899445e-05
69.35000000000001  0.010715105518059305  -8.21316502403928e-05
69.4  0.01069556074771768  -8.37831337279046e-05
69.45  0.010668362535595922  -8.556629316176345e-05
69.5  0.010633067195365498  -8.751315708620909e-05
69.55  0.010589241517982226  -8.96520846887389e-05
69.60000000000001  0.010536464305578495  -9.200507904264347e-05
69.65  0.010474330777268896  -9.45862725013396e-05
69.7  0.010402460492948495  -9.74013906990682e-05
69.75  0.010320509011506135  -0.00010044827315305112
69.8  0.01022818284191264  -0.00010371840422884905
69.85000000000001  0.01012525685363628  -0.00010719933000179736
69.9  0.010011592877541728  -0.00011087775298559163
69.95  0.009887157954832883  -0.00011474293153080478
70.0  0.009752040603576435  -0.00011878982968513223
70.05  0.009606463590760722  -0.00012302133147527904
70.10000000000001  0.009450792022792623  -0.0001274488182741277
70.15  0.009285536058627123  -0.0001320905837055224
70.2  0.00911134813845808  -0.00013696794127455997
70.25  0.00892901520916179  -0.0001420993914217807
70.3  0.008739446861318083  -0.00014749373498874205
70.35000000000001  0.008543660441128097  -0.0001531434145233312
70.4  0.00834276407814677  -0.00015901949827393575
70.45  0.008137938302456271  -0.0001650695119746463
70.5  0.007930416667809394  -0.0001712188142018219
70.55  0.007721465646341085  -0.00017737555124685563
70.60000000000001  0.007512364026647487  -0.00018343859102213858
70.65  0.007304382113479075  -0.0001893073405766644
70.7  0.007098761164411735  -0.00019489206608777683
70.75  0.006896693672022762  -0.00020012325433013776
70.8  0.006699305322984642  -0.00020495855067988742
70.85000000000001  0.006507639533777099  -0.000209386298244586
70.9  0.006322645094668105  -0.00021342576516392446
70.95  0.0061451667828434425  -0.00021712498681260105
71.0  0.0059759386466554845  -0.00022055670315363897
71.05  0.005815580312960781  -0.00022381190989077
71.10000000000001  0.005664596972122363  -0.0002269909408922086
71.15  0.005523383222845457  -0.0002301932110646785
71.2  0.005392230221218218  -0.00023350713070490782
71.25  0.005271335151500706  -0.00023700142638301562
71.3  0.005160811962544618  -0.00024071883939133954
71.35000000000001  0.0050607024035824386  -0.0002446727411578801
71.4  0.004970986566156537  -0.0002488468021313346
71.45  0.004891592354267105  -0.00025319752350113446
71.5  0.00482240356130327  -0.00025765917619262547
71.55  0.004763266494721716  -0.00026215045278480385
71.60000000000001  0.004713995298651577  -0.0002665819843296641
71.65  0.004674376295767557  -0.0002708638550696132
71.7  0.004644171805063758  -0.0002749123140423673
71.75  0.004623123942484321  -0.00027865506262257346
71.8  0.004610958859359046  -0.0002820347641578373
71.85000000000001  0.004607391715598598  -0.000285010627667205
71.9  0.004612132454412238  -0.0002875581787020979
71.95  0.004624892202820633  -0.0002896676629288741
72.0  0.004645389882656488  -0.0002913417052850572
72.05  0.004673358411975519  -0.0002925928015029927
72.10000000000001  0.004708549763678688  -0.0002934410410076952
72.15  0.00475073814430778  -0.00029391223294715003
72.2  0.004799720613869519  -0.00029403644750537674
72.25  0.0048553149559661425  -0.00029384752259181164
72.3  0.004917356800258358  -0.000293384001315041
72.35000000000001  0.00498569486340425  -0.0002926872990820351
72.4  0.00506018114714242  -0.00029179866818586174
72.45  0.005140662174029075  -0.0002907581526098236
72.5  0.005226970470266632  -0.0002896029836095598
72.55  0.00531891606435864  -0.0002883653698556373
72.60000000000001  0.005416279171094162  -0.00028707005376357633
72.65  0.005518804767478148  -0.0002857319060086041
72.7  0.005626199467772751  -0.00028435392228973595
72.75  0.00573813089962681  -0.00028292590668275145
72.8  0.00585422957345842  -0.0002814240381687431
72.85000000000001  0.005974093028549269  -0.00027981143777691545
72.9  0.006097291871616107  -0.00027803973859186627
72.95  0.006223377211668012  -0.00027605153849714865
73.0  0.006351888936201572  -0.00027378350917309176
73.05  0.006482364260387953  -0.00027116986489392854
73.10000000000001  0.006614346007209842  -0.00026814588135282835
73.15  0.00674739015076639  -0.0002646511905200264
73.2  0.006881072277107218  -0.00026063262643144064
73.25  0.0070149927414487855  -0.00025604644306551137
73.3  0.007148780390909328  -0.0002508597945460605
73.35000000000001  0.007282094799263679  -0.00024505147391775853
73.4  0.007414627051770173  -0.0002386120193601896
73.45  0.00754609921798009  -0.0002315433761433614
73.5  0.007676262739054413  -0.0002238583295785213
73.55  0.007804896017137494  -0.0002155799024069644
73.60000000000001  0.00793180151930013  -0.00020674086158840125
73.65  0.008056802701342692  -0.00019738342571007218
73.7  0.008179741040458804  -0.00018755920043403012
73.75  0.008300473474548783  -0.0001773292602819351
73.8  0.008418870529962543  -0.0001667641756724881
73.85000000000001  0.008534815224711733  -0.00015594395990070143
73.9  0.008648202601948816  -0.0001449581473163593
73.95  0.008758939718474733  -0.00013390524746484145
74.0  0.008866945933279155  -0.00012289055303535063
74.05  0.008972153685995478  -0.00011202304117036931
74.10000000000001  0.009074509851110591  -0.00010141218313123916
74.15  0.009173977107733662  -9.116457892925359e-05
74.2  0.009270534735570192  -8.138039908412581e-05
74.25  0.009364178552424052  -7.214997944453596e-05
74.3  0.00945491992505353  -6.355104987274877e-05
74.35000000000001  0.009542784011393128  -5.564674032309737e-05
74.4  0.009627807381603942  -4.848409371067735e-05
74.45  0.009710034959382996  -4.2092979807743366e-05
74.5  0.009789516336456944  -3.648555040522697e-05
74.55  0.0098663016812394  -3.16563678740025e-05
74.60000000000001  0.009940437403461823  -2.7583268540815016e-05
74.65  0.010011961644679011  -2.422899870434256e-05
74.7  0.010080899711431147  -2.15435910859433e-05
74.75  0.010147259635483954  -1.9467317955186006e-05
74.8  0.010211028053470309  -1.7933972137928322e-05
74.85000000000001  0.010272166584753922  -1.6874223139040233e-05
74.9  0.010330608848786567  -1.6218828457551475e-05
74.95  0.01038625819745732  -1.5901519423616283e-05
75.0  0.010438986170367998  -1.5861425625433948e-05
75.05  0.010488631627765976  -1.6044949516361774e-05
75.10000000000001  0.010535000477500564  -1.6407035405522637e-05
75.15  0.010577865899253426  -1.6911787539234443e-05
75.2  0.01061696898954014  -1.753241484947672e-05
75.25  0.010652019773046882  -1.8250541586089082e-05
75.3  0.010682698551952047  -1.9054978161927552e-05
75.35000000000001  0.010708657619512433  -1.9940072580283908e-05
75.4  0.0107295234178094  -2.090384349183699e-05
75.45  0.010744899227079194  -2.1946217180881985e-05
75.5  0.010754368426771157  -2.3067664131834936e-05
75.55  0.01075749833737859  -2.4268305133410542e-05
75.60000000000001  0.01075384471466097  -2.554743616460433e-05
75.65  0.010742956985488111  -2.6903478872265107e-05
75.7  0.010724384220946855  -2.8334333146713914e-05
75.75  0.010697681795105149  -2.9838017337636584e-05
75.8  0.010662418682380909  -3.1413436072273064e-05
75.85000000000001  0.010618185299104833  -3.3061066690256535e-05
75.9  0.010564601864725357  -3.478325386518618e-05
75.95  0.010501327540508816  -3.6583870799400766e-05
76.0  0.010428070347618463  -3.8467294288117024e-05
76.05  0.01034459766811649  -4.0436696058319846e-05
76.10000000000001  0.010250747056373272  -4.24919183190635e-05
76.15  0.010146436901851505  -4.462743870746802e-05
76.2  0.010031676360369553  -4.683103840854143e-05
76.25  0.009906573822959572  -4.908371319411125e-05
76.3  0.009771343152337568  -5.136112043945635e-05
76.35000000000001  0.009626307072230507  -5.363647168859099e-05
76.4  0.009471897308394829  -5.588439446610341e-05
76.45  0.009308651374510564  -5.8085036943056236e-05
76.5  0.009137206261127429  -6.0227557440993584e-05
76.55  0.008958289550010583  -6.231227856127428e-05
76.60000000000001  0.00877270867457915  -6.435115550473971e-05
76.65  0.008581339148376001  -6.63665113801047e-05
76.7  0.008385112553966675  -6.838817192149506e-05
76.75  0.0081850049615383  -7.04493216953741e-05
76.80000000000001  0.007982026304775708  -7.258168467194599e-05
76.85000000000001  0.007777211029238932  -7.481084113309625e-05
76.9  0.0075716099699949  -7.715249949426342e-05
76.95  0.007366283076104563  -7.961038448354654e-05
77.0  0.007162292407019012  -8.217613820379869e-05
77.05000000000001  0.006960694756500357  -8.483129588883877e-05
77.10000000000001  0.006762533301203348  -8.75510481625959e-05
77.15  0.006568827836387267  -9.030920048735052e-05
77.2  0.006380563433874157  -9.308354130221146e-05
77.25  0.006198677681785126  -9.586076676374632e-05
77.30000000000001  0.0060240469790392446  -9.864019641761263e-05
77.35000000000001  0.005857472621142458  -0.00010143573367407511
77.4  0.005699667605530865  -0.00010427582651647562
77.45  0.005551245202170344  -0.00010720150450219696
77.5  0.005412710197933258  -0.00011026271304907228
77.55000000000001  0.005284453645590832  -0.00011351333737652917
77.60000000000001  0.005166751776899732  -0.00011700562422705718
77.65  0.005059768931868158  -0.00012078447130912801
77.7  0.004963564333502951  -0.00012488221770985884
77.75  0.004878102378376509  -0.00012931448300076276
77.80000000000001  0.0048032655250948905  -0.00013407737924555526
77.85000000000001  0.004738868564780197  -0.00013914648495857507
77.9  0.004684673187306128  -0.00014447783934037954
77.95  0.004640402026162082  -0.0001500108492954037
78.0  0.004605751626024657  -0.00015567271642630149
78.05000000000001  0.004580403975053321  -0.0001613838842656592
78.10000000000001  0.004564036395312447  -0.00016706396476252154
78.15  0.004556329710218186  -0.0001726375624490514
78.2  0.004556974697361191  -0.0001780394126763596
78.25  0.004565676855314175  -0.00018321835977861304
78.30000000000001  0.00458215947447171  -0.00018813993466318716
78.35000000000001  0.0046061650793901635  -0.000192787608587506
78.4  0.004637455512917045  -0.0001971629650012834
78.45  0.0046758109333092405  -0.00020128487360426912
78.5  0.004721027905169233  -0.00020518767123972863
78.55000000000001  0.004772916765337377  -0.00020891847890318436
78.60000000000001  0.00483129845074371  -0.00021253388300272334
78.65  0.004896000926904863  -0.0002160961873196685
78.7  0.004966855278927941  -0.00021966938717734788
78.75  0.005043691461331817  -0.00022331503078151847
78.80000000000001  0.00512633369996777  -0.00022708819958901244
78.85000000000001  0.00521459559591868  -0.00023103386421969484
78.9  0.005308275057117423  -0.0002351838364368284
78.95  0.005407149296417883  -0.00023955448117388207
79.0  0.005510970273578846  -0.00024414529570144865
79.05000000000001  0.005619461035507137  -0.0002489384333347805
79.10000000000001  0.005732313375759312  -0.0002538992313567772
79.15  0.005849187130934531  -0.00025897774134704823
79.2  0.005969711313941785  -0.00026411114702012826
79.25  0.006093487168068408  -0.0002692268354954136
79.30000000000001  0.006220093096959868  -0.0002742458087120643
79.35000000000001  0.00634909126742623  -0.00027908610179966007
79.4  0.006480035497850242  -0.00028366590214375423
79.45  0.006612479869753943  -0.0002879061189196662
79.5  0.006745987387949313  -0.00029173224673338953
79.55000000000001  0.006880138003574274  -0.00029507549630626773
79.60000000000001  0.007014535396839194  -0.0002978732879077388
79.65  0.007148812059381162  -0.0003000692863679958
79.7  0.007282632396321495  -0.00030161319730514423
79.75  0.007415693767543997  -0.00030246054563928045
79.80000000000001  0.0075477255782660305  -0.00030257262314020646
79.85000000000001  0.00767848668390509  -0.0003019167355741073
79.9  0.007807761490858164  -0.00030046682290541806
79.95  0.007935355234050086  -0.0002982044777058392
80.0  0.00806108900442087  -0.0002951203369032034
80.05000000000001  0.008184795162556435  -0.00029121575684336396
80.10000000000001  0.008306313776729437  -0.0002865045953100833
80.15  0.008425490654087776  -0.0002810147985632857
80.2  0.008542177418524336  -0.0002747892581460812
80.25  0.008656233737716665  -0.0002678854638587766
80.30000000000001  0.008767530768836906  -0.0002603748278977057
80.35000000000001  0.00887595460497144  -0.00025234229095256365
80.4  0.008981409768528625  -0.00024388454830715124
80.45  0.009083822869515515  -0.00023510656394056597
80.5  0.009183145787295994  -0.00022611741147980966
80.55000000000001  0.009279357620888405  -0.00021702626532053406
80.60000000000001  0.009372464868086409  -0.0002079389380832045
80.65  0.009462499836978996  -0.00019895487627505452
80.7  0.009549517538734668  -0.0001901643694605815
80.75  0.009633591073762205  -0.00018164596724278616
80.80000000000001  0.009714805575742527  -0.00017346441633041355
80.85000000000001  0.009793251081484338  -0.00016566944655603744
80.9  0.009869014902860657  -0.00015829555008964715
80.95  0.009942174104909988  -0.00015136269172377637
81.0  0.01001278856614466  -0.00014487778996360125
81.05000000000001  0.010080894956612628  -0.00013883678417884462
81.10000000000001  0.010146501880469585  -0.00013322708741494822
81.15  0.010209586512188094  -0.00012803020623576434
81.2  0.010270093042139473  -0.00012322403244111727
81.25  0.010327932508069779  -0.00011878423216647041
81.30000000000001  0.010382982716610466  -0.00011468503852053407
81.35000000000001  0.010435087357337053  -0.00011090057590090483
81.4  0.010484054742202932  -0.00010740707305645928
81.45  0.010529657173578823  -0.00010418516883399731
81.5  0.01057163148681062  -0.00010122152164645303
81.55000000000001  0.010609680716370095  -9.850949276638435e-05
81.60000000000001  0.01064347658641324  -9.60489401095822e-05
81.65  0.010672662539858133  -9.384516652314446e-05
81.7  0.010696857108356703  -9.190707424227795e-05
81.75  0.010715657519987272  -9.024466701794298e-05
81.80000000000001  0.010728643537908346  -8.886615754579238e-05
81.85000000000001  0.010735381612466954  -8.777498705651323e-05
81.9  0.010735429489290916  -8.696707146090289e-05
81.95  0.010728341405072261  -8.642863324708391e-05
82.0  0.010713673916357067  -8.6135030158862e-05
82.05000000000001  0.010690992252924077  -8.605084149899958e-05
82.10000000000001  0.010659877475644126  -8.613100248246552e-05
82.15  0.010619934594909694  -8.632332170916817e-05
82.2  0.010570801296237393  -8.657216087896779e-05
82.25  0.01051215713297393  -8.68226983414782e-05
82.30000000000001  0.01044373279021132  -8.702531983676603e-05
82.35000000000001  0.010365318841297573  -8.713970571103981e-05
82.4  0.010276773315122414  -8.713823814196709e-05
82.45  0.010178027445703824  -8.700843607164946e-05
82.5  0.010069089280172892  -8.675408199821066e-05
82.55000000000001  0.009950045318088218  -8.639459114642573e-05
82.60000000000001  0.009821060802462395  -8.5962401009999e-05
82.65  0.009682379565670066  -8.549842934957443e-05
82.7  0.00953432428543322  -8.504580964027785e-05
82.75  0.009377297653521091  -8.464253618348244e-05
82.80000000000001  0.00921178449945254  -8.431416864030825e-05
82.85000000000001  0.009038354482201482  -8.406799367906601e-05
82.9  0.008857664627916293  -8.388986916556599e-05
82.95  0.008670460767626674  -8.374445721922734e-05
83.0  0.008477576822811504  -8.357889799546407e-05
83.05000000000001  0.00827993092242731  -8.332938894353709e-05
83.10000000000001  0.00807851760259284  -8.292967796626828e-05
83.15  0.007874396076291468  -8.232008590650802e-05
83.2  0.007668675209505711  -8.145557884777405e-05
83.25  0.007462495829817033  -8.031183897416744e-05
83.30000000000001  0.007257011125211363  -7.888873490913105e-05
83.35000000000001  0.007053366237129899  -7.721092311370288e-05
83.4  0.006852678248074405  -7.532567984449252e-05
83.45  0.00665601776006254  -7.329840040260535e-05
83.5  0.006464393596140672  -7.120645971506352e-05
83.55000000000001  0.006278741639360406  -6.913232086936083e-05
83.60000000000001  0.006099916905278391  -6.715701837775167e-05
83.65  0.0059286881030020154  -6.535473570403369e-05
83.7  0.005765734712664193  -6.378854579928411e-05
83.75  0.005611646145487651  -6.250754742539525e-05
83.80000000000001  0.005466922297315588  -6.154562811709448e-05
83.85000000000001  0.005331974902348218  -6.0921770937572944e-05
83.9  0.005207129351976032  -6.0641530209805806e-05
83.95  0.00509262687882261  -6.069920656370292e-05
84.0  0.004988626852401003  -6.108029698220919e-05
84.05000000000001  0.004895209489212386  -6.176376617087539e-05
84.10000000000001  0.004812379187608948  -6.272393466072419e-05
84.15  0.004740068663660911  -6.393194516358783e-05
84.2  0.004678144184129496  -6.535686320520128e-05
84.25  0.0046264121507560724  -6.696655281670831e-05
84.30000000000001  0.004584627192773909  -6.872849276444803e-05
84.35000000000001  0.004552501764549917  -7.061072804145436e-05
84.4  0.004529717061289064  -7.258315016652313e-05
84.45  0.004515934813988974  -7.461911995321544e-05
84.5  0.004510809149005456  -7.669730814880228e-05
84.55000000000001  0.004513997439418894  -7.880350827872511e-05
84.60000000000001  0.0045251692632183585  -8.093201533671914e-05
84.65  0.004544013278315777  -8.308617836755347e-05
84.7  0.004570242385263469  -8.52779909844207e-05
84.75  0.0046035973040642756  -8.752690744150008e-05
84.80000000000001  0.004643848095953206  -8.985831714571383e-05
84.85000000000001  0.004690793121765555  -9.23020497685821e-05
84.9  0.004744255394392655  -9.489100681491319e-05
84.95  0.004804076762126315  -9.765990563547455e-05
85.0  0.004870110566962626  -0.00010064412562613796
85.05000000000001  0.00494221341399608  -0.00010387865531953777
85.10000000000001  0.005020236742018076  -0.00010739715223599252
85.15  0.005104018877406727  -0.00011123111390090628
85.2  0.005193378164387388  -0.00011540912207962098
85.25  0.005288107625360613  -0.00011995612313963415
85.30000000000001  0.005387971407789154  -0.0001248927497468296
85.35000000000001  0.005492703144077038  -0.00013023465888321363
85.4  0.005602006190999964  -0.00013599178506928477
85.45  0.005715555459692398  -0.00014216759485851798
85.5  0.005833000539345052  -0.0001487584968514226
85.55000000000001  0.005953969829468999  -0.0001557533774061712
85.60000000000001  0.006078075399153874  -0.0001631331859363788
85.65  0.0062049183264146525  -0.0001708706030522731
85.7  0.006334094249442695  -0.000178929860891934
85.75  0.006465198811152664  -0.0001872667308276135
85.80000000000001  0.006597832673535638  -0.00019582870731379466
85.85000000000001  0.006731605838368963  -0.0002045554084535345
85.9  0.006866141107442255  -0.00021337908626525628
85.95  0.0070010766997159486  -0.00022222519837703582
86.0  0.007136068123858181  -0.00023101320975633984
86.05000000000001  0.0072707892871512894  -0.00023965772184727726
86.10000000000001  0.0074049328080376215  -0.0002480698679605777
86.15  0.007538209628615341  -0.0002561589506342192
86.2  0.007670348124974612  -0.00026383435749812253
86.25  0.007801092948750775  -0.00027100777562858884
86.30000000000001  0.007930203834085575  -0.0002775956743988981
86.35000000000001  0.008057454603391263  -0.0002835219781751274
86.4  0.008182632592518179  -0.00028872081106200484
86.45  0.008305538653680555  -0.000293139179009705
86.5  0.008425987817119764  -0.00029673943818918195
86.55000000000001  0.008543810640748592  -0.00029950130157093194
86.60000000000001  0.008658855260662433  -0.0003014229332426968
86.65  0.008770990159768881  -0.0003025204332080587
86.7  0.008880107209362307  -0.0003028257270038636
86.75  0.008986123554571467  -0.0003023849784453866
86.80000000000001  0.009088981809187217  -0.00030125764983474334
86.85000000000001  0.009188650162533608  -0.0002995129103047519
86.9  0.00928512252475576  -0.0002972241209586655
86.95  0.009378417612282617  -0.00029446408514316696
87.0  0.009468576996727443  -0.00029130160294476274
87.05000000000001  0.009555662437559195  -0.0002877992403048706
87.10000000000001  0.009639752370328346  -0.000284012374052779
87.15  0.009720937100198074  -0.0002799893598836192
87.2  0.009799312434697262  -0.0002757724085253497
87.25  0.009874972047295181  -0.00027139877795664843
87.30000000000001  0.009947999287176702  -0.0002669020664329827
87.35000000000001  0.010018459206006476  -0.000262313511564941
87.4  0.010086391414055328  -0.00025766323181666503
87.45  0.01015180410137753  -0.00025298132963668643
87.5  0.010214669324903962  -0.0002482987415695197
87.55000000000001  0.01027491964162699  -0.00024364767922930555
87.60000000000001  0.010332446154172066  -0.00023906144745661196
87.65  0.010387098068640147  -0.00023457346350890874
87.7  0.01043868406547396  -0.0002302155900913616
87.75  0.010486975772720598  -0.0002260164653191977
87.80000000000001  0.010531712708987433  -0.00022200076113800806
87.85000000000001  0.01057260654953191  -0.0002181893894717317
87.9  0.010609342671766199  -0.00021459962121084199
87.95  0.01064157945492723  -0.00021124473258750894
88.0  0.010668947751725342  -0.00020813392939096788
88.05000000000001  0.01069105233736812  -0.00020527299434489006
88.10000000000001  0.01070747568639041  -0.0002026652647711287
88.15  0.010717783707632851  -0.00020031236571985776
88.2  0.01072153273164677  -0.0001982142525284163
88.25  0.0107182771153971  -0.00019636838999844626
88.30000000000001  0.010707576914479088  -0.00019476824873577943
88.35000000000001  0.01068900500885639  -0.0001934014494239261
88.4  0.010662153266906785  -0.00019224819423816871
88.45  0.010626637689468213  -0.00019128071011780806
88.5  0.010582102755427796  -0.0001904647723002615
88.55000000000001  0.01052822618684098  -0.00018976379078964995
88.60000000000001  0.010464725506305131  -0.00018914459287667373
88.65  0.010391366657535418  -0.0001885825845140974
88.7  0.010307974002985273  -0.0001880631406666801
88.75  0.010214440823866189  -0.00018757780659152358
88.80000000000001  0.010110738860187892  -0.00018711725482561652
88.85000000000001  0.009996925080615005  -0.0001866643274975219
88.9  0.009873144790045522  -0.00018618953243748263
88.95  0.009739631587475556  -0.0001856499590293787
89.0  0.0095967055156192  -0.00018499153852641288
89.05000000000001  0.009444770737305139  -0.0001841539212900968
89.10000000000001  0.009284312995422053  -0.00018307749310107795
89.15  0.009115896233678492  -0.00018171140873409196
89.2  0.008940161182944651  -0.00018001818016042547
89.25  0.008757823308394069  -0.00017797607917926784
89.30000000000001  0.008569668185878107  -0.00017558052582635102
89.35000000000001  0.00837654606256805  -0.00017284318560642468
89.4  0.008179365036720485  -0.0001697886973984453
89.45  0.007979082665043104  -0.00016644981210685734
89.5  0.007776696329475487  -0.00016286187689846593
89.55000000000001  0.007573232796195429  -0.00015905756096170937
89.60000000000001  0.007369737311438582  -0.0001550626776045536
89.65  0.00716726246038097  -0.0001508937120202618
89.7  0.00696685690956807  -0.0001465572956710135
89.75  0.006769554123528476  -0.00014205156205602995
89.80000000000001  0.006576361146459439  -0.00013736912387826396
89.85000000000001  0.0063882474836914425  -0.00013250121275908272
89.9  0.006206134056212245  -0.00012744235374259323
89.95  0.006030882258124601  -0.0001221948848139091
90.0  0.005863283321048329  -0.00011677261972232444
90.05000000000001  0.005704048393394981  -0.00011120299367006437
90.10000000000001  0.005553799818226707  -0.00010552714205935596
90.15  0.005413063884928454  -9.979784921938108e-05
90.2  0.005282265308706345  -9.40760233910589e-05
90.25  0.0051617241522302825  -8.842632289209244e-05
90.30000000000001  0.005051655793658621  -8.291246347068319e-05
90.35000000000001  0.004952174026039381  -7.759286397956916e-05
90.4  0.004863297215257176  -7.251670633996236e-05
90.45  0.004784956932023984  -6.772066036348646e-05
90.5  0.004717008666024675  -6.322739213264592e-05
90.55000000000001  0.0046592443117390355  -5.904530041757797e-05
90.60000000000001  0.00461140557010155  -5.516922117865649e-05
90.65  0.004573197508529258  -5.158222152708779e-05
90.7  0.004544301708479038  -4.825829677391026e-05
90.75  0.004524388548492334  -4.5165578519297584e-05
90.80000000000001  0.004513128142854036  -4.226960885913488e-05
90.85000000000001  0.0045101994755114005  -3.953629885821313e-05
90.9  0.004515297388346456  -3.693432441595978e-05
90.95  0.004528137256252722  -3.443691843369148e-05
91.0  0.004548457346993098  -3.2023167746699847e-05
91.05000000000001  0.004576019025297489  -2.9678944822590963e-05
91.10000000000001  0.004610605121277502  -2.739754060739496e-05
91.15  0.004652016859578464  -2.518000930926956e-05
91.2  0.004700069733684689  -2.3035285479391827e-05
91.25  0.004754588707408149  -2.098023777110244e-05
91.30000000000001  0.0048154032408680115  -1.903982737525848e-05
91.35000000000001  0.004882342778135271  -1.7247292255246702e-05
91.4  0.004955233159616624  -1.564386957153808e-05
91.45  0.00503389398800746  -1.4277621277828661e-05
91.5  0.005118135972107132  -1.3201608771400055e-05
91.55000000000001  0.005207757232178165  -1.247319548978487e-05
91.60000000000001  0.005302539423301747  -1.215441128183188e-05
91.65  0.005402244419397385  -1.2310432913670023e-05
91.7  0.00550661181064987  -1.3005868923277828e-05
91.75  0.005615357745344684  -1.4300328315749664e-05
91.80000000000001  0.005728175069470959  -1.624431236932396e-05
91.85000000000001  0.005844734296079343  -1.887604550544097e-05
91.9  0.005964685110584431  -2.2219670717465195e-05
91.95  0.006087658524501473  -2.628501156408698e-05
92.0  0.006213270090670224  -3.1068721711361214e-05
92.05000000000001  0.006341124428416252  -3.655640344344061e-05
92.10000000000001  0.0064708207752994466  -4.272531976572898e-05
92.15  0.006601959051958536  -4.954728132804922e-05
92.2  0.006734146056608653  -5.69911974584843e-05
92.25  0.006867001452790035  -6.502488621624655e-05
92.30000000000001  0.007000163174458891  -7.36159351918617e-05
92.35000000000001  0.007133291864901948  -8.273155137451799e-05
92.4  0.0072660739871682  -9.233747119351894e-05
92.45  0.007398223343221425  -0.00010239616750110253
92.5  0.0075294809236169866  -0.00011286472397888214
92.55000000000001  0.007659613211295723  -0.00012369279878642406
92.60000000000001  0.007788409245232655  -0.00013482107572546502
92.65  0.007915676896868593  -0.0001461805055707282
92.7  0.008041238909580754  -0.00015769246434319212
92.75  0.008164929262091383  -0.00016926978330601832
92.80000000000001  0.008286590304004395  -0.00018081861704961726
92.85000000000001  0.008406070955288046  -0.00019224120733530334
92.9  0.008523226092684258  -0.00020343948587466152
92.95  0.008637917023604273  -0.0002143191990696338
93.0  0.00875001289745298  -0.00022479399111010822
93.05000000000001  0.008859393117169823  -0.0002347887009797424
93.10000000000001  0.008965950966800506  -0.00024424121211205694
93.15  0.009069598397222583  -0.00025310274047717627
93.2  0.009170271135131426  -0.0002613371207760854
93.25  0.009267932689354205  -0.0002689197774024513
93.30000000000001  0.00936257606162854  -0.00027583663294401047
93.35000000000001  0.009454222708586358  -0.0002820828238183613
93.4  0.009542918907940273  -0.0002876610771850742
93.45  0.009628729987093267  -0.00029257979678678
93.5  0.009711732970425149  -0.00029685105436352854
93.55000000000001  0.009792008211047885  -0.00030048872918412526
93.60000000000001  0.009869630570692364  -0.00030350701628694315
93.65  0.009944660693324864  -0.000305919467276347
93.7  0.010017136858876395  -0.00030773865548749723
93.75  0.010087067802620564  -0.00030897648814652307
93.80000000000001  0.010154426772716763  -0.0003096451416590522
93.85000000000001  0.01021914700991795  -0.00030975856128160635
93.9  0.010281118781046341  -0.00030933440524682007
93.95  0.010340188033906465  -0.00030839622655051257
94.0  0.010396156632428485  -0.00030697560263671513
94.05000000000001  0.010448784021789368  -0.000305113873185518
94.10000000000001  0.010497790115519618  -0.00030286314864441004
94.15  0.010542859213181231  -0.0003002863225333919
94.2  0.01058364482059904  -0.00029745596184984355
94.25  0.010619775264043691  -0.00029445213835014867
94.30000000000001  0.01065085984372028  -0.0002913594281980131
94.35000000000001  0.01067649498076472  -0.0002882633563308435
94.4  0.010696269675467732  -0.0002852465358977562
94.45  0.010709769809092667  -0.000282384915506084
94.5  0.010716581377739783  -0.0002797446676248782
94.55000000000001  0.010716293577248888  -0.00027738006308595576
94.60000000000001  0.01070850268667037  -0.0002753324385239086
94.65  0.010692817117459072  -0.0002736300016729104
94.7  0.010668863521395353  -0.00027228799323138924
94.75  0.010636293527394428  -0.00027130877117757704
94.80000000000001  0.010594790549116676  -0.0002706816774931969
94.85000000000001  0.010544076024596121  -0.0002703827321671059
94.9  0.010483914533678019  -0.00027037460723222705
94.95  0.010414117838259114  -0.0002706079566042302
95.0  0.010334548573068024  -0.0002710250401442627
95.05000000000001  0.010245124639816024  -0.00027156562614975805
95.10000000000001  0.010145824748874682  -0.000272173584883065
95.15  0.010036694710750022  -0.0002728012660846168
95.2  0.009917853848358206  -0.00027340952178142987
95.25  0.009789500444643957  -0.0002739641499706622
95.30000000000001  0.009651914536694648  -0.0002744313927861169
95.35000000000001  0.009505456878751904  -0.0002747745407929111
95.4  0.009350564361809966  -0.00027495237466515217
95.45  0.009187743467273052  -0.000274919311837721
95.5  0.009017563808631512  -0.00027462671261993803
95.55000000000001  0.008840653394143333  -0.00027402473805830706
95.60000000000001  0.008657696304144574  -0.0002730643907012787
95.65  0.008469432644176843  -0.0002716995785627703
95.7  0.008276659884812097  -0.00026988907254991133
95.75  0.008080234118181966  -0.00026759828977759143
95.80000000000001  0.007881069647569964  -0.0002648008913785782
95.85000000000001  0.007680135605277281  -0.000261480150335866
95.9  0.007478448785222454  -0.0002576299754772963
95.95  0.007277062469234381  -0.0002532554543579756
96.0  0.0070770516161882775  -0.0002483727937982633
96.05000000000001  0.006879495281314542  -0.00024300857736908629
96.10000000000001  0.0066854574834923144  -0.00023719833777946465
96.15  0.006495967887793023  -0.00023098454637006168
96.2  0.00631200361885789  -0.0002244142158025441
96.25  0.006134473301494685  -0.00021753635369393465
96.30000000000001  0.005964204087252574  -0.00021039949610809466
96.35000000000001  0.005801932049490465  -0.00020304952668828106
96.4  0.005648295989485779  -0.0001955279619511055
96.45  0.005503834440209543  -0.00018787083537902537
96.5  0.005368985516722604  -0.00018010824506353452
96.55000000000001  0.0052440891676829166  -0.00017226449911776078
96.60000000000001  0.0051293912689638465  -0.00016435876554538324
96.65  0.005025049089778114  -0.00015640606407162026
96.7  0.004931137685494812  -0.0001484183372522926
96.75  0.0048476568682954205  -0.000140405461686925
96.80000000000001  0.004774538508929986  -0.00013237605672237497
96.85000000000001  0.004711653984365193  -0.00012433798972797321
96.9  0.00465882174958529  -0.00011629857335040055
96.95  0.004615815168769046  -0.00010826454615936944
97.0  0.004582370722904041  -0.00010024197384081245
97.05000000000001  0.004558196598027187  -9.223616071237783e-05
97.10000000000001  0.004542981515881377  -8.425161357680097e-05
97.15  0.0045364035173709495  -7.629212886754235e-05
97.2  0.004538138317263337  -6.836109828767365e-05
97.25  0.004547866836286489  -6.0462093378706966e-05
97.30000000000001  0.004565281563465777  -5.259966854372861e-05
97.35000000000001  0.004590091435262742  -4.478017606710485e-05
97.4  0.004622024910667072  -3.701240531706507e-05
97.45  0.004660831035404295  -2.9308081870294464e-05
97.5  0.004706278584583868  -2.168240585740007e-05
97.55000000000001  0.004758153696785455  -1.4154792721045436e-05
97.60000000000001  0.004816256841243736  -6.749910848315811e-06
97.65  0.004880400035167226  5.016017600640882e-07
97.7  0.004950403487424544  7.5639959894698895e-06
97.75  0.0050260902639266735  1.4398039053741706e-05
97.80000000000001  0.005107280619349931  2.0962013495824867e-05
97.85000000000001  0.005193787364079219  2.721270152235023e-05
97.9  0.005285411927452519  3.3106663523272816e-05
97.95  0.005381940827619966  3.8601615890142304e-05
98.0  0.005483142415839704  4.365772229196843e-05
98.05000000000001  0.005588763999619087  4.823857892508415e-05
98.10000000000001  0.005698529625349025  5.231169246928906e-05
98.15  0.005812138907365081  5.584837986635644e-05
98.2  0.005929267203450323  5.8823187609785985e-05
98.25  0.006049567218907849  6.121298030466186e-05
98.30000000000001  0.006172671983393951  6.299583640512489e-05
98.35000000000001  0.006298199071626583  6.414992945533595e-05
98.4  0.006425755785913586  6.465263430987134e-05
98.45  0.006554944843830604  6.448009830297953e-05
98.5  0.006685370105584176  6.360745892268314e-05
98.55000000000001  0.006816642041317534  6.200979498653215e-05
98.60000000000001  0.006948382789043049  5.966375630507639e-05
98.65  0.007080230651629415  5.6549644586645416e-05
98.7  0.007211843791576465  5.26536065992909e-05
98.75  0.00734290293251697  4.796964404601173e-05
98.80000000000001  0.0074731129883697945  4.25013064275644e-05
98.85000000000001  0.007602203473331873  3.626296703107421e-05
98.9  0.007729927654179371  2.928046786688082e-05
98.95  0.007856060833647304  2.15909238092665e-05
99.0  0.007980398391388087  1.3241593269532856e-05
99.05000000000001  0.008102754099535448  4.287882987206269e-06
99.10000000000001  0.00822295902438954  -5.2092812528947095e-06
99.15  0.00834086119037165  -1.51863974763217e-05
99.2  0.008456326101728303  -2.558030474525183e-05
99.25  0.008569238127111778  -3.633074596801845e-05
99.30000000000001  0.008679502620790605  -4.738228339171171e-05
99.35000000000001  0.008787048454006297  -5.868535954934445e-05
99.4  0.008891830311985347  -7.019646734555396e-05
99.45  0.008993829727158046  -8.187763654644129e-05
99.5  0.009093053918898903  -9.369559392810408e-05
99.55000000000001  0.009189533031701435  -0.00010562067679103037
99.60000000000001  0.009283318482945783  -0.00011762475271920043
99.65  0.009374483998201295  -0.00012967751167343417
99.7  0.009463126359793538  -0.00014174255508175894
99.75  0.009549362015928913  -0.00015377527272640042
99.80000000000001  0.009633319740675113  -0.00016572164320195122
99.85000000000001  0.009715131127596031  -0.0001775163298396915
99.9  0.009794919415337073  -0.00018908102842327606
99.95  0.009872787205075121  -0.0002003244727923342
100.0  0.009948803898948045  -0.0002111442018357421
