0.05  -0.08168999378950352  0.005011792171532148
0.1  -0.16603966628546032  0.0050165117446208645
0.15000000000000002  -0.2286900151786015  0.0029485852626941924
0.2  -0.2733689551439721  0.0007511106699707753
0.25  -0.30246109854200515  -0.0011031879668479518
0.30000000000000004  -0.31798847071912245  -0.0025341414060475404
0.35000000000000003  -0.3217758595787383  -0.003537018331187376
0.4  -0.31556150184117765  -0.004119230263701208
0.45  -0.30109537082039817  -0.004301469631205485
0.5  -0.28018512843928206  -0.004124755836312228
0.55  -0.254680791972259  -0.003650739744855149
0.6000000000000001  -0.22641395812622953  -0.0029561544474236137
0.65  -0.1971154296434009  -0.002124664011101922
0.7000000000000001  -0.16833236778977773  -0.001238699507429282
0.75  -0.14135965933071193  -0.00037268354649259424
0.8  -0.11719356141171025  0.00041170489171153733
0.8500000000000001  -0.09651035368993088  0.001068266641906869
0.9  -0.07966893901457943  0.0015672357519306865
0.9500000000000001  -0.06673406392224634  0.001894805974763642
1.0  -0.05751559540247047  0.00205156540305124
1.05  -0.05161884849302491  0.0020502257328652075
1.1  -0.04850108604161383  0.0019129541881183548
1.1500000000000001  -0.04752969581402503  0.0016684612602662053
1.2000000000000002  -0.04803809555523071  0.0013490956425231979
1.25  -0.04937613582106125  0.0009881359256819569
1.3  -0.050952525939371725  0.0006173804658688324
1.35  -0.05226758953964654  0.00026512366517497963
1.4000000000000001  -0.05293545523066793  -4.537007527995174e-05
1.4500000000000002  -0.052695535487184184  -0.00029688130679226914
1.5  -0.05141380195470218  -0.00047871600961265677
1.55  -0.049074959040162056  -0.0005866780184791676
1.6  -0.045767128179935765  -0.0006225892618127397
1.6500000000000001  -0.041660965923974246  -0.0005934376524527736
1.7000000000000002  -0.036985311412199455  -0.0005102542142411357
1.75  -0.03200148930101296  -0.00038682649484999155
1.8  -0.026978269351004967  -0.00023835472883221943
1.85  -0.02216922803703773  -8.014738523438933e-05
1.9000000000000001  -0.01779390900462173  7.355465162098344e-05
1.9500000000000002  -0.014023757319235493  0.00021054599818725429
2.0  -0.010973354393357414  0.0003213605233754273
2.0500000000000003  -0.008697041114595051  0.0003996828838821732
2.1  -0.007190597795547162  0.00044247554866341
2.15  -0.0063973087038946145  0.00044985000110897485
2.2  -0.006217482925002994  0.00042471402041176145
2.25  -0.0065203342822927855  0.0003722398986322677
2.3000000000000003  -0.007157054253889071  0.0002992140927898006
2.35  -0.007973945521068945  0.00021333542242374262
2.4000000000000004  -0.008824595443995605  0.00012251845342346756
2.45  -0.009580242075707256  3.425355103309945e-05
2.5  -0.010137695521127189  -4.494014584390985e-05
2.5500000000000003  -0.010424440998799649  -0.00010993544751915734
2.6  -0.01040083470823782  -0.00015725941207029676
2.6500000000000004  -0.010059524431442313  -0.0001851923725502736
2.7  -0.009422417070795804  -0.00019371826608497377
2.75  -0.00853567802517334  -0.00018434817968525661
2.8000000000000003  -0.007463355573173288  -0.00015984336032838367
2.85  -0.00628027038186251  -0.0001238686332263269
2.9000000000000004  -0.005064800108384853  -8.061014049550228e-05
2.95  -0.003892130333319775  -3.439036606035919e-05
3.0  -0.0028284535446261544  1.0689069780452662e-05
3.0500000000000003  -0.0019264768633493797  5.1048682944345814e-05
3.1  -0.0012224571610721818  8.385940671010931e-05
3.1500000000000004  -0.0007348418525363992  0.00010718795825663221
3.2  -0.00046446167854422265  0.00012005695507827786
3.25  -0.00039610522558261607  0.0001224242686361823
3.3000000000000003  -0.0005012128014994263  0.00011509127061239713
3.35  -0.0007413656023396442  9.95541700132954e-05
3.4000000000000004  -0.0010722162142814552  7.781590076011338e-05
3.45  -0.0014475072530449632  5.21774011527519e-05
3.5  -0.0018228527015326157  2.5026480059009946e-05
3.5500000000000003  -0.002159006332907336  -1.3594691952777214e-06
3.6  -0.0024244082343281782  -2.498323160726154e-05
3.6500000000000004  -0.002596878863086611  -4.4259653012038104e-05
3.7  -0.0026644113064841412  -5.810188670295647e-05
3.75  -0.00262508667686031  -6.595943134856232e-05
3.8000000000000003  -0.002486203916968773  -6.78098131014765e-05
3.85  -0.0022627685745150866  -6.410912854068061e-05
3.9000000000000004  -0.001975521598843062  -5.570930721265552e-05
3.95  -0.001648707847031671  -4.375178102663472e-05
4.0  -0.0013077851622593398  -2.9548430379539633e-05
4.05  -0.0009772596647507762  -1.4461061190040457e-05
4.1000000000000005  -0.0006788043677341683  2.10583918099094e-07
4.15  -0.00042978338127285225  1.3325053713404017e-05
4.2  -0.00024226105984877862  2.3974492326923706e-05
4.25  -0.00012252651274058022  3.153465983814593e-05
4.3  -7.112127435378725e-05  3.568739797898631e-05
4.3500000000000005  -8.332053211428938e-05  3.6416494224790485e-05
4.4  -0.00014998705988390044  3.398002508207137e-05
4.45  -0.00025869513314244865  2.8863688307926238e-05
4.5  -0.0003950101307246027  2.1720644224892754e-05
4.55  -0.0005438080493093936  1.330389492467689e-05
4.6000000000000005  -0.0006905269059775311  4.397230222809084e-06
4.65  -0.0008222575285600427  -4.24970063144371e-06
4.7  -0.0009286026009190243  -1.1977500577775666e-05
4.75  -0.0010022578077280354  -1.82607808922637e-05
4.800000000000001  -0.0010392951702022334  -2.2737319572699137e-05
4.8500000000000005  -0.0010391539338884277  -2.52216886478207e-05
4.9  -0.0010043667531537466  -2.570365404060593e-05
4.95  -0.0009400670340183968  -2.433278739883218e-05
5.0  -0.0008533362641987264  -2.1391724109516867e-05
5.050000000000001  -0.0007524574485913101  -1.726124882343188e-05
5.1000000000000005  -0.0006461422455638339  -1.2380789770351534e-05
5.15  -0.0005427953576165967  -7.207949298492747e-06
5.2  -0.00044987095648864306  -2.1804164968126883e-06
5.25  -0.00037336358851592646  2.316946350430023e-06
5.300000000000001  -0.0003174615157276995  5.9777604301285885e-06
5.3500000000000005  -0.00028437510763535377  8.591204064316077e-06
5.4  -0.00027433791717694023  1.0049944847386892e-05
5.45  -0.000285764610659923  1.0349128622477136e-05
5.5  -0.0003155389445503612  9.577310624300566e-06
5.550000000000001  -0.0003593971449587542  7.90076919929565e-06
5.6000000000000005  -0.00041236769079355654  5.543049914954546e-06
5.65  -0.0004692276452907694  2.761845083991063e-06
5.7  -0.0005249379663650759  -1.7465622191342647e-07
5.75  -0.0005750251973405065  -3.0100252054266266e-06
5.800000000000001  -0.0006158841312079373  -5.518862517655751e-06
5.8500000000000005  -0.0006449846355799899  -7.521893354510943e-06
5.9  -0.0006609748759359818  -8.896126115089174e-06
5.95  -0.0006636819877462345  -9.57967479168684e-06
6.0  -0.0006540192704916411  -9.571272472330499e-06
6.050000000000001  -0.0006338155944814858  -8.924985680936175e-06
6.1000000000000005  -0.0006055874640076129  -7.741006608924256e-06
6.15  -0.0005722768870388594  -6.153623462326857e-06
6.2  -0.0005369788500802063  -4.317582083357635e-06
6.25  -0.000502680908459044  -2.3940594478901508e-06
6.300000000000001  -0.0004720344380370824  -5.37369760052653e-07
6.3500000000000005  -0.0004471728348164392  1.1166746789127886e-06
6.4  -0.00042958687856478725  2.4600684255047644e-06
6.45  -0.0004200621614902397  3.419028982297955e-06
6.5  -0.00041867829679816235  3.95697492995594e-06
6.550000000000001  -0.00042486455989726674  4.0739816705219435e-06
6.6000000000000005  -0.00043750234211228207  3.803384551087402e-06
6.65  -0.0004550621373951414  3.206178912870043e-06
6.7  -0.00047576118887824475  2.3636845632109315e-06
6.75  -0.0004977273334978677  1.3691507074230832e-06
6.800000000000001  -0.0005191553623105059  3.191598871767759e-07
6.8500000000000005  -0.0005384441663894614  -6.943666451482465e-07
6.9  -0.0005543055983646136  -1.5909645497334769e-06
6.95  -0.0005658390028167433  -2.3068396502374557e-06
7.0  -0.0005725685541425577  -2.7982856363784102e-06
7.050000000000001  -0.0005744436908559581  -3.043234592837443e-06
7.1000000000000005  -0.0005718058173419287  -3.041000862159262e-06
7.15  -0.000565326839891397  -2.8104019341620686e-06
7.2  -0.0005559268548119896  -2.3865442250607964e-06
7.25  -0.0005446793251227683  -1.816637134406619e-06
7.300000000000001  -0.0005327123507098366  -1.1552415678995525e-06
7.3500000000000005  -0.0005211141994537308  -4.5936795144184764e-07
7.4  -0.0005108502215994901  2.161851925843979e-07
7.45  -0.0005026967531905729  8.229133048699233e-07
7.5  -0.0004971957862959272  1.3218433592024435e-06
7.550000000000001  -0.0004946322089828693  1.6857506606325796e-06
7.6000000000000005  -0.0004950334625864215  1.900275306426411e-06
7.65  -0.0004981896896877712  1.9639564923632944e-06
7.7  -0.0005036909866599887  1.887296927048491e-06
7.75  -0.0005109773036972914  1.6910341323580266e-06
7.800000000000001  -0.0005193959017805396  1.4038126138673362e-06
7.8500000000000005  -0.000528261120238128  1.0594565550148e-06
7.9  -0.0005369115020733675  6.940560065685003e-07
7.95  -0.0005447599885238104  3.4308559709926665e-07
8.0  -0.0005513338312577137  3.87642897381078e-08
8.05  -0.0005563019776485687  -1.9216259124763598e-07
8.1  -0.0005594888661955089  -3.300780620146349e-07
8.15  -0.0005608747317034231  -3.6349420254008e-07
8.200000000000001  -0.0005605835734184904  -2.8936370048303003e-07
8.25  -0.0005588608105335314  -1.1272308402974704e-07
8.3  -0.0005560432858735659  1.5426013949472895e-07
8.35  -0.0005525246508163675  4.937217402729713e-07
8.4  -0.0005487192659994878  8.838710683320731e-07
8.450000000000001  -0.0005450275986158629  1.3009347363648937e-06
8.5  -0.0005418057220420966  1.7211085342190395e-06
8.55  -0.0005393409752347749  2.1223643964003334e-06
8.6  -0.0005378351749846335  2.485982667818523e-06
8.65  -0.0005373960567391526  2.7977111605461628e-06
8.700000000000001  -0.0005380369105233204  3.048489363464209e-06
8.75  -0.0005396837330142344  3.234715275162738e-06
8.8  -0.0005421886803163739  3.358070055192947e-06
8.85  -0.0005453482118461088  3.4249493809678563e-06
8.9  -0.0005489240827074968  3.445577186045627e-06
8.950000000000001  -0.0005526652749287212  3.4328962424946515e-06
9.0  -0.0005563290478422339  3.401339806375519e-06
9.05  -0.0005596995141989806  3.3655893280578903e-06
9.1  -0.0005626024817788727  3.3394157522436026e-06
9.15  -0.0005649157046196544  3.334687423293004e-06
9.200000000000001  -0.000566574125617915  3.360607748818605e-06
9.25  -0.0005675701253402759  3.4232227077900463e-06
9.3  -0.0005679491867568493  3.5252139023116526e-06
9.35  -0.0005678017140154898  3.665969233428352e-06
9.4  -0.000567251985153292  3.841902341437443e-06
9.450000000000001  -0.0005664453618876128  4.0469749182165315e-06
9.5  -0.0005655349217351315  4.27336406933561e-06
9.55  -0.0005646686235821415  4.512210464103963e-06
9.600000000000001  -0.0005639779802017452  4.754382469537746e-06
9.65  -0.0005635690078380013  4.991195531936542e-06
9.700000000000001  -0.000563515976563712  5.2150344469182285e-06
9.75  -0.0005638582178875207  5.4198387386553484e-06
9.8  -0.0005645999812444952  5.601425742158693e-06
9.850000000000001  -0.0005657130895315948  5.757640993052696e-06
9.9  -0.0005671419431413267  5.888339983911692e-06
9.950000000000001  -0.0005688102739881978  5.995217999358216e-06
10.0  -0.0005706289636283481  6.081514699116455e-06
10.05  -0.0005725042138208955  6.151626831721649e-06
10.100000000000001  -0.0005743453908072037  6.210666126221114e-06
10.15  -0.0005760719484110664  6.264000090464494e-06
10.200000000000001  -0.0005776189588660799  6.316811569169532e-06
10.25  -0.000578940931159848  6.373708559343416e-06
10.3  -0.0005800137601368812  6.438409667949732e-06
10.350000000000001  -0.000580834811809253  6.513522954861039e-06
10.4  -0.0005814212981077525  6.600427659933885e-06
10.450000000000001  -0.0005818072172182046  6.699259930757783e-06
10.5  -0.0005820392258153298  6.808996153627868e-06
10.55  -0.000582171862613557  6.9276207377849544e-06
10.600000000000001  -0.0005822625578038698  7.052360137577217e-06
10.65  -0.0005823668421505735  7.179961152920552e-06
10.700000000000001  -0.0005825341179453208  7.3069895371224904e-06
10.75  -0.0005828042780517189  7.430124874909243e-06
10.8  -0.000583205367509424  7.5464292517075145e-06
10.850000000000001  -0.0005837523828977134  7.653570364813149e-06
10.9  -0.0005844472065682988  7.749984282933407e-06
10.950000000000001  -0.0005852795834330626  7.834968469601572e-06
11.0  -0.0005862289736907584  7.908701563947825e-06
11.05  -0.0005872670599367433  7.97219237015992e-06
11.100000000000001  -0.0005883606545400307  8.027165962214318e-06
11.15  -0.0005894747432970039  8.075899294873886e-06
11.200000000000001  -0.0005905754132257291  8.121022148196077e-06
11.25  -0.0005916324431004012  8.165301008312867e-06
11.3  -0.0005926213808642553  8.211424027443847e-06
11.350000000000001  -0.0005935249876595147  8.261804016296542e-06
11.4  -0.0005943339884385748  8.31841417966658e-06
11.450000000000001  -0.0005950471291005148  8.38266780538925e-06
11.5  -0.0005956705947961271  8.455349059950093e-06
11.55  -0.0005962168896949597  8.53659758007913e-06
11.600000000000001  -0.0005967033124200051  8.625945112190393e-06
11.65  -0.0005971501814974274  8.72239845321342e-06
11.700000000000001  -0.0005975789714604467  8.82455953109078e-06
11.75  -0.000598010513109523  8.930770785018369e-06
11.8  -0.0005984633928153799  9.03927180855859e-06
11.850000000000001  -0.0005989526583647491  9.14835210050831e-06
11.9  -0.0005994889065021846  9.256485632197454e-06
11.950000000000001  -0.0006000777931464558  9.362435230472602e-06
12.0  -0.0006007199725246704  9.465318814018647e-06
12.05  -0.000601411438284727  9.564635871426685e-06
12.100000000000001  -0.000602144209905557  9.66025847387857e-06
12.15  -0.0006029072838153823  9.752393940519444e-06
12.200000000000001  -0.000603687752445019  9.841526874398944e-06
12.25  -0.0006044719875218718  9.92834787643857e-06
12.3  -0.0006052467865444259  1.0013675683725022e-05
12.350000000000001  -0.0006060003928019953  1.0098378617322983e-05
12.4  -0.0006067233174370508  1.0183300484499134e-05
12.450000000000001  -0.0006074089145541207  1.026919512105368e-05
12.5  -0.0006080536846300669  1.0356672949104421e-05
12.55  -0.0006086573052612788  1.0446161927469481e-05
12.600000000000001  -0.0006092224097653989  1.0537884378870942e-05
12.65  -0.0006097541518268094  1.0631850230332306e-05
12.700000000000001  -0.0006102596072552666  1.0727866246316086e-05
12.75  -0.0006107470714018195  1.0825560090409604e-05
12.8  -0.0006112253131634547  1.0924417555898758e-05
12.850000000000001  -0.0006117028445213952  1.1023831155547795e-05
12.9  -0.0006121872597182224  1.1123157675273047e-05
12.950000000000001  -0.000612684691138158  1.1221779560437531e-05
13.0  -0.0006131994190548654  1.1319161378617586e-05
13.05  -0.0006137336584429087  1.1414892208964759e-05
13.100000000000001  -0.0006142875296163622  1.1508710012623374e-05
13.15  -0.0006148592033393718  1.1600510084926402e-05
13.200000000000001  -0.0006154451966201644  1.1690341644338327e-05
13.25  -0.0006160407839368806  1.1778396596843197e-05
13.3  -0.000616640481778948  1.1864993972998412e-05
13.350000000000001  -0.000617238561178258  1.1950561580869527e-05
13.4  -0.000617829543330448  1.2035614401019511e-05
13.450000000000001  -0.0006184086378886478  1.2120728697212067e-05
13.5  -0.0006189720916997839  1.2206511542253392e-05
13.55  -0.0006195174261706774  1.2293566572321637e-05
13.600000000000001  -0.0006200435527115458  1.238245778917269e-05
13.65  -0.0006205507668393976  1.2473674112918956e-05
13.700000000000001  -0.0006210406313871716  1.2567597663901988e-05
13.75  -0.0006215157673652096  1.2664478652238626e-05
13.8  -0.0006219795767245743  1.2764419199864994e-05
13.850000000000001  -0.0006224359243827131  1.2867367521335478e-05
13.9  -0.000622888807671583  1.2973122905256393e-05
13.950000000000001  -0.0006233420398370982  1.3081350901561787e-05
14.0  -0.0006237989709893145  1.319160726227645e-05
14.05  -0.0006242622652076754  1.3303368525295557e-05
14.100000000000001  -0.0006247337468822821  1.3416066786527624e-05
14.15  -0.000625214323035886  1.3529126034900044e-05
14.200000000000001  -0.0006257039820906174  1.364199753914547e-05
14.25  -0.0006262018634478195  1.3754192004800775e-05
14.3  -0.0006267063872128475  1.3865306516724603e-05
14.350000000000001  -0.0006272154294626646  1.3975044678794573e-05
14.4  -0.0006277265260407609  1.408322890062829e-05
14.450000000000001  -0.0006282370869035521  1.4189804301549687e-05
14.5  -0.0006287446036761899  1.429483422729725e-05
14.55  -0.0006292468349222315  1.4398488126643808e-05
14.600000000000001  -0.0006297419565130464  1.4501022873073975e-05
14.65  -0.0006302286682419828  1.4602759262824223e-05
14.700000000000001  -0.0006307062518241171  1.4704055587777803e-05
14.75  -0.0006311745796180982  1.480528039318849e-05
14.8  -0.0006316340772825797  1.4906786478126734e-05
14.850000000000001  -0.0006320856468976611  1.5008887920750329e-05
14.9  -0.0006325305596290536  1.511184164508018e-05
14.950000000000001  -0.000632970328690854  1.5215834448413534e-05
15.0  -0.0006334065739795443  1.532097603542499e-05
15.05  -0.0006338408895227091  1.5427298016306877e-05
15.100000000000001  -0.0006342747237229314  1.5534758398922646e-05
15.15  -0.0006347092805931857  1.564325079877213e-05
15.200000000000001  -0.0006351454478710902  1.5752617246785538e-05
15.25  -0.0006355837553163541  1.5862663387565643e-05
15.3  -0.000636024363901487  1.5973174804387725e-05
15.350000000000001  -0.0006364670841392206  1.6083933263667913e-05
15.4  -0.000636911419709501  1.6194731838014426e-05
15.450000000000001  -0.0006373566309078817  1.6305387950083395e-05
15.5  -0.0006378018114036629  1.6415753709629957e-05
15.55  -0.0006382459712581156  1.6525723078120473e-05
15.600000000000001  -0.0006386881192502218  1.6635235681000736e-05
15.65  -0.0006391273381148574  1.674427728660412e-05
15.700000000000001  -0.0006395628472545364  1.6852877279565e-05
15.75  -0.0006399940488593961  1.6961103564176456e-05
15.8  -0.0006404205552326434  1.706905566904867e-05
15.850000000000001  -0.0006408421974739481  1.7176856826874032e-05
15.9  -0.0006412590180157136  1.7284645800412827e-05
15.950000000000001  -0.0006416712504896759  1.7392568857826592e-05
16.0  -0.0006420792900635322  1.7500771790286674e-05
16.05  -0.0006424836567543099  1.7609391653041406e-05
16.1  -0.0006428849548374202  1.771854769994942e-05
16.150000000000002  -0.0006432838321869704  1.782833124131433e-05
16.2  -0.0006436809433636639  1.7938794590011196e-05
16.25  -0.0006440769191424302  1.8049940040392224e-05
16.3  -0.0006444723435117278  1.816171040521289e-05
16.35  -0.0006448677375581886  1.8273982936976027e-05
16.400000000000002  -0.0006452635486981789  1.8386568440578797e-05
16.45  -0.0006456601432778348  1.849921688667187e-05
16.5  -0.0006460578007808075  1.86116301533198e-05
16.55  -0.0006464567083541936  1.8723481543632013e-05
16.6  -0.0006468569551239454  1.8834440706015317e-05
16.650000000000002  -0.0006472585264969296  1.8944201715606363e-05
16.7  -0.0006476612993605793  1.9052511404568087e-05
16.75  -0.0006480650394947115  1.9159194830408247e-05
16.8  -0.0006484694027844953  1.9264174864900077e-05
16.85  -0.0006488739416910798  1.936748356415254e-05
16.900000000000002  -0.0006492781180864495  1.946926370074921e-05
16.95  -0.0006496813229932863  1.95697600494202e-05
17.0  -0.0006500829029357389  1.9669301000706718e-05
17.05  -0.0006504821918850694  1.9768272199179298e-05
17.1  -0.0006508785469152422  1.9867084665707623e-05
17.150000000000002  -0.0006512713851552558  1.996614038230393e-05
17.2  -0.0006516602192167477  2.0065798605258846e-05
17.25  -0.0006520446881244084  2.0166345950970192e-05
17.3  -0.0006524245811028875  2.026797291721221e-05
17.35  -0.0006527998519355741  2.0370758792280876e-05
17.400000000000002  -0.0006531706224395415  2.0474666100852245e-05
17.45  -0.0006535371744573154  2.057954479659505e-05
17.5  -0.0006538999307564064  2.0685145531073733e-05
17.55  -0.0006542594261113228  2.079114057383256e-05
17.6  -0.0006546162707879831  2.0897150277448336e-05
17.650000000000002  -0.0006549711092039241  2.1002772662402484e-05
17.7  -0.0006553245769786212  2.1107613490312614e-05
17.75  -0.0006556772597097246  2.1211314316235078e-05
17.8  -0.0006560296566419142  2.1313576258074046e-05
17.85  -0.0006563821519883666  2.1414177760496083e-05
17.900000000000002  -0.0006567349959667848  2.151298518449714e-05
17.95  -0.0006570882968854837  2.16099557487537e-05
18.0  -0.0006574420246420545  2.170513299587821e-05
18.05  -0.0006577960251217511  2.1798635561854187e-05
18.1  -0.000658150044173263  2.1890640601113275e-05
18.150000000000002  -0.0006585037590934972  2.19813634807916e-05
18.2  -0.0006588568150472068  2.2071035687020206e-05
18.25  -0.0006592088635602474  2.2159882848474016e-05
18.3  -0.0006595596001215097  2.224810466457377e-05
18.35  -0.0006599087981857226  2.2335858257589085e-05
18.400000000000002  -0.0006602563371480671  2.2423246064220037e-05
18.45  -0.0006606022224952028  2.2510308945718942e-05
18.5  -0.0006609465970293891  2.259702469915555e-05
18.55  -0.0006612897427550282  2.2683311839457373e-05
18.6  -0.0006616320739241499  2.2769038211270043e-05
18.650000000000002  -0.000661974122376163  2.285403393564433e-05
18.7  -0.0006623165168488002  2.2938108331872135e-05
18.75  -0.0006626599579186792  2.3021070563971897e-05
18.8  -0.0006630051894896252  2.3102753221420345e-05
18.85  -0.0006633529668611032  2.3183036950438665e-05
18.900000000000002  -0.0006637040210986082  2.326187274700412e-05
18.95  -0.0006640590202738356  2.333929795061355e-05
19.0  -0.000664418529461827  2.341544243559396e-05
19.05  -0.0006647829727586243  2.3490522936717834e-05
19.1  -0.000665152601211007  2.356482532836718e-05
19.150000000000002  -0.0006655274705206543  2.3638676488051428e-05
19.200000000000003  -0.0006659074316374108  2.3712409101335767e-05
19.25  -0.0006662921360557557  2.378632386437708e-05
19.3  -0.0006666810560983007  2.3860653930373615e-05
19.35  -0.0006670735189900857  2.3935536212173723e-05
19.400000000000002  -0.0006674687520157134  2.401099313707538e-05
19.450000000000003  -0.000667865935063158  2.4086927144994336e-05
19.5  -0.0006682642561092162  2.4163128531321334e-05
19.55  -0.0006686629650118555  2.423929562541023e-05
19.6  -0.0006690614213265888  2.4315064800905974e-05
19.650000000000002  -0.0006694591325981838  2.439004675692288e-05
19.700000000000003  -0.0006698557805663222  2.446386477966255e-05
19.75  -0.0006702512338749524  2.453619064625651e-05
19.8  -0.0006706455469994456  2.4606774150967548e-05
19.85  -0.0006710389461461411  2.4675463057415264e-05
19.900000000000002  -0.0006714318036655037  2.4742211517601843e-05
19.950000000000003  -0.0006718246033495412  2.4807076354907485e-05
20.0  -0.0006722178995044371  2.4870202099994262e-05
20.05  -0.0006726122730592673  2.4931796980974335e-05
20.1  -0.0006730082881345651  2.4992103095274336e-05
20.150000000000002  -0.0006734064523415201  2.505136450794889e-05
20.200000000000003  -0.0006738071836359684  2.510979711453328e-05
20.25  -0.000674210785868494  2.516756370576315e-05
20.3  -0.0006746174343393345  2.5224756829766624e-05
20.35  -0.0006750271716925904  2.528139100462022e-05
20.400000000000002  -0.0006754399136773887  2.5337404596299773e-05
20.450000000000003  -0.0006758554635205404  2.539267053229576e-05
20.5  -0.0006762735332421483  2.5447013894789672e-05
20.55  -0.00067669377008678  2.5500233674926654e-05
20.6  -0.0006771157867362859  2.555212516213508e-05
20.650000000000002  -0.0006775391949786481  2.5602498868931736e-05
20.700000000000003  -0.0006779636445695774  2.565119212334275e-05
20.75  -0.0006783888736949512  2.5698071503127418e-05
20.8  -0.0006788147810186292  2.574302505089685e-05
20.85  -0.0006792415154997268  2.5785942493469728e-05
20.900000000000002  -0.0006796695522730718  2.5826695851826633e-05
20.950000000000003  -0.0006800997127444377  2.5865151065611e-05
21.0  -0.0006805331067914707  2.5901221305421737e-05
21.05  -0.0006809710089611213  2.5934939543990703e-05
21.1  -0.0006814147009575528  2.5966521121212468e-05
21.150000000000002  -0.0006818653116131139  2.5996396785240216e-05
21.200000000000003  -0.0006823236770954325  2.6025207557509315e-05
21.25  -0.0006827902372114077  2.6053760945178345e-05
21.3  -0.0006832649778517932  2.608295502276722e-05
21.35  -0.0006837474227897634  2.6113682582203025e-05
21.400000000000002  -0.0006842366703659938  2.6146730718047922e-05
21.450000000000003  -0.0006847314639965839  2.6182690545479984e-05
21.5  -0.0006852302827204415  2.6221888919750517e-05
21.55  -0.0006857314384696393  2.6264347419330193e-05
21.6  -0.0006862331675939648  2.630975838154774e-05
21.650000000000002  -0.0006867337232874956  2.635744917573867e-05
21.700000000000003  -0.0006872315156398277  2.6406366834123927e-05
21.75  -0.0006877252794484963  2.6455188995718804e-05
21.8  -0.0006882141585687523  2.6502497391349216e-05
21.85  -0.0006886977177163409  2.6546917742331037e-05
21.900000000000002  -0.0006891759318068605  2.6587235036402567e-05
21.950000000000003  -0.0006896491567651704  2.6622490883555067e-05
22.0  -0.0006901180778919323  2.665205552472333e-05
22.05  -0.0006905836374339073  2.66756691548358e-05
22.1  -0.000691046946559786  2.6693450734873738e-05
22.150000000000002  -0.0006915091888012625  2.670587449476471e-05
22.200000000000003  -0.000691971523105254  2.6713716344520418e-05
22.25  -0.000692434994591389  2.6717974637849155e-05
22.3  -0.0006929004605802679  2.6719772522694495e-05
22.35  -0.0006933685379336805  2.6720251420807176e-05
22.400000000000002  -0.0006938395755845629  2.6720466265585862e-05
22.450000000000003  -0.0006943136532106337  2.6721292616159985e-05
22.5  -0.0006947906042213221  2.6723353952202273e-05
22.55  -0.0006952700589610779  2.672697496253001e-05
22.6  -0.0006957515025795418  2.6732163813214635e-05
22.650000000000002  -0.0006962343412571372  2.6738623731481395e-05
22.700000000000003  -0.0006967179703376834  2.6745791610104075e-05
22.75  -0.0006972018382051238  2.675289918795034e-05
22.8  -0.0006976855006174251  2.6759050546693898e-05
22.85  -0.000698168661358097  2.6763308539176265e-05
22.900000000000002  -0.0006986511964143424  2.676478233365324e-05
22.950000000000003  -0.0006991331601138352  2.676270843654646e-05
23.0  -0.0006996147727289982  2.675651845376241e-05
23.05  -0.0007000963898130145  2.6745888136848247e-05
23.1  -0.0007005784541829382  2.6730763876154804e-05
23.150000000000002  -0.0007010614323528654  2.6711364786824346e-05
23.200000000000003  -0.0007015457388420797  2.668816094725506e-05
23.25  -0.0007020316547207832  2.6661831150459094e-05
23.3  -0.0007025192508932854  2.6633206294533404e-05
23.35  -0.0007030083303835308  2.6603206076741652e-05
23.400000000000002  -0.000703498404291992  2.6572776235269952e-05
23.450000000000003  -0.0007039887112618823  2.654283152633396e-05
23.5  -0.0007044782807193648  2.651420746483974e-05
23.55  -0.0007049660300693186  2.648762265073355e-05
23.6  -0.0007054508793343169  2.6463652968334683e-05
23.650000000000002  -0.0007059318653329864  2.644271831769363e-05
23.700000000000003  -0.0007064082400185837  2.6425081943391368e-05
23.75  -0.000706879542116641  2.6410861432809457e-05
23.8  -0.0007073456360757542  2.6400049671709662e-05
23.85  -0.0007078067166003597  2.639254331779459e-05
23.900000000000002  -0.0007082632807630441  2.6388175831292362e-05
23.950000000000003  -0.0007087160725556948  2.6386751740063523e-05
24.0  -0.0007091660069094573  2.6388078866995744e-05
24.05  -0.0007096140815132607  2.6391995493764637e-05
24.1  -0.0007100612853122127  2.6398390058474846e-05
24.150000000000002  -0.0007105085121906843  2.64072119037916e-05
24.200000000000003  -0.0007109564873447761  2.6418472497889613e-05
24.25  -0.0007114057121617879  2.643223762425768e-05
24.3  -0.0007118564314593995  2.644861191956774e-05
24.35  -0.000712308624608452  2.6467717920595764e-05
24.400000000000002  -0.0007127620199309079  2.6489672172691297e-05
24.450000000000003  -0.0007132161296911352  2.6514561155129685e-05
24.5  -0.0007136703014373178  2.654241966809092e-05
24.55  -0.0007141237802071886  2.6573213932503336e-05
24.6  -0.0007145757756542453  2.6606831028311686e-05
24.650000000000002  -0.0007150255279973333  2.664307566496607e-05
24.700000000000003  -0.000715472367260326  2.668167448008254e-05
24.75  -0.0007159157612229185  2.6722287390285905e-05
24.8  -0.0007163553487136385  2.6764524844380823e-05
24.85  -0.0007167909564145966  2.6807969440319364e-05
24.900000000000002  -0.0007172225988024733  2.6852199959768422e-05
24.950000000000003  -0.0007176504623924752  2.689681581802782e-05
25.0  -0.0007180748766333041  2.6941459961867258e-05
25.05  -0.0007184962748508817  2.6985838395921034e-05
25.1  -0.0007189151492449896  2.7029734847474783e-05
25.150000000000002  -0.0007193320041757588  2.7073019571695572e-05
25.200000000000003  -0.0007197473118958854  2.7115651681315764e-05
25.25  -0.0007201614743626489  2.7157674943165252e-05
25.3  -0.0007205747940189856  2.7199207542262667e-05
25.35  -0.000720987455446486  2.7240426736534987e-05
25.400000000000002  -0.0007213995186931158  2.728154976190222e-05
25.450000000000003  -0.000721810924013234  2.7322812665112918e-05
25.5  -0.0007222215066975153  2.736444885561315e-05
25.55  -0.0007226310199474898  2.7406669197160252e-05
25.6  -0.0007230391631091067  2.744964525767241e-05
25.650000000000002  -0.0007234456123433737  2.7493497007583488e-05
25.700000000000003  -0.0007238500507519977  2.7538285750618066e-05
25.75  -0.0007242521952673155  2.7584012472268104e-05
25.8  -0.0007246518180608691  2.7630621189401734e-05
25.85  -0.0007250487608692698  2.76780063291598e-05
25.900000000000002  -0.0007254429414076174  2.772602282324736e-05
25.950000000000003  -0.0007258343518745625  2.7774497553667262e-05
26.0  -0.0007262230502827069  2.7823240904363035e-05
26.05  -0.0007266091459908784  2.7872057527666733e-05
26.1  -0.0007269927811722217  2.7920755647289713e-05
26.150000000000002  -0.0007273741101891595  2.7969154483164626e-05
26.200000000000003  -0.0007277532788711482  2.8017089550936083e-05
26.25  -0.0007281304055647465  2.806441574975608e-05
26.3  -0.000728505565724336  2.811100833613662e-05
26.35  -0.000728878781484005  2.815676205909041e-05
26.400000000000002  -0.0007292500172552113  2.8201588983821075e-05
26.450000000000003  -0.0007296191818214364  2.8245415590631988e-05
26.5  -0.0007299861367510056  2.828817981412042e-05
26.55  -0.0007303507103666572  2.8329828682513024e-05
26.6  -0.0007307127158113021  2.8370317016846803e-05
26.650000000000002  -0.0007310719713858314  2.840960748762408e-05
26.700000000000003  -0.0007314283210891445  2.8447672065466884e-05
26.75  -0.0007317816533093346  2.848449465596241e-05
26.8  -0.0007321319157750724  2.8520074454312593e-05
26.85  -0.0007324791252835874  2.8554429469708682e-05
26.900000000000002  -0.0007328233712341196  2.8587599563657676e-05
26.950000000000003  -0.0007331648126128789  2.8619648372826692e-05
27.0  -0.0007335036686800259  2.8650663570477936e-05
27.05  -0.0007338402042424987  2.8680755148610963e-05
27.1  -0.0007341747108433234  2.8710051513473e-05
27.150000000000002  -0.000734507485602294  2.8738693579575766e-05
27.200000000000003  -0.0007348388095739682  2.8766827105494285e-05
27.25  -0.0007351689275340018  2.879459385390459e-05
27.3  -0.0007354980309160228  2.882212222853585e-05
27.35  -0.000735826245326538  2.8849518168443328e-05
27.400000000000002  -0.0007361536236011692  2.8876857037135107e-05
27.450000000000003  -0.0007364801448856089  2.8904177225394685e-05
27.5  -0.0007368057196677126  2.8931475997448323e-05
27.55  -0.0007371302002303083  2.8958707987747465e-05
27.6  -0.000737453395510695  2.8985786461055928e-05
27.650000000000002  -0.0007377750890501818  2.901258729588296e-05
27.700000000000003  -0.0007380950584742852  2.9038955353991448e-05
27.75  -0.0007384130949126953  2.9064712787028597e-05
27.8  -0.0007387290208134935  2.9089668622046122e-05
27.85  -0.0007390427047645159  2.9113628976680734e-05
27.900000000000002  -0.0007393540723178143  2.9136407136014708e-05
27.950000000000003  -0.0007396631120692149  2.9157832831425818e-05
28.0  -0.0007399698767641103  2.917776018854625e-05
28.05  -0.0007402744795157875  2.919607384606793e-05
28.1  -0.0007405770856618819  2.9212693032953105e-05
28.150000000000002  -0.0007408779010621829  2.9227573472369902e-05
28.200000000000003  -0.0007411771579062614  2.9240707185294846e-05
28.25  -0.0007414750991970538  2.9252120394431848e-05
28.3  -0.0007417719631396944  2.926186984444543e-05
28.35  -0.0007420679685808369  2.9270037930827285e-05
28.400000000000002  -0.0007423633025302319  2.927672706358269e-05
28.450000000000003  -0.0007426581105451561  2.9282053728259955e-05
28.5  -0.000742952490535707  2.928614263077102e-05
28.55  -0.0007432464902164964  2.9289121321313398e-05
28.6  -0.0007435401081838332  2.9291115553209228e-05
28.650000000000002  -0.0007438332982778711  2.9292245583114056e-05
28.700000000000003  -0.000744125976721398  2.9292623489971773e-05
28.75  -0.0007444180312516976  2.929235149080607e-05
28.8  -0.0007447093315028322  2.9291521145951563e-05
28.85  -0.0007449997397170496  2.9290213336150028e-05
28.900000000000002  -0.0007452891210069421  2.9288498765265886e-05
28.950000000000003  -0.0007455773524447323  2.9286438805876188e-05
29.0  -0.0007458643303714157  2.928408652340961e-05
29.05  -0.0007461499755382158  2.928148767401275e-05
29.1  -0.0007464342358526818  2.927868157323924e-05
29.150000000000002  -0.0007467170867379489  2.927570178791537e-05
29.200000000000003  -0.0007469985292580691  2.9272576592603524e-05
29.25  -0.0007472785863714115  2.9269329272831935e-05
29.3  -0.0007475572977473856  2.9265978308316842e-05
29.35  -0.0007478347137081777  2.9262537495708374e-05
29.400000000000002  -0.0007481108888554442  2.9259016159739032e-05
29.450000000000003  -0.0007483858759243829  2.925541948178205e-05
29.5  -0.0007486597204175216  2.9251749026128985e-05
29.55  -0.0007489324563630104  2.924800349879159e-05
29.6  -0.0007492041035174605  2.9244179739024547e-05
29.650000000000002  -0.0007494746661268776  2.924027388935687e-05
29.700000000000003  -0.0007497441332691183  2.9236282695768137e-05
29.75  -0.0007500124805712138  2.923220483965199e-05
29.8  -0.0007502796730929091  2.9228042182043623e-05
29.85  -0.0007505456689695625  2.9223800831418853e-05
29.900000000000002  -0.000750810423433937  2.9219491922290804e-05
29.950000000000003  -0.0007510738928089436  2.921513202860731e-05
30.0  -0.0007513360380818801  2.9210743161320568e-05
30.05  -0.0007515968277567361  2.9206352343582958e-05
30.1  -0.0007518562397951324  2.9201990765956114e-05
30.150000000000002  -0.0007521142624980167  2.919769261893867e-05
30.200000000000003  -0.0007523708943651873  2.919349365574969e-05
30.25  -0.0007526261430131455  2.9189429630177674e-05
30.3  -0.000752880023350148  2.918553469681139e-05
30.35  -0.0007531325552294622  2.918183991461917e-05
30.400000000000002  -0.0007533837608754816  2.9178371965990924e-05
30.450000000000003  -0.0007536336623421559  2.9175152168592388e-05
30.5  -0.0007538822792673781  2.9172195852634184e-05
30.55  -0.0007541296271116579  2.916951216815674e-05
30.6  -0.0007543757160475113  2.9167104324129278e-05
30.650000000000002  -0.0007546205505209744  2.9164970244171498e-05
30.700000000000003  -0.0007548641295261665  2.91631036117596e-05
30.75  -0.0007551064474949226  2.9161495258829702e-05
30.8  -0.0007553474956831285  2.9160134766899543e-05
30.85  -0.0007555872639281482  2.9159012196922573e-05
30.900000000000002  -0.0007558257426251463  2.9158119838508306e-05
30.950000000000003  -0.0007560629248375946  2.9157453843405923e-05
31.0  -0.0007562988084285588  2.915701563267173e-05
31.05  -0.000756533398217381  2.915681299388718e-05
31.1  -0.0007567667080985264  2.9156860719175203e-05
31.150000000000002  -0.0007569987631276636  2.915718059592052e-05
31.200000000000003  -0.0007572296014859953  2.9157800606583123e-05
31.25  -0.0007574592761573152  2.9158753101422527e-05
31.3  -0.0007576878559953034  2.91600718590418e-05
31.35  -0.0007579154257502353  2.916178798970711e-05
31.400000000000002  -0.00075814208453468  2.9163924937762576e-05
31.450000000000003  -0.0007583679423647506  2.9166493071264656e-05
31.5  -0.0007585931146098217  2.9169484599079402e-05
31.55  -0.0007588177146800805  2.9172869729430454e-05
31.6  -0.000759041845638633  2.9176594904906377e-05
31.650000000000002  -0.0007592655918100534  2.91805837127838e-05
31.700000000000003  -0.0007594890115520523  2.9184740652012185e-05
31.75  -0.0007597121322084821  2.9188957514338413e-05
31.8  -0.0007599349479470792  2.919312160142441e-05
31.85  -0.0007601574207897186  2.919712489734313e-05
31.900000000000002  -0.0007603794846201753  2.9200873057263154e-05
31.950000000000003  -0.0007606010516601572  2.9204293241352438e-05
32.0  -0.0007608220206162632  2.920733995814091e-05
32.050000000000004  -0.0007610422855753704  2.9209998422149086e-05
32.1  -0.000761261744774941  2.9212285141173074e-05
32.15  -0.000761480308405372  2.9214245850086445e-05
32.2  -0.0007616979048785303  2.921595104011024e-05
32.25  -0.0007619144850967192  2.921748966719568e-05
32.300000000000004  -0.0007621300245364311  2.921896158484367e-05
32.35  -0.0007623445232116696  2.9220469473863154e-05
32.4  -0.0007625580036656036  2.922211091249357e-05
32.45  -0.0007627705073937592  2.922397121271278e-05
32.5  -0.0007629820901084847  2.9226117559606832e-05
32.550000000000004  -0.0007631928163573857  2.9228594821928975e-05
32.6  -0.0007634027539835034  2.9231423265682057e-05
32.65  -0.0007636119688638185  2.9234598162692824e-05
32.7  -0.0007638205203435382  2.9238091296227638e-05
32.75  -0.0007640284575862642  2.92418540391088e-05
32.800000000000004  -0.0007642358170947654  2.924582172029262e-05
32.85  -0.0007644426214294926  2.9249918875898727e-05
32.9  -0.0007646488790975498  2.9254064932858178e-05
32.95  -0.0007648545855226765  2.9258179928217396e-05
33.0  -0.0007650597248716344  2.9262189770362028e-05
33.050000000000004  -0.0007652642725385944  2.926603076641341e-05
33.1  -0.0007654681980346212  2.9269653046248e-05
33.15  -0.0007656714680434148  2.9273022751190054e-05
33.2  -0.000765874049423761  2.927612286699724e-05
33.25  -0.0007660759119873045  2.9278952731591522e-05
33.300000000000004  -0.0007662770308771431  2.9281526344626446e-05
33.35  -0.0007664773884596496  2.9283869652225515e-05
33.4  -0.0007666769756772752  2.928601710213872e-05
33.45  -0.0007668757928085688  2.9288007765097194e-05
33.5  -0.0007670738496585879  2.928988135518962e-05
33.550000000000004  -0.0007672711651919553  2.9291674410342975e-05
33.6  -0.0007674677666542712  2.929341695327096e-05
33.65  -0.0007676636882412152  2.929512980404396e-05
33.7  -0.0007678589693984773  2.9296822719482004e-05
33.75  -0.0007680536528797475  2.929849343808583e-05
33.800000000000004  -0.0007682477826242977  2.9300127670099326e-05
33.85  -0.0007684414016012574  2.9301699945862686e-05
33.9  -0.0007686345497309767  2.9303175235199453e-05
33.95  -0.0007688272620284173  2.930451114297925e-05
34.0  -0.0007690195670825254  2.9305660511295484e-05
34.050000000000004  -0.0007692114859873301  2.9306574149852004e-05
34.1  -0.0007694030318252975  2.930720351861625e-05
34.15  -0.0007695942097544089  2.9307503102801833e-05
34.2  -0.0007697850177221024  2.930743233896737e-05
34.25  -0.0007699754477897749  2.9306956951285676e-05
34.300000000000004  -0.0007701654879570381  2.9306049625657418e-05
34.35  -0.0007703551243948789  2.9304690032794537e-05
34.4  -0.0007705443438841077  2.9302864236195234e-05
34.45  -0.0007707331362988805  2.930056361189978e-05
34.5  -0.0007709214969124666  2.9297783407080595e-05
34.550000000000004  -0.0007711094283383506  2.9294521114528287e-05
34.6  -0.0007712969419326557  2.929077484149648e-05
34.65  -0.000771484058534592  2.9286541861269942e-05
34.7  -0.0007716708084588229  2.9281817430944798e-05
34.75  -0.0007718572307116151  2.9276594052855148e-05
34.800000000000004  -0.0007720433714809539  2.9270861212950532e-05
34.85  -0.0007722292819846245  2.9264605541566525e-05
34.9  -0.0007724150158410215  2.925781143204068e-05
34.95  -0.0007726006261706012  2.925046195526677e-05
35.0  -0.0007727861626288929  2.924253997493658e-05
35.050000000000004  -0.0007729716686149577  2.9234029283131636e-05
35.1  -0.0007731571789003019  2.922491565109412e-05
35.15  -0.0007733427177907122  2.921518764072747e-05
35.2  -0.0007735282980349649  2.9204837079031213e-05
35.25  -0.000773713920486711  2.919385915016253e-05
35.300000000000004  -0.0007738995745778293  2.9182252077457425e-05
35.35  -0.0007740852394848202  2.917001645844357e-05
35.4  -0.0007742708859306171  2.9157154313561636e-05
35.45  -0.0007744564784098722  2.9143667946724327e-05
35.5  -0.0007746419776710459  2.9129558779527557e-05
35.550000000000004  -0.000774827343240304  2.9114826264624435e-05
35.6  -0.000775012535771422  2.909946704149661e-05
35.65  -0.0007751975190501057  2.9083474355747667e-05
35.7  -0.0007753822614681371  2.9066837939448415e-05
35.75  -0.0007755667369055249  2.904954421821071e-05
35.800000000000004  -0.0007757509249549403  2.903157698100822e-05
35.85  -0.0007759348105291935  2.9012918350598067e-05
35.9  -0.0007761183829276485  2.899355000705265e-05
35.95  -0.000776301634475163  2.8973454582134368e-05
36.0  -0.0007764845589198107  2.8952617040198508e-05
36.050000000000004  -0.0007766671497441894  2.8931025969083164e-05
36.1  -0.0007768493985841957  2.8908674644701014e-05
36.15  -0.0007770312938805352  2.8885561770082145e-05
36.2  -0.0007772128198912433  2.8861691857624068e-05
36.25  -0.0007773939561581022  2.8837075195833374e-05
36.300000000000004  -0.0007775746774156923  2.8811727405572522e-05
36.35  -0.0007777549539758879  2.8785668671986084e-05
36.4  -0.0007779347524936133  2.8758922693817657e-05
36.45  -0.000778114037045911  2.8731515473402183e-05
36.5  -0.0007782927704082717  2.8703474030996245e-05
36.550000000000004  -0.0007784709153848286  2.8674825189494335e-05
36.6  -0.0007786484360959216  2.8645594480543237e-05
36.65  -0.0007788252990890084  2.861580528335558e-05
36.7  -0.0007790014741772708  2.8585478225374907e-05
36.75  -0.0007791769349688481  2.855463087973471e-05
36.800000000000004  -0.0007793516590323718  2.8523277771073962e-05
36.85  -0.0007795256277352947  2.84914306609114e-05
36.9  -0.000779698825786233  2.8459099060955287e-05
36.95  -0.0007798712405510483  2.842629095008327e-05
37.0  -0.0007800428612535771  2.839301359086404e-05
37.050000000000004  -0.000780213678125335  2.8359274414443253e-05
37.1  -0.0007803836816519708  2.8325081877139018e-05
37.15  -0.0007805528619646799  2.8290446260385133e-05
37.2  -0.0007807212084512687  2.8255380346684737e-05
37.25  -0.0007808887096311452  2.8219899952644316e-05
37.300000000000004  -0.0007810553532971792  2.8184024276019562e-05
37.35  -0.0007812211268966035  2.814777608041452e-05
37.4  -0.0007813860181053388  2.811118168097131e-05
37.45  -0.0007815500155239979  2.8074270784889197e-05
37.5  -0.000781713109405098  2.8037076136332877e-05
37.550000000000004  -0.0007818752923294716  2.7999633071072033e-05
37.6  -0.0007820365597317154  2.796197891241875e-05
37.65  -0.0007821969102198149  2.7924152322578947e-05
37.7  -0.0007823563456523918  2.7886192594714343e-05
37.75  -0.0007825148709475665  2.7848138927722538e-05
37.800000000000004  -0.0007826724936288142  2.7810029712050386e-05
37.85  -0.0007828292231628151  2.7771901864233144e-05
37.9  -0.0007829850701700953  2.773379022489263e-05
37.95  -0.0007831400455620042  2.769572705920505e-05
38.0  -0.000783294159720706  2.7657741674127004e-05
38.050000000000004  -0.0007834474217762367  2.761986018384949e-05
38.1  -0.0007835998390781372  2.7582105424550445e-05
38.15  -0.0007837514169250722  2.7544497025236946e-05
38.2  -0.0007839021585544251  2.7507051645072516e-05
38.25  -0.0007840520654127104  2.7469783349171138e-05
38.300000000000004  -0.000784201137688215  2.7432704089014608e-05
38.35  -0.0007843493750391103  2.7395824296002702e-05
38.400000000000006  -0.0007844967774585742  2.7359153498273032e-05
38.45  -0.0007846433461894954  2.7322700932195403e-05
38.5  -0.0007847890845929341  2.7286476138991362e-05
38.550000000000004  -0.00078493399892182  2.72504894582898e-05
38.6  -0.000785078098894392  2.721475242161884e-05
38.650000000000006  -0.0007852213980523274  2.717927801914959e-05
38.7  -0.0007853639138596183  2.714408082555046e-05
38.75  -0.0007855056675247376  2.7109176965330072e-05
38.800000000000004  -0.000785646683574637  2.7074583920774233e-05
38.85  -0.000785786989206757  2.7040320210929046e-05
38.900000000000006  -0.0007859266134468559  2.7006404964467225e-05
38.95  -0.0007860655861833976  2.6972857426238515e-05
39.0  -0.0007862039371310794  2.693969640919921e-05
39.050000000000004  -0.0007863416947932007  2.690693977239558e-05
39.1  -0.0007864788854727961  2.6874603944561436e-05
39.150000000000006  -0.0007866155323818351  2.684270350452819e-05
39.2  -0.0007867516549174651  2.6811250852461048e-05
39.25  -0.0007868872681236167  2.6780255986487444e-05
39.300000000000004  -0.0007870223823607484  2.674972632533577e-05
39.35  -0.0007871570031929468  2.6719666621140368e-05
39.400000000000006  -0.0007872911314897621  2.669007889582835e-05
39.45  -0.0007874247636999177  2.6660962358161008e-05
39.5  -0.0007875578923050793  2.6632313306204723e-05
39.550000000000004  -0.0007876905063416307  2.6604124952867123e-05
39.6  -0.0007878225920083494  2.6576387157087366e-05
39.650000000000006  -0.0007879541332134221  2.654908604644325e-05
39.7  -0.0007880851120710424  2.6522203521181747e-05
39.75  -0.0007882155092464846  2.649571666078689e-05
39.800000000000004  -0.0007883453041027898  2.6469597059424247e-05
39.85  -0.0007884744746082483  2.6443810118620642e-05
39.900000000000006  -0.0007886029969728373  2.6418314339152096e-05
39.95  -0.0007887308450438123  2.6393060734621857e-05
40.0  -0.0007888579894809584  2.636799240412352e-05
40.050000000000004  -0.0007889843968903668  2.6343044526126454e-05
40.1  -0.0007891100290436474  2.631814505142183e-05
40.150000000000006  -0.0007892348424144885  2.6293216308266587e-05
40.2  -0.0007893587881700731  2.6268177517491022e-05
40.25  -0.0007894818125035205  2.6242947826946917e-05
40.300000000000004  -0.0007896038572458979  2.621744952915764e-05
40.35  -0.0007897248608934884  2.6191611332142197e-05
40.400000000000006  -0.00078984476023509  2.616537159507923e-05
40.45  -0.0007899634927089666  2.613868156741599e-05
40.5  -0.0007900809994115084  2.6111508559468837e-05
40.550000000000004  -0.0007901972286342229  2.6083838827959012e-05
40.6  -0.0007903121396323228  2.6055679881174234e-05
40.650000000000006  -0.0007904257062722711  2.6027061795719556e-05
40.7  -0.0007905379201573892  2.599803719195682e-05
40.75  -0.0007906487928516706  2.596867965848782e-05
40.800000000000004  -0.0007907583569205178  2.5939080526180772e-05
40.85  -0.0007908666656250517  2.590934413440344e-05
40.900000000000006  -0.0007909737912567585  2.5879581864461372e-05
40.95  -0.0007910798222608918  2.5849905364881795e-05
41.0  -0.0007911848594097648  2.5820419476703014e-05
41.050000000000004  -0.0007912890114006797  2.5791215383910303e-05
41.1  -0.000791392390260807  2.576236456501514e-05
41.150000000000006  -0.0007914951069801796  2.573391398369776e-05
41.2  -0.0007915972677294522  2.5705882904344902e-05
41.25  -0.0007916989709540222  2.5678261571581893e-05
41.300000000000004  -0.0007918003055699338  2.5651011856370068e-05
41.35  -0.0007919013502820451  2.562406982132225e-05
41.400000000000006  -0.0007920021740588155  2.5597349958465993e-05
41.45  -0.0007921028376021077  2.5570750837434803e-05
41.5  -0.0007922033955877694  2.5544161693441254e-05
41.550000000000004  -0.0007923038994163083  2.5517469505597235e-05
41.6  -0.0007924044001614654  2.5490566049264835e-05
41.650000000000006  -0.0007925049513702984  2.54633544593502e-05
41.7  -0.0007926056114796142  2.5435754845721278e-05
41.75  -0.0007927064455498516  2.540770864530419e-05
41.800000000000004  -0.000792807526149184  2.5379181462664734e-05
41.85  -0.0007929089332899667  2.5350164246418596e-05
41.900000000000006  -0.0007930107533788768  2.5320672827717485e-05
41.95  -0.0007931130772358746  2.5290745900397515e-05
42.0  -0.0007932159973279826  2.526044168338782e-05
42.050000000000004  -0.0007933196044043573  2.5229833547567868e-05
42.1  -0.0007934239837832214  2.519900493681024e-05
42.150000000000006  -0.000793529211572355  2.5168043974852514e-05
42.2  -0.0007936353510999213  2.5137038117226986e-05
42.25  -0.0007937424498345932  2.510606918079011e-05
42.300000000000004  -0.0007938505370244471  2.5075209082469382e-05
42.35  -0.0007939596222431931  2.5044516488292672e-05
42.400000000000006  -0.0007940696949642734  2.5014034543758873e-05
42.45  -0.0007941807252096806  2.498378977258968e-05
42.5  -0.000794292665221615  2.4953792124926392e-05
42.550000000000004  -0.0007944054520425566  2.4924036070555025e-05
42.6  -0.0007945190108252108  2.4894502641149645e-05
42.650000000000006  -0.0007946332586228137  2.486516218294394e-05
42.7  -0.0007947481084010719  2.483597758313604e-05
42.75  -0.000794863472976828  2.4806907773363253e-05
42.800000000000004  -0.000794979268627783  2.4777911197541164e-05
42.85  -0.0007950954181398685  2.4748949049896072e-05
42.900000000000006  -0.0007952118531189492  2.4719988093437235e-05
42.95  -0.0007953285154356707  2.469100289525508e-05
43.0  -0.0007954453577940414  2.4661977395592127e-05
43.050000000000004  -0.0007955623434591202  2.4632905762301443e-05
43.1  -0.0007956794452246911  2.4603792540539267e-05
43.150000000000006  -0.000795796643823506  2.4574652167276426e-05
43.2  -0.0007959139259147816  2.454550790875656e-05
43.25  -0.0007960312819041933  2.4516390340101313e-05
43.300000000000004  -0.0007961487037772728  2.448733551806148e-05
43.35  -0.0007962661831396832  2.4458382932922556e-05
43.400000000000006  -0.0007963837096099523  2.4429573419179835e-05
43.45  -0.0007965012696897529  2.4400947124505828e-05
43.5  -0.0007966188461537954  2.4372541645391126e-05
43.550000000000004  -0.0007967364179746675  2.4344390419292093e-05
43.6  -0.0007968539607293717  2.4316521469254742e-05
43.650000000000006  -0.0007969714474161679  2.42889564732176e-05
43.7  -0.0007970888495406357  2.426171026137351e-05
43.75  -0.0007972061383361561  2.4234790666867847e-05
43.800000000000004  -0.0007973232859974836  2.4208198756994433e-05
43.85  -0.0007974402667787888  2.418192938884883e-05
43.900000000000006  -0.0007975570578554488  2.415597202422813e-05
43.95  -0.0007976736398855105  2.4130311766946706e-05
44.0  -0.0007977899972182027  2.4104930530102027e-05
44.050000000000004  -0.0007979061177559994  2.4079808298577794e-05
44.1  -0.0007980219925098503  2.405492437342505e-05
44.150000000000006  -0.0007981376148915598  2.4030258569476023e-05
44.2  -0.0007982529798507998  2.40057922980038e-05
44.25  -0.0007983680829366133  2.3981509475113965e-05
44.300000000000004  -0.0007984829193591134  2.395739726030995e-05
44.35  -0.0007985974831755798  2.39334465169654e-05
44.400000000000006  -0.0007987117666458189  2.3909652083977978e-05
44.45  -0.0007988257598169606  2.38860127783619e-05
44.5  -0.0007989394503726195  2.386253116983851e-05
44.550000000000004  -0.0007990528237422308  2.3839213165246305e-05
44.6  -0.0007991658634563829  2.3816067427721572e-05
44.650000000000006  -0.0007992785517001345  2.379310466643094e-05
44.7  -0.000799390870046296  2.3770336869774478e-05
44.75  -0.000799502800260614  2.3747776527862263e-05
44.800000000000004  -0.0007996143251418347  2.372543585709287e-05
44.85  -0.0007997254293074097  2.370332613931003e-05
44.900000000000006  -0.000799836099878815  2.368145712946753e-05
44.95  -0.0007999463270008078  2.365983661973387e-05
45.0  -0.0008000561041591851  2.3638470142862337e-05
45.050000000000004  -0.0008001654282789935  2.36173608479176e-05
45.1  -0.0008002742995881941  2.3596509509846283e-05
45.150000000000006  -0.000800382721261188  2.3575914689434618e-05
45.2  -0.0008004906988651015  2.3555572983859118e-05
45.25  -0.0008005982396499346  2.3535479367187964e-05
45.300000000000004  -0.0008007053517492266  2.3515627562581865e-05
45.35  -0.0008008120433482818  2.349601041542386e-05
45.400000000000006  -0.000800918321897192  2.3476620242352192e-05
45.45  -0.0008010241934202012  2.3457449137817164e-05
45.5  -0.000801129661987217  2.3438489207733325e-05
45.550000000000004  -0.0008012347293649838  2.3419732732710228e-05
45.6  -0.0008013393948755023  2.340117229267496e-05
45.650000000000006  -0.0008014436554341519  2.338280081544354e-05
45.7  -0.0008015475057831196  2.3364611627943498e-05
45.75  -0.0008016509388576758  2.3346598465501375e-05
45.800000000000004  -0.0008017539462475582  2.3328755548122958e-05
45.85  -0.0008018565187308803  2.331107765367931e-05
45.900000000000006  -0.0008019586468225356  2.329356025197152e-05
45.95  -0.0008020603213225762  2.3276199681333885e-05
46.0  -0.0008021615338055027  2.3258993356542815e-05
46.050000000000004  -0.0008022622770464685  2.3241939983819314e-05
46.1  -0.0008023625453471209  2.322503977507319e-05
46.150000000000006  -0.0008024623347814032  2.3208294587566945e-05
46.2  -0.000802561643314264  2.31917079873417e-05
46.25  -0.0008026604708165552  2.3175285204376237e-05
46.300000000000004  -0.0008027588189872851  2.315903292375945e-05
46.35  -0.0008028566911781975  2.314295894244344e-05
46.400000000000006  -0.0008029540921503431  2.3127071693676668e-05
46.45  -0.0008030510277604406  2.3111379637979395e-05
46.5  -0.0008031475046247657  2.3095890573762517e-05
46.550000000000004  -0.0008032435297235306  2.3080610932481988e-05
46.6  -0.000803339110028909  2.3065545091172784e-05
46.650000000000006  -0.0008034342521106512  2.305069480101516e-05
46.7  -0.0008035289617740537  2.303605873964405e-05
46.75  -0.0008036232437432805  2.3021632276944582e-05
46.800000000000004  -0.0008037171014178127  2.3007407470563386e-05
46.85  -0.0008038105367187343  2.2993373312375602e-05
46.900000000000006  -0.0008039035500411776  2.2979516204288527e-05
46.95  -0.0008039961403233233  2.2965820671736088e-05
47.0  -0.0008040883051955435  2.2952270234965935e-05
47.050000000000004  -0.0008041800412495758  2.2938848430118278e-05
47.1  -0.0008042713443477257  2.2925539857907864e-05
47.150000000000006  -0.0008043622099859253  2.2912331203874697e-05
47.2  -0.0008044526336935623  2.2899212133967563e-05
47.25  -0.0008045426114018353  2.2886176018318367e-05
47.300000000000004  -0.0008046321397907182  2.2873220379242276e-05
47.35  -0.0008047212165906819  2.2860347048868682e-05
47.400000000000006  -0.0008048098407928162  2.284756201221031e-05
47.45  -0.0008048980127761896  2.2834874943858472e-05
47.5  -0.000804985734338455  2.2822298479813056e-05
47.550000000000004  -0.0008050730086277567  2.280984725676978e-05
47.6  -0.0008051598399779099  2.2797536810701e-05
47.650000000000006  -0.0008052462336841714  2.278538241533973e-05
47.7  -0.0008053321957469166  2.277339792234115e-05
47.75  -0.0008054177325714882  2.2761594724467638e-05
47.800000000000004  -0.0008055028506851919  2.27499808774464e-05
47.85  -0.0008055875564602225  2.273856048684087e-05
47.900000000000006  -0.0008056718558742997  2.2727333361737684e-05
47.95  -0.0008057557543047067  2.2716295000382294e-05
48.0  -0.0008058392563531649  2.2705436851183625e-05
48.050000000000004  -0.0008059223657364326  2.269474686461114e-05
48.1  -0.0008060050851986862  2.2684210261528378e-05
48.150000000000006  -0.0008060874164903678  2.2673810475454183e-05
48.2  -0.0008061693603742784  2.266353017444712e-05
48.25  -0.0008062509166817174  2.26533523020471e-05
48.300000000000004  -0.0008063320844081508  2.2643261068971488e-05
48.35  -0.0008064128618500241  2.2633242831717176e-05
48.400000000000006  -0.0008064932467682893  2.2623286807542712e-05
48.45  -0.0008065732365954005  2.2613385587979184e-05
48.5  -0.0008066528286525019  2.2603535437688165e-05
48.550000000000004  -0.0008067320203815283  2.2593736356058707e-05
48.6  -0.000806810809587835  2.258399192637964e-05
48.650000000000006  -0.0008068891946503262  2.257430894761687e-05
48.7  -0.0008069671747135736  2.2564696876538662e-05
48.75  -0.0008070447498623345  2.2555167151774576e-05
48.800000000000004  -0.0008071219212234602  2.2545732395709735e-05
48.85  -0.0008071986910095863  2.2536405591854023e-05
48.900000000000006  -0.0008072750625216661  2.252719924103236e-05
48.95  -0.0008073510400537984  2.2518124575179725e-05
49.0  -0.0008074266287598079  2.2509190872702068e-05
49.050000000000004  -0.0008075018344539782  2.250040486769791e-05
49.1  -0.0008075766633597639  2.249177033118461e-05
49.150000000000006  -0.0008076511218510778  2.2483287842251236e-05
49.2  -0.0008077252161530926  2.247495468912211e-05
49.25  -0.000807798952076622  2.2466765010507373e-05
49.300000000000004  -0.0008078723347522914  2.2458710077208994e-05
49.35  -0.0008079453684157368  2.2450778740343508e-05
49.400000000000006  -0.0008080180562569817  2.2442958014770066e-05
49.45  -0.0008080904003238594  2.2435233768628815e-05
49.5  -0.0008081624015146536  2.2427591463683037e-05
49.550000000000004  -0.0008082340596526257  2.2420016936899032e-05
49.6  -0.0008083053736383241  2.2412497128595317e-05
49.650000000000006  -0.0008083763416679829  2.2405020787309455e-05
49.7  -0.0008084469615033119  2.2397579055384326e-05
49.75  -0.0008085172307648551  2.239016593431572e-05
49.800000000000004  -0.0008085871472144675  2.2382778584039624e-05
49.85  -0.0008086567090356654  2.2375417454130225e-05
49.900000000000006  -0.0008087259150672023  2.2368086214312423e-05
49.95  -0.0008087947649803776  2.2360791507794876e-05
50.0  -0.0008088632593940546  2.2353542525097568e-05
50.050000000000004  -0.0008089313999255735  2.2346350408765283e-05
50.1  -0.0008089991891604324  2.2339227550773814e-05
50.150000000000006  -0.0008090666305565781  2.2332186808139503e-05
50.2  -0.0008091337282908032  2.232524068515097e-05
50.25  -0.0008092004870465174  2.2318400537056984e-05
50.300000000000004  -0.0008092669118039136  2.2311675835307e-05
50.35  -0.0008093330076033497  2.2305073569040316e-05
50.400000000000006  -0.0008093987793393692  2.229859777124442e-05
50.45  -0.0008094642315714927  2.2292249245027106e-05
50.5  -0.0008095293683863755  2.2286025491520078e-05
50.550000000000004  -0.0008095941933022201  2.2279920820959137e-05
50.6  -0.0008096587092140362  2.2273926661392756e-05
50.650000000000006  -0.0008097229183778871  2.2268032051547815e-05
50.7  -0.000809786822442517  2.2262224245749897e-05
50.75  -0.0008098504224900815  2.225648944610952e-05
50.800000000000004  -0.0008099137190895869  2.2250813554181188e-05
50.85  -0.0008099767123644489  2.2245182968935523e-05
50.900000000000006  -0.0008100394020466872  2.223958531077561e-05
50.95  -0.0008101017875322287  2.2234010072325018e-05
51.0  -0.0008101638679456321  2.2228449163785272e-05
51.050000000000004  -0.0008102256421838942  2.222289729146684e-05
51.1  -0.0008102871089705612  2.2217352185961215e-05
51.150000000000006  -0.0008103482669357818  2.221181464116763e-05
51.2  -0.0008104091147037822  2.220628838816045e-05
51.25  -0.0008104696509973338  2.2200779813471823e-05
51.300000000000004  -0.0008105298747679075  2.2195297522751146e-05
51.35  -0.0008105897853400412  2.2189851805909486e-05
51.400000000000006  -0.000810649382542739  2.218445401463954e-05
51.45  -0.0008107086668509116  2.2179115894751253e-05
51.5  -0.0008107676395009541  2.2173848903118596e-05
51.550000000000004  -0.0008108263025691829  2.2168663554103193e-05
51.6  -0.0008108846590020348  2.2163568824552413e-05
51.650000000000006  -0.0008109427125785991  2.215857164226888e-05
51.7  -0.000811000467821818  2.2153676473457562e-05
51.75  -0.0008110579298285511  2.2148885078588265e-05
51.800000000000004  -0.0008111151040490079  2.2144196366349162e-05
51.85  -0.0008111719960126517  2.2139606438864958e-05
51.900000000000006  -0.0008112286110527977  2.213510875014339e-05
51.95  -0.0008112849540131905  2.2130694421901797e-05
52.0  -0.0008113410290040842  2.2126352666825347e-05
52.050000000000004  -0.0008113968391913175  2.2122071320188974e-05
52.1  -0.0008114523866481464  2.2117837446512735e-05
52.150000000000006  -0.00081150767226385  2.2113637997257817e-05
52.2  -0.0008115626957245361  2.2109460459735094e-05
52.25  -0.0008116174555638244  2.2105293530288853e-05
52.300000000000004  -0.0008116719492805169  2.210112769334934e-05
52.35  -0.0008117261735602399  2.2096955767532812e-05
52.400000000000006  -0.0008117801245593706  2.2092773303379154e-05
52.45  -0.000811833798271184  2.2088578856306498e-05
52.5  -0.0008118871909024994  2.2084374115825356e-05
52.550000000000004  -0.0008119402992501793  2.208016382948281e-05
52.6  -0.0008119931210446052  2.2075955575055588e-05
52.650000000000006  -0.0008120456552122308  2.2071759332876984e-05
52.7  -0.0008120979020554785  2.2067586930926675e-05
52.75  -0.0008121498633076117  2.2063451347134806e-05
52.800000000000004  -0.0008122015420821195  2.2059365933632842e-05
52.85  -0.0008122529427113633  2.2055343598384328e-05
52.900000000000006  -0.0008123040704889369  2.2051395996869013e-05
52.95  -0.0008123549313442049  2.2047532779946545e-05
53.0  -0.0008124055314740658  2.2043760952084458e-05
53.050000000000004  -0.0008124558769689478  2.2040084372813395e-05
53.1  -0.0008125059734577594  2.2036503445115366e-05
53.150000000000006  -0.0008125558258019165  2.2033015001699072e-05
53.2  -0.0008126054378688716  2.2029612415742374e-05
53.25  -0.0008126548123810373  2.2026285921101976e-05
53.300000000000004  -0.000812703950864645  2.202302313365301e-05
53.35  -0.0008127528536883373  2.2019809746886372e-05
53.400000000000006  -0.0008128015201829517  2.2016630355485068e-05
53.45  -0.0008128499488384352  2.2013469359667e-05
53.5  -0.0008128981375278305  2.2010311883797692e-05
53.550000000000004  -0.0008129460837882846  2.2007144669403188e-05
53.6  -0.0008129937850687651  2.200395686057248e-05
53.650000000000006  -0.0008130412389788573  2.2000740652979044e-05
53.7  -0.0008130884434978931  2.1997491757337596e-05
53.75  -0.0008131353971280907  2.1994209630398008e-05
53.800000000000004  -0.0008131820990048195  2.199089748883146e-05
53.85  -0.0008132285489452932  2.1987562086845714e-05
53.900000000000006  -0.0008132747474549174  2.1984213262149217e-05
53.95  -0.0008133206956855683  2.198086332174027e-05
54.0  -0.0008133663953566804  2.1977526240637936e-05
54.050000000000004  -0.0008134118486463739  2.1974216784451518e-05
54.1  -0.0008134570580861423  2.1970949579412018e-05
54.150000000000006  -0.0008135020264250019  2.1967738173106098e-05
54.2  -0.0008135467565367555  2.1964594178214953e-05
54.25  -0.0008135912513265323  2.196152653396121e-05
54.300000000000004  -0.0008136355136904228  2.1958540933794484e-05
54.35  -0.0008136795464979278  2.1955639468933578e-05
54.400000000000006  -0.0008137233526114833  2.1952820507514033e-05
54.45  -0.0008137669349082289  2.1950078805925833e-05
54.5  -0.0008138102963059304  2.1947405865518845e-05
54.550000000000004  -0.000813853439769923  2.1944790478036196e-05
54.6  -0.0008138963682776527  2.1942219431863902e-05
54.650000000000006  -0.000813939084768697  2.193967835680021e-05
54.7  -0.0008139815920287934  2.193715259179985e-05
54.75  -0.0008140238925473224  2.193462805946309e-05
54.800000000000004  -0.0008140659883610962  2.193209209558659e-05
54.85  -0.0008141078808990041  2.1929534168052306e-05
54.900000000000006  -0.0008141495708380017  2.192694643371419e-05
54.95  -0.0008141910580088236  2.1924324141753032e-05
55.0  -0.0008142323413584975  2.1921665825126203e-05
55.050000000000004  -0.0008142734189875193  2.1918973297588686e-05
55.1  -0.0008143142882624126  2.1916251476607196e-05
55.150000000000006  -0.0008143549460126196  2.1913508002688884e-05
55.2  -0.0008143953887890054  2.1910752747428936e-05
55.25  -0.0008144356131908907  2.1907997169042046e-05
55.300000000000004  -0.0008144756162120388  2.1905253646419638e-05
55.35  -0.0008145153955838427  2.1902534726899446e-05
55.400000000000006  -0.0008145549500880917  2.1899852411536133e-05
55.45  -0.000814594279789918  2.1897217474553337e-05
55.5  -0.0008146333861980552  2.1894638867478184e-05
55.550000000000004  -0.0008146722722798883  2.1892123224408785e-05
55.6  -0.0008147109423839939  2.188967450480171e-05
55.650000000000006  -0.000814749402018688  2.1887293776163175e-05
55.7  -0.0008147876575421809  2.1884979162611028e-05
55.75  -0.0008148257157643565  2.1882725950244666e-05
55.800000000000004  -0.0008148635835135982  2.188052685249582e-05
55.85  -0.0008149012671752221  2.1878372407783345e-05
55.900000000000006  -0.0008149387722878982  2.1876251486499044e-05
55.95  -0.0008149761031781976  2.1874151886090904e-05
56.0  -0.0008150132626980104  2.187206097568439e-05
56.050000000000004  -0.0008150502520768819  2.1869966373338112e-05
56.1  -0.0008150870709014314  2.186785660292169e-05
56.150000000000006  -0.0008151237172199743  2.1865721719631684e-05
56.2  -0.0008151601877829738  2.1863553859856203e-05
56.25  -0.0008151964783640041  2.1861347699592723e-05
56.300000000000004  -0.000815232584169752  2.1859100775117684e-05
56.35  -0.000815268500274424  2.1856813659520296e-05
56.400000000000006  -0.0008153042220619581  2.1854489962476486e-05
56.45  -0.0008153397456315602  2.1852136177604614e-05
56.5  -0.0008153750681262759  2.1849761341789634e-05
56.550000000000004  -0.0008154101879926248  2.1847376554843048e-05
56.6  -0.0008154451051169841  2.1844994353851458e-05
56.650000000000006  -0.0008154798208709995  2.184262799887339e-05
56.7  -0.0008155143380395741  2.1840290675877974e-05
56.75  -0.0008155486606608138  2.183799470424218e-05
56.800000000000004  -0.0008155827937769838  2.1835750784057533e-05
56.85  -0.0008156167431150858  2.183356730316654e-05
56.900000000000006  -0.0008156505147409939  2.1831449792497127e-05
56.95  -0.0008156841146931137  2.1829400535289733e-05
57.0  -0.0008157175486272064  2.1827418380956378e-05
57.050000000000004  -0.0008157508214993157  2.182549874726956e-05
57.1  -0.0008157839373161836  2.1823633838933946e-05
57.150000000000006  -0.0008158168989583374  2.182181306533413e-05
57.2  -0.000815849708084653  2.1820023650799612e-05
57.25  -0.0008158823651305829  2.1818251378753154e-05
57.300000000000004  -0.0008159148693987461  2.1816481441718112e-05
57.35  -0.0008159472192188076  2.181469936158643e-05
57.400000000000006  -0.0008159794121660513  2.1812891873277123e-05
57.45  -0.0008160114453201844  2.1811047768694e-05
57.5  -0.0008160433155351887  2.1809158600779666e-05
57.550000000000004  -0.0008160750197221196  2.1807219212179865e-05
57.6  -0.0008161065550863818  2.1805228055340954e-05
57.650000000000006  -0.0008161379193329536  2.1803187275097266e-05
57.7  -0.0008161691108207401  2.1801102564416165e-05
57.75  -0.0008162001286608051  2.1798982790216244e-05
57.800000000000004  -0.0008162309727430535  2.1796839407684128e-05
57.85  -0.0008162616437202319  2.1794685731642803e-05
57.900000000000006  -0.000816292142942423  2.1792536082407602e-05
57.95  -0.0008163224723564389  2.1790404875268233e-05
58.0  -0.0008163526343876142  2.178830571711516e-05
58.050000000000004  -0.00081638263181972  2.178625055816155e-05
58.1  -0.0008164124676828136  2.1784248956511175e-05
58.150000000000006  -0.0008164421451495061  2.178230748865013e-05
58.2  -0.0008164716674531973  2.178042936399542e-05
58.25  -0.0008165010378156054  2.1778614234055512e-05
58.300000000000004  -0.0008165302593928117  2.177685823128697e-05
58.35  -0.0008165593352130859  2.177515420543068e-05
58.400000000000006  -0.0008165882681310728  2.1773492162072377e-05
58.45  -0.0008166170607531535  2.177185986528018e-05
58.5  -0.0008166457153746566  2.1770243560107687e-05
58.550000000000004  -0.0008166742338846975  2.176862877851355e-05
58.6  -0.0008167026176865803  2.176700117474564e-05
58.650000000000006  -0.0008167308676115336  2.1765347351397732e-05
58.7  -0.0008167589838388055  2.1763655627304998e-05
58.75  -0.000816786965866864  2.1761916685256806e-05
58.800000000000004  -0.000816814812508965  2.1760124097070627e-05
58.85  -0.0008168425219475979  2.175827465819677e-05
58.900000000000006  -0.0008168700918548148  2.1756368553274108e-05
58.95  -0.0008168975195449367  2.1754409318603448e-05
59.0  -0.0008169248022023852  2.1752403623052615e-05
59.050000000000004  -0.0008169519371328507  2.1750360849251914e-05
59.1  -0.0008169789220164017  2.174829254957694e-05
59.150000000000006  -0.0008170057551535409  2.174621176687455e-05
59.2  -0.0008170324356815079  2.1744132257439782e-05
59.25  -0.0008170589637240244  2.174206767979064e-05
59.300000000000004  -0.0008170853404680906  2.1740030801633615e-05
59.35  -0.0008171115681570669  2.1738032733170328e-05
59.400000000000006  -0.0008171376500048746  2.173608226822485e-05
59.45  -0.0008171635900312898  2.1734185358286045e-05
59.5  -0.0008171893928386313  2.1732344757279583e-05
59.550000000000004  -0.0008172150633386519  2.1730559826277536e-05
59.6  -0.0008172406064614999  2.172882656605946e-05
59.650000000000006  -0.0008172660268684931  2.1727137831212403e-05
59.7  -0.0008172913286942782  2.1725483719861583e-05
59.75  -0.0008173165153221019  2.1723852147445565e-05
59.800000000000004  -0.0008173415892265535  2.172222952528393e-05
59.85  -0.0008173665518698193  2.172060155215675e-05
59.900000000000006  -0.000817391403676952  2.1718954028258517e-05
59.95  -0.0008174161440750884  2.171727368353415e-05
60.0  -0.0008174407715769825  2.1715548934022754e-05
60.050000000000004  -0.0008174652839308169  2.171377055489932e-05
60.1  -0.000817489678297787  2.171193220740534e-05
60.150000000000006  -0.000817513951450788  2.1710030796382677e-05
60.2  -0.0008175381000029583  2.1708066648107554e-05
60.25  -0.0008175621206292469  2.170604348473049e-05
60.300000000000004  -0.000817586010299504  2.1703968204531176e-05
60.35  -0.0008176097664790171  2.1701850480840864e-05
60.400000000000006  -0.000817633387329796  2.169970219692227e-05
60.45  -0.0008176568718636906  2.1697536756406025e-05
60.5  -0.0008176802200641512  2.1695368289355896e-05
60.550000000000004  -0.0008177034329438663  2.169321081975622e-05
60.6  -0.0008177265125561098  2.1691077437898873e-05
60.650000000000006  -0.0008177494619255781  2.168897950829453e-05
60.7  -0.0008177722849195035  2.1686925981100427e-05
60.75  -0.0008177949860597161  2.1684922840124743e-05
60.800000000000004  -0.0008178175702738118  2.168297273016462e-05
60.85  -0.0008178400426157809  2.1681074781290817e-05
60.900000000000006  -0.0008178624079752746  2.1679224633999912e-05
60.95  -0.000817884670781636  2.1677414697409444e-05
61.0  -0.0008179068347662454  2.1675634589137936e-05
61.050000000000004  -0.0008179289027378424  2.1673871760443178e-05
61.1  -0.0008179508764503944  2.1672112279715072e-05
61.150000000000006  -0.0008179727565428376  2.1670341670864453e-05
61.2  -0.0008179945425496948  2.1668545831597338e-05
61.25  -0.0008180162329987327  2.1666711897121486e-05
61.300000000000004  -0.000818037825559506  2.1664829047997368e-05
61.35  -0.0008180593172535542  2.166288916948271e-05
61.400000000000006  -0.0008180807046924718  2.166088735402311e-05
61.45  -0.0008181019843170085  2.1658822182674402e-05
61.5  -0.0008181231526423877  2.1656695802138885e-05
61.550000000000004  -0.0008181442064693717  2.165451377170375e-05
61.6  -0.0008181651430722753  2.1652284707630344e-05
61.650000000000006  -0.0008181859603284746  2.1650019745440537e-05
61.7  -0.0008182066568218601  2.164773184630867e-05
61.75  -0.0008182272318988354  2.164543501057155e-05
61.800000000000004  -0.0008182476856926122  2.16431434357288e-05
61.85  -0.0008182680191093638  2.1640870663767065e-05
61.900000000000006  -0.0008182882338077459  2.1638628777212086e-05
61.95  -0.0008183083321240772  2.1636427700718057e-05
62.0  -0.000818328317000178  2.163427461481871e-05
62.050000000000004  -0.000818348191865669  2.1632173560192638e-05
62.1  -0.0008183679605127333  2.163012521772564e-05
62.150000000000006  -0.0008183876269295084  2.1628126893681208e-05
62.2  -0.0008184071951227889  2.1626172695856597e-05
62.25  -0.0008184266689313772  2.1624253889699773e-05
62.300000000000004  -0.0008184460518039332  2.162235942601825e-05
62.35  -0.0008184653466058328  2.1620476575312606e-05
62.400000000000006  -0.0008184845554169488  2.1618591678718548e-05
62.45  -0.0008185036793888943  2.161669092055668e-05
62.5  -0.0008185227186332859  2.1614761134197214e-05
62.550000000000004  -0.0008185416721963873  2.161279055721188e-05
62.6  -0.0008185605381100157  2.161076953089867e-05
62.650000000000006  -0.0008185793135277741  2.1608691056600507e-05
62.7  -0.0008185979949377164  2.1606551239267417e-05
62.75  -0.0008186165784391775  2.160434952696048e-05
62.800000000000004  -0.0008186350600546208  2.1602088770218512e-05
62.85  -0.0008186534360707145  2.159977507292237e-05
62.900000000000006  -0.0008186717033339506  2.1597417448377234e-05
62.95  -0.0008186898595262248  2.159502731137789e-05
63.0  -0.0008187079033511057  2.1592617787624408e-05
63.050000000000004  -0.0008187258346440965  2.1590202962532348e-05
63.1  -0.0008187436543853221  2.1587797027038005e-05
63.150000000000006  -0.0008187613646287233  2.158541343885343e-05
63.2  -0.0008187789683386428  2.1583064107074073e-05
63.25  -0.0008187964691848222  2.1580758684565794e-05
63.300000000000004  -0.0008188138712738731  2.157850398361381e-05
63.35  -0.0008188311788778974  2.1576303567928646e-05
63.400000000000006  -0.0008188483961523102  2.157415753245302e-05
63.45  -0.0008188655268903475  2.157206249970905e-05
63.5  -0.0008188825743272112  2.1570011820570183e-05
63.550000000000004  -0.0008188995409742305  2.156799597268378e-05
63.6  -0.0008189164285448479  2.1566003144215347e-05
63.650000000000006  -0.0008189332379263395  2.1564019948070172e-05
63.7  -0.0008189499692109396  2.156203222959251e-05
63.75  -0.0008189666217781207  2.1560025912447213e-05
63.800000000000004  -0.000818983194386946  2.1557987826195798e-05
63.85  -0.0008189996853044431  2.1555906471487098e-05
63.900000000000006  -0.0008190160924422532  2.1553772674629684e-05
63.95  -0.0008190324134953046  2.1551580116806884e-05
64.0  -0.0008190486461164657  2.1549325685754888e-05
64.05  -0.0008190647880661048  2.1547009654923686e-05
64.10000000000001  -0.0008190808374056767  2.1544635679859956e-05
64.15  -0.0008190967926470608  2.1542210613825362e-05
64.2  -0.0008191126528956544  2.1539744145059698e-05
64.25  -0.0008191284179625113  2.153724828666691e-05
64.3  -0.0008191440884256596  2.1534736727313515e-05
64.35000000000001  -0.0008191596656367226  2.1532224069605965e-05
64.4  -0.000819175151681526  2.152972498522816e-05
64.45  -0.0008191905492960295  2.1527253322936222e-05
64.5  -0.0008192058617201716  2.152482122964915e-05
64.55  -0.0008192210925421168  2.1522438335236545e-05
64.60000000000001  -0.0008192362454919685  2.152011107095541e-05
64.65  -0.0008192513242443663  2.1517842175633787e-05
64.7  -0.0008192663322379466  2.1515630441501033e-05
64.75  -0.0008192812724817461  2.151347071070622e-05
64.8  -0.0008192961474177932  2.1511354154003424e-05
64.85000000000001  -0.0008193109588095448  2.150926880860641e-05
64.9  -0.0008193257076786555  2.1507200328130098e-05
64.95  -0.0008193403942792981  2.1505132911155285e-05
65.0  -0.0008193550181236734  2.15030503315411e-05
65.05  -0.0008193695780511866  2.150093699342852e-05
65.10000000000001  -0.0008193840723154282  2.149877892926842e-05
65.15  -0.0008193984987169215  2.149656471055661e-05
65.2  -0.0008194128547295213  2.149428615952115e-05
65.25  -0.0008194271376537658  2.1491938850530523e-05
65.3  -0.0008194413447531961  2.1489522359947368e-05
65.35000000000001  -0.000819455473394645  2.1487040251889976e-05
65.4  -0.0008194695211651152  2.1484499810398364e-05
65.45  -0.0008194834859914323  2.148191154656854e-05
65.5  -0.0008194973662380329  2.1479288498799857e-05
65.55  -0.0008195111607813271  2.1476645387936326e-05
65.60000000000001  -0.000819524869083038  2.1473997690213257e-05
65.65  -0.0008195384912344499  2.147136067168979e-05
65.7  -0.000819552027964693  2.1468748449756238e-05
65.75  -0.000819565480643431  2.1466173147250594e-05
65.8  -0.0008195788512485811  2.1463644196632664e-05
65.85000000000001  -0.0008195921422924952  2.1461167813432492e-05
65.9  -0.0008196053567316516  2.1458746685786034e-05
65.95  -0.0008196184978456623  2.145637987865153e-05
66.0  -0.0008196315690791149  2.1454062949299597e-05
66.05  -0.0008196445738892489  2.1451788281228292e-05
66.10000000000001  -0.000819657515560824  2.1449545579535967e-05
66.15  -0.0008196703970271078  2.1447322508730618e-05
66.2  -0.0008196832207013004  2.1445105450933178e-05
66.25  -0.0008196959883341886  2.144288029625591e-05
66.3  -0.0008197087008884897  2.144063325091759e-05
66.35000000000001  -0.0008197213584754282  2.143835160658687e-05
66.4  -0.0008197339603367602  2.143602443996839e-05
66.45  -0.0008197465048657708  2.143364319579736e-05
66.5  -0.000819758989704517  2.1431202118780187e-05
66.55  -0.0008197714118734848  2.1428698546141598e-05
66.60000000000001  -0.0008197837679573914  2.1426133005203376e-05
66.65  -0.0008197960543257288  2.1423509154473155e-05
66.7  -0.0008198082673573323  2.142083354808133e-05
66.75  -0.0008198204036916796  2.1418115240190373e-05
66.8  -0.0008198324604469325  2.1415365272894394e-05
66.85000000000001  -0.0008198444354287979  2.141259604426511e-05
66.9  -0.0008198563272791649  2.140982061129659e-05
66.95  -0.0008198681355835653  2.1407051978078614e-05
67.0  -0.0008198798609192093  2.140430234996043e-05
67.05  -0.0008198915048383237  2.140158245040333e-05
67.10000000000001  -0.0008199030697798596  2.1398900920503185e-05
67.15  -0.000819914558933693  2.139626380925398e-05
67.2  -0.0008199259760525764  2.1393674230113773e-05
67.25  -0.0008199373252192104  2.139113216617465e-05
67.3  -0.0008199486106100373  2.138863445038785e-05
67.35000000000001  -0.0008199598362484972  2.1386174950387376e-05
67.4  -0.0008199710057706307  2.1383744891983092e-05
67.45  -0.0008199821222168452  2.138133336118198e-05
67.5  -0.0008199931878617295  2.1378927917375598e-05
67.55  -0.0008200042041053384  2.1376515306360875e-05
67.60000000000001  -0.0008200151714099445  2.1374082217911518e-05
67.65  -0.0008200260892898835  2.1371616061787693e-05
67.7  -0.0008200369563789431  2.1369105689876262e-05
67.75  -0.0008200477705283632  2.1366542079502256e-05
67.8  -0.0008200585289666042  2.136391885347469e-05
67.85000000000001  -0.0008200692284833462  2.1361232678296566e-05
67.9  -0.0008200798656448701  2.1358483477017178e-05
67.95  -0.0008200904370100404  2.135567444165663e-05
68.0  -0.0008201009393544582  2.135281185703449e-05
68.05  -0.0008201113698683626  2.1349904738429508e-05
68.10000000000001  -0.0008201217263321291  2.134696428766848e-05
68.15  -0.0008201320072502239  2.1344003240739563e-05
68.2  -0.0008201422119437265  2.134103508702977e-05
68.25  -0.0008201523405776259  2.13380732811718e-05
68.3  -0.0008201623941569333  2.1335130411805634e-05
68.35000000000001  -0.0008201723744624636  2.1332217446348787e-05
68.4  -0.0008201822839554731  2.1329343043568105e-05
68.45  -0.0008201921256390994  2.1326513019412005e-05
68.5  -0.0008202019029072297  2.1323729971715194e-05
68.55  -0.0008202116193717064  2.1320993104327743e-05
68.60000000000001  -0.0008202212786867681  2.131829825060183e-05
68.65  -0.000820230884363556  2.1315638110549367e-05
68.7  -0.0008202404395993649  2.1313002675968948e-05
68.75  -0.0008202499471232913  2.131037981414289e-05
68.8  -0.0008202594090629218  2.1307756010332927e-05
68.85000000000001  -0.0008202688268430698  2.130511717261677e-05
68.9  -0.0008202782011125653  2.1302449466655796e-05
68.95  -0.0008202875317275854  2.1299740156279163e-05
69.0  -0.0008202968177525413  2.1296978362763492e-05
69.05  -0.0008203060575255399  2.1294155697723638e-05
69.10000000000001  -0.0008203152487542219  2.1291266780925147e-05
69.15  -0.0008203243886491937  2.1288309533968285e-05
69.2  -0.0008203334741002827  2.1285285296006014e-05
69.25  -0.00082034250186668  2.128219874120076e-05
69.3  -0.0008203514687778638  2.1279057574613396e-05
69.35000000000001  -0.0008203603719431478  2.127587207561611e-05
69.4  -0.0008203692089563397  2.1272654469115426e-05
69.45  -0.0008203779780699372  2.1269418208523017e-05
69.5  -0.0008203866783333255  2.12661771703392e-05
69.55  -0.0008203953096973157  2.1262944847778766e-05
69.60000000000001  -0.0008204038730604511  2.125973355382991e-05
69.65  -0.0008204123702574872  2.125655370719911e-05
69.7  -0.0008204208039898422  2.1253413227009734e-05
69.75  -0.0008204291777028385  2.1250317082418917e-05
69.8  -0.0008204374954033918  2.1247267000639434e-05
69.85000000000001  -0.0008204457614458109  2.124426138054396e-05
69.9  -0.000820453980278138  2.1241295404656976e-05
69.95  -0.0008204621561790477  2.12383613035933e-05
70.0  -0.0008204702930025875  2.1235448835614816e-05
70.05  -0.0008204783939317143  2.123254587249482e-05
70.10000000000001  -0.0008204864612815809  2.1229639115269818e-05
70.15  -0.0008204944963581144  2.1226714863739008e-05
70.2  -0.0008205024993730232  2.1223759818593145e-05
70.25  -0.0008205104694347636  2.1220761850520567e-05
70.3  -0.0008205184046262607  2.121771071138712e-05
70.35000000000001  -0.0008205263021303668  2.1214598616692108e-05
70.4  -0.0008205341584399603  2.1211420715050184e-05
70.45  -0.0008205419696027482  2.1208175364416447e-05
70.5  -0.0008205497314955454  2.1204864240715595e-05
70.55  -0.0008205574401266239  2.120149224860775e-05
70.60000000000001  -0.0008205650919012253  2.119806725368108e-05
70.65  -0.0008205726838801455  2.119459964195999e-05
70.7  -0.0008205802139845212  2.119110172929149e-05
70.75  -0.0008205876811480619  2.1187587048561982e-05
70.8  -0.0008205950853847337  2.118406957219137e-05
70.85000000000001  -0.0008206024278042874  2.1180562885351052e-05
70.9  -0.0008206097105432193  2.11770793876676e-05
70.95  -0.000820616936636366  2.117362956090827e-05
71.0  -0.0008206241098344641  2.117022132807592e-05
71.05  -0.0008206312343778647  2.116685958330458e-05
71.10000000000001  -0.0008206383147406329  2.1163545875440485e-05
71.15  -0.0008206453553782995  2.1160278304956657e-05
71.2  -0.0008206523604594491  2.115705162812284e-05
71.25  -0.0008206593336381556  2.115385755371011e-05
71.3  -0.000820666277845377  2.1150685229004993e-05
71.35000000000001  -0.0008206731951470338  2.114752188735506e-05
71.4  -0.0008206800866369788  2.1144353618970978e-05
71.45  -0.0008206869524135246  2.114116622121433e-05
71.5  -0.0008206937916026766  2.1137946047571836e-05
71.55  -0.0008207006024462671  2.113468086872123e-05
71.60000000000001  -0.000820707382444487  2.1131360633109718e-05
71.65  -0.0008207141285313028  2.1127978094033517e-05
71.7  -0.0008207208372999205  2.1124529292791748e-05
71.75  -0.0008207275052103575  2.112101381757938e-05
71.8  -0.0008207341288405066  2.1117434869117138e-05
71.85000000000001  -0.0008207407050705688  2.1113799082712664e-05
71.9  -0.0008207472312892312  2.1110116162135865e-05
71.95  -0.0008207537055398401  2.1106398302446158e-05
72.0  -0.0008207601266246353  2.1102659470908494e-05
72.05  -0.0008207664941723028  2.109891456098618e-05
72.10000000000001  -0.0008207728086372903  2.1095178490204225e-05
72.15  -0.0008207790712775078  2.1091465290631753e-05
72.2  -0.0008207852840723521  2.1087787247822958e-05
72.25  -0.0008207914496146375  2.108415414499678e-05
72.3  -0.0008207975709686216  2.1080572666949378e-05
72.35000000000001  -0.000820803651515376  2.1077045985094735e-05
72.4  -0.0008208096947778105  2.1073573577993186e-05
72.45  -0.0008208157042475258  2.1070151261970383e-05
72.5  -0.0008208216832141491  2.1066771477477636e-05
72.55  -0.0008208276346036337  2.1063423749785137e-05
72.60000000000001  -0.0008208335608314931  2.1060095349654325e-05
72.65  -0.0008208394636968703  2.1056772082103095e-05
72.7  -0.0008208453442933841  2.105343916256378e-05
72.75  -0.0008208512029753664  2.1050082105778553e-05
72.8  -0.0008208570393394199  2.1046687628842472e-05
72.85000000000001  -0.0008208628522690539  2.1043244437687967e-05
72.9  -0.0008208686400001087  2.1039743913288974e-05
72.95  -0.0008208744002228951  2.1036180629195188e-05
73.0  -0.0008208801302083669  2.1032552656783548e-05
73.05  -0.0008208858269704568  2.102886167560888e-05
73.10000000000001  -0.0008208914874330575  2.102511284025649e-05
73.15  -0.0008208971086176149  2.1021314457567272e-05
73.2  -0.0008209026878226311  2.1017477468019677e-05
73.25  -0.0008209082227989344  2.101361476976847e-05
73.3  -0.000820913711906711  2.1009740439457145e-05
73.35000000000001  -0.0008209191542401269  2.1005868895340382e-05
73.4  -0.0008209245497132737  2.100201402109624e-05
73.45  -0.0008209298991028224  2.0998188362316675e-05
73.5  -0.0008209352040446077  2.099440238708826e-05
73.55  -0.0008209404669642717  2.0990663888141104e-05
73.60000000000001  -0.0008209456909660387  2.09869775437859e-05
73.65  -0.0008209508796870029  2.098334465299508e-05
73.7  -0.0008209560370980018  2.097976308267958e-05
73.75  -0.0008209611672878532  2.0976227416609548e-05
73.8  -0.0008209662742348616  2.0972729285152086e-05
73.85000000000001  -0.0008209713615745356  2.0969257877068897e-05
73.9  -0.000820976432387654  2.0965800575077436e-05
73.95  -0.0008209814890232446  2.0962343713912712e-05
74.0  -0.0008209865329616091  2.0958873365937688e-05
74.05  -0.0008209915647222557  2.0955376173656262e-05
74.10000000000001  -0.0008209965838519096  2.09518401267587e-05
74.15  -0.0008210015889582184  2.0948255258551184e-05
74.2  -0.0008210065778056244  2.0944614242368836e-05
74.25  -0.0008210115474747341  2.0940912806297345e-05
74.3  -0.0008210164945415511  2.093715000343985e-05
74.35000000000001  -0.0008210214153204512  2.0933328262730255e-05
74.4  -0.0008210263061015726  2.0929453250825803e-05
74.45  -0.0008210311633999406  2.092553354627268e-05
74.5  -0.0008210359841888237  2.0921580141214824e-05
74.55  -0.0008210407661002564  2.0917605788453434e-05
74.60000000000001  -0.0008210455075959563  2.091362425210824e-05
74.65  -0.0008210502080708992  2.0909649494403625e-05
74.7  -0.0008210548679096038  2.090569484122437e-05
74.75  -0.0008210594884732339  2.090177219290731e-05
74.8  -0.0008210640720223817  2.0897891308632992e-05
74.85000000000001  -0.0008210686215758378  2.089405921448014e-05
74.9  -0.0008210731407377762  2.0890279773096913e-05
74.95  -0.0008210776334623777  2.0886553445800056e-05
75.0  -0.0008210821038300551  2.0882877236967374e-05
75.05  -0.0008210865557916652  2.087924486872915e-05
75.10000000000001  -0.0008210909929450296  2.0875647135466043e-05
75.15  -0.0008210954183199796  2.087207245634389e-05
75.2  -0.0008210998342183041  2.08685075494988e-05
75.25  -0.0008211042420847242  2.0864938239679304e-05
75.3  -0.0008211086424363849  2.0861350306056897e-05
75.35000000000001  -0.0008211130348520156  2.0857730347269526e-05
75.4  -0.0008211174180076878  2.0854066584047467e-05
75.45  -0.0008211217897681114  2.0850349586069286e-05
75.5  -0.0008211261473148458  2.0846572833938307e-05
75.55  -0.0008211304873181909  2.0842733112362457e-05
75.60000000000001  -0.0008211348061326767  2.083883071703934e-05
75.65  -0.0008211391000044125  2.0834869430618494e-05
75.7  -0.0008211433652964882  2.0830856298284886e-05
75.75  -0.000821147598682399  2.0826801190607504e-05
75.8  -0.0008211517973384426  2.082271620988446e-05
75.85000000000001  -0.0008211559590958448  2.0818614964507082e-05
75.9  -0.0008211600825708675  2.0814511741104645e-05
75.95  -0.0008211641672312694  2.0810420644242216e-05
76.0  -0.000821168213444289  2.0806354761031915e-05
76.05  -0.0008211722224423226  2.0802325376361374e-05
76.10000000000001  -0.0008211761962591198  2.079834130595023e-05
76.15  -0.0008211801376078483  2.0794408387145584e-05
76.2  -0.0008211840497369534  2.0790529132893882e-05
76.25  -0.0008211879362255657  2.0786702622300037e-05
76.3  -0.0008211918007788646  2.0782924547128314e-05
76.35000000000001  -0.0008211956469951779  2.077918750667605e-05
76.4  -0.0008211994781503988  2.077548144547171e-05
76.45  -0.0008212032969864537  2.0771794275975118e-05
76.5  -0.0008212071055281144  2.076811258868458e-05
76.55  -0.0008212109049496921  2.0764422454998114e-05
76.60000000000001  -0.0008212146954736126  2.0760710242446762e-05
76.65  -0.000821218476342167  2.075696343683056e-05
76.7  -0.0008212222458428907  2.075317134497595e-05
76.75  -0.0008212260013897805  2.074932573846997e-05
76.80000000000001  -0.0008212297396696524  2.074542132373834e-05
76.85000000000001  -0.0008212334568321881  2.0741456030389026e-05
76.9  -0.0008212371487196699  2.073743112824655e-05
76.95  -0.0008212408111038435  2.0733351146658943e-05
77.0  -0.0008212444399626821  2.072922359098214e-05
77.05000000000001  -0.0008212480317074021  2.0725058502089975e-05
77.10000000000001  -0.0008212515834106233  2.0720867878411937e-05
77.15  -0.0008212550929897212  2.0716664957356914e-05
77.2  -0.00082125855932673  2.0712463446825608e-05
77.25  -0.0008212619823471506  2.070827672474699e-05
77.30000000000001  -0.0008212653630140263  2.0704117049405186e-05
77.35000000000001  -0.0008212687032710954  2.0699994837155146e-05
77.4  -0.0008212720059178175  2.0695918042645855e-05
77.45  -0.0008212752744288404  2.0691891681682683e-05
77.5  -0.0008212785127342824  2.068791752871243e-05
77.55000000000001  -0.0008212817249746972  2.0683994004093518e-05
77.60000000000001  -0.0008212849152402393  2.0680116247474888e-05
77.65  -0.0008212880873050393  2.0676276402973605e-05
77.7  -0.0008212912444039417  2.0672464065073486e-05
77.75  -0.0008212943890260364  2.066866688876269e-05
77.80000000000001  -0.0008212975227581014  2.066487130969008e-05
77.85000000000001  -0.0008213006462002791  2.066106334753777e-05
77.9  -0.0008213037589361547  2.0657229436634827e-05
77.95  -0.0008213068595808413  2.065335722689339e-05
78.0  -0.0008213099458794035  2.064943633508869e-05
78.05000000000001  -0.0008213130148641422  2.0645458968148876e-05
78.10000000000001  -0.0008213160630431589  2.0641420411996185e-05
78.15  -0.0008213190866426609  2.0637319318284053e-05
78.2  -0.000821322081833783  2.0633157808371233e-05
78.25  -0.0008213250449642835  2.0628941363728037e-05
78.30000000000001  -0.0008213279727889799  2.062467851555289e-05
78.35000000000001  -0.0008213308626509811  2.0620380325579247e-05
78.4  -0.0008213337126363419  2.061605975023481e-05
78.45  -0.0008213365216796853  2.061173085036972e-05
78.5  -0.0008213392896135432  2.0607407945691294e-05
78.55000000000001  -0.0008213420171628897  2.0603104742523905e-05
78.60000000000001  -0.0008213447058953733  2.059883349970397e-05
78.65  -0.000821347358121889  2.0594604285362173e-05
78.7  -0.0008213499767516696  2.0590424348460035e-05
78.75  -0.0008213525651338604  2.058629767424892e-05
78.80000000000001  -0.0008213551268642662  2.058222473700624e-05
78.85000000000001  -0.0008213576655935938  2.0578202468191564e-05
78.9  -0.0008213601848273917  2.057422443709899e-05
78.95  -0.0008213626877431124  2.0570281252825636e-05
79.0  -0.0008213651770316397  2.056636112602705e-05
79.05000000000001  -0.0008213676547482291  2.056245058262992e-05
79.10000000000001  -0.0008213701222136783  2.055853529309669e-05
79.15  -0.0008213725799662649  2.0554600923440884e-05
79.2  -0.0008213750277258523  2.0550634006551616e-05
79.25  -0.0008213774644293351  2.054662274960685e-05
79.30000000000001  -0.0008213798883040628  2.0542557732088074e-05
79.35000000000001  -0.0008213822969616408  2.0538432464687717e-05
79.4  -0.000821384687548946  2.053424377382936e-05
79.45  -0.0008213870569023909  2.0529991960998185e-05
79.5  -0.0008213894017226951  2.0525680783843982e-05
79.55000000000001  -0.0008213917187731513  2.052131721164965e-05
79.60000000000001  -0.000821394005051058  2.0516910990712165e-05
79.65  -0.0008213962579777242  2.05124740440502e-05
79.7  -0.0008213984755583345  2.050801976342313e-05
79.75  -0.0008214006564974046  2.0503562191736364e-05
79.80000000000001  -0.0008214028003191114  2.0499115198452443e-05
79.85000000000001  -0.0008214049074009723  2.0494691655514354e-05
79.9  -0.0008214069789946424  2.0490302687686725e-05
79.95  -0.0008214090171755541  2.0485957024530795e-05
80.0  -0.0008214110247564448  2.0481660503495467e-05
80.05000000000001  -0.0008214130051466716  2.0477415745947082e-05
80.10000000000001  -0.000821414962175255  2.0473222025499133e-05
80.15  -0.0008214168998763495  2.0469075330612906e-05
80.2  -0.0008214188222621247  2.0464968617926412e-05
80.25  -0.0008214207330807595  2.0460892232561628e-05
80.30000000000001  -0.0008214226355951803  2.045683450292799e-05
80.35000000000001  -0.0008214245323634721  2.0452782415759474e-05
80.4  -0.0008214264250864374  2.044872238769085e-05
80.45  -0.0008214283144832362  2.04446410642002e-05
80.5  -0.0008214302002372238  2.0440526096840287e-05
80.55000000000001  -0.0008214320810072606  2.0436366861291324e-05
80.60000000000001  -0.0008214339545051497  2.0432155082169678e-05
80.65  -0.0008214358176430044  2.042788532247478e-05
80.7  -0.0008214376667235836  2.0423555297196237e-05
80.75  -0.0008214394976922054  2.0419166031257247e-05
80.80000000000001  -0.000821441306400259  2.0414721801304556e-05
80.85000000000001  -0.0008214430888819226  2.041022991155529e-05
80.9  -0.0008214448416269042  2.0405700276010714e-05
80.95  -0.0008214465618175935  2.040114485653895e-05
81.0  -0.0008214482475241605  2.0396576962757734e-05
81.05000000000001  -0.000821449897845033  2.0392010483173402e-05
81.10000000000001  -0.0008214515129648791  2.0387459082470572e-05
81.15  -0.0008214530941569181  2.0382935368100136e-05
81.2  -0.0008214546437104296  2.0378450159996776e-05
81.25  -0.0008214561647774592  2.037401183455198e-05
81.30000000000001  -0.0008214576611774425  2.0369625805597238e-05
81.35000000000001  -0.0008214591371502192  2.036529420109594e-05
81.4  -0.0008214605970965815  2.0361015707076255e-05
81.45  -0.0008214620452923339  2.0356785633610054e-05
81.5  -0.0008214634856361774  2.0352596182377728e-05
81.55000000000001  -0.0008214649214060762  2.034843690032278e-05
81.60000000000001  -0.0008214663550740622  2.0344295298096353e-05
81.65  -0.0008214677881767517  2.0340157599359004e-05
81.7  -0.0008214692212342339  2.0336009566759958e-05
81.75  -0.000821470653753528  2.0331837377534452e-05
81.80000000000001  -0.0008214720842895328  2.0327628453196923e-05
81.85000000000001  -0.0008214735105596834  2.0323372250371954e-05
81.9  -0.0008214749296077492  2.0319060911746763e-05
81.95  -0.0008214763380212606  2.0314689766263213e-05
82.0  -0.0008214777321485844  2.031025763407591e-05
82.05000000000001  -0.0008214791083370663  2.0305766929272127e-05
82.10000000000001  -0.000821480463164401  2.0301223527309205e-05
82.15  -0.0008214817936479172  2.029663642015621e-05
82.2  -0.0008214830974196768  2.0292017187210193e-05
82.25  -0.0008214843728533277  2.0287379302918302e-05
82.30000000000001  -0.0008214856191548556  2.028273729665444e-05
82.35000000000001  -0.0008214868363879536  2.0278105888683982e-05
82.4  -0.0008214880254618713  2.027349907778714e-05
82.45  -0.000821489188059938  2.0268929289848784e-05
82.5  -0.0008214903265417879  2.0264406610115784e-05
82.55000000000001  -0.0008214914438012059  2.0259938180999587e-05
82.60000000000001  -0.0008214925431057202  2.0255527752435776e-05
82.65  -0.0008214936279190894  2.0251175471242455e-05
82.7  -0.0008214947017189311  2.024687787239416e-05
82.75  -0.0008214957678153668  2.0242628107559196e-05
82.80000000000001  -0.0008214968291845019  2.0238416369366616e-05
82.85000000000001  -0.0008214978883260882  2.0234230497118838e-05
82.9  -0.0008214989471427871  2.0230056735707808e-05
82.95  -0.0008215000068527812  2.0225880571270215e-05
83.0  -0.0008215010679330337  2.0221687624411358e-05
83.05000000000001  -0.0008215021301095766  2.0217464508066343e-05
83.10000000000001  -0.0008215031923706313  2.0213199626783573e-05
83.15  -0.000821504253023787  2.0208883871116455e-05
83.2  -0.000821505309802635  2.020451113290164e-05
83.25  -0.0008215063599821515  2.020007867190813e-05
83.30000000000001  -0.0008215074005406159  2.0195587244160938e-05
83.35000000000001  -0.0008215084283372825  2.019104103717932e-05
83.4  -0.0008215094402877295  2.0186447399168656e-05
83.45  -0.0008215104335598416  2.018181638694988e-05
83.5  -0.0008215114057393926  2.0177160144145686e-05
83.55000000000001  -0.0008215123549855066  2.017249215301067e-05
83.60000000000001  -0.0008215132801581495  2.016782644323077e-05
83.65  -0.0008215141808981669  2.0163176724969528e-05
83.7  -0.0008215150576841199  2.0158555602871157e-05
83.75  -0.0008215159118245983  2.0153973801424448e-05
83.80000000000001  -0.0008215167454155051  2.0149439555743162e-05
83.85000000000001  -0.0008215175612446406  2.014495811559862e-05
83.9  -0.0008215183626594334  2.014053145127663e-05
83.95  -0.0008215191533969146  2.013615813112866e-05
84.0  -0.0008215199373757514  2.0131833416563464e-05
84.05000000000001  -0.0008215207184762438  2.0127549544286588e-05
84.10000000000001  -0.0008215215003130178  2.0123296175545823e-05
84.15  -0.0008215222860208985  2.0119060998404327e-05
84.2  -0.0008215230780551399  2.0114830467874703e-05
84.25  -0.0008215238780358902  2.0110590574041e-05
84.30000000000001  -0.0008215246866471829  2.0106327685323307e-05
84.35000000000001  -0.0008215255035870823  2.0102029337689753e-05
84.4  -0.0008215263275834557  2.0097684971187146e-05
84.45  -0.0008215271564752594  2.0093286549241365e-05
84.5  -0.0008215279873501644  2.0088829025867948e-05
84.55000000000001  -0.0008215288167296113  2.008431065402916e-05
84.60000000000001  -0.000821529640806398  2.007973307964711e-05
84.65  -0.0008215304556816323  2.0075101248446733e-05
84.7  -0.0008215312576295252  2.0070423119252596e-05
84.75  -0.0008215320433429944  2.0065709211034293e-05
84.80000000000001  -0.0008215328101565714  2.0060971990074712e-05
84.85000000000001  -0.0008215335562209762  2.0056225137379292e-05
84.9  -0.0008215342806264133  2.005148275634563e-05
84.95  -0.000821534983467727  2.004675852994146e-05
85.0  -0.0008215356658472584  2.0042064911508957e-05
85.05000000000001  -0.0008215363298013504  2.003741238236858e-05
85.10000000000001  -0.0008215369781767038  2.0032808803927492e-05
85.15  -0.0008215376144514096  2.0028258953635612e-05
85.2  -0.0008215382425189351  2.002376420462003e-05
85.25  -0.0008215388664424125  2.0019322441144883e-05
85.30000000000001  -0.0008215394902068736  2.001492816420061e-05
85.35000000000001  -0.0008215401174664597  2.0010572808853186e-05
85.4  -0.0008215407513230961  2.000624523865592e-05
85.45  -0.0008215413941404529  2.0001932406244838e-05
85.5  -0.000821542047396965  1.9997620139476234e-05
85.55000000000001  -0.0008215427116034029  1.9993293980034702e-05
85.60000000000001  -0.0008215433862848452  1.9988940065691278e-05
85.65  -0.0008215440700166374  1.9984545964144246e-05
85.7  -0.0008215447605223892  1.9980101429284522e-05
85.75  -0.000821545454821035  1.9975599038867323e-05
85.80000000000001  -0.0008215461494187917  1.9971034640641296e-05
85.85000000000001  -0.0008215468405244513  1.996640762040667e-05
85.9  -0.0008215475242703823  1.9961720947959624e-05
85.95  -0.0008215481969471007  1.995698099390168e-05
86.0  -0.0008215488552037007  1.9952197161199098e-05
86.05000000000001  -0.0008215494962448744  1.9947381312293458e-05
86.10000000000001  -0.0008215501179750543  1.99425470646231e-05
86.15  -0.000821550719109965  1.9937708962182942e-05
86.2  -0.000821551299234865  1.9932881608556515e-05
86.25  -0.0008215518588131356  1.9928078776815586e-05
86.30000000000001  -0.0008215523991505587  1.9923312598485324e-05
86.35000000000001  -0.0008215529223044948  1.991859281139834e-05
86.4  -0.0008215534309434782  1.9913926200241052e-05
86.45  -0.0008215539281972105  1.9909316198270612e-05
86.5  -0.0008215544174569421  1.990476267946695e-05
86.55000000000001  -0.0008215549021824717  1.9900262003617582e-05
86.60000000000001  -0.0008215553856949896  1.9895807243672323e-05
86.65  -0.0008215558709790005  1.989138862686817e-05
86.7  -0.0008215563605099019  1.9886994152065675e-05
86.75  -0.0008215568560935722  1.9882610319099225e-05
86.80000000000001  -0.0008215573587638869  1.9878222965112168e-05
86.85000000000001  -0.0008215578687004288  1.9873818113206308e-05
86.9  -0.000821558385213731  1.9869382820193455e-05
86.95  -0.0008215589067618546  1.9864905957648607e-05
87.0  -0.0008215594310289968  1.9860378860786293e-05
87.05000000000001  -0.0008215599550485022  1.985579584584088e-05
87.10000000000001  -0.0008215604753600396  1.9851154533508477e-05
87.15  -0.0008215609881957888  1.984645598223007e-05
87.2  -0.0008215614896886803  1.9841704610011873e-05
87.25  -0.0008215619760926031  1.9836907921376716e-05
87.30000000000001  -0.0008215624439909065  1.9832076056112806e-05
87.35000000000001  -0.0008215628905027943  1.98272211807143e-05
87.4  -0.0008215633134493277  1.982235676683435e-05
87.45  -0.00082156371148871  1.9817496798849228e-05
87.5  -0.0008215640842048059  1.981265495222095e-05
87.55000000000001  -0.0008215644321308912  1.9807843790895278e-05
87.60000000000001  -0.0008215647567241461  1.9803074046975894e-05
87.65  -0.0008215650602853233  1.9798353990405472e-05
87.7  -0.0008215653458092263  1.9793688956050784e-05
87.75  -0.0008215656168025367  1.9789081037363543e-05
87.80000000000001  -0.0008215658770604138  1.9784528959249027e-05
87.85000000000001  -0.0008215661304302144  1.978002816439622e-05
87.9  -0.0008215663805656305  1.9775571070882944e-05
87.95  -0.0008215666306915652  1.9771147514650693e-05
88.0  -0.0008215668834101921  1.9766745337518646e-05
88.05000000000001  -0.0008215671405372455  1.976235110961121e-05
88.10000000000001  -0.0008215674029844501  1.975795091796234e-05
88.15  -0.0008215676707141343  1.97535311733983e-05
88.2  -0.0008215679427451233  1.9749079428720115e-05
88.25  -0.0008215682172158901  1.97445851106788e-05
88.30000000000001  -0.0008215684915070493  1.9740040152799675e-05
88.35000000000001  -0.0008215687624011761  1.9735439482306775e-05
88.4  -0.0008215690262876865  1.9730781335487876e-05
88.45  -0.000821569279382889  1.9726067364677496e-05
88.5  -0.0008215695179618304  1.9721302556085975e-05
88.55000000000001  -0.0008215697385819021  1.9716494945848763e-05
88.60000000000001  -0.0008215699382942022  1.97116551398142e-05
88.65  -0.0008215701148198451  1.970679569947948e-05
88.7  -0.0008215702666841312  1.9701930382628368e-05
88.75  -0.0008215703932946808  1.9697073326391452e-05
88.80000000000001  -0.0008215704949716615  1.9692238197874484e-05
88.85000000000001  -0.0008215705729287952  1.9687437376004775e-05
88.9  -0.0008215706291911444  1.968268120070341e-05
88.95  -0.000821570666469631  1.9677977354911474e-05
89.0  -0.0008215706880027084  1.967333039226628e-05
89.05000000000001  -0.0008215706973651391  1.966874146427976e-05
89.10000000000001  -0.0008215706982607703  1.9664208238480787e-05
89.15  -0.0008215706943116625  1.9659725049798408e-05
89.2  -0.0008215706888578178  1.9655283222482726e-05
89.25  -0.0008215706847682459  1.9650871604393982e-05
89.30000000000001  -0.0008215706842882431  1.9646477237917487e-05
89.35000000000001  -0.0008215706889145139  1.964208613232084e-05
89.4  -0.0008215706993303744  1.9637684121280976e-05
89.45  -0.0008215707153528212  1.9633257721374318e-05
89.5  -0.0008215707359730978  1.962879494225888e-05
89.55000000000001  -0.0008215707594048508  1.962428602561171e-05
89.60000000000001  -0.000821570783195319  1.9619724025871175e-05
89.65  -0.0008215708043625332  1.96151052331532e-05
89.7  -0.0008215708195703422  1.9610429384691415e-05
89.75  -0.0008215708253192053  1.960569967818953e-05
89.80000000000001  -0.0008215708181561772  1.960092256828559e-05
89.85000000000001  -0.0008215707948708448  1.9596107364963796e-05
89.9  -0.0008215707526826512  1.9591265663379217e-05
89.95  -0.000821570689406894  1.9586410631868174e-05
90.0  -0.0008215706035867858  1.958155621506767e-05
90.05000000000001  -0.0008215704945850162  1.957671629482748e-05
90.10000000000001  -0.0008215703626317809  1.9571903847307782e-05
90.15  -0.0008215702088266442  1.956713017935998e-05
90.2  -0.0008215700350851898  1.9562404269987265e-05
90.25  -0.0008215698440579971  1.9557732239144443e-05
90.30000000000001  -0.0008215696389906565  1.955311701616418e-05
90.35000000000001  -0.0008215694235519666  1.9548558178522158e-05
90.4  -0.0008215692016328617  1.954405199622051e-05
90.45  -0.0008215689771308197  1.9539591682812287e-05
90.5  -0.0008215687537269997  1.95351678028892e-05
90.55000000000001  -0.0008215685346479476  1.9530768840642326e-05
90.60000000000001  -0.0008215683224758236  1.952638188924957e-05
90.65  -0.0008215681189746032  1.9521993411265458e-05
90.7  -0.0008215679249614093  1.9517590027577723e-05
90.75  -0.0008215677402332424  1.951315930874217e-05
90.80000000000001  -0.000821567563556513  1.950869050081972e-05
90.85000000000001  -0.0008215673927337875  1.950417514759797e-05
90.9  -0.0008215672247132492  1.9499607593534375e-05
90.95  -0.000821567055771544  1.9494985302868266e-05
91.0  -0.000821566881748027  1.949030903847205e-05
91.05000000000001  -0.0008215666983027474  1.9485582795464524e-05
91.10000000000001  -0.0008215665011938924  1.9480813603003325e-05
91.15  -0.0008215662865597276  1.9476011115867275e-05
91.2  -0.0008215660511827245  1.9471187060369653e-05
91.25  -0.0008215657926915965  1.946635457116604e-05
91.30000000000001  -0.000821565509743612  1.9461527411709272e-05
91.35000000000001  -0.0008215652021210009  1.9456719197421613e-05
91.4  -0.0008215648707449716  1.94519425803937e-05
91.45  -0.0008215645176317771  1.9447208508402403e-05
91.5  -0.0008215641457622946  1.9442525576539044e-05
91.55000000000001  -0.000821563758882451  1.943789950742175e-05
91.60000000000001  -0.0008215633612515238  1.9433332796772035e-05
91.65  -0.0008215629573661667  1.9428824550101853e-05
91.7  -0.0008215625516617232  1.9424370517489827e-05
91.75  -0.0008215621482234179  1.941996332771698e-05
91.80000000000001  -0.0008215617505190127  1.9415592914582397e-05
91.85000000000001  -0.0008215613611916998  1.9411247100092118e-05
91.9  -0.0008215609818929832  1.9406912309276434e-05
91.95  -0.0008215606132032004  1.940257437403495e-05
92.0  -0.000821560254615186  1.9398219380119762e-05
92.05000000000001  -0.0008215599045919622  1.9393834488484968e-05
92.10000000000001  -0.000821559560676643  1.9389408693896732e-05
92.15  -0.0008215592196821437  1.938493349842559e-05
92.2  -0.0008215588779055408  1.9380403418208826e-05
92.25  -0.0008215585313580636  1.9375816318948605e-05
92.30000000000001  -0.0008215581760298078  1.9371173564480945e-05
92.35000000000001  -0.0008215578081184994  1.936647994231445e-05
92.4  -0.0008215574242700667  1.9361743399751554e-05
92.45  -0.0008215570217521413  1.935697455980514e-05
92.5  -0.0008215565986097312  1.9352186094461605e-05
92.55000000000001  -0.0008215561537533903  1.934739196176715e-05
92.60000000000001  -0.0008215556870038359  1.9342606547552302e-05
92.65  -0.0008215551990724904  1.933784378609733e-05
92.7  -0.0008215546915011881  1.933311630239454e-05
92.75  -0.0008215541665539271  1.9328434632949845e-05
92.80000000000001  -0.0008215536270593722  1.9323806580660136e-05
92.85000000000001  -0.0008215530762527261  1.931923671941757e-05
92.9  -0.0008215525175750933  1.931472612478084e-05
92.95  -0.0008215519544925927  1.931027229185175e-05
93.0  -0.0008215513902921418  1.930586928233205e-05
93.05000000000001  -0.0008215508279388028  1.9301508079390297e-05
93.10000000000001  -0.0008215502699066686  1.9297177125880195e-05
93.15  -0.000821549718063585  1.9292863025526658e-05
93.2  -0.0008215491735942865  1.9288551336446884e-05
93.25  -0.0008215486369462879  1.9284227450307016e-05
93.30000000000001  -0.0008215481078032936  1.927987746546398e-05
93.35000000000001  -0.0008215475851130312  1.9275489024639706e-05
93.4  -0.0008215470671359179  1.9271052060540516e-05
93.45  -0.0008215465515397427  1.9266559391681185e-05
93.5  -0.0008215460355207247  1.926200714744944e-05
93.55000000000001  -0.0008215455159504395  1.9257394996604065e-05
93.60000000000001  -0.0008215449895561253  1.9252726146936727e-05
93.65  -0.000821544453094316  1.9248007144341138e-05
93.7  -0.0008215439035543169  1.9243247457715186e-05
93.75  -0.0008215433383344533  1.9238458882214434e-05
93.80000000000001  -0.0008215427554030291  1.9233654826808673e-05
93.85000000000001  -0.0008215421534325508  1.9228849464487832e-05
93.9  -0.000821541531900797  1.9224056885728093e-05
93.95  -0.0008215408911390656  1.9219290230320144e-05
94.0  -0.0008215402323373387  1.9214560906804872e-05
94.05000000000001  -0.000821539557487099  1.9209877899853357e-05
94.10000000000001  -0.0008215388692937747  1.920524725615197e-05
94.15  -0.0008215381710266138  1.9200671721334188e-05
94.2  -0.0008215374663466782  1.919615060950921e-05
94.25  -0.00082153675909821  1.9191679840800408e-05
94.30000000000001  -0.0008215360530859703  1.918725219837822e-05
94.35000000000001  -0.0008215353518574168  1.9182857763829766e-05
94.4  -0.0008215346584801839  1.9178484506924176e-05
94.45  -0.000821533975360137  1.917411899924693e-05
94.5  -0.0008215333040819508  1.916974720226781e-05
94.55000000000001  -0.0008215326453094641  1.916535529638435e-05
94.60000000000001  -0.0008215319987303301  1.916093048816964e-05
94.65  -0.000821531363082405  1.915646176670646e-05
94.7  -0.0008215307362220781  1.915194053869187e-05
94.75  -0.0008215301152610983  1.9147361137206685e-05
94.80000000000001  -0.0008215294967524924  1.9142721145364982e-05
94.85000000000001  -0.0008215288769148677  1.913802153792946e-05
94.9  -0.0008215282518759455  1.9133266609251773e-05
94.95  -0.0008215276179300866  1.9128463730612487e-05
95.0  -0.0008215269717782751  1.9123622904430632e-05
95.05000000000001  -0.000821526310746495  1.9118756178506248e-05
95.10000000000001  -0.0008215256329614423  1.911387694099743e-05
95.15  -0.0008215249374777074  1.910899913559641e-05
95.2  -0.0008215242243464032  1.910413644009895e-05
95.25  -0.0008215234946091956  1.9099301476962604e-05
95.30000000000001  -0.0008215227502401324  1.909450507018662e-05
95.35000000000001  -0.0008215219940282536  1.908975560256719e-05
95.4  -0.0008215212294014968  1.90850585300331e-05
95.45  -0.0008215204602233791  1.9080416048817997e-05
95.5  -0.0008215196905502539  1.90758269663009e-05
95.55000000000001  -0.000821518924383419  1.9071286752214266e-05
95.60000000000001  -0.0008215181654269999  1.90667878052944e-05
95.65  -0.000821517416860271  1.906231988796185e-05
95.7  -0.0008215166811445747  1.90578707244415e-05
95.75  -0.000821515959882335  1.9053426726326796e-05
95.80000000000001  -0.000821515253730142  1.9048973805730197e-05
95.85000000000001  -0.0008215145623635143  1.9044498221128378e-05
95.9  -0.0008215138845198568  1.9039987406503883e-05
95.95  -0.0008215132180852409  1.9035430742895274e-05
96.0  -0.0008215125602301666  1.903082021669617e-05
96.05000000000001  -0.0008215119075943115  1.9026150920353692e-05
96.10000000000001  -0.0008215112565099501  1.9021421373909648e-05
96.15  -0.000821510603205718  1.9016633638329478e-05
96.2  -0.0008215099440471829  1.9011793208216434e-05
96.25  -0.0008215092757380192  1.900690870726841e-05
96.30000000000001  -0.0008215085955114028  1.9001991378167862e-05
96.35000000000001  -0.0008215079012894326  1.8997054417652982e-05
96.4  -0.0008215071917809128  1.8992112198668986e-05
96.45  -0.0008215064665592844  1.898717939500204e-05
96.5  -0.0008215057260669269  1.8982270107479747e-05
96.55000000000001  -0.0008215049715802473  1.897739701487073e-05
96.60000000000001  -0.0008215042051219429  1.8972570598081826e-05
96.65  -0.000821503429339046  1.8967798516030475e-05
96.7  -0.0008215026473367672  1.8963085127026076e-05
96.75  -0.0008215018625027537  1.895843124067242e-05
96.80000000000001  -0.0008215010783060758  1.8953834067943773e-05
96.85000000000001  -0.0008215002980989351  1.8949287399439734e-05
96.9  -0.0008214995249195416  1.8944781992371587e-05
96.95  -0.0008214987613264373  1.894030615246867e-05
97.0  -0.00082149800924307  1.893584645566845e-05
97.05000000000001  -0.0008214972698540893  1.8931388578183545e-05
97.10000000000001  -0.0008214965435335336  1.8926918182140835e-05
97.15  -0.0008214958298156586  1.892242179256658e-05
97.2  -0.000821495127413432  1.8917887622685336e-05
97.25  -0.0008214944342925645  1.8913306291359205e-05
97.30000000000001  -0.0008214937477688764  1.890867138463028e-05
97.35000000000001  -0.000821493064659195  1.8903979841409526e-05
97.4  -0.0008214923814543817  1.8899232126759285e-05
97.45  -0.0008214916945177862  1.8894432196540586e-05
97.5  -0.0008214910002893563  1.888958726337965e-05
97.55000000000001  -0.0008214902954953392  1.888470734223691e-05
97.60000000000001  -0.0008214895773254593  1.8879804662756097e-05
97.65  -0.000821488843609441  1.887489292077833e-05
97.7  -0.0008214880929396012  1.8869986464142927e-05
97.75  -0.0008214873247724138  1.8865099441756116e-05
97.80000000000001  -0.0008214865394462759  1.886024495864429e-05
97.85000000000001  -0.0008214857381895544  1.8855434314504955e-05
97.9  -0.0008214849230451073  1.8850676332448323e-05
97.95  -0.0008214840967584342  1.884597684998835e-05
98.0  -0.000821483262628545  1.8841338401090154e-05
98.05000000000001  -0.0008214824243118493  1.883676005945173e-05
98.10000000000001  -0.0008214815856017187  1.883223752800463e-05
98.15  -0.0008214807502047088  1.882776339201303e-05
98.2  -0.0008214799215069484  1.8823327575705662e-05
98.25  -0.0008214791023675662  1.881891794449297e-05
98.30000000000001  -0.0008214782949344441  1.8814521019669492e-05
98.35000000000001  -0.0008214775005038915  1.8810122785583206e-05
98.4  -0.0008214767194264229  1.8805709506964567e-05
98.45  -0.0008214759510862704  1.8801268539961466e-05
98.5  -0.0008214751939319709  1.8796789075545424e-05
98.55000000000001  -0.0008214744455632591  1.8792262780792683e-05
98.60000000000001  -0.0008214737028835556  1.8787684281337358e-05
98.65  -0.0008214729622957466  1.878305148164997e-05
98.7  -0.0008214722199227182  1.877836569232148e-05
98.75  -0.000821471471853712  1.8773631557440816e-05
98.80000000000001  -0.0008214707143867578  1.876885678500596e-05
98.85000000000001  -0.0008214699442579726  1.876405169586124e-05
98.9  -0.0008214691588441909  1.875922862000349e-05
98.95  -0.0008214683563246704  1.8754401161235365e-05
99.0  -0.0008214675357850281  1.8749583394521256e-05
99.05000000000001  -0.0008214666972782756  1.8744789022886532e-05
99.10000000000001  -0.0008214658418074111  1.8740030567204963e-05
99.15  -0.0008214649712742765  1.8735318613181712e-05
99.2  -0.0008214640883504756  1.873066119032602e-05
99.25  -0.0008214631963102148  1.872606328889501e-05
99.30000000000001  -0.0008214622988444666  1.8721526565953247e-05
99.35000000000001  -0.0008214613998259782  1.8717049244966304e-05
99.4  -0.0008214605030825063  1.8712626235846538e-05
99.45  -0.000821459612172134  1.8708249425782855e-05
99.5  -0.0008214587301746623  1.8703908170529895e-05
99.55000000000001  -0.00082145785951965  1.869958992606487e-05
99.60000000000001  -0.0008214570018508084  1.8695281007433465e-05
99.65  -0.0008214561579387813  1.869096739288978e-05
99.7  -0.0008214553276496516  1.8686635570010646e-05
99.75  -0.0008214545099524153  1.8682273351717572e-05
99.80000000000001  -0.0008214537030022898  1.8677870595443322e-05
99.85000000000001  -0.0008214529042456166  1.8673419812398578e-05
99.9  -0.0008214521105702505  1.866891664065195e-05
99.95  -0.0008214513184933244  1.8664360084007475e-05
100.0  -0.0008214505243606692  1.8659752589540897e-05
100.05000000000001  -0.0008214497245624818  1.8655099886538077e-05
100.10000000000001  -0.0008214489157241851  1.8650410651570846e-05
100.15  -0.0008214480949114451  1.8645695985239786e-05
100.2  -0.0008214472597924048  1.8640968736512772e-05
100.25  -0.0008214464087698451  1.8636242734549734e-05
100.30000000000001  -0.0008214455410655044  1.863153196039226e-05
100.35000000000001  -0.0008214446567758507  1.8626849708560343e-05
100.4  -0.0008214437568645805  1.8622207784662888e-05
100.45  -0.0008214428430997867  1.861761580788826e-05
100.5  -0.0008214419179657095  1.8613080643912778e-05
100.55000000000001  -0.000821440984517885  1.8608605994250692e-05
100.60000000000001  -0.0008214400462085807  1.860419219200946e-05
100.65  -0.0008214391066956766  1.8599836193394803e-05
100.7  -0.0008214381696245035  1.859553176693197e-05
100.75  -0.0008214372384257335  1.859126987807636e-05
100.80000000000001  -0.0008214363161057087  1.8587039227476875e-05
100.85000000000001  -0.0008214354050626366  1.8582826933331983e-05
100.9  -0.0008214345069437368  1.8578619284807894e-05
100.95  -0.0008214336225277506  1.8574402559295078e-05
101.0  -0.0008214327516704996  1.8570163820189815e-05
101.05000000000001  -0.0008214318932948634  1.85658916783425e-05
101.10000000000001  -0.000821431045451754  1.8561576957909455e-05
101.15  -0.0008214302054231628  1.8557213220356727e-05
101.2  -0.0008214293698863891  1.8552797137632833e-05
101.25  -0.0008214285351085001  1.8548328672241834e-05
101.30000000000001  -0.0008214276971792838  1.8543811068384534e-05
101.35000000000001  -0.0008214268522480794  1.8539250650444336e-05
101.4  -0.0008214259967725033  1.8534656428721556e-05
101.45  -0.0008214251277337234  1.8530039565300797e-05
101.5  -0.0008214242428442101  1.852541269399717e-05
101.55000000000001  -0.0008214233406860856  1.8520789178557416e-05
101.60000000000001  -0.0008214224208202085  1.851618231356951e-05
101.65  -0.0008214214838190146  1.851160452079532e-05
101.7  -0.0008214205312431961  1.8507066628582606e-05
101.75  -0.0008214195655583973  1.850257722454539e-05
101.80000000000001  -0.0008214185899867379  1.849814213438644e-05
101.85000000000001  -0.0008214176083151888  1.8493764078607745e-05
101.9  -0.0008214166246687893  1.8489442496480977e-05
101.95  -0.000821415643256197  1.8485173574533703e-05
102.0  -0.0008214146681065666  1.848095045080408e-05
102.05000000000001  -0.000821413702828682  1.847676361088819e-05
102.10000000000001  -0.0008214127503857002  1.8472601441791073e-05
102.15  -0.0008214118129203297  1.8468450912862496e-05
102.2  -0.0008214108916323075  1.846429834012045e-05
102.25  -0.0008214099867104014  1.8460130195026726e-05
102.30000000000001  -0.0008214090973455097  1.8455933914212036e-05
102.35000000000001  -0.0008214082218146335  1.845169866216583e-05
102.4  -0.0008214073575938276  1.8447415993449968e-05
102.45  -0.0008214065015646998  1.8443080372053562e-05
102.5  -0.0008214056502248089  1.843868954270935e-05
102.55000000000001  -0.0008214047999477391  1.8434244696430443e-05
102.60000000000001  -0.000821403947242716  1.842975044261206e-05
102.65  -0.0008214030889935972  1.842521456836045e-05
102.7  -0.0008214022227011182  1.842064762912134e-05
102.75  -0.0008214013466658474  1.8416062340097326e-05
102.80000000000001  -0.0008214004601226528  1.841147287852407e-05
102.85000000000001  -0.0008213995633382424  1.8406894077126136e-05
102.9  -0.0008213986576333306  1.8402340573309833e-05
102.95  -0.0008213977453343091  1.8397825997280848e-05
103.0  -0.0008213968296834464  1.839336219378084e-05
103.05000000000001  -0.0008213959146819807  1.8388958564953257e-05
103.10000000000001  -0.0008213950049022408  1.8384621575295986e-05
103.15  -0.0008213941052355306  1.838035440349941e-05
103.2  -0.0008213932206527485  1.8376156814687065e-05
103.25  -0.0008213923559246673  1.8372025239433054e-05
103.30000000000001  -0.0008213915153674081  1.836795303705144e-05
103.35000000000001  -0.0008213907025983686  1.836393095449771e-05
103.4  -0.000821389920324241  1.835994773038941e-05
103.45  -0.0008213891701730589  1.8355990811991544e-05
103.5  -0.0008213884525817306  1.835204713559861e-05
103.55000000000001  -0.0008213877667430335  1.834810393367011e-05
103.60000000000001  -0.0008213871106127569  1.834414949705178e-05
103.65  -0.0008213864809793142  1.834017385936163e-05
103.7  -0.0008213858736026325  1.833616936477837e-05
103.75  -0.0008213852834038863  1.833213107913466e-05
103.80000000000001  -0.0008213847047077445  1.832805701957544e-05
103.85000000000001  -0.0008213841315129853  1.8323948209986217e-05
103.9  -0.0008213835577848633  1.8319808522762777e-05
103.95  -0.0008213829777416565  1.8315644371314096e-05
104.0  -0.0008213823861487913  1.8311464235888793e-05
104.05000000000001  -0.0008213817785683193  1.830727808043971e-05
104.10000000000001  -0.0008213811515589227  1.830309667198249e-05
104.15  -0.0008213805028295846  1.829893084625059e-05
104.2  -0.0008213798313165912  1.8294790798876874e-05
104.25  -0.0008213791371882428  1.829068539919152e-05
104.30000000000001  -0.0008213784217868553  1.8286621578656446e-05
104.35000000000001  -0.0008213776874938003  1.828260386165946e-05
104.4  -0.0008213769375342658  1.827863402450677e-05
104.45  -0.0008213761757444479  1.8274710925440677e-05
104.5  -0.0008213754062893609  1.8270830499792878e-05
104.55000000000001  -0.0008213746333807935  1.8266985942478665e-05
104.60000000000001  -0.0008213738609834527  1.826316804191114e-05
104.65  -0.0008213730925445752  1.825936566148792e-05
104.7  -0.0008213723307600329  1.8255566333510585e-05
104.75  -0.0008213715773904971  1.8251756944411826e-05
104.80000000000001  -0.0008213708331288193  1.8247924457653322e-05
104.85000000000001  -0.0008213700975512813  1.8244056634167892e-05
104.9  -0.0008213693691371268  1.824014272603996e-05
104.95  -0.0008213686453582046  1.8236174081900404e-05
105.0  -0.0008213679228320335  1.8232144636838934e-05
105.05000000000001  -0.0008213671975473304  1.8228051273316988e-05
105.10000000000001  -0.0008213664651116676  1.822389400620429e-05
105.15  -0.0008213657210394297  1.8219675998552907e-05
105.2  -0.0008213649610326732  1.8215403405880668e-05
105.25  -0.0008213641812636943  1.8211085030069864e-05
105.30000000000001  -0.0008213633786218788  1.820673184644119e-05
105.35000000000001  -0.0008213625509149991  1.8202356378740252e-05
105.4  -0.000821361697013237  1.8197971992226034e-05
105.45  -0.0008213608169301048  1.8193592126971702e-05
105.5  -0.0008213599118197787  1.81892295244235e-05
105.55000000000001  -0.0008213589839100564  1.8184895482571857e-05
105.60000000000001  -0.0008213580363730028  1.8180599194758825e-05
105.65  -0.0008213570731343876  1.8176347198435106e-05
105.7  -0.0008213560986304324  1.8172142981295967e-05
105.75  -0.0008213551175379164  1.8167986764514965e-05
105.80000000000001  -0.0008213541345009066  1.816387547953248e-05
105.85000000000001  -0.0008213531538393292  1.815980294103388e-05
105.9  -0.0008213521793068169  1.8155760202283344e-05
105.95  -0.0008213512138710006  1.8151736089190248e-05
106.0  -0.0008213502595526724  1.8147717861471697e-05
106.05000000000001  -0.0008213493173305742  1.8143691984308916e-05
106.10000000000001  -0.0008213483871087749  1.813964494614556e-05
106.15  -0.0008213474677523149  1.8135564100253232e-05
106.2  -0.0008213465571928884  1.813143843048268e-05
106.25  -0.0008213456525886732  1.8127259254137633e-05
106.30000000000001  -0.0008213447505123178  1.8123020786625448e-05
106.35000000000001  -0.0008213438472009232  1.811872051742439e-05
106.4  -0.0008213429387943284  1.811435940619313e-05
106.45  -0.0008213420215939168  1.8109941865184463e-05
106.5  -0.0008213410922801046  1.8105475529132703e-05
106.55000000000001  -0.0008213401481262804  1.8100970818089065e-05
106.60000000000001  -0.0008213391871491373  1.809644033846393e-05
106.65  -0.0008213382082281786  1.8091898132739648e-05
106.7  -0.0008213372111509781  1.8087358853817394e-05
106.75  -0.0008213361966228653  1.8082836874602488e-05
106.80000000000001  -0.0008213351662070508  1.8078345427275364e-05
106.85000000000001  -0.000821334122227547  1.8073895804324234e-05
106.9  -0.0008213330676203246  1.8069496663669616e-05
106.95  -0.0008213320057584045  1.806515351848465e-05
107.0  -0.0008213309402561514  1.8060868402134788e-05
107.05000000000001  -0.0008213298747691406  1.8056639745705106e-05
107.10000000000001  -0.000821328812787662  1.805246248444013e-05
107.15  -0.0008213277574588921  1.8048328379096593e-05
107.2  -0.0008213267114198705  1.8044226534151835e-05
107.25  -0.000821325676669895  1.804014406408985e-05
107.30000000000001  -0.0008213246544776488  1.80360668957792e-05
107.35000000000001  -0.0008213236453233219  1.803198063907033e-05
107.4  -0.0008213226488924132  1.802787147660073e-05
107.45  -0.0008213216640991892  1.802372700812399e-05
107.5  -0.0008213206891618661  1.8019537021437388e-05
107.55000000000001  -0.0008213197217112537  1.8015294115032265e-05
107.60000000000001  -0.0008213187589201121  1.8010994149736544e-05
107.65  -0.000821317797674795  1.800663650750197e-05
107.7  -0.000821316834741025  1.8002224125738078e-05
107.75  -0.0008213158669574055  1.7997763316135408e-05
107.80000000000001  -0.0008213148914095253  1.7993263376388734e-05
107.85000000000001  -0.0008213139056074639  1.7988736032700206e-05
107.9  -0.0008213129076246704  1.7984194714871474e-05
107.95  -0.000821311896217615  1.7979653749418422e-05
108.0  -0.0008213108709132756  1.7975127496044473e-05
108.05000000000001  -0.0008213098320481808  1.7970629483920466e-05
108.10000000000001  -0.0008213087807674194  1.7966171607483334e-05
108.15  -0.0008213077189726324  1.7961763422367463e-05
108.2  -0.0008213066492363469  1.795741159143669e-05
108.25  -0.0008213055746725969  1.7953119498488926e-05
108.30000000000001  -0.0008213044987709166  1.794888705859319e-05
108.35000000000001  -0.0008213034252069962  1.7944710749520643e-05
108.4  -0.0008213023576446706  1.7940583833829732e-05
108.45  -0.0008213012995183585  1.7936496776118694e-05
108.5  -0.00082130025383949  1.7932437808879445e-05
108.55000000000001  -0.000821299223016709  1.7928393663533583e-05
108.60000000000001  -0.0008212982087115442  1.7924350348795764e-05
108.65  -0.0008212972117283032  1.792029399289789e-05
108.7  -0.000821296231963624  1.791621165788792e-05
108.75  -0.0008212952684086643  1.79120921057664e-05
108.80000000000001  -0.0008212943192061748  1.79079264577399e-05
108.85000000000001  -0.0008212933817634863  1.7903708718319702e-05
108.9  -0.0008212924529208834  1.7899436114200674e-05
108.95  -0.0008212915291430087  1.7895109262543543e-05
109.0  -0.0008212906067494479  1.789073212081721e-05
109.05000000000001  -0.0008212896821389885  1.788631175343833e-05
109.10000000000001  -0.0008212887520332877  1.788185791258383e-05
109.15  -0.0008212878136801379  1.7877382463078913e-05
109.2  -0.000821286865038405  1.7872898672542572e-05
109.25  -0.0008212859049118825  1.7868420432029563e-05
109.30000000000001  -0.0008212849330378125  1.7863961434712132e-05
109.35000000000001  -0.0008212839501077145  1.7859534367966495e-05
109.4  -0.0008212829577323635  1.7855150163127915e-05
109.45  -0.000821281958354802  1.785081734385029e-05
109.5  -0.000821280955098268  1.784654152016602e-05
109.55000000000001  -0.0008212799515883947  1.784232505252592e-05
109.60000000000001  -0.0008212789517225163  1.7838166918367963e-05
109.65  -0.0008212779594379031  1.7834062756061733e-05
109.7  -0.000821276978475879  1.7830005119390084e-05
109.75  -0.0008212760121446845  1.7825983913110667e-05
109.80000000000001  -0.0008212750631206434  1.782198699288391e-05
109.85000000000001  -0.0008212741332921131  1.781800088008058e-05
109.9  -0.0008212732236469875  1.7814011561313107e-05
109.95  -0.000821272334220956  1.781000532321349e-05
110.0  -0.000821271464095361  1.78059695763609e-05
110.05000000000001  -0.000821270611468448  1.7801893603342487e-05
110.10000000000001  -0.0008212697737577528  1.7797769200641393e-05
110.15  -0.0008212689477751018  1.779359117939634e-05
110.2  -0.0008212681299000971  1.7789357676218872e-05
110.25  -0.0008212673163144484  1.778507026814458e-05
110.30000000000001  -0.0008212665032169596  1.778073387799831e-05
110.35000000000001  -0.0008212656870481121  1.7776356481276844e-05
110.4  -0.0008212648646909039  1.777194863200344e-05
110.45  -0.0008212640336493885  1.7767522836501003e-05
110.5  -0.0008212631921769992  1.7763092791972198e-05
110.55000000000001  -0.0008212623393692702  1.775867257899097e-05
110.60000000000001  -0.0008212614752014391  1.7754275805726815e-05
110.65  -0.0008212606005152236  1.7749914802706306e-05
110.7  -0.0008212597169490354  1.7745599875415834e-05
110.75  -0.0008212588268320211  1.7741338690606965e-05
110.80000000000001  -0.0008212579330419466  1.773713582616421e-05
110.85000000000001  -0.0008212570388165729  1.7732992482463197e-05
110.9  -0.0008212561475633582  1.7728906444705378e-05
110.95  -0.0008212552626457621  1.7724872188519753e-05
111.0  -0.0008212543871865851  1.772088124088781e-05
111.05000000000001  -0.0008212535238666122  1.771692268082159e-05
111.10000000000001  -0.0008212526747653008  1.771298380222981e-05
111.15  -0.0008212518412222668  1.7709050875452156e-05
111.2  -0.0008212510237493533  1.7705109964945157e-05
111.25  -0.0008212502219807144  1.7701147773414123e-05
111.30000000000001  -0.0008212494346804904  1.7697152415910625e-05
111.35000000000001  -0.0008212486597820171  1.7693114134146302e-05
111.4  -0.0008212478945012968  1.7689025866157292e-05
111.45  -0.0008212471354770896  1.768488365761075e-05
111.5  -0.0008212463789403444  1.768068688298935e-05
111.55000000000001  -0.0008212456209280015  1.7676438288467366e-05
111.60000000000001  -0.000821244857494296  1.7672143795781315e-05
111.65  -0.0008212440849366332  1.7667812161393116e-05
111.7  -0.0008212432999924283  1.7663454445315157e-05
111.75  -0.000821242500031884  1.765908334734373e-05
111.80000000000001  -0.0008212416831963199  1.765471245962502e-05
111.85000000000001  -0.0008212408485027753  1.7650355457612043e-05
111.9  -0.0008212399958991573  1.7646025292700294e-05
111.95  -0.000821239126263152  1.764173343795283e-05
112.0  -0.0008212382413310314  1.763748919258025e-05
112.05000000000001  -0.0008212373436027342  1.7633299156454138e-05
112.10000000000001  -0.0008212364361665694  1.7629166831092794e-05
112.15  -0.0008212355225196505  1.7625092423817143e-05
112.2  -0.0008212346063336996  1.7621072828787054e-05
112.25  -0.0008212336912263191  1.7617101807403915e-05
112.30000000000001  -0.0008212327805175178  1.761317035572994e-05
112.35000000000001  -0.0008212318770265891  1.760926722790227e-05
112.4  -0.0008212309828727365  1.7605379586354717e-05
112.45  -0.0008212300993401687  1.7601493758284594e-05
112.5  -0.0008212292267818129  1.7597596033709206e-05
112.55000000000001  -0.0008212283645951207  1.759367346382669e-05
112.60000000000001  -0.0008212275112442097  1.7589714629737043e-05
112.65  -0.0008212266643596005  1.758571030213902e-05
112.7  -0.0008212258208699787  1.7581654002149115e-05
112.75  -0.0008212249771991651  1.7577542375596107e-05
112.80000000000001  -0.00082122412947885  1.7573375410729524e-05
112.85000000000001  -0.0008212232737834079  1.7569156442974942e-05
112.9  -0.0008212224063676908  1.7564891967487687e-05
112.95  -0.000821221523887259  1.7560591264825852e-05
113.0  -0.0008212206235997779  1.7556265848301766e-05
113.05000000000001  -0.0008212197035208587  1.7551928794136526e-05
113.10000000000001  -0.0008212187625411273  1.754759395479423e-05
113.15  -0.0008212178004721514  1.754327512944404e-05
113.2  -0.0008212168180611562  1.7538985250760745e-05
113.25  -0.0008212158169304861  1.753473558508984e-05
113.30000000000001  -0.0008212147994677221  1.7530535054991717e-05
113.35000000000001  -0.0008212137686814179  1.7526389694788938e-05
113.4  -0.0008212127280047714  1.752230227373378e-05
113.45  -0.000821211681095393  1.7518272124045307e-05
113.5  -0.0008212106316115914  1.7514295153477446e-05
113.55000000000001  -0.0008212095830027778  1.7510364108013908e-05
113.60000000000001  -0.000821208538311127  1.7506468976038483e-05
113.65  -0.0008212075000021614  1.750259759792695e-05
113.7  -0.0008212064698229467  1.7498736390250116e-05
113.75  -0.000821205448727726  1.7494871155389314e-05
113.80000000000001  -0.0008212044368193401  1.749098792578783e-05
113.85000000000001  -0.0008212034333577444  1.748707381258978e-05
113.9  -0.0008212024368143253  1.748311777419534e-05
113.95  -0.0008212014449678854  1.7479111273614603e-05
114.0  -0.0008212004550356976  1.7475048796807718e-05
114.05000000000001  -0.0008211994638385726  1.7470928182471753e-05
114.10000000000001  -0.0008211984679907876  1.746675074305881e-05
114.15  -0.0008211974640880615  1.7462521182352907e-05
114.2  -0.0008211964489155398  1.7458247306693063e-05
114.25  -0.0008211954196205014  1.7453939556347177e-05
114.30000000000001  -0.0008211943738837729  1.744961035987202e-05
114.35000000000001  -0.0008211933100571361  1.744527339175286e-05
114.4  -0.0008211922272595086  1.7440942745287078e-05
114.45  -0.0008211911254338752  1.7436632073164222e-05
114.5  -0.0008211900053677973  1.743235378130867e-05
114.55000000000001  -0.0008211888686465663  1.7428118276474874e-05
114.60000000000001  -0.0008211877175891986  1.7423933357779437e-05
114.65  -0.0008211865551076097  1.741980375870116e-05
114.7  -0.0008211853845747651  1.7415730872243377e-05
114.75  -0.000821184209630872  1.7411712678962014e-05
114.80000000000001  -0.0008211830339880724  1.7407743902376864e-05
114.85000000000001  -0.0008211818612237942  1.740381631339452e-05
114.9  -0.000821180694571584  1.7399919241812634e-05
114.95  -0.0008211795367376096  1.7396040220607587e-05
115.0  -0.000821178389735572  1.739216572439956e-05
115.05000000000001  -0.0008211772547617763  1.7388281984419772e-05
115.10000000000001  -0.0008211761321135794  1.73843758020922e-05
115.15  -0.0008211750211534995  1.7380435317889157e-05
115.2  -0.0008211739203445123  1.737645072894835e-05
115.25  -0.0008211728273309745  1.7372414840054e-05
115.30000000000001  -0.0008211717390744038  1.7368323502316868e-05
115.35000000000001  -0.0008211706520402217  1.7364175856622957e-05
115.4  -0.0008211695624079312  1.735997436585839e-05
115.45  -0.0008211684663184195  1.7355724680156526e-05
115.5  -0.0008211673601097825  1.7351435297490846e-05
115.55000000000001  -0.0008211662405639751  1.7347117065055588e-05
115.60000000000001  -0.0008211651051081691  1.7342782534188e-05
115.65  -0.0008211639519869002  1.7338445233513024e-05
115.7  -0.0008211627803915946  1.7334118870985138e-05
115.75  -0.0008211615905113805  1.7329816532879786e-05
115.80000000000001  -0.0008211603835400614  1.732554992258284e-05
115.85000000000001  -0.0008211591616126584  1.732132866868281e-05
115.9  -0.000821157927680945  1.7317159770267312e-05
115.95  -0.0008211566853269685  1.7313047185874052e-05
116.0  -0.0008211554385546066  1.7308991600886096e-05
116.05000000000001  -0.0008211541915336383  1.7304990388994227e-05
116.10000000000001  -0.0008211529483461697  1.7301037761807627e-05
116.15  -0.0008211517127265784  1.7297125112901803e-05
116.2  -0.0008211504878296103  1.729324151613623e-05
116.25  -0.0008211492760280359  1.728937437127224e-05
116.30000000000001  -0.0008211480787766768  1.728551015133461e-05
116.35000000000001  -0.0008211468965188066  1.7281635205666996e-05
116.4  -0.0008211457286708262  1.7277736571156394e-05
116.45  -0.0008211445736675252  1.7273802754659128e-05
116.5  -0.0008211434290820354  1.7269824422079636e-05
116.55000000000001  -0.0008211422917839451  1.7265794973949007e-05
116.60000000000001  -0.0008211411581503083  1.726171095655922e-05
116.65  -0.000821140024305884  1.725757228169156e-05
116.7  -0.0008211388863696836  1.725338225185165e-05
116.75  -0.0008211377406998083  1.7249147389568537e-05
116.80000000000001  -0.0008211365841195074  1.724487705664934e-05
116.85000000000001  -0.0008211354141137555  1.7240582917358444e-05
116.9  -0.0008211342289767454  1.723627824385494e-05
116.95  -0.0008211330278984085  1.7231977132667678e-05
117.0  -0.000821131811015515  1.7227693652367075e-05
117.05000000000001  -0.0008211305793907374  1.722344101314844e-05
117.10000000000001  -0.0008211293349373875  1.7219230753887527e-05
117.15  -0.0008211280803008252  1.7215072051719412e-05
117.2  -0.0008211268186898064  1.721097114980221e-05
117.25  -0.0008211255536872184  1.7206930982444427e-05
117.30000000000001  -0.0008211242890420193  1.720295098465107e-05
117.35000000000001  -0.0008211230284538712  1.7199027113982144e-05
117.4  -0.0008211217753661311  1.7195152084859477e-05
117.45  -0.0008211205327726379  1.7191315816864473e-05
117.5  -0.0008211193030624909  1.7187506041563684e-05
117.55000000000001  -0.0008211180878997955  1.718370903401416e-05
117.60000000000001  -0.0008211168881386871  1.7179910457722756e-05
117.65  -0.0008211157037986392  1.7176096227487065e-05
117.7  -0.0008211145340748479  1.7172253375073612e-05
117.75  -0.0008211133773898144  1.7168370832692376e-05
117.80000000000001  -0.0008211122315158938  1.7164440108573785e-05
117.85000000000001  -0.000821111093688127  1.7160455797785696e-05
117.9  -0.0008211099607870458  1.715641591438534e-05
117.95  -0.0008211088295153536  1.7152321999082984e-05
118.0  -0.0008211076965822265  1.7148179027047777e-05
118.05000000000001  -0.0008211065589028723  1.714399509917012e-05
118.10000000000001  -0.0008211054137737521  1.7139780945233394e-05
118.15  -0.0008211042590305373  1.7135549264650626e-05
118.2  -0.0008211030931818914  1.713131395616476e-05
118.25  -0.0008211019154977738  1.7127089270913714e-05
118.30000000000001  -0.0008211007260630656  1.7122888940685334e-05
118.35000000000001  -0.0008210995257913076  1.7118725357088515e-05
118.4  -0.0008210983163809143  1.7114608818169963e-05
118.45  -0.0008210971002341674  1.7110546905729556e-05
118.5  -0.0008210958803413069  1.710654405079066e-05
118.55000000000001  -0.0008210946601123772  1.7102601256989902e-05
118.60000000000001  -0.0008210934432026143  1.709871606905269e-05
118.65  -0.000821092233314982  1.709488271527278e-05
118.7  -0.0008210910339904466  1.7091092467865724e-05
118.75  -0.0008210898484063969  1.7087334169229988e-05
118.80000000000001  -0.0008210886791971349  1.708359489293156e-05
118.85000000000001  -0.0008210875282942385  1.7079860726747177e-05
118.9  -0.0008210863968107026  1.7076117582520527e-05
118.95  -0.0008210852849718495  1.707235203716518e-05
119.0  -0.0008210841920905857  1.7068552117904963e-05
119.05000000000001  -0.0008210831166101715  1.7064707993420737e-05
119.10000000000001  -0.0008210820561952098  1.7060812544946748e-05
119.15  -0.0008210810078720631  1.7056861781490672e-05
119.2  -0.000821079968211006  1.7052855053091304e-05
119.25  -0.0008210789335417984  1.7048795087978613e-05
119.30000000000001  -0.0008210779001854119  1.704468781635912e-05
119.35000000000001  -0.0008210768646872067  1.7040542020246244e-05
119.4  -0.0008210758240375978  1.7036368808157412e-05
119.45  -0.0008210747758687536  1.7032180960373797e-05
119.5  -0.0008210737186193294  1.7027992166042004e-05
119.55000000000001  -0.0008210726516253074  1.7023816218729557e-05
119.60000000000001  -0.0008210715751828404  1.7019666201173065e-05
119.65  -0.0008210704905375122  1.701555371025733e-05
119.7  -0.0008210693998080477  1.7011488171526684e-05
119.75  -0.0008210683058608244  1.7007476287807244e-05
119.80000000000001  -0.0008210672121380713  1.7003521624247404e-05
119.85000000000001  -0.0008210661224378931  1.6999624405314418e-05
119.9  -0.000821065040686356  1.6995781486465718e-05
119.95  -0.000821063970685352  1.6991986537138494e-05
120.0  -0.0008210629158813703  1.6988230412548532e-05
120.05000000000001  -0.000821061879144513  1.6984501686634888e-05
120.10000000000001  -0.0008210608625958308  1.6980787323458697e-05
120.15  -0.0008210598674701215  1.697707345134868e-05
120.2  -0.0008210588940478217  1.6973346178826045e-05
120.25  -0.0008210579416306994  1.696959241414978e-05
120.30000000000001  -0.0008210570085991633  1.6965800648641107e-05
120.35000000000001  -0.0008210560925077544  1.6961961644516095e-05
120.4  -0.000821055190235564  1.6958068988625545e-05
120.45  -0.0008210542981798292  1.6954119483546118e-05
120.5  -0.0008210534124763319  1.6950113336536613e-05
120.55000000000001  -0.000821052529223909  1.694605416860612e-05
120.60000000000001  -0.0008210516447191676  1.694194879941482e-05
120.65  -0.0008210507556649403  1.6937806844697354e-05
120.7  -0.000821049859357317  1.693364015580934e-05
120.75  -0.0008210489538328321  1.692946211222159e-05
120.80000000000001  -0.0008210480379632267  1.692528681656604e-05
120.85000000000001  -0.0008210471115012393  1.6921128262811975e-05
120.9  -0.0008210461750797804  1.6916999490202583e-05
120.95  -0.0008210452301563441  1.6912911807024636e-05
121.0  -0.0008210442789021789  1.6908874110893742e-05
121.05000000000001  -0.0008210433240670447  1.6904892362361724e-05
121.10000000000001  -0.00082104236879864  1.690096922295518e-05
121.15  -0.0008210414164476449  1.689710390690726e-05
121.2  -0.0008210404703621164  1.6893292226452593e-05
121.25  -0.0008210395336892351  1.6889526854679316e-05
121.30000000000001  -0.0008210386091796606  1.688579775894789e-05
121.35000000000001  -0.000821037699031305  1.6882092819277728e-05
121.4  -0.000821036804738056  1.6878398565745088e-05
121.45  -0.0008210359270114998  1.6874700965035204e-05
121.5  -0.0008210350657221273  1.6870986284422398e-05
121.55000000000001  -0.0008210342198936211  1.686724191724226e-05
121.60000000000001  -0.0008210333877440651  1.6863457133008304e-05
121.65  -0.0008210325667807591  1.6859623724448537e-05
121.7  -0.0008210317539199835  1.6855736503997845e-05
121.75  -0.0008210309456584064  1.6851793602688033e-05
121.80000000000001  -0.0008210301382618093  1.6847796588501823e-05
121.85000000000001  -0.0008210293279632928  1.6843750380625042e-05
121.9  -0.0008210285111729773  1.6839662935444e-05
121.95  -0.0008210276846779192  1.6835544780639095e-05
122.0  -0.0008210268458167787  1.6831408381578366e-05
122.05000000000001  -0.0008210259926295691  1.6827267394102703e-05
122.10000000000001  -0.0008210251239616196  1.6823135856591613e-05
122.15  -0.0008210242395251513  1.6819027345934276e-05
122.2  -0.0008210233399075912  1.681495417719958e-05
122.25  -0.0008210224265304702  1.6810926676276102e-05
122.30000000000001  -0.000821021501554787  1.680695257014295e-05
122.35000000000001  -0.0008210205677535547  1.6803036536167343e-05
122.4  -0.0008210196283337354  1.679917992902368e-05
122.45  -0.0008210186867387472  1.6795380709767318e-05
122.5  -0.0008210177464359037  1.6791633580231515e-05
122.55000000000001  -0.0008210168106893161  1.6787930285711624e-05
122.60000000000001  -0.0008210158823661791  1.6784260125131878e-05
122.65  -0.0008210149637331945  1.6780610585967947e-05
122.7  -0.0008210140563253413  1.6776968082310093e-05
122.75  -0.0008210131608267923  1.6773318763505483e-05
122.80000000000001  -0.0008210122770275679  1.6769649330430816e-05
122.85000000000001  -0.000821011403823998  1.6765947829446514e-05
122.9  -0.0008210105392903998  1.6762204350133738e-05
122.95  -0.0008210096807764112  1.6758411620833953e-05
123.0  -0.0008210088250754734  1.675456542050253e-05
123.05000000000001  -0.0008210079686167689  1.675066483709407e-05
123.10000000000001  -0.000821007107684262  1.6746712329111595e-05
123.15  -0.0008210062386270967  1.674271356430306e-05
123.2  -0.0008210053580913874  1.6738677098226636e-05
123.25  -0.0008210044632167672  1.673461385226277e-05
123.30000000000001  -0.0008210035518046105  1.6730536486536467e-05
123.35000000000001  -0.0008210026224345726  1.6726458634131977e-05
123.4  -0.000821001674569173  1.672239409765408e-05
123.45  -0.0008210007085630674  1.6718356031566518e-05
123.5  -0.0008209997256407688  1.671435615364415e-05
123.55000000000001  -0.0008209987278328648  1.671040404420301e-05
123.60000000000001  -0.0008209977178382515  1.6706506579509798e-05
123.65  -0.0008209966988649077  1.6702667513157545e-05
123.7  -0.0008209956744416994  1.669888723718053e-05
123.75  -0.0008209946482065618  1.669516276087688e-05
123.80000000000001  -0.0008209936236837697  1.6691487878307517e-05
123.85000000000001  -0.0008209926040824984  1.6687853532559665e-05
123.9  -0.0008209915921110415  1.6684248346873006e-05
123.95  -0.0008209905898137874  1.6680659293075032e-05
124.0  -0.0008209895984563297  1.66770724818546e-05
124.05000000000001  -0.000820988618458063  1.6673473976975e-05
124.10000000000001  -0.0008209876493801737  1.666985063071677e-05
124.15  -0.0008209866899500524  1.666619088498461e-05
124.2  -0.000820985738143985  1.6662485456386323e-05
124.25  -0.0008209847913153034  1.6658727898605447e-05
124.30000000000001  -0.0008209838463514382  1.6654914997827567e-05
124.35000000000001  -0.0008209828998545632  1.665104696393601e-05
124.4  -0.0008209819483523198  1.6647127418676364e-05
124.45  -0.0008209809885001184  1.6643163184795425e-05
124.5  -0.0008209800172819089  1.6639163869141605e-05
124.55000000000001  -0.0008209790321799577  1.6635141291923344e-05
124.60000000000001  -0.0008209780313337407  1.6631108763082115e-05
124.65  -0.0008209770136440182  1.6627080289276816e-05
124.7  -0.0008209759788472753  1.6623069725407746e-05
124.75  -0.000820974927534629  1.661908994647339e-05
124.80000000000001  -0.0008209738611229859  1.661515206784756e-05
124.85000000000001  -0.0008209727817702814  1.6611264780584862e-05
124.9  -0.000820971692272269  1.6607433838008025e-05
124.95  -0.0008209705958985458  1.660366172064737e-05
125.0  -0.0008209694962148032  1.6599947496678943e-05
125.05000000000001  -0.0008209683968766277  1.6596286890786316e-05
125.10000000000001  -0.0008209673014350351  1.6592672552756278e-05
125.15  -0.0008209662131189279  1.658909451141032e-05
125.2  -0.0008209651346615726  1.6585540787332617e-05
125.25  -0.0008209640681348682  1.6581998108547522e-05
125.30000000000001  -0.0008209630148295442  1.6578452706956506e-05
125.35000000000001  -0.0008209619751702279  1.6574891139400547e-05
125.4  -0.0008209609486848903  1.6571301088229382e-05
125.45  -0.0008209599340287447  1.6567672092445817e-05
125.5  -0.000820958929050081  1.656399614968708e-05
125.55000000000001  -0.0008209579309195128  1.6560268196495276e-05
125.60000000000001  -0.0008209569362866922  1.6556486382399236e-05
125.65  -0.0008209559414727891  1.655265217985751e-05
125.7  -0.0008209549426938347  1.6548770287755582e-05
125.75  -0.0008209539362796776  1.6544848350871278e-05
125.80000000000001  -0.0008209529189090045  1.6540896506717713e-05
125.85000000000001  -0.0008209518878055133  1.653692679584877e-05
125.9  -0.0008209508409134039  1.6532952447600915e-05
125.95  -0.0008209497770339651  1.652898711105872e-05
126.0  -0.000820948695901239  1.6525044062981e-05
126.05000000000001  -0.0008209475982131372  1.6521135434663403e-05
126.10000000000001  -0.0008209464856022598  1.6517271502164356e-05
126.15  -0.0008209453605413043  1.6513460093483395e-05
126.2  -0.0008209442262093148  1.6509706127575737e-05
126.25  -0.000820943086305634  1.6506011332875835e-05
126.30000000000001  -0.0008209419448240802  1.6502374146460178e-05
126.35000000000001  -0.0008209408058134105  1.6498789797854386e-05
126.4  -0.0008209396731257938  1.6495250591923023e-05
126.45  -0.0008209385501769206  1.649174635376014e-05
126.5  -0.0008209374397344735  1.6488265025379947e-05
126.55000000000001  -0.000820936343734673  1.648479337570171e-05
126.60000000000001  -0.0008209352631620432  1.6481317772870023e-05
126.65  -0.000820934197978836  1.647782498989637e-05
126.7  -0.0008209331471325276  1.6474302983470173e-05
126.75  -0.000820932108615758  1.647074159577056e-05
126.80000000000001  -0.0008209310796013158  1.6467133178292765e-05
126.85000000000001  -0.0008209300566128756  1.646347303095239e-05
126.9  -0.0008209290357488231  1.645975970742384e-05
126.95  -0.0008209280129260904  1.6455995102871595e-05
127.0  -0.000820926984125527  1.6452184352551695e-05
127.05000000000001  -0.0008209259456547327  1.6448335550213987e-05
127.10000000000001  -0.0008209248943680927  1.644445926476685e-05
127.15  -0.0008209238278593778  1.64405679306147e-05
127.2  -0.00082092274460126  1.6436675100839912e-05
127.25  -0.0008209216440398904  1.643279464067903e-05
127.30000000000001  -0.0008209205266143534  1.642893989630854e-05
127.35000000000001  -0.0008209193937148905  1.642512288043817e-05
127.4  -0.0008209182475943868  1.6421353551742107e-05
127.45  -0.0008209170912157669  1.6417639195295884e-05
127.5  -0.0008209159280701582  1.6413983982181387e-05
127.55000000000001  -0.0008209147619553572  1.6410388696797202e-05
127.60000000000001  -0.0008209135967537513  1.640685068219857e-05
127.65  -0.0008209124361975186  1.640336398600281e-05
127.7  -0.0008209112836516766  1.6399919692075375e-05
127.75  -0.0008209101419330602  1.639650646353334e-05
127.80000000000001  -0.0008209090131527033  1.6393111207092e-05
127.85000000000001  -0.0008209078986124857  1.638971985032519e-05
127.9  -0.0008209067987504815  1.638631819168943e-05
127.95  -0.000820905713126232  1.638289274407843e-05
128.0  -0.0008209046404688684  1.6379431539944797e-05
128.05  -0.0008209035787667856  1.6375924860129892e-05
128.1  -0.0008209025253954767  1.6372365793846234e-05
128.15  -0.000820901477274447  1.636875067168432e-05
128.20000000000002  -0.0008209004310609593  1.6365079271268542e-05
128.25  -0.0008208993833365598  1.636135482647365e-05
128.3  -0.0008208983308128053  1.6357583827526735e-05
128.35  -0.0008208972705205898  1.6353775616397156e-05
128.4  -0.0008208961999769076  1.634994182656436e-05
128.45000000000002  -0.0008208951173307963  1.6346095662990207e-05
128.5  -0.0008208940214737662  1.6342251092842292e-05
128.55  -0.0008208929120983189  1.6338422008024627e-05
128.6  -0.0008208917897225435  1.6334621367449474e-05
128.65  -0.0008208906556656114  1.6330860408985976e-05
128.70000000000002  -0.0008208895119823715  1.6327147977990655e-05
128.75  -0.0008208883613458266  1.6323489984973656e-05
128.8  -0.0008208872069181009  1.631988904671189e-05
128.85  -0.0008208860521699394  1.6316344344659717e-05
128.9  -0.0008208849006943223  1.6312851656486642e-05
128.95000000000002  -0.0008208837560042244  1.6309403627118866e-05
129.0  -0.0008208826213416719  1.630599019590616e-05
129.05  -0.000820881499485952  1.63025992164867e-05
129.1  -0.0008208803926047601  1.6299217167934244e-05
129.15  -0.0008208793021132015  1.629582996837218e-05
129.20000000000002  -0.0008208782285965364  1.629242381184651e-05
129.25  -0.0008208771717659058  1.628898598712283e-05
129.3  -0.0008208761304801023  1.6285505623146973e-05
129.35  -0.0008208751028054397  1.6281974330644854e-05
129.4  -0.0008208740861216506  1.6278386680097876e-05
129.45000000000002  -0.0008208730772886409  1.627474051451444e-05
129.5  -0.0008208720728290797  1.6271037063834417e-05
129.55  -0.0008208710691454253  1.626728086294763e-05
129.6  -0.0008208700627397728  1.6263479468518792e-05
129.65  -0.0008208690504493864  1.625964302162913e-05
129.70000000000002  -0.0008208680296344262  1.6255783624705014e-05
129.75  -0.0008208669983671589  1.6251914635128707e-05
129.8  -0.000820865955559544  1.6248049871863974e-05
129.85  -0.0008208649010404461  1.6244202785261025e-05
129.9  -0.0008208638355784748  1.624038567925388e-05
129.95000000000002  -0.0008208627608490688  1.623660897258686e-05
130.0  -0.000820861679338492  1.6232880587816996e-05
130.05  -0.00082086059419576  1.6229205492820117e-05
130.1  -0.0008208595090479  1.6225585390025328e-05
130.15  -0.000820858427778754  1.622201863618665e-05
130.20000000000002  -0.0008208573542872836  1.6218500335849493e-05
130.25  -0.0008208562922405475  1.6215022642515446e-05
130.3  -0.000820855244853919  1.6211575206672682e-05
130.35  -0.000820854214682635  1.6208145802606403e-05
130.4  -0.0008208532034637416  1.620472104439121e-05
130.45000000000002  -0.000820852212005571  1.6201287182619566e-05
130.5  -0.0008208512401420528  1.6197830925414433e-05
130.55  -0.0008208502867358492  1.6194340213732377e-05
130.6  -0.0008208493497595569  1.6190804951893788e-05
130.65  -0.0008208484264204067  1.6187217615122942e-05
130.70000000000002  -0.0008208475133341857  1.61835737057394e-05
130.75  -0.0008208466067372402  1.6179872033085345e-05
130.8  -0.0008208457027226477  1.61761147964509e-05
130.85  -0.0008208447974765938  1.617230747654678e-05
130.9  -0.0008208438875222868  1.6168458522207072e-05
130.95000000000002  -0.0008208429699151353  1.616457886826771e-05
131.0  -0.0008208420424255211  1.616068128863996e-05
131.05  -0.0008208411036617916  1.6156779659830646e-05
131.1  -0.0008208401531462792  1.615288812076819e-05
131.15  -0.0008208391913319844  1.6149020255446867e-05
131.20000000000002  -0.0008208382195570088  1.6145188271810972e-05
131.25  -0.000820837239948823  1.6141402273053525e-05
131.3  -0.0008208362552864515  1.613766965700449e-05
131.35  -0.000820835268813423  1.613399466846683e-05
131.4  -0.0008208342840319207  1.6130378137694168e-05
131.45000000000002  -0.0008208333044909202  1.612681742835481e-05
131.5  -0.0008208323335666606  1.612330660665049e-05
131.55  -0.0008208313742561607  1.6119836798019968e-05
131.6  -0.0008208304290082815  1.611639671693073e-05
131.65  -0.0008208294995788279  1.611297336028602e-05
131.70000000000002  -0.0008208285869264494  1.6109552789726148e-05
131.75  -0.0008208276911624205  1.6106120979732523e-05
131.8  -0.0008208268115433676  1.6102664667251294e-05
131.85  -0.0008208259465086797  1.6099172155088575e-05
131.9  -0.0008208250937731097  1.609563403204143e-05
131.95000000000002  -0.0008208242504553268  1.609204373955993e-05
132.0  -0.0008208234132414058  1.6088397972950424e-05
132.05  -0.0008208225785755212  1.608469689030683e-05
132.1  -0.0008208217428530099  1.608094409960136e-05
132.15  -0.0008208209026255046  1.607714645975749e-05
132.20000000000002  -0.0008208200547849491  1.6073313650804243e-05
132.25  -0.0008208191967416013  1.6069457611254836e-05
132.3  -0.0008208183265578262  1.6065591810126515e-05
132.35  -0.0008208174430586627  1.6061730444758655e-05
132.4  -0.0008208165458855232  1.6057887593096338e-05
132.45000000000002  -0.000820815635513855  1.6054076371322507e-05
132.5  -0.0008208147132175591  1.6050308160492008e-05
132.55  -0.0008208137809962347  1.6046591934906177e-05
132.6  -0.0008208128414485005  1.6042933735817364e-05
132.65  -0.000820811897635378  1.6039336326867317e-05
132.70000000000002  -0.0008208109528896096  1.603579903799719e-05
132.75  -0.0008208100106347095  1.6032317825925e-05
132.8  -0.0008208090741817738  1.6028885522517146e-05
132.85  -0.0008208081465327846  1.6025492271607073e-05
132.9  -0.0008208072302072076  1.6022126118046646e-05
132.95000000000002  -0.0008208063270754948  1.601877371680831e-05
133.0  -0.0008208054382479194  1.601542113723194e-05
133.05  -0.0008208045639994977  1.6012054668651586e-05
133.1  -0.0008208037037356452  1.6008661636631415e-05
133.15  -0.0008208028560231013  1.6005231148801956e-05
133.20000000000002  -0.0008208020186559679  1.600175473330046e-05
133.25  -0.0008208011887853265  1.5998226829045162e-05
133.3  -0.0008208003630756991  1.5994645116820935e-05
133.35  -0.0008207995379053957  1.5991010649267523e-05
133.4  -0.0008207987095766078  1.5987327789516092e-05
133.45000000000002  -0.0008207978745401607  1.598360395782181e-05
133.5  -0.0008207970296122349  1.597984917967824e-05
133.55  -0.0008207961721672419  1.5976075507609074e-05
133.6  -0.0008207953002986025  1.597229630504772e-05
133.65  -0.0008207944129413984  1.596852545241649e-05
133.70000000000002  -0.0008207935099405906  1.596477652359026e-05
133.75  -0.0008207925920616515  1.5961061986209885e-05
133.8  -0.0008207916609536158  1.5957392472892764e-05
133.85  -0.0008207907190422186  1.5953776130789386e-05
133.9  -0.0008207897693967528  1.5950218149600416e-05
133.95000000000002  -0.0008207888155401142  1.594672044765062e-05
134.0  -0.0008207878612397874  1.5943281551827784e-05
134.05  -0.0008207869102841127  1.593989668783409e-05
134.1  -0.0008207859662569717  1.593655805261023e-05
134.15  -0.0008207850323233621  1.593325527362297e-05
134.20000000000002  -0.0008207841110449983  1.5929976027296124e-05
134.25  -0.0008207832042346004  1.5926706767142623e-05
134.3  -0.0008207823128437001  1.592343353569426e-05
134.35  -0.0008207814369232396  1.5920142792216416e-05
134.4  -0.0008207805756185235  1.5916822219807364e-05
134.45000000000002  -0.0008207797272412191  1.591346147011819e-05
134.5  -0.0008207788893672504  1.5910052778655742e-05
134.55  -0.000820778058990816  1.5906591425920058e-05
134.6  -0.0008207772327162504  1.5903076025043086e-05
134.65  -0.0008207764069600984  1.5899508604550827e-05
134.70000000000002  -0.0008207755781740532  1.589589449103553e-05
134.75  -0.0008207747430465255  1.5892241985909707e-05
134.8  -0.0008207738987089283  1.588856186976299e-05
134.85  -0.0008207730428922031  1.588486676361604e-05
134.9  -0.0008207721740576996  1.5881170363158618e-05
134.95000000000002  -0.0008207712914813929  1.5877486628128605e-05
135.0  -0.0008207703952933408  1.587382894521121e-05
135.05  -0.0008207694864643906  1.5870209318699386e-05
135.1  -0.0008207685667493911  1.5866637667190874e-05
135.15  -0.0008207676385848818  1.586312122607125e-05
135.20000000000002  -0.0008207667049453936  1.5859664121812352e-05
135.25  -0.0008207657691821082  1.585626714010525e-05
135.3  -0.0008207648348231345  1.585292767809039e-05
135.35  -0.0008207639053773652  1.5849639912304423e-05
135.4  -0.0008207629841368619  1.5846395152246126e-05
135.45000000000002  -0.0008207620739794456  1.5843182376922894e-05
135.5  -0.000820761177204652  1.583998888338438e-05
135.55  -0.0008207602953995078  1.583680107032333e-05
135.6  -0.0008207594293355613  1.5833605235830673e-05
135.65  -0.0008207585789146324  1.583038840687794e-05
135.70000000000002  -0.0008207577431734883  1.5827139101029356e-05
135.75  -0.0008207569203155173  1.5823848013667955e-05
135.8  -0.0008207561078121999  1.5820508559166615e-05
135.85  -0.0008207553025362069  1.58171172566677e-05
135.9  -0.000820754500934632  1.581367392785519e-05
135.95000000000002  -0.0008207536992263187  1.581018171046124e-05
136.0  -0.0008207528936268816  1.5806646849698958e-05
136.05  -0.0008207520805596184  1.580307833972381e-05
136.1  -0.0008207512568686583  1.5799487368243245e-05
136.15  -0.0008207504200080423  1.5795886661964425e-05
136.20000000000002  -0.0008207495681912088  1.5792289720999403e-05
136.25  -0.0008207487005030058  1.5788710027710108e-05
136.3  -0.0008207478169603666  1.578516023752457e-05
136.35  -0.000820746918507075  1.5781651441355046e-05
136.4  -0.0008207460069623384  1.5778192507288793e-05
136.45000000000002  -0.0008207450849115009  1.5774789565632576e-05
136.5  -0.0008207441555408536  1.577144564288797e-05
136.55  -0.0008207432224443918  1.5768160484974907e-05
136.6  -0.0008207422893913679  1.5764930572525213e-05
136.65  -0.0008207413600983052  1.576174932574803e-05
136.70000000000002  -0.0008207404379754785  1.575860749486479e-05
136.75  -0.0008207395259122696  1.5755493701125447e-05
136.8  -0.0008207386260908775  1.5752395105750154e-05
136.85  -0.000820737739830903  1.5749298157832314e-05
136.9  -0.0008207368675026111  1.5746189396571636e-05
136.95000000000002  -0.0008207360084946218  1.57430562355591e-05
137.0  -0.0008207351612463426  1.5739887699484307e-05
137.05  -0.0008207343233385158  1.5736675066616566e-05
137.1  -0.0008207334916336856  1.5733412376412728e-05
137.15  -0.000820732662473111  1.5730096789686116e-05
137.20000000000002  -0.0008207318318963218  1.572672875330063e-05
137.25  -0.0008207309958811388  1.5723311958477644e-05
137.3  -0.0008207301505909294  1.5719853145410522e-05
137.35  -0.0008207292926055709  1.5716361692933562e-05
137.4  -0.0008207284191253304  1.571284907195985e-05
137.45000000000002  -0.000820727528135163  1.570932815861414e-05
137.5  -0.0008207266185197046  1.5705812475125887e-05
137.55  -0.0008207256901206493  1.570231537726817e-05
137.6  -0.000820724743738216  1.5698849259301417e-05
137.65  -0.000820723781070288  1.569542479934135e-05
137.70000000000002  -0.00082072280460131  1.5692050312749502e-05
137.75  -0.000820721817440795  1.5688731237080682e-05
137.8  -0.0008207208231310032  1.5685469789321685e-05
137.85  -0.0008207198254196186  1.5682264811609642e-05
137.9  -0.0008207188280401726  1.5679111819743674e-05
137.95000000000002  -0.0008207178344723702  1.5676003244444485e-05
138.0  -0.0008207168477558634  1.5672928871905494e-05
138.05  -0.000820715870296868  1.5669876431720006e-05
138.1  -0.0008207149037427585  1.566683231961981e-05
138.15  -0.000820713948890656  1.5663782401301152e-05
138.20000000000002  -0.0008207130056532545  1.5660712849072762e-05
138.25  -0.0008207120730803887  1.5657610967165507e-05
138.3  -0.0008207111494237327  1.5654465948303307e-05
138.35  -0.0008207102322579462  1.5651269526361722e-05
138.4  -0.0008207093186294416  1.5648016468884467e-05
138.45000000000002  -0.000820708405240652  1.5644704901440808e-05
138.5  -0.0008207074886503566  1.564133641580108e-05
138.55  -0.0008207065654768864  1.5637915980660122e-05
138.6  -0.0008207056325956108  1.5634451636769154e-05
138.65  -0.0008207046873227105  1.5630954005822675e-05
138.70000000000002  -0.000820703727573048  1.5627435646074815e-05
138.75  -0.0008207027519775323  1.5623910293852865e-05
138.8  -0.0008207017599570669  1.5620392022434632e-05
138.85  -0.000820700751766899  1.5616894383050023e-05
138.9  -0.0008206997284737491  1.5613429585264863e-05
138.95000000000002  -0.0008206986919080933  1.5610007755060586e-05
139.0  -0.0008206976445582625  1.5606636320588058e-05
139.05  -0.0008206965894315261  1.560331956231573e-05
139.1  -0.0008206955299014841  1.5600058363142715e-05
139.15  -0.000820694469512976  1.559685015203524e-05
139.20000000000002  -0.0008206934118011262  1.5593689071183303e-05
139.25  -0.0008206923600821753  1.5590566335991238e-05
139.3  -0.0008206913172903513  1.5587470752614365e-05
139.35  -0.0008206902858015676  1.558438941407262e-05
139.4  -0.0008206892673110116  1.5581308458454063e-05
139.45000000000002  -0.0008206882627275718  1.5578213910762725e-05
139.5  -0.0008206872721312343  1.5575092507428786e-05
139.55  -0.0008206862947494505  1.5571932480429925e-05
139.6  -0.0008206853290084491  1.5568724256244588e-05
139.65  -0.0008206843726185985  1.556546100367701e-05
139.70000000000002  -0.0008206834227111856  1.5562139044484366e-05
139.75  -0.0008206824759989319  1.5558758045505316e-05
139.8  -0.0008206815289682802  1.555532103485668e-05
139.85  -0.000820680578100254  1.5551834206139646e-05
139.9  -0.000820679620080949  1.55483065513648e-05
139.95000000000002  -0.0008206786520106583  1.5544749330644774e-05
140.0  -0.000820677671591739  1.554117539459977e-05
140.05  -0.0008206766772838065  1.553759842790796e-05
140.1  -0.0008206756684054991  1.5534032156922948e-05
140.15  -0.000820674645198576  1.5530489533096604e-05
140.20000000000002  -0.0008206736088254956  1.5526981983071653e-05
140.25  -0.0008206725613137104  1.5523518748666453e-05
140.3  -0.0008206715054487647  1.552010633813815e-05
140.35  -0.0008206704446148612  1.5516748168082533e-05
140.4  -0.0008206693825901597  1.551344436100208e-05
140.45000000000002  -0.0008206683233309214  1.551019174303274e-05
140.5  -0.0008206672707274396  1.5506984038705647e-05
140.55  -0.0008206662283680582  1.5503812242580856e-05
140.6  -0.0008206651993189607  1.5500665154859574e-05
140.65  -0.0008206641859326225  1.5497530043769784e-05
140.70000000000002  -0.0008206631896980424  1.5494393390916208e-05
140.75  -0.0008206622111526682  1.549124170744688e-05
140.8  -0.0008206612498401507  1.5488062319336457e-05
140.85  -0.0008206603043475852  1.5484844129818416e-05
140.9  -0.0008206593723895165  1.5481578285017768e-05
140.95000000000002  -0.0008206584509562088  1.5478258705987273e-05
141.0  -0.0008206575365060165  1.547488246081332e-05
141.05  -0.0008206566251874813  1.5471449966356033e-05
141.1  -0.0008206557130854302  1.5467964971584646e-05
141.15  -0.0008206547964646304  1.546443435907288e-05
141.20000000000002  -0.0008206538720051184  1.546086774762822e-05
141.25  -0.0008206529370024003  1.5457276943211932e-05
141.3  -0.0008206519895284384  1.545367524220429e-05
141.35  -0.0008206510285522207  1.545007664704003e-05
141.4  -0.000820650053988787  1.5446495049850086e-05
141.45000000000002  -0.0008206490666974082  1.5442943401978884e-05
141.5  -0.0008206480684232988  1.5439432949198098e-05
141.55  -0.0008206470616760972  1.5435972570092553e-05
141.6  -0.000820646049585398  1.5432568233324337e-05
141.65  -0.0008206450356936754  1.5429222660250986e-05
141.70000000000002  -0.0008206440237490865  1.5425935147913e-05
141.75  -0.000820643017480448  1.542270162694715e-05
141.8  -0.0008206420203759509  1.541951488502147e-05
141.85  -0.000820641035486313  1.541636501697452e-05
141.9  -0.0008206400652385331  1.5413240015983145e-05
141.95000000000002  -0.0008206391113112721  1.5410126477761847e-05
142.0  -0.0008206381745418321  1.5407010426377802e-05
142.05  -0.0008206372548792892  1.540387814554249e-05
142.1  -0.0008206363513978724  1.5400717018919765e-05
142.15  -0.0008206354623574484  1.5397516289569367e-05
142.20000000000002  -0.0008206345853149716  1.539426772685117e-05
142.25  -0.0008206337172633761  1.5390966117597056e-05
142.3  -0.0008206328548133596  1.5387609594261957e-05
142.35  -0.0008206319943949103  1.5384199752298158e-05
142.4  -0.0008206311324565834  1.5380741561752602e-05
142.45000000000002  -0.0008206302656770814  1.5377243071740374e-05
142.5  -0.0008206293911460737  1.5373714926239903e-05
142.55  -0.0008206285065397561  1.5370169727981463e-05
142.6  -0.0008206276102461033  1.536662129316606e-05
142.65  -0.0008206267014625258  1.5363083812308556e-05
142.70000000000002  -0.0008206257802410368  1.535957101179942e-05
142.75  -0.0008206248474928323  1.5356095325577516e-05
142.8  -0.0008206239049358179  1.5352667162425618e-05
142.85  -0.0008206229550041025  1.5349294284664893e-05
142.9  -0.0008206220007193386  1.5345981342189635e-05
142.95000000000002  -0.0008206210455078313  1.5342729608448314e-05
143.0  -0.0008206200930181754  1.533953690015938e-05
143.05  -0.0008206191469108965  1.5336397724027774e-05
143.1  -0.0008206182106486966  1.5333303600499094e-05
143.15  -0.0008206172872909688  1.5330243577918717e-05
143.20000000000002  -0.0008206163793165446  1.5327204900983317e-05
143.25  -0.0008206154884708389  1.5324173767739826e-05
143.3  -0.0008206146156657731  1.5321136167842516e-05
143.35  -0.0008206137609132405  1.5318078704659277e-05
143.4  -0.0008206129233245042  1.531498941523073e-05
143.45000000000002  -0.0008206121011504891  1.531185846008823e-05
143.5  -0.000820611291895897  1.5308678709624103e-05
143.55  -0.0008206104924502227  1.5305446164030814e-05
143.6  -0.0008206096992970631  1.5302160172840835e-05
143.65  -0.0008206089087131195  1.5298823474386514e-05
143.70000000000002  -0.0008206081170070304  1.529544202303072e-05
143.75  -0.0008206073207407166  1.5292024628090557e-05
143.8  -0.0008206065169630472  1.528858242839991e-05
143.85  -0.0008206057033819127  1.5285128240649843e-05
143.9  -0.0008206048785153702  1.5281675791717093e-05
143.95000000000002  -0.0008206040417893467  1.5278238901319813e-05
144.0  -0.0008206031935886237  1.527483067359698e-05
144.05  -0.0008206023352245097  1.5271462710886394e-05
144.1  -0.0008206014688735309  1.526814443195731e-05
144.15  -0.0008206005974484024  1.526488250773385e-05
144.20000000000002  -0.0008205997244206696  1.5261680461694182e-05
144.25  -0.0008205988536120474  1.5258538464976473e-05
144.3  -0.0008205979889698675  1.5255453320633786e-05
144.35  -0.0008205971343237962  1.5252418656112703e-05
144.4  -0.0008205962931485554  1.5249425298798297e-05
144.45000000000002  -0.0008205954683546941  1.5246461820373944e-05
144.5  -0.0008205946621117269  1.524351521615811e-05
144.55  -0.0008205938757156764  1.5240571667961798e-05
144.6  -0.0008205931095184096  1.5237617371030468e-05
144.65  -0.0008205923629094917  1.5234639344628383e-05
144.70000000000002  -0.0008205916343646393  1.5231626198161348e-05
144.75  -0.000820590921539035  1.5228568813270733e-05
144.8  -0.0008205902214257602  1.5225460878870228e-05
144.85  -0.0008205895305308712  1.5222299273053995e-05
144.9  -0.0008205888450912082  1.521908425422536e-05
144.95000000000002  -0.0008205881613016727  1.5215819461433995e-05
145.0  -0.0008205874755406753  1.5212511692263989e-05
145.05  -0.0008205867845810271  1.5209170507415014e-05
145.1  -0.0008205860857766895  1.5205807680335388e-05
145.15  -0.0008205853772093529  1.5202436474843106e-05
145.20000000000002  -0.000820584657796105  1.5199070870237225e-05
145.25  -0.0008205839273380066  1.5195724710991487e-05
145.3  -0.0008205831865179734  1.5192410876639488e-05
145.35  -0.0008205824368514477  1.518914050126967e-05
145.4  -0.0008205816805840762  1.5185922315649443e-05
145.45000000000002  -0.0008205809205408147  1.5182762107237972e-05
145.5  -0.0008205801599457627  1.5179662377884894e-05
145.55  -0.000820579402225268  1.5176622200897133e-05
145.6  -0.000820578650792303  1.5173637269486257e-05
145.65  -0.0008205779088380295  1.5170700170667219e-05
145.70000000000002  -0.0008205771791418699  1.5167800825921702e-05
145.75  -0.0008205764639041553  1.5164927105017234e-05
145.8  -0.0008205757646124668  1.5162065551492933e-05
145.85  -0.0008205750819487567  1.515920219223566e-05
145.9  -0.0008205744157456001  1.5156323374012574e-05
145.95000000000002  -0.0008205737649896742  1.5153416580661197e-05
146.0  -0.0008205731278724593  1.5150471173731774e-05
146.05  -0.0008205725018717125  1.5147479030659075e-05
146.1  -0.0008205718838917679  1.5144435008006643e-05
146.15  -0.0008205712704286636  1.5141337260140154e-05
146.20000000000002  -0.0008205706577508094  1.5138187321041318e-05
146.25  -0.0008205700421049376  1.5134990015787321e-05
146.3  -0.0008205694199109047  1.5131753150341505e-05
146.35  -0.0008205687879608907  1.5128487036924023e-05
146.4  -0.0008205681435874199  1.5125203884792026e-05
146.45000000000002  -0.0008205674848107795  1.5121917051734782e-05
146.5  -0.0008205668104423498  1.5118640245720644e-05
146.55  -0.000820566120143854  1.5115386722753328e-05
146.6  -0.0008205654144350794  1.5112168490477931e-05
146.65  -0.0008205646946560106  1.5108995604492625e-05
146.70000000000002  -0.0008205639628784237  1.5105875580362187e-05
146.75  -0.0008205632217742972  1.5102812944764693e-05
146.8  -0.0008205624744526467  1.5099808982383658e-05
146.85  -0.0008205617242706561  1.5096861666176811e-05
146.9  -0.0008205609746243961  1.5093965769709633e-05
146.95000000000002  -0.0008205602287390805  1.5091113180278905e-05
147.0  -0.0008205594894691513  1.5088293375836986e-05
147.05  -0.0008205587591153061  1.5085494030843871e-05
147.1  -0.0008205580392662559  1.5082701727834507e-05
147.15  -0.000820557330690516  1.507990276282975e-05
147.20000000000002  -0.000820556633268955  1.5077083912173818e-05
147.25  -0.0008205559459858386  1.5074233220636175e-05
147.3  -0.0008205552669715168  1.5071340700142217e-05
147.35  -0.0008205545935999818  1.5068398898664343e-05
147.4  -0.0008205539226439968  1.5065403355384228e-05
147.45000000000002  -0.0008205532504510015  1.5062352849884008e-05
147.5  -0.0008205525731716238  1.5059249485434149e-05
147.55  -0.0008205518869763504  1.5056098565829489e-05
147.6  -0.0008205511883009809  1.505290828531403e-05
147.65  -0.0008205504740532106  1.504968924238609e-05
147.70000000000002  -0.0008205497418046578  1.5046453817718869e-05
147.75  -0.000820548989932248  1.5043215435821917e-05
147.8  -0.0008205482177233692  1.5039987760836777e-05
147.85  -0.0008205474254031897  1.5036783890520268e-05
147.9  -0.0008205466141205226  1.5033615560592207e-05
147.95000000000002  -0.000820545785868678  1.5030492446157823e-05
148.0  -0.0008205449433655615  1.5027421574840172e-05
148.05  -0.0008205440898723998  1.5024406901136141e-05
148.1  -0.0008205432289980827  1.5021449059988783e-05
148.15  -0.0008205423644735871  1.5018545316292987e-05
148.20000000000002  -0.000820541499923717  1.5015689707559461e-05
148.25  -0.0008205406386517417  1.5012873398625136e-05
148.3  -0.0008205397834452333  1.5010085184304685e-05
148.35  -0.0008205389364148619  1.5007312150841566e-05
148.4  -0.0008205380988834218  1.5004540427607281e-05
148.45000000000002  -0.0008205372713140153  1.5001756013648007e-05
148.5  -0.0008205364532968312  1.4998945610475347e-05
148.55  -0.0008205356435895719  1.4996097397922711e-05
148.6  -0.0008205348401969933  1.499320176324764e-05
148.65  -0.0008205340405088561  1.4990251866424083e-05
148.70000000000002  -0.0008205332414607646  1.4987244054114317e-05
148.75  -0.0008205324397230289  1.4984178079518475e-05
148.8  -0.0008205316319026988  1.4981057116939065e-05
148.85  -0.0008205308147465301  1.4977887562124168e-05
148.9  -0.000820529985332994  1.4974678655090305e-05
148.95000000000002  -0.0008205291412389121  1.4971441918145215e-05
149.0  -0.0008205282806786941  1.4968190458943399e-05
149.05  -0.0008205274026070636  1.4964938174690185e-05
149.1  -0.0008205265067771701  1.4961698912640837e-05
149.15  -0.0008205255937476957  1.4958485649008775e-05
149.20000000000002  -0.000820524664863807  1.4955309707289743e-05
149.25  -0.0008205237221766903  1.495218007914077e-05
149.3  -0.0008205227683300584  1.4949102893260639e-05
149.35  -0.0008205218064272699  1.4946081048430935e-05
149.4  -0.0008205208398514218  1.4943114058134366e-05
149.45000000000002  -0.0008205198720968228  1.494019806949512e-05
149.5  -0.0008205189065714369  1.4937326102790519e-05
149.55  -0.000820517946416286  1.4934488477636788e-05
149.6  -0.0008205169943386108  1.4931673394825615e-05
149.65  -0.0008205160524551162  1.4928867649731024e-05
149.70000000000002  -0.0008205151221802602  1.4926057417557646e-05
149.75  -0.0008205142041385156  1.4923229091015817e-05
149.8  -0.0008205132981281915  1.492037008904456e-05
149.85  -0.0008205124031240388  1.491746959857989e-05
149.9  -0.0008205115173313898  1.4914519228948668e-05
149.95000000000002  -0.0008205106382867254  1.4911513498549935e-05
150.0  -0.0008205097629952851  1.4908450162225964e-05
150.05  -0.0008205088881103142  1.4905330330915786e-05
150.1  -0.0008205080101234484  1.4902158408085274e-05
150.15  -0.0008205071255876404  1.4898941815021322e-05
150.20000000000002  -0.0008205062313192014  1.4895690557136768e-05
150.25  -0.0008205053246102614  1.4892416619806653e-05
150.3  -0.0008205044034018605  1.4889133275231047e-05
150.35  -0.0008205034664127383  1.4885854285819349e-05
150.4  -0.0008205025132452785  1.4882593098932079e-05
150.45000000000002  -0.0008205015444218422  1.487936205852615e-05
150.5  -0.000820500561365434  1.4876171676429404e-05
150.55  -0.0008204995663325782  1.4873030024813464e-05
150.6  -0.0008204985622907533  1.4869942258881742e-05
150.65  -0.0008204975527447775  1.486691032381545e-05
150.70000000000002  -0.0008204965415355188  1.486393284955644e-05
150.75  -0.0008204955326063345  1.4861005237241107e-05
150.8  -0.0008204945297711472  1.4858119939004121e-05
150.85  -0.0008204935364681282  1.4855266924028486e-05
150.9  -0.0008204925555516636  1.4852434264678348e-05
150.95000000000002  -0.000820491589108298  1.4849608863389224e-05
151.0  -0.0008204906383251709  1.4846777233505529e-05
151.05  -0.0008204897034053313  1.4843926298257018e-05
151.1  -0.000820488783561278  1.4841044163967651e-05
151.15  -0.0008204878770621259  1.4838120830667394e-05
151.20000000000002  -0.0008204869813451454  1.483514878689962e-05
151.25  -0.0008204860931827621  1.4832123452946972e-05
151.3  -0.0008204852088841279  1.4829043461163979e-05
151.35  -0.0008204843245372017  1.4825910750223387e-05
151.4  -0.0008204834362552775  1.4822730463043624e-05
151.45000000000002  -0.0008204825404242517  1.481951064891292e-05
151.5  -0.0008204816339292177  1.4816261819880299e-05
151.55  -0.0008204807143545867  1.4812996326207307e-05
151.6  -0.0008204797801367695  1.4809727641788254e-05
151.65  -0.0008204788306627844  1.4806469576159119e-05
151.70000000000002  -0.0008204778663101031  1.4803235456439909e-05
151.75  -0.0008204768884273468  1.4800037334133107e-05
151.8  -0.0008204758992465188  1.4796885273193373e-05
151.85  -0.0008204749017476324  1.4793786742733927e-05
151.9  -0.0008204738994654229  1.4790746156185652e-05
151.95000000000002  -0.0008204728962853315  1.4787764612092763e-05
152.0  -0.0008204718961907469  1.4784839817771423e-05
152.05  -0.0008204709030300748  1.478196621850056e-05
152.1  -0.0008204699202846064  1.4779135324199466e-05
152.15  -0.0008204689508631137  1.477633622416763e-05
152.20000000000002  -0.0008204679969405941  1.4773556224322829e-05
152.25  -0.0008204670598395885  1.4770781627771617e-05
152.3  -0.0008204661399703787  1.4767998545250991e-05
152.35  -0.0008204652368297229  1.4765193739440315e-05
152.4  -0.0008204643490396428  1.4762355428458453e-05
152.45000000000002  -0.0008204634744561053  1.4759473999136096e-05
152.5  -0.000820462610303974  1.4756542588598934e-05
152.55  -0.0008204617533650446  1.4753557505733906e-05
152.6  -0.0008204609001689334  1.475051845926229e-05
152.65  -0.0008204600472105548  1.4747428586667308e-05
152.70000000000002  -0.0008204591911673862  1.4744294261973966e-05
152.75  -0.0008204583290874044  1.4741124719468016e-05
152.8  -0.0008204574585747316  1.4737931490618923e-05
152.85  -0.0008204565779253714  1.4734727720679152e-05
152.9  -0.000820455686232204  1.4731527365520209e-05
152.95000000000002  -0.0008204547834319831  1.4728344355155053e-05
153.0  -0.0008204538703117977  1.4725191743783332e-05
153.05  -0.0008204529484633489  1.4722080933976534e-05
153.1  -0.0008204520201951271  1.4719020980204505e-05
153.15  -0.0008204510884025297  1.4716018048321964e-05
153.20000000000002  -0.0008204501564037036  1.4713075049114024e-05
153.25  -0.0008204492277628633  1.4710191477376624e-05
153.3  -0.0008204483060874231  1.4707363436266305e-05
153.35  -0.0008204473948428245  1.470458389424994e-05
153.4  -0.000820446497160278  1.47018431035607e-05
153.45000000000002  -0.0008204456156735141  1.4699129190805151e-05
153.5  -0.000820444752369481  1.4696428860622927e-05
153.55  -0.0008204439084890149  1.4693728196385112e-05
153.60000000000002  -0.0008204430844515503  1.4691013474198806e-05
153.65  -0.0008204422798414478  1.4688271974004088e-05
153.70000000000002  -0.000820441493425937  1.4685492727147453e-05
153.75  -0.0008204407232283907  1.4682667160623099e-05
153.8  -0.0008204399666369728  1.4679789600900478e-05
153.85000000000002  -0.0008204392205617486  1.4676857586995375e-05
153.9  -0.0008204384816115433  1.4673872020178167e-05
153.95000000000002  -0.0008204377462934728  1.4670837105580105e-05
154.0  -0.0008204370112290132  1.4667760092673806e-05
154.05  -0.0008204362733530928  1.4664650848942727e-05
154.10000000000002  -0.0008204355301121564  1.466152126585081e-05
154.15  -0.0008204347796159255  1.4658384559497494e-05
154.20000000000002  -0.0008204340207715511  1.4655254484070347e-05
154.25  -0.0008204332533582434  1.465214451157001e-05
154.3  -0.0008204324780422892  1.4649067037410496e-05
154.35000000000002  -0.0008204316963588569  1.4646032639886448e-05
154.4  -0.0008204309106302108  1.4643049463636693e-05
154.45000000000002  -0.0008204301238267471  1.46401227321838e-05
154.5  -0.0008204293393991552  1.4637254443971605e-05
154.55  -0.0008204285610689785  1.4634443252574858e-05
154.60000000000002  -0.0008204277926012835  1.4631684554784145e-05
154.65  -0.0008204270375843309  1.4628970739309394e-05
154.70000000000002  -0.000820426299192264  1.462629164685641e-05
154.75  -0.0008204255799922675  1.4623635165381945e-05
154.8  -0.0008204248817801332  1.4620987924200473e-05
154.85000000000002  -0.0008204242054613489  1.4618336096639548e-05
154.9  -0.0008204235509885712  1.4615666209615084e-05
154.95000000000002  -0.0008204229173531166  1.4612965941681677e-05
155.0  -0.0008204223026421932  1.4610224848438233e-05
155.05  -0.0008204217041544025  1.4607434989715503e-05
155.10000000000002  -0.0008204211185506799  1.4604591408537686e-05
155.15  -0.0008204205420624073  1.4601692431882277e-05
155.20000000000002  -0.0008204199707145766  1.4598739769540654e-05
155.25  -0.0008204194005581849  1.459573842292432e-05
155.3  -0.000820418827913176  1.4592696386748517e-05
155.35000000000002  -0.0008204182495755341  1.4589624172151538e-05
155.4  -0.0008204176630036124  1.458653418430272e-05
155.45000000000002  -0.0008204170664518263  1.4583439976342122e-05
155.5  -0.0008204164590554689  1.4580355439135521e-05
155.55  -0.0008204158408683173  1.457729397987646e-05
155.60000000000002  -0.0008204152128290637  1.4574267717546103e-05
155.65  -0.000820414576688144  1.4571286770005644e-05
155.70000000000002  -0.0008204139348818313  1.4568358652285022e-05
155.75  -0.0008204132903661308  1.4565487839059425e-05
155.8  -0.0008204126464232217  1.4562675499394133e-05
155.85000000000002  -0.0008204120064631513  1.4559919420705728e-05
155.9  -0.000820411373805925  1.4557214144384194e-05
155.95000000000002  -0.0008204107514800476  1.455455128878552e-05
156.0  -0.00082041014204251  1.4551920042721279e-05
156.05  -0.0008204095474134363  1.4549307805490391e-05
156.10000000000002  -0.0008204089687581787  1.4546700938515393e-05
156.15  -0.0008204084064134875  1.45440855793044e-05
156.20000000000002  -0.0008204078598496351  1.4541448466204028e-05
156.25  -0.0008204073276864526  1.453877773789072e-05
156.3  -0.0008204068077650147  1.45360636386254e-05
156.35000000000002  -0.0008204062972531804  1.4533299101104945e-05
156.4  -0.0008204057927947752  1.4530480170197126e-05
156.45000000000002  -0.000820405290699106  1.4527606239250171e-05
156.5  -0.0008204047871255746  1.452468009041565e-05
156.55  -0.000820404278304211  1.4521707717987165e-05
156.60000000000002  -0.000820403760731926  1.4518697975560635e-05
156.65  -0.0008204032313601807  1.4515662047000655e-05
156.70000000000002  -0.000820402687766036  1.4512612768317478e-05
156.75  -0.00082040212827345  1.4509563881945483e-05
156.8  -0.0008204015520443459  1.4506529193868915e-05
156.85000000000002  -0.0008204009591188358  1.4503521781273807e-05
156.9  -0.0008204003504071362  1.4500553197545145e-05
156.95000000000002  -0.000820399727624733  1.4497632801907046e-05
157.0  -0.0008203990931933039  1.4494767196721937e-05
157.05  -0.0008203984500776692  1.4491959835742727e-05
157.10000000000002  -0.0008203978016255273  1.4489210813500462e-05
157.15  -0.0008203971513418681  1.4486516864194751e-05
157.20000000000002  -0.0008203965026787345  1.448387155238498e-05
157.25  -0.0008203958588194895  1.448126565006412e-05
157.3  -0.0008203952224754089  1.4478687685325303e-05
157.35000000000002  -0.0008203945957042863  1.4476124634400485e-05
157.4  -0.0008203939797769351  1.447356268696276e-05
157.45000000000002  -0.0008203933750812606  1.4470988069574552e-05
157.5  -0.0008203927810845136  1.4468387870276381e-05
157.55  -0.0008203921963464151  1.4465750789885196e-05
157.60000000000002  -0.0008203916186024326  1.4463067817378165e-05
157.65  -0.0008203910448913751  1.4460332750874049e-05
157.70000000000002  -0.0008203904717284451  1.4457542554942217e-05
157.75  -0.0008203898953211147  1.4454697548794667e-05
157.8  -0.0008203893117881197  1.445180136098068e-05
157.85000000000002  -0.0008203887173970987  1.444886072564074e-05
157.9  -0.000820388108790131  1.444588508439659e-05
157.95000000000002  -0.0008203874831952645  1.4442886021334895e-05
158.0  -0.0008203868385777339  1.4439876584932559e-05
158.05  -0.0008203861737783373  1.4436870514293945e-05
158.10000000000002  -0.0008203854885766813  1.4433881435300402e-05
158.15  -0.0008203847836978296  1.443092204142678e-05
158.20000000000002  -0.0008203840607814137  1.4428003344941868e-05
158.25  -0.0008203833222663728  1.4425134016453301e-05
158.3  -0.0008203825712537938  1.442231985739604e-05
158.35000000000002  -0.0008203818113065224  1.441956345448294e-05
158.4  -0.0008203810462335562  1.4416864002698981e-05
158.45000000000002  -0.0008203802798564902  1.4414217349172e-05
158.5  -0.000820379515774493  1.4411616236707043e-05
158.55  -0.0008203787571456301  1.4409050721015228e-05
158.60000000000002  -0.0008203780064930002  1.4406508759244162e-05
158.65  -0.0008203772655668961  1.4403976927676522e-05
158.70000000000002  -0.000820376535234415  1.4401441209974846e-05
158.75  -0.0008203758154473794  1.4398887834745386e-05
158.8  -0.0008203751052533964  1.4396304087415691e-05
158.85000000000002  -0.0008203744028666545  1.4393679075387742e-05
158.9  -0.0008203737057957676  1.439100436720017e-05
158.95000000000002  -0.0008203730110043773  1.4388274507578938e-05
159.0  -0.0008203723151051321  1.438548735134299e-05
159.05  -0.0008203716145707819  1.438264418595096e-05
159.10000000000002  -0.0008203709059440893  1.437974967668479e-05
159.15  -0.0008203701860544736  1.4376811577930808e-05
159.20000000000002  -0.0008203694522013946  1.4373840270531357e-05
159.25  -0.0008203687023183627  1.4370848142857581e-05
159.3  -0.0008203679350801174  1.4367848848257465e-05
159.35000000000002  -0.0008203671499835498  1.436485647768413e-05
159.4  -0.0008203663473756563  1.4361884707434543e-05
159.45000000000002  -0.0008203655284238587  1.4358945980638238e-05
159.5  -0.0008203646950549378  1.435605075103335e-05
159.55  -0.000820363849826455  1.4353206861580751e-05
159.60000000000002  -0.0008203629957906067  1.4350419071414828e-05
159.65  -0.000820362136309794  1.434768877424733e-05
159.70000000000002  -0.0008203612748718038  1.4345013932693784e-05
159.75  -0.0008203604149009648  1.4342389202057497e-05
159.8  -0.0008203595595648212  1.4339806270840605e-05
159.85000000000002  -0.0008203587116127478  1.4337254363253667e-05
159.9  -0.0008203578732234886  1.4334720904959496e-05
159.95000000000002  -0.0008203570458990068  1.4332192263199323e-05
160.0  -0.0008203562303850521  1.432965458540215e-05
160.05  -0.0008203554266415417  1.4327094627610828e-05
160.10000000000002  -0.0008203546338439585  1.4324500542242224e-05
160.15  -0.0008203538504349006  1.4321862583614644e-05
160.20000000000002  -0.0008203530742096142  1.4319173686859758e-05
160.25  -0.0008203523024394019  1.4316429881769508e-05
160.3  -0.0008203515320212561  1.4313630523273089e-05
160.35000000000002  -0.0008203507596442931  1.4310778323595478e-05
160.4  -0.0008203499819867273  1.4307879179213125e-05
160.45000000000002  -0.0008203491958919462  1.4304941818525868e-05
160.5  -0.0008203483985633424  1.4301977277232539e-05
160.55  -0.0008203475877301099  1.429899824526785e-05
160.60000000000002  -0.0008203467617876156  1.429601830840396e-05
160.65  -0.0008203459199085658  1.4293051158447345e-05
160.70000000000002  -0.0008203450621043969  1.4290109780556526e-05
160.75  -0.00082034418923998  1.4287205693852122e-05
160.8  -0.0008203433030005921  1.428434829821659e-05
160.85000000000002  -0.0008203424058098337  1.4281544310087665e-05
160.9  -0.0008203415006973129  1.4278797387990978e-05
160.95000000000002  -0.0008203405911319638  1.4276107934876664e-05
161.0  -0.000820339680832737  1.427347307656683e-05
161.05  -0.000820338773547171  1.4270886839148162e-05
161.10000000000002  -0.0008203378728306733  1.4268340521199786e-05
161.15  -0.0008203369818329156  1.4265823186118188e-05
161.20000000000002  -0.0008203361031017821  1.4263322330867762e-05
161.25  -0.0008203352384194498  1.4260824616026168e-05
161.3  -0.0008203343886852094  1.4258316653876471e-05
161.35000000000002  -0.0008203335538495754  1.4255785792928358e-05
161.4  -0.0008203327329050403  1.4253220863958294e-05
161.45000000000002  -0.0008203319239347307  1.4250612852409385e-05
161.5  -0.0008203311242328892  1.4247955420239994e-05
161.55  -0.0008203303304618501  1.4245245296279786e-05
161.60000000000002  -0.0008203295388696312  1.4242482469513482e-05
161.65  -0.000820328745520476  1.4239670213113506e-05
161.70000000000002  -0.0008203279465474318  1.423681488853907e-05
161.75  -0.0008203271384054118  1.4233925574654786e-05
161.8  -0.0008203263180996695  1.4231013549812713e-05
161.85000000000002  -0.000820325483369375  1.4228091607475972e-05
161.9  -0.0008203246328425856  1.422517330819308e-05
161.95000000000002  -0.000820323766119818  1.4222272170010203e-05
162.0  -0.0008203228837991878  1.4219400860971038e-05
162.05  -0.0008203219874366221  1.421657044703233e-05
162.10000000000002  -0.0008203210794556431  1.421378973178052e-05
162.15  -0.000820320162992188  1.4211064728814732e-05
162.20000000000002  -0.0008203192417029877  1.4208398307018482e-05
162.25  -0.0008203183195412501  1.4205790008075007e-05
162.3  -0.0008203174005245418  1.4203236079629654e-05
162.35000000000002  -0.0008203164884976419  1.4200729679037264e-05
162.4  -0.0008203155869030206  1.4198261284111306e-05
162.45000000000002  -0.0008203146985822879  1.4195819238659708e-05
162.5  -0.0008203138256204752  1.4193390435519003e-05
162.55  -0.0008203129692226473  1.419096109239737e-05
162.60000000000002  -0.0008203121296718081  1.4188517558856497e-05
162.65  -0.0008203113063152659  1.4186047119007714e-05
162.70000000000002  -0.0008203104976247962  1.418353876500068e-05
162.75  -0.0008203097013107033  1.4180983845273293e-05
162.8  -0.0008203089144720847  1.4178376595638353e-05
162.85000000000002  -0.0008203081337909555  1.4175714473222399e-05
162.9  -0.0008203073557366655  1.4172998331163627e-05
162.95000000000002  -0.0008203065767866351  1.4170232350056385e-05
163.0  -0.000820305793646994  1.4167423807637356e-05
163.05  -0.0008203050034376907  1.41645826233583e-05
163.10000000000002  -0.0008203042038680652  1.4161720765532926e-05
163.15  -0.0008203033933692376  1.4158851532961123e-05
163.20000000000002  -0.000820302571191091  1.4155988746951246e-05
163.25  -0.000820301737420329  1.4153145917787766e-05
163.3  -0.0008203008929996219  1.4150335425113674e-05
163.35000000000002  -0.0008203000396623239  1.414756778076625e-05
163.4  -0.0008202991798413789  1.414485098648929e-05
163.45000000000002  -0.000820298316533566  1.414219005510032e-05
163.5  -0.0008202974531438087  1.4139586702430055e-05
163.55  -0.0008202965932932717  1.413703923717753e-05
163.60000000000002  -0.0008202957406268783  1.4134542656329984e-05
163.65  -0.0008202948986160112  1.4132088941774335e-05
163.70000000000002  -0.000820294070362255  1.412966751971397e-05
163.75  -0.0008202932584279385  1.4127265892900534e-05
163.8  -0.0008202924646832635  1.4124870395275727e-05
163.85000000000002  -0.0008202916902134089  1.412246699121413e-05
163.9  -0.000820290935249194  1.4120042125472009e-05
163.95000000000002  -0.0008202901991561927  1.4117583529383573e-05
164.0  -0.0008202894804711619  1.4115080946905194e-05
164.05  -0.000820288776987548  1.411252674657869e-05
164.10000000000002  -0.0008202880858836336  1.4109916358201555e-05
164.15  -0.0008202874038931487  1.4107248554416597e-05
164.20000000000002  -0.0008202867274922063  1.410452549375921e-05
164.25  -0.0008202860531187746  1.4101752589747336e-05
164.3  -0.0008202853773838437  1.409893818108787e-05
164.35000000000002  -0.0008202846972815773  1.4096093011234465e-05
164.4  -0.0008202840103688373  1.4093229606475287e-05
164.45000000000002  -0.0008202833149304394  1.4090361506185578e-05
164.5  -0.0008202826100794712  1.408750247600967e-05
164.55  -0.0008202818958290975  1.408466568400058e-05
164.60000000000002  -0.0008202811730986896  1.408186292105795e-05
164.65  -0.0008202804436659253  1.4079103907766789e-05
164.70000000000002  -0.0008202797100662382  1.407639572326765e-05
164.75  -0.0008202789754450498  1.4073742389411853e-05
164.8  -0.0008202782433669565  1.4071144626748452e-05
164.85000000000002  -0.0008202775176008116  1.4068599819933632e-05
164.9  -0.0008202768018831518  1.4066102170460755e-05
164.95000000000002  -0.000820276099686629  1.4063643053858024e-05
165.0  -0.0008202754139994516  1.4061211519262283e-05
165.05  -0.0008202747471354664  1.405879495281826e-05
165.10000000000002  -0.0008202741005869989  1.4056379822076598e-05
165.15  -0.0008202734749211125  1.4053952484243478e-05
165.20000000000002  -0.0008202728697368278  1.4051499988757487e-05
165.25  -0.0008202722836838795  1.4049010833994211e-05
165.3  -0.0008202717145346449  1.4046475658101212e-05
165.35000000000002  -0.0008202711593244252  1.4043887783357287e-05
165.4  -0.0008202706145204065  1.4041243610383829e-05
165.45000000000002  -0.0008202700762343847  1.4038542849012991e-05
165.5  -0.0008202695404681083  1.4035788534652528e-05
165.55  -0.0008202690033413369  1.4032986866937647e-05
165.60000000000002  -0.0008202684613238774  1.4030146852132721e-05
165.65  -0.000820267911452196  1.4027279786485653e-05
165.70000000000002  -0.0008202673514918264  1.4024398593410624e-05
165.75  -0.000820266780063505  1.402151707315905e-05
165.8  -0.0008202661967171438  1.4018649087423974e-05
165.85000000000002  -0.0008202656019529066  1.4015807738520202e-05
165.9  -0.0008202649971646543  1.401300458277882e-05
165.95000000000002  -0.0008202643845464989  1.4010248949647528e-05
166.0  -0.0008202637669368424  1.4007547376091193e-05
166.05  -0.0008202631476293242  1.4004903215486639e-05
166.10000000000002  -0.0008202625301625338  1.4002316431005685e-05
166.15  -0.0008202619180850154  1.3999783604665421e-05
166.20000000000002  -0.0008202613147349759  1.3997298134109707e-05
166.25  -0.0008202607230254314  1.3994850643296933e-05
166.3  -0.0008202601452749497  1.3992429542542266e-05
166.35000000000002  -0.0008202595830527466  1.3990021734884475e-05
166.4  -0.0008202590370934418  1.3987613390106421e-05
166.45000000000002  -0.0008202585072427668  1.3985190785827887e-05
166.5  -0.0008202579924770158  1.3982741128684196e-05
166.55  -0.0008202574909476289  1.3980253316380701e-05
166.60000000000002  -0.0008202570000957687  1.3977718601619919e-05
166.65  -0.0008202565167897465  1.3975131121722801e-05
166.70000000000002  -0.0008202560375039171  1.3972488253513908e-05
166.75  -0.0008202555585093605  1.3969790770672645e-05
166.8  -0.0008202550760920719  1.3967042805199093e-05
166.85000000000002  -0.0008202545867425841  1.3964251611831837e-05
166.9  -0.0008202540873592126  1.3961427135361637e-05
166.95000000000002  -0.0008202535754096621  1.3958581426663222e-05
167.0  -0.0008202530490611317  1.395572792868636e-05
167.05  -0.0008202525072806957  1.3952880673426564e-05
167.10000000000002  -0.0008202519498846217  1.3950053443448547e-05
167.15  -0.0008202513775400825  1.3947258953705965e-05
167.20000000000002  -0.0008202507917184364  1.3944508099772652e-05
167.25  -0.0008202501945954995  1.3941809297174151e-05
167.3  -0.0008202495889330562  1.393916799615944e-05
167.35000000000002  -0.0008202489779090841  1.3936586359204663e-05
167.4  -0.000820248364919812  1.3934063137694677e-05
167.45000000000002  -0.0008202477533964546  1.393159376785651e-05
167.5  -0.0008202471465902388  1.3929170636201005e-05
167.55  -0.0008202465473866282  1.3926783544243853e-05
167.60000000000002  -0.0008202459581313368  1.3924420309096891e-05
167.65  -0.0008202453804802599  1.3922067491681602e-05
167.70000000000002  -0.0008202448152995438  1.3919711183082843e-05
167.75  -0.0008202442625968196  1.3917337833125958e-05
167.8  -0.0008202437215119098  1.391493504019313e-05
167.85000000000002  -0.0008202431903482453  1.3912492276163557e-05
167.9  -0.0008202426666605774  1.3910001511994638e-05
167.95000000000002  -0.000820242147385491  1.390745768663096e-05
168.0  -0.0008202416290146512  1.390485900712446e-05
168.05  -0.0008202411077952224  1.3902207056931486e-05
168.10000000000002  -0.0008202405799498165  1.3899506707986493e-05
168.15  -0.0008202400419102313  1.3896765829523716e-05
168.20000000000002  -0.0008202394905328646  1.389399483376632e-05
168.25  -0.0008202389232944947  1.3891206058323107e-05
168.3  -0.0008202383384532482  1.3888413029132475e-05
168.35000000000002  -0.0008202377351638586  1.3885629662599127e-05
168.4  -0.0008202371135350876  1.388286943116324e-05
168.45000000000002  -0.0008202364746251585  1.388014455672344e-05
168.5  -0.0008202358203880396  1.3877465296279943e-05
168.55  -0.0008202351535442379  1.3874839318778632e-05
168.60000000000002  -0.000820234477424011  1.3872271250475916e-05
168.65  -0.0008202337957615658  1.3869762405168415e-05
168.70000000000002  -0.0008202331124635278  1.3867310696181545e-05
168.75  -0.0008202324313856681  1.3864910762586484e-05
168.8  -0.0008202317560848283  1.3862554285211815e-05
168.85000000000002  -0.0008202310896094992  1.3860230470962498e-05
168.9  -0.0008202304343256443  1.3857926696496056e-05
168.95000000000002  -0.0008202297917750344  1.385562925608247e-05
169.0  -0.0008202291625827614  1.3853324167245e-05
169.05  -0.0008202285464385132  1.3850998012908573e-05
169.10000000000002  -0.0008202279421160663  1.3848638722019184e-05
169.15  -0.0008202273475668865  1.3846236304191684e-05
169.20000000000002  -0.0008202267600432183  1.3843783433632783e-05
169.25  -0.0008202261762748912  1.3841275883360541e-05
169.3  -0.0008202255926732149  1.3838712781510964e-05
169.35000000000002  -0.0008202250055523365  1.3836096659055903e-05
169.4  -0.000820224411353216  1.3833433299806287e-05
169.45000000000002  -0.0008202238068499356  1.3830731402973608e-05
169.5  -0.0008202231893496331  1.3828002054661471e-05
169.55  -0.0008202225568331645  1.3825258081170229e-05
169.60000000000002  -0.0008202219080784408  1.3822513279009062e-05
169.65  -0.0008202212427225686  1.3819781597354855e-05
169.70000000000002  -0.0008202205612742959  1.381707631834721e-05
169.75  -0.0008202198650804846  1.3814409262929441e-05
169.8  -0.0008202191562438088  1.3811790096789392e-05
169.85000000000002  -0.0008202184375010471  1.3809225757312085e-05
169.9  -0.0008202177120646586  1.380672004486108e-05
169.95000000000002  -0.0008202169834338488  1.3804273399286573e-05
170.0  -0.0008202162552090045  1.3801882878037414e-05
170.05  -0.000820215530876017  1.3799542333458735e-05
170.10000000000002  -0.0008202148136209922  1.3797242782880568e-05
170.15  -0.0008202141061580289  1.379497295079656e-05
170.20000000000002  -0.0008202134105814581  1.3792719936044366e-05
170.25  -0.0008202127282548036  1.3790470010581414e-05
170.3  -0.0008202120597327231  1.3788209411962852e-05
170.35000000000002  -0.0008202114047408609  1.3785925188417188e-05
170.4  -0.0008202107621826971  1.3783605955199063e-05
170.45000000000002  -0.0008202101301992454  1.3781242594736003e-05
170.5  -0.0008202095062731939  1.3778828780760155e-05
170.55  -0.0008202088873640839  1.3776361357751947e-05
170.60000000000002  -0.0008202082700704953  1.3773840536814973e-05
170.65  -0.0008202076508210529  1.377126986358394e-05
170.70000000000002  -0.0008202070260647631  1.3768656023020569e-05
170.75  -0.0008202063924794289  1.3766008428865587e-05
170.8  -0.0008202057471614439  1.3763338670181278e-05
170.85000000000002  -0.000820205087794777  1.376065982419954e-05
170.9  -0.0008202044128057894  1.3757985678733604e-05
170.95000000000002  -0.0008202037214520997  1.3755329907742461e-05
171.0  -0.0008202030139002141  1.3752705266005657e-05
171.05  -0.0008202022912205637  1.37501228283975e-05
171.10000000000002  -0.0008202015553399786  1.3747591333941817e-05
171.15  -0.0008202008089534919  1.3745116668452254e-05
171.20000000000002  -0.0008202000553510136  1.3742701515090557e-05
171.25  -0.0008201992982450741  1.3740345209709817e-05
171.3  -0.000820198541545454  1.3738043779924574e-05
171.35000000000002  -0.0008201977891192489  1.3735790185894652e-05
171.4  -0.0008201970445536711  1.3733574745448864e-05
171.45000000000002  -0.000820196310932218  1.3731385714093268e-05
171.5  -0.000820195590635946  1.3729209977089187e-05
171.55  -0.0008201948851795486  1.3727033823965275e-05
171.60000000000002  -0.0008201941951115746  1.3724843763859786e-05
171.65  -0.0008201935199486833  1.372262730622853e-05
171.70000000000002  -0.000820192858206141  1.3720373691738195e-05
171.75  -0.0008201922074657275  1.371807452338477e-05
171.8  -0.0008201915645243651  1.3715724249839978e-05
171.85000000000002  -0.0008201909255778966  1.3713320485433814e-05
171.9  -0.0008201902864586748  1.3710864160425837e-05
171.95000000000002  -0.000820189642896141  1.370835944820598e-05
172.0  -0.0008201889907868858  1.3705813530799074e-05
172.05  -0.0008201883264582152  1.3703236173010728e-05
172.10000000000002  -0.0008201876468966642  1.370063914317844e-05
172.15  -0.0008201869499459936  1.3698035521907495e-05
172.20000000000002  -0.0008201862344517777  1.3695438916057887e-05
172.25  -0.0008201855003251625  1.3692862659764847e-05
172.3  -0.0008201847485564826  1.3690319004952133e-05
172.35000000000002  -0.0008201839811480188  1.3687818405555747e-05
172.4  -0.0008201832009828817  1.3685368866788827e-05
172.45000000000002  -0.0008201824116414036  1.3682975477327815e-05
172.5  -0.0008201816171744665  1.3680640082679532e-05
172.55  -0.0008201808218494407  1.3678361171854726e-05
172.60000000000002  -0.0008201800298833025  1.3676133940440996e-05
172.65  -0.0008201792451875587  1.367395057301241e-05
172.70000000000002  -0.0008201784711340087  1.3671800671319215e-05
172.75  -0.0008201777103545463  1.3669671876129501e-05
172.8  -0.000820176964589447  1.3667550562439907e-05
172.85000000000002  -0.0008201762345935546  1.3665422645009972e-05
172.9  -0.0008201755201042184  1.3663274400316835e-05
172.95000000000002  -0.0008201748198690936  1.3661093268261268e-05
173.0  -0.0008201741317342976  1.365886860207595e-05
173.05  -0.0008201734527865045  1.3656592293744777e-05
173.10000000000002  -0.0008201727795513223  1.3654259273105469e-05
173.15  -0.0008201721082049161  1.3651867804928119e-05
173.20000000000002  -0.0008201714348230751  1.3649419610144717e-05
173.25  -0.0008201707556252211  1.3646919762147708e-05
173.3  -0.0008201700672020243  1.3644376382447934e-05
173.35000000000002  -0.000820169366727036  1.3641800157227911e-05
173.4  -0.0008201686521229108  1.363920369254804e-05
173.45000000000002  -0.000820167922182932  1.3636600748394528e-05
173.5  -0.0008201671766391427  1.363400540115912e-05
173.55  -0.0008201664161687456  1.363143120388635e-05
173.60000000000002  -0.0008201656423549482  1.3628890352106833e-05
173.65  -0.0008201648575847427  1.3626392954474062e-05
173.70000000000002  -0.0008201640649148561  1.3623946413103202e-05
173.75  -0.0008201632678946309  1.3621554976473642e-05
173.8  -0.0008201624703722809  1.3619219482680057e-05
173.85000000000002  -0.0008201616762700364  1.3616937294828923e-05
173.9  -0.0008201608893844178  1.3614702457417222e-05
173.95000000000002  -0.0008201601131682915  1.3612506046975351e-05
174.0  -0.0008201593505486233  1.3610336694238408e-05
174.05  -0.0008201586037675715  1.3608181269600156e-05
174.10000000000002  -0.0008201578742536834  1.3606025654209e-05
174.15  -0.0008201571625559215  1.3603855593605566e-05
174.20000000000002  -0.0008201564682979905  1.3601657549405896e-05
174.25  -0.0008201557902148931  1.3599419505843681e-05
174.3  -0.0008201551262209677  1.359713168967117e-05
174.35000000000002  -0.0008201544735305371  1.3594787159227034e-05
174.4  -0.0008201538288276702  1.359238221544136e-05
174.45000000000002  -0.0008201531884617147  1.3589916623116868e-05
174.5  -0.0008201525486639874  1.3587393620380014e-05
174.55  -0.0008201519057714362  1.3584819721481093e-05
174.60000000000002  -0.0008201512564463562  1.358220432152806e-05
174.65  -0.0008201505978716196  1.3579559126597994e-05
174.70000000000002  -0.0008201499279259073  1.357689745976943e-05
174.75  -0.0008201492453146224  1.3574233451676531e-05
174.8  -0.0008201485496476301  1.3571581211880906e-05
174.85000000000002  -0.0008201478414835746  1.3568953987174674e-05
174.9  -0.0008201471222983493  1.3566363392686072e-05
174.95000000000002  -0.0008201463944159037  1.3563818708930801e-05
175.0  -0.0008201456608920583  1.3561326372599236e-05
175.05  -0.0008201449253365209  1.3558889578475764e-05
175.10000000000002  -0.0008201441917180159  1.3556508124080969e-05
175.15  -0.000820143464128026  1.3554178415599392e-05
175.20000000000002  -0.0008201427465415567  1.3551893696974165e-05
175.25  -0.0008201420425692263  1.354964445770537e-05
175.3  -0.0008201413552347562  1.35474189982348e-05
175.35000000000002  -0.0008201406867733894  1.3545204140455415e-05
175.4  -0.0008201400384869815  1.354298600961994e-05
175.45000000000002  -0.0008201394106423979  1.3540750869756599e-05
175.5  -0.0008201388024527905  1.3538485944114271e-05
175.55  -0.0008201382121040549  1.3536180163796832e-05
175.60000000000002  -0.0008201376368680222  1.353382483063471e-05
175.65  -0.0008201370732635279  1.353141413819683e-05
175.70000000000002  -0.0008201365172715029  1.3528945504180548e-05
175.75  -0.0008201359645856318  1.3526419745249442e-05
175.8  -0.0008201354108693185  1.3523841009633122e-05
175.85000000000002  -0.0008201348520318672  1.3521216557592017e-05
175.9  -0.0008201342844721263  1.3518556337439457e-05
175.95000000000002  -0.0008201337053099562  1.3515872405327309e-05
176.0  -0.0008201331125473321  1.3513178230142495e-05
176.05  -0.0008201325051982939  1.3510487900658566e-05
176.10000000000002  -0.0008201318833394439  1.3507815318989573e-05
176.15  -0.0008201312481035573  1.350517337609324e-05
176.20000000000002  -0.0008201306015981453  1.3502573217868117e-05
176.25  -0.0008201299467769731  1.3500023581094925e-05
176.3  -0.0008201292872462316  1.3497530290863531e-05
176.35000000000002  -0.0008201286270368268  1.3495095905027604e-05
176.4  -0.0008201279703470121  1.3492719571516127e-05
176.45000000000002  -0.0008201273212776142  1.3490397071663643e-05
176.5  -0.0008201266835763393  1.3488121071748523e-05
176.55  -0.0008201260604014865  1.3485881557740906e-05
176.60000000000002  -0.0008201254541302707  1.3483666426009218e-05
176.65  -0.0008201248662159787  1.3481462212066881e-05
176.70000000000002  -0.0008201242971029924  1.3479254891970755e-05
176.75  -0.0008201237462125569  1.3477030721779416e-05
176.8  -0.0008201232119713891  1.3474777060569617e-05
176.85000000000002  -0.000820122691929462  1.3472483129737763e-05
176.9  -0.0008201221829004916  1.3470140647712787e-05
176.95000000000002  -0.0008201216811591174  1.3467744351043447e-05
177.0  -0.0008201211826690499  1.346529230700211e-05
177.05  -0.0008201206833111099  1.3462786038933488e-05
177.10000000000002  -0.0008201201791245207  1.3460230447408304e-05
177.15  -0.0008201196665322846  1.345763353726066e-05
177.20000000000002  -0.0008201191425346293  1.34550059403836e-05
177.25  -0.0008201186048702939  1.3452360302444082e-05
177.3  -0.0008201180521403842  1.3449710521943811e-05
177.35000000000002  -0.0008201174838826482  1.344707092826563e-05
177.4  -0.0008201169005863891  1.3444455425774284e-05
177.45000000000002  -0.0008201163036633035  1.3441876664221138e-05
177.5  -0.0008201156953589754  1.3439345271673412e-05
177.55  -0.0008201150786271246  1.343686922656022e-05
177.60000000000002  -0.0008201144569515172  1.3434453366788332e-05
177.65  -0.0008201138341438074  1.343209909993677e-05
177.70000000000002  -0.0008201132141301129  1.3429804316550777e-05
177.75  -0.0008201126007137106  1.3427563531562877e-05
177.8  -0.0008201119973625759  1.3425368206833365e-05
177.85000000000002  -0.000820111407005697  1.3423207278532808e-05
177.9  -0.0008201108318592746  1.3421067822382698e-05
177.95000000000002  -0.0008201102732996188  1.3418935837095059e-05
178.0  -0.0008201097317733139  1.3416797079159222e-05
178.05  -0.0008201092067665721  1.3414637916645726e-05
178.10000000000002  -0.0008201086968301489  1.3412446142030843e-05
178.15  -0.0008201081996517862  1.3410211692833885e-05
178.20000000000002  -0.0008201077121867611  1.3407927232550617e-05
178.25  -0.0008201072308281032  1.340558859502447e-05
178.3  -0.000820106751622044  1.3403195011185524e-05
178.35000000000002  -0.0008201062704919101  1.3400749156678641e-05
178.4  -0.00082010578349473  1.3398256987553819e-05
178.45000000000002  -0.0008201052870532783  1.339572738206932e-05
178.5  -0.0008201047781786603  1.3393171608929214e-05
178.55  -0.0008201042546617189  1.3390602650675842e-05
178.60000000000002  -0.0008201037152089999  1.3388034437407923e-05
178.65  -0.0008201031595408428  1.3385481006421415e-05
178.70000000000002  -0.0008201025884152829  1.3382955669204838e-05
178.75  -0.0008201020035916099  1.3380470232159753e-05
178.8  -0.0008201014077278707  1.3378034284425647e-05
178.85000000000002  -0.0008201008042228046  1.3375654645803752e-05
178.9  -0.0008201001970132178  1.3373334957563648e-05
178.95000000000002  -0.0008200995903302082  1.337107548224348e-05
179.0  -0.0008200989884447038  1.33688730878887e-05
179.05  -0.0008200983954046715  1.3366721437161754e-05
179.10000000000002  -0.0008200978147965265  1.336461136922909e-05
179.15  -0.0008200972495282754  1.3362531445703578e-05
179.20000000000002  -0.0008200967016548496  1.3360468620826843e-05
179.25  -0.000820096172258407  1.3358409020349589e-05
179.3  -0.0008200956613840438  1.335633874988845e-05
179.35000000000002  -0.0008200951680401629  1.335424472071584e-05
179.4  -0.0008200946902599425  1.3352115404520254e-05
179.45000000000002  -0.0008200942252281085  1.3349941528747393e-05
179.5  -0.0008200937694551559  1.3347716613803704e-05
179.55  -0.0008200933189859191  1.334543736856758e-05
179.60000000000002  -0.0008200928696549533  1.3343103896554308e-05
179.65  -0.0008200924173402181  1.334071968755264e-05
179.70000000000002  -0.0008200919582185704  1.3338291430223595e-05
179.75  -0.0008200914889927354  1.333582861764342e-05
179.8  -0.000820091007093491  1.3333342990961292e-05
179.85000000000002  -0.0008200905108267379  1.3330847839931274e-05
179.9  -0.0008200899994749871  1.332835721023942e-05
179.95000000000002  -0.0008200894733146324  1.332588507067388e-05
180.0  -0.0008200889335943037  1.3323444471277797e-05
180.05  -0.000820088382437915  1.3321046760386202e-05
180.10000000000002  -0.0008200878227031679  1.3318700912687059e-05
180.15  -0.0008200872577913019  1.3316412987499754e-05
180.20000000000002  -0.0008200866914423893  1.3314185772664777e-05
180.25  -0.0008200861275038067  1.3312018617091508e-05
180.3  -0.0008200855697064078  1.3309907470173202e-05
180.35000000000002  -0.0008200850214445134  1.3307845124707358e-05
180.4  -0.0008200844855932324  1.3305821648890007e-05
180.45000000000002  -0.0008200839643423989  1.330382497691056e-05
180.5  -0.0008200834590764648  1.3301841631786033e-05
180.55  -0.0008200829702990345  1.3299857529068516e-05
180.60000000000002  -0.00082008249760592  1.3297858815428608e-05
180.65  -0.0008200820397033121  1.3295832692665445e-05
180.70000000000002  -0.0008200815944763126  1.3293768197752747e-05
180.75  -0.0008200811591050453  1.3291656848246928e-05
180.8  -0.000820080730225108  1.3289493142194927e-05
180.85000000000002  -0.0008200803041043461  1.3287274897436367e-05
180.9  -0.0008200798768489559  1.3285003383895627e-05
180.95000000000002  -0.0008200794446260838  1.3282683240462348e-05
181.0  -0.0008200790038600296  1.3280322197458663e-05
181.05  -0.0008200785514367145  1.3277930619932368e-05
181.10000000000002  -0.0008200780848731694  1.3275520879735161e-05
181.15  -0.0008200776024452313  1.3273106613917191e-05
181.20000000000002  -0.0008200771032845721  1.3270701907166843e-05
181.25  -0.0008200765874141031  1.326832044171427e-05
181.3  -0.0008200760557445563  1.3265974673132394e-05
181.35000000000002  -0.0008200755100080343  1.3263675093727351e-05
181.4  -0.0008200749526694061  1.326142958806508e-05
181.45000000000002  -0.0008200743867633037  1.3259242983601613e-05
181.5  -0.0008200738157391695  1.3257116747032423e-05
181.55  -0.0008200732432499725  1.3255048909180302e-05
181.60000000000002  -0.0008200726729432927  1.3253034173870836e-05
181.65  -0.0008200721082430474  1.3251064240891834e-05
181.70000000000002  -0.0008200715521439944  1.3249128289093224e-05
181.75  -0.0008200710070184404  1.3247213615871062e-05
181.8  -0.0008200704744683253  1.3245306394093635e-05
181.85000000000002  -0.0008200699552109566  1.3243392480090876e-05
181.9  -0.0008200694490214696  1.3241458263341544e-05
181.95000000000002  -0.0008200689547293541  1.3239491451613413e-05
182.0  -0.0008200684702859381  1.3237481809534905e-05
182.05  -0.000820067992873813  1.3235421750883354e-05
182.10000000000002  -0.0008200675190778766  1.3233306782033127e-05
182.15  -0.0008200670450916312  1.3231135764809276e-05
182.20000000000002  -0.0008200665669491582  1.322891097368321e-05
182.25  -0.0008200660807747709  1.3226637946720703e-05
182.3  -0.0008200655830212728  1.3224325153399588e-05
182.35000000000002  -0.0008200650707035002  1.322198347494699e-05
182.4  -0.0008200645415814821  1.3219625556079887e-05
182.45000000000002  -0.0008200639943133277  1.3217265030938757e-05
182.5  -0.0008200634285433221  1.3214915707245381e-05
182.55  -0.0008200628449327271  1.3212590728284832e-05
182.60000000000002  -0.0008200622451195406  1.321030175866942e-05
182.65  -0.0008200616316202097  1.3208058264893466e-05
182.70000000000002  -0.0008200610076754618  1.3205866928660227e-05
182.75  -0.0008200603770440599  1.3203731209873617e-05
182.8  -0.000820059743774072  1.320165110941596e-05
182.85000000000002  -0.0008200591119525322  1.3199623153320266e-05
182.9  -0.0008200584854576114  1.3197640564614104e-05
182.95000000000002  -0.0008200578677221168  1.3195693658872229e-05
183.0  -0.000820057261526184  1.3193770410981748e-05
183.05  -0.0008200566688465042  1.3191857153181837e-05
183.10000000000002  -0.0008200560907358455  1.3189939393348955e-05
183.15  -0.0008200555272811043  1.3188002673960144e-05
183.20000000000002  -0.000820054977609983  1.318603343362229e-05
183.25  -0.0008200544399579624  1.318401981574395e-05
183.3  -0.0008200539117912196  1.3181952378212122e-05
183.35000000000002  -0.0008200533899712985  1.3179824663082278e-05
183.4  -0.0008200528709551867  1.3177633577998184e-05
183.45000000000002  -0.000820052351000451  1.3175379602089273e-05
183.5  -0.000820051826396434  1.3173066749694318e-05
183.55  -0.0008200512936724196  1.3170702346507082e-05
183.60000000000002  -0.0008200507497866802  1.3168296601908974e-05
183.65  -0.000820050192283602  1.3165862008507855e-05
183.70000000000002  -0.00082004961941517  1.316341260930898e-05
183.75  -0.0008200490302143705  1.3160963170021187e-05
183.8  -0.0008200484245239551  1.3158528318496575e-05
183.85000000000002  -0.0008200478029758867  1.3156121673931517e-05
183.9  -0.0008200471669428398  1.3153755062663233e-05
183.95000000000002  -0.0008200465184397172  1.3151437810561008e-05
184.0  -0.0008200458600057673  1.3149176202609963e-05
184.05  -0.0008200451945574769  1.3146973118465704e-05
184.10000000000002  -0.0008200445252262911  1.3144827843042145e-05
184.15  -0.0008200438551891115  1.3142736123752615e-05
184.20000000000002  -0.0008200431875014892  1.3140690404735904e-05
184.25  -0.0008200425249406402  1.3138680275909817e-05
184.3  -0.0008200418698615633  1.3136693078607382e-05
184.35000000000002  -0.0008200412240861853  1.3134714658366705e-05
184.4  -0.0008200405888148097  1.3132730199869112e-05
184.45000000000002  -0.0008200399645681245  1.313072510235238e-05
184.5  -0.0008200393511751728  1.3128685852580079e-05
184.55  -0.00082003874778584  1.3126600821255401e-05
184.60000000000002  -0.0008200381529326966  1.3124460960449382e-05
184.65  -0.0008200375646148868  1.3122260345490785e-05
184.70000000000002  -0.0008200369804123605  1.31199965312679e-05
184.75  -0.0008200363976269493  1.3117670696316075e-05
184.8  -0.0008200358134428098  1.3115287576813232e-05
184.85000000000002  -0.0008200352250749833  1.3112855196222017e-05
184.9  -0.0008200346299462248  1.311038438635444e-05
184.95000000000002  -0.0008200340258297755  1.3107888148654713e-05
185.0  -0.0008200334109831951  1.3105380885699842e-05
185.05  -0.0008200327842550437  1.310287754612493e-05
185.10000000000002  -0.0008200321451614545  1.310039274568433e-05
185.15  -0.0008200314939269486  1.3097939900364244e-05
185.20000000000002  -0.000820030831480693  1.3095530442131485e-05
185.25  -0.000820030159418191  1.3093173147468956e-05
185.3  -0.0008200294799219978  1.3090873631378284e-05
185.35000000000002  -0.000820028795657224  1.3088634020242849e-05
185.4  -0.0008200281096184727  1.3086452853711063e-05
185.45000000000002  -0.0008200274249712998  1.308432516212933e-05
185.5  -0.0008200267448745253  1.3082242796260725e-05
185.55  -0.0008200260722852517  1.3080194909399659e-05
185.60000000000002  -0.0008200254097915288  1.3078168611659708e-05
185.65  -0.0008200247594479175  1.3076149751530398e-05
185.70000000000002  -0.0008200241226497652  1.3074123758613672e-05
185.75  -0.0008200235000381973  1.3072076515921786e-05
185.8  -0.0008200228914554171  1.3069995200677936e-05
185.85000000000002  -0.0008200222959491093  1.3067869046671284e-05
185.9  -0.0008200217118239253  1.3065689989574954e-05
185.95000000000002  -0.0008200211367431665  1.3063453133077075e-05
186.0  -0.0008200205678676039  1.3061157052674769e-05
186.05  -0.0008200200020270787  1.3058803878511537e-05
186.10000000000002  -0.0008200194359178057  1.3056399169728743e-05
186.15  -0.0008200188663051348  1.3053951592278349e-05
186.20000000000002  -0.0008200182902210598  1.3051472420045934e-05
186.25  -0.00082001770515262  1.3048974858598347e-05
186.3  -0.0008200171092073306  1.3046473295686561e-05
186.35000000000002  -0.0008200165012278518  1.3043982438210445e-05
186.4  -0.0008200158808818362  1.3041516461640042e-05
186.45000000000002  -0.0008200152486798688  1.3039088174610688e-05
186.5  -0.0008200146059599626  1.30367082638766e-05
186.55  -0.0008200139548073714  1.3034384671319846e-05
186.60000000000002  -0.000820013297924684  1.3032122114486335e-05
186.65  -0.000820012638474804  1.3029921817776964e-05
186.70000000000002  -0.000820011979873102  1.3027781430200044e-05
186.75  -0.0008200113255874541  1.3025695173272522e-05
186.8  -0.0008200106789136839  1.3023654180819568e-05
186.85000000000002  -0.0008200100427732084  1.302164702887145e-05
186.9  -0.0008200094195454429  1.3019660418076093e-05
186.95000000000002  -0.0008200088109169201  1.301767996171382e-05
187.0  -0.0008200082177956537  1.3015691048297263e-05
187.05  -0.0008200076402536158  1.301367972280081e-05
187.10000000000002  -0.0008200070775433692  1.3011633507354703e-05
187.15  -0.0008200065281542172  1.3009542152500001e-05
187.20000000000002  -0.0008200059899000536  1.3007398259047803e-05
187.25  -0.0008200054600785437  1.3005197719873421e-05
187.3  -0.0008200049356266845  1.3002939975448953e-05
187.35000000000002  -0.0008200044133143237  1.3000628052870227e-05
187.4  -0.0008200038899520667  1.2998268383451923e-05
187.45000000000002  -0.0008200033625762825  1.299587043917898e-05
187.5  -0.0008200028286257285  1.299344616009562e-05
187.55  -0.0008200022861120616  1.2991009251667532e-05
187.60000000000002  -0.0008200017337208164  1.2988574358807604e-05
187.65  -0.0008200011709054059  1.2986156203392872e-05
187.70000000000002  -0.0008200005979111329  1.2983768696301213e-05
187.75  -0.0008200000157615428  1.2981424101611377e-05
187.8  -0.0008199994261999706  1.2979132316392637e-05
187.85000000000002  -0.0008199988315802043  1.2976900267054636e-05
187.9  -0.0008199982347292042  1.2974731501876014e-05
187.95000000000002  -0.0008199976387843908  1.2972625982602326e-05
188.0  -0.0008199970470115148  1.2970580086840819e-05
188.05  -0.000819996462624423  1.296858683697596e-05
188.10000000000002  -0.0008199958885946945  1.2966636311328387e-05
188.15  -0.0008199953274974941  1.2964716241699813e-05
188.20000000000002  -0.0008199947813666553  1.296281274669128e-05
188.25  -0.0008199942515835878  1.2960911152904656e-05
188.3  -0.0008199937388023271  1.2958996872441562e-05
188.35000000000002  -0.0008199932429177888  1.2957056261119642e-05
188.4  -0.0008199927630727661  1.2955077428632015e-05
188.45000000000002  -0.0008199922977104936  1.2953050945926524e-05
188.5  -0.0008199918446569654  1.2950970387890664e-05
188.55  -0.0008199914012548648  1.2948832725452218e-05
188.60000000000002  -0.0008199909645111359  1.2946638482017265e-05
188.65  -0.0008199905312817669  1.2944391714947022e-05
188.70000000000002  -0.0008199900984542355  1.2942099765285496e-05
188.75  -0.0008199896631392449  1.2939772812540747e-05
188.8  -0.0008199892228487447  1.2937423273057312e-05
188.85000000000002  -0.0008199887756467093  1.2935065060686057e-05
188.9  -0.0008199883202777951  1.2932712761674014e-05
188.95000000000002  -0.0008199878562446299  1.2930380764105656e-05
189.0  -0.000819987383841893  1.2928082413472906e-05
189.05  -0.0008199869041471314  1.2925829217014283e-05
189.10000000000002  -0.000819986418948393  1.2923630169313079e-05
189.15  -0.0008199859306468275  1.2921491219744724e-05
189.20000000000002  -0.0008199854421132065  1.2919414929871077e-05
189.25  -0.0008199849565125595  1.2917400322926486e-05
189.3  -0.0008199844771176918  1.2915442943114432e-05
189.35000000000002  -0.0008199840071157897  1.2913535122152891e-05
189.4  -0.0008199835494127726  1.2911666428653146e-05
189.45000000000002  -0.0008199831064607042  1.2909824291355409e-05
189.5  -0.0008199826801060953  1.2907994723836548e-05
189.55  -0.0008199822714675788  1.2906163158697519e-05
189.60000000000002  -0.0008199818808661187  1.290431529251616e-05
189.65  -0.0008199815078016047  1.2902437937023416e-05
189.70000000000002  -0.000819981150966449  1.2900519787683749e-05
189.75  -0.0008199808083256332  1.2898552095891693e-05
189.8  -0.0008199804772233997  1.2896529184513355e-05
189.85000000000002  -0.0008199801545408412  1.289444878578214e-05
189.9  -0.0008199798368838747  1.2892312179780749e-05
189.95000000000002  -0.0008199795207772849  1.2890124127723176e-05
190.0  -0.0008199792028669041  1.2887892594964359e-05
190.05  -0.0008199788801121473  1.288562827970411e-05
190.10000000000002  -0.0008199785499643337  1.2883343979711134e-05
190.15  -0.0008199782105027574  1.2881053844343657e-05
190.20000000000002  -0.0008199778605260818  1.2878772527863966e-05
190.25  -0.0008199774996204807  1.2876514316070733e-05
190.3  -0.0008199771281522495  1.2874292292835185e-05
190.35000000000002  -0.0008199767472391765  1.2872117546236343e-05
190.4  -0.0008199763586611873  1.2869998517210418e-05
190.45000000000002  -0.0008199759647480753  1.2867940499895368e-05
190.5  -0.0008199755682167613  1.2865945311827547e-05
190.55  -0.0008199751720130861  1.2864011196276996e-05
190.60000000000002  -0.0008199747791205852  1.2862132909790907e-05
190.65  -0.0008199743923754827  1.2860302022304798e-05
190.70000000000002  -0.000819974014296271  1.285850741636872e-05
190.75  -0.0008199736469116831  1.2856735935780307e-05
190.8  -0.0008199732916398298  1.2854973161866273e-05
190.85000000000002  -0.0008199729491893885  1.2853204266050533e-05
190.9  -0.0008199726195064515  1.2851414891723871e-05
190.95000000000002  -0.000819972301753228  1.2849592012177994e-05
191.0  -0.0008199719943576428  1.2847724707348677e-05
191.05  -0.0008199716950896465  1.284580481776868e-05
191.10000000000002  -0.000819971401178088  1.2843827437914639e-05
191.15  -0.0008199711094701359  1.2841791210091024e-05
191.20000000000002  -0.0008199708165985319  1.2839698407968994e-05
191.25  -0.0008199705191750598  1.2837554799485025e-05
191.3  -0.0008199702139686292  1.283536929678965e-05
191.35000000000002  -0.0008199698980864076  1.2833153428109915e-05
191.4  -0.0008199695691256334  1.2830920637157245e-05
191.45000000000002  -0.0008199692252966341  1.2828685467709388e-05
191.5  -0.0008199688655205482  1.2826462703666359e-05
191.55  -0.0008199684894704374  1.2824266471286806e-05
191.60000000000002  -0.0008199680975808376  1.2822109400206349e-05
191.65  -0.0008199676910140227  1.2820001866810826e-05
191.70000000000002  -0.0008199672715904356  1.2817951371783365e-05
191.75  -0.0008199668416658062  1.2815962098383822e-05
191.8  -0.0008199664039975768  1.2814034658715232e-05
191.85000000000002  -0.0008199659615762309  1.2812166053081941e-05
191.9  -0.0008199655174441052  1.281034985500828e-05
191.95000000000002  -0.000819965074512065  1.2808576593052712e-05
192.0  -0.0008199646353773615  1.2806834299246739e-05
192.05  -0.000819964202171978  1.2805109228039005e-05
192.10000000000002  -0.0008199637764236126  1.2803386667141698e-05
192.15  -0.0008199633589628632  1.2801651808733616e-05
192.20000000000002  -0.0008199629498620519  1.279989061813043e-05
192.25  -0.0008199625484348707  1.279809066082277e-05
192.3  -0.0008199621532620474  1.2796241828891904e-05
192.35000000000002  -0.0008199617622854501  1.2794336930313835e-05
192.4  -0.0008199613729254204  1.2792372104684815e-05
192.45000000000002  -0.0008199609822370084  1.2790347030636044e-05
192.5  -0.0008199605870789892  1.2788264937007784e-05
192.55  -0.0008199601843079812  1.2786132395760461e-05
192.60000000000002  -0.0008199597709695884  1.2783958927315526e-05
192.65  -0.0008199593444689891  1.2781756421787415e-05
192.70000000000002  -0.0008199589027459833  1.277953843619264e-05
192.75  -0.0008199584443995515  1.2777319383510365e-05
192.8  -0.0008199579687841739  1.2775113677119285e-05
192.85000000000002  -0.0008199574760651044  1.2772934877977203e-05
192.9  -0.0008199569672250428  1.2770794888545558e-05
192.95000000000002  -0.000819956444027331  1.2768703239187935e-05
193.0  -0.0008199559089227098  1.2766666521784372e-05
193.05  -0.0008199553649261994  1.2764687979311719e-05
193.10000000000002  -0.0008199548154520972  1.2762767313245858e-05
193.15  -0.0008199542641233955  1.2760900668962812e-05
193.20000000000002  -0.0008199537145798284  1.2759080852440944e-05
193.25  -0.0008199531702737251  1.2757297737317724e-05
193.3  -0.000819952634294809  1.27555388427156e-05
193.35000000000002  -0.0008199521092058011  1.2753790055201712e-05
193.4  -0.0008199515969337289  1.2752036437368303e-05
193.45000000000002  -0.000819951098688627  1.2750263103185572e-05
193.5  -0.000819950614949925  1.2748456065443691e-05
193.55  -0.0008199501454854432  1.274660305647813e-05
193.60000000000002  -0.0008199496894375651  1.2744694230798579e-05
193.65  -0.0008199492454292871  1.2742722725193e-05
193.70000000000002  -0.0008199488117331977  1.2740685047131777e-05
193.75  -0.0008199483864492896  1.273858125888953e-05
193.8  -0.0008199479677109927  1.2736414941857412e-05
193.85000000000002  -0.0008199475538897839  1.2734192960095524e-05
193.9  -0.0008199471437949767  1.273192501122331e-05
193.95000000000002  -0.0008199467368678663  1.2729623013504562e-05
194.0  -0.0008199463333333133  1.272730034066296e-05
194.05  -0.0008199459343268372  1.2724970973153967e-05
194.10000000000002  -0.0008199455419719656  1.2722648594699058e-05
194.15  -0.0008199451594111775  1.272034570401915e-05
194.20000000000002  -0.0008199447908053461  1.2718072780519888e-05
194.25  -0.0008199444412655554  1.271583756878782e-05
194.3  -0.0008199441167661036  1.2713644495528803e-05
194.35000000000002  -0.000819943824015529  1.2711494301845868e-05
194.4  -0.0008199435703156418  1.2709383857734298e-05
194.45000000000002  -0.0008199433633939151  1.2707306206092856e-05
194.5  -0.0008199432112614645  1.2705250822112437e-05
194.55  -0.0008199431220466109  1.2703204071109271e-05
194.60000000000002  -0.000819943103852233  1.2701149836895657e-05
194.65  -0.000819943164629006  1.2699070278579636e-05
194.70000000000002  -0.0008199433120482508  1.2696946680597928e-05
194.75  -0.0008199435533995486  1.2694760323853191e-05
194.8  -0.0008199438954713143  1.2692493349551661e-05
194.85000000000002  -0.000819944344442797  1.2690129541163158e-05
194.9  -0.0008199449057493696  1.2687654998235821e-05
194.95000000000002  -0.000819945583937984  1.2685058646070223e-05
195.0  -0.0008199463824758571  1.2682332577419568e-05
195.05  -0.0008199473035265095  1.2679472191687692e-05
195.10000000000002  -0.0008199483476779618  1.2676476149224634e-05
195.15  -0.000819949513614826  1.2673346154635384e-05
195.20000000000002  -0.000819950797762207  1.2670086599432485e-05
195.25  -0.0008199521938932371  1.2666704100847224e-05
195.3  -0.0008199536927437885  1.266320698359801e-05
195.35000000000002  -0.0008199552816422058  1.2659604791738868e-05
195.4  -0.0008199569442370981  1.2655907820867504e-05
195.45000000000002  -0.0008199586603265501  1.2652126775318257e-05
195.5  -0.000819960405865204  1.2648272566501899e-05
195.55  -0.0008199621531932616  1.2644356248351697e-05
195.60000000000002  -0.0008199638715204464  1.2640389089762865e-05
195.65  -0.0008199655276924897  1.263638278508456e-05
195.70000000000002  -0.000819967087228621  1.2632349701226578e-05
195.75  -0.0008199685155975428  1.262830315443763e-05
195.8  -0.0008199697796662474  1.262425763136918e-05
195.85000000000002  -0.0008199708492222289  1.2620228869193208e-05
195.9  -0.0008199716984425883  1.2616233807252655e-05
195.95000000000002  -0.0008199723071993582  1.261229030739071e-05
196.0  -0.0008199726620809386  1.2608416731516264e-05
196.05  -0.0008199727570062328  1.2604631316024675e-05
196.10000000000002  -0.0008199725934021009  1.2600951477753555e-05
196.15  -0.0008199721798827815  1.2597393068072165e-05
196.20000000000002  -0.0008199715314741281  1.2593969689598562e-05
196.25  -0.0008199706684356842  1.2590692117919115e-05
196.3  -0.000819969614766519  1.2587567940281603e-05
196.35000000000002  -0.000819968396529254  1.2584601409497019e-05
196.4  -0.0008199670401376751  1.258179356290886e-05
196.45000000000002  -0.0008199655707210938  1.2579142560143136e-05
196.5  -0.0008199640106972281  1.2576644251193338e-05
196.55  -0.0008199623786788627  1.2574292859219628e-05
196.60000000000002  -0.0008199606887280848  1.2572081748150432e-05
196.65  -0.0008199589500516405  1.2570004180525443e-05
196.70000000000002  -0.000819957167089717  1.2568053986228701e-05
196.75  -0.0008199553399812338  1.2566226095442052e-05
196.8  -0.000819953465333425  1.2564516873891083e-05
196.85000000000002  -0.0008199515372191364  1.2562924242184121e-05
196.9  -0.0008199495482833454  1.2561447596191357e-05
196.95000000000002  -0.0008199474908849213  1.2560087520420383e-05
197.0  -0.0008199453581544246  1.2558845348579844e-05
197.05  -0.0008199431448921339  1.2557722644251468e-05
197.10000000000002  -0.0008199408482580354  1.2556720646540753e-05
197.15  -0.0008199384681897981  1.255583973341749e-05
197.20000000000002  -0.0008199360075468626  1.255507900074955e-05
197.25  -0.000819933472000343  1.2554435967141527e-05
197.3  -0.0008199308696868643  1.2553906459472262e-05
197.35000000000002  -0.0008199282106723505  1.2553484684579147e-05
197.4  -0.0008199255063174845  1.2553163487661885e-05
197.45000000000002  -0.0008199227685740185  1.2552934768639214e-05
197.5  -0.0008199200093161812  1.255279003085474e-05
197.55  -0.0008199172397301869  1.2552720992127747e-05
197.60000000000002  -0.0008199144698566638  1.2552720182954055e-05
197.65  -0.0008199117082509908  1.2552781431562237e-05
197.70000000000002  -0.0008199089618288114  1.2552900061601189e-05
197.75  -0.0008199062359239111  1.2553072839016502e-05
197.8  -0.000819903534495464  1.2553297912357435e-05
197.85000000000002  -0.0008199008604171927  1.2553574904626183e-05
197.9  -0.0008198982158598109  1.2553904986016681e-05
197.95000000000002  -0.0008198956027770726  1.255429076345738e-05
198.0  -0.0008198930234845781  1.2554735898856733e-05
198.05  -0.0008198904812392432  1.2555244532929527e-05
198.10000000000002  -0.0008198879807253611  1.2555820536842713e-05
198.15  -0.0008198855283763377  1.255646666728776e-05
198.20000000000002  -0.0008198831324820966  1.2557183721110003e-05
198.25  -0.0008198808030504107  1.2557969801070675e-05
198.3  -0.0008198785514488027  1.2558819729526416e-05
198.35000000000002  -0.0008198763898526765  1.2559724713957126e-05
198.4  -0.0008198743305425797  1.256067230777239e-05
198.45000000000002  -0.0008198723851392274  1.2561646659073528e-05
198.5  -0.0008198705638210197  1.2562629075802767e-05
198.55  -0.0008198688746188587  1.2563598851160224e-05
198.60000000000002  -0.0008198673228242124  1.2564534310975737e-05
198.65  -0.0008198659105967315  1.2565413988955177e-05
198.70000000000002  -0.0008198646367740179  1.2566217851267937e-05
198.75  -0.0008198634969118805  1.2566928471645475e-05
198.8  -0.0008198624835633269  1.2567532049091745e-05
198.85000000000002  -0.0008198615867385064  1.2568019220070867e-05
198.9  -0.0008198607945407325  1.2568385561843214e-05
198.95000000000002  -0.0008198600938873498  1.2568631765163423e-05
199.0  -0.0008198594712846173  1.2568763474810301e-05
199.05  -0.0008198589135823776  1.256879078526162e-05
199.10000000000002  -0.000819858408668135  1.256872744595126e-05
199.15  -0.0008198579460352777  1.2568589836320864e-05
199.20000000000002  -0.0008198575172154722  1.25683957698028e-05
199.25  -0.0008198571160271182  1.2568163233856356e-05
199.3  -0.0008198567386696496  1.2567909138182275e-05
199.35000000000002  -0.0008198563836299313  1.2567648161177186e-05
199.4  -0.0008198560514429301  1.2567391769308296e-05
199.45000000000002  -0.0008198557443231203  1.2567147485668972e-05
199.5  -0.0008198554656995632  1.256691843460635e-05
199.55  -0.0008198552196906938  1.2566703186892383e-05
199.60000000000002  -0.0008198550105842852  1.2566495936289094e-05
199.65  -0.0008198548423003939  1.2566286964571668e-05
199.70000000000002  -0.0008198547179412362  1.2566063353289724e-05
199.75  -0.0008198546394071228  1.2565809926352737e-05
199.8  -0.0008198546071234634  1.256551030954958e-05
199.85000000000002  -0.000819854619889542  1.2565148062553076e-05
199.9  -0.0008198546748565543  1.2564707779332603e-05
199.95000000000002  -0.0008198547676137138  1.2564176138491335e-05
200.0  -0.0008198548924086314  1.2563542755292148e-05
200.05  -0.0008198550424336861  1.2562800861627265e-05
200.10000000000002  -0.0008198552101936958  1.2561947717543891e-05
200.15  -0.0008198553879073735  1.2560984784531484e-05
200.20000000000002  -0.0008198555679203922  1.2559917612722446e-05
200.25  -0.0008198557430997275  1.255875550089543e-05
200.3  -0.0008198559071878084  1.2557510916035236e-05
200.35000000000002  -0.0008198560550928241  1.2556198739411151e-05
200.4  -0.0008198561830974034  1.2554835391039455e-05
200.45000000000002  -0.0008198562889730104  1.2553437869162912e-05
200.5  -0.0008198563720124746  1.2552022788119683e-05
200.55  -0.0008198564329482851  1.2550605459795425e-05
200.60000000000002  -0.0008198564738063339  1.2549199051156896e-05
200.65  -0.0008198564976823904  1.2547813904950503e-05
200.70000000000002  -0.0008198565084667337  1.254645702246013e-05
200.75  -0.0008198565105337354  1.2545131744358569e-05
200.8  -0.0008198565084237813  1.2543837651278586e-05
200.85000000000002  -0.0008198565065274769  1.2542570662626789e-05
200.9  -0.0008198565088059992  1.2541323359030877e-05
200.95000000000002  -0.0008198565185259259  1.2540085477357843e-05
201.0  -0.0008198565380736936  1.2538844562584562e-05
201.05  -0.000819856568818907  1.2537586756269296e-05
201.10000000000002  -0.0008198566110508737  1.253629763723371e-05
201.15  -0.0008198566639726744  1.25349631135386e-05
201.20000000000002  -0.0008198567257761544  1.2533570268658369e-05
201.25  -0.0008198567937495012  1.2532108154068595e-05
201.3  -0.000819856864457476  1.2530568447631269e-05
201.35000000000002  -0.0008198569339383841  1.2528945967596938e-05
201.4  -0.0008198569979282783  1.2527238989995244e-05
201.45000000000002  -0.0008198570520907335  1.2525449377076884e-05
201.5  -0.0008198570922430567  1.2523582489961391e-05
201.55  -0.0008198571145782282  1.2521646901804298e-05
201.60000000000002  -0.0008198571158453705  1.2519653931899305e-05
201.65  -0.0008198570935068975  1.251761703516133e-05
201.70000000000002  -0.0008198570458515086  1.2515551067352067e-05
201.75  -0.0008198569720656116  1.2513471472379821e-05
201.8  -0.0008198568722606687  1.2511393448147966e-05
201.85000000000002  -0.0008198567474516572  1.2509331127345986e-05
201.9  -0.0008198565994794186  1.2507296809320645e-05
201.95000000000002  -0.0008198564309138307  1.2505300302092116e-05
202.0  -0.0008198562449099534  1.2503348397097276e-05
202.05  -0.0008198560450329316  1.2501444518416048e-05
202.10000000000002  -0.0008198558350696124  1.249958855547705e-05
202.15  -0.0008198556188271158  1.2497776897585095e-05
202.20000000000002  -0.0008198553999343319  1.249600266721863e-05
202.25  -0.0008198551816513279  1.2494256128653273e-05
202.3  -0.0008198549666979911  1.2492525279070039e-05
202.35000000000002  -0.0008198547571090295  1.2490796548559843e-05
202.4  -0.0008198545541328179  1.2489055604797102e-05
202.45000000000002  -0.0008198543581601169  1.248728819727772e-05
202.5  -0.000819854168709919  1.2485481004198182e-05
202.55  -0.0008198539844574629  1.2483622424648046e-05
202.60000000000002  -0.0008198538033139373  1.2481703269841184e-05
202.65  -0.0008198536225499804  1.2479717321195525e-05
202.70000000000002  -0.0008198534389615226  1.2477661712687787e-05
202.75  -0.0008198532490603683  1.247553712010953e-05
202.8  -0.0008198530492809135  1.247334774795016e-05
202.85000000000002  -0.0008198528361979994  1.247110110325219e-05
202.9  -0.0008198526067350794  1.2468807576884017e-05
202.95000000000002  -0.0008198523583555334  1.246647985829062e-05
203.0  -0.0008198520892150538  1.2464132207853072e-05
203.05  -0.0008198517982773386  1.246177963515414e-05
203.10000000000002  -0.00081985148538753  1.2459437033898258e-05
203.15  -0.0008198511512780889  1.245711830045169e-05
203.20000000000002  -0.0008198507975254059  1.2454835540578958e-05
203.25  -0.0008198504264554895  1.2452598338709561e-05
203.3  -0.0008198500409990718  1.2450413205709995e-05
203.35000000000002  -0.0008198496445192623  1.2448283190346688e-05
203.4  -0.0008198492406034546  1.2446207698600122e-05
203.45000000000002  -0.0008198488328525397  1.2444182527929747e-05
203.5  -0.0008198484246680241  1.2442200119774796e-05
203.55  -0.0008198480190579785  1.2440250013507682e-05
203.60000000000002  -0.0008198476184599203  1.2438319467773773e-05
203.65  -0.000819847224614483  1.2436394235736071e-05
203.70000000000002  -0.0008198468384716215  1.2434459422151225e-05
203.75  -0.0008198464601509471  1.2432500383935613e-05
203.8  -0.0008198460889525284  1.2430503608953924e-05
203.85000000000002  -0.0008198457234124693  1.2428457556131422e-05
203.9  -0.0008198453614088873  1.2426353334599812e-05
203.95000000000002  -0.000819845000299301  1.2424185273166304e-05
204.0  -0.000819844637086771  1.2421951266484077e-05
204.05  -0.0008198442686079642  1.241965290874438e-05
204.10000000000002  -0.0008198438917270057  1.2417295429269833e-05
204.15  -0.0008198435035245816  1.2414887382897828e-05
204.20000000000002  -0.00081984310146274  1.2412440156068984e-05
204.25  -0.00081984268353249  1.2409967286999856e-05
204.3  -0.0008198422483768859  1.2407483675686611e-05
204.35000000000002  -0.000819841795344324  1.2405004697323206e-05
204.4  -0.0008198413245364792  1.2402545293884164e-05
204.45000000000002  -0.0008198408367898588  1.2400119084837345e-05
204.5  -0.0008198403336167226  1.2397737579604852e-05
204.55  -0.0008198398171277492  1.2395409485115093e-05
204.60000000000002  -0.0008198392899026338  1.239314020831596e-05
204.65  -0.0008198387548469876  1.2390931549483204e-05
204.70000000000002  -0.0008198382150360462  1.2388781598971855e-05
204.75  -0.0008198376735416819  1.2386684867974262e-05
204.8  -0.0008198371332660302  1.2384632636181772e-05
204.85000000000002  -0.0008198365967870066  1.2382613487162673e-05
204.9  -0.0008198360662152249  1.2380614001707862e-05
204.95000000000002  -0.0008198355430870715  1.2378619594063294e-05
205.0  -0.0008198350282775323  1.2376615381890768e-05
205.05  -0.000819834521959937  1.2374587114756552e-05
205.10000000000002  -0.0008198340235984427  1.2372522032291604e-05
205.15  -0.0008198335319920729  1.237040964533918e-05
205.20000000000002  -0.0008198330453374395  1.2368242386926842e-05
205.25  -0.0008198325613515791  1.2366016065987933e-05
205.3  -0.0008198320773911812  1.23637301350563e-05
205.35000000000002  -0.0008198315906183973  1.236138771932183e-05
205.4  -0.00081983109816267  1.2358995435393584e-05
205.45000000000002  -0.0008198305972895746  1.235656299152833e-05
205.5  -0.0008198300855586434  1.2354102607841397e-05
205.55  -0.0008198295609738729  1.235162827713189e-05
205.60000000000002  -0.0008198290220903483  1.2349154932917664e-05
205.65  -0.0008198284681193663  1.2346697559919326e-05
205.70000000000002  -0.0008198278989703594  1.2344270301906254e-05
205.75  -0.0008198273152724056  1.2341885635222625e-05
205.8  -0.0008198267183464438  1.2339553623428017e-05
205.85000000000002  -0.0008198261101483974  1.2337281339846562e-05
205.9  -0.0008198254931641529  1.233507246726378e-05
205.95000000000002  -0.000819824870277533  1.2332927090250479e-05
206.0  -0.0008198242446169678  1.2330841715840648e-05
206.05  -0.0008198236193810136  1.2328809492769617e-05
206.10000000000002  -0.0008198229976591526  1.232682063864645e-05
206.15  -0.0008198223822518514  1.2324863037605546e-05
206.20000000000002  -0.0008198217755154494  1.2322922962821562e-05
206.25  -0.0008198211792199674  1.2320985917669788e-05
206.3  -0.0008198205944390058  1.2319037480703005e-05
206.35000000000002  -0.0008198200214980854  1.2317064174978995e-05
206.4  -0.0008198194599392738  1.231505426622047e-05
206.45000000000002  -0.0008198189085513785  1.2312998443477635e-05
206.5  -0.0008198183654473358  1.2310890368907369e-05
206.55  -0.000819817828174373  1.2308727038012413e-05
206.60000000000002  -0.0008198172938607033  1.2306508948261479e-05
206.65  -0.0008198167593987903  1.2304240054425864e-05
206.70000000000002  -0.0008198162216390028  1.230192753468712e-05
206.75  -0.0008198156775948391  1.2299581358518412e-05
206.8  -0.0008198151246233026  1.229721368488498e-05
206.85000000000002  -0.0008198145606097425  1.2294838165399216e-05
206.9  -0.0008198139841095383  1.2292469122884755e-05
206.95000000000002  -0.0008198133944504125  1.2290120715242035e-05
207.0  -0.0008198127917885335  1.2287806102000945e-05
207.05  -0.00081981217711665  1.2285536670583633e-05
207.10000000000002  -0.0008198115522169273  1.2283321364827304e-05
207.15  -0.0008198109195574633  1.2281166144528961e-05
207.20000000000002  -0.0008198102821515962  1.2279073629427339e-05
207.25  -0.0008198096433777835  1.2277042935172119e-05
207.3  -0.0008198090067836057  1.2275069710203281e-05
207.35000000000002  -0.0008198083758627452  1.2273146383301567e-05
207.4  -0.0008198077538445536  1.2271262592244178e-05
207.45000000000002  -0.0008198071435142477  1.226940579680065e-05
207.5  -0.000819806547035196  1.2267562003356013e-05
207.55  -0.0008198059658379886  1.2265716585508073e-05
207.60000000000002  -0.0008198054005381179  1.2263855150319142e-05
207.65  -0.0008198048509189145  1.2261964378219707e-05
207.70000000000002  -0.000819804315956469  1.2260032815936107e-05
207.75  -0.0008198037939024022  1.2258051543100426e-05
207.8  -0.0008198032824068796  1.2256014711894666e-05
207.85000000000002  -0.0008198027786777513  1.2253919888133812e-05
207.9  -0.0008198022796553208  1.2251768196501543e-05
207.95000000000002  -0.0008198017822180119  1.2249564248524082e-05
208.0  -0.0008198012833807289  1.2247315878692621e-05
208.05  -0.0008198007804771344  1.2245033679084507e-05
208.10000000000002  -0.000819800271329619  1.2242730360125225e-05
208.15  -0.0008197997543783735  1.2240419994832266e-05
208.20000000000002  -0.0008197992287839491  1.2238117183736917e-05
208.25  -0.0008197986944694015  1.223583616866055e-05
208.3  -0.0008197981521242322  1.223358998555591e-05
208.35000000000002  -0.0008197976031656702  1.2231389666161234e-05
208.4  -0.0008197970496421433  1.2229243590448479e-05
208.45000000000002  -0.0008197964941234735  1.2227156976133986e-05
208.5  -0.0008197959395365022  1.222513155808532e-05
208.55  -0.0008197953890027975  1.2223165485675844e-05
208.60000000000002  -0.0008197948456592538  1.2221253429670564e-05
208.65  -0.0008197943124829681  1.2219386898429689e-05
208.70000000000002  -0.0008197937921222266  1.2217554742432134e-05
208.75  -0.000819793286758764  1.2215743815370398e-05
208.8  -0.0008197927979870054  1.2213939751881198e-05
208.85000000000002  -0.0008197923267296262  1.2212127817698751e-05
208.9  -0.000819791873187276  1.2210293793543984e-05
208.95000000000002  -0.000819791436830731  1.2208424809966273e-05
209.0  -0.0008197910164360386  1.2206510104375255e-05
209.05  -0.0008197906101448538  1.2204541671530797e-05
209.10000000000002  -0.0008197902155741413  1.2202514727942238e-05
209.15  -0.0008197898299485888  1.2200428001958715e-05
209.20000000000002  -0.0008197894502596137  1.219828380846159e-05
209.25  -0.0008197890734317596  1.2196087907127558e-05
209.3  -0.000819788696505814  1.2193849174836104e-05
209.35000000000002  -0.0008197883168059264  1.2191579066715306e-05
209.4  -0.0008197879321016288  1.2189290944373643e-05
209.45000000000002  -0.0008197875407320782  1.2186999274693884e-05
209.5  -0.0008197871417081659  1.2184718777766518e-05
209.55  -0.000819786734777557  1.2182463556432619e-05
209.60000000000002  -0.0008197863204310226  1.2180246254995977e-05
209.65  -0.00081978589987748  1.2178077312526882e-05
209.70000000000002  -0.0008197854749679129  1.2175964353752572e-05
209.75  -0.0008197850480846671  1.2173911733620439e-05
209.8  -0.0008197846220015791  1.2171920302126446e-05
209.85000000000002  -0.0008197841997148831  1.2169987343578774e-05
209.9  -0.0008197837842589077  1.2168106759940958e-05
209.95000000000002  -0.0008197833785262866  1.216626943234848e-05
210.0  -0.0008197829850904439  1.216446376647504e-05
210.05  -0.0008197826060430836  1.2162676386189702e-05
210.10000000000002  -0.000819782242854875  1.2160892933517592e-05
210.15  -0.0008197818962777766  1.2159098917846763e-05
210.20000000000002  -0.0008197815662841678  1.2157280571499247e-05
210.25  -0.0008197812520512079  1.215542567159424e-05
210.3  -0.0008197809520005652  1.2153524265726742e-05
210.35000000000002  -0.000819780663868188  1.215156926032818e-05
210.4  -0.0008197803848391627  1.214955684362203e-05
210.45000000000002  -0.0008197801116958445  1.2147486713614077e-05
210.5  -0.000819779841012353  1.214536209979565e-05
210.55  -0.0008197795693485842  1.2143189576920834e-05
210.60000000000002  -0.0008197792934579017  1.2140978687079948e-05
210.65  -0.000819779010463925  1.2138741369724913e-05
210.70000000000002  -0.0008197787180414353  1.213649126694655e-05
210.75  -0.000819778414539206  1.213424292067155e-05
210.8  -0.0008197780990766214  1.2132010916943874e-05
210.85000000000002  -0.0008197777715788236  1.2129809027707937e-05
210.9  -0.0008197774327767525  1.2127649403622797e-05
210.95000000000002  -0.0008197770841493217  1.2125541865685768e-05
211.0  -0.0008197767278229354  1.2123493320110082e-05
211.05  -0.0008197763664313717  1.2121507364932756e-05
211.10000000000002  -0.0008197760029544163  1.2119584075490986e-05
211.15  -0.0008197756405244568  1.2117719993553458e-05
211.20000000000002  -0.0008197752822419195  1.2115908341014318e-05
211.25  -0.0008197749309644408  1.2114139413222638e-05
211.3  -0.0008197745891437152  1.2112401133335528e-05
211.35000000000002  -0.0008197742586602153  1.21106797812085e-05
211.4  -0.000819773940706074  1.2108960791704158e-05
211.45000000000002  -0.000819773635708214  1.2107229608222542e-05
211.5  -0.0008197733432860684  1.2105472553744392e-05
211.55  -0.0008197730622789749  1.2103677640006461e-05
211.60000000000002  -0.0008197727908065167  1.210183528374282e-05
211.65  -0.0008197725263720829  1.2099938889455339e-05
211.70000000000002  -0.0008197722660089488  1.2097985243060615e-05
211.75  -0.0008197720064492887  1.2095974716658784e-05
211.8  -0.000819771744319951  1.2093911258429847e-05
211.85000000000002  -0.0008197714763367259  1.2091802155221685e-05
211.9  -0.000819771199481857  1.2089657610722237e-05
211.95000000000002  -0.0008197709111803073  1.2087490145336137e-05
212.0  -0.000819770609443122  1.2085313836218844e-05
212.05  -0.0008197702929722371  1.2083143493320063e-05
212.10000000000002  -0.0008197699612341067  1.2080993759735017e-05
212.15  -0.0008197696144738334  1.207887824941677e-05
212.20000000000002  -0.0008197692537045384  1.2076808729949624e-05
212.25  -0.0008197688806353622  1.2074794422805798e-05
212.3  -0.0008197684975756094  1.2072841448768751e-05
212.35000000000002  -0.0008197681072812308  1.2070952466311968e-05
212.4  -0.0008197677128082568  1.2069126516746267e-05
212.45000000000002  -0.0008197673173154091  1.2067359074321429e-05
212.5  -0.000819766923882139  1.206564232302356e-05
212.55  -0.0008197665353229937  1.2063965625360253e-05
212.60000000000002  -0.0008197661540181053  1.2062316149267973e-05
212.65  -0.0008197657817724263  1.2060679640940684e-05
212.70000000000002  -0.000819765419705975  1.2059041271768583e-05
212.75  -0.0008197650681823002  1.2057386531323004e-05
212.8  -0.0008197647267887464  1.2055702080401268e-05
212.85000000000002  -0.000819764394358748  1.2053976538078633e-05
212.9  -0.0008197640690407105  1.2052201161673716e-05
212.95000000000002  -0.0008197637484056255  1.2050370348463263e-05
213.0  -0.0008197634295826736  1.2048481966287373e-05
213.05  -0.0008197631094372164  1.2046537466422536e-05
213.10000000000002  -0.0008197627847434224  1.2044541784916526e-05
213.15  -0.0008197624523760017  1.204250304435734e-05
213.20000000000002  -0.0008197621094972399  1.2040432073769612e-05
213.25  -0.000819761753714522  1.2038341754739331e-05
213.3  -0.0008197613832304133  1.2036246269717609e-05
213.35000000000002  -0.0008197609969442986  1.2034160260888612e-05
213.4  -0.0008197605945273827  1.2032097976902452e-05
213.45000000000002  -0.0008197601764444579  1.203007242495818e-05
213.5  -0.0008197597439347368  1.20280946193438e-05
213.55  -0.0008197592989486176  1.2026172931260074e-05
213.60000000000002  -0.0008197588440353923  1.2024312597356548e-05
213.65  -0.000819758382202059  1.202251540965895e-05
213.70000000000002  -0.0008197579167289929  1.2020779617002097e-05
213.75  -0.0008197574509959271  1.201910001475499e-05
213.8  -0.0008197569882695937  1.20174682606835e-05
213.85000000000002  -0.000819756531515579  1.2015873357050727e-05
213.9  -0.00081975608322692  1.2014302309481346e-05
213.95000000000002  -0.0008197556452697651  1.2012740891932379e-05
214.0  -0.0008197552187816752  1.2011174482008517e-05
214.05  -0.0008197548041004843  1.2009588933165581e-05
214.10000000000002  -0.0008197544007524615  1.2007971406599767e-05
214.15  -0.0008197540074833588  1.200631113749929e-05
214.20000000000002  -0.0008197536223356318  1.200460006839702e-05
214.25  -0.0008197532427787652  1.2002833328679172e-05
214.3  -0.000819752865864625  1.2001009526069585e-05
214.35000000000002  -0.0008197524884065761  1.199913083380934e-05
214.4  -0.0008197521071822416  1.199720286937107e-05
214.45000000000002  -0.0008197517191353956  1.1995234361286342e-05
214.5  -0.0008197513215702336  1.1993236635661551e-05
214.55  -0.0008197509123192653  1.199122295071468e-05
214.60000000000002  -0.0008197504898799156  1.198920770754345e-05
214.65  -0.0008197500535254478  1.198720560509727e-05
214.70000000000002  -0.0008197496033451998  1.1985230754822532e-05
214.75  -0.0008197491402473148  1.1983295840833734e-05
214.8  -0.0008197486659142591  1.1981411358817553e-05
214.85000000000002  -0.0008197481826960145  1.1979585001051793e-05
214.9  -0.0008197476934773523  1.197782117986438e-05
214.95000000000002  -0.0008197472014915278  1.1976120761106324e-05
215.0  -0.0008197467101427875  1.1974481012129749e-05
215.05  -0.0008197462227959732  1.1972895761814726e-05
215.10000000000002  -0.000819745742585777  1.19713557626684e-05
215.15  -0.0008197452722406394  1.1969849239968624e-05
215.20000000000002  -0.000819744813930712  1.1968362589185135e-05
215.25  -0.0008197443691558128  1.1966881184178875e-05
215.3  -0.0008197439386636274  1.1965390243602798e-05
215.35000000000002  -0.0008197435224406173  1.1963875706365312e-05
215.4  -0.000819743119709838  1.1962325065513371e-05
215.45000000000002  -0.0008197427290014916  1.1960728110318878e-05
215.5  -0.0008197423482551306  1.1959077527451119e-05
215.55  -0.0008197419749442701  1.1957369333670032e-05
215.60000000000002  -0.0008197416062384723  1.1955603115527155e-05
215.65  -0.0008197412391760533  1.1953782042252014e-05
215.70000000000002  -0.0008197408708420386  1.1951912678122051e-05
215.75  -0.0008197404985313215  1.1950004582747097e-05
215.8  -0.0008197401199153722  1.194806973826032e-05
215.85000000000002  -0.0008197397331730902  1.1946121826488117e-05
215.9  -0.000819739337093081  1.1944175392442384e-05
215.95000000000002  -0.0008197389311411277  1.1942244974329913e-05
216.0  -0.00081973851550038  1.1940344206339318e-05
216.05  -0.0008197380910521503  1.1938485003745248e-05
216.10000000000002  -0.0008197376593292947  1.1936676826483899e-05
216.15  -0.0008197372224330564  1.193492610307022e-05
216.20000000000002  -0.000819736782919986  1.1933235833394909e-05
216.25  -0.0008197363436617339  1.193160540434435e-05
216.3  -0.0008197359076848908  1.1930030616485532e-05
216.35000000000002  -0.0008197354780076014  1.1928503926042088e-05
216.4  -0.0008197350574760534  1.1927014902763712e-05
216.45000000000002  -0.0008197346486015115  1.1925550830623063e-05
216.5  -0.0008197342534249293  1.1924097472928346e-05
216.55  -0.0008197338733941927  1.1922639916812287e-05
216.60000000000002  -0.0008197335092800127  1.1921163453358728e-05
216.65  -0.0008197331611272859  1.19196544453383e-05
216.70000000000002  -0.0008197328282457266  1.1918101118609773e-05
216.75  -0.0008197325092467214  1.1916494250880836e-05
216.8  -0.0008197322021120762  1.1914827703150507e-05
216.85000000000002  -0.0008197319043167532  1.1913098761294396e-05
216.9  -0.0008197316129677658  1.1911308276045507e-05
216.95000000000002  -0.00081973132498477  1.1909460596363618e-05
217.0  -0.0008197310372850871  1.1907563288707473e-05
217.05  -0.0008197307469756398  1.1905626685837977e-05
217.10000000000002  -0.0008197304515329334  1.190366324420539e-05
217.15  -0.0008197301489773398  1.1901686818231445e-05
217.20000000000002  -0.0008197298380046068  1.1899711825053656e-05
217.25  -0.000819729518076105  1.1897752391160088e-05
217.3  -0.0008197291894713882  1.1895821509957764e-05
217.35000000000002  -0.0008197288532929053  1.1893930274891424e-05
217.4  -0.0008197285114026154  1.1892087216908609e-05
217.45000000000002  -0.0008197281663316309  1.1890297801030007e-05
217.5  -0.0008197278211373336  1.1888564087776101e-05
217.55  -0.0008197274792328771  1.1886884605570125e-05
217.60000000000002  -0.0008197271441921601  1.1885254421450486e-05
217.65  -0.0008197268195501146  1.188366541951427e-05
217.70000000000002  -0.0008197265086036982  1.1882106761195105e-05
217.75  -0.0008197262142357824  1.18805655083767e-05
217.8  -0.0008197259387549044  1.187902736656931e-05
217.85000000000002  -0.0008197256837915246  1.1877477515709247e-05
217.9  -0.0008197254502202322  1.1875901471564664e-05
217.95000000000002  -0.0008197252381450261  1.1874285924892746e-05
218.0  -0.000819725046915673  1.187261952627144e-05
218.05  -0.0008197248752059731  1.1870893548610192e-05
218.10000000000002  -0.0008197247211238208  1.1869102397682636e-05
218.15  -0.0008197245823486034  1.1867243946464523e-05
218.20000000000002  -0.0008197244563018774  1.1865319650954912e-05
218.25  -0.0008197243403239704  1.186333446975287e-05
218.3  -0.0008197242318542564  1.1861296558929161e-05
218.35000000000002  -0.0008197241286063526  1.1859216768478299e-05
218.4  -0.0008197240287220281  1.1857107982235016e-05
218.45000000000002  -0.0008197239308932236  1.1854984334883404e-05
218.5  -0.0008197238344524694  1.185286034093133e-05
218.55  -0.0008197237394305051  1.1850750008115607e-05
218.60000000000002  -0.0008197236465493847  1.1848665982889237e-05
218.65  -0.0008197235571793019  1.18466187672547e-05
218.70000000000002  -0.0008197234732471331  1.1844616078540292e-05
218.75  -0.0008197233971044124  1.1842662378080417e-05
218.8  -0.00081972333135232  1.1840758585085097e-05
218.85000000000002  -0.00081972327865363  1.1838902027590118e-05
218.9  -0.0008197232415232122  1.1837086606328773e-05
218.95000000000002  -0.0008197232221161369  1.1835303158835896e-05
219.0  -0.0008197232220228139  1.1833540024167467e-05
219.05  -0.0008197232420887034  1.1831783765262993e-05
219.10000000000002  -0.0008197232822585687  1.183002000404085e-05
219.15  -0.000819723341467744  1.1828234303027036e-05
219.20000000000002  -0.0008197234175807614  1.1826413074294976e-05
219.25  -0.0008197235073797156  1.1824544438473377e-05
219.3  -0.0008197236066144667  1.1822618994190197e-05
219.35000000000002  -0.0008197237100995109  1.1820630437085083e-05
219.4  -0.0008197238118767248  1.1818576012573821e-05
219.45000000000002  -0.000819723905407463  1.181645676653876e-05
219.5  -0.0008197239838044212  1.1814277577627623e-05
219.55  -0.0008197240400829775  1.1812046982054465e-05
219.60000000000002  -0.0008197240674230591  1.1809776775363319e-05
219.65  -0.0008197240594227134  1.1807481444415656e-05
219.70000000000002  -0.0008197240103262654  1.1805177440235288e-05
219.75  -0.000819723915229459  1.180288233685353e-05
219.8  -0.0008197237702295747  1.1800613940678856e-05
219.85000000000002  -0.0008197235725316759  1.1798389367552887e-05
219.9  -0.0008197233204913427  1.1796224176913801e-05
219.95000000000002  -0.00081972301359849  1.17941315906162e-05
220.0  -0.0008197226524104504  1.1792121846486729e-05
220.05  -0.0008197222384156577  1.1790201733346086e-05
220.10000000000002  -0.0008197217738810599  1.1788374313608202e-05
220.15  -0.0008197212616511119  1.1786638867431246e-05
220.20000000000002  -0.0008197207049175875  1.1784991073263097e-05
220.25  -0.0008197201070133816  1.178342336651038e-05
220.3  -0.0008197194711735967  1.1781925513191138e-05
220.35000000000002  -0.0008197188003418351  1.178048533287282e-05
220.4  -0.0008197180970034313  1.1779089523551722e-05
220.45000000000002  -0.0008197173630474926  1.1777724557309583e-05
220.5  -0.0008197165996782291  1.1776377582882946e-05
220.55  -0.0008197158073809802  1.1775037273838098e-05
220.60000000000002  -0.0008197149859432823  1.177369456970489e-05
220.65  -0.000819714134525147  1.1772343276713975e-05
220.70000000000002  -0.0008197132517761361  1.177098048629093e-05
220.75  -0.0008197123359931038  1.1769606776905212e-05
220.8  -0.0008197113853228818  1.1768226194557767e-05
220.85000000000002  -0.0008197103979646662  1.1766846018208474e-05
220.9  -0.0008197093723984189  1.176547631816737e-05
220.95000000000002  -0.0008197083075966389  1.1764129345525221e-05
221.0  -0.0008197072032147138  1.1762818762474717e-05
221.05  -0.0008197060597576786  1.176155880412103e-05
221.10000000000002  -0.0008197048786858337  1.176036338599337e-05
221.15  -0.0008197036624800085  1.1759245236460229e-05
221.20000000000002  -0.0008197024146454262  1.1758215093160356e-05
221.25  -0.0008197011396436965  1.1757281014246855e-05
221.3  -0.0008196998427821633  1.1756447843588847e-05
221.35000000000002  -0.0008196985300353487  1.175571686670067e-05
221.4  -0.0008196972078410162  1.1755085679366608e-05
221.45000000000002  -0.0008196958828524996  1.1754548248232074e-05
221.5  -0.000819694561682759  1.1754095195782026e-05
221.55  -0.0008196932506488539  1.1753714268560186e-05
221.60000000000002  -0.0008196919555341953  1.1753390963773055e-05
221.65  -0.0008196906813849327  1.1753109280378021e-05
221.70000000000002  -0.0008196894323475584  1.1752852548416594e-05
221.75  -0.000819688211562347  1.175260429143489e-05
221.8  -0.0008196870211164387  1.1752349073288577e-05
221.85000000000002  -0.0008196858620518287  1.1752073276325077e-05
221.9  -0.0008196847344448841  1.1751765770776491e-05
221.95000000000002  -0.0008196836375213154  1.175141844940626e-05
222.0  -0.000819682569833387  1.1751026554930079e-05
222.05  -0.0008196815294637549  1.1750588847040397e-05
222.10000000000002  -0.000819680514239445  1.1750107535077022e-05
222.15  -0.0008196795219618214  1.1749588022340806e-05
222.20000000000002  -0.000819678550624847  1.1749038461393926e-05
222.25  -0.0008196775986000451  1.1748469142125223e-05
222.3  -0.0008196766648024143  1.174789175605929e-05
222.35000000000002  -0.0008196757487942786  1.1747318586386e-05
222.4  -0.0008196748508517779  1.174676166032962e-05
222.45000000000002  -0.0008196739719775266  1.1746231922155721e-05
222.5  -0.0008196731138603616  1.1745738477984564e-05
222.55  -0.0008196722787810152  1.1745287941203613e-05
222.60000000000002  -0.0008196714694814881  1.1744883959895571e-05
222.65  -0.0008196706889976306  1.1744526887032865e-05
222.70000000000002  -0.0008196699404798264  1.174421369120487e-05
222.75  -0.0008196692269749728  1.1743938051587944e-05
222.8  -0.0008196685512365173  1.1743690663312822e-05
222.85000000000002  -0.000819667915526003  1.1743459730043679e-05
222.9  -0.0008196673214438479  1.1743231608026851e-05
222.95000000000002  -0.0008196667697882903  1.1742991564346605e-05
223.0  -0.0008196662604575473  1.1742724613200521e-05
223.05  -0.0008196657923935359  1.1742416353394385e-05
223.10000000000002  -0.0008196653635866931  1.1742053798065961e-05
223.15  -0.0008196649711290265  1.1741626102665923e-05
223.20000000000002  -0.0008196646113151955  1.1741125175313374e-05
223.25  -0.0008196642798027121  1.1740546126395943e-05
223.3  -0.0008196639718109869  1.1739887515448697e-05
223.35000000000002  -0.0008196636823366645  1.17391514252561e-05
223.4  -0.0008196634063964472  1.1738343309545141e-05
223.45000000000002  -0.0008196631392715823  1.173747164582282e-05
223.5  -0.000819662876732443  1.1736547436846218e-05
223.55  -0.0008196626152366718  1.173558355023409e-05
223.60000000000002  -0.0008196623520876563  1.173459396069357e-05
223.65  -0.0008196620855442575  1.1733592942859191e-05
223.70000000000002  -0.0008196618148682055  1.173259423982258e-05
223.75  -0.0008196615403092866  1.1731610278403293e-05
223.8  -0.0008196612630396317  1.1730651455211659e-05
223.85000000000002  -0.0008196609850256067  1.1729725549463428e-05
223.9  -0.0008196607088549022  1.172883727801029e-05
223.95000000000002  -0.0008196604375330928  1.1727988037566698e-05
224.0  -0.0008196601742427082  1.1727175831339294e-05
224.05  -0.0008196599221108168  1.1726395385502214e-05
224.10000000000002  -0.0008196596839739476  1.1725638478501704e-05
224.15  -0.0008196594621618394  1.1724894404026493e-05
224.20000000000002  -0.0008196592583240201  1.172415061099206e-05
224.25  -0.0008196590732875872  1.172339344121412e-05
224.3  -0.0008196589069834723  1.172260894302668e-05
224.35000000000002  -0.0008196587584309231  1.1721783701527304e-05
224.4  -0.000819658625771208  1.1720905649368328e-05
224.45000000000002  -0.0008196585063681064  1.171996481761793e-05
224.5  -0.000819658396946887  1.171895396464488e-05
224.55  -0.0008196582937749093  1.1717869050522798e-05
224.60000000000002  -0.0008196581928615178  1.1716709537444689e-05
224.65  -0.000819658090177303  1.1715478466177735e-05
224.70000000000002  -0.0008196579818685796  1.1714182308843277e-05
224.75  -0.0008196578644698813  1.1712830624587326e-05
224.8  -0.0008196577350935115  1.1711435509241378e-05
224.85000000000002  -0.0008196575915872342  1.171001089694259e-05
224.9  -0.0008196574326354202  1.1708571737918216e-05
224.95000000000002  -0.0008196572578267064  1.1707133114706881e-05
225.0  -0.0008196570676687026  1.1705709355518644e-05
225.05  -0.0008196568635389429  1.1704313187989508e-05
225.10000000000002  -0.0008196566475891794  1.1702954987171201e-05
225.15  -0.0008196564226103009  1.1701642180024356e-05
225.20000000000002  -0.0008196561918494098  1.17003788090847e-05
225.25  -0.0008196559588025429  1.169916532490589e-05
225.3  -0.0008196557270044178  1.1697998571474065e-05
225.35000000000002  -0.0008196554997975176  1.1696871994866997e-05
225.4  -0.000819655280133341  1.1695776062659925e-05
225.45000000000002  -0.0008196550703900888  1.1694698853607932e-05
225.5  -0.0008196548722219813  1.1693626781829791e-05
225.55  -0.0008196546864570147  1.1692545419345209e-05
225.60000000000002  -0.0008196545130602042  1.1691440373665465e-05
225.65  -0.0008196543511229562  1.1690298145016669e-05
225.70000000000002  -0.0008196541989294724  1.1689106943311251e-05
225.75  -0.0008196540540642461  1.1687857393340596e-05
225.8  -0.0008196539135548052  1.1686543093511687e-05
225.85000000000002  -0.0008196537740615276  1.1685161005899687e-05
225.9  -0.0008196536320751334  1.168371164084268e-05
225.95000000000002  -0.0008196534841231276  1.1682199026695353e-05
226.0  -0.0008196533269773743  1.1680630479682375e-05
226.05  -0.0008196531578365735  1.1679016178068008e-05
226.10000000000002  -0.0008196529744729135  1.1677368555499897e-05
226.15  -0.0008196527753538081  1.1675701579184883e-05
226.20000000000002  -0.0008196525597097953  1.1674029909808825e-05
226.25  -0.0008196523275562509  1.1672368052288305e-05
226.3  -0.0008196520796747705  1.1670729478363215e-05
226.35000000000002  -0.0008196518175398993  1.1669125836355184e-05
226.4  -0.0008196515432265812  1.1667566258999795e-05
226.45000000000002  -0.000819651259258557  1.1666056820329928e-05
226.5  -0.0008196509684693217  1.1664600166838958e-05
226.55  -0.0008196506738201582  1.1663195367640333e-05
226.60000000000002  -0.0008196503782391035  1.1661837955721462e-05
226.65  -0.0008196500844478259  1.1660520210463716e-05
226.70000000000002  -0.0008196497948179033  1.1659231604953225e-05
226.75  -0.0008196495112459681  1.1657959441461053e-05
226.8  -0.0008196492350438821  1.1656689619818253e-05
226.85000000000002  -0.0008196489668810056  1.1655407471577485e-05
226.9  -0.0008196487067462048  1.1654098648482226e-05
226.95000000000002  -0.0008196484539537728  1.1652749979503105e-05
227.0  -0.0008196482071728756  1.1651350263071044e-05
227.05  -0.0008196479645056371  1.1649890928550305e-05
227.10000000000002  -0.0008196477235828846  1.1648366546110692e-05
227.15  -0.0008196474816868346  1.1646775146192381e-05
227.20000000000002  -0.0008196472359024542  1.1645118339135489e-05
227.25  -0.0008196469832669746  1.1643401203032477e-05
227.3  -0.0008196467209315671  1.1641631979249917e-05
227.35000000000002  -0.0008196464463253755  1.163982157422307e-05
227.4  -0.0008196461572878588  1.163798291932926e-05
227.45000000000002  -0.0008196458522080276  1.1636130198375933e-05
227.5  -0.0008196455301127851  1.1634278015602785e-05
227.55  -0.0008196451907454939  1.1632440535948568e-05
227.60000000000002  -0.000819644834576297  1.1630630663238316e-05
227.65  -0.0008196444627994333  1.1628859292423747e-05
227.70000000000002  -0.0008196440772646879  1.1627134678345139e-05
227.75  -0.0008196436803899732  1.1625461962122986e-05
227.8  -0.0008196432750203232  1.1623842877650915e-05
227.85000000000002  -0.0008196428642636808  1.162227566339053e-05
227.9  -0.0008196424513151722  1.1620755165949576e-05
227.95000000000002  -0.0008196420392608557  1.1619273151716562e-05
228.0  -0.0008196416308957411  1.161781879050318e-05
228.05  -0.0008196412285513039  1.1616379294022614e-05
228.10000000000002  -0.0008196408339578471  1.1614940666111262e-05
228.15  -0.0008196404481339703  1.161348853073545e-05
228.20000000000002  -0.0008196400713354269  1.1612008973977089e-05
228.25  -0.000819639703044598  1.1610489367328892e-05
228.3  -0.0008196393419996046  1.1608919119599089e-05
228.35000000000002  -0.0008196389862879141  1.1607290313911433e-05
228.4  -0.0008196386334690553  1.1605598175534423e-05
228.45000000000002  -0.000819638280731077  1.1603841386761266e-05
228.5  -0.0008196379250753834  1.1602022170264744e-05
228.55  -0.0008196375635063046  1.160014618969171e-05
228.60000000000002  -0.0008196371932183791  1.1598222229487775e-05
228.65  -0.000819636811783642  1.159626169475029e-05
228.70000000000002  -0.0008196364172967717  1.1594277953002707e-05
228.75  -0.0008196360085012912  1.15922855473574e-05
228.8  -0.0008196355848669815  1.1590299348913837e-05
228.85000000000002  -0.0008196351466271838  1.1588333666320036e-05
228.9  -0.00081963469477315  1.158640140342098e-05
228.95000000000002  -0.0008196342309912417  1.1584513274996537e-05
229.0  -0.000819633757573597  1.1582677179626608e-05
229.05  -0.000819633277283136  1.1580897719522167e-05
229.10000000000002  -0.0008196327931927316  1.1579175932709975e-05
229.15  -0.0008196323085274108  1.1577509220235993e-05
229.20000000000002  -0.0008196318264654946  1.157589152268575e-05
229.25  -0.0008196313499867488  1.1574313685467122e-05
229.3  -0.0008196308816914091  1.1572764009853162e-05
229.35000000000002  -0.0008196304236708625  1.1571228973053993e-05
229.4  -0.0008196299773938147  1.1569694051589432e-05
229.45000000000002  -0.000819629543631619  1.156814458651127e-05
229.5  -0.0008196291224250295  1.1566566680192751e-05
229.55  -0.0008196287130842286  1.1564948028573762e-05
229.60000000000002  -0.0008196283142416176  1.1563278668714648e-05
229.65  -0.0008196279239225322  1.1561551577072963e-05
229.70000000000002  -0.000819627539681853  1.1559763090299028e-05
229.75  -0.0008196271587454706  1.1557913125240064e-05
229.8  -0.0008196267781753618  1.1556005199028622e-05
229.85000000000002  -0.0008196263950509445  1.1554046216513464e-05
229.9  -0.0008196260066445188  1.1552046072256321e-05
229.95000000000002  -0.0008196256105911672  1.1550017063976896e-05
230.0  -0.0008196252050330353  1.1547973172528229e-05
230.05  -0.0008196247887400224  1.1545929244467464e-05
230.10000000000002  -0.0008196243611855657  1.1543900105701272e-05
230.15  -0.0008196239225834788  1.1541899695603178e-05
230.20000000000002  -0.0008196234738855041  1.1539940248764887e-05
230.25  -0.0008196230167215185  1.1538031572025332e-05
230.3  -0.0008196225533106808  1.15361804703685e-05
230.35000000000002  -0.0008196220863307313  1.1534390349634128e-05
230.4  -0.0008196216187712725  1.1532661023728563e-05
230.45000000000002  -0.0008196211537471167  1.1530988733687527e-05
230.5  -0.0008196206943340271  1.1529366380018478e-05
230.55  -0.0008196202433813178  1.1527783951949364e-05
230.60000000000002  -0.000819619803353946  1.152622912507274e-05
230.65  -0.0008196193761849045  1.1524688009777791e-05
230.70000000000002  -0.0008196189631641157  1.1523145975796817e-05
230.75  -0.0008196185648666432  1.1521588535922376e-05
230.8  -0.0008196181811151008  1.1520002218874063e-05
230.85000000000002  -0.0008196178109857069  1.151837537576592e-05
230.9  -0.0008196174528646579  1.1516698882847363e-05
230.95000000000002  -0.0008196171045386698  1.1514966687395183e-05
231.0  -0.0008196167633230621  1.1513176189851008e-05
231.05  -0.0008196164262138454  1.1511328393842791e-05
231.10000000000002  -0.0008196160900733731  1.1509427850620209e-05
231.15  -0.0008196157518007948  1.1507482400561781e-05
231.20000000000002  -0.0008196154085273633  1.1505502697890455e-05
231.25  -0.0008196150577797385  1.1503501584750136e-05
231.3  -0.0008196146976347914  1.1501493321644084e-05
231.35000000000002  -0.0008196143268267016  1.149949273940049e-05
231.4  -0.0008196139448286039  1.1497514364523266e-05
231.45000000000002  -0.0008196135518939127  1.1495571547351802e-05
231.5  -0.0008196131490411093  1.1493675685404878e-05
231.55  -0.0008196127379981112  1.1491835555955238e-05
231.60000000000002  -0.0008196123211094269  1.1490056796814824e-05
231.65  -0.0008196119011995588  1.148834159192362e-05
231.70000000000002  -0.0008196114814197675  1.1486688560592554e-05
231.75  -0.0008196110650540208  1.1485092844313173e-05
231.8  -0.0008196106553291468  1.1483546411620552e-05
231.85000000000002  -0.0008196102552255646  1.148203854766923e-05
231.9  -0.0008196098672911021  1.1480556483365158e-05
231.95000000000002  -0.0008196094934895506  1.1479086165813094e-05
232.0  -0.0008196091350732396  1.1477613085396224e-05
232.05  -0.0008196087925116298  1.1476123127348767e-05
232.10000000000002  -0.0008196084654538315  1.1474603400302304e-05
232.15  -0.000819608152756945  1.147304299666137e-05
232.20000000000002  -0.0008196078525493635  1.1471433627170398e-05
232.25  -0.0008196075623438578  1.1469770110377874e-05
232.3  -0.0008196072792068876  1.1468050676476734e-05
232.35000000000002  -0.0008196069999267652  1.1466277081151875e-05
232.4  -0.0008196067212213359  1.1464454508574966e-05
232.45000000000002  -0.0008196064399369026  1.1462591274438217e-05
232.5  -0.0008196061532548384  1.1460698338329359e-05
232.55  -0.0008196058588567808  1.145878867102215e-05
232.60000000000002  -0.0008196055550652513  1.145687649298135e-05
232.65  -0.0008196052409664236  1.1454976436868036e-05
232.70000000000002  -0.0008196049164448635  1.1453102684902926e-05
232.75  -0.0008196045822100142  1.1451268131888433e-05
232.8  -0.0008196042397478592  1.144948360946212e-05
232.85000000000002  -0.000819603891245859  1.1447757247357742e-05
232.9  -0.0008196035394589671  1.1446093985165813e-05
232.95000000000002  -0.0008196031875535119  1.1444495263387045e-05
233.0  -0.0008196028389275524  1.1442958941975485e-05
233.05  -0.0008196024970057932  1.1441479412502699e-05
233.10000000000002  -0.0008196021650541602  1.1440047933110428e-05
233.15  -0.0008196018459836892  1.1438653138777879e-05
233.20000000000002  -0.0008196015421956416  1.143728172541198e-05
233.25  -0.0008196012554379547  1.1435919232325527e-05
233.3  -0.0008196009867123916  1.1434550918597687e-05
233.35000000000002  -0.0008196007362264486  1.1433162634179599e-05
233.4  -0.00081960050337796  1.1431741670169622e-05
233.45000000000002  -0.0008196002868009894  1.1430277515055848e-05
233.5  -0.0008196000844528055  1.1428762473852461e-05
233.55  -0.0008195998937257631  1.142719212762983e-05
233.60000000000002  -0.0008195997116129249  1.1425565584319741e-05
233.65  -0.000819599534878024  1.1423885515611997e-05
233.70000000000002  -0.0008195993602539363  1.1422157986798638e-05
233.75  -0.0008195991846341877  1.1420392092986384e-05
233.8  -0.0008195990052500474  1.1418599389870004e-05
233.85000000000002  -0.0008195988198451021  1.1416793218915018e-05
233.9  -0.0008195986268054026  1.1414987902677587e-05
233.95000000000002  -0.0008195984252572636  1.1413197895172303e-05
234.0  -0.0008195982151303327  1.1411436931551286e-05
234.05  -0.0008195979971520492  1.1409717213702801e-05
234.10000000000002  -0.0008195977728147823  1.1408048703178179e-05
234.15  -0.0008195975442850514  1.1406438530132718e-05
234.20000000000002  -0.0008195973142740893  1.1404890581877681e-05
234.25  -0.000819597085878491  1.1403405270848346e-05
234.3  -0.0008195968623749001  1.1401979516104804e-05
234.35000000000002  -0.0008195966470384605  1.1400606922227271e-05
234.4  -0.0008195964429292379  1.1399278136247585e-05
234.45000000000002  -0.0008195962526932192  1.1397981414672416e-05
234.5  -0.0008195960784113211  1.1396703285469789e-05
234.55  -0.0008195959214474098  1.1395429347171512e-05
234.60000000000002  -0.0008195957823686993  1.1394145109093435e-05
234.65  -0.0008195956608921241  1.1392836830819418e-05
234.70000000000002  -0.0008195955559038895  1.1391492322828582e-05
234.75  -0.0008195954655092703  1.139010167225602e-05
234.8  -0.0008195953871375718  1.138865781986811e-05
234.85000000000002  -0.0008195953176959566  1.1387156979015254e-05
234.9  -0.0008195952537364615  1.138559885554679e-05
234.95000000000002  -0.0008195951916610679  1.1383986683840218e-05
235.0  -0.0008195951279137477  1.1382327031852113e-05
235.05  -0.0008195950591915898  1.1380629418022872e-05
235.10000000000002  -0.0008195949826262234  1.137890575954282e-05
235.15  -0.0008195948959310419  1.137716965878726e-05
235.20000000000002  -0.0008195947975296244  1.137543560090549e-05
235.25  -0.0008195946866303334  1.1373718085037031e-05
235.3  -0.000819594563257576  1.137203075641548e-05
235.35000000000002  -0.0008195944282292087  1.1370385584043882e-05
235.4  -0.0008195942830901251  1.1368792139251319e-05
235.45000000000002  -0.0008195941300107083  1.136725701773552e-05
235.5  -0.0008195939716315534  1.1365783430212573e-05
235.55  -0.000819593810890844  1.1364371006697621e-05
235.60000000000002  -0.0008195936508445981  1.1363015809837942e-05
235.65  -0.000819593494461357  1.1361710563440107e-05
235.70000000000002  -0.0008195933444348383  1.1360445092602721e-05
235.75  -0.0008195932030173062  1.1359206920729314e-05
235.8  -0.000819593071864586  1.1357982021217524e-05
235.85000000000002  -0.0008195929519376241  1.1356755643119709e-05
235.9  -0.0008195928434282568  1.1355513201945786e-05
235.95000000000002  -0.0008195927457419144  1.1354241137029493e-05
236.0  -0.0008195926575181007  1.1352927714542295e-05
236.05  -0.0008195925767081968  1.1351563723230253e-05
236.10000000000002  -0.0008195925006888365  1.1350143003817262e-05
236.15  -0.0008195924264072801  1.1348662829873237e-05
236.20000000000002  -0.0008195923505566071  1.1347124039916669e-05
236.25  -0.0008195922697707238  1.1345530992946506e-05
236.3  -0.0008195921808114965  1.1343891307421237e-05
236.35000000000002  -0.000819592080759264  1.1342215396949098e-05
236.4  -0.000819591967175613  1.1340515864563722e-05
236.45000000000002  -0.0008195918382393275  1.1338806745170185e-05
236.5  -0.0008195916928437965  1.1337102681783259e-05
236.55  -0.000819591530664964  1.1335418048289791e-05
236.60000000000002  -0.0008195913521574643  1.133376610744309e-05
236.65  -0.0008195911585331158  1.1332158222454743e-05
236.70000000000002  -0.0008195909516708459  1.133060317030682e-05
236.75  -0.0008195907340144566  1.1329106625909517e-05
236.8  -0.0008195905084177359  1.1327670809984053e-05
236.85000000000002  -0.0008195902779916698  1.1326294350809982e-05
236.9  -0.000819590045913901  1.1324972360930003e-05
236.95000000000002  -0.0008195898152587881  1.1323696716710949e-05
237.0  -0.0008195895888327184  1.1322456525868674e-05
237.05  -0.0008195893690169465  1.1321238768613288e-05
237.10000000000002  -0.0008195891576347324  1.1320029066324536e-05
237.15  -0.0008195889558664947  1.1318812522645048e-05
237.20000000000002  -0.0008195887641760665  1.1317574610929747e-05
237.25  -0.000819588582293162  1.1316302036955815e-05
237.3  -0.000819588409236602  1.131498351805932e-05
237.35000000000002  -0.0008195882433620907  1.1313610463633845e-05
237.4  -0.0008195880824610434  1.1312177472681275e-05
237.45000000000002  -0.0008195879238879023  1.131068265034982e-05
237.5  -0.0008195877647045394  1.1309127717289038e-05
237.55  -0.0008195876018582386  1.1307517894829566e-05
237.60000000000002  -0.0008195874323618623  1.130586158577015e-05
237.65  -0.0008195872534657948  1.1304169855844625e-05
237.70000000000002  -0.0008195870628342994  1.1302455778762748e-05
237.75  -0.0008195868586916714  1.1300733630510728e-05
237.8  -0.0008195866399340173  1.1299018050283044e-05
237.85000000000002  -0.0008195864062142038  1.1297323156822872e-05
237.9  -0.0008195861579700914  1.129566171308887e-05
237.95000000000002  -0.0008195858964114778  1.129404437004097e-05
238.0  -0.0008195856234535359  1.1292479045322819e-05
238.05  -0.0008195853415935398  1.1290970462395728e-05
238.10000000000002  -0.000819585053773057  1.1289519874495063e-05
238.15  -0.0008195847631806521  1.1288125016581537e-05
238.20000000000002  -0.0008195844730419515  1.1286780234787044e-05
238.25  -0.0008195841864125582  1.1285476846807033e-05
238.3  -0.0008195839059616229  1.1284203646289253e-05
238.35000000000002  -0.0008195836337853166  1.1282947591596598e-05
238.4  -0.0008195833712454075  1.1281694572078485e-05
238.45000000000002  -0.0008195831188637357  1.1280430254311143e-05
238.5  -0.0008195828762519098  1.1279140934361727e-05
238.55  -0.0008195826421172357  1.1277814359896433e-05
238.60000000000002  -0.0008195824143031739  1.1276440463194514e-05
238.65  -0.0008195821899039095  1.1275011981169356e-05
238.70000000000002  -0.0008195819654121707  1.127352490276005e-05
238.75  -0.0008195817368993955  1.127197874036391e-05
238.8  -0.0008195815002271888  1.1270376583883183e-05
238.85000000000002  -0.0008195812512657502  1.1268724968388965e-05
238.9  -0.0008195809861134412  1.126703351744438e-05
238.95000000000002  -0.0008195807013012338  1.1265314426260522e-05
239.0  -0.00081958039396636  1.1263581769157443e-05
239.05  -0.0008195800619843694  1.1261850716050379e-05
239.10000000000002  -0.000819579704064634  1.1260136654384339e-05
239.15  -0.0008195793197908622  1.12584543205625e-05
239.20000000000002  -0.0008195789095959778  1.1256816960820678e-05
239.25  -0.0008195784747160638  1.1255235567010722e-05
239.3  -0.0008195780170721258  1.125371825145085e-05
239.35000000000002  -0.0008195775391320098  1.1252269805407081e-05
239.4  -0.000819577043738173  1.1250891428235456e-05
239.45000000000002  -0.000819576533920088  1.1249580707333958e-05
239.5  -0.0008195760127018141  1.1248331785708877e-05
239.55  -0.0008195754829097143  1.1247135757085189e-05
239.60000000000002  -0.0008195749469961524  1.1245981245458156e-05
239.65  -0.00081957440689036  1.124485513059111e-05
239.70000000000002  -0.0008195738638860073  1.1243743383015817e-05
239.75  -0.000819573318551762  1.1242631951594961e-05
239.8  -0.0008195727706943141  1.1241507650146146e-05
239.85000000000002  -0.0008195722193734376  1.1240358980315994e-05
239.9  -0.0008195716629459199  1.1239176864571835e-05
239.95000000000002  -0.0008195710991671596  1.1237955216972348e-05
240.0  -0.0008195705253237429  1.1236691323037742e-05
240.05  -0.0008195699384032782  1.1235386027195842e-05
240.10000000000002  -0.0008195693352911155  1.1234043699344756e-05
240.15  -0.0008195687129592422  1.123267196878879e-05
240.20000000000002  -0.000819568068681194  1.123128129351279e-05
240.25  -0.0008195674002171678  1.1229884332575996e-05
240.3  -0.0008195667059827741  1.1228495200314844e-05
240.35000000000002  -0.0008195659851808282  1.122712862983166e-05
240.4  -0.0008195652378961516  1.122579910388952e-05
240.45000000000002  -0.0008195644651298651  1.122451999370467e-05
240.5  -0.0008195636687894249  1.122330277647716e-05
240.55  -0.0008195628516169289  1.1222156356654046e-05
240.60000000000002  -0.0008195620170810815  1.1221086536908884e-05
240.65  -0.0008195611692018185  1.122009567916223e-05
240.70000000000002  -0.0008195603123687801  1.1219182557965085e-05
240.75  -0.0008195594511202284  1.1218342424454257e-05
240.8  -0.0008195585899238236  1.1217567275446884e-05
240.85000000000002  -0.000819557732955523  1.1216846310069532e-05
240.9  -0.0008195568839067447  1.1216166535104699e-05
240.95000000000002  -0.0008195560458170958  1.1215513520875312e-05
241.0  -0.0008195552209502535  1.1214872221252422e-05
241.05  -0.0008195544107132137  1.1214227817921054e-05
241.10000000000002  -0.0008195536156281366  1.1213566588756966e-05
241.15  -0.0008195528353618575  1.1212876665362293e-05
241.20000000000002  -0.0008195520687928288  1.1212148715975e-05
241.25  -0.0008195513141311223  1.12113764605046e-05
241.3  -0.0008195505690761205  1.1210557012007803e-05
241.35000000000002  -0.0008195498309914248  1.1209691009057355e-05
241.4  -0.0008195490971082727  1.1208782549826336e-05
241.45000000000002  -0.0008195483647389452  1.1207838904553303e-05
241.5  -0.0008195476314643745  1.1206870048125275e-05
241.55  -0.0008195468953328714  1.1205888021220494e-05
241.60000000000002  -0.0008195461550025723  1.1204906162424187e-05
241.65  -0.000819545409863081  1.1203938278362118e-05
241.70000000000002  -0.0008195446601147616  1.120299776396507e-05
241.75  -0.0008195439067957421  1.1202096762456858e-05
241.8  -0.0008195431517507836  1.1201245394943369e-05
241.85000000000002  -0.0008195423975604935  1.1200451122493258e-05
241.9  -0.0008195416474169775  1.1199718251226547e-05
241.95000000000002  -0.0008195409049677266  1.1199047652283851e-05
242.0  -0.0008195401741219328  1.1198436673592817e-05
242.05  -0.0008195394588387437  1.1197879266437011e-05
242.10000000000002  -0.000819538762909099  1.1197366324863355e-05
242.15  -0.0008195380897394827  1.1196886191822933e-05
242.20000000000002  -0.0008195374421518958  1.1196425330214184e-05
242.25  -0.0008195368222211656  1.1195969096999456e-05
242.3  -0.0008195362311627314  1.1195502574894763e-05
242.35000000000002  -0.0008195356692377222  1.1195011430738494e-05
242.4  -0.000819535135748908  1.1194482726194373e-05
242.45000000000002  -0.0008195346290772447  1.1193905644322176e-05
242.5  -0.0008195341467740602  1.1193272109457741e-05
242.55  -0.0008195336857133492  1.1192577219125508e-05
242.60000000000002  -0.0008195332422874121  1.1191819511045418e-05
242.65  -0.0008195328126239292  1.11910010235825e-05
242.70000000000002  -0.0008195323928285253  1.1190127148723522e-05
242.75  -0.0008195319792247451  1.1189206296823581e-05
242.8  -0.0008195315685798385  1.1188249379239239e-05
242.85000000000002  -0.000819531158301972  1.1187269153583061e-05
242.9  -0.0008195307465892436  1.118627944927974e-05
242.95000000000002  -0.0008195303325304223  1.1185294346840883e-05
243.0  -0.000819529916146367  1.1184327328286566e-05
243.05  -0.0008195294983706103  1.1183390474772746e-05
243.10000000000002  -0.0008195290809767589  1.1182493736158175e-05
243.15  -0.0008195286664438902  1.1181644336474665e-05
243.20000000000002  -0.0008195282577972869  1.1180846325002658e-05
243.25  -0.0008195278584047954  1.1180100327205702e-05
243.3  -0.0008195274717704331  1.117940348463204e-05
243.35000000000002  -0.0008195271013131407  1.1178749611750203e-05
243.4  -0.0008195267501555782  1.1178129549062484e-05
243.45000000000002  -0.0008195264209468954  1.1177531683637131e-05
243.5  -0.0008195261156924476  1.1176942631436993e-05
243.55  -0.0008195258356365613  1.1176348030092595e-05
243.60000000000002  -0.0008195255811832555  1.1175733376356375e-05
243.65  -0.0008195253518726028  1.1175084896310563e-05
243.70000000000002  -0.000819525146393206  1.1174390354558761e-05
243.75  -0.0008195249626485559  1.1173639787332335e-05
243.8  -0.0008195247978694083  1.1172826106952208e-05
243.85000000000002  -0.0008195246487559592  1.1171945509541787e-05
243.9  -0.0008195245116545777  1.1170997711340861e-05
243.95000000000002  -0.0008195243827572151  1.1169985952674756e-05
244.0  -0.0008195242583015493  1.116891679907501e-05
244.05  -0.0008195241347764457  1.1167799747570763e-05
244.10000000000002  -0.0008195240091086019  1.1166646648188834e-05
244.15  -0.0008195238788321618  1.1165470985475385e-05
244.20000000000002  -0.0008195237422174719  1.1164287079123633e-05
244.25  -0.0008195235983703097  1.1163109220547552e-05
244.3  -0.0008195234472736997  1.1161950834201071e-05
244.35000000000002  -0.0008195232897828386  1.1160823669019025e-05
244.4  -0.0008195231275641635  1.1159737127077753e-05
244.45000000000002  -0.0008195229629849521  1.1158697708780769e-05
244.5  -0.0008195227989588335  1.1157708653239634e-05
244.55  -0.0008195226387489633  1.1156769746818816e-05
244.60000000000002  -0.0008195224857620763  1.1155877359922775e-05
244.65  -0.0008195223433134089  1.1155024661203415e-05
244.70000000000002  -0.0008195222144080041  1.1154202034275576e-05
244.75  -0.0008195221015277369  1.1153397641308843e-05
244.8  -0.0008195220064663341  1.1152598113767123e-05
244.85000000000002  -0.0008195219301780127  1.1151789343294871e-05
244.9  -0.0008195218727164227  1.1150957295919754e-05
244.95000000000002  -0.0008195218331950394  1.1150088838611624e-05
245.0  -0.0008195218098292798  1.1149172513894782e-05
245.05  -0.0008195218000259488  1.1148199204149157e-05
245.10000000000002  -0.0008195218005288421  1.1147162684660645e-05
245.15  -0.0008195218076057498  1.1146059978018067e-05
245.20000000000002  -0.0008195218172602323  1.1144891557491828e-05
245.25  -0.0008195218254592395  1.1143661328913423e-05
245.3  -0.0008195218283653975  1.114237641276967e-05
245.35000000000002  -0.0008195218225521035  1.1141046744431995e-05
245.4  -0.0008195218051793407  1.1139684506640459e-05
245.45000000000002  -0.0008195217741490831  1.1138303417814366e-05
245.5  -0.0008195217281958645  1.1136917941429706e-05
245.55  -0.0008195216669334502  1.113554242933312e-05
245.60000000000002  -0.0008195215908447636  1.1134190277909631e-05
245.65  -0.0008195215012263851  1.1132873131133219e-05
245.70000000000002  -0.0008195214000806652  1.1131600195296728e-05
245.75  -0.0008195212899687749  1.113037768102202e-05
245.8  -0.0008195211738393198  1.1129208432614072e-05
245.85000000000002  -0.0008195210548362995  1.1128091755627733e-05
245.9  -0.0008195209360988358  1.1127023456136004e-05
245.95000000000002  -0.000819520820560467  1.1125996093971913e-05
246.0  -0.0008195207107772909  1.112499942215251e-05
246.05  -0.0008195206087630661  1.1124021008585656e-05
246.10000000000002  -0.0008195205158631701  1.1123046984082025e-05
246.15  -0.0008195204326764012  1.112206286902652e-05
246.20000000000002  -0.0008195203590104985  1.1121054448538564e-05
246.25  -0.0008195202938840684  1.11200086306268e-05
246.3  -0.0008195202355790619  1.1118914223323846e-05
246.35000000000002  -0.000819520181721292  1.1117762607501828e-05
246.4  -0.0008195201294235521  1.1116548257157047e-05
246.45000000000002  -0.0008195200754350791  1.1115269065271492e-05
246.5  -0.0008195200163285399  1.1113926480329833e-05
246.55  -0.0008195199486802514  1.1112525420877784e-05
246.60000000000002  -0.0008195198692791016  1.1111073992487223e-05
246.65  -0.000819519775293259  1.110958300830204e-05
246.70000000000002  -0.0008195196644419726  1.1108065360255527e-05
246.75  -0.0008195195351114669  1.1106535251927184e-05
246.8  -0.0008195193864522615  1.1105007387923033e-05
246.85000000000002  -0.0008195192184111723  1.1103496088920098e-05
246.9  -0.0008195190317373356  1.1102014458798013e-05
246.95000000000002  -0.0008195188279228458  1.1100573624619483e-05
247.0  -0.0008195186091100833  1.109918207929455e-05
247.05  -0.0008195183779583724  1.1097845179930334e-05
247.10000000000002  -0.0008195181374812939  1.1096564843626668e-05
247.15  -0.000819517890864823  1.1095339425733208e-05
247.20000000000002  -0.000819517641287902  1.109416382277155e-05
247.25  -0.0008195173917291665  1.1093029768788234e-05
247.3  -0.0008195171448069641  1.1091926327698107e-05
247.35000000000002  -0.0008195169026314891  1.1090840541555795e-05
247.4  -0.0008195166666916018  1.1089758200074056e-05
247.45000000000002  -0.0008195164377758253  1.1088664684216873e-05
247.5  -0.000819516215940745  1.1087545850020685e-05
247.55  -0.0008195160005102368  1.108638886081583e-05
247.60000000000002  -0.0008195157901254396  1.108518296788247e-05
247.65  -0.0008195155828253936  1.1083920148726258e-05
247.70000000000002  -0.0008195153761647568  1.1082595599588353e-05
247.75  -0.0008195151673525622  1.1081208015327752e-05
247.8  -0.0008195149534169173  1.1079759680539822e-05
247.85000000000002  -0.0008195147313745101  1.1078256324556827e-05
247.9  -0.0008195144984062412  1.107670678973053e-05
247.95000000000002  -0.0008195142520136961  1.1075122494573768e-05
248.0  -0.0008195139901737606  1.107351675807102e-05
248.05  -0.0008195137114644967  1.1071904004496887e-05
248.10000000000002  -0.0008195134151489825  1.10702988976542e-05
248.15  -0.0008195131012414688  1.1068715491644701e-05
248.20000000000002  -0.0008195127705199952  1.106716638934785e-05
248.25  -0.0008195124244966445  1.1065662002250317e-05
248.3  -0.0008195120653506035  1.1064209947551505e-05
248.35000000000002  -0.0008195116958077383  1.1062814609081846e-05
248.4  -0.000819511319013245  1.1061476897645975e-05
248.45000000000002  -0.0008195109383439145  1.1060194194655168e-05
248.5  -0.0008195105572221159  1.1058960533717982e-05
248.55  -0.0008195101789247656  1.105776696338134e-05
248.60000000000002  -0.0008195098063838054  1.1056602074508586e-05
248.65  -0.0008195094420158968  1.1055452688984763e-05
248.70000000000002  -0.0008195090875738766  1.105430463277878e-05
248.75  -0.0008195087440354053  1.1053143575757746e-05
248.8  -0.0008195084115475169  1.1051955873559978e-05
248.85000000000002  -0.0008195080894122134  1.1050729371657442e-05
248.9  -0.0008195077761270784  1.1049454113654729e-05
248.95000000000002  -0.00081950746948198  1.1048122930397137e-05
249.0  -0.0008195071666988746  1.1046731867486986e-05
249.05  -0.0008195068646097351  1.1045280422336068e-05
249.10000000000002  -0.0008195065598565712  1.1043771582662206e-05
249.15  -0.0008195062491061251  1.1042211666087605e-05
249.20000000000002  -0.0008195059292614984  1.10406099565496e-05
249.25  -0.00081950559766484  1.1038978181621205e-05
249.3  -0.0008195052522597542  1.1037329826322812e-05
249.35000000000002  -0.0008195048917267975  1.1035679354762934e-05
249.4  -0.0008195045155566176  1.1034041364719528e-05
249.45000000000002  -0.0008195041240868951  1.1032429723653592e-05
249.5  -0.0008195037184767471  1.1030856762117287e-05
249.55  -0.0008195033006312567  1.102933252327277e-05
249.60000000000002  -0.0008195028730819619  1.102786418363485e-05
249.65  -0.0008195024388347632  1.1026455605150096e-05
249.70000000000002  -0.0008195020011832018  1.102510710059945e-05
249.75  -0.0008195015635153047  1.1023815417975417e-05
249.8  -0.0008195011291106134  1.102257392048586e-05
249.85000000000002  -0.0008195007009557937  1.1021372987852899e-05
249.9  -0.0008195002815719038  1.102020059126857e-05
249.95000000000002  -0.0008194998728768437  1.1019043019565473e-05
250.0  -0.0008194994760831983  1.1017885701739916e-05
250.05  -0.0008194990916360428  1.1016714097608713e-05
250.10000000000002  -0.000819498719194904  1.1015514571787919e-05
250.15  -0.0008194983576737308  1.1014275223236074e-05
250.20000000000002  -0.0008194980053010906  1.101298660707785e-05
250.25  -0.0008194976597343011  1.1011642317825779e-05
250.3  -0.0008194973181998343  1.1010239369447648e-05
250.35000000000002  -0.0008194969776558223  1.1008778380519938e-05
250.4  -0.000819496634974502  1.1007263549827197e-05
250.45000000000002  -0.0008194962871186397  1.1005702391088238e-05
250.5  -0.0008194959313188375  1.1004105290950443e-05
250.55  -0.000819495565237205  1.1002484888778192e-05
250.60000000000002  -0.0008194951871098818  1.1000855320444296e-05
250.65  -0.0008194947958436142  1.0999231375953913e-05
250.70000000000002  -0.0008194943910939463  1.0997627621578301e-05
250.75  -0.0008194939732864989  1.0996057532113067e-05
250.8  -0.000819493543604099  1.0994532698492912e-05
250.85000000000002  -0.000819493103919249  1.0993062136476026e-05
250.9  -0.0008194926566959632  1.0991651761464694e-05
250.95000000000002  -0.000819492204849651  1.0990304052263511e-05
251.0  -0.0008194917515810036  1.0989017896527128e-05
251.05  -0.0008194913002007629  1.098778866993758e-05
251.10000000000002  -0.0008194908539322612  1.0986608515160617e-05
251.15  -0.0008194904157412638  1.0985466801957037e-05
251.20000000000002  -0.0008194899881550454  1.0984350769570198e-05
251.25  -0.0008194895731242801  1.0983246271839835e-05
251.3  -0.0008194891719153837  1.0982138616699375e-05
251.35000000000002  -0.0008194887850439646  1.0981013446045569e-05
251.4  -0.0008194884122519723  1.0979857565059808e-05
251.45000000000002  -0.000819488052530499  1.0978659741980585e-05
251.5  -0.0008194877041864273  1.0977411355087051e-05
251.55  -0.0008194873649565079  1.0976106916966706e-05
251.60000000000002  -0.0008194870321420191  1.0974744389382674e-05
251.65  -0.0008194867027836731  1.0973325317685501e-05
251.70000000000002  -0.0008194863738411612  1.0971854722512954e-05
251.75  -0.0008194860423785274  1.0970340812325205e-05
251.8  -0.0008194857057556576  1.0968794490736201e-05
251.85000000000002  -0.0008194853617862832  1.0967228699246137e-05
251.9  -0.0008194850088790943  1.0965657652886509e-05
251.95000000000002  -0.0008194846461476347  1.0964095980582882e-05
252.0  -0.0008194842734680723  1.0962557846487314e-05
252.05  -0.0008194838915106341  1.0961056106723087e-05
252.10000000000002  -0.0008194835017084576  1.0959601519584306e-05
252.15  -0.0008194831061897847  1.09582021205353e-05
252.20000000000002  -0.0008194827076676958  1.0956862720719741e-05
252.25  -0.0008194823092973465  1.0955584627187907e-05
252.3  -0.00081948191449962  1.0954365559179475e-05
252.35000000000002  -0.0008194815267731575  1.0953199785157237e-05
252.4  -0.0008194811494895199  1.0952078460883244e-05
252.45000000000002  -0.0008194807857099183  1.095099015929529e-05
252.5  -0.0008194804380004411  1.094992153868738e-05
252.55  -0.0008194801082873949  1.0948858147700677e-05
252.60000000000002  -0.000819479797743018  1.0947785268161127e-05
252.65  -0.0008194795067194407  1.0946688770663293e-05
252.70000000000002  -0.0008194792347288623  1.094555595838279e-05
252.75  -0.0008194789804743095  1.0944376287239143e-05
252.8  -0.0008194787419331639  1.0943141988405429e-05
252.85000000000002  -0.0008194785164857487  1.0941848510014084e-05
252.9  -0.0008194783010758229  1.0940494771762379e-05
252.95000000000002  -0.0008194780924138978  1.0939083228307125e-05
253.0  -0.000819477887174728  1.09376197135186e-05
253.05  -0.0008194776822211547  1.0936113095077918e-05
253.10000000000002  -0.0008194774747960011  1.0934574752851202e-05
253.15  -0.0008194772627102254  1.09330179112663e-05
253.20000000000002  -0.0008194770444604625  1.0931456865837744e-05
253.25  -0.0008194768193459988  1.0929906135793695e-05
253.3  -0.000819476587495144  1.0928379613972419e-05
253.35000000000002  -0.0008194763498620713  1.0926889743626618e-05
253.4  -0.0008194761081606733  1.0925446790015204e-05
253.45000000000002  -0.0008194758647473368  1.0924058218203091e-05
253.5  -0.0008194756224780038  1.0922728251194498e-05
253.55  -0.000819475384518299  1.0921457611058204e-05
253.60000000000002  -0.0008194751541528133  1.0920243466125933e-05
253.65  -0.0008194749345737339  1.0919079577412661e-05
253.70000000000002  -0.0008194747286911938  1.0917956668999597e-05
253.75  -0.000819474538962089  1.0916862964949745e-05
253.8  -0.0008194743672402621  1.0915784889078115e-05
253.85000000000002  -0.0008194742146705897  1.0914707863756757e-05
253.9  -0.0008194740816266584  1.0913617186538186e-05
253.95000000000002  -0.0008194739676839474  1.0912498911286816e-05
254.0  -0.0008194738716528211  1.0911340690890814e-05
254.05  -0.0008194737916324933  1.0910132522199203e-05
254.10000000000002  -0.0008194737251311268  1.0908867361358854e-05
254.15  -0.0008194736691869808  1.0907541555466049e-05
254.20000000000002  -0.0008194736205372396  1.0906155072150196e-05
254.25  -0.0008194735757928661  1.090471150415025e-05
254.3  -0.0008194735316157211  1.0903217868838788e-05
254.35000000000002  -0.0008194734848993762  1.0901684178137006e-05
254.4  -0.0008194734329316622  1.0900122848205452e-05
254.45000000000002  -0.000819473373532611  1.0898547957455631e-05
254.5  -0.0008194733051744216  1.089697439354755e-05
254.55  -0.0008194732270530885  1.0895416979634547e-05
254.60000000000002  -0.0008194731391271082  1.0893889581196242e-05
254.65  -0.000819473042111328  1.0892404298403218e-05
254.70000000000002  -0.0008194729374293136  1.0890970753158142e-05
254.75  -0.000819472827117697  1.0889595535427e-05
254.8  -0.0008194727137096503  1.0888281831909503e-05
254.85000000000002  -0.0008194726000718369  1.0887029252868797e-05
254.9  -0.0008194724892241346  1.0885833881490309e-05
254.95000000000002  -0.0008194723841563925  1.0884688524089264e-05
255.0  -0.0008194722876278386  1.0883583146684096e-05
255.05  -0.0008194722019996172  1.0882505484007226e-05
255.10000000000002  -0.0008194721290510903  1.0881441785903995e-05
255.15  -0.0008194720698744625  1.0880377611260299e-05
255.20000000000002  -0.0008194720247751272  1.0879298706633202e-05
255.25  -0.0008194719932398781  1.0878191842947859e-05
255.3  -0.000819471973940082  1.0877045593949471e-05
255.35000000000002  -0.0008194719647942557  1.0875851002572373e-05
255.4  -0.0008194719630780717  1.0874602124016897e-05
255.45000000000002  -0.0008194719655729763  1.0873296373574448e-05
255.5  -0.0008194719687502403  1.0871934684693004e-05
255.55  -0.0008194719689713114  1.0870521464329897e-05
255.60000000000002  -0.0008194719626940946  1.0869064336571708e-05
255.65  -0.0008194719466783918  1.0867573709948055e-05
255.70000000000002  -0.0008194719181680184  1.0866062180180276e-05
255.75  -0.0008194718750360632  1.086454379727324e-05
255.8  -0.000819471815906457  1.0863033245331571e-05
255.85000000000002  -0.0008194717402178727  1.086154498522961e-05
255.9  -0.0008194716482366451  1.0860092408309751e-05
255.95000000000002  -0.0008194715410386908  1.0858687044688702e-05
256.0  -0.0008194714204200451  1.0857337874301204e-05
256.05  -0.0008194712887851166  1.0856050799231093e-05
256.1  -0.0008194711489903492  1.0854828285272538e-05
256.15000000000003  -0.0008194710041670119  1.0853669208580707e-05
256.2  -0.0008194708575264064  1.0852568926231643e-05
256.25  -0.0008194707121611976  1.0851519549369762e-05
256.3  -0.0008194705708574915  1.0850510414394852e-05
256.35  -0.0008194704359110092  1.0849528720829763e-05
256.40000000000003  -0.0008194703089903459  1.0848560302753564e-05
256.45  -0.0008194701910269264  1.0847590478895407e-05
256.5  -0.000819470082140269  1.084660493210854e-05
256.55  -0.0008194699816247386  1.0845590565734982e-05
256.6  -0.0008194698879811863  1.0844536284569033e-05
256.65000000000003  -0.0008194697989864807  1.0843433661933475e-05
256.7  -0.0008194697118114711  1.0842277444587218e-05
256.75  -0.0008194696231811413  1.0841065860426203e-05
256.8  -0.0008194695295593463  1.0839800715306352e-05
256.85  -0.0008194694273442034  1.0838487301289917e-05
256.90000000000003  -0.0008194693130764331  1.0837134063885405e-05
256.95  -0.0008194691836438593  1.0835752115125117e-05
257.0  -0.0008194690364631565  1.0834354563399947e-05
257.05  -0.0008194688696254196  1.0832955746684168e-05
257.1  -0.0008194686820202554  1.0831570385608203e-05
257.15000000000003  -0.000819468473387666  1.083021272875863e-05
257.2  -0.0008194682443294541  1.0828895721160599e-05
257.25  -0.0008194679962641176  1.08276302399294e-05
257.3  -0.0008194677313310005  1.0826424484660225e-05
257.35  -0.0008194674522485185  1.0825283489656126e-05
257.40000000000003  -0.0008194671621528082  1.0824208841353706e-05
257.45  -0.000819466864391175  1.0823198590855865e-05
257.5  -0.0008194665623209828  1.0822247371120833e-05
257.55  -0.0008194662591086439  1.0821346711753759e-05
257.6  -0.000819465957532066  1.0820485543792382e-05
257.65000000000003  -0.0008194656598269211  1.081965085055793e-05
257.7  -0.000819465367551417  1.0818828440627842e-05
257.75  -0.0008194650814966828  1.0818003786691992e-05
257.8  -0.00081946480165048  1.0817162890567884e-05
257.85  -0.0008194645272081661  1.0816293131560013e-05
257.90000000000003  -0.0008194642566132878  1.0815384012147992e-05
257.95  -0.000819463987671033  1.0814427808303697e-05
258.0  -0.0008194637176691289  1.0813420036966288e-05
258.05  -0.0008194634435475567  1.0812359736387723e-05
258.1  -0.0008194631620772936  1.0811249540340758e-05
258.15000000000003  -0.0008194628700402514  1.0810095521285746e-05
258.2  -0.000819462564427209  1.0808906837799035e-05
258.25  -0.0008194622426025092  1.0807695199892926e-05
258.3  -0.000819461902460825  1.0806474154055894e-05
258.35  -0.0008194615425529909  1.080525828642872e-05
258.40000000000003  -0.0008194611621762093  1.080406233238383e-05
258.45  -0.0008194607614316516  1.0802900304677458e-05
258.5  -0.0008194603412383938  1.080178464757343e-05
258.55  -0.0008194599032911254  1.0800725497239478e-05
258.6  -0.0008194594500038427  1.0799730076118189e-05
258.65000000000003  -0.0008194589843791483  1.0798802261256899e-05
258.7  -0.0008194585098703797  1.0797942369848604e-05
258.75  -0.0008194580301995177  1.0797147146893518e-05
258.8  -0.0008194575491540206  1.079640996860668e-05
258.85  -0.0008194570703775602  1.079572125530252e-05
258.90000000000003  -0.0008194565971674149  1.0795069048790524e-05
258.95  -0.0008194561322724152  1.0794439732590027e-05
259.0  -0.0008194556777379281  1.079381884098432e-05
259.05  -0.0008194552347725241  1.0793191919783386e-05
259.1  -0.0008194548036864462  1.0792545368795183e-05
259.15000000000003  -0.0008194543838584868  1.0791867242133913e-05
259.2  -0.0008194539737884712  1.0791147930432239e-05
259.25  -0.0008194535711904683  1.0790380715935228e-05
259.3  -0.0008194531731495745  1.078956214066657e-05
259.35  -0.0008194527763129343  1.0788692195358505e-05
259.40000000000003  -0.0008194523771138309  1.0787774290032647e-05
259.45  -0.00081945197201142  1.0786815048744141e-05
259.5  -0.0008194515577334987  1.078582388584705e-05
259.55  -0.0008194511314874367  1.0784812457897627e-05
259.6  -0.0008194506911548511  1.0783793963482411e-05
259.65000000000003  -0.000819450235435811  1.0782782364507902e-05
259.7  -0.0008194497639430552  1.0781791556399925e-05
259.75  -0.0008194492772282867  1.0780834544406401e-05
259.8  -0.0008194487767506553  1.0779922675906205e-05
259.85  -0.0008194482647972055  1.0779064950931392e-05
259.90000000000003  -0.0008194477443357886  1.0778267479525966e-05
259.95  -0.0008194472188442217  1.07775331019646e-05
260.0  -0.0008194466920929883  1.0776861189546534e-05
260.05  -0.0008194461679237713  1.0776247662635293e-05
260.1  -0.0008194456500266943  1.0775685204562012e-05
260.15000000000003  -0.0008194451417208783  1.0775163677049864e-05
260.2  -0.0008194446457791913  1.0774670687720709e-05
260.25  -0.0008194441642732766  1.0774192307987204e-05
260.3  -0.0008194436984679945  1.0773713890800912e-05
260.35  -0.0008194432487616347  1.077322092707866e-05
260.40000000000003  -0.0008194428146798146  1.077269988955954e-05
260.45  -0.0008194423949208267  1.0772139040235201e-05
260.5  -0.000819441987432111  1.0771529112259346e-05
260.55  -0.0008194415895502172  1.077086386698544e-05
260.6  -0.0008194411981575072  1.0770140442964773e-05
260.65000000000003  -0.0008194408098660959  1.0769359516221797e-05
260.7  -0.0008194404212172438  1.076852525527122e-05
260.75  -0.0008194400288722826  1.0767645054974022e-05
260.8  -0.0008194396298199877  1.0766729068246148e-05
260.85  -0.0008194392215318227  1.0765789590664481e-05
260.90000000000003  -0.0008194388021285424  1.0764840305058738e-05
260.95  -0.0008194383704816555  1.0763895448279658e-05
261.0  -0.0008194379262849034  1.0762968940593873e-05
261.05  -0.0008194374700790601  1.076207352967973e-05
261.1  -0.0008194370032240446  1.0761220030984942e-05
261.15000000000003  -0.0008194365278307702  1.076041666568813e-05
261.2  -0.0008194360466322969  1.0759668553679156e-05
261.25  -0.000819435562835158  1.075897741241688e-05
261.3  -0.0008194350799260921  1.0758341444131467e-05
261.35  -0.0008194346014575156  1.075775543464357e-05
261.40000000000003  -0.0008194341308471279  1.0757211050024156e-05
261.45  -0.0008194336711698121  1.0756697338823841e-05
261.5  -0.000819433224967365  1.075620134790851e-05
261.55  -0.0008194327941030051  1.0755708897213162e-05
261.6  -0.0008194323796527139  1.075520538636437e-05
261.65000000000003  -0.0008194319818442495  1.0754676650693673e-05
261.7  -0.0008194316000485778  1.0754109783576407e-05
261.75  -0.0008194312328270695  1.0753493873278492e-05
261.8  -0.000819430878020201  1.0752820630821483e-05
261.85  -0.0008194305328815204  1.0752084880626665e-05
261.90000000000003  -0.0008194301942498804  1.0751284838085877e-05
261.95  -0.0008194298587446869  1.0750422221443589e-05
262.0  -0.0008194295229599026  1.0749502136508699e-05
262.05  -0.00081942918367815  1.0748532786183538e-05
262.1  -0.0008194288380639031  1.0747524969425431e-05
262.15000000000003  -0.0008194284838375826  1.0746491447263264e-05
262.2  -0.0008194281194101665  1.074544618147582e-05
262.25  -0.0008194277439838504  1.0744403491296396e-05
262.3  -0.0008194273576059548  1.0743377209410641e-05
262.35  -0.0008194269611626554  1.0742379841270308e-05
262.40000000000003  -0.0008194265563369513  1.0741421807103227e-05
262.45  -0.0008194261455055447  1.0740510833324719e-05
262.5  -0.0008194257316003019  1.0739651457086579e-05
262.55  -0.0008194253179504874  1.0738844762310821e-05
262.6  -0.0008194249080812991  1.073808830363268e-05
262.65000000000003  -0.0008194245055212027  1.0737376242312834e-05
262.7  -0.0008194241135972367  1.0736699683302196e-05
262.75  -0.0008194237352531588  1.0736047204070202e-05
262.8  -0.000819423372876458  1.0735405516841892e-05
262.85  -0.000819423028164807  1.0734760256403061e-05
262.90000000000003  -0.0008194227020245897  1.073409684024132e-05
262.95  -0.000819422394524134  1.0733401315022413e-05
263.0  -0.0008194221048788454  1.073266119204887e-05
263.05  -0.0008194218315088113  1.0731866180427015e-05
263.1  -0.0008194215721202006  1.0731008804901404e-05
263.15000000000003  -0.0008194213238549999  1.0730084832092442e-05
263.2  -0.0008194210834593783  1.072909353404337e-05
263.25  -0.0008194208474837155  1.0728037726746311e-05
263.3  -0.0008194206124975906  1.072692359613942e-05
263.35  -0.0008194203753036708  1.0725760341657098e-05
263.40000000000003  -0.00081942013312909  1.0724559638836942e-05
263.45  -0.0008194198838005414  1.0723334933491991e-05
263.5  -0.0008194196258833954  1.0722100671442438e-05
263.55  -0.0008194193587621714  1.0720871437439224e-05
263.6  -0.0008194190826792389  1.0719661091225887e-05
263.65000000000003  -0.0008194187987201518  1.0718481968986044e-05
263.7  -0.0008194185087376817  1.0717344154008283e-05
263.75  -0.0008194182152302425  1.0716254881617247e-05
263.8  -0.0008194179211901271  1.071521811966188e-05
263.85  -0.0008194176299100266  1.0714234334292306e-05
263.90000000000003  -0.0008194173447784672  1.0713300466569896e-05
263.95  -0.0008194170690723084  1.0712410109478565e-05
264.0  -0.00081941680575672  1.0711553894011006e-05
264.05  -0.0008194165573082022  1.071072004899139e-05
264.1  -0.0008194163255653977  1.0709895097018554e-05
264.15000000000003  -0.0008194161116251295  1.0709064656516166e-05
264.2  -0.000819415915781144  1.0708214313924036e-05
264.25  -0.0008194157375139623  1.0707330485610332e-05
264.3  -0.0008194155755221561  1.0706401233432522e-05
264.35  -0.0008194154278009087  1.0705416999507583e-05
264.40000000000003  -0.0008194152917640049  1.0704371182143884e-05
264.45  -0.0008194151643879244  1.0703260551729317e-05
264.5  -0.0008194150423843783  1.0702085450491647e-05
264.55  -0.0008194149223825708  1.070084979087687e-05
264.6  -0.000819414801107288  1.06995608375167e-05
264.65000000000003  -0.0008194146755614181  1.0698228781313296e-05
264.7  -0.0008194145431753795  1.069686614203519e-05
264.75  -0.0008194144019530355  1.0695487033185827e-05
264.8  -0.000819414250567243  1.069410632842827e-05
264.85  -0.0008194140884290023  1.0692738781090203e-05
264.90000000000003  -0.0008194139157147267  1.0691398149603628e-05
264.95  -0.0008194137333538264  1.0690096387687702e-05
265.0  -0.0008194135429751316  1.068884293893384e-05
265.05  -0.0008194133468120681  1.068764418753448e-05
265.1  -0.0008194131475665988  1.0686503097368655e-05
265.15000000000003  -0.000819412948258687  1.0685419039287722e-05
265.2  -0.0008194127520456251  1.0684387867512259e-05
265.25  -0.0008194125620182625  1.0683402167290402e-05
265.3  -0.0008194123810233981  1.0682451724405308e-05
265.35  -0.000819412211475801  1.0681524141489232e-05
265.40000000000003  -0.0008194120552036091  1.06806055932806e-05
265.45  -0.0008194119133187883  1.0679681649115717e-05
265.5  -0.0008194117861374069  1.0678738144570717e-05
265.55  -0.0008194116731493738  1.0677762020011496e-05
265.6  -0.0008194115730316898  1.0676742099646644e-05
265.65000000000003  -0.0008194114837152598  1.067566974398556e-05
265.7  -0.0008194114024952945  1.0674539366311827e-05
265.75  -0.0008194113261905094  1.0673348765083434e-05
265.8  -0.000819411251324249  1.0672099250590692e-05
265.85  -0.0008194111743352922  1.067079557205957e-05
265.90000000000003  -0.0008194110917764139  1.0669445645228445e-05
265.95  -0.0008194110005359318  1.0668060090983107e-05
266.0  -0.0008194108980068075  1.066665162912728e-05
266.05  -0.0008194107822509488  1.066523432241746e-05
266.1  -0.0008194106521100303  1.0663822773636822e-05
266.15000000000003  -0.0008194105072704533  1.0662431271886842e-05
266.2  -0.0008194103482763877  1.06610729440935e-05
266.25  -0.0008194101764880193  1.0659759002682855e-05
266.3  -0.0008194099940003964  1.065849807739658e-05
266.35  -0.0008194098035015292  1.0657295711421241e-05
266.40000000000003  -0.0008194096081172512  1.0656154017789463e-05
266.45  -0.0008194094112148781  1.0655071570958509e-05
266.5  -0.0008194092162019311  1.065404347065028e-05
266.55  -0.0008194090263274282  1.0653061641465269e-05
266.6  -0.0008194088444837365  1.0652115297943169e-05
266.65000000000003  -0.0008194086730406305  1.0651191593139334e-05
266.7  -0.0008194085137110346  1.065027638051674e-05
266.75  -0.0008194083674548407  1.0649355044936755e-05
266.8  -0.0008194082344182345  1.0648413388308973e-05
266.85  -0.0008194081139357487  1.064743846342813e-05
266.90000000000003  -0.000819408004561878  1.0646419349761844e-05
266.95  -0.0008194079041625314  1.064534780850974e-05
267.0  -0.0008194078100329327  1.0644218762340249e-05
267.05  -0.0008194077190672453  1.0643030604266259e-05
267.1  -0.000819407627929712  1.0641785287336821e-05
267.15000000000003  -0.0008194075332577213  1.0640488214743392e-05
267.2  -0.0008194074318614527  1.0639147909369544e-05
267.25  -0.0008194073209124329  1.0637775513803864e-05
267.3  -0.0008194071981225875  1.063638412641412e-05
267.35  -0.0008194070618845409  1.06349880161636e-05
267.40000000000003  -0.0008194069113692715  1.0633601792091113e-05
267.45  -0.000819406746585096  1.0632239532695547e-05
267.5  -0.0008194065683806021  1.0630913954759501e-05
267.55  -0.000819406378395601  1.0629635661618133e-05
267.6  -0.0008194061789689826  1.0628412536628062e-05
267.65000000000003  -0.0008194059729958363  1.062724927433428e-05
267.7  -0.0008194057637600614  1.0626147106600138e-05
267.75  -0.000819405554728659  1.0625103739525868e-05
267.8  -0.0008194053493518825  1.0624113492387131e-05
267.85  -0.0008194051508545122  1.0623167633610846e-05
267.90000000000003  -0.0008194049620417664  1.062225489441087e-05
267.95  -0.0008194047851482652  1.0621362130685294e-05
268.0  -0.0008194046217017703  1.0620475103064126e-05
268.05  -0.0008194044724435904  1.0619579315149902e-05
268.1  -0.0008194043372929808  1.0618660866711506e-05
268.15000000000003  -0.0008194042153561362  1.061770728785999e-05
268.2  -0.0008194041049909486  1.061670827275877e-05
268.25  -0.0008194040039045871  1.0615656299421987e-05
268.3  -0.0008194039093005365  1.061454708228696e-05
268.35  -0.0008194038180363989  1.0613379832965348e-05
268.40000000000003  -0.0008194037268193464  1.0612157323744865e-05
268.45  -0.0008194036323908958  1.061088572499474e-05
268.5  -0.0008194035317119938  1.060957424348476e-05
268.55  -0.0008194034221430067  1.060823458092549e-05
268.6  -0.0008194033015786281  1.0606880236242646e-05
268.65000000000003  -0.0008194031685748052  1.0605525714309553e-05
268.7  -0.0008194030224159763  1.060418564527519e-05
268.75  -0.0008194028631550047  1.0602873928857088e-05
268.8  -0.000819402691610947  1.0601602893421875e-05
268.85  -0.000819402509314809  1.0600382573848943e-05
268.90000000000003  -0.0008194023184289337  1.0599220106774954e-05
268.95  -0.0008194021216216858  1.0598119324128495e-05
269.0  -0.0008194019219199293  1.0597080518273032e-05
269.05  -0.0008194017225358983  1.0596100451458327e-05
269.1  -0.000819401526686073  1.059517254082393e-05
269.15000000000003  -0.0008194013374059094  1.0594287275973897e-05
269.2  -0.0008194011573690985  1.0593432793139256e-05
269.25  -0.000819400988723871  1.059259557359589e-05
269.3  -0.0008194008329616378  1.059176127269604e-05
269.35  -0.0008194006908104817  1.0590915561889533e-05
269.40000000000003  -0.0008194005621784464  1.059004498221933e-05
269.45  -0.0008194004461371318  1.0589137738731096e-05
269.5  -0.0008194003409683493  1.0588184390063725e-05
269.55  -0.0008194002442481062  1.05871783969057e-05
269.6  -0.0008194001529711814  1.0586116496146209e-05
269.65000000000003  -0.0008194000637312683  1.0584998896751127e-05
269.7  -0.0008193999729148464  1.0583829241688544e-05
269.75  -0.0008193998769119379  1.058261440023509e-05
269.8  -0.0008193997723348793  1.0581364057731402e-05
269.85  -0.0008193996562269802  1.0580090143563021e-05
269.90000000000003  -0.0008193995262318692  1.0578806127878228e-05
269.95  -0.000819399380743662  1.0577526239402102e-05
270.0  -0.0008193992189968288  1.0576264624735958e-05
270.05  -0.0008193990411118891  1.0575034528477164e-05
270.1  -0.0008193988480748392  1.0573847502580859e-05
270.15000000000003  -0.0008193986416716599  1.0572712734624066e-05
270.2  -0.0008193984243748047  1.0571636499949228e-05
270.25  -0.0008193981991642503  1.0570621778573618e-05
270.3  -0.0008193979693467848  1.0569668069205303e-05
270.35  -0.0008193977383442393  1.0568771397024028e-05
270.40000000000003  -0.0008193975094728259  1.0567924543406523e-05
270.45  -0.0008193972857401961  1.0567117449105951e-05
270.5  -0.0008193970696603397  1.056633779702716e-05
270.55  -0.0008193968630984168  1.0565571720630071e-05
270.6  -0.0008193966671704483  1.0564804631076085e-05
270.65000000000003  -0.0008193964821701414  1.0564022057122204e-05
270.7  -0.0008193963075723239  1.0563210516010765e-05
270.75  -0.0008193961420518793  1.0562358306131494e-05
270.8  -0.0008193959835885356  1.0561456205639857e-05
270.85  -0.0008193958295827362  1.0560498020806297e-05
270.90000000000003  -0.0008193956770170547  1.055948096360124e-05
270.95  -0.0008193955226313806  1.0558405813997237e-05
271.0  -0.000819395363120686  1.055727687240219e-05
271.05  -0.0008193951953192287  1.0556101701686893e-05
271.1  -0.0008193950163810168  1.055489067680257e-05
271.15000000000003  -0.000819394823943321  1.0553656345825622e-05
271.2  -0.0008193946162578411  1.0552412690163662e-05
271.25  -0.000819394392285737  1.0551174264345061e-05
271.3  -0.0008193941517621898  1.0549955322214886e-05
271.35  -0.0008193938952075391  1.0548768963678304e-05
271.40000000000003  -0.0008193936238999787  1.0547626339432216e-05
271.45  -0.0008193933398032428  1.0546535975638929e-05
271.5  -0.0008193930454587201  1.0545503261087251e-05
271.55  -0.000819392743835562  1.0544530120833325e-05
271.6  -0.0008193924381708715  1.05436149025036e-05
271.65000000000003  -0.0008193921317786738  1.0542752462154646e-05
271.7  -0.0008193918278620464  1.0541934473372468e-05
271.75  -0.00081939152932354  1.0541149927495311e-05
271.8  -0.0008193912385965273  1.0540385761794759e-05
271.85  -0.0008193909575043907  1.0539627650637683e-05
271.90000000000003  -0.0008193906871522878  1.053886083648742e-05
271.95  -0.0008193904278615492  1.0538071008863652e-05
272.0  -0.0008193901791563478  1.053724513651235e-05
272.05  -0.0008193899397946424  1.0536372234765481e-05
272.1  -0.0008193897078445849  1.0535444010365252e-05
272.15000000000003  -0.0008193894808077705  1.0534455350581112e-05
272.2  -0.0008193892557697691  1.0533404616605482e-05
272.25  -0.0008193890295854132  1.0532293742360568e-05
272.3  -0.0008193887990600275  1.0531128116612084e-05
272.35  -0.0008193885611507767  1.0529916265979654e-05
272.40000000000003  -0.0008193883131473328  1.0528669347937311e-05
272.45  -0.0008193880528379774  1.0527400502727637e-05
272.5  -0.0008193877786409648  1.052612405882448e-05
272.55  -0.0008193874897008508  1.0524854691383676e-05
272.6  -0.0008193871859421956  1.0523606554721835e-05
272.65000000000003  -0.000819386868080002  1.0522392427317535e-05
272.7  -0.0008193865375802159  1.0521222964852734e-05
272.75  -0.0008193861965830235  1.0520106055023136e-05
272.8  -0.0008193858477784597  1.0519046353916757e-05
272.85  -0.0008193854942640702  1.0518045004080808e-05
272.90000000000003  -0.0008193851393696112  1.0517099563218057e-05
272.95  -0.0008193847864695152  1.0516204167400453e-05
273.0  -0.0008193844387990577  1.0515349871502541e-05
273.05  -0.0008193840992616863  1.051452520157265e-05
273.1  -0.0008193837702713696  1.0513716831980031e-05
273.15000000000003  -0.0008193834536151494  1.0512910393016247e-05
273.2  -0.0008193831503389315  1.0512091328864891e-05
273.25  -0.0008193828606931878  1.0511245778988356e-05
273.3  -0.0008193825841074226  1.0510361396168558e-05
273.35  -0.0008193823192202707  1.050942808866783e-05
273.40000000000003  -0.0008193820639558514  1.0508438616261152e-05
273.45  -0.0008193818156399999  1.0507389026090841e-05
273.5  -0.0008193815711553079  1.0506278876048201e-05
273.55  -0.0008193813271309879  1.0505111276069043e-05
273.6  -0.0008193810801511289  1.0503892683306755e-05
273.65000000000003  -0.000819380826964846  1.0502632540828867e-05
273.7  -0.000819380564695553  1.0501342710021928e-05
273.75  -0.0008193802910257856  1.0500036780909574e-05
273.8  -0.0008193800043483164  1.0498729276024288e-05
273.85  -0.0008193797038806087  1.0497434806644077e-05
273.90000000000003  -0.0008193793897171194  1.0496167212501579e-05
273.95  -0.0008193790628275911  1.0494938768784929e-05
274.0  -0.0008193787250002621  1.0493759474960985e-05
274.05  -0.0008193783787388378  1.0492636465218711e-05
274.1  -0.0008193780271008652  1.0491573619105725e-05
274.15000000000003  -0.0008193776735013023  1.0490571330244117e-05
274.2  -0.000819377321511307  1.048962649337641e-05
274.25  -0.0008193769746215584  1.0488732692396458e-05
274.3  -0.0008193766360404046  1.0487880578448697e-05
274.35  -0.0008193763084955271  1.0487058430666768e-05
274.40000000000003  -0.0008193759940694973  1.0486252835444402e-05
274.45  -0.0008193756940838041  1.0485449496879678e-05
274.5  -0.0008193754090223996  1.0484634085287589e-05
274.55  -0.0008193751385122721  1.0483793087268426e-05
274.6  -0.0008193748813544371  1.0482914620746678e-05
274.65000000000003  -0.0008193746356004462  1.0481989157915309e-05
274.7  -0.0008193743986733087  1.0481010114149003e-05
274.75  -0.0008193741675270151  1.0479974252615627e-05
274.8  -0.0008193739388289578  1.0478881904129765e-05
274.85  -0.0008193737091479974  1.0477736960842667e-05
274.90000000000003  -0.0008193734751623465  1.047654667235727e-05
274.95  -0.0008193732338465852  1.0475321218325184e-05
275.0  -0.0008193729826417208  1.047407311610671e-05
275.05  -0.0008193727195958143  1.0472816480000665e-05
275.1  -0.0008193724434765004  1.0471566178903852e-05
275.15000000000003  -0.0008193721538335853  1.0470336947108181e-05
275.2  -0.0008193718510232213  1.0469142513115388e-05
275.25  -0.0008193715361919969  1.046799477411953e-05
275.3  -0.0008193712112092138  1.046690308765879e-05
275.35  -0.0008193708785627924  1.0465873723415641e-05
275.40000000000003  -0.0008193705412193564  1.0464909489155713e-05
275.45  -0.0008193702024581449  1.0464009575488907e-05
275.5  -0.0008193698656906523  1.0463169620971292e-05
275.55  -0.0008193695342593791  1.0462381975394602e-05
275.6  -0.0008193692112420926  1.046163617842062e-05
275.65000000000003  -0.000819368899275899  1.0460919581829525e-05
275.7  -0.0008193686003890394  1.0460218121931437e-05
275.75  -0.0008193683158794358  1.0459517152154423e-05
275.8  -0.0008193680462270229  1.0458802328385669e-05
275.85  -0.0008193677910620898  1.0458060456860737e-05
275.90000000000003  -0.0008193675491752538  1.0457280272262387e-05
275.95  -0.0008193673185866539  1.0456453109183796e-05
276.0  -0.0008193670966582178  1.0455573394905159e-05
276.05  -0.0008193668802529475  1.0454638984296483e-05
276.1  -0.0008193666659360974  1.0453651267801302e-05
276.15000000000003  -0.0008193664501678408  1.0452615092751676e-05
276.2  -0.0008193662295283957  1.0451538465234395e-05
276.25  -0.0008193660009364173  1.0450432078294432e-05
276.3  -0.0008193657618297642  1.0449308691220746e-05
276.35  -0.0008193655103280615  1.0448182367964404e-05
276.40000000000003  -0.0008193652453510414  1.0447067657068875e-05
276.45  -0.0008193649666922444  1.0445978738533672e-05
276.5  -0.0008193646750276125  1.0444928587131854e-05
276.55  -0.0008193643718851273  1.0443928206639434e-05
276.6  -0.0008193640595554942  1.044298596434884e-05
276.65000000000003  -0.00081936374095197  1.0442107100659443e-05
276.7  -0.0008193634194498167  1.0441293411408699e-05
276.75  -0.0008193630986819696  1.0440543119537098e-05
276.8  -0.0008193627823280136  1.0439850984621962e-05
276.85  -0.0008193624739097193  1.0439208589765143e-05
276.90000000000003  -0.0008193621765797788  1.0438604847892784e-05
276.95  -0.0008193618929596286  1.0438026643319696e-05
277.0  -0.000819361624981073  1.0437459611042877e-05
277.05  -0.0008193613737937556  1.0436888989551196e-05
277.1  -0.000819361139701159  1.043630050057197e-05
277.15000000000003  -0.0008193609221546611  1.043568119295929e-05
277.2  -0.0008193607197916438  1.0435020215639212e-05
277.25  -0.0008193605305199423  1.0434309457478985e-05
277.3  -0.0008193603516453386  1.043354402871044e-05
277.35  -0.0008193601800366979  1.0432722543791506e-05
277.40000000000003  -0.000819360012301661  1.0431847197160931e-05
277.45  -0.0008193598450003389  1.0430923627609149e-05
277.5  -0.00081935967485421  1.0429960555213228e-05
277.55  -0.0008193594989400763  1.042896926291715e-05
277.6  -0.0008193593148768755  1.0427962904428312e-05
277.65000000000003  -0.0008193591209765794  1.0426955708104139e-05
277.7  -0.0008193589163553475  1.0425962118243686e-05
277.75  -0.000819358700998059  1.042499593522457e-05
277.8  -0.0008193584757655758  1.0424069478012841e-05
277.85  -0.0008193582423542647  1.0423192872186285e-05
277.90000000000003  -0.0008193580032040721  1.042237344728845e-05
277.95  -0.0008193577613480006  1.042161531036043e-05
278.0  -0.0008193575202424713  1.0420919107346788e-05
278.05  -0.0008193572835509057  1.0420282007309132e-05
278.1  -0.0008193570549288887  1.0419697857951774e-05
278.15000000000003  -0.0008193568377990402  1.0419157565756784e-05
278.2  -0.0008193566351387678  1.0418649622190453e-05
278.25  -0.0008193564492995384  1.041816077773617e-05
278.3  -0.0008193562818591112  1.0417676815855292e-05
278.35  -0.0008193561335288203  1.0417183375235547e-05
278.40000000000003  -0.0008193560040987534  1.0416666782310318e-05
278.45  -0.0008193558924604603  1.0416114858803637e-05
278.5  -0.0008193557966668665  1.0415517615215068e-05
278.55  -0.0008193557140559885  1.0414867838651025e-05
278.6  -0.0008193556414185729  1.0414161508261448e-05
278.65000000000003  -0.0008193555751866752  1.0413398041781959e-05
278.7  -0.0008193555116481225  1.0412580311582975e-05
278.75  -0.0008193554471624079  1.0411714489978892e-05
278.8  -0.0008193553783756561  1.041080967133603e-05
278.85  -0.0008193553023973322  1.0409877346425614e-05
278.90000000000003  -0.0008193552169595388  1.0408930726139008e-05
278.95  -0.0008193551205346191  1.0407983945825896e-05
279.0  -0.0008193550123974602  1.0407051234495959e-05
279.05  -0.0008193548926553133  1.0406146071754866e-05
279.1  -0.0008193547622206943  1.0405280374978015e-05
279.15000000000003  -0.0008193546227377742  1.0404463785360476e-05
279.2  -0.0008193544764785763  1.0403703092484598e-05
279.25  -0.0008193543261997117  1.0403001816532034e-05
279.3  -0.0008193541749687538  1.0402359983505854e-05
279.35  -0.0008193540259857291  1.0401774131281807e-05
279.40000000000003  -0.0008193538823882362  1.0401237485493996e-05
279.45  -0.0008193537470590438  1.0400740370259602e-05
279.5  -0.0008193536224523531  1.0400270763674105e-05
279.55  -0.0008193535104367112  1.0399815021686662e-05
279.6  -0.0008193534121732439  1.039935868416041e-05
279.65000000000003  -0.000819353328033983  1.0398887316022528e-05
279.7  -0.000819353257554877  1.0398387376926222e-05
279.75  -0.0008193531994538498  1.0397847008801844e-05
279.8  -0.0008193531516780876  1.0397256743532673e-05
279.85  -0.0008193531115155011  1.0396610045723328e-05
279.90000000000003  -0.0008193530757215355  1.0395903699655972e-05
279.95  -0.0008193530407088652  1.0395137983120438e-05
280.0  -0.0008193530027377352  1.0394316654111402e-05
280.05  -0.0008193529581294087  1.0393446708386461e-05
280.1  -0.0008193529034717014  1.0392537958797861e-05
280.15000000000003  -0.0008193528358230494  1.0391602457846417e-05
280.2  -0.0008193527528797731  1.0390653770925946e-05
280.25  -0.0008193526531104674  1.0389706177838399e-05
280.3  -0.0008193525358452147  1.0388773818012444e-05
280.35  -0.0008193524012982115  1.0387869857977471e-05
280.40000000000003  -0.0008193522505563053  1.038700570910316e-05
280.45  -0.0008193520854924877  1.038619034223994e-05
280.5  -0.0008193519086410187  1.0385429761381555e-05
280.55  -0.0008193517230245218  1.0384726630058316e-05
280.6  -0.0008193515319581728  1.0384080114509754e-05
280.65000000000003  -0.0008193513388417029  1.0383485920300185e-05
280.7  -0.0008193511469369905  1.0382936530316158e-05
280.75  -0.0008193509591713645  1.03824216374607e-05
280.8  -0.0008193507779585232  1.0381928742800826e-05
280.85  -0.0008193506050486526  1.0381443878440468e-05
280.90000000000003  -0.0008193504414426572  1.0380952432378562e-05
280.95  -0.0008193502873250703  1.0380439992781405e-05
281.0  -0.0008193501420646384  1.0379893205280169e-05
281.05  -0.0008193500042566553  1.0379300543703453e-05
281.1  -0.0008193498718043414  1.0378653012205847e-05
281.15000000000003  -0.0008193497420557882  1.0377944665979121e-05
281.2  -0.0008193496119540953  1.0377172969359212e-05
281.25  -0.000819349478218454  1.0376338948252695e-05
281.3  -0.0008193493375383392  1.037544713144566e-05
281.35  -0.0008193491867596757  1.0374505275070217e-05
281.40000000000003  -0.0008193490230769652  1.0373523908213948e-05
281.45  -0.0008193488441904793  1.037251569758796e-05
281.5  -0.0008193486484331183  1.0371494683906047e-05
281.55  -0.0008193484348805647  1.0370475437725428e-05
281.6  -0.0008193482033914007  1.0369472181025598e-05
281.65000000000003  -0.0008193479546325182  1.0368497933328866e-05
281.7  -0.0008193476900300505  1.0367563733611066e-05
281.75  -0.0008193474117003322  1.0366677970205301e-05
281.8  -0.0008193471223277716  1.036584588800767e-05
281.85  -0.0008193468250140652  1.0365069269151965e-05
281.90000000000003  -0.0008193465231006077  1.0364346332936408e-05
281.95  -0.0008193462199811937  1.0363671848506078e-05
282.0  -0.0008193459189103094  1.03630374405126e-05
282.05  -0.0008193456228124905  1.0362432090578575e-05
282.1  -0.000819345334112029  1.0361842797538645e-05
282.15000000000003  -0.0008193450545954407  1.0361255348579268e-05
282.2  -0.0008193447853179828  1.0360655144806626e-05
282.25  -0.0008193445265313491  1.0360028070826861e-05
282.3  -0.0008193442776762258  1.0359361323424238e-05
282.35  -0.0008193440374272981  1.0358644160597934e-05
282.40000000000003  -0.0008193438037720373  1.0357868535886233e-05
282.45  -0.0008193435741391723  1.0357029559681643e-05
282.5  -0.0008193433455570568  1.0356125796172084e-05
282.55  -0.0008193431148400443  1.0355159337599191e-05
282.6  -0.0008193428787857525  1.0354135692012493e-05
282.65000000000003  -0.0008193426343703226  1.0353063457876595e-05
282.7  -0.0008193423789380827  1.0351953816324449e-05
282.75  -0.0008193421103564765  1.0350819875593097e-05
282.8  -0.0008193418271560659  1.0349675907391897e-05
282.85  -0.0008193415286068483  1.0348536503743751e-05
282.90000000000003  -0.0008193412147697883  1.0347415728118666e-05
282.95  -0.0008193408864888843  1.0346326278559345e-05
283.0  -0.0008193405453510328  1.0345278729190048e-05
283.05  -0.0008193401935884963  1.0344280929782171e-05
283.1  -0.0008193398339568773  1.0343337516186988e-05
283.15000000000003  -0.0008193394695820131  1.0342449643371897e-05
283.2  -0.0008193391037851961  1.0341614922077642e-05
283.25  -0.0008193387398989939  1.0340827539569598e-05
283.3  -0.0008193383810901676  1.0340078636647608e-05
283.35  -0.0008193380301791855  1.0339356805560192e-05
283.40000000000003  -0.0008193376894838472  1.0338648793804849e-05
283.45  -0.0008193373606989628  1.0337940296064989e-05
283.5  -0.0008193370447905412  1.0337216814308389e-05
283.55  -0.0008193367419445354  1.0336464531484789e-05
283.6  -0.0008193364515597432  1.0335671136782855e-05
283.65000000000003  -0.0008193361722681943  1.0334826576442247e-05
283.7  -0.0008193359020242591  1.0333923659899607e-05
283.75  -0.0008193356382108178  1.0332958482920144e-05
283.8  -0.00081933537779489  1.0331930673422043e-05
283.85  -0.0008193351175080299  1.0330843411707571e-05
283.90000000000003  -0.0008193348540368263  1.0329703245747011e-05
283.95  -0.0008193345842265269  1.0328519701599667e-05
284.0  -0.0008193343052761192  1.0327304717336404e-05
284.05  -0.0008193340149195941  1.0326071949385207e-05
284.1  -0.0008193337115648708  1.0324835956966225e-05
284.15000000000003  -0.000819333394414685  1.0323611353670937e-05
284.2  -0.0008193330635207738  1.0322411949702107e-05
284.25  -0.0008193327197931486  1.0321249952695245e-05
284.3  -0.0008193323649610563  1.0320135249609333e-05
284.35  -0.0008193320014767119  1.031907484492665e-05
284.40000000000003  -0.0008193316323670557  1.0318072455098933e-05
284.45  -0.0008193312610546228  1.0317128306157504e-05
284.5  -0.0008193308911476914  1.0316239123338007e-05
284.55  -0.0008193305262143265  1.0315398352135565e-05
284.6  -0.000819330169573105  1.0314596531877914e-05
284.65000000000003  -0.0008193298240768973  1.0313821874214377e-05
284.7  -0.0008193294919481208  1.0313060958585477e-05
284.75  -0.0008193291746448267  1.0312299529630325e-05
284.8  -0.0008193288727712839  1.0311523343288888e-05
284.85  -0.0008193285860599739  1.0310719019120096e-05
284.90000000000003  -0.0008193283133895049  1.0309874826214087e-05
284.95  -0.0008193280528714082  1.0308981395135944e-05
285.0  -0.0008193278019724789  1.0308032276839076e-05
285.05  -0.0008193275576833338  1.0307024347350397e-05
285.1  -0.0008193273167078532  1.030595799019591e-05
285.15000000000003  -0.0008193270756691451  1.030483710353627e-05
285.2  -0.0008193268313115362  1.0303668870784415e-05
285.25  -0.0008193265807011259  1.0302463359598856e-05
285.3  -0.0008193263213941063  1.030123292892289e-05
285.35  -0.0008193260515809551  1.0299991503539174e-05
285.40000000000003  -0.0008193257701870659  1.0298753753197718e-05
285.45  -0.0008193254769376574  1.02975342236815e-05
285.5  -0.0008193251723706  1.029634647324812e-05
285.55  -0.0008193248578053567  1.0295202260907142e-05
285.6  -0.000819324535271176  1.0294110845496837e-05
285.65000000000003  -0.0008193242073978542  1.0293078432437605e-05
285.7  -0.0008193238772573134  1.0292107794378853e-05
285.75  -0.0008193235482117874  1.0291198108082727e-05
285.8  -0.0008193232237169325  1.0290345004255997e-05
285.85  -0.0008193229071354166  1.0289540837201327e-05
285.90000000000003  -0.000819322601548372  1.0288775140535967e-05
285.95  -0.000819322309584525  1.028803524990142e-05
286.0  -0.0008193220332722497  1.0287307078797278e-05
286.05  -0.0008193217739187205  1.0286575949272408e-05
286.1  -0.0008193215320404819  1.0285827483084075e-05
286.15000000000003  -0.0008193213073326335  1.0285048450950026e-05
286.2  -0.0008193210986865725  1.0284227564486838e-05
286.25  -0.0008193209042612145  1.0283356135461436e-05
286.3  -0.0008193207215842882  1.0282428597564687e-05
286.35  -0.0008193205477139515  1.0281442821189228e-05
286.40000000000003  -0.0008193203794083122  1.0280400244306654e-05
286.45  -0.0008193202133301341  1.0279305774294313e-05
286.5  -0.0008193200462507319  1.0278167488530598e-05
286.55  -0.0008193198752607458  1.027699616696254e-05
286.6  -0.000819319697946549  1.0275804647335868e-05
286.65000000000003  -0.0008193195125506984  1.0274607061611161e-05
286.7  -0.0008193193180899312  1.0273418010258773e-05
286.75  -0.0008193191144124779  1.0272251699298312e-05
286.8  -0.0008193189022303434  1.0271121102783574e-05
286.85  -0.0008193186830674123  1.027003719867854e-05
286.90000000000003  -0.0008193184591776498  1.0269008330048707e-05
286.95  -0.0008193182334037004  1.02680396978789e-05
287.0  -0.0008193180090119606  1.0267133060450897e-05
287.05  -0.0008193177895065107  1.02662866275742e-05
287.1  -0.0008193175784076459  1.0265495158473113e-05
287.15000000000003  -0.0008193173790575169  1.0264750263006082e-05
287.2  -0.0008193171944202344  1.0264040899666312e-05
287.25  -0.0008193170269122047  1.0263354024362173e-05
287.3  -0.0008193168782708519  1.0262675351663622e-05
287.35  -0.0008193167494521829  1.0261990206124794e-05
287.40000000000003  -0.0008193166405890263  1.0261284394162099e-05
287.45  -0.0008193165509772977  1.026054503455102e-05
287.5  -0.0008193164791306047  1.0259761336003123e-05
287.55  -0.0008193164228589741  1.0258925240491288e-05
287.6  -0.0008193163794011175  1.0258031896529115e-05
287.65000000000003  -0.0008193163455872625  1.0257079962928592e-05
287.7  -0.0008193163180139612  1.0256071679409849e-05
287.75  -0.0008193162932449712  1.0255012739067968e-05
287.8  -0.0008193162680072034  1.0253911948408172e-05
287.85  -0.0008193162393773797  1.0252780703371399e-05
287.90000000000003  -0.0008193162049576148  1.0251632304077445e-05
287.95  -0.0008193161630157809  1.0250481156460762e-05
288.0  -0.0008193161125817537  1.0249341915203767e-05
288.05  -0.0008193160535097222  1.0248228611534895e-05
288.1  -0.0008193159864799883  1.0247153815182175e-05
288.15000000000003  -0.0008193159129675992  1.024612788726848e-05
288.2  -0.0008193158351393938  1.0245158388331836e-05
288.25  -0.0008193157557247437  1.0244249611327232e-05
288.3  -0.0008193156778451027  1.024340235526082e-05
288.35  -0.0008193156048132578  1.0242613889785185e-05
288.40000000000003  -0.0008193155399227213  1.0241878114880965e-05
288.45  -0.0008193154862353325  1.0241185937641829e-05
288.5  -0.0008193154463776187  1.0240525805167537e-05
288.55  -0.0008193154223795587  1.0239884401196477e-05
288.6  -0.0008193154155301648  1.0239247422544687e-05
288.65000000000003  -0.0008193154262870535  1.023860042632409e-05
288.7  -0.000819315454234437  1.0237929665804155e-05
288.75  -0.0008193154981037707  1.0237222909561107e-05
288.8  -0.0008193155558318344  1.0236470150703798e-05
288.85  -0.0008193156246761434  1.0235664193339257e-05
288.90000000000003  -0.000819315701379957  1.0234801086753706e-05
288.95  -0.000819315782348292  1.0233880346236456e-05
289.0  -0.0008193158638631304  1.0232905003437526e-05
289.05  -0.0008193159422858641  1.0231881420851106e-05
289.1  -0.0008193160142693967  1.023081893069145e-05
289.15000000000003  -0.000819316076932469  1.0229729284155146e-05
289.2  -0.0008193161280142947  1.0228625975694386e-05
289.25  -0.0008193161659806895  1.0227523432368869e-05
289.3  -0.0008193161900917406  1.0226436173479611e-05
289.35  -0.0008193162004190648  1.0225377949582212e-05
289.40000000000003  -0.0008193161978168536  1.0224360925105858e-05
289.45  -0.0008193161838443875  1.0223394946171104e-05
289.5  -0.0008193161606596705  1.0222486959871784e-05
289.55  -0.000819316130868298  1.0221640587158875e-05
289.6  -0.000819316097363776  1.0220855906836095e-05
289.65000000000003  -0.0008193160631469651  1.0220129440515076e-05
289.7  -0.000819316031143263  1.0219454356932508e-05
289.75  -0.0008193160040276487  1.0218820870302385e-05
289.8  -0.0008193159840620015  1.0218216828080653e-05
289.85  -0.0008193159729613531  1.0217628426912586e-05
289.90000000000003  -0.0008193159717763882  1.0217041046558378e-05
289.95  -0.000819315980831366  1.0216440110368138e-05
290.0  -0.0008193159996836179  1.021581196150275e-05
290.05  -0.0008193160271354626  1.0215144678273969e-05
290.1  -0.0008193160612800131  1.0214428777928887e-05
290.15000000000003  -0.0008193160995969782  1.0213657777641727e-05
290.2  -0.0008193161390783814  1.0212828576736956e-05
290.25  -0.0008193161763866202  1.021194163062871e-05
290.3  -0.0008193162080328533  1.021100092112048e-05
290.35  -0.0008193162305689754  1.0210013699998139e-05
290.40000000000003  -0.0008193162407874071  1.0208990069126883e-05
290.45  -0.0008193162359011565  1.0207942356255887e-05
290.5  -0.0008193162137004115  1.0206884402644669e-05
290.55  -0.0008193161726955154  1.0205830729125898e-05
290.6  -0.0008193161121918082  1.0204795685488511e-05
290.65000000000003  -0.0008193160323392869  1.0203792607968811e-05
290.7  -0.0008193159341230024  1.0202833031148898e-05
290.75  -0.0008193158192929169  1.0201926020265506e-05
290.8  -0.0008193156902642846  1.0201077631946925e-05
290.85  -0.0008193155499614941  1.0200290559989728e-05
290.90000000000003  -0.0008193154016343725  1.0199563978393624e-05
290.95  -0.0008193152486598895  1.0198893584740273e-05
291.0  -0.00081931509432822  1.0198271846156588e-05
291.05  -0.0008193149416342505  1.0197688432959603e-05
291.1  -0.0008193147930963792  1.0197130829549001e-05
291.15000000000003  -0.0008193146506045718  1.0196585055420961e-05
291.2  -0.0008193145152978184  1.0196036486227527e-05
291.25  -0.0008193143875109949  1.0195470713265302e-05
291.3  -0.0008193142667437731  1.0194874395242563e-05
291.35  -0.0008193141517033253  1.0194236036713007e-05
291.40000000000003  -0.0008193140403943848  1.0193546679271434e-05
291.45  -0.0008193139302348385  1.0192800426766873e-05
291.5  -0.000819313818226482  1.0191994799409079e-05
291.55  -0.0008193137011322525  1.0191130888681618e-05
291.6  -0.0008193135756659321  1.0190213296244581e-05
291.65000000000003  -0.0008193134386936901  1.01892498611517e-05
291.7  -0.0008193132874120833  1.018825119982478e-05
291.75  -0.0008193131195171771  1.0187230068935951e-05
291.8  -0.0008193129333343362  1.0186200612551338e-05
291.85  -0.0008193127279150902  1.018517750976341e-05
291.90000000000003  -0.0008193125030991559  1.0184175101240361e-05
291.95  -0.0008193122595254185  1.0183206520115442e-05
292.0  -0.0008193119985994896  1.0182282916984834e-05
292.05  -0.0008193117224241909  1.0181412782428955e-05
292.1  -0.0008193114336768637  1.0180601439285352e-05
292.15000000000003  -0.0008193111354723855  1.0179850738031046e-05
292.2  -0.0008193108311794576  1.0179158933851457e-05
292.25  -0.0008193105242460117  1.0178520806116667e-05
292.3  -0.0008193102179916565  1.017792797287627e-05
292.35  -0.0008193099154257816  1.017736938943982e-05
292.40000000000003  -0.0008193096190761166  1.0176832015984624e-05
292.45  -0.0008193093308415029  1.0176301602116198e-05
292.5  -0.0008193090518782009  1.0175763517002081e-05
292.55  -0.0008193087825414535  1.017520363054338e-05
292.6  -0.0008193085223558461  1.0174609138617315e-05
292.65000000000003  -0.0008193082700501989  1.0173969322462505e-05
292.7  -0.0008193080236388454  1.017327616897087e-05
292.75  -0.0008193077805395859  1.0172524841890133e-05
292.8  -0.0008193075377365683  1.0171713968421935e-05
292.85  -0.0008193072919664955  1.0170845708243554e-05
292.90000000000003  -0.0008193070399212795  1.01699256315795e-05
292.95  -0.0008193067784512913  1.0168962394746105e-05
293.0  -0.0008193065047740065  1.016796722544996e-05
293.05  -0.0008193062166296646  1.0166953273411201e-05
293.1  -0.000819305912438957  1.0165934833773565e-05
293.15000000000003  -0.0008193055913947052  1.0164926509664352e-05
293.2  -0.0008193052535162344  1.0163942346776557e-05
293.25  -0.0008193048996467464  1.016299501628527e-05
293.3  -0.0008193045314062459  1.0162095054269877e-05
293.35  -0.0008193041510900908  1.0161250241613523e-05
293.40000000000003  -0.0008193037615519186  1.0160465149170535e-05
293.45  -0.0008193033660178709  1.0159740848115421e-05
293.5  -0.0008193029679159998  1.0159074855360878e-05
293.55  -0.0008193025706831541  1.0158461273322944e-05
293.6  -0.0008193021775709156  1.0157891142451828e-05
293.65000000000003  -0.000819301791476466  1.0157352968279175e-05
293.7  -0.000819301414777849  1.0156833413171688e-05
293.75  -0.0008193010492050589  1.0156318092952683e-05
293.8  -0.0008193006957556793  1.015579244091657e-05
293.85  -0.0008193003546317991  1.0155242583097571e-05
293.90000000000003  -0.0008193000252318819  1.015465617765156e-05
293.95  -0.0008192997061895004  1.015402315497594e-05
294.0  -0.0008192993954460591  1.015333632901135e-05
294.05  -0.00081929909036373  1.0152591839753021e-05
294.1  -0.0008192987878818325  1.0151789377278947e-05
294.15000000000003  -0.0008192984847005486  1.0150932202171252e-05
294.2  -0.0008192981774635862  1.0150026953772333e-05
294.25  -0.0008192978629649769  1.0149083240267097e-05
294.3  -0.0008192975383507343  1.0148113056818761e-05
294.35  -0.0008192972012915868  1.0147130070247172e-05
294.40000000000003  -0.0008192968501397922  1.0146148788090403e-05
294.45  -0.000819296484035048  1.0145183708119387e-05
294.5  -0.0008192961029855501  1.0144248441459045e-05
294.55  -0.0008192957078728508  1.014335491330285e-05
294.6  -0.0008192953004243718  1.0142512671615432e-05
294.65000000000003  -0.0008192948831155965  1.014172832767223e-05
294.7  -0.0008192944590366649  1.0141005167593428e-05
294.75  -0.0008192940317094871  1.0140342997442034e-05
294.8  -0.0008192936048772473  1.0139738141709694e-05
294.85  -0.0008192931822731569  1.013918368169631e-05
294.90000000000003  -0.0008192927674020695  1.013866986866686e-05
294.95  -0.0008192923633168301  1.0138184704097642e-05
295.0  -0.0008192919724366033  1.0137714650193313e-05
295.05  -0.0008192915964028172  1.0137245418317085e-05
295.1  -0.0008192912359787049  1.0136762810777759e-05
295.15000000000003  -0.0008192908910254083  1.013625355847066e-05
295.2  -0.0008192905605071435  1.0135706087574352e-05
295.25  -0.0008192902425740928  1.0135111201763601e-05
295.3  -0.0008192899346897278  1.0134462618054075e-05
295.35  -0.0008192896338050882  1.0133757330923836e-05
295.40000000000003  -0.0008192893365490975  1.0132995801610052e-05
295.45  -0.0008192890394481977  1.0132181920880206e-05
295.5  -0.0008192887391532151  1.0131322788670062e-05
295.55  -0.0008192884326423002  1.0130428297601391e-05
295.6  -0.0008192881174081827  1.0129510560449059e-05
295.65000000000003  -0.0008192877916158496  1.0128583187722488e-05
295.7  -0.0008192874542049615  1.0127660494696662e-05
295.75  -0.000819287104961524  1.0126756640493808e-05
295.8  -0.0008192867445321704  1.0125884798925901e-05
295.85  -0.0008192863743853171  1.0125056357827085e-05
295.90000000000003  -0.0008192859967260929  1.012428023093332e-05
295.95  -0.0008192856143749237  1.0123562325721914e-05
296.0  -0.0008192852306059551  1.0122905164795869e-05
296.05  -0.0008192848489619377  1.0122307724667466e-05
296.1  -0.0008192844730692137  1.0121765482619654e-05
296.15000000000003  -0.0008192841064253141  1.0121270678730603e-05
296.2  -0.0008192837522173904  1.0120812768815105e-05
296.25  -0.0008192834131479028  1.012037903645323e-05
296.3  -0.0008192830912907916  1.011995536165356e-05
296.35  -0.00081928278798063  1.011952703872587e-05
296.40000000000003  -0.0008192825037454414  1.0119079658600302e-05
296.45  -0.0008192822382818567  1.0118599959271974e-05
296.5  -0.0008192819904768589  1.0118076609749835e-05
296.55  -0.000819281758477628  1.0117500882733644e-05
296.6  -0.0008192815398061907  1.0116867154534928e-05
296.65000000000003  -0.0008192813314994063  1.0116173238550793e-05
296.7  -0.0008192811302987352  1.0115420505720407e-05
296.75  -0.0008192809328510336  1.0114613801159617e-05
296.8  -0.000819280735906826  1.0113761133578977e-05
296.85  -0.0008192805365303806  1.0112873208436928e-05
296.90000000000003  -0.0008192803322821362  1.0111962767709996e-05
296.95  -0.0008192801213766648  1.011104383920455e-05
297.0  -0.0008192799028000216  1.0110130888948141e-05
297.05  -0.0008192796763793831  1.0109237971185625e-05
297.1  -0.0008192794427936803  1.010837788371086e-05
297.15000000000003  -0.0008192792035412192  1.0107561415198052e-05
297.2  -0.0008192789608489458  1.010679670439621e-05
297.25  -0.0008192787175367892  1.0106088759963532e-05
297.3  -0.0008192784768538897  1.0105439167108982e-05
297.35  -0.0008192782422765894  1.0104845982255857e-05
297.40000000000003  -0.0008192780173046207  1.01043038550823e-05
297.45  -0.000819277805251612  1.0103804327535695e-05
297.5  -0.0008192776090488412  1.0103336337028454e-05
297.55  -0.0008192774310679125  1.0102886857585856e-05
297.6  -0.0008192772729927536  1.0102441667807151e-05
297.65000000000003  -0.0008192771357055179  1.0101986181859364e-05
297.7  -0.0008192770192442842  1.0101506318052362e-05
297.75  -0.0008192769228017804  1.0100989326412109e-05
297.8  -0.0008192768447698947  1.0100424546202421e-05
297.85  -0.000819276782832416  1.0099804033997977e-05
297.90000000000003  -0.0008192767341074613  1.0099123045634621e-05
297.95  -0.0008192766953048138  1.0098380315946322e-05
298.0  -0.0008192766629194494  1.0097578134017258e-05
298.05  -0.0008192766334287994  1.0096722212376294e-05
298.1  -0.0008192766034872551  1.0095821349073936e-05
298.15000000000003  -0.0008192765701212819  1.009488690133589e-05
298.2  -0.0008192765308847249  1.009393212112852e-05
298.25  -0.0008192764839986963  1.0092971352479527e-05
298.3  -0.0008192764284501582  1.0092019182740097e-05
298.35  -0.000819276364037405  1.009108958481119e-05
298.40000000000003  -0.0008192762913839255  1.0090195076612341e-05
298.45  -0.0008192762118926763  1.0089345980761528e-05
298.5  -0.0008192761276668982  1.0088549812399062e-05
298.55  -0.0008192760413797362  1.008781083816396e-05
298.6  -0.000819275956098164  1.0087129836562603e-05
298.65000000000003  -0.0008192758751016256  1.0086504047715646e-05
298.7  -0.0008192758016662808  1.0085927350953578e-05
298.75  -0.0008192757388608077  1.0085390632744097e-05
298.8  -0.0008192756893329761  1.0084882343103902e-05
298.85  -0.0008192756551392634  1.0084389169543102e-05
298.90000000000003  -0.0008192756376000613  1.0083896837770204e-05
298.95  -0.000819275637196696  1.0083390956194534e-05
299.0  -0.0008192756535323856  1.0082857868056665e-05
299.05  -0.0008192756853343033  1.0082285453354655e-05
299.1  -0.0008192757305262523  1.0081663846612664e-05
299.15000000000003  -0.0008192757863317853  1.0080986014722438e-05
299.2  -0.0008192758494453267  1.0080248171393143e-05
299.25  -0.0008192759162113739  1.0079449999352637e-05
299.3  -0.0008192759828402314  1.007859467233238e-05
299.35  -0.0008192760456247391  1.0077688675496233e-05
299.40000000000003  -0.0008192761011536278  1.007674142795476e-05
299.45  -0.0008192761465009278  1.0075764728837127e-05
299.5  -0.0008192761793806802  1.0074772080931088e-05
299.55  -0.0008192761982709827  1.0073777896572335e-05
299.6  -0.0008192762024817232  1.0072796653834014e-05
299.65000000000003  -0.0008192761921787712  1.0071842059342128e-05
299.7  -0.0008192761683457959  1.0070926224040868e-05
299.75  -0.0008192761327127678  1.0070058965865871e-05
299.8  -0.0008192760876306413  1.0069247212329412e-05
299.85  -0.0008192760359102967  1.0068494593536603e-05
299.90000000000003  -0.0008192759806530804  1.0067801219194286e-05
299.95  -0.0008192759250496605  1.0067163670765197e-05
300.0  -0.0008192758721963445  1.006657518298011e-05
300.05  -0.0008192758249014518  1.0066026059175523e-05
300.1  -0.0008192757855199787  1.006550422873989e-05
300.15000000000003  -0.000819275755816811  1.0064995969711818e-05
300.2  -0.0008192757368583031  1.006448672382905e-05
300.25  -0.0008192757289538806  1.0063961962435207e-05
300.3  -0.0008192757316182776  1.0063408058542944e-05
300.35  -0.000819275743604985  1.0062813095025472e-05
300.40000000000003  -0.0008192757629561315  1.0062167582067282e-05
300.45  -0.000819275787114313  1.0061465017254423e-05
300.5  -0.0008192758130499313  1.0060702280724888e-05
300.55  -0.0008192758374296346  1.0059879809551147e-05
300.6  -0.0008192758568001335  1.005900157472373e-05
300.65000000000003  -0.0008192758677777682  1.005807483574065e-05
300.7  -0.0008192758672438788  1.005710971037127e-05
300.75  -0.0008192758525304177  1.0056118563427346e-05
300.8  -0.0008192758215690577  1.005511527231147e-05
300.85  -0.0008192757730244333  1.0054114409802388e-05
300.90000000000003  -0.0008192757063765769  1.0053130370229362e-05
300.95  -0.0008192756219522635  1.0052176524550163e-05
301.0  -0.0008192755209119411  1.005126443918774e-05
301.05  -0.0008192754051795291  1.005040318422044e-05
301.1  -0.0008192752773281541  1.004959882939323e-05
301.15000000000003  -0.0008192751404135217  1.0048854068511357e-05
301.2  -0.000819274997794184  1.0048168076265168e-05
301.25  -0.0008192748529221852  1.0047536560284166e-05
301.3  -0.0008192747091266962  1.004695200662294e-05
301.35  -0.0008192745694126123  1.004640412682813e-05
301.40000000000003  -0.0008192744362722754  1.0045880462739042e-05
301.45  -0.0008192743115441361  1.0045367098197085e-05
301.5  -0.0008192741962961246  1.0044849487471428e-05
301.55  -0.0008192740907724776  1.0044313294216485e-05
301.6  -0.0008192739943836177  1.0043745239637198e-05
301.65000000000003  -0.0008192739057475256  1.0043133880701825e-05
301.7  -0.0008192738227838283  1.004247028755221e-05
301.75  -0.000819273742840732  1.004174857689819e-05
301.8  -0.0008192736628594462  1.0040966259167953e-05
301.85  -0.0008192735795713608  1.0040124399375138e-05
301.90000000000003  -0.0008192734896853526  1.0039227565287459e-05
301.95  -0.0008192733900885844  1.0038283562725683e-05
302.0  -0.0008192732780336146  1.0037302986661543e-05
302.05  -0.000819273151297999  1.0036298590991718e-05
302.1  -0.0008192730083097354  1.0035284541368909e-05
302.15000000000003  -0.0008192728482419338  1.0034275565419895e-05
302.2  -0.000819272671055102  1.0033286072378572e-05
302.25  -0.0008192724775044326  1.0032329294465273e-05
302.3  -0.0008192722690963924  1.0031416484888108e-05
302.35  -0.0008192720480074621  1.0030556246431034e-05
302.40000000000003  -0.0008192718169545159  1.0029754015283311e-05
302.45  -0.0008192715790620382  1.0029011737678912e-05
302.5  -0.0008192713376745343  1.0028327751197092e-05
302.55  -0.0008192710961763205  1.0027696896929721e-05
302.6  -0.0008192708578050303  1.0027110836640664e-05
302.65000000000003  -0.0008192706254657802  1.0026558551122998e-05
302.7  -0.0008192704015726799  1.002602701758381e-05
302.75  -0.0008192701879061301  1.002550198842705e-05
302.8  -0.00081926998551355  1.0024968848196952e-05
302.85  -0.0008192697946469326  1.0024413488953225e-05
302.90000000000003  -0.000819269614743822  1.0023823153237693e-05
302.95  -0.0008192694444636929  1.0023187186902977e-05
303.0  -0.000819269281757881  1.0022497666338634e-05
303.05  -0.0008192691240004478  1.002174986454202e-05
303.1  -0.0008192689681405966  1.0020942524715734e-05
303.15000000000003  -0.0008192688108827371  1.002007792807113e-05
303.2  -0.0008192686488973242  1.001916175747688e-05
303.25  -0.0008192684790149983  1.0018202757683349e-05
303.3  -0.0008192682984246078  1.0017212209395532e-05
303.35  -0.0008192681048465174  1.0016203274110062e-05
303.40000000000003  -0.0008192678966746543  1.0015190225578174e-05
303.45  -0.0008192676730697833  1.0014187596959156e-05
303.5  -0.000819267434007074  1.0013209346925551e-05
303.55  -0.0008192671802841717  1.0012268038673937e-05
303.6  -0.0008192669134734741  1.0011374106294428e-05
303.65000000000003  -0.0008192666358206013  1.001053524640077e-05
303.7  -0.0008192663501097557  1.000975597500336e-05
303.75  -0.0008192660595042226  1.0009037354483065e-05
303.8  -0.0008192657673548403  1.0008376941024661e-05
303.85  -0.0008192654770075646  1.0007768922899664e-05
303.90000000000003  -0.000819265191619456  1.0007204467230501e-05
303.95  -0.0008192649139605651  1.0006672226698255e-05
304.0  -0.0008192646462765082  1.0006159028690727e-05
304.05  -0.0008192643901509278  1.0005650651033916e-05
304.1  -0.0008192641464245369  1.0005132659149179e-05
304.15000000000003  -0.0008192639151477928  1.0004591276155947e-05
304.2  -0.000819263695582289  1.0004014210130883e-05
304.25  -0.0008192634862436256  1.0003391382735214e-05
304.3  -0.0008192632849953456  1.0002715538921466e-05
304.35  -0.0008192630891665373  1.0001982690633444e-05
304.40000000000003  -0.0008192628957051184  1.0001192347918234e-05
304.45  -0.0008192627013570382  1.0000347561194695e-05
304.5  -0.0008192625028576224  9.999454730542294e-06
304.55  -0.0008192622971100897  9.99852323529081e-06
304.6  -0.0008192620813779225  9.997564871094974e-06
304.65000000000003  -0.0008192618534389597  9.996593136415489e-06
304.7  -0.0008192616117280925  9.995622436700111e-06
304.75  -0.0008192613554283508  9.99466722471443e-06
304.8  -0.000819261084528035  9.99374112936732e-06
304.85  -0.0008192607998385195  9.992856155741146e-06
304.90000000000003  -0.0008192605029564299  9.992021966329805e-06
304.95  -0.0008192601961660337  9.991245303910315e-06
305.0  -0.0008192598823293362  9.99052959897663e-06
305.05  -0.0008192595647074629  9.989874774149346e-06
305.1  -0.0008192592467813093  9.989277237528035e-06
305.15000000000003  -0.0008192589320357442  9.988730109449623e-06
305.2  -0.0008192586237557042  9.988223621194099e-06
305.25  -0.000819258324819084  9.987745695474049e-06
305.3  -0.0008192580375278733  9.987282657125608e-06
305.35  -0.0008192577634653192  9.986820033016123e-06
305.40000000000003  -0.0008192575033988062  9.986343415049241e-06
305.45  -0.0008192572572374081  9.985839285542005e-06
305.5  -0.000819257024042878  9.985295827628351e-06
305.55  -0.0008192568020821622  9.98470360285956e-06
305.6  -0.0008192565889608847  9.984056110788099e-06
305.65000000000003  -0.0008192563817605978  9.983350167811714e-06
305.7  -0.0008192561772365026  9.982586091981656e-06
305.75  -0.0008192559720127294  9.981767678931002e-06
305.8  -0.0008192557628053944  9.980901981547323e-06
305.85  -0.0008192555466197339  9.979998894249671e-06
305.90000000000003  -0.0008192553209379282  9.979070559468662e-06
305.95  -0.0008192550838679732  9.978130654896954e-06
306.0  -0.0008192548342667603  9.977193578904306e-06
306.05  -0.0008192545718027184  9.97627359390998e-06
306.1  -0.0008192542969768974  9.975383966589601e-06
306.15000000000003  -0.000819254011097391  9.97453617945733e-06
306.2  -0.0008192537162052499  9.97373923380322e-06
306.25  -0.0008192534149511267  9.972999107437752e-06
306.3  -0.000819253110447249  9.97231838280137e-06
306.35  -0.0008192528060945483  9.971696077959598e-06
306.40000000000003  -0.0008192525053893622  9.971127701817006e-06
306.45  -0.0008192522117235321  9.970605502343131e-06
306.5  -0.0008192519282077298  9.97011892721225e-06
306.55  -0.0008192516574883345  9.969655238642613e-06
306.6  -0.0008192514016046731  9.969200272029726e-06
306.65000000000003  -0.0008192511618805266  9.968739278698327e-06
306.7  -0.000819250938853845  9.968257796482468e-06
306.75  -0.0008192507322479928  9.967742513173391e-06
306.8  -0.0008192505409903251  9.967182053484858e-06
306.85  -0.00081925036328218  9.96656764813968e-06
306.90000000000003  -0.0008192501967037845  9.965893656979597e-06
306.95  -0.0008192500383556327  9.965157890614337e-06
307.0  -0.0008192498850418984  9.964361731968599e-06
307.05  -0.0008192497334538127  9.963510047826876e-06
307.1  -0.0008192495803791619  9.962610887721997e-06
307.15000000000003  -0.0008192494228966332  9.961675004453979e-06
307.20000000000005  -0.0008192492585665107  9.96071521866895e-06
307.25  -0.0008192490855769  9.959745641100761e-06
307.3  -0.0008192489028686003  9.95878085159889e-06
307.35  -0.0008192487102081553  9.957835027515232e-06
307.40000000000003  -0.0008192485082079094  9.956921113105587e-06
307.45000000000005  -0.0008192482982924979  9.956050054012676e-06
307.5  -0.0008192480826114893  9.955230162053013e-06
307.55  -0.0008192478639170683  9.954466626808e-06
307.6  -0.0008192476453899683  9.953761215854067e-06
307.65000000000003  -0.0008192474304436532  9.953112172739458e-06
307.70000000000005  -0.0008192472225182412  9.952514325348616e-06
307.75  -0.0008192470248655998  9.95195938692788e-06
307.8  -0.000819246840360675  9.951436447821148e-06
307.85  -0.0008192466713215658  9.950932621228615e-06
307.90000000000003  -0.0008192465193772613  9.950433792571523e-06
307.95000000000005  -0.0008192463853719451  9.949925465237521e-06
308.0  -0.000819246269315094  9.949393607657626e-06
308.05  -0.0008192461703851141  9.948825490731943e-06
308.1  -0.0008192460869892613  9.948210446103977e-06
308.15000000000003  -0.0008192460168467689  9.94754049918182e-06
308.20000000000005  -0.0008192459571301228  9.946810861654015e-06
308.25  -0.0008192459046265609  9.94602022389953e-06
308.3  -0.0008192458559272589  9.945170836241231e-06
308.35  -0.000819245807617459  9.944268403152146e-06
308.40000000000003  -0.0008192457564708619  9.943321748943348e-06
308.45000000000005  -0.0008192456996275668  9.942342305817569e-06
308.5  -0.0008192456347591805  9.941343443146174e-06
308.55  -0.0008192455601910705  9.940339674877909e-06
308.6  -0.0008192454749945618  9.939345802781091e-06
308.65000000000003  -0.0008192453790378083  9.938376031879597e-06
308.70000000000005  -0.0008192452729892404  9.937443129828956e-06
308.75  -0.0008192451582710818  9.936557664499425e-06
308.8  -0.0008192450369732803  9.935727386885078e-06
308.85  -0.0008192449117325127  9.934956766304167e-06
308.90000000000003  -0.0008192447855785634  9.934246739614488e-06
308.95000000000005  -0.0008192446617460323  9.933594669529386e-06
309.0  -0.0008192445434747482  9.932994510062124e-06
309.05  -0.0008192444338200858  9.932437177360542e-06
309.1  -0.0008192443354500911  9.931911105361211e-06
309.15000000000003  -0.0008192442504849693  9.931402941241053e-06
309.20000000000005  -0.0008192441803462088  9.930898346635262e-06
309.25  -0.0008192441256582574  9.930382856569372e-06
309.3  -0.0008192440862014762  9.929842736746482e-06
309.35  -0.0008192440609013584  9.929265800602007e-06
309.40000000000003  -0.0008192440478797246  9.928642133845422e-06
309.45000000000005  -0.0008192440445613224  9.927964680085124e-06
309.5  -0.0008192440478094448  9.92722965309045e-06
309.55  -0.0008192440541129449  9.926436764961383e-06
309.6  -0.0008192440597907225  9.925589250932266e-06
309.65000000000003  -0.0008192440612045333  9.924693667692536e-06
309.70000000000005  -0.0008192440549835249  9.923759526035063e-06
309.75  -0.000819244038212124  9.922798727276692e-06
309.8  -0.0008192440086058898  9.921824871766028e-06
309.85  -0.0008192439646348605  9.920852465793769e-06
309.90000000000003  -0.0008192439056121295  9.919896061575902e-06
309.95000000000005  -0.0008192438317163427  9.91896941316447e-06
310.0  -0.0008192437439698242  9.918084671597244e-06
310.05  -0.0008192436441673149  9.917251662904403e-06
310.1  -0.0008192435347477231  9.916477308062328e-06
310.15000000000003  -0.0008192434186465461  9.915765221870342e-06
310.20000000000005  -0.0008192432991047019  9.915115489959273e-06
310.25  -0.0008192431794673556  9.914524660789938e-06
310.3  -0.0008192430629926677  9.913985943491412e-06
310.35  -0.0008192429526519461  9.91348960766459e-06
310.40000000000003  -0.0008192428509594395  9.913023556070246e-06
310.45000000000005  -0.0008192427598261427  9.912574040144137e-06
310.5  -0.0008192426804492034  9.91212647238665e-06
310.55  -0.0008192426132444049  9.911666301420322e-06
310.6  -0.0008192425578211021  9.911179867490077e-06
310.65000000000003  -0.0008192425130012062  9.910655234427281e-06
310.70000000000005  -0.0008192424768879892  9.910082882322877e-06
310.75  -0.0008192424469638046  9.909456282307188e-06
310.8  -0.0008192424202414148  9.908772284903983e-06
310.85  -0.0008192423934274539  9.908031297643826e-06
310.90000000000003  -0.0008192423631028104  9.907237264885228e-06
310.95000000000005  -0.0008192423259315575  9.906397416124379e-06
311.0  -0.0008192422788408701  9.905521842352365e-06
311.05  -0.000819242219207688  9.904622880714054e-06
311.1  -0.00081924214501219  9.903714385906242e-06
311.15000000000003  -0.0008192420549630543  9.902810900383192e-06
311.20000000000005  -0.0008192419485763019  9.901926795582538e-06
311.25  -0.0008192418262179436  9.901075425009756e-06
311.3  -0.000819241689080884  9.900268324241268e-06
311.35  -0.0008192415391283217  9.899514553262582e-06
311.40000000000003  -0.0008192413789812382  9.8988201594184e-06
311.45000000000005  -0.0008192412117622171  9.898187819345843e-06
311.5  -0.0008192410409203302  9.897616690580468e-06
311.55  -0.0008192408700122747  9.897102474421666e-06
311.6  -0.0008192407024995124  9.89663765000974e-06
311.65000000000003  -0.0008192405415338925  9.896211933866305e-06
311.70000000000005  -0.0008192403897716761  9.895812873078418e-06
311.75  -0.0008192402492053647  9.89542658243474e-06
311.8  -0.000819240121053167  9.89503854752563e-06
311.85  -0.0008192400056761215  9.894634485130543e-06
311.90000000000003  -0.0008192399025690999  9.894201166282075e-06
311.95000000000005  -0.0008192398103935637  9.89372720497741e-06
312.0  -0.0008192397270622349  9.893203730189587e-06
312.05  -0.0008192396498759273  9.89262489728632e-06
312.1  -0.0008192395757001732  9.891988243636925e-06
312.15000000000003  -0.0008192395011481899  9.891294839344607e-06
312.20000000000005  -0.0008192394228004046  9.890549231213923e-06
312.25  -0.000819239337407608  9.889759176287386e-06
312.3  -0.000819239242089877  9.888935193605388e-06
312.35  -0.0008192391345010154  9.888089940882755e-06
312.40000000000003  -0.0008192390129666605  9.88723748173749e-06
312.45000000000005  -0.0008192388765786722  9.88639243039316e-06
312.5  -0.0008192387252426489  9.885569093019079e-06
312.55  -0.0008192385596809911  9.88478061442991e-06
312.6  -0.0008192383813900051  9.88403818519691e-06
312.65000000000003  -0.0008192381925551877  9.883350373346249e-06
312.70000000000005  -0.0008192379959167677  9.882722603933624e-06
312.75  -0.0008192377946215771  9.88215683155665e-06
312.8  -0.0008192375920493761  9.881651427771964e-06
312.85  -0.0008192373916220803  9.881201274943648e-06
312.90000000000003  -0.0008192371966016559  9.880798074819968e-06
312.95000000000005  -0.0008192370099229506  9.88043085334853e-06
313.0  -0.0008192368340151023  9.88008661697811e-06
313.05  -0.0008192366706682183  9.879751137295448e-06
313.1  -0.0008192365209243782  9.879409799795841e-06
313.15000000000003  -0.0008192363850201597  9.879048482458897e-06
313.20000000000005  -0.0008192362623607023  9.878654400016329e-06
313.25  -0.0008192361515534483  9.878216856149306e-06
313.3  -0.0008192360504818356  9.877727880723618e-06
313.35  -0.0008192359564227157  9.87718269891745e-06
313.40000000000003  -0.0008192358662039604  9.876580001584763e-06
313.45000000000005  -0.0008192357763842366  9.875922018910883e-06
313.5  -0.0008192356834538756  9.875214371213173e-06
313.55  -0.0008192355840498219  9.874465735594399e-06
313.6  -0.0008192354751482758  9.873687322611998e-06
313.65000000000003  -0.0008192353542509811  9.872892207134416e-06
313.70000000000005  -0.0008192352195378598  9.872094555199245e-06
313.75  -0.0008192350699778056  9.871308791874396e-06
313.8  -0.0008192349053830513  9.870548735726168e-06
313.85  -0.0008192347264298926  9.869826806966123e-06
313.90000000000003  -0.000819234534598651  9.86915328376743e-06
313.95000000000005  -0.0008192343320904092  9.8685357035243e-06
314.0  -0.000819234121674345  9.867978424245478e-06
314.05  -0.0008192339065177461  9.867482356710122e-06
314.1  -0.0008192336899893235  9.86704492112031e-06
314.15000000000003  -0.0008192334754471203  9.866660186753874e-06
314.20000000000005  -0.000819233266031785  9.866319222331813e-06
314.25  -0.0008192330644811609  9.866010608667567e-06
314.3  -0.0008192328729694141  9.865721114005058e-06
314.35  -0.0008192326929759991  9.865436462328371e-06
314.40000000000003  -0.0008192325252091786  9.865142170823685e-06
314.45000000000005  -0.0008192323695615372  9.864824395749202e-06
314.5  -0.0008192322251274182  9.864470762748715e-06
314.55  -0.0008192320902566633  9.864071080803298e-06
314.6  -0.000819231962643689  9.863617957414552e-06
314.65000000000003  -0.0008192318394711496  9.863107226747159e-06
314.70000000000005  -0.0008192317175621065  9.862538204611e-06
314.75  -0.0008192315935668857  9.861913722037383e-06
314.8  -0.0008192314641431659  9.861239956921852e-06
314.85  -0.0008192313261535226  9.860526066037077e-06
314.90000000000003  -0.0008192311768397618  9.859783635054282e-06
314.95000000000005  -0.0008192310139743353  9.859025978095843e-06
315.0  -0.000819230836003408  9.858267341548814e-06
315.05  -0.0008192306421234609  9.857522038110057e-06
315.1  -0.0008192304323423714  9.856803588764035e-06
315.15000000000003  -0.0008192302074810501  9.856123913158524e-06
315.20000000000005  -0.0008192299691308632  9.85549260906402e-06
315.25  -0.0008192297195671202  9.854916362252576e-06
315.3  -0.0008192294616172372  9.854398572170498e-06
315.35  -0.000819229198501394  9.85393911173216e-06
315.40000000000003  -0.0008192289336399341  9.853534360375923e-06
315.45000000000005  -0.000819228670448651  9.853177394963616e-06
315.5  -0.0008192284121382908  9.852858405209734e-06
315.55  -0.0008192281615106316  9.852565269107753e-06
315.6  -0.0008192279207925817  9.852284257964253e-06
315.65000000000003  -0.0008192276915032967  9.852000837114747e-06
315.70000000000005  -0.0008192274743508971  9.85170052383009e-06
315.75  -0.0008192272692019839  9.851369717400965e-06
315.8  -0.0008192270750840516  9.850996495932261e-06
315.85  -0.0008192268902540615  9.850571309232069e-06
315.90000000000003  -0.0008192267123056533  9.850087532501913e-06
315.95000000000005  -0.000819226538324972  9.849541850537671e-06
316.0  -0.0008192263650779858  9.848934445449314e-06
316.05  -0.0008192261892123342  9.848268985012017e-06
316.1  -0.0008192260074712821  9.84755240663682e-06
316.15000000000003  -0.000819225816895658  9.846794508647986e-06
316.20000000000005  -0.000819225615019464  9.846007372050982e-06
316.25  -0.000819225400005305  9.845204648289171e-06
316.3  -0.0008192251707719492  9.844400740127018e-06
316.35  -0.0008192249270436269  9.843609959404322e-06
316.40000000000003  -0.000819224669377373  9.84284566061546e-06
316.45000000000005  -0.0008192243991171061  9.842119446104949e-06
316.5  -0.0008192241183204373  9.841440466294639e-06
316.55  -0.0008192238296306989  9.840814854011415e-06
316.6  -0.0008192235361245914  9.84024535851996e-06
316.65000000000003  -0.0008192232411447097  9.839731158776304e-06
316.70000000000005  -0.0008192229481079259  9.839267906524098e-06
316.75  -0.0008192226603105226  9.838847969585469e-06
316.8  -0.0008192223807634863  9.838460884188313e-06
316.85  -0.0008192221120178569  9.83809397161659e-06
316.90000000000003  -0.0008192218560369419  9.837733097437418e-06
316.95000000000005  -0.0008192216140870438  9.83736350855806e-06
317.0  -0.0008192213866756721  9.836970723117494e-06
317.05  -0.0008192211735302537  9.836541384170721e-06
317.1  -0.0008192209736162005  9.83606406604093e-06
317.15000000000003  -0.0008192207851959588  9.835529955382017e-06
317.20000000000005  -0.0008192206059432379  9.834933376230812e-06
317.25  -0.0008192204330690051  9.834272117370101e-06
317.3  -0.0008192202634926106  9.83354756572746e-06
317.35  -0.0008192200940246294  9.832764615756002e-06
317.40000000000003  -0.0008192199215571889  9.83193137168905e-06
317.45000000000005  -0.0008192197432571279  9.831058662924095e-06
317.5  -0.0008192195567328042  9.830159387012329e-06
317.55  -0.0008192193601875412  9.829247752648086e-06
317.6  -0.0008192191525425995  9.828338427552287e-06
317.65000000000003  -0.0008192189335037766  9.827445688616343e-06
317.70000000000005  -0.0008192187035945839  9.826582572919698e-06
317.75  -0.000819218464132135  9.825760123244277e-06
317.8  -0.0008192182171595869  9.824986751853044e-06
317.85  -0.0008192179653280028  9.824267752181612e-06
317.90000000000003  -0.0008192177117391266  9.82360500461233e-06
317.95000000000005  -0.0008192174597583777  9.822996873968398e-06
318.0  -0.0008192172128215512  9.822438315005102e-06
318.05  -0.0008192169742172226  9.821921180220563e-06
318.1  -0.000819216746897778  9.82143470910793e-06
318.15000000000003  -0.0008192165332838199  9.820966159727212e-06
318.20000000000005  -0.0008192163351397363  9.820501562096662e-06
318.25  -0.0008192161534500897  9.820026554078934e-06
318.3  -0.000819215988369261  9.819527224742266e-06
318.35  -0.0008192158392118987  9.81899094226529e-06
318.40000000000003  -0.0008192157044988041  9.818407115829092e-06
318.45000000000005  -0.0008192155820442856  9.817767821083045e-06
318.5  -0.0008192154690938333  9.817068281679645e-06
318.55  -0.0008192153624914111  9.816307169037224e-06
318.6  -0.0008192152588651317  9.815486697950212e-06
318.65000000000003  -0.0008192151548297036  9.814612505466944e-06
318.70000000000005  -0.000819215047182218  9.813693334248855e-06
318.75  -0.0008192149330939213  9.812740530454008e-06
318.8  -0.0008192148102582393  9.81176738624849e-06
318.85  -0.0008192146770305228  9.810788358357398e-06
318.90000000000003  -0.000819214532513574  9.809818215939501e-06
318.95000000000005  -0.0008192143766096367  9.808871176493505e-06
319.0  -0.0008192142100181124  9.807960055312507e-06
319.05  -0.0008192140341961281  9.807095514904494e-06
319.1  -0.0008192138512765876  9.806285423035149e-06
319.15000000000003  -0.0008192136639386916  9.805534394244668e-06
319.20000000000005  -0.0008192134752638851  9.804843514856897e-06
319.25  -0.0008192132885477337  9.80421029055285e-06
319.3  -0.0008192131071043457  9.803628789640433e-06
319.35  -0.0008192129340807907  9.803090015888909e-06
319.40000000000003  -0.000819212772257691  9.802582448164405e-06
319.45000000000005  -0.0008192126238852995  9.80209274605156e-06
319.5  -0.0008192124905337595  9.801606544462588e-06
319.55  -0.0008192123730022304  9.801109317680379e-06
319.6  -0.0008192122712486684  9.800587257005524e-06
319.65000000000003  -0.0008192121843900292  9.800028086665176e-06
319.70000000000005  -0.000819212110740846  9.799421802247975e-06
319.75  -0.0008192120479116233  9.798761262127652e-06
319.8  -0.0008192119929388974  9.798042606486363e-06
319.85  -0.0008192119424649717  9.797265491445425e-06
319.90000000000003  -0.0008192118929327545  9.796433107568323e-06
319.95000000000005  -0.0008192118407991999  9.795551992481614e-06
320.0  -0.000819211782752729  9.7946316342225e-06
320.05  -0.0008192117159093164  9.793683929858296e-06
320.1  -0.0008192116379907323  9.792722476987528e-06
320.15000000000003  -0.0008192115474622728  9.791761779454717e-06
320.20000000000005  -0.000819211443625347  9.790816392404931e-06
320.25  -0.0008192113266522299  9.789900079794074e-06
320.3  -0.000819211197577005  9.78902499407827e-06
320.35  -0.0008192110582246609  9.788200980355888e-06
320.40000000000003  -0.0008192109111011794  9.787434984650221e-06
320.45000000000005  -0.0008192107592332738  9.786730647279133e-06
320.5  -0.0008192106059879325  9.786088098132973e-06
320.55  -0.0008192104548651614  9.785503936211664e-06
320.6  -0.000819210309289774  9.784971434598114e-06
320.65000000000003  -0.0008192101724091841  9.784480931014183e-06
320.70000000000005  -0.0008192100469136234  9.784020405166258e-06
320.75  -0.0008192099348848389  9.783576172398283e-06
320.8  -0.0008192098376704974  9.7831337106558e-06
320.85  -0.0008192097558214759  9.782678513547602e-06
320.90000000000003  -0.000819209689064219  9.782196949378852e-06
320.95000000000005  -0.0008192096363209264  9.781677072750019e-06
321.0  -0.0008192095957738472  9.781109340396919e-06
321.05  -0.0008192095649741787  9.780487177611001e-06
321.1  -0.000819209540983496  9.779807365096886e-06
321.15000000000003  -0.0008192095205476487  9.779070238572353e-06
321.20000000000005  -0.0008192095002765347  9.778279656305925e-06
321.25  -0.0008192094768481002  9.777442779129752e-06
321.3  -0.0008192094471993343  9.776569632977475e-06
321.35  -0.0008192094087039071  9.775672508047359e-06
321.40000000000003  -0.0008192093593391586  9.774765238396133e-06
321.45000000000005  -0.0008192092978061708  9.7738623600366e-06
321.5  -0.0008192092236226422  9.772978254248997e-06
321.55  -0.0008192091371530553  9.77212630046164e-06
321.6  -0.0008192090396088374  9.77131807831618e-06
321.65000000000003  -0.0008192089329716129  9.770562692235779e-06
321.70000000000005  -0.0008192088198927692  9.769866236015393e-06
321.75  -0.0008192087035349747  9.76923145059596e-06
321.8  -0.000819208587383318  9.768657566490793e-06
321.85  -0.0008192084750399778  9.768140368280969e-06
321.90000000000003  -0.0008192083699992977  9.76767243978402e-06
321.95000000000005  -0.0008192082754406777  9.767243607761286e-06
322.0  -0.0008192081940209915  9.766841551944586e-06
322.05  -0.0008192081277259489  9.766452518300854e-06
322.1  -0.0008192080777329213  9.766062139469705e-06
322.15000000000003  -0.000819208044350641  9.765656267272634e-06
322.20000000000005  -0.0008192080269960918  9.765221794631068e-06
322.25  -0.0008192080242307014  9.764747432709471e-06
322.3  -0.0008192080338536296  9.764224365008014e-06
322.35  -0.0008192080530399215  9.763646769408735e-06
322.40000000000003  -0.000819208078516006  9.763012166101874e-06
322.45000000000005  -0.0008192081067596455  9.762321564749945e-06
322.5  -0.000819208134211551  9.761579417363105e-06
322.55  -0.0008192081574973214  9.760793368567716e-06
322.6  -0.0008192081736177533  9.759973816420107e-06
322.65000000000003  -0.0008192081801257678  9.759133304266957e-06
322.70000000000005  -0.0008192081752604876  9.758285795005402e-06
322.75  -0.000819208158044409  9.75744584100441e-06
322.8  -0.00081920812831953  9.756627726890195e-06
322.85  -0.000819208086745337  9.755844620683903e-06
322.90000000000003  -0.0008192080347458086  9.755107789290044e-06
322.95000000000005  -0.0008192079744093067  9.754425918179362e-06
323.0  -0.0008192079083612018  9.753804577061157e-06
323.05  -0.0008192078395984666  9.753245890058247e-06
323.1  -0.0008192077713178039  9.752748401429937e-06
323.15000000000003  -0.0008192077067236279  9.752307144111601e-06
323.20000000000005  -0.0008192076488406488  9.751913940967078e-06
323.25  -0.0008192076003375772  9.751557889154804e-06
323.3  -0.0008192075633758486  9.751226013551308e-06
323.35  -0.0008192075394735038  9.750904041446297e-06
323.40000000000003  -0.0008192075294137822  9.750577267847774e-06
323.45000000000005  -0.0008192075331960368  9.750231426221279e-06
323.5  -0.0008192075500135986  9.749853551113447e-06
323.55  -0.0008192075782957447  9.749432750799799e-06
323.6  -0.0008192076157792683  9.7489608495274e-06
323.65000000000003  -0.000819207659630405  9.748432871745896e-06
323.70000000000005  -0.0008192077065961662  9.747847336679283e-06
323.75  -0.0008192077531772327  9.747206325855544e-06
323.8  -0.0008192077958248695  9.746515358469913e-06
323.85  -0.0008192078311395574  9.74578305058555e-06
323.90000000000003  -0.0008192078560566444  9.745020581489227e-06
323.95000000000005  -0.0008192078680258738  9.744241036060042e-06
324.0  -0.0008192078651502275  9.743458609473414e-06
324.05  -0.0008192078462913703  9.742687769600253e-06
324.1  -0.0008192078111304514  9.741942399681038e-06
324.15000000000003  -0.0008192077601769607  9.741234970828995e-06
324.20000000000005  -0.0008192076947262148  9.74057581375567e-06
324.25  -0.0008192076167774159  9.739972509221735e-06
324.3  -0.000819207528902859  9.739429447295687e-06
324.35  -0.0008192074340764803  9.738947569866993e-06
324.40000000000003  -0.0008192073354852122  9.73852430828225e-06
324.45000000000005  -0.0008192072363327577  9.73815374183428e-06
324.5  -0.000819207139637923  9.73782693482726e-06
324.55  -0.0008192070480468181  9.737532456997986e-06
324.6  -0.0008192069636625387  9.737257049789337e-06
324.65000000000003  -0.0008192068879258112  9.736986396664859e-06
324.70000000000005  -0.0008192068215160731  9.736705958715195e-06
324.75  -0.0008192067643206546  9.736401822585177e-06
324.8  -0.0008192067154272106  9.736061513521913e-06
324.85  -0.0008192066731843233  9.735674729489051e-06
324.90000000000003  -0.0008192066352959232  9.735233942619916e-06
324.95000000000005  -0.0008192065989536412  9.734734848178576e-06
325.0  -0.0008192065610034662  9.734176605502532e-06
325.05  -0.0008192065181225499  9.733561896964446e-06
325.1  -0.0008192064670164484  9.732896766983731e-06
325.15000000000003  -0.0008192064045992191  9.732190252042562e-06
325.20000000000005  -0.0008192063281795422  9.731453856880916e-06
325.25  -0.0008192062356087718  9.730700852426987e-06
325.3  -0.0008192061254032525  9.729945491116594e-06
325.35  -0.0008192059968303351  9.729202152485277e-06
325.40000000000003  -0.0008192058499544366  9.728484484554552e-06
325.45000000000005  -0.0008192056856329719  9.727804578618421e-06
325.5  -0.0008192055054747478  9.727172254087035e-06
325.55  -0.0008192053117510906  9.726594453664944e-06
325.6  -0.0008192051072631844  9.72607483701272e-06
325.65000000000003  -0.0008192048951902065  9.725613552253741e-06
325.70000000000005  -0.0008192046789022351  9.725207217607364e-06
325.75  -0.0008192044617671853  9.724849128122867e-06
325.8  -0.0008192042469537375  9.724529630552648e-06
325.85  -0.0008192040372435869  9.724236704876637e-06
325.90000000000003  -0.0008192038348638559  9.7239566694109e-06
325.95000000000005  -0.0008192036413556804  9.723674967975827e-06
326.0  -0.0008192034574825002  9.723377048403243e-06
326.05  -0.0008192032831796812  9.72304919527882e-06
326.1  -0.0008192031175601336  9.722679344961456e-06
326.15000000000003  -0.0008192029589717024  9.722257784802605e-06
326.20000000000005  -0.0008192028050988669  9.721777730233808e-06
326.25  -0.0008192026531120316  9.721235706539326e-06
326.3  -0.0008192024998475235  9.720631760889759e-06
326.35  -0.0008192023420077499  9.719969457503254e-06
326.40000000000003  -0.000819202176370531  9.719255667397782e-06
326.45000000000005  -0.0008192019999892812  9.718500155659867e-06
326.5  -0.0008192018103895881  9.717715023498216e-06
326.55  -0.0008192016057112445  9.716913987267489e-06
326.6  -0.0008192013848363138  9.716111569589613e-06
326.65000000000003  -0.0008192011474535875  9.715322241870866e-06
326.70000000000005  -0.0008192008940814365  9.714559569309151e-06
326.75  -0.000819200626040387  9.713835401067936e-06
326.8  -0.0008192003453661616  9.713159155455152e-06
326.85  -0.0008192000546987287  9.712537267209825e-06
326.90000000000003  -0.0008191997571213355  9.71197278148235e-06
326.95000000000005  -0.0008191994559882817  9.711465179749784e-06
327.0  -0.000819199154729004  9.711010398221268e-06
327.05  -0.0008191988566575482  9.710601065585447e-06
327.1  -0.0008191985647955297  9.710226931548545e-06
327.15000000000003  -0.0008191982817004378  9.709875486094968e-06
327.20000000000005  -0.000819198009339929  9.70953269468556e-06
327.25  -0.0008191977489831734  9.709183851885862e-06
327.3  -0.0008191975011411584  9.708814445003717e-06
327.35  -0.000819197265552031  9.708411043942897e-06
327.40000000000003  -0.0008191970411948534  9.707962091929853e-06
327.45000000000005  -0.0008191968263638592  9.707458615253379e-06
327.5  -0.0008191966187597654  9.706894753314034e-06
327.55  -0.0008191964156355103  9.706268116955888e-06
327.6  -0.0008191962139424294  9.70557993232497e-06
327.65000000000003  -0.0008191960105202564  9.70483496550063e-06
327.70000000000005  -0.0008191958022826261  9.704041238577251e-06
327.75  -0.0008191955863947335  9.703209549525747e-06
327.8  -0.0008191953604490464  9.702352825693246e-06
327.85  -0.0008191951226257522  9.701485355072302e-06
327.90000000000003  -0.0008191948718009581  9.700621931349159e-06
327.95000000000005  -0.0008191946076325736  9.699776985815914e-06
328.0  -0.0008191943305955211  9.69896372629564e-06
328.05  -0.0008191940419697559  9.698193366047608e-06
328.1  -0.0008191937437680221  9.697474471977142e-06
328.15000000000003  -0.0008191934386257497  9.696812466318734e-06
328.20000000000005  -0.0008191931296563876  9.696209325887038e-06
328.25  -0.0008191928202621865  9.695663481586506e-06
328.3  -0.0008191925139351383  9.69516992741675e-06
328.35  -0.0008191922140408889  9.69472052831646e-06
328.40000000000003  -0.0008191919236204783  9.69430451759623e-06
328.45000000000005  -0.0008191916452013662  9.693909136367172e-06
328.5  -0.0008191913806486915  9.693520404670166e-06
328.55  -0.0008191911310529924  9.693123945610032e-06
328.6  -0.0008191908966613139  9.69270583533674e-06
328.65000000000003  -0.0008191906768721407  9.692253432903191e-06
328.70000000000005  -0.0008191904702762031  9.691756126382141e-06
328.75  -0.0008191902747382544  9.691205971200855e-06
328.8  -0.0008191900875392797  9.690598152922291e-06
328.85  -0.0008191899055384874  9.689931295623852e-06
328.90000000000003  -0.0008191897253698912  9.689207530978955e-06
328.95000000000005  -0.0008191895436447573  9.688432405114745e-06
329.0  -0.0008191893571558987  9.687614548983619e-06
329.05  -0.0008191891630716511  9.68676518581799e-06
329.1  -0.0008191889591001485  9.685897469338049e-06
329.15000000000003  -0.0008191887436270971  9.685025720646478e-06
329.20000000000005  -0.0008191885158089675  9.68416458742283e-06
329.25  -0.0008191882756227259  9.683328175505782e-06
329.3  -0.0008191880238649118  9.682529215989939e-06
329.35  -0.0008191877621086267  9.681778311397527e-06
329.40000000000003  -0.000819187492617342  9.681083307488611e-06
329.45000000000005  -0.0008191872182046644  9.68044882208711e-06
329.5  -0.0008191869420941156  9.679875978108043e-06
329.55  -0.0008191866677219262  9.679362330841613e-06
329.6  -0.00081918639855214  9.678902019052385e-06
329.65000000000003  -0.0008191861378804968  9.678486119520232e-06
329.70000000000005  -0.0008191858886395835  9.678103173242137e-06
329.75  -0.0008191856532400944  9.677739884417767e-06
329.8  -0.0008191854334202116  9.677381899989425e-06
329.85  -0.0008191852301482041  9.677014678913286e-06
329.90000000000003  -0.0008191850435610814  9.67662435884004e-06
329.95000000000005  -0.0008191848729511794  9.676198567571477e-06
330.0  -0.0008191847168011204  9.6757271715902e-06
330.05  -0.0008191845728784554  9.675202876211712e-06
330.1  -0.0008191844383609952  9.674621647228691e-06
330.15000000000003  -0.0008191843100105155  9.673982955037868e-06
330.20000000000005  -0.0008191841843686369  9.673289802736903e-06
330.25  -0.000819184057976113  9.672548542111322e-06
330.3  -0.0008191839275809805  9.671768497065947e-06
330.35  -0.000819183790356941  9.670961406415234e-06
330.40000000000003  -0.0008191836440731835  9.670140739073967e-06
330.45000000000005  -0.0008191834872432027  9.669320884404136e-06
330.5  -0.0008191833192222539  9.668516317777598e-06
330.55  -0.0008191831402493289  9.667740733420552e-06
330.6  -0.0008191829514407103  9.667006254543203e-06
330.65000000000003  -0.000819182754720019  9.666322702957318e-06
330.70000000000005  -0.0008191825527028724  9.665697024622763e-06
330.75  -0.000819182348544488  9.665132886830293e-06
330.8  -0.0008191821457443232  9.66463045209184e-06
330.85  -0.000819181947939128  9.664186366635063e-06
330.90000000000003  -0.0008191817586938733  9.663793949852184e-06
330.95000000000005  -0.0008191815812870572  9.663443591716452e-06
331.0  -0.000819181418534543  9.663123312272969e-06
331.05  -0.0008191812726250851  9.662819465029596e-06
331.1  -0.0008191811450033182  9.6625175512239e-06
331.15000000000003  -0.0008191810362960622  9.662203063960195e-06
331.20000000000005  -0.0008191809462842964  9.661862361759043e-06
331.25  -0.0008191808739322381  9.661483461607338e-06
331.3  -0.0008191808174543342  9.661056765626597e-06
331.35  -0.000819180774420458  9.66057562497161e-06
331.40000000000003  -0.0008191807419081335  9.660036732041873e-06
331.45000000000005  -0.0008191807166741215  9.659440325830563e-06
331.5  -0.000819180695345504  9.658790167219261e-06
331.55  -0.0008191806746120437  9.658093315438663e-06
331.6  -0.0008191806514234286  9.657359700304745e-06
331.65000000000003  -0.0008191806231607679  9.656601536020353e-06
331.70000000000005  -0.0008191805877965305  9.655832579170769e-06
331.75  -0.0008191805440033494  9.655067306414797e-06
331.8  -0.0008191804912453908  9.654320053517867e-06
331.85  -0.0008191804298133578  9.653604162998368e-06
331.90000000000003  -0.000819180360813092  9.652931189731953e-06
331.95000000000005  -0.0008191802861061276  9.652310220311863e-06
332.0  -0.0008191802082068509  9.651747344380885e-06
332.05  -0.0008191801301411392  9.651245298668157e-06
332.1  -0.0008191800552623306  9.650803310976485e-06
332.15000000000003  -0.0008191799870514494  9.650417157252905e-06
332.20000000000005  -0.0008191799289083429  9.650079417738706e-06
332.25  -0.0008191798839375132  9.649779917523605e-06
332.3  -0.0008191798547454507  9.649506336679428e-06
332.35  -0.0008191798432795086  9.649244931286003e-06
332.40000000000003  -0.0008191798506862256  9.648981341076773e-06
332.45000000000005  -0.0008191798772327245  9.6487014336075e-06
332.5  -0.0008191799222765678  9.648392125873669e-06
332.55  -0.0008191799842893378  9.648042146869016e-06
332.6  -0.0008191800609441064  9.647642698829917e-06
332.65000000000003  -0.0008191801492502241  9.647187970194637e-06
332.70000000000005  -0.0008191802457248881  9.646675469964232e-06
332.75  -0.0008191803466071011  9.646106177861949e-06
332.8  -0.000819180448076008  9.64548448771532e-06
332.85  -0.0008191805464713345  9.644817955590038e-06
332.90000000000003  -0.0008191806385136567  9.644116857515043e-06
332.95000000000005  -0.0008191807214820979  9.64339359302009e-06
333.0  -0.0008191807933685929  9.642661964722756e-06
333.05  -0.0008191808529717973  9.641936361380046e-06
333.1  -0.0008191808999558495  9.641230917636803e-06
333.15000000000003  -0.0008191809348377342  9.640558677462578e-06
333.20000000000005  -0.0008191809589387459  9.639930813134774e-06
333.25  -0.0008191809742697544  9.639355968217556e-06
333.3  -0.0008191809834105606  9.638839718047881e-06
333.35  -0.0008191809893117341  9.638384237613154e-06
333.40000000000003  -0.0008191809951267597  9.637988155865242e-06
333.45000000000005  -0.0008191810039982766  9.637646623506099e-06
333.5  -0.0008191810188714065  9.637351600395557e-06
333.55  -0.000819181042311917  9.637092308163665e-06
333.6  -0.0008191810763511565  9.636855880329974e-06
333.65000000000003  -0.00081918112236286  9.63662812243811e-06
333.70000000000005  -0.0008191811809757583  9.636394348367262e-06
333.75  -0.0008191812520375044  9.636140265605487e-06
333.8  -0.0008191813346032058  9.635852820785696e-06
333.85  -0.000819181426988717  9.63552098234323e-06
333.90000000000003  -0.0008191815268478235  9.635136392845828e-06
333.95000000000005  -0.0008191816312948203  9.634693868647661e-06
334.0  -0.0008191817370529902  9.634191704094991e-06
334.05  -0.0008191818406293176  9.633631771698643e-06
334.1  -0.0008191819385020718  9.633019396636201e-06
334.15000000000003  -0.0008191820273095796  9.63236304055105e-06
334.20000000000005  -0.00081918210403204  9.631673786770372e-06
334.25  -0.0008191821661606693  9.630964678483851e-06
334.3  -0.0008191822118383249  9.630249935238251e-06
334.35  -0.0008191822399570066  9.629544107955996e-06
334.40000000000003  -0.0008191822502307772  9.62886120762878e-06
334.45000000000005  -0.0008191822431955538  9.628213878624362e-06
334.5  -0.0008191822201763081  9.627612646574755e-06
334.55  -0.000819182183200931  9.62706529492464e-06
334.6  -0.0008191821348760644  9.626576419988772e-06
334.65000000000003  -0.0008191820782099036  9.62614714680309e-06
334.70000000000005  -0.000819182016437385  9.625775069026623e-06
334.75  -0.0008191819528027119  9.625454398871154e-06
334.8  -0.0008191818903621836  9.625176291013773e-06
334.85  -0.0008191818317941032  9.624929372350089e-06
334.90000000000003  -0.000819181779229235  9.624700404081373e-06
334.95000000000005  -0.0008191817341187364  9.624475048542348e-06
335.0  -0.0008191816971528137  9.62423871646832e-06
335.05  -0.0008191816682179791  9.6239774170884e-06
335.1  -0.0008191816464038359  9.623678571880272e-06
335.15000000000003  -0.0008191816300618876  9.623331757490456e-06
335.20000000000005  -0.000819181616904688  9.622929314187815e-06
335.25  -0.0008191816041470738  9.622466795648397e-06
335.3  -0.0008191815886638736  9.621943231314582e-06
335.35  -0.0008191815671791745  9.621361187833678e-06
335.40000000000003  -0.0008191815364586222  9.620726609622411e-06
335.45000000000005  -0.0008191814934932976  9.620048471602389e-06
335.5  -0.0008191814356792951  9.619338249838394e-06
335.55  -0.0008191813609577115  9.618609231531409e-06
335.6  -0.0008191812679458303  9.617875734877694e-06
335.65000000000003  -0.0008191811560070166  9.617152255613133e-06
335.70000000000005  -0.0008191810253013996  9.616452590106286e-06
335.75  -0.0008191808767720503  9.61578902101013e-06
335.8  -0.0008191807121044547  9.615171576169866e-06
335.85  -0.0008191805336289762  9.61460743029044e-06
335.90000000000003  -0.0008191803441943863  9.614100474604134e-06
335.95000000000005  -0.0008191801470156516  9.61365108389145e-06
336.0  -0.0008191799454899433  9.613256095460706e-06
336.05  -0.0008191797430011883  9.612908989121592e-06
336.1  -0.0008191795427309893  9.612600289607615e-06
336.15000000000003  -0.0008191793474683156  9.612318116291327e-06
336.20000000000005  -0.0008191791594543385  9.612048888276879e-06
336.25  -0.0008191789802318946  9.6117781391695e-06
336.3  -0.0008191788105708709  9.611491361597216e-06
336.35  -0.00081917865041353  9.611174858109518e-06
336.40000000000003  -0.0008191784988756136  9.610816555975462e-06
336.45000000000005  -0.0008191783543031908  9.6104067010929e-06
336.5  -0.0008191782143788573  9.609938441520398e-06
336.55  -0.0008191780762533351  9.60940821831402e-06
336.6  -0.0008191779367415307  9.60881597261991e-06
336.65000000000003  -0.0008191777925097471  9.608165149354187e-06
336.70000000000005  -0.0008191776402943588  9.607462494262415e-06
336.75  -0.0008191774771103513  9.606717671148206e-06
336.8  -0.0008191773004372415  9.605942678456549e-06
336.85  -0.0008191771083868133  9.605151156580512e-06
336.90000000000003  -0.0008191768998213101  9.604357593174552e-06
336.95000000000005  -0.0008191766744188419  9.603576469253798e-06
337.0  -0.0008191764326999907  9.602821414673307e-06
337.05  -0.00081917617599143  9.602104404686008e-06
337.1  -0.0008191759063455119  9.601435044490048e-06
337.15000000000003  -0.0008191756264151835  9.600820002724159e-06
337.20000000000005  -0.0008191753392937443  9.600262621979952e-06
337.25  -0.000819175048338947  9.599762697137977e-06
337.3  -0.0008191747569701265  9.599316490871272e-06
337.35  -0.0008191744684822483  9.598916942690273e-06
337.40000000000003  -0.0008191741858551775  9.598554084985994e-06
337.45000000000005  -0.0008191739115983855  9.598215632445478e-06
337.5  -0.0008191736476180386  9.597887715833754e-06
337.55  -0.0008191733951118323  9.59755570799478e-06
337.6  -0.0008191731545260896  9.597205109309172e-06
337.65000000000003  -0.0008191729255283152  9.596822422370827e-06
337.70000000000005  -0.000819172707040253  9.596395964504086e-06
337.75  -0.0008191724973079247  9.595916582778256e-06
337.8  -0.0008191722940075049  9.595378205389687e-06
337.85  -0.0008191720943851856  9.594778220685298e-06
337.90000000000003  -0.0008191718954145721  9.59411763483116e-06
337.95000000000005  -0.0008191716939721274  9.593401028170864e-06
338.0  -0.0008191714870179348  9.592636265506752e-06
338.05  -0.0008191712717753706  9.591834037053814e-06
338.1  -0.0008191710458869367  9.591007219765676e-06
338.15000000000003  -0.0008191708075654486  9.59017009514551e-06
338.20000000000005  -0.0008191705556938224  9.589337508807529e-06
338.25  -0.0008191702899093497  9.588523980647327e-06
338.3  -0.000819170010630666  9.587742836078376e-06
338.35  -0.0008191697190483836  9.587005434481127e-06
338.40000000000003  -0.0008191694170663118  9.586320498143446e-06
338.45000000000005  -0.0008191691072038563  9.585693603891008e-06
338.5  -0.000819168792457079  9.58512687905034e-06
338.55  -0.0008191684761324005  9.584618879688255e-06
338.6  -0.0008191681616512363  9.584164704730413e-06
338.65000000000003  -0.0008191678523557932  9.583756296960028e-06
338.70000000000005  -0.0008191675513051849  9.583382936882473e-06
338.75  -0.0008191672610957784  9.583031890341136e-06
338.8  -0.0008191669837024397  9.582689169051746e-06
338.85  -0.000819166720362903  9.58234035831093e-06
338.90000000000003  -0.0008191664714925469  9.581971474639274e-06
338.95000000000005  -0.0008191662366665864  9.581569797775737e-06
339.0  -0.0008191660146436309  9.58112461896764e-06
339.05  -0.0008191658034450366  9.580627872702208e-06
339.1  -0.0008191656004806122  9.580074616706395e-06
339.15000000000003  -0.0008191654027101484  9.57946331854218e-06
339.20000000000005  -0.0008191652068347896  9.578795963192705e-06
339.25  -0.0008191650094997861  9.578077923151e-06
339.3  -0.0008191648075070283  9.57731766013136e-06
339.35  -0.0008191645980141304  9.576526224645962e-06
339.40000000000003  -0.0008191643787069127  9.575716616419257e-06
339.45000000000005  -0.0008191641479399  9.574903013902735e-06
339.5  -0.0008191639048443455  9.57409994525578e-06
339.55  -0.000819163649378171  9.573321433598622e-06
339.6  -0.00081916338233033  9.572580168020514e-06
339.65000000000003  -0.0008191631052863249  9.571886746924797e-06
339.70000000000005  -0.0008191628205269837  9.571249051649523e-06
339.75  -0.0008191625309177036  9.570671772596078e-06
339.8  -0.0008191622397355384  9.570156127365246e-06
339.85  -0.0008191619504961638  9.569699771795268e-06
339.90000000000003  -0.0008191616667455998  9.56929695380374e-06
339.95000000000005  -0.000819161391873619  9.568938833222265e-06
340.0  -0.0008191611289162195  9.568614013816625e-06
340.05  -0.0008191608803895981  9.56830921963346e-06
340.1  -0.000819160648150073  9.568010078290579e-06
340.15000000000003  -0.0008191604332905843  9.567701991399294e-06
340.20000000000005  -0.0008191602360736423  9.567370985707471e-06
340.25  -0.0008191600559318304  9.567004549903679e-06
340.3  -0.000819159891498212  9.566592368424735e-06
340.35  -0.0008191597406929409  9.566126947513614e-06
340.40000000000003  -0.0008191596008549232  9.565604039986223e-06
340.45000000000005  -0.0008191594689008009  9.56502290195573e-06
340.5  -0.0008191593415181986  9.564386326871852e-06
340.55  -0.0008191592153707196  9.563700471027187e-06
340.6  -0.0008191590873119245  9.562974494300644e-06
340.65000000000003  -0.000819158954581729  9.562220006055977e-06
340.70000000000005  -0.0008191588149843094  9.561450379939234e-06
340.75  -0.0008191586670337102  9.56067996272581e-06
340.8  -0.0008191585100554912  9.55992322335369e-06
340.85  -0.0008191583442322076  9.559193894647863e-06
340.90000000000003  -0.0008191581706120039  9.558504166411099e-06
340.95000000000005  -0.000819157991040956  9.557863952449393e-06
341.0  -0.000819157808057328  9.557280323903186e-06
341.05  -0.0008191576247426493  9.55675707651918e-06
341.1  -0.0008191574445371348  9.556294505386415e-06
341.15000000000003  -0.00081915727102279  9.55588938570328e-06
341.20000000000005  -0.0008191571077237498  9.555535170814632e-06
341.25  -0.0008191569578890197  9.55522235307493e-06
341.3  -0.0008191568243061162  9.554939039786736e-06
341.35  -0.0008191567091346999  9.554671637242618e-06
341.40000000000003  -0.0008191566137948806  9.554405651645463e-06
341.45000000000005  -0.0008191565388903528  9.55412655185943e-06
341.5  -0.0008191564841775048  9.553820610622783e-06
341.55  -0.000819156448593094  9.553475725927762e-06
341.6  -0.0008191564303233587  9.553082143082627e-06
341.65000000000003  -0.0008191564269186188  9.552633022769964e-06
341.70000000000005  -0.00081915643542913  9.552124858295055e-06
341.75  -0.0008191564525857248  9.551557692832348e-06
341.8  -0.0008191564749791726  9.550935104748722e-06
341.85  -0.000819156499262718  9.55026401045693e-06
341.90000000000003  -0.000819156522333757  9.549554243417952e-06
341.95000000000005  -0.0008191565415097553  9.548817966300118e-06
342.0  -0.000819156554676539  9.548068955942909e-06
342.05  -0.0008191565604063132  9.547321770429036e-06
342.1  -0.0008191565580402511  9.546590878500567e-06
342.15000000000003  -0.000819156547719429  9.545889790550394e-06
342.20000000000005  -0.0008191565303813848  9.545230259456485e-06
342.25  -0.0008191565076998594  9.54462157870832e-06
342.3  -0.0008191564819881399  9.544070033442589e-06
342.35  -0.0008191564560564482  9.543578526827775e-06
342.40000000000003  -0.0008191564330488612  9.543146427762263e-06
342.45000000000005  -0.0008191564162450171  9.542769610046886e-06
342.5  -0.0008191564088523748  9.542440703225836e-06
342.55  -0.0008191564138109666  9.542149554043274e-06
342.6  -0.0008191564335921818  9.54188381838703e-06
342.65000000000003  -0.0008191564700379581  9.541629706689633e-06
342.70000000000005  -0.0008191565242314296  9.541372799151747e-06
342.75  -0.0008191565964095646  9.541098891256033e-06
342.8  -0.0008191566859225005  9.540794830879438e-06
342.85  -0.0008191567912636465  9.540449290453305e-06
342.90000000000003  -0.0008191569101354966  9.540053422855488e-06
342.95000000000005  -0.0008191570395747724  9.539601371778904e-06
343.0  -0.0008191571761165777  9.53909061912866e-06
343.05  -0.0008191573159944971  9.538522124533403e-06
343.1  -0.0008191574553617641  9.53790026961862e-06
343.15000000000003  -0.0008191575905097062  9.53723260605486e-06
343.20000000000005  -0.0008191577180833634  9.536529416153154e-06
343.25  -0.0008191578352749671  9.535803125054927e-06
343.3  -0.0008191579399772711  9.535067560514552e-06
343.35  -0.0008191580308939337  9.534337170486254e-06
343.40000000000003  -0.000819158107590286  9.533626163173658e-06
343.45000000000005  -0.0008191581705035488  9.532947686468826e-06
343.5  -0.000819158220886077  9.532313038808772e-06
343.55  -0.0008191582607039663  9.531731017117947e-06
343.6  -0.0008191582925022363  9.531207382975173e-06
343.65000000000003  -0.000819158319222502  9.530744513336071e-06
343.70000000000005  -0.0008191583440157271  9.530341251667114e-06
343.75  -0.0008191583700469742  9.52999296440968e-06
343.8  -0.0008191584002905591  9.52969180316118e-06
343.85  -0.0008191584373509742  9.529427159254999e-06
343.90000000000003  -0.0008191584833125271  9.529186284120274e-06
343.95000000000005  -0.0008191585396056978  9.528955046609147e-06
344.0  -0.0008191586069225791  9.528718765412932e-06
344.05  -0.0008191586851716703  9.528463085087388e-06
344.1  -0.000819158773477384  9.52817483965791e-06
344.15000000000003  -0.0008191588702219026  9.527842836254408e-06
344.20000000000005  -0.0008191589731303972  9.527458526837002e-06
344.25  -0.000819159079389626  9.52701652685102e-06
344.3  -0.0008191591858065225  9.52651492929738e-06
344.35  -0.0008191592889716827  9.525955433904222e-06
344.40000000000003  -0.0008191593854490711  9.525343232374517e-06
344.45000000000005  -0.0008191594719692053  9.52468669886586e-06
344.5  -0.0008191595456082985  9.523996885949437e-06
344.55  -0.0008191596039468188  9.52328686825972e-06
344.6  -0.000819159645211155  9.52257094911555e-06
344.65000000000003  -0.0008191596683705217  9.521863813236726e-06
344.70000000000005  -0.0008191596731878068  9.521179649833711e-06
344.75  -0.000819159660244704  9.52053131066848e-06
344.8  -0.000819159630887449  9.519929556910762e-06
344.85  -0.0008191595871662918  9.519382410369905e-06
344.90000000000003  -0.000819159531693955  9.518894699837139e-06
344.95000000000005  -0.0008191594674955238  9.51846776989305e-06
345.0  -0.0008191593978281381  9.518099415608801e-06
345.05  -0.0008191593259752053  9.517784012581972e-06
345.1  -0.0008191592550558371  9.51751284816271e-06
345.15000000000003  -0.0008191591878273717  9.517274641173204e-06
345.20000000000005  -0.0008191591265224595  9.517056203769405e-06
345.25  -0.0008191590727081088  9.516843215318527e-06
345.3  -0.0008191590272003945  9.516621062370363e-06
345.35  -0.000819158990009445  9.516375697987038e-06
345.40000000000003  -0.0008191589603316468  9.516094461921787e-06
345.45000000000005  -0.0008191589366159513  9.515766822359496e-06
345.5  -0.0008191589166470828  9.515385002044113e-06
345.55  -0.0008191588976834343  9.5149444181695e-06
345.6  -0.0008191588766249852  9.514443969675657e-06
345.65000000000003  -0.0008191588501924391  9.513886089122922e-06
345.70000000000005  -0.0008191588151347277  9.51327660671979e-06
345.75  -0.0008191587684124683  9.512624402947356e-06
345.8  -0.0008191587073777885  9.511940889283393e-06
345.85  -0.0008191586299338597  9.511239322695041e-06
345.90000000000003  -0.0008191585346546298  9.51053402239836e-06
345.95000000000005  -0.0008191584208717586  9.509839524445072e-06
346.0  -0.0008191582887143112  9.509169712076525e-06
346.05  -0.0008191581391027582  9.508536987819314e-06
346.1  -0.0008191579737075701  9.507951539796788e-06
346.15000000000003  -0.00081915779485899  9.507420721682064e-06
346.20000000000005  -0.00081915760541531  9.50694862749974e-06
346.25  -0.0008191574086116154  9.506535840036784e-06
346.3  -0.0008191572078787437  9.506179396004291e-06
346.35  -0.000819157006651061  9.505872969971197e-06
346.40000000000003  -0.0008191568081714603  9.505607242401041e-06
346.45000000000005  -0.0008191566153146964  9.505370464978286e-06
346.5  -0.0008191564304117294  9.505149158098888e-06
346.55  -0.0008191562551196364  9.504928918482739e-06
346.6  -0.0008191560903218935  9.504695260400165e-06
346.65000000000003  -0.0008191559360665693  9.504434488030321e-06
346.70000000000005  -0.0008191557915675864  9.504134487556964e-06
346.75  -0.0008191556552490482  9.503785457855448e-06
346.8  -0.0008191555248286598  9.5033804706281e-06
346.85  -0.0008191553974654735  9.502915880058092e-06
346.90000000000003  -0.0008191552699285362  9.502391531932843e-06
346.95000000000005  -0.0008191551387958767  9.501810768035909e-06
347.0  -0.0008191550006705934  9.50118023135911e-06
347.05  -0.0008191548523957539  9.500509468613849e-06
347.1  -0.0008191546912538802  9.499810377090897e-06
347.15000000000003  -0.000819154515140739  9.499096505643156e-06
347.20000000000005  -0.0008191543227025872  9.498382255450203e-06
347.25  -0.0008191541134245185  9.497682046566598e-06
347.3  -0.0008191538876634347  9.497009473610719e-06
347.35  -0.0008191536466337639  9.496376503422195e-06
347.40000000000003  -0.0008191533923330985  9.495792776161656e-06
347.45000000000005  -0.0008191531274132654  9.495265037427216e-06
347.5  -0.0008191528550244942  9.494796740641643e-06
347.55  -0.0008191525786220382  9.494387843937604e-06
347.6  -0.0008191523017555245  9.49403481063807e-06
347.65000000000003  -0.000819152027865324  9.493730812921747e-06
347.70000000000005  -0.0008191517600753476  9.49346612869322e-06
347.75  -0.0008191515010165299  9.493228725277175e-06
347.8  -0.0008191512526819483  9.493004959395591e-06
347.85  -0.0008191510163284736  9.492780392987262e-06
347.90000000000003  -0.0008191507924091091  9.492540653916327e-06
347.95000000000005  -0.0008191505805696731  9.492272288167216e-06
348.0  -0.0008191503796775828  9.491963573783515e-06
348.05  -0.000819150187896453  9.491605224643766e-06
348.1  -0.0008191500028088349  9.49119095507839e-06
348.15000000000003  -0.000819149821551608  9.490717872306432e-06
348.20000000000005  -0.0008191496409912806  9.490186644896498e-06
348.25  -0.0008191494578987922  9.489601488361183e-06
348.3  -0.0008191492691403606  9.48896990732946e-06
348.35  -0.0008191490718539468  9.488302262962477e-06
348.40000000000003  -0.0008191488636113074  9.487611145616508e-06
348.45000000000005  -0.0008191486425661627  9.486910627962749e-06
348.5  -0.0008191484075588978  9.486215417879454e-06
348.55  -0.000819148158192981  9.48553998016805e-06
348.6  -0.0008191478948695799  9.484897661330718e-06
348.65000000000003  -0.0008191476187700953  9.484299904475636e-06
348.70000000000005  -0.0008191473317980295  9.483755551466353e-06
348.75  -0.0008191470364793264  9.483270324460208e-06
348.8  -0.0008191467358257935  9.482846498538801e-06
348.85  -0.0008191464331618953  9.48248276063171e-06
348.90000000000003  -0.0008191461319373648  9.482174310050662e-06
348.95000000000005  -0.0008191458355256319  9.481913142463214e-06
349.0  -0.0008191455470255539  9.481688544120252e-06
349.05  -0.0008191452690752002  9.481487723097246e-06
349.1  -0.0008191450036978598  9.481296585815355e-06
349.15000000000003  -0.0008191447521767672  9.481100565314959e-06
349.20000000000005  -0.0008191445149810701  9.480885486491284e-06
349.25  -0.0008191442917381076  9.480638407526575e-06
349.3  -0.0008191440812585203  9.480348369554528e-06
349.35  -0.0008191438816084556  9.48000705006623e-06
349.40000000000003  -0.0008191436902375613  9.479609236832595e-06
349.45000000000005  -0.0008191435041312635  9.479153133442188e-06
349.5  -0.0008191433200027032  9.478640464595251e-06
349.55  -0.0008191431345021558  9.478076360344744e-06
349.6  -0.0008191429444192769  9.477469061504838e-06
349.65000000000003  -0.0008191427468903209  9.476829419244456e-06
349.70000000000005  -0.000819142539570684  9.476170256703283e-06
349.75  -0.0008191423207850192  9.475505615490665e-06
349.8  -0.0008191420896344334  9.47484991468744e-06
349.85  -0.0008191418460448982  9.474217106193034e-06
349.90000000000003  -0.0008191415907849031  9.473619834414666e-06
349.95000000000005  -0.0008191413254171097  9.473068693582475e-06
350.0  -0.0008191410522114043  9.472571577942915e-06
350.05  -0.000819140774014684  9.472133218567532e-06
350.1  -0.0008191404940952361  9.471754884461518e-06
350.15000000000003  -0.0008191402159524308  9.47143430357004e-06
350.20000000000005  -0.0008191399431274927  9.471165781295421e-06
350.25  -0.0008191396790015537  9.470940532188945e-06
350.3  -0.0008191394266168503  9.470747186015888e-06
350.35  -0.0008191391885010722  9.470572470926053e-06
350.40000000000003  -0.000819138966533399  9.470401979116256e-06
350.45000000000005  -0.0008191387618394302  9.47022102275243e-06
350.5  -0.0008191385747294228  9.470015502396813e-06
350.55  -0.0008191384046869239  9.46977273631527e-06
350.6  -0.0008191382503971772  9.46948221058376e-06
350.65000000000003  -0.0008191381098312505  9.469136192684206e-06
350.70000000000005  -0.0008191379803643594  9.468730187372695e-06
350.75  -0.0008191378589386632  9.468263189803825e-06
350.8  -0.0008191377422533069  9.467737744585998e-06
350.85  -0.0008191376269658607  9.46715978375869e-06
350.90000000000003  -0.0008191375099027697  9.466538262769175e-06
350.95000000000005  -0.0008191373882647043  9.465884629685428e-06
351.0  -0.000819137259803088  9.4652121320198e-06
351.05  -0.000819137122968075  9.46453503488699e-06
351.1  -0.0008191369770172347  9.463867769297094e-06
351.15000000000003  -0.0008191368220619985  9.463224078191034e-06
351.20000000000005  -0.0008191366590717688  9.462616210459407e-06
351.25  -0.000819136489816696  9.462054188247976e-06
351.3  -0.000819136316760849  9.461545231268225e-06
351.35  -0.0008191361429119998  9.461093325326955e-06
351.40000000000003  -0.0008191359716387076  9.460698981616274e-06
351.45000000000005  -0.0008191358064624882  9.46035921350701e-06
351.5  -0.0008191356508374677  9.460067701166593e-06
351.55  -0.0008191355079541547  9.45981516181204e-06
351.6  -0.0008191353805324634  9.459589893858768e-06
351.65000000000003  -0.0008191352706773149  9.459378459902705e-06
351.70000000000005  -0.0008191351797478261  9.45916647093184e-06
351.75  -0.0008191351082852118  9.458939442370633e-06
351.8  -0.0008191350559891604  9.458683643227047e-06
351.85  -0.0008191350217396936  9.458386911545178e-06
351.90000000000003  -0.0008191350036685518  9.458039377575693e-06
351.95000000000005  -0.0008191349992825646  9.457634053205923e-06
352.0  -0.0008191350056071142  9.457167253535282e-06
352.05  -0.0008191350193704166  9.456638824823036e-06
352.1  -0.000819135037185502  9.456052165231796e-06
352.15000000000003  -0.0008191350557473907  9.455414024803167e-06
352.20000000000005  -0.0008191350720151662  9.454734119165842e-06
352.25  -0.0008191350833751353  9.45402455397365e-06
352.3  -0.0008191350877886156  9.453299104476409e-06
352.35  -0.0008191350838915064  9.45257240197951e-06
352.40000000000003  -0.0008191350710599708  9.451859059441802e-06
352.45000000000005  -0.0008191350494442056  9.451172807467718e-06
352.5  -0.000819135019949136  9.450525671053384e-06
352.55  -0.0008191349841811478  9.449927252730243e-06
352.6  -0.0008191349443505762  9.449384166588322e-06
352.65000000000003  -0.0008191349031425823  9.44889964838466e-06
352.70000000000005  -0.0008191348635635714  9.448473366223506e-06
352.75  -0.0008191348287585679  9.448101460070714e-06
352.8  -0.0008191348018232862  9.447776767659735e-06
352.85  -0.0008191347856199577  9.447489265100866e-06
352.90000000000003  -0.0008191347825896937  9.447226688119007e-06
352.95000000000005  -0.0008191347945954309  9.446975254252116e-06
353.0  -0.0008191348227970277  9.44672049290197e-06
353.05  -0.0008191348675516029  9.446448111919185e-06
353.1  -0.0008191349283755795  9.446144846359385e-06
353.15000000000003  -0.0008191350039498935  9.445799240688675e-06
353.20000000000005  -0.0008191350921824738  9.445402328971532e-06
353.25  -0.000819135190307428  9.444948157279849e-06
353.3  -0.000819135295048324  9.444434137288781e-06
353.35  -0.000819135402798415  9.443861192846566e-06
353.40000000000003  -0.000819135509825854  9.443233714135214e-06
353.45000000000005  -0.0008191356124951575  9.442559282471052e-06
353.5  -0.0008191357074759853  9.441848242801201e-06
353.55  -0.0008191357919405832  9.441113098666615e-06
353.6  -0.0008191358637260023  9.440367772775983e-06
353.65000000000003  -0.0008191359214555923  9.439626805695864e-06
353.70000000000005  -0.0008191359646090757  9.438904506615183e-06
353.75  -0.0008191359935448235  9.438214122891252e-06
353.8  -0.0008191360094595296  9.437567066748428e-06
353.85  -0.0008191360143048284  9.436972247740794e-06
353.90000000000003  -0.0008191360106445782  9.436435555692352e-06
353.95000000000005  -0.0008191360014953182  9.43595949800917e-06
354.0  -0.000819135990121189  9.43554305954874e-06
354.05  -0.0008191359798300554  9.435181755788826e-06
354.1  -0.000819135973764021  9.434867893391057e-06
354.15000000000003  -0.0008191359747111564  9.434591013659892e-06
354.20000000000005  -0.0008191359849317201  9.434338512181507e-06
354.25  -0.0008191360060208709  9.43409637751112e-06
354.3  -0.0008191360388247168  9.433850022701196e-06
354.35  -0.0008191360833781999  9.433585151318556e-06
354.40000000000003  -0.0008191361389171687  9.43328860173202e-06
354.45000000000005  -0.0008191362039144085  9.432949137928707e-06
354.5  -0.0008191362761711671  9.43255811479643e-06
354.55  -0.0008191363529332066  9.432110008430398e-06
354.6  -0.0008191364310534601  9.431602731432539e-06
354.65000000000003  -0.0008191365071607637  9.431037774296886e-06
354.70000000000005  -0.0008191365778518517  9.430420108579919e-06
354.75  -0.0008191366398779685  9.429757909014012e-06
354.8  -0.0008191366903301301  9.429062047429403e-06
354.85  -0.0008191367267977198  9.428345461333387e-06
354.90000000000003  -0.0008191367475165356  9.427622374941192e-06
354.95000000000005  -0.0008191367514581086  9.426907458761767e-06
355.0  -0.0008191367384081118  9.426214948536605e-06
355.05  -0.0008191367089699587  9.425557808428976e-06
355.1  -0.0008191366645385974  9.424946957517348e-06
355.15000000000003  -0.0008191366072216875  9.424390618564902e-06
355.20000000000005  -0.0008191365397112554  9.423893855297445e-06
355.25  -0.000819136465133471  9.423458250643101e-06
355.3  -0.0008191363868511283  9.423081843671754e-06
355.35  -0.0008191363082700756  9.422759237830841e-06
355.40000000000003  -0.0008191362326207946  9.422481934579733e-06
355.45000000000005  -0.000819136162774858  9.422238825082464e-06
355.5  -0.0008191361010583  9.422016861249626e-06
355.55  -0.0008191360491240344  9.421801812834894e-06
355.6  -0.0008191360078409665  9.42157911614503e-06
355.65000000000003  -0.0008191359772502183  9.421334717475216e-06
355.70000000000005  -0.0008191359565647582  9.421055897442941e-06
355.75  -0.0008191359442215534  9.420732025068384e-06
355.8  -0.0008191359379833562  9.420355183642156e-06
355.85  -0.0008191359350666425  9.41992062668056e-06
355.90000000000003  -0.0008191359323253314  9.419427058380398e-06
355.95000000000005  -0.0008191359264321988  9.418876720513757e-06
356.0  -0.0008191359140837269  9.418275260754914e-06
356.05  -0.0008191358921953555  9.417631394452734e-06
356.1  -0.0008191358580858253  9.416956405102297e-06
356.15000000000003  -0.000819135809634214  9.416263471675622e-06
356.20000000000005  -0.0008191357454006065  9.4155668962278e-06
356.25  -0.0008191356647102137  9.414881254399005e-06
356.3  -0.0008191355676927439  9.414220527023524e-06
356.35  -0.0008191354552740746  9.413597277072093e-06
356.40000000000003  -0.000819135329127599  9.413021896048125e-06
356.45000000000005  -0.0008191351915802758  9.412501980873085e-06
356.5  -0.0008191350454869095  9.4120418867137e-06
356.55  -0.0008191348940734419  9.411642469520044e-06
356.6  -0.0008191347407555206  9.4113010217445e-06
356.65000000000003  -0.0008191345889555693  9.411011451851696e-06
356.70000000000005  -0.00081913444190598  9.41076465115181e-06
356.75  -0.0008191343024749165  9.410549024239218e-06
356.8  -0.0008191341729958245  9.410351205550922e-06
356.85  -0.000819134055133623  9.410156844062755e-06
356.90000000000003  -0.0008191339497851324  9.409951477693337e-06
356.95000000000005  -0.000819133857018074  9.409721384731943e-06
357.0  -0.0008191337760656303  9.409454396164295e-06
357.05  -0.000819133705361  9.409140624990105e-06
357.1  -0.0008191336426280298  9.408773045200473e-06
357.15000000000003  -0.000819133585004521  9.40834790012161e-06
357.20000000000005  -0.0008191335292223148  9.407864920519008e-06
357.25  -0.0008191334717898421  9.40732732865649e-06
357.3  -0.0008191334092154315  9.406741649520115e-06
357.35  -0.0008191333382247766  9.406117316636113e-06
357.40000000000003  -0.000819133255953877  9.405466110740915e-06
357.45000000000005  -0.0008191331601430068  9.40480147834362e-06
357.5  -0.000819133049271471  9.404137727907604e-06
357.55  -0.0008191329226548683  9.403489205882134e-06
357.6  -0.0008191327804870979  9.40286944925092e-06
357.65000000000003  -0.000819132623829897  9.402290402761235e-06
357.70000000000005  -0.0008191324545449698  9.401761725771137e-06
357.75  -0.0008191322751705966  9.401290219532353e-06
357.8  -0.0008191320887683613  9.400879440003254e-06
357.85  -0.0008191318987267857  9.400529488305643e-06
357.90000000000003  -0.0008191317085531098  9.400236999343664e-06
357.95000000000005  -0.0008191315216526567  9.399995335880877e-06
358.0  -0.0008191313411394719  9.39979497022441e-06
358.05  -0.0008191311696328393  9.399624045792793e-06
358.1  -0.0008191310091190054  9.399469070039209e-06
358.15000000000003  -0.0008191308608344422  9.399315696133402e-06
358.20000000000005  -0.0008191307251979425  9.399149581271952e-06
358.25  -0.0008191306018015686  9.398957236374998e-06
358.3  -0.0008191304894363705  9.398726819020205e-06
358.35  -0.0008191303861732219  9.39844885595629e-06
358.40000000000003  -0.0008191302894851784  9.39811680533047e-06
358.45000000000005  -0.000819130196400777  9.397727454184528e-06
358.5  -0.0008191301036778617  9.397281127535386e-06
358.55  -0.0008191300079900254  9.396781662775904e-06
358.6  -0.000819129906126923  9.396236198333302e-06
358.65000000000003  -0.0008191297951690582  9.395654746316342e-06
358.70000000000005  -0.0008191296726470906  9.395049591915251e-06
358.75  -0.0008191295366869799  9.394434557296314e-06
358.8  -0.0008191293861059577  9.393824175047446e-06
358.85  -0.0008191292204805235  9.393232800794385e-06
358.90000000000003  -0.0008191290401707251  9.392673759099288e-06
358.95000000000005  -0.0008191288462905166  9.392158534683314e-06
359.0  -0.0008191286406585178  9.391696081254139e-06
359.05  -0.0008191284256905349  9.391292279739886e-06
359.1  -0.000819128204261421  9.39094958389672e-06
359.15000000000003  -0.0008191279795570066  9.39066687367636e-06
359.20000000000005  -0.0008191277548761853  9.390439523897058e-06
359.25  -0.0008191275334511636  9.390259676107945e-06
359.3  -0.0008191273182601173  9.390116709265045e-06
359.35  -0.0008191271118508487  9.389997867233451e-06
359.40000000000003  -0.0008191269161875367  9.389889020619113e-06
359.45000000000005  -0.0008191267325319691  9.389775497325482e-06
359.5  -0.0008191265613655386  9.389642945878776e-06
359.55  -0.0008191264023625674  9.389478174972655e-06
359.6  -0.0008191262543988946  9.38926992968337e-06
359.65000000000003  -0.0008191261156255306  9.38900954416727e-06
359.70000000000005  -0.0008191259835738187  9.388691443051834e-06
359.75  -0.0008191258553106946  9.388313457864305e-06
359.8  -0.000819125727613646  9.387876944357758e-06
359.85  -0.0008191255971708915  9.387386699202522e-06
359.90000000000003  -0.0008191254607852825  9.386850651249101e-06
359.95000000000005  -0.0008191253155769329  9.386279409809967e-06
360.0  -0.0008191251591498979  9.385685618255413e-06
360.05  -0.0008191249897568864  9.38508319701947e-06
360.1  -0.0008191248064031653  9.384486531335162e-06
360.15000000000003  -0.0008191246089088265  9.383909611578511e-06
360.20000000000005  -0.0008191243979226248  9.383365197642595e-06
360.25  -0.0008191241748952364  9.382864057955772e-06
360.3  -0.0008191239419865332  9.38241432919438e-06
360.35  -0.0008191237019506574  9.382021018947704e-06
360.40000000000003  -0.0008191234579666498  9.381685701869672e-06
360.45000000000005  -0.0008191232134737175  9.381406408626733e-06
360.5  -0.0008191229719545898  9.381177736444957e-06
360.55  -0.000819122736753323  9.380991153995597e-06
360.6  -0.0008191225108807136  9.380835497677033e-06
360.65000000000003  -0.0008191222968526835  9.380697627868364e-06
360.70000000000005  -0.0008191220965427242  9.380563201162703e-06
360.75  -0.0008191219110893067  9.380417516638363e-06
360.8  -0.000819121740830733  9.380246381679078e-06
360.85  -0.0008191215852954899  9.38003695985783e-06
360.90000000000003  -0.0008191214432308675  9.379778517763717e-06
360.95000000000005  -0.000819121312687545  9.37946306852678e-06
361.0  -0.0008191211911277855  9.379085833441164e-06
361.05  -0.0008191210755837546  9.378645528283379e-06
361.1  -0.0008191209628416016  9.378144430028366e-06
361.15000000000003  -0.0008191208496267701  9.377588236046978e-06
361.20000000000005  -0.0008191207328131411  9.376985722901483e-06
361.25  -0.0008191206096172941  9.376348229581631e-06
361.3  -0.0008191204777709906  9.375688969751961e-06
361.35  -0.0008191203356782245  9.375022259680479e-06
361.40000000000003  -0.0008191201825151142  9.374362668278474e-06
361.45000000000005  -0.0008191200182945187  9.373724148003192e-06
361.5  -0.0008191198438776022  9.373119227363137e-06
361.55  -0.0008191196609306518  9.372558253816659e-06
361.6  -0.0008191194718225692  9.37204880031785e-06
361.65000000000003  -0.0008191192794956257  9.371595220367666e-06
361.70000000000005  -0.0008191190872784167  9.371198390761273e-06
361.75  -0.0008191188986845454  9.370855669899383e-06
361.8  -0.0008191187171962703  9.370561063640399e-06
361.85  -0.0008191185460528294  9.370305568333196e-06
361.90000000000003  -0.0008191183880502872  9.370077715158067e-06
361.95000000000005  -0.0008191182453749178  9.369864248010788e-06
362.0  -0.0008191181194695062  9.369650901160944e-06
362.05  -0.0008191180109572978  9.369423245335871e-06
362.1  -0.0008191179196094726  9.369167539224638e-06
362.15000000000003  -0.0008191178443657454  9.368871549096398e-06
362.20000000000005  -0.0008191177834063288  9.368525264343464e-06
362.25  -0.0008191177342695379  9.368121519531467e-06
362.3  -0.0008191176939997941  9.367656408512757e-06
362.35  -0.0008191176593355467  9.367129542138118e-06
362.40000000000003  -0.0008191176268941024  9.36654408118247e-06
362.45000000000005  -0.0008191175933777242  9.36590657274201e-06
362.5  -0.0008191175557518955  9.365226569985107e-06
362.55  -0.0008191175114276079  9.36451607875784e-06
362.6  -0.0008191174583932063  9.363788854674262e-06
362.65000000000003  -0.0008191173953291373  9.36305959412442e-06
362.70000000000005  -0.0008191173216683133  9.362343057555409e-06
362.75  -0.0008191172376283343  9.36165320387808e-06
362.8  -0.0008191171441826787  9.361002352779044e-06
362.85  -0.0008191170430093066  9.360400449828386e-06
362.90000000000003  -0.0008191169363800614  9.359854484938443e-06
362.95000000000005  -0.0008191168270398467  9.359368071316823e-06
363.0  -0.0008191167180401874  9.35894123798534e-06
363.05  -0.0008191166125704525  9.358570441175091e-06
363.1  -0.0008191165137747215  9.358248778293431e-06
363.15000000000003  -0.0008191164245596391  9.357966417938715e-06
363.20000000000005  -0.0008191163474296029  9.35771118787084e-06
363.25  -0.0008191162843276438  9.35746933124833e-06
363.3  -0.0008191162365206554  9.357226311202294e-06
363.35  -0.000819116204498265  9.356967706380384e-06
363.40000000000003  -0.0008191161879358717  9.356680061632628e-06
363.45000000000005  -0.0008191161856958052  9.356351699476477e-06
363.5  -0.0008191161958799241  9.355973409424633e-06
363.55  -0.0008191162159211929  9.355538991775861e-06
363.6  -0.000819116242725071  9.355045624746339e-06
363.65000000000003  -0.0008191162728425416  9.354494029571096e-06
363.70000000000005  -0.0008191163026731755  9.353888419935414e-06
363.75  -0.0008191163286785249  9.353236254745073e-06
363.8  -0.0008191163475868778  9.352547797847137e-06
363.85  -0.0008191163565963946  9.351835516198653e-06
363.90000000000003  -0.000819116353545635  9.351113346817608e-06
363.95000000000005  -0.0008191163370415205  9.350395887791282e-06
364.0  -0.000819116306537623  9.349697540447354e-06
364.05  -0.0008191162623716243  9.34903167117368e-06
364.1  -0.0008191162057266875  9.348409835211618e-06
364.15000000000003  -0.0008191161385591098  9.347841095772393e-06
364.20000000000005  -0.0008191160634678103  9.347331503867045e-06
364.25  -0.0008191159835256565  9.34688374098385e-06
364.3  -0.0008191159020884246  9.34649695990468e-06
364.35  -0.0008191158225841013  9.346166835980064e-06
364.40000000000003  -0.0008191157483066038  9.345885813157755e-06
364.45000000000005  -0.0008191156822159552  9.34564354847082e-06
364.5  -0.0008191156267617307  9.345427513234679e-06
364.55  -0.0008191155837412478  9.345223732294206e-06
364.6  -0.0008191155541965847  9.345017603296655e-06
364.65000000000003  -0.0008191155383529641  9.344794769527748e-06
364.70000000000005  -0.0008191155356164426  9.344541961383971e-06
364.75  -0.0008191155446062265  9.344247791340504e-06
364.8  -0.0008191155632394288  9.34390343265484e-06
364.85  -0.0008191155888530367  9.343503146125548e-06
364.90000000000003  -0.0008191156183654801  9.34304462402646e-06
364.95000000000005  -0.0008191156484468538  9.342529138253253e-06
365.0  -0.0008191156757176962  9.341961456968352e-06
365.05  -0.0008191156969429518  9.34134957067726e-06
365.1  -0.0008191157092199128  9.340704204027815e-06
365.15000000000003  -0.0008191157101444092  9.340038181172784e-06
365.20000000000005  -0.0008191156979579142  9.339365664906367e-06
365.25  -0.0008191156716443375  9.33870129856925e-06
365.3  -0.0008191156309990424  9.33805933574965e-06
365.35  -0.0008191155766435887  9.337452797014505e-06
365.40000000000003  -0.0008191155099973396  9.336892692883786e-06
365.45000000000005  -0.0008191154331978338  9.336387380936553e-06
365.5  -0.0008191153489851015  9.335942070071005e-06
365.55  -0.0008191152605360446  9.335558525050934e-06
365.6  -0.000819115171285494  9.335234970811544e-06
365.65000000000003  -0.0008191150847247075  9.334966206497896e-06
365.70000000000005  -0.0008191150041913696  9.334743915631843e-06
365.75  -0.0008191149326701618  9.33455717031797e-06
365.8  -0.0008191148726134134  9.334393076432571e-06
365.85  -0.00081911482579458  9.334237530560598e-06
365.90000000000003  -0.0008191147932036487  9.334076051263217e-06
365.95000000000005  -0.0008191147749827726  9.333894632219584e-06
366.0  -0.0008191147704208686  9.333680564093186e-06
366.05  -0.0008191147779940791  9.333423176710836e-06
366.1  -0.0008191147954646646  9.333114462486188e-06
366.15000000000003  -0.0008191148200207322  9.332749548800765e-06
366.20000000000005  -0.0008191148484457812  9.332326983126147e-06
366.25  -0.0008191148773229625  9.331848814901405e-06
366.3  -0.0008191149032365022  9.331320483478198e-06
366.35  -0.0008191149229810625  9.330750500953695e-06
366.40000000000003  -0.0008191149337529192  9.330149953168149e-06
366.45000000000005  -0.0008191149333148226  9.329531850890455e-06
366.5  -0.0008191149201253681  9.328910371143233e-06
366.55  -0.0008191148934188117  9.328300023258044e-06
366.6  -0.0008191148532515181  9.32771477706821e-06
366.65000000000003  -0.0008191148004933254  9.327167248828773e-06
366.70000000000005  -0.0008191147367666016  9.326667951406139e-06
366.75  -0.0008191146643489384  9.326224659105377e-06
366.8  -0.0008191145860421267  9.325841941785194e-06
366.85  -0.0008191145050122571  9.325520892973201e-06
366.90000000000003  -0.0008191144246003377  9.325259063980144e-06
366.95000000000005  -0.0008191143481375686  9.325050594837154e-06
367.0  -0.000819114278760801  9.32488657460085e-06
367.05  -0.0008191142192236243  9.32475557371146e-06
367.1  -0.000819114171750379  9.324644321564968e-06
367.15000000000003  -0.0008191141379000147  9.324538506747557e-06
367.20000000000005  -0.0008191141184756061  9.324423630010419e-06
367.25  -0.0008191141134721489  9.324285869949356e-06
367.3  -0.0008191141220636873  9.324112907756611e-06
367.35  -0.0008191141426426884  9.323894657814295e-06
367.40000000000003  -0.0008191141729009636  9.323623870629845e-06
367.45000000000005  -0.0008191142099549907  9.323296544891174e-06
367.5  -0.0008191142505033672  9.322912167943152e-06
367.55  -0.0008191142910079774  9.322473736617727e-06
367.6  -0.0008191143278988471  9.321987567503646e-06
367.65000000000003  -0.0008191143577803699  9.321462920186194e-06
367.70000000000005  -0.0008191143776259467  9.320911440867277e-06
367.75  -0.0008191143849658764  9.320346468570466e-06
367.8  -0.0008191143780310003  9.319782247292911e-06
367.85  -0.0008191143558592374  9.319233082285714e-06
367.90000000000003  -0.0008191143183512346  9.318712498327178e-06
367.95000000000005  -0.0008191142662807937  9.318232444631923e-06
368.0  -0.0008191142012378164  9.317802592416903e-06
368.05  -0.0008191141255254823  9.317429769276813e-06
368.1  -0.0008191140420114658  9.317117562632053e-06
368.15000000000003  -0.0008191139539420015  9.316866102500581e-06
368.20000000000005  -0.0008191138647243793  9.316672051639806e-06
368.25  -0.0008191137777174767  9.3165288043305e-06
368.3  -0.0008191136960056467  9.316426868874331e-06
368.35  -0.0008191136222066156  9.316354409038023e-06
368.40000000000003  -0.0008191135583061217  9.316297944989417e-06
368.45000000000005  -0.0008191135055360459  9.316243128894611e-06
368.5  -0.0008191134642966498  9.316175587361481e-06
368.55  -0.0008191134341419903  9.31608175140479e-06
368.6  -0.000819113413807235  9.315949659006138e-06
368.65000000000003  -0.0008191134012890178  9.315769653172007e-06
368.70000000000005  -0.0008191133939747969  9.315534952773243e-06
368.75  -0.0008191133887895105  9.315242052318267e-06
368.8  -0.0008191133823889399  9.314890935557601e-06
368.85  -0.0008191133713439001  9.31448507463992e-06
368.90000000000003  -0.0008191133523410607  9.314031235441167e-06
368.95000000000005  -0.0008191133223654491  9.313539069716976e-06
369.0  -0.0008191132788702206  9.313020554123125e-06
369.05  -0.0008191132199132297  9.312489255301998e-06
369.1  -0.0008191131442634699  9.311959538404265e-06
369.15000000000003  -0.0008191130514626449  9.311445691008208e-06
369.20000000000005  -0.0008191129418461098  9.310961057419848e-06
369.25  -0.0008191128165251336  9.310517239941745e-06
369.3  -0.0008191126773133612  9.310123386863448e-06
369.35  -0.0008191125266296183  9.309785636530104e-06
369.40000000000003  -0.000819112367355736  9.309506740730745e-06
369.45000000000005  -0.0008191122026746946  9.309285897546619e-06
369.5  -0.0008191120358868494  9.309118775627668e-06
369.55  -0.0008191118702210703  9.308997783088113e-06
369.6  -0.0008191117086507263  9.308912501484936e-06
369.65000000000003  -0.0008191115537136318  9.30885031138909e-06
369.70000000000005  -0.0008191114073678542  9.308797129599388e-06
369.75  -0.000819111270873295  9.30873824651153e-06
369.8  -0.0008191111447176138  9.308659184670363e-06
369.85  -0.0008191110285847929  9.30854656090393e-06
369.90000000000003  -0.0008191109213753778  9.30838885988361e-06
369.95000000000005  -0.000819110821270877  9.308177112605912e-06
370.0  -0.0008191107258408525  9.3079054145302e-06
370.05  -0.0008191106321959655  9.30757126175151e-06
370.1  -0.0008191105371633203  9.307175693856122e-06
370.15000000000003  -0.000819110437475268  9.30672322101611e-06
370.20000000000005  -0.0008191103299802976  9.30622155689083e-06
370.25  -0.0008191102118366699  9.305681146081304e-06
370.3  -0.0008191100806896863  9.305114554257823e-06
370.35  -0.0008191099348240035  9.304535720474076e-06
370.40000000000003  -0.0008191097732667291  9.303959128706255e-06
370.45000000000005  -0.0008191095958508133  9.303398956686483e-06
370.5  -0.0008191094032291571  9.30286822821045e-06
370.55  -0.0008191091968364616  9.302378052075092e-06
370.6  -0.0008191089788046869  9.30193694880985e-06
370.65000000000003  -0.0008191087518437511  9.30155034428368e-06
370.70000000000005  -0.0008191085190816816  9.301220246137488e-06
370.75  -0.000819108283886065  9.300945115732267e-06
370.8  -0.0008191080496765457  9.300719936853686e-06
370.85  -0.0008191078197341602  9.3005365184724e-06
370.90000000000003  -0.0008191075970187742  9.300383963118742e-06
370.95000000000005  -0.0008191073840149004  9.300249315707574e-06
371.0  -0.0008191071825885801  9.300118323838746e-06
371.05  -0.000819106993890465  9.299976280761684e-06
371.1  -0.0008191068183081223  9.299808906638334e-06
371.15000000000003  -0.0008191066554349632  9.299603196678092e-06
371.20000000000005  -0.0008191065041090679  9.29934820486267e-06
371.25  -0.0008191063624822525  9.299035692401014e-06
371.3  -0.0008191062281214191  9.298660620401839e-06
371.35  -0.0008191060981661733  9.29822145162378e-06
371.40000000000003  -0.000819105969488714  9.29772024836639e-06
371.45000000000005  -0.000819105838886491  9.297162540719724e-06
371.5  -0.0008191057032765086  9.296557003422878e-06
371.55  -0.000819105559886687  9.295914929577506e-06
371.6  -0.0008191054064290356  9.295249562083006e-06
371.65000000000003  -0.0008191052412481895  9.294575301645267e-06
371.70000000000005  -0.0008191050634343213  9.293906857032672e-06
371.75  -0.0008191048728852394  9.293258367642772e-06
371.8  -0.0008191046703301088  9.292642583093986e-06
371.85  -0.0008191044572954713  9.292070109450626e-06
371.90000000000003  -0.0008191042360240794  9.291548795722113e-06
371.95000000000005  -0.0008191040093448012  9.291083289682039e-06
372.0  -0.0008191037805070365  9.290674762814323e-06
372.05  -0.0008191035529879352  9.290320869018544e-06
372.1  -0.0008191033302773505  9.290015889710027e-06
372.15000000000003  -0.0008191031156743976  9.289751080700888e-06
372.20000000000005  -0.0008191029120822728  9.289515204754834e-06
372.25  -0.0008191027218255676  9.289295186609963e-06
372.3  -0.0008191025465200177  9.2890769066179e-06
372.35  -0.0008191023869691506  9.288846027118896e-06
372.40000000000003  -0.0008191022431206391  9.288588848833175e-06
372.45000000000005  -0.000819102114072777  9.288293111151436e-06
372.5  -0.0008191019981326347  9.287948737618924e-06
372.55  -0.0008191018929298557  9.287548429365148e-06
372.6  -0.0008191017955652405  9.287088105756382e-06
372.65000000000003  -0.0008191017027921365  9.286567161366868e-06
372.70000000000005  -0.0008191016112196086  9.285988512235653e-06
372.75  -0.000819101517514045  9.285358444573763e-06
372.8  -0.0008191014185991361  9.284686258624283e-06
372.85  -0.0008191013118432455  9.283983728179224e-06
372.90000000000003  -0.0008191011951958204  9.283264418579601e-06
372.95000000000005  -0.0008191010673110081  9.282542898404397e-06
373.0  -0.0008191009276220855  9.281833877074143e-06
373.05  -0.0008191007763450458  9.281151341230544e-06
373.1  -0.0008191006144840551  9.280507726783867e-06
373.15000000000003  -0.0008191004437581264  9.279913177593063e-06
373.20000000000005  -0.0008191002664959332  9.279374941037585e-06
373.25  -0.0008191000855081087  9.27889694131033e-06
373.3  -0.0008190999039264609  9.278479539085783e-06
373.35  -0.0008190997250277726  9.278119514612767e-06
373.40000000000003  -0.0008190995520496886  9.277810265620142e-06
373.45000000000005  -0.0008190993880062634  9.277542208528536e-06
373.5  -0.0008190992355233916  9.277303349892758e-06
373.55  -0.0008190990966801846  9.277080019056403e-06
373.6  -0.0008190989728898067  9.276857688646245e-06
373.65000000000003  -0.0008190988648121542  9.276621851904074e-06
373.70000000000005  -0.0008190987723061129  9.2763588930854e-06
373.75  -0.0008190986944302429  9.276056907759548e-06
373.8  -0.0008190986294906238  9.275706407291381e-06
373.85  -0.0008190985751277593  9.275300888599296e-06
373.90000000000003  -0.0008190985284555272  9.274837215341087e-06
373.95000000000005  -0.0008190984862223252  9.274315802894773e-06
374.0  -0.0008190984450054101  9.273740590032623e-06
374.05  -0.000819098401408294  9.273118799724579e-06
374.1  -0.0008190983522625382  9.272460517767097e-06
374.15000000000003  -0.0008190982948286953  9.271778084723645e-06
374.20000000000005  -0.0008190982269646538  9.271085363767744e-06
374.25  -0.0008190981472610482  9.270396935638354e-06
374.3  -0.0008190980551305268  9.269727234508408e-06
374.35  -0.0008190979508564519  9.269089705061097e-06
374.40000000000003  -0.0008190978355788835  9.268496015923423e-06
374.45000000000005  -0.0008190977112320348  9.26795537908615e-06
374.5  -0.000819097580426002  9.267474008468521e-06
374.55  -0.0008190974462967401  9.267054759583022e-06
374.6  -0.0008190973123062988  9.266696964770364e-06
374.65000000000003  -0.0008190971820401219  9.266396476726195e-06
374.70000000000005  -0.0008190970589826743  9.2661459033266e-06
374.75  -0.0008190969463146651  9.265935051147242e-06
374.8  -0.0008190968467195  9.265751521494179e-06
374.85  -0.0008190967622349461  9.265581433260859e-06
374.90000000000003  -0.0008190966941300791  9.265410252260386e-06
374.95000000000005  -0.0008190966428448749  9.265223634625521e-06
375.0  -0.0008190966079683594  9.265008281101879e-06
375.05  -0.0008190965882733341  9.264752720137019e-06
375.1  -0.00081909658180441  9.264447992503159e-06
375.15000000000003  -0.0008190965859924671  9.264088178154379e-06
375.20000000000005  -0.0008190965978163813  9.263670749010502e-06
375.25  -0.0008190966139767905  9.263196732044957e-06
375.3  -0.0008190966311033914  9.262670634742191e-06
375.35  -0.0008190966459425906  9.26210019090571e-06
375.40000000000003  -0.0008190966555516963  9.261495895591834e-06
375.45000000000005  -0.0008190966574802001  9.260870383147476e-06
375.5  -0.000819096649908186  9.260237680707231e-06
375.55  -0.0008190966317573001  9.259612361333584e-06
375.6  -0.0008190966027648912  9.259008687148291e-06
375.65000000000003  -0.0008190965635053234  9.258439751453186e-06
375.70000000000005  -0.0008190965153605369  9.257916707823294e-06
375.75  -0.0008190964604491414  9.257448099396384e-06
375.8  -0.000819096401509452  9.25703935992085e-06
375.85  -0.0008190963417420018  9.256692492978671e-06
375.90000000000003  -0.000819096284620675  9.256405960739221e-06
375.95000000000005  -0.0008190962336849191  9.256174784779553e-06
376.0  -0.0008190961923347759  9.255990844289652e-06
376.05  -0.0008190961636170806  9.255843367837486e-06
376.1  -0.0008190961500404129  9.255719572414246e-06
376.15000000000003  -0.0008190961534213267  9.25560542635001e-06
376.20000000000005  -0.0008190961747674242  9.25548647392365e-06
376.25  -0.0008190962142115493  9.255348691245046e-06
376.3  -0.0008190962710051918  9.255179304323347e-06
376.35  -0.0008190963435511234  9.25496753679633e-06
376.40000000000003  -0.0008190964295077424  9.254705243874248e-06
376.45000000000005  -0.0008190965259237094  9.254387383330048e-06
376.5  -0.0008190966294143597  9.254012310412662e-06
376.55  -0.0008190967363691087  9.253581874187262e-06
376.6  -0.0008190968431623336  9.253101309422956e-06
376.65000000000003  -0.0008190969463743044  9.252578931448095e-06
376.70000000000005  -0.0008190970429900219  9.252025652000772e-06
376.75  -0.0008190971305638373  9.25145433517164e-06
376.8  -0.0008190972073686023  9.250879055065753e-06
376.85  -0.000819097272473771  9.250314257802975e-06
376.90000000000003  -0.0008190973257828948  9.249773919743414e-06
376.95000000000005  -0.0008190973680258968  9.249270713375998e-06
377.0  -0.0008190974006912754  9.248815264504889e-06
377.05  -0.0008190974259290442  9.248415514336809e-06
377.1  -0.0008190974464018471  9.248076246388655e-06
377.15000000000003  -0.0008190974651159132  9.247798785547677e-06
377.20000000000005  -0.0008190974852454174  9.247580928649357e-06
377.25  -0.0008190975099343333  9.24741705022518e-06
377.3  -0.0008190975421105721  9.24729843977375e-06
377.35  -0.0008190975843182069  9.247213809126533e-06
377.40000000000003  -0.0008190976385626574  9.247149954294195e-06
377.45000000000005  -0.0008190977061905388  9.247092554584536e-06
377.5  -0.0008190977878002997  9.247027005637731e-06
377.55  -0.0008190978832022374  9.246939302786673e-06
377.6  -0.0008190979914112866  9.24681686947286e-06
377.65000000000003  -0.0008190981106882386  9.246649308151163e-06
377.70000000000005  -0.0008190982386264548  9.246429012844753e-06
377.75  -0.0008190983722666086  9.246151627406675e-06
377.8  -0.0008190985082585216  9.24581628914138e-06
377.85  -0.0008190986430324074  9.245425682669409e-06
377.90000000000003  -0.0008190987729946989  9.244985859528502e-06
377.95000000000005  -0.0008190988947317893  9.244505879336192e-06
378.0  -0.0008190990051923161  9.243997258465294e-06
378.05  -0.0008190991018613151  9.243473280923166e-06
378.1  -0.0008190991829029321  9.242948194897941e-06
378.15000000000003  -0.0008190992472614306  9.242436373639714e-06
378.20000000000005  -0.0008190992947223565  9.241951462582009e-06
378.25  -0.0008190993259078743  9.24150556674548e-06
378.3  -0.0008190993422416646  9.241108539033665e-06
378.35  -0.0008190993458499762  9.240767407190298e-06
378.40000000000003  -0.0008190993394192077  9.240485953401745e-06
378.45000000000005  -0.0008190993260265315  9.24026449820555e-06
378.5  -0.0008190993089334137  9.240099886914481e-06
378.55  -0.0008190992913820145  9.23998566589989e-06
378.6  -0.0008190992763881141  9.239912458706219e-06
378.65000000000003  -0.0008190992665441246  9.239868514517979e-06
378.70000000000005  -0.0008190992638601413  9.239840386671139e-06
378.75  -0.0008190992696318071  9.239813710612533e-06
378.8  -0.0008190992843553631  9.239774049162736e-06
378.85  -0.0008190993077033019  9.239707717491785e-06
378.90000000000003  -0.0008190993385300694  9.239602593931972e-06
378.95000000000005  -0.0008190993749525316  9.239448824203468e-06
379.0  -0.0008190994144587014  9.239239395205886e-06
379.05  -0.0008190994540692598  9.238970553740304e-06
379.1  -0.000819099490501439  9.238642032648138e-06
379.15000000000003  -0.00081909952038277  9.238257063048211e-06
379.20000000000005  -0.0008190995404342946  9.237822197415667e-06
379.25  -0.0008190995476707939  9.237346919459244e-06
379.3  -0.0008190995395646772  9.236843078185095e-06
379.35  -0.0008190995141901266  9.23632419529087e-06
379.40000000000003  -0.0008190994703296045  9.23580464545163e-06
379.45000000000005  -0.0008190994075355491  9.23529880410127e-06
379.5  -0.0008190993261533059  9.234820184411924e-06
379.55  -0.0008190992272964141  9.23438062028247e-06
379.6  -0.0008190991127858862  9.233989555178452e-06
379.65000000000003  -0.0008190989850433724  9.233653462603782e-06
379.70000000000005  -0.0008190988469501571  9.233375452704501e-06
379.75  -0.0008190987016970964  9.233155083912602e-06
379.8  -0.0008190985525913122  9.232988376724075e-06
379.85  -0.0008190984028849745  9.232868053756448e-06
379.90000000000003  -0.000819098255580813  9.232783956432508e-06
379.95000000000005  -0.0008190981132693921  9.232723661670161e-06
380.0  -0.00081909797797942  9.232673210209335e-06
380.05  -0.000819097851059636  9.232617939595078e-06
380.1  -0.000819097733100755  9.232543340280722e-06
380.15000000000003  -0.0008190976239062025  9.232435924570932e-06
380.20000000000005  -0.0008190975224957207  9.23228401079456e-06
380.25  -0.0008190974271657402  9.232078420832296e-06
380.3  -0.0008190973355901161  9.231813007482687e-06
380.35  -0.0008190972449648269  9.23148500150408e-06
380.40000000000003  -0.0008190971521743019  9.231095190508532e-06
380.45000000000005  -0.0008190970539862412  9.230647842008058e-06
380.5  -0.0008190969472490918  9.230150460878502e-06
380.55  -0.000819096829093221  9.229613335415472e-06
380.6  -0.0008190966971016439  9.22904892574673e-06
380.65000000000003  -0.0008190965494731438  9.228471133368552e-06
380.70000000000005  -0.000819096385135409  9.227894480848546e-06
380.75  -0.0008190962038190908  9.227333254874107e-06
380.8  -0.0008190960060816948  9.226800672563714e-06
380.85  -0.000819095793271319  9.226308095564126e-06
380.90000000000003  -0.0008190955674684834  9.225864365110161e-06
380.95000000000005  -0.0008190953313466157  9.225475275492323e-06
381.0  -0.0008190950880300536  9.225143228326952e-06
381.05  -0.0008190948409101408  9.224867090349125e-06
381.1  -0.0008190945934489839  9.224642256032813e-06
381.15000000000003  -0.0008190943489764916  9.22446091467259e-06
381.20000000000005  -0.0008190941105149516  9.224312510313043e-06
381.25  -0.0008190938805959728  9.224184368162832e-06
381.3  -0.0008190936611350789  9.224062443094917e-06
381.35  -0.000819093453322322  9.223932160646459e-06
381.40000000000003  -0.0008190932575743592  9.223779277247701e-06
381.45000000000005  -0.0008190930735089829  9.2235907391201e-06
381.5  -0.0008190928999853387  9.223355459161715e-06
381.55  -0.0008190927351695742  9.223064984889475e-06
381.6  -0.000819092576652933  9.222714007528043e-06
381.65000000000003  -0.0008190924215887606  9.222300677891575e-06
381.70000000000005  -0.0008190922668596148  9.221826735212636e-06
381.75  -0.0008190921092663065  9.221297395323007e-06
381.8  -0.0008190919457135647  9.220721048761385e-06
381.85  -0.0008190917733925532  9.220108762657405e-06
381.90000000000003  -0.0008190915899557676  9.219473623939419e-06
381.95000000000005  -0.0008190913936633401  9.2188299643934e-06
382.0  -0.0008190911834966205  9.21819251024393e-06
382.05  -0.000819090959236167  9.217575508601661e-06
382.1  -0.0008190907214846755  9.216991882837083e-06
382.15000000000003  -0.0008190904716486262  9.21645247542555e-06
382.20000000000005  -0.0008190902118681667  9.2159654066739e-06
382.25  -0.0008190899448963057  9.21553560510836e-06
382.3  -0.0008190896739516118  9.21516453675469e-06
382.35  -0.0008190894025185384  9.214850120369293e-06
382.40000000000003  -0.0008190891341508887  9.214586877822066e-06
382.45000000000005  -0.0008190888722490891  9.214366258036063e-06
382.5  -0.0008190886198614891  9.214177173109961e-06
382.55  -0.0008190883794902255  9.214006644882354e-06
382.6  -0.0008190881529395213  9.213840604759297e-06
382.65000000000003  -0.000819087941207977  9.213664703838298e-06
382.70000000000005  -0.0008190877444252411  9.213465181081692e-06
382.75  -0.000819087561849001  9.213229675677885e-06
382.8  -0.0008190873919135751  9.212947959005e-06
382.85  -0.000819087232332723  9.212612534242165e-06
382.90000000000003  -0.0008190870802458417  9.212219095378212e-06
382.95000000000005  -0.0008190869323948051  9.21176678366799e-06
383.0  -0.0008190867853380226  9.21125824223908e-06
383.05  -0.0008190866356541234  9.21069947357005e-06
383.1  -0.0008190864801637822  9.210099503769646e-06
383.15000000000003  -0.0008190863161176537  9.209469849712128e-06
383.20000000000005  -0.0008190861413649447  9.208823856689057e-06
383.25  -0.0008190859544828083  9.2081759090868e-06
383.3  -0.0008190857548589146  9.207540598302894e-06
383.35  -0.0008190855427233611  9.206931852494792e-06
383.40000000000003  -0.0008190853191332944  9.206362116875324e-06
383.45000000000005  -0.0008190850859011211  9.205841607375456e-06
383.5  -0.0008190848454967123  9.205377716183286e-06
383.55  -0.0008190846008984833  9.204974557716931e-06
383.6  -0.0008190843554252082  9.2046327268508e-06
383.65000000000003  -0.000819084112555945  9.20434926249714e-06
383.70000000000005  -0.000819083875722438  9.204117825017933e-06
383.75  -0.0008190836481362507  9.203929063310388e-06
383.8  -0.0008190834326038331  9.20377117641705e-06
383.85  -0.0008190832313719792  9.203630621033854e-06
383.90000000000003  -0.0008190830460149207  9.203492916647332e-06
383.95000000000005  -0.0008190828773379515  9.203343513419261e-06
384.0  -0.0008190827253411688  9.203168662412541e-06
384.05  -0.0008190825892180957  9.20295623047223e-06
384.1  -0.000819082467404175  9.20269643098074e-06
384.15000000000003  -0.0008190823576673284  9.202382400524262e-06
384.20000000000005  -0.0008190822572361893  9.20201060768686e-06
384.25  -0.0008190821629682932  9.201581055878565e-06
384.3  -0.0008190820715300658  9.201097288993724e-06
384.35  -0.0008190819796142797  9.200566164429365e-06
384.40000000000003  -0.0008190818841311938  9.199997453345063e-06
384.45000000000005  -0.0008190817824191528  9.199403242678714e-06
384.5  -0.0008190816724023682  9.198797227938696e-06
384.55  -0.0008190815527373561  9.198193895167909e-06
384.6  -0.0008190814229036996  9.197607659197334e-06
384.65000000000003  -0.0008190812832449432  9.197052020344263e-06
384.70000000000005  -0.0008190811349619543  9.196538765286993e-06
384.75  -0.0008190809800427497  9.196077274458477e-06
384.8  -0.0008190808211488016  9.195673976362386e-06
384.85  -0.0008190806614607982  9.195331965993576e-06
384.90000000000003  -0.0008190805044889294  9.19505082776315e-06
384.95000000000005  -0.0008190803538611609  9.19482666155466e-06
385.0  -0.0008190802131061171  9.194652300018166e-06
385.05  -0.0008190800854536866  9.19451773133905e-06
385.1  -0.000819079973638464  9.19441069115439e-06
385.15000000000003  -0.000819079879751431  9.194317367285142e-06
385.20000000000005  -0.0008190798051207274  9.194223227245195e-06
385.25  -0.0008190797502416607  9.194113855844803e-06
385.3  -0.0008190797147589444  9.193975815975121e-06
385.35  -0.0008190796974984881  9.193797437814571e-06
385.40000000000003  -0.0008190796965453083  9.193569515830767e-06
385.45000000000005  -0.0008190797093645959  9.193285848587644e-06
385.5  -0.0008190797329608645  9.192943613683924e-06
385.55  -0.0008190797640557595  9.192543542519143e-06
385.6  -0.0008190797992869951  9.192089872246028e-06
385.65000000000003  -0.0008190798353996902  9.191590101698924e-06
385.70000000000005  -0.0008190798694395337  9.191054545670038e-06
385.75  -0.0008190798989252767  9.19049571628677e-06
385.8  -0.0008190799219829771  9.189927579274725e-06
385.85  -0.0008190799374620836  9.189364712784871e-06
385.90000000000003  -0.0008190799449953413  9.188821445270238e-06
385.95000000000005  -0.0008190799450159588  9.188310986610413e-06
386.0  -0.0008190799387419954  9.187844644589641e-06
386.05  -0.0008190799281043358  9.187431148643607e-06
386.1  -0.0008190799156302753  9.187076142235114e-06
386.15000000000003  -0.0008190799043009277  9.186781840801414e-06
386.20000000000005  -0.000819079897376831  9.18654690742148e-06
386.25  -0.0008190798981968689  9.186366547493966e-06
386.3  -0.0008190799099785957  9.186232787999384e-06
386.35  -0.0008190799356202759  9.186134960868114e-06
386.40000000000003  -0.0008190799775138289  9.186060351987517e-06
386.45000000000005  -0.0008190800373873973  9.18599494145625e-06
386.5  -0.0008190801161916529  9.18592424543202e-06
386.55  -0.0008190802140223374  9.185834165120537e-06
386.6  -0.0008190803301029854  9.185711820165082e-06
386.65000000000003  -0.0008190804628078592  9.185546303675787e-06
386.70000000000005  -0.0008190806097483545  9.1853293071757e-06
386.75  -0.0008190807679085495  9.185055616978566e-06
386.8  -0.0008190809338110619  9.184723399732991e-06
386.85  -0.0008190811037180185  9.184334319059496e-06
386.90000000000003  -0.0008190812738500578  9.183893418284188e-06
386.95000000000005  -0.0008190814405973439  9.18340883657783e-06
387.0  -0.0008190816007344153  9.182891320555172e-06
387.05  -0.0008190817515981647  9.182353601970995e-06
387.1  -0.0008190818912361274  9.181809652669811e-06
387.15000000000003  -0.0008190820185011445  9.181273867627177e-06
387.20000000000005  -0.0008190821331007736  9.180760220155832e-06
387.25  -0.0008190822355938173  9.180281445973423e-06
387.3  -0.0008190823273277251  9.17984829086648e-06
387.35  -0.000819082410339852  9.179468871587933e-06
387.40000000000003  -0.000819082487206414  9.17914819040255e-06
387.45000000000005  -0.0008190825608713921  9.178887846060329e-06
387.5  -0.0008190826344525831  9.178685909804634e-06
387.55  -0.0008190827110478316  9.178537038539167e-06
387.6  -0.0008190827935314074  9.17843278853297e-06
387.65000000000003  -0.0008190828843890881  9.178362096438973e-06
387.70000000000005  -0.0008190829855583032  9.178311933524894e-06
387.75  -0.0008190830983156161  9.178268079490341e-06
387.8  -0.0008190832231929646  9.178215958063267e-06
387.85  -0.0008190833599428517  9.178141505939764e-06
387.90000000000003  -0.0008190835075369794  9.178032001878672e-06
387.95000000000005  -0.0008190836642230617  9.177876834582993e-06
388.0  -0.0008190838276119556  9.177668128688846e-06
388.05  -0.0008190839947984824  9.177401218043893e-06
388.1  -0.0008190841625120204  9.177074913865554e-06
388.15000000000003  -0.0008190843272926459  9.176691588914454e-06
388.20000000000005  -0.0008190844856724224  9.176257019566174e-06
388.25  -0.0008190846343604059  9.175780048870596e-06
388.3  -0.0008190847704202692  9.175272057582889e-06
388.35  -0.0008190848914334048  9.174746279397793e-06
388.40000000000003  -0.000819084995628652  9.174217016831511e-06
388.45000000000005  -0.0008190850819916169  9.173698785534443e-06
388.5  -0.000819085150308723  9.173205463305998e-06
388.55  -0.0008190852011891017  9.17274945298448e-06
388.6  -0.000819085236019935  9.172340950683484e-06
388.65000000000003  -0.0008190852568914058  9.171987352950251e-06
388.70000000000005  -0.0008190852664643297  9.171692815480642e-06
388.75  -0.0008190852677973937  9.17145801341559e-06
388.8  -0.0008190852641677681  9.171280103207322e-06
388.85  -0.0008190852588544501  9.17115288933811e-06
388.90000000000003  -0.0008190852549355128  9.171067192619508e-06
388.95000000000005  -0.0008190852550911868  9.17101138504762e-06
389.0  -0.0008190852614324369  9.17097207930569e-06
389.05  -0.0008190852753595379  9.170934900299505e-06
389.1  -0.0008190852974821433  9.170885334505003e-06
389.15000000000003  -0.0008190853275783364  9.170809572683057e-06
389.20000000000005  -0.0008190853646076549  9.170695324608406e-06
389.25  -0.0008190854067763954  9.170532532737385e-06
389.3  -0.0008190854516467047  9.170313954844403e-06
389.35  -0.0008190854962970206  9.170035605878457e-06
389.40000000000003  -0.0008190855374909174  9.16969697754746e-06
389.45000000000005  -0.0008190855718738511  9.169301083485678e-06
389.5  -0.000819085596177042  9.168854271854364e-06
389.55  -0.0008190856074155826  9.168365858871889e-06
389.6  -0.000819085603058841  9.167847589630997e-06
389.65000000000003  -0.0008190855811765708  9.167312931111175e-06
389.70000000000005  -0.000819085540550968  9.166776282476465e-06
389.75  -0.0008190854807460003  9.166252121529939e-06
389.8  -0.0008190854021302331  9.16575413929593e-06
389.85  -0.0008190853058502226  9.165294420207396e-06
389.90000000000003  -0.0008190851937680601  9.164882711980532e-06
389.95000000000005  -0.0008190850683548326  9.164525843430521e-06
390.0  -0.0008190849325488566  9.16422731714133e-06
390.05  -0.0008190847895948306  9.163987079199376e-06
390.1  -0.0008190846428677121  9.163801533291203e-06
390.15000000000003  -0.0008190844956795466  9.163663750595685e-06
390.20000000000005  -0.0008190843510931179  9.163563865029287e-06
390.25  -0.0008190842117581974  9.16348968318687e-06
390.3  -0.0008190840797550376  9.163427395193964e-06
390.35  -0.0008190839564785818  9.163362400811041e-06
390.40000000000003  -0.0008190838425612065  9.163280181891326e-06
390.45000000000005  -0.000819083737833552  9.163167158096467e-06
390.5  -0.0008190836413399488  9.163011503051299e-06
390.55  -0.0008190835513922538  9.162803825863352e-06
390.6  -0.0008190834656669734  9.162537730248517e-06
390.65000000000003  -0.0008190833813458569  9.162210187482712e-06
390.70000000000005  -0.0008190832952848755  9.161821707860543e-06
390.75  -0.0008190832042094159  9.161376302360084e-06
390.8  -0.000819083104909916  9.160881243360972e-06
390.85  -0.0008190829944541122  9.160346633262811e-06
390.90000000000003  -0.0008190828703554908  9.159784796123065e-06
390.95000000000005  -0.0008190827307439152  9.15920956061952e-06
391.0  -0.0008190825744881226  9.158635442141501e-06
391.05  -0.0008190824012617345  9.158076793018663e-06
391.1  -0.0008190822115746514  9.157546963472867e-06
391.15000000000003  -0.00081908200674227  9.157057508260612e-06
391.20000000000005  -0.0008190817888110134  9.156617524206864e-06
391.25  -0.0008190815604360892  9.156233125508662e-06
391.3  -0.0008190813247188477  9.155907068530045e-06
391.35  -0.0008190810850344101  9.15563860355898e-06
391.40000000000003  -0.0008190808448223933  9.155423526376787e-06
391.45000000000005  -0.000819080607398205  9.155254403694349e-06
391.5  -0.0008190803757645978  9.155121030520732e-06
391.55  -0.0008190801524398698  9.155011017623611e-06
391.6  -0.0008190799393292902  9.154910526438034e-06
391.65000000000003  -0.0008190797376177267  9.154805092627589e-06
391.70000000000005  -0.0008190795477129672  9.154680481030832e-06
391.75  -0.000819079369231345  9.154523548948919e-06
391.8  -0.0008190792010271308  9.154323019241171e-06
391.85  -0.0008190790412658735  9.1540701701126e-06
391.90000000000003  -0.0008190788875358725  9.153759360349583e-06
391.95000000000005  -0.0008190787369905338  9.153388380851919e-06
392.0  -0.0008190785865156239  9.15295858863708e-06
392.05  -0.0008190784329130213  9.152474846232982e-06
392.1  -0.0008190782730919381  9.151945225317716e-06
392.15000000000003  -0.0008190781042385363  9.151380537712338e-06
392.20000000000005  -0.0008190779239967936  9.150793700120905e-06
392.25  -0.0008190777306008988  9.150198952047523e-06
392.3  -0.0008190775229838678  9.149611012199891e-06
392.35  -0.0008190773008536518  9.149044205034994e-06
392.40000000000003  -0.0008190770647158751  9.148511603439572e-06
392.45000000000005  -0.0008190768158611032  9.148024253227195e-06
392.5  -0.0008190765562987644  9.147590522504308e-06
392.55  -0.0008190762886491629  9.14721561442284e-06
392.6  -0.0008190760160047561  9.146901258064296e-06
392.65000000000003  -0.0008190757417481082  9.1466456263096e-06
392.70000000000005  -0.0008190754693689988  9.146443457795682e-06
392.75  -0.0008190752022493333  9.14628637690778e-06
392.8  -0.0008190749434684173  9.146163401854896e-06
392.85  -0.000819074695614933  9.146061617142402e-06
392.90000000000003  -0.0008190744606333774  9.1459669355825e-06
392.95000000000005  -0.000819074239701985  9.145864938064322e-06
393.0  -0.0008190740331594348  9.145741732576843e-06
393.05  -0.0008190738404828244  9.145584770753746e-06
393.1  -0.0008190736603211766  9.145383598947211e-06
393.15000000000003  -0.0008190734905775476  9.145130457783581e-06
393.20000000000005  -0.0008190733285469927  9.144820749344457e-06
393.25  -0.0008190731710865483  9.144453304193978e-06
393.3  -0.0008190730148151199  9.144030448272693e-06
393.35  -0.000819072856330664  9.143557873094593e-06
393.40000000000003  -0.0008190726924217429  9.143044296757862e-06
393.45000000000005  -0.0008190725202762043  9.14250095475843e-06
393.5  -0.0008190723376520355  9.141940944640075e-06
393.55  -0.0008190721430139357  9.141378454214201e-06
393.6  -0.0008190719356354883  9.14082792290822e-06
393.65000000000003  -0.00081907171563818  9.140303193125917e-06
393.70000000000005  -0.0008190714839878167  9.13981669164901e-06
393.75  -0.000819071242433135  9.139378689895436e-06
393.8  -0.0008190709934131763  9.138996687305069e-06
393.85  -0.0008190707399084071  9.138674961264837e-06
393.90000000000003  -0.0008190704852752256  9.138414300216861e-06
393.95000000000005  -0.0008190702330558915  9.13821195451612e-06
394.0  -0.0008190699867775308  9.138061784502759e-06
394.05  -0.0008190697497637414  9.13795461931371e-06
394.1  -0.0008190695249438415  9.137878793482527e-06
394.15000000000003  -0.0008190693146986122  9.13782084531608e-06
394.20000000000005  -0.0008190691207337371  9.137766299061306e-06
394.25  -0.0008190689439858701  9.137700539756512e-06
394.3  -0.0008190687845865548  9.137609669923694e-06
394.35  -0.0008190686418527224  9.137481336752022e-06
394.40000000000003  -0.0008190685143406609  9.137305477263159e-06
394.45000000000005  -0.0008190683999336517  9.137074895318995e-06
394.5  -0.0008190682959751123  9.136785693167836e-06
394.55  -0.0008190681994260817  9.136437499071234e-06
394.6  -0.0008190681070498779  9.136033476079522e-06
394.65000000000003  -0.0008190680156101839  9.135580123486209e-06
394.70000000000005  -0.000819067922070343  9.135086893934607e-06
394.75  -0.00081906782377788  9.134565617304456e-06
394.8  -0.0008190677186407625  9.134029793865669e-06
394.85  -0.0008190676052606677  9.13349379236901e-06
394.90000000000003  -0.0008190674830251107  9.132971993759372e-06
394.95000000000005  -0.0008190673521640958  9.132477944762346e-06
395.0  -0.0008190672137475093  9.132023539373054e-06
395.05  -0.0008190670696332376  9.13161834001407e-06
395.1  -0.0008190669223555148  9.131268989912705e-06
395.15000000000003  -0.0008190667749856811  9.1309788407747e-06
395.20000000000005  -0.0008190666309448232  9.130747743102668e-06
395.25  -0.0008190664937984685  9.130572060862211e-06
395.3  -0.0008190663670439684  9.130444878862904e-06
395.35  -0.0008190662538952013  9.130356410811335e-06
395.40000000000003  -0.0008190661570926576  9.130294570555437e-06
395.45000000000005  -0.0008190660787370666  9.130245673593111e-06
395.5  -0.0008190660201695768  9.130195250939971e-06
395.55  -0.0008190659818987997  9.1301288827017e-06
395.6  -0.0008190659635699528  9.130033064675119e-06
395.65000000000003  -0.0008190659639982999  9.129895978813793e-06
395.70000000000005  -0.0008190659812474714  9.129708213731556e-06
395.75  -0.0008190660127501039  9.129463305947725e-06
395.8  -0.0008190660554606728  9.129158130410757e-06
395.85  -0.0008190661060401383  9.128793098909854e-06
395.90000000000003  -0.0008190661610477678  9.12837212421096e-06
395.95000000000005  -0.0008190662171454872  9.127902401533214e-06
396.0  -0.0008190662712861689  9.127393991668984e-06
396.05  -0.0008190663208832786  9.126859219491272e-06
396.1  -0.0008190663639564877  9.126311946470534e-06
396.15000000000003  -0.0008190663992368263  9.125766755032315e-06
396.20000000000005  -0.0008190664262399032  9.12523807029646e-06
396.25  -0.0008190664452751547  9.124739300540494e-06
396.3  -0.000819066457436103  9.124282040003117e-06
396.35  -0.0008190664645169537  9.123875371799665e-06
396.40000000000003  -0.000819066468915183  9.123525329400735e-06
396.45000000000005  -0.0008190664734833512  9.12323453423371e-06
396.5  -0.0008190664813560769  9.123002047700646e-06
396.55  -0.0008190664957598844  9.122823419173203e-06
396.6  -0.0008190665198238341  9.122690973081566e-06
396.65000000000003  -0.0008190665563766013  9.122594261870261e-06
396.70000000000005  -0.0008190666077690972  9.122520695615936e-06
396.75  -0.0008190666757290474  9.122456296034999e-06
396.8  -0.0008190667612254835  9.122386533304576e-06
396.85  -0.0008190668644106116  9.122297186962727e-06
396.90000000000003  -0.000819066984576701  9.122175192778225e-06
396.95000000000005  -0.0008190671201852011  9.12200941510159e-06
397.0  -0.0008190672689342336  9.121791299388925e-06
397.05  -0.0008190674278818592  9.121515374123758e-06
397.1  -0.0008190675936067717  9.121179573664704e-06
397.15000000000003  -0.0008190677623977675  9.120785344078337e-06
397.20000000000005  -0.0008190679304685186  9.120337563503999e-06
397.25  -0.0008190680941770261  9.119844259501643e-06
397.3  -0.000819068250233746  9.119316122038518e-06
397.35  -0.0008190683958992053  9.118765890421521e-06
397.40000000000003  -0.000819068529132948  9.118207610613071e-06
397.45000000000005  -0.0008190686487039049  9.117655807806498e-06
397.5  -0.0008190687542491088  9.117124645156502e-06
397.55  -0.0008190688462778326  9.1166270923135e-06
397.6  -0.0008190689261173649  9.116174177662946e-06
397.65000000000003  -0.0008190689958082292  9.115774329288484e-06
397.70000000000005  -0.000819069057963888  9.115432895137133e-06
397.75  -0.0008190691155884774  9.115151822644812e-06
397.8  -0.0008190691718828885  9.114929535944697e-06
397.85  -0.0008190692300398725  9.11476103130737e-06
397.90000000000003  -0.0008190692930423378  9.114638158524892e-06
397.95000000000005  -0.0008190693634873415  9.114550096375957e-06
398.0  -0.0008190694434247983  9.114483985351424e-06
398.05  -0.000819069534232487  9.114425684875974e-06
398.1  -0.0008190696365397468  9.114360608773048e-06
398.15000000000003  -0.0008190697501809508  9.114274582314955e-06
398.20000000000005  -0.0008190698742100946  9.114154690362903e-06
398.25  -0.0008190700069441286  9.113990049007125e-06
398.3  -0.0008190701460544757  9.113772455767474e-06
398.35  -0.0008190702886941607  9.113496888695925e-06
398.40000000000003  -0.0008190704316477947  9.113161798785137e-06
398.45000000000005  -0.0008190705715106391  9.112769218092682e-06
398.5  -0.000819070704875343  9.112324638274626e-06
398.55  -0.0008190708285208214  9.111836678274963e-06
398.6  -0.0008190709395836599  9.111316587262822e-06
398.65000000000003  -0.000819071035730685  9.110777551233685e-06
398.70000000000005  -0.0008190711152763222  9.11023392629641e-06
398.75  -0.0008190711772842016  9.109700370379405e-06
398.8  -0.000819071221619181  9.109190974419313e-06
398.85  -0.0008190712489559658  9.108718423970889e-06
398.90000000000003  -0.0008190712607381543  9.10829324809949e-06
398.95000000000005  -0.0008190712590913477  9.107923201591732e-06
399.0  -0.000819071246698757  9.107612805193802e-06
399.05  -0.0008190712266437837  9.107363095782884e-06
399.1  -0.0008190712022147186  9.107171558991574e-06
399.15000000000003  -0.0008190711767198872  9.10703228934552e-06
399.20000000000005  -0.0008190711532750433  9.106936341445396e-06
399.25  -0.0008190711346174034  9.106872256412326e-06
399.3  -0.000819071122933757  9.106826741933096e-06
399.35  -0.0008190711197291607  9.106785453877005e-06
399.40000000000003  -0.0008190711257292689  9.106733830191644e-06
399.45000000000005  -0.000819071140831408  9.106657948863622e-06
399.5  -0.0008190711641148577  9.106545342524438e-06
399.55  -0.0008190711938914503  9.10638573049479e-06
399.6  -0.0008190712278126693  9.106171613606183e-06
399.65000000000003  -0.0008190712630147742  9.105898719982577e-06
399.70000000000005  -0.0008190712962951798  9.105566260983662e-06
399.75  -0.000819071324309553  9.105176968642135e-06
399.8  -0.0008190713437770348  9.104736951435002e-06
399.85  -0.0008190713516738992  9.104255332878118e-06
399.90000000000003  -0.0008190713454213383  9.103743714072637e-06
399.95000000000005  -0.0008190713230316932  9.103215493046365e-06
400.0  -0.0008190712832263881  9.102685071249168e-06
400.05  -0.0008190712255083051  9.102167006592348e-06
400.1  -0.0008190711501909184  9.10167514204304e-06
400.15000000000003  -0.0008190710583700953  9.101221778120248e-06
400.20000000000005  -0.0008190709518707841  9.100816943336822e-06
400.25  -0.0008190708331377392  9.100467782267841e-06
400.3  -0.0008190707050972257  9.100178134808395e-06
400.35  -0.0008190705709951559  9.099948295562019e-06
400.40000000000003  -0.0008190704342165309  9.099774997049434e-06
400.45000000000005  -0.0008190702980967326  9.099651606355287e-06
400.5  -0.0008190701657375483  9.099568507436808e-06
400.55  -0.0008190700398390076  9.099513691340484e-06
400.6  -0.0008190699225430563  9.099473472722443e-06
400.65000000000003  -0.0008190698153209076  9.099433307206998e-06
400.70000000000005  -0.0008190697188905687  9.099378663704385e-06
400.75  -0.000819069633174855  9.099295886602589e-06
400.8  -0.0008190695573027882  9.09917301462589e-06
400.85  -0.0008190694896654465  9.099000487467748e-06
400.90000000000003  -0.0008190694280040173  9.098771709764369e-06
400.95000000000005  -0.0008190693695407507  9.098483439451258e-06
401.0  -0.0008190693111483022  9.098135973175888e-06
401.05  -0.0008190692495215694  9.097733117116613e-06
401.1  -0.0008190691813850945  9.097281959634905e-06
401.15000000000003  -0.0008190691036942385  9.096792438243275e-06
401.20000000000005  -0.0008190690138172665  9.09627675757421e-06
401.25  -0.000819068909703802  9.09574865764584e-06
401.3  -0.0008190687900145358  9.095222607098316e-06
401.35  -0.0008190686542157569  9.094712958567256e-06
401.40000000000003  -0.0008190685026115706  9.09423310596993e-06
401.45000000000005  -0.000819068336337771  9.093794701135684e-06
401.5  -0.0008190681573018801  9.093406979322045e-06
401.55  -0.0008190679680609892  9.093076225500578e-06
401.6  -0.0008190677716778192  9.09280541061693e-06
401.65000000000003  -0.0008190675715303123  9.092594019069217e-06
401.70000000000005  -0.0008190673711121617  9.092438093538267e-06
401.75  -0.0008190671738219851  9.092330468808284e-06
401.8  -0.0008190669827612289  9.092261186049284e-06
401.85  -0.0008190668005499221  9.092218093958515e-06
401.90000000000003  -0.0008190666291788083  9.092187553857143e-06
401.95000000000005  -0.000819066469899692  9.092155250353521e-06
402.0  -0.0008190663231531518  9.092107039104184e-06
402.05  -0.000819066188555082  9.092029777303602e-06
402.1  -0.0008190660649267325  9.09191211466323e-06
402.15000000000003  -0.0008190659503723819  9.091745154715626e-06
402.20000000000005  -0.0008190658424051758  9.091523004540851e-06
402.25  -0.000819065738085096  9.091243117128993e-06
402.3  -0.0008190656342031778  9.090906463484903e-06
402.35  -0.0008190655274704418  9.090517477025758e-06
402.40000000000003  -0.000819065414697784  9.090083796941075e-06
402.45000000000005  -0.0008190652929892344  9.089615823497767e-06
402.5  -0.0008190651599046258  9.08912610349884e-06
402.55  -0.0008190650136021574  9.0886285854558e-06
402.6  -0.0008190648529440984  9.088137786148029e-06
402.65000000000003  -0.000819064677567013  9.087667926512889e-06
402.70000000000005  -0.0008190644879099852  9.087232080776976e-06
402.75  -0.0008190642851920431  9.086841396924194e-06
402.8  -0.000819064071348892  9.086504420729633e-06
402.85  -0.0008190638489333444  9.086226589188223e-06
402.90000000000003  -0.0008190636209663968  9.086009905088632e-06
402.95000000000005  -0.0008190633907695635  9.08585281876454e-06
403.0  -0.0008190631617802801  9.0857503130576e-06
403.05  -0.0008190629373417787  9.085694214099765e-06
403.1  -0.0008190627205183163  9.085673674313855e-06
403.15000000000003  -0.0008190625139032407  9.085675817651555e-06
403.20000000000005  -0.0008190623194619486  9.085686508436943e-06
403.25  -0.0008190621384149467  9.085691186921647e-06
403.3  -0.0008190619711587854  9.085675726797581e-06
403.35  -0.0008190618172481162  9.085627274656302e-06
403.40000000000003  -0.0008190616754110261  9.085534999119156e-06
403.45000000000005  -0.0008190615436335626  9.085390723475532e-06
403.5  -0.0008190614192805042  9.08518940309134e-06
403.55  -0.0008190612992620641  9.084929420269069e-06
403.6  -0.0008190611802231176  9.084612663824753e-06
403.65000000000003  -0.0008190610587593632  9.084244423049315e-06
403.70000000000005  -0.0008190609316247378  9.08383306238319e-06
403.75  -0.000819060795946451  9.08338953416242e-06
403.8  -0.0008190606493945618  9.08292672034954e-06
403.85  -0.0008190604903415257  9.082458675695074e-06
403.90000000000003  -0.0008190603179541433  9.081999788337382e-06
403.95000000000005  -0.0008190601322528434  9.081563926708908e-06
404.0  -0.0008190599341026696  9.08116361465251e-06
404.05  -0.0008190597251672507  9.08080927164033e-06
404.1  -0.0008190595078054897  9.0805086044826e-06
404.15000000000003  -0.0008190592849292608  9.080266130447393e-06
404.20000000000005  -0.0008190590598374643  9.080082887896268e-06
404.25  -0.0008190588360225765  9.07995638358978e-06
404.3  -0.0008190586169797455  9.07988071466271e-06
404.35  -0.0008190584060015025  9.079846903655114e-06
404.40000000000003  -0.0008190582060056908  9.07984342922506e-06
404.45000000000005  -0.0008190580193769586  9.07985688878188e-06
404.5  -0.0008190578478365691  9.07987279572984e-06
404.55  -0.0008190576923561278  9.079876428704945e-06
404.6  -0.0008190575531123438  9.079853699041416e-06
404.65000000000003  -0.0008190574294808575  9.079791992081996e-06
404.70000000000005  -0.0008190573200830602  9.079680906666824e-06
404.75  -0.0008190572228670109  9.07951286630807e-06
404.8  -0.000819057135236287  9.079283575894699e-06
404.85  -0.0008190570542000056  9.07899226095237e-06
404.90000000000003  -0.0008190569765535048  9.078641713838463e-06
404.95000000000005  -0.0008190568990714177  9.07823811614663e-06
405.0  -0.0008190568187043469  9.07779066312462e-06
405.05  -0.0008190567327688623  9.077311009337446e-06
405.1  -0.0008190566391136866  9.076812566600817e-06
405.15000000000003  -0.0008190565362678873  9.076309708324747e-06
405.20000000000005  -0.0008190564235280265  9.07581690042555e-06
405.25  -0.0008190563010223574  9.075347855138022e-06
405.3  -0.0008190561697081956  9.074914704527916e-06
405.35  -0.0008190560313212584  9.074527297592283e-06
405.40000000000003  -0.0008190558882830956  9.074192611052407e-06
405.45000000000005  -0.0008190557435568377  9.073914359370729e-06
405.5  -0.0008190556004673226  9.073692767034018e-06
405.55  -0.0008190554625048442  9.073524568338162e-06
405.6  -0.0008190553331125744  9.073403202270467e-06
405.65000000000003  -0.0008190552154720118  9.07331919528171e-06
405.70000000000005  -0.0008190551123198634  9.073260724868628e-06
405.75  -0.000819055025770546  9.073214312251064e-06
405.8  -0.0008190549571994918  9.073165604839154e-06
405.85  -0.0008190549071604034  9.073100235504751e-06
405.90000000000003  -0.0008190548753505436  9.073004661187952e-06
405.95000000000005  -0.0008190548606400867  9.072866950259246e-06
406.0  -0.0008190548611402069  9.072677500554082e-06
406.05  -0.0008190548743213135  9.072429612634906e-06
406.1  -0.000819054897173504  9.07211988500703e-06
406.15000000000003  -0.0008190549263803506  9.071748425730822e-06
406.20000000000005  -0.0008190549585259504  9.071318866628775e-06
406.25  -0.0008190549902946055  9.070838148626911e-06
406.3  -0.0008190550186570828  9.070316132201816e-06
406.35  -0.0008190550410456769  9.069765026210462e-06
406.40000000000003  -0.0008190550554980607  9.06919866522349e-06
406.45000000000005  -0.0008190550607542307  9.06863170023703e-06
406.5  -0.0008190550563246502  9.068078733866203e-06
406.55  -0.0008190550425065561  9.067553451229914e-06
406.6  -0.0008190550203561522  9.067067807491799e-06
406.65000000000003  -0.0008190549916217234  9.06663131548162e-06
406.70000000000005  -0.0008190549586363183  9.066250481777095e-06
406.75  -0.0008190549241824202  9.065928416952525e-06
406.8  -0.0008190548913292932  9.065664647367683e-06
406.85  -0.0008190548632469995  9.065455160087296e-06
406.90000000000003  -0.0008190548430233845  9.06529263778569e-06
406.95000000000005  -0.0008190548334855025  9.065166900785885e-06
407.0  -0.0008190548370152263  9.065065538327961e-06
407.05  -0.0008190548554140762  9.064974641480403e-06
407.1  -0.0008190548897684767  9.064879651313738e-06
407.15000000000003  -0.0008190549403855146  9.064766232090397e-06
407.20000000000005  -0.0008190550067500937  9.064621126886178e-06
407.25  -0.0008190550875377401  9.064432960317372e-06
407.3  -0.000819055180676832  9.06419290221767e-06
407.35  -0.0008190552834503735  9.063895198376708e-06
407.40000000000003  -0.000819055392653499  9.06353751337107e-06
407.45000000000005  -0.0008190555047656795  9.063121062074012e-06
407.5  -0.0008190556161539513  9.062650531666732e-06
407.55  -0.0008190557232819732  9.062133811957394e-06
407.6  -0.0008190558229183413  9.061581521508126e-06
407.65000000000003  -0.0008190559123259603  9.06100638570326e-06
407.70000000000005  -0.0008190559894181638  9.060422492252417e-06
407.75  -0.0008190560528867861  9.059844461657132e-06
407.8  -0.0008190561022623864  9.059286598241947e-06
407.85  -0.0008190561379510576  9.058762065979162e-06
407.90000000000003  -0.0008190561611870556  9.05828210850479e-06
407.95000000000005  -0.0008190561739517126  9.057855406075757e-06
408.0  -0.0008190561788402886  9.057487565619637e-06
408.05  -0.0008190561788952928  9.057180803632948e-06
408.1  -0.0008190561774087826  9.056933810214283e-06
408.15000000000003  -0.0008190561777123893  9.056741824699341e-06
408.20000000000005  -0.0008190561829728636  9.056596926407734e-06
408.25  -0.000819056195992017  9.056488486268162e-06
408.3  -0.0008190562190395101  9.056403800816694e-06
408.35  -0.0008190562537189066  9.056328836510555e-06
408.40000000000003  -0.0008190563008662071  9.05624905001717e-06
408.45000000000005  -0.0008190563605021279  9.056150261948408e-06
408.5  -0.000819056431838893  9.056019484281934e-06
408.55  -0.0008190565133218948  9.055845702899312e-06
408.6  -0.0008190566027283416  9.055620516709305e-06
408.65000000000003  -0.0008190566972821852  9.055338653297788e-06
408.70000000000005  -0.0008190567938285203  9.054998283769544e-06
408.75  -0.0008190568890058199  9.054601127256789e-06
408.8  -0.0008190569794327747  9.054152360351317e-06
408.85  -0.0008190570619017838  9.05366030427325e-06
408.90000000000003  -0.0008190571335565098  9.053135939877163e-06
408.95000000000005  -0.0008190571920545262  9.052592256187622e-06
409.0  -0.0008190572356980523  9.052043467328648e-06
409.05  -0.0008190572635366734  9.051504192220897e-06
409.1  -0.0008190572754219601  9.050988557081818e-06
409.15000000000003  -0.0008190572720210619  9.050509383488653e-06
409.20000000000005  -0.0008190572547848936  9.05007740445267e-06
409.25  -0.0008190572258674263  9.049700641919497e-06
409.3  -0.0008190571880051146  9.049383927394556e-06
409.35  -0.0008190571443571672  9.049128628072943e-06
409.40000000000003  -0.0008190570983260381  9.048932563789319e-06
409.45000000000005  -0.0008190570533498545  9.048790146004722e-06
409.5  -0.0008190570126961967  9.048692709654068e-06
409.55  -0.0008190569792670076  9.048629026897409e-06
409.6  -0.0008190569554172189  9.048585982778792e-06
409.65000000000003  -0.0008190569428050911  9.048549339470504e-06
409.70000000000005  -0.0008190569422953383  9.048504574659072e-06
409.75  -0.0008190569538970712  9.048437736731084e-06
409.8  -0.0008190569767735437  9.048336266730497e-06
409.85  -0.0008190570092831564  9.048189726624817e-06
409.90000000000003  -0.0008190570490879017  9.04799042001248e-06
409.95000000000005  -0.0008190570932999446  9.04773382940532e-06
410.0  -0.0008190571386563852  9.047418897228303e-06
410.05  -0.0008190571817298129  9.047048078062022e-06
410.1  -0.000819057219126005  9.046627198126735e-06
410.15000000000003  -0.000819057247705114  9.046165116832717e-06
410.20000000000005  -0.000819057264765724  9.045673220591855e-06
410.25  -0.0008190572682075429  9.045164738155035e-06
410.3  -0.0008190572566554461  9.044653976751486e-06
410.35  -0.000819057229537268  9.044155474126239e-06
410.40000000000003  -0.0008190571871188942  9.04368314062873e-06
410.45000000000005  -0.0008190571304744703  9.043249435176969e-06
410.5  -0.0008190570614251708  9.042864623409448e-06
410.55  -0.0008190569824299764  9.042536161314144e-06
410.6  -0.0008190568964355903  9.042268251793946e-06
410.65000000000003  -0.0008190568067160293  9.042061592094827e-06
410.70000000000005  -0.0008190567166846702  9.04191332376709e-06
410.75  -0.000819056629700191  9.041817202299534e-06
410.8  -0.0008190565488859526  9.041763964779672e-06
410.85  -0.0008190564769576177  9.041741889709602e-06
410.90000000000003  -0.0008190564160756044  9.04173748902449e-06
410.95000000000005  -0.0008190563677193861  9.04173632119607e-06
411.0  -0.0008190563326074635  9.041723854475922e-06
411.05  -0.0008190563106600068  9.041686330356694e-06
411.1  -0.0008190563009994587  9.041611605900145e-06
411.15000000000003  -0.0008190563019910428  9.041489858815834e-06
411.20000000000005  -0.0008190563113416471  9.041314185434719e-06
411.25  -0.000819056326222776  9.04108099917286e-06
411.3  -0.0008190563434232086  9.040790255569189e-06
411.35  -0.0008190563595478268  9.040445432124001e-06
411.40000000000003  -0.000819056371202325  9.040053323159346e-06
411.45000000000005  -0.0008190563752008922  9.039623626394848e-06
411.5  -0.0008190563687597873  9.039168360702732e-06
411.55  -0.0008190563496554648  9.038701154889307e-06
411.6  -0.0008190563163726988  9.038236423045479e-06
411.65000000000003  -0.0008190562681948794  9.037788528920587e-06
411.70000000000005  -0.0008190562052431319  9.037370924157317e-06
411.75  -0.0008190561284808437  9.036995368875349e-06
411.8  -0.0008190560396420481  9.036671242638214e-06
411.85  -0.000819055941131246  9.036405001949539e-06
411.90000000000003  -0.0008190558358708463  9.03619981399502e-06
411.95000000000005  -0.0008190557271219018  9.036055373967808e-06
412.0  -0.0008190556182764905  9.035967927677039e-06
412.05  -0.0008190555126544491  9.035930503968159e-06
412.1  -0.0008190554132933054  9.035933319796459e-06
412.15000000000003  -0.0008190553227656954  9.03596435328799e-06
412.20000000000005  -0.0008190552430263337  9.036010045244177e-06
412.25  -0.0008190551752896342  9.036056090174849e-06
412.3  -0.0008190551199620648  9.036088279029187e-06
412.35  -0.0008190550766166576  9.036093326206056e-06
412.40000000000003  -0.0008190550440214153  9.03605964642899e-06
412.45000000000005  -0.0008190550202204859  9.035978043404522e-06
412.5  -0.0008190550026373739  9.03584225643995e-06
412.55  -0.0008190549882413378  9.035649324428763e-06
412.6  -0.0008190549737204911  9.035399768374773e-06
412.65000000000003  -0.0008190549556790308  9.03509756216463e-06
412.70000000000005  -0.0008190549308212793  9.034749908046896e-06
412.75  -0.0008190548961511845  9.034366804278895e-06
412.8  -0.0008190548491409874  9.033960461223988e-06
412.85  -0.0008190547878625391  9.033544568493685e-06
412.90000000000003  -0.0008190547111032069  9.033133478840048e-06
412.95000000000005  -0.0008190546184248795  9.03274134609602e-06
413.0  -0.0008190545101838292  9.032381281029174e-06
413.05  -0.0008190543875171538  9.032064552475416e-06
413.1  -0.0008190542522620642  9.031799913293754e-06
413.15000000000003  -0.0008190541068652684  9.031593064504355e-06
413.20000000000005  -0.0008190539542306524  9.031446306900022e-06
413.25  -0.0008190537975587347  9.031358396117961e-06
413.3  -0.0008190536401634543  9.031324609779109e-06
413.35  -0.000819053485273568  9.03133701458459e-06
413.40000000000003  -0.0008190533358527802  9.031384940030645e-06
413.45000000000005  -0.000819053194419161  9.031455606786512e-06
413.5  -0.0008190530628977184  9.031534872589743e-06
413.55  -0.000819052942502612  9.031608070602716e-06
413.6  -0.0008190528336644857  9.031660877528648e-06
413.65000000000003  -0.0008190527359873953  9.031680142768984e-06
413.70000000000005  -0.0008190526482871311  9.03165466643657e-06
413.75  -0.0008190525686479419  9.031575853260098e-06
413.8  -0.0008190524945404346  9.031438196663798e-06
413.85  -0.0008190524229755415  9.031239611243013e-06
413.90000000000003  -0.0008190523506919753  9.03098153665256e-06
413.95000000000005  -0.0008190522743532872  9.030668844507597e-06
414.0  -0.0008190521907599766  9.030309542842137e-06
414.05  -0.0008190520970521598  9.029914296207779e-06
414.1  -0.0008190519908806506  9.029495796962104e-06
414.15000000000003  -0.0008190518705579277  9.0290680060161e-06
414.20000000000005  -0.0008190517351634819  9.02864532477724e-06
414.25  -0.0008190515846003681  9.028241741372046e-06
414.3  -0.0008190514196031293  9.027869998762153e-06
414.35  -0.0008190512416983301  9.027540833214578e-06
414.40000000000003  -0.0008190510531091021  9.02726233545305e-06
414.45000000000005  -0.0008190508566303771  9.027039452210047e-06
414.5  -0.0008190506554600556  9.02687369025391e-06
414.55  -0.000819050453015848  9.02676301517229e-06
414.6  -0.0008190502527394038  9.026701951076236e-06
414.65000000000003  -0.0008190500579028717  9.026681896385147e-06
414.70000000000005  -0.000819049871422078  9.026691628513444e-06
414.75  -0.0008190496957002258  9.026717959023374e-06
414.8  -0.0008190495324960729  9.026746507910261e-06
414.85  -0.0008190493828391671  9.026762559010922e-06
414.90000000000003  -0.0008190492469708205  9.026751922403442e-06
414.95000000000005  -0.0008190491243550266  9.026701791212794e-06
415.0  -0.0008190490137082611  9.026601494006273e-06
415.05  -0.0008190489130873029  9.02644312715745e-06
415.1  -0.0008190488200095853  9.02622204145768e-06
415.15000000000003  -0.0008190487315972424  9.02593710099789e-06
415.20000000000005  -0.000819048644754743  9.025590755158837e-06
415.25  -0.0008190485563502513  9.025188892175843e-06
415.3  -0.0008190484634041743  9.024740478839324e-06
415.35  -0.0008190483632632745  9.024257024978504e-06
415.40000000000003  -0.0008190482537742174  9.02375190070504e-06
415.45000000000005  -0.0008190481334104697  9.023239523195045e-06
415.5  -0.0008190480013817639  9.022734518944714e-06
415.55  -0.0008190478576889261  9.022250843033542e-06
415.6  -0.0008190477031431454  9.021800960322813e-06
415.65000000000003  -0.0008190475393266343  9.021395107964474e-06
415.70000000000005  -0.000819047368515062  9.02104069314309e-06
415.75  -0.0008190471935431387  9.020741876879798e-06
415.8  -0.0008190470176504172  9.020499327466736e-06
415.85  -0.0008190468442878792  9.020310200331776e-06
415.90000000000003  -0.00081904667690603  9.020168314644982e-06
415.95000000000005  -0.0008190465187507245  9.02006453016007e-06
416.0  -0.0008190463726617238  9.019987291336118e-06
416.05  -0.0008190462409038645  9.019923322824532e-06
416.1  -0.0008190461250203715  9.019858406585156e-06
416.15000000000003  -0.0008190460257444593  9.019778232153826e-06
416.20000000000005  -0.0008190459429523743  9.019669232040637e-06
416.25  -0.0008190458756697556  9.019519395193714e-06
416.3  -0.0008190458221406219  9.01931897168346e-06
416.35  -0.0008190457799344134  9.019061058136062e-06
416.40000000000003  -0.0008190457460980376  9.018742004378256e-06
416.45000000000005  -0.0008190457173332793  9.01836164142575e-06
416.5  -0.000819045690203078  9.017923310026253e-06
416.55  -0.0008190456613391262  9.017433668738343e-06
416.6  -0.000819045627645289  9.016902318441898e-06
416.65000000000003  -0.0008190455864720815  9.016341251583452e-06
416.70000000000005  -0.0008190455357723447  9.01576415660878e-06
416.75  -0.0008190454742281549  9.015185608775007e-06
416.8  -0.0008190454013053139  9.01462024315014e-06
416.85  -0.0008190453172872819  9.014081864870574e-06
416.90000000000003  -0.0008190452232469291  9.01358264866856e-06
416.95000000000005  -0.0008190451209797463  9.013132412277855e-06
417.0  -0.0008190450128878746  9.012738039435421e-06
417.05  -0.0008190449018428306  9.012403065775608e-06
417.1  -0.0008190447910147141  9.012127474625881e-06
417.15000000000003  -0.0008190446836886209  9.01190769884519e-06
417.20000000000005  -0.0008190445830711927  9.011736838993858e-06
417.25  -0.0008190444921175119  9.011605078211018e-06
417.3  -0.0008190444133502236  9.01150027332446e-06
417.35  -0.0008190443487122448  9.011408691754876e-06
417.40000000000003  -0.0008190442994544814  9.011315829340612e-06
417.45000000000005  -0.0008190442660541707  9.011207287447365e-06
417.5  -0.0008190442481741038  9.011069635506629e-06
417.55  -0.0008190442446826638  9.010891216240397e-06
417.6  -0.000819044253697565  9.01066284750133e-06
417.65000000000003  -0.0008190442726858872  9.010378369454959e-06
417.70000000000005  -0.0008190442986002277  9.010035003970585e-06
417.75  -0.0008190443280559291  9.009633533027506e-06
417.8  -0.000819044357519135  9.009178241920065e-06
417.85  -0.0008190443835185114  9.008676667630043e-06
417.90000000000003  -0.000819044402854168  9.008139156862702e-06
417.95000000000005  -0.0008190444127864827  9.007578244057024e-06
418.0  -0.0008190444112111662  9.007007930717718e-06
418.05  -0.0008190443967829538  9.006442837520114e-06
418.1  -0.0008190443690083048  9.00589736529424e-06
418.15000000000003  -0.0008190443282698183  9.005384840601416e-06
418.20000000000005  -0.0008190442757978643  9.00491674478269e-06
418.25  -0.0008190442136041466  9.004502037100108e-06
418.3  -0.000819044144344092  9.004146639487293e-06
418.35  -0.0008190440711546438  9.003853098379206e-06
418.40000000000003  -0.0008190439974510649  9.003620424846855e-06
418.45000000000005  -0.000819043926724325  9.00344416944975e-06
418.5  -0.0008190438623257977  9.003316681559714e-06
418.55  -0.0008190438072596363  9.003227556629839e-06
418.6  -0.0008190437640080793  9.00316424422027e-06
418.65000000000003  -0.0008190437343856392  9.003112788356178e-06
418.70000000000005  -0.000819043719441043  9.003058642461054e-06
418.75  -0.0008190437194009423  9.002987533756517e-06
418.8  -0.0008190437336579738  9.002886305157012e-06
418.85  -0.0008190437608140524  9.002743692643417e-06
418.90000000000003  -0.0008190437987685509  9.002550994730235e-06
418.95000000000005  -0.0008190438448481053  9.002302592657561e-06
419.0  -0.0008190438959633104  9.001996283598064e-06
419.05  -0.0008190439487894522  9.001633419214341e-06
419.1  -0.0008190439999653665  9.001218830134695e-06
419.15000000000003  -0.0008190440462854438  9.000760539467994e-06
419.20000000000005  -0.0008190440848881919  9.000269288034907e-06
419.25  -0.0008190441134190214  8.999757891237276e-06
419.3  -0.0008190441301763195  8.999240485078885e-06
419.35  -0.0008190441342003274  8.998731665126893e-06
419.40000000000003  -0.0008190441253452983  8.998245629549657e-06
419.45000000000005  -0.0008190441042842247  8.997795332724222e-06
419.5  -0.000819044072484642  8.997391711296275e-06
419.55  -0.0008190440321222532  8.997043038068615e-06
419.6  -0.0008190439859642308  8.996754442257954e-06
419.65000000000003  -0.0008190439372131381  8.99652760192346e-06
419.70000000000005  -0.0008190438893222799  8.996360666027798e-06
419.75  -0.000819043845801263  8.996248354889002e-06
419.8  -0.0008190438099992853  8.99618229470813e-06
419.85  -0.0008190437849152865  8.996151512959561e-06
419.90000000000003  -0.0008190437730098857  8.996143094793115e-06
419.95000000000005  -0.0008190437760628982  8.996142938543536e-06
420.0  -0.0008190437950569457  8.996136601031098e-06
420.05  -0.0008190438301139525  8.996110135363225e-06
420.1  -0.0008190438804863405  8.99605090984518e-06
420.15000000000003  -0.0008190439445922861  8.995948350470125e-06
420.20000000000005  -0.0008190440201227117  8.99579454822282e-06
420.25  -0.0008190441041687954  8.995584737646572e-06
420.3  -0.0008190441934076789  8.995317554202908e-06
420.35  -0.0008190442843146611  8.994995129589533e-06
420.40000000000003  -0.0008190443733636192  8.994622964650476e-06
420.45000000000005  -0.0008190444572590134  8.994209607645492e-06
420.5  -0.0008190445331226126  8.993766157622046e-06
420.55  -0.0008190445986710609  8.993305619764956e-06
420.6  -0.0008190446523478895  8.992842143249976e-06
420.65000000000003  -0.0008190446934055406  8.992390196752389e-06
420.70000000000005  -0.0008190447219443312  8.991963707743241e-06
420.75  -0.000819044738895106  8.991575257942161e-06
420.8  -0.0008190447459526499  8.991235315563661e-06
420.85  -0.0008190447454616484  8.990951632148578e-06
420.90000000000003  -0.0008190447402762904  8.990728756255273e-06
420.95000000000005  -0.0008190447335812583  8.990567768552178e-06
421.0  -0.0008190447286932045  8.990466197331994e-06
421.05  -0.0008190447288746986  8.990418165258341e-06
421.1  -0.0008190447371399738  8.990414721111463e-06
421.15000000000003  -0.0008190447560854067  8.990444383743298e-06
421.20000000000005  -0.0008190447877311081  8.990493814650257e-06
421.25  -0.0008190448334149856  8.990548616746169e-06
421.3  -0.0008190448937096347  8.99059419123317e-06
421.35  -0.0008190449683928057  8.99061661484399e-06
421.40000000000003  -0.0008190450564500182  8.990603472500006e-06
421.45000000000005  -0.0008190451561348324  8.990544598895989e-06
421.5  -0.0008190452650532398  8.990432692440858e-06
421.55  -0.0008190453802918147  8.990263733034821e-06
421.6  -0.0008190454985785801  8.99003723778193e-06
421.65000000000003  -0.000819045616450166  8.989756268453072e-06
421.70000000000005  -0.0008190457304489635  8.989427251064326e-06
421.75  -0.0008190458373043072  8.989059574951463e-06
421.8  -0.0008190459341130663  8.988665032408187e-06
421.85  -0.000819046018503488  8.988257105111211e-06
421.90000000000003  -0.0008190460887671557  8.987850157369105e-06
421.95000000000005  -0.0008190461439561194  8.98745858513711e-06
422.0  -0.0008190461839381639  8.987095948368405e-06
422.05  -0.0008190462093974732  8.986774184009867e-06
422.1  -0.0008190462217941813  8.986502890662921e-06
422.15000000000003  -0.0008190462232738599  8.986288772931564e-06
422.20000000000005  -0.0008190462165268348  8.98613524484321e-06
422.25  -0.0008190462046157208  8.98604223900526e-06
422.3  -0.0008190461907848097  8.986006207265277e-06
422.35  -0.0008190461782523821  8.986020341430578e-06
422.40000000000003  -0.0008190461699976613  8.986074967986244e-06
422.45000000000005  -0.0008190461685761379  8.986158110267607e-06
422.5  -0.0008190461759456885  8.986256188894966e-06
422.55  -0.0008190461933464847  8.986354819158645e-06
422.6  -0.000819046221209968  8.986439641056089e-06
422.65000000000003  -0.0008190462591327586  8.986497162279659e-06
422.70000000000005  -0.0008190463059011048  8.98651553986416e-06
422.75  -0.0008190463595509689  8.986485273636486e-06
422.8  -0.0008190464174902567  8.986399752894956e-06
422.85  -0.0008190464766569511  8.986255647326874e-06
422.90000000000003  -0.000819046533690417  8.986053097125328e-06
422.95000000000005  -0.0008190465851392688  8.985795701812473e-06
423.0  -0.0008190466276518669  8.985490313298409e-06
423.05  -0.0008190466581776222  8.985146620138322e-06
423.1  -0.0008190466741364491  8.984776586794512e-06
423.15000000000003  -0.0008190466735605938  8.98439373532285e-06
423.20000000000005  -0.0008190466552065971  8.984012350451791e-06
423.25  -0.0008190466186180601  8.983646618349744e-06
423.3  -0.0008190465641538413  8.983309788734004e-06
423.35  -0.0008190464929504808  8.983013364467253e-06
423.40000000000003  -0.0008190464068589394  8.982766417330143e-06
423.45000000000005  -0.0008190463083422459  8.982575026425825e-06
423.5  -0.0008190462003217635  8.98244191841922e-06
423.55  -0.0008190460860164409  8.982366283584236e-06
423.6  -0.0008190459687593787  8.98234381243603e-06
423.65000000000003  -0.0008190458518047841  8.982366947052215e-06
423.70000000000005  -0.0008190457381433951  8.982425328320676e-06
423.75  -0.0008190456303252365  8.982506384112854e-06
423.8  -0.0008190455303150015  8.98259609284776e-06
423.85  -0.0008190454393760073  8.98267979033713e-06
423.90000000000003  -0.0008190453579935054  8.982743049005181e-06
423.95000000000005  -0.0008190452858428416  8.982772514349083e-06
424.0  -0.0008190452218145732  8.982756700031454e-06
424.05  -0.0008190451640710303  8.982686648501448e-06
424.1  -0.0008190451101611517  8.98255646134753e-06
424.15000000000003  -0.0008190450571749728  8.982363641697202e-06
424.20000000000005  -0.0008190450019070884  8.982109221847105e-06
424.25  -0.0008190449410670878  8.981797710764551e-06
424.3  -0.0008190448714829302  8.981436822925299e-06
424.35  -0.0008190447902993229  8.981037006846292e-06
424.40000000000003  -0.0008190446951566814  8.980610838935543e-06
424.45000000000005  -0.0008190445843527721  8.980172269217783e-06
424.5  -0.0008190444569435491  8.979735805259817e-06
424.55  -0.0008190443128105537  8.979315651897303e-06
424.6  -0.0008190441526664645  8.978924869674533e-06
424.65000000000003  -0.000819043978021933  8.978574604559335e-06
424.70000000000005  -0.0008190437910908805  8.978273417375852e-06
424.75  -0.0008190435946568278  8.97802679093165e-06
424.8  -0.0008190433919125135  8.977836783742197e-06
424.85  -0.0008190431862659758  8.977701902652393e-06
424.90000000000003  -0.0008190429811518639  8.977617196395302e-06
424.95000000000005  -0.0008190427798331146  8.977574525045775e-06
425.0  -0.0008190425852191416  8.97756304449771e-06
425.05  -0.0008190423997143872  8.977569843294912e-06
425.1  -0.0008190422250863124  8.97758069730943e-06
425.15000000000003  -0.0008190420623777705  8.977580920951282e-06
425.20000000000005  -0.000819041911864171  8.977556232455351e-06
425.25  -0.0008190417730482929  8.977493614816738e-06
425.3  -0.0008190416446963338  8.977382091432244e-06
425.35  -0.0008190415249208845  8.97721339324629e-06
425.40000000000003  -0.000819041411291778  8.976982449638194e-06
425.45000000000005  -0.0008190413009842758  8.976687697105916e-06
425.5  -0.0008190411909465187  8.976331189383267e-06
425.55  -0.000819041078073114  8.97591846601173e-06
425.6  -0.0008190409593958676  8.975458232320837e-06
425.65000000000003  -0.0008190408322609755  8.974961839054284e-06
425.70000000000005  -0.0008190406944822486  8.974442598810276e-06
425.75  -0.0008190405444846115  8.973914999208573e-06
425.8  -0.0008190403813996434  8.973393833324578e-06
425.85  -0.0008190402051384783  8.972893310227217e-06
425.90000000000003  -0.0008190400164007518  8.972426233665545e-06
425.95000000000005  -0.00081903981665203  8.972003230227387e-06
426.0  -0.000819039608049787  8.971632127848634e-06
426.05  -0.0008190393933295442  8.971317511926452e-06
426.1  -0.0008190391756506006  8.971060471982977e-06
426.15000000000003  -0.0008190389584127234  8.970858553394032e-06
426.20000000000005  -0.0008190387450581778  8.970705911043775e-06
426.25  -0.0008190385388710015  8.970593691157722e-06
426.3  -0.0008190383427725598  8.970510554291082e-06
426.35  -0.0008190381591494044  8.970443362754784e-06
426.40000000000003  -0.0008190379897045907  8.970377967686084e-06
426.45000000000005  -0.0008190378353505231  8.97030004808595e-06
426.5  -0.0008190376961511623  8.97019596659773e-06
426.55  -0.000819037571320487  8.970053563391316e-06
426.6  -0.0008190374592667981  8.96986288094904e-06
426.65000000000003  -0.0008190373576909687  8.969616765662253e-06
426.70000000000005  -0.0008190372637313014  8.969311270565477e-06
426.75  -0.0008190371741391752  8.968945913377072e-06
426.8  -0.0008190370854881602  8.968523703098506e-06
426.85  -0.0008190369943819534  8.968050976463434e-06
426.90000000000003  -0.0008190368976650735  8.96753704066847e-06
426.95000000000005  -0.0008190367926134117  8.966993625377298e-06
427.0  -0.0008190366770957375  8.966434222682992e-06
427.05  -0.0008190365497063505  8.965873280034975e-06
427.1  -0.0008190364098340856  8.965325374924154e-06
427.15000000000003  -0.000819036257701497  8.964804350943467e-06
427.20000000000005  -0.000819036094340334  8.964322512585192e-06
427.25  -0.000819035921532365  8.963889892884603e-06
427.3  -0.0008190357416988306  8.963513666210982e-06
427.35  -0.0008190355577600612  8.963197710474147e-06
427.40000000000003  -0.0008190353729667607  8.962942381770546e-06
427.45000000000005  -0.0008190351907173126  8.962744487696047e-06
427.5  -0.0008190350143571819  8.96259747497222e-06
427.55  -0.0008190348470007048  8.962491817115842e-06
427.6  -0.0008190346913480611  8.962415589757865e-06
427.65000000000003  -0.0008190345495347721  8.962355170856104e-06
427.70000000000005  -0.0008190344230175624  8.962296073259822e-06
427.75  -0.000819034312481015  8.96222380659408e-06
427.8  -0.0008190342178097926  8.96212474707557e-06
427.85  -0.0008190341380810901  8.9619869569627e-06
427.90000000000003  -0.0008190340716227028  8.961800900206545e-06
427.95000000000005  -0.000819034016108837  8.961560017471996e-06
428.0  -0.0008190339686903717  8.96126111450202e-06
428.05  -0.0008190339261608088  8.960904545039154e-06
428.1  -0.0008190338851484104  8.960494206073548e-06
428.15000000000003  -0.0008190338423189398  8.960037283123009e-06
428.20000000000005  -0.0008190337945690325  8.95954382933758e-06
428.25  -0.0008190337392287042  8.959026165014932e-06
428.3  -0.0008190336742169207  8.958498148104572e-06
428.35  -0.0008190335981870107  8.957974346338613e-06
428.40000000000003  -0.0008190335106085637  8.957469184184318e-06
428.45000000000005  -0.0008190334118103384  8.956996091821399e-06
428.5  -0.0008190333029710454  8.956566712978588e-06
428.55  -0.000819033186062095  8.956190231196098e-06
428.6  -0.000819033063719927  8.95587282266771e-06
428.65000000000003  -0.0008190329391071072  8.955617303558366e-06
428.70000000000005  -0.0008190328157100373  8.95542297044724e-06
428.75  -0.0008190326971426611  8.955285643114249e-06
428.8  -0.0008190325869202031  8.95519791228286e-06
428.85  -0.000819032488258672  8.955149575003802e-06
428.90000000000003  -0.0008190324038779716  8.955128240614252e-06
428.95000000000005  -0.0008190323358440103  8.955120049493185e-06
429.0  -0.0008190322854572737  8.955110499922524e-06
429.05  -0.0008190322531803593  8.955085290168101e-06
429.1  -0.0008190322386115037  8.955031164889623e-06
429.15000000000003  -0.0008190322405317007  8.954936695545167e-06
429.20000000000005  -0.0008190322569799249  8.9547929595532e-06
429.25  -0.0008190322853807652  8.95459406124381e-06
429.3  -0.0008190323227044884  8.95433748839458e-06
429.35  -0.0008190323656514302  8.954024270031767e-06
429.40000000000003  -0.0008190324108542199  8.95365890224713e-06
429.45000000000005  -0.000819032455072054  8.953249091018449e-06
429.5  -0.0008190324953795883  8.952805296907397e-06
429.55  -0.0008190325293476021  8.952340118253228e-06
429.6  -0.000819032555179186  8.951867530869071e-06
429.65000000000003  -0.0008190325718185052  8.951402070813156e-06
429.70000000000005  -0.0008190325790114892  8.95095795638639e-06
429.75  -0.0008190325773312374  8.950548247057101e-06
429.8  -0.0008190325681436705  8.950184065051477e-06
429.85  -0.000819032553537879  8.949873926962222e-06
429.90000000000003  -0.000819032536207435  8.949623238123285e-06
429.95000000000005  -0.0008190325193026803  8.949433985906089e-06
430.0  -0.000819032506233651  8.949304615632698e-06
430.05  -0.0008190325004883021  8.94923013383263e-06
430.1  -0.0008190325054181207  8.94920240423569e-06
430.15000000000003  -0.0008190325240338338  8.94921064409197e-06
430.20000000000005  -0.0008190325588198213  8.949242067049848e-06
430.25  -0.0008190326115803269  8.949282634300145e-06
430.3  -0.0008190326833140705  8.949317893437551e-06
430.35  -0.00081903277415051  8.949333829177692e-06
430.40000000000003  -0.000819032883326954  8.949317684598963e-06
430.45000000000005  -0.0008190330092237286  8.949258713528965e-06
430.5  -0.0008190331494566677  8.949148796822152e-06
430.55  -0.0008190333010066264  8.948982920261726e-06
430.6  -0.0008190334604012714  8.948759459312871e-06
430.65000000000003  -0.0008190336239188832  8.948480275503229e-06
430.70000000000005  -0.0008190337878063647  8.94815059618542e-06
430.75  -0.0008190339485101399  8.947778711082847e-06
430.8  -0.0008190341028724833  8.9473754904298e-06
430.85  -0.0008190342483254387  8.946953743857347e-06
430.90000000000003  -0.000819034383032013  8.946527472509483e-06
430.95000000000005  -0.0008190345059798437  8.946111052725411e-06
431.0  -0.0008190346170327471  8.945718401110522e-06
431.05  -0.000819034716903815  8.945362137964367e-06
431.1  -0.000819034807104643  8.94505286181855e-06
431.15000000000003  -0.0008190348898189131  8.944798509537234e-06
431.20000000000005  -0.0008190349677576367  8.944603886680666e-06
431.25  -0.0008190350439704311  8.944470377052075e-06
431.3  -0.000819035121654543  8.94439584975086e-06
431.35  -0.0008190352039440851  8.94437477170411e-06
431.40000000000003  -0.0008190352937286349  8.944398535674285e-06
431.45000000000005  -0.0008190353934705168  8.94445594035642e-06
431.5  -0.0008190355050598814  8.944533858876147e-06
431.55  -0.000819035629703109  8.944618011986192e-06
431.6  -0.0008190357678444875  8.944693796380469e-06
431.65000000000003  -0.0008190359191434928  8.944747163446226e-06
431.70000000000005  -0.0008190360824794691  8.944765454952123e-06
431.75  -0.0008190362560072555  8.94473815066341e-06
431.8  -0.0008190364372546615  8.944657505104928e-06
431.85  -0.000819036623240526  8.944519000783852e-06
431.90000000000003  -0.00081903681063954  8.944321637854467e-06
431.95000000000005  -0.0008190369959503103  8.944067974365707e-06
432.0  -0.0008190371756835049  8.94376399205438e-06
432.05  -0.0008190373465458781  8.943418717014483e-06
432.1  -0.0008190375056192153  8.943043689089536e-06
432.15000000000003  -0.000819037650517895  8.942652264289845e-06
432.20000000000005  -0.0008190377795194435  8.942258807947794e-06
432.25  -0.0008190378916501294  8.941877838362813e-06
432.3  -0.0008190379867453163  8.94152315875519e-06
432.35  -0.0008190380654429352  8.941207025130811e-06
432.40000000000003  -0.0008190381291411047  8.940939426454412e-06
432.45000000000005  -0.0008190381799120038  8.940727486935526e-06
432.5  -0.0008190382203696136  8.940575059047506e-06
432.55  -0.00081903825350355  8.940482484236733e-06
432.6  -0.0008190382824945951  8.94044658938096e-06
432.65000000000003  -0.0008190383105087931  8.940460876475363e-06
432.70000000000005  -0.0008190383405030874  8.940515903447925e-06
432.75  -0.0008190383750373709  8.940599845852601e-06
432.8  -0.0008190384161092433  8.940699188173537e-06
432.85  -0.0008190384650247523  8.940799515544948e-06
432.90000000000003  -0.0008190385223162015  8.94088635513266e-06
432.95000000000005  -0.000819038587706522  8.940946021213981e-06
433.0  -0.0008190386601138731  8.940966409472554e-06
433.05  -0.0008190387377188655  8.940937705760295e-06
433.1  -0.0008190388180656704  8.940852957358314e-06
433.15000000000003  -0.0008190388982174191  8.940708477537303e-06
433.20000000000005  -0.0008190389749204883  8.940504054357964e-06
433.25  -0.0008190390448070523  8.940242970415196e-06
433.3  -0.0008190391045925713  8.939931804090393e-06
433.35  -0.0008190391512683706  8.939580049240102e-06
433.40000000000003  -0.0008190391822739427  8.9391995503358e-06
433.45000000000005  -0.0008190391956525559  8.938803798969335e-06
433.5  -0.0008190391901570283  8.938407142950106e-06
433.55  -0.0008190391653226944  8.938023931459355e-06
433.6  -0.0008190391214848406  8.937667659025274e-06
433.65000000000003  -0.0008190390597635255  8.93735016101291e-06
433.70000000000005  -0.0008190389819958017  8.937080901333144e-06
433.75  -0.0008190388906269466  8.936866406272542e-06
433.8  -0.0008190387885810585  8.936709862689216e-06
433.85  -0.0008190386790833092  8.936610923165975e-06
433.90000000000003  -0.0008190385654893016  8.936565717089571e-06
433.95000000000005  -0.0008190384510929115  8.936567067044008e-06
434.0  -0.0008190383389419563  8.936604926391718e-06
434.05  -0.0008190382316593589  8.93666696031247e-06
434.1  -0.0008190381313017773  8.93673927400071e-06
434.15000000000003  -0.0008190380392404821  8.936807243139274e-06
434.20000000000005  -0.0008190379560794823  8.936856377358103e-06
434.25  -0.0008190378816221555  8.936873182653214e-06
434.3  -0.0008190378148826504  8.936845945283086e-06
434.35  -0.0008190377541414633  8.936765428519148e-06
434.40000000000003  -0.0008190376970479977  8.936625411651148e-06
434.45000000000005  -0.0008190376407675561  8.936423055352547e-06
434.5  -0.0008190375821467258  8.936159061762971e-06
434.55  -0.0008190375179111433  8.935837621053852e-06
434.6  -0.0008190374448712631  8.935466165132708e-06
434.65000000000003  -0.0008190373601194051  8.935054924223435e-06
434.70000000000005  -0.0008190372612143029  8.93461631478647e-06
434.75  -0.0008190371463370057  8.934164217572855e-06
434.8  -0.000819037014415817  8.933713156978815e-06
434.85  -0.0008190368651879286  8.933277445329329e-06
434.90000000000003  -0.0008190366992314265  8.93287034466712e-06
434.95000000000005  -0.000819036517933764  8.93250328755802e-06
435.0  -0.0008190363234108502  8.932185208222038e-06
435.05  -0.000819036118385976  8.931922014118808e-06
435.1  -0.0008190359060283241  8.931716232306428e-06
435.15000000000003  -0.0008190356897657599  8.931566868032332e-06
435.20000000000005  -0.0008190354730800556  8.931469451494822e-06
435.25  -0.0008190352593071785  8.931416302329848e-06
435.3  -0.0008190350514451464  8.931396978533379e-06
435.35  -0.0008190348519834727  8.931398893090325e-06
435.40000000000003  -0.0008190346627732481  8.931408060965226e-06
435.45000000000005  -0.000819034484924271  8.93140993035767e-06
435.5  -0.0008190343187518291  8.931390240921933e-06
435.55  -0.0008190341637796452  8.931335884858013e-06
435.6  -0.0008190340187743859  8.931235690037473e-06
435.65000000000003  -0.0008190338818340129  8.93108108854972e-06
435.70000000000005  -0.0008190337505053013  8.930866638669449e-06
435.75  -0.0008190336219368737  8.930590367287484e-06
435.8  -0.0008190334930455674  8.930253883597072e-06
435.85  -0.0008190333606979521  8.929862303836485e-06
435.90000000000003  -0.0008190332218982802  8.92942394624223e-06
435.95000000000005  -0.0008190330739573292  8.928949843782898e-06
436.0  -0.0008190329146406729  8.928453089161953e-06
436.05  -0.0008190327423220703  8.927948053360254e-06
436.1  -0.0008190325560643302  8.927449532099632e-06
436.15000000000003  -0.0008190323556875249  8.92697186179322e-06
436.20000000000005  -0.000819032141795516  8.92652806595048e-06
436.25  -0.0008190319157464387  8.926129086648301e-06
436.3  -0.0008190316795850494  8.925783132779776e-06
436.35  -0.000819031435949447  8.925495200594953e-06
436.40000000000003  -0.000819031187913133  8.925266800118687e-06
436.45000000000005  -0.0008190309388231405  8.925095855286721e-06
436.5  -0.0008190306921055699  8.924976862267724e-06
436.55  -0.0008190304510714388  8.924901228579717e-06
436.6  -0.0008190302187196036  8.92485779327521e-06
436.65000000000003  -0.0008190299975556672  8.924833502975188e-06
436.70000000000005  -0.0008190297894415751  8.924814203659353e-06
436.75  -0.0008190295954782996  8.92478548198696e-06
436.8  -0.0008190294159358172  8.924733525404152e-06
436.85  -0.0008190292502298481  8.924645943949043e-06
436.90000000000003  -0.0008190290969696529  8.92451249702149e-06
436.95000000000005  -0.0008190289540243301  8.924325710170204e-06
437.0  -0.0008190288186639447  8.924081298455596e-06
437.05  -0.0008190286877264632  8.923778436386622e-06
437.1  -0.0008190285578147528  8.92341979537054e-06
437.15000000000003  -0.0008190284255088114  8.923011390894178e-06
437.20000000000005  -0.0008190282875798976  8.922562235588022e-06
437.25  -0.0008190281411986231  8.922083809722258e-06
437.3  -0.0008190279841090421  8.921589391735671e-06
437.35  -0.0008190278147753832  8.921093290233779e-06
437.40000000000003  -0.0008190276324746454  8.920609991901651e-06
437.45000000000005  -0.0008190274373414744  8.920153323359369e-06
437.5  -0.0008190272303652776  8.919735629759392e-06
437.55  -0.0008190270133241862  8.919367048219103e-06
437.6  -0.000819026788686157  8.919054907799147e-06
437.65000000000003  -0.0008190265594628633  8.918803298464868e-06
437.70000000000005  -0.000819026329032162  8.918612820686136e-06
437.75  -0.000819026100942544  8.918480546038303e-06
437.8  -0.0008190258787157429  8.918400193891384e-06
437.85  -0.0008190256656507593  8.918362499214902e-06
437.90000000000003  -0.0008190254646421021  8.9183557474209e-06
437.95000000000005  -0.0008190252780205752  8.918366486128457e-06
438.0  -0.0008190251074312395  8.918380304579832e-06
438.05  -0.0008190249537487386  8.918382692765727e-06
438.1  -0.000819024817035612  8.91835991645158e-06
438.15000000000003  -0.0008190246965435411  8.918299820621684e-06
438.20000000000005  -0.0008190245907653152  8.91819255018425e-06
438.25  -0.0008190244975246431  8.918031146468012e-06
438.3  -0.0008190244141040712  8.91781194838797e-06
438.35  -0.0008190243374117811  8.91753480806003e-06
438.40000000000003  -0.000819024264164357  8.917203112673053e-06
438.45000000000005  -0.0008190241910886992  8.916823565739782e-06
438.5  -0.0008190241151300024  8.916405792216975e-06
438.55  -0.000819024033634202  8.915961760529471e-06
438.6  -0.000819023944529044  8.915505070067548e-06
438.65000000000003  -0.0008190238464557942  8.915050141744237e-06
438.70000000000005  -0.0008190237388736977  8.914611364968365e-06
438.75  -0.000819023622097623  8.914202224682153e-06
438.8  -0.0008190234972970897  8.913834527984194e-06
438.85  -0.0008190233664307432  8.913517692142776e-06
438.90000000000003  -0.0008190232321408393  8.913258189073136e-06
438.95000000000005  -0.0008190230975977004  8.913059177784784e-06
439.0  -0.0008190229663116949  8.912920309199317e-06
439.05  -0.0008190228419153771  8.912837749769646e-06
439.1  -0.0008190227279578061  8.912804410701703e-06
439.15000000000003  -0.0008190226276853361  8.912810358107249e-06
439.20000000000005  -0.0008190225438510477  8.91284339506681e-06
439.25  -0.000819022478558377  8.912889776892165e-06
439.3  -0.0008190224331386655  8.912935019879257e-06
439.35  -0.0008190224080818738  8.912964743673212e-06
439.40000000000003  -0.0008190224030155548  8.912965524664803e-06
439.45000000000005  -0.0008190224167398984  8.912925674877596e-06
439.5  -0.0008190224473085978  8.912835946671503e-06
439.55  -0.0008190224921504268  8.91269006426151e-06
439.6  -0.000819022548230257  8.912485113020852e-06
439.65000000000003  -0.000819022612231482  8.912221707000983e-06
439.70000000000005  -0.0008190226807525403  8.911903955031173e-06
439.75  -0.0008190227505154213  8.91153922743279e-06
439.8  -0.0008190228185432416  8.911137718624275e-06
439.85  -0.0008190228823396473  8.910711842520253e-06
439.90000000000003  -0.000819022940026824  8.910275495323922e-06
439.95000000000005  -0.0008190229904369605  8.909843229091023e-06
440.0  -0.0008190230331822828  8.909429376304347e-06
440.05  -0.0008190230686730952  8.909047198588115e-06
440.1  -0.0008190230980845857  8.908708088692461e-06
440.15000000000003  -0.0008190231232859035  8.908420897052092e-06
440.20000000000005  -0.00081902314673364  8.908191392634993e-06
440.25  -0.0008190231713287564  8.908021925117826e-06
440.3  -0.000819023200241539  8.90791129212027e-06
440.35  -0.0008190232367294827  8.907854807279486e-06
440.40000000000003  -0.0008190232839340197  8.907844582851303e-06
440.45000000000005  -0.0008190233446990973  8.907870015738653e-06
440.5  -0.0008190234213846747  8.907918410688267e-06
440.55  -0.0008190235157174537  8.907975751801136e-06
440.6  -0.0008190236286646964  8.908027523978719e-06
440.65000000000003  -0.0008190237603695721  8.908059575213215e-06
440.70000000000005  -0.0008190239101071308  8.90805896116469e-06
440.75  -0.000819024076314189  8.908014691177924e-06
440.8  -0.000819024256662054  8.907918383051412e-06
440.85  -0.0008190244481716081  8.90776473737732e-06
440.90000000000003  -0.0008190246473887571  8.907551851443504e-06
440.95000000000005  -0.0008190248505666678  8.907281320683384e-06
441.0  -0.0008190250538906055  8.906958139960532e-06
441.05  -0.0008190252536927357  8.906590405859225e-06
441.1  -0.0008190254466668009  8.906188838059379e-06
441.15000000000003  -0.0008190256300531076  8.905766159521809e-06
441.20000000000005  -0.0008190258018005756  8.905336341507946e-06
441.25  -0.0008190259606637978  8.904913793529568e-06
441.3  -0.0008190261062740445  8.904512529029317e-06
441.35  -0.000819026239134584  8.904145340258175e-06
441.40000000000003  -0.0008190263605683599  8.903823057618688e-06
441.45000000000005  -0.0008190264726186018  8.903553908456746e-06
441.5  -0.0008190265778977712  8.903343031556495e-06
441.55  -0.0008190266794107958  8.903192176074092e-06
441.6  -0.0008190267803515326  8.903099584252946e-06
441.65000000000003  -0.0008190268838988245  8.903060088570505e-06
441.70000000000005  -0.0008190269930082054  8.903065397850647e-06
441.75  -0.0008190271102225588  8.903104590309062e-06
441.8  -0.0008190272375206277  8.90316474146482e-06
441.85  -0.0008190273761901136  8.90323169040481e-06
441.90000000000003  -0.0008190275267548833  8.903290872413821e-06
441.95000000000005  -0.0008190276889346093  8.903328185979036e-06
442.0  -0.0008190278616584198  8.903330822736168e-06
442.05  -0.0008190280431274485  8.903288040191843e-06
442.1  -0.0008190282309136603  8.903191802762684e-06
442.15000000000003  -0.0008190284220875254  8.903037261505722e-06
442.20000000000005  -0.0008190286133867247  8.902823056662515e-06
442.25  -0.0008190288013850942  8.902551397183965e-06
442.3  -0.000819028982678989  8.902227926311265e-06
442.35  -0.0008190291540640507  8.901861401067624e-06
442.40000000000003  -0.0008190293127145752  8.901463155548271e-06
442.45000000000005  -0.0008190294563215142  8.901046435737486e-06
442.5  -0.000819029583224298  8.900625596063613e-06
442.55  -0.000819029692495878  8.900215260004428e-06
442.6  -0.0008190297839899699  8.899829435709606e-06
442.65000000000003  -0.0008190298583503706  8.899480680588903e-06
442.70000000000005  -0.000819029916970948  8.899179359483467e-06
442.75  -0.0008190299619152103  8.898933037332422e-06
442.8  -0.0008190299957907172  8.898746019381058e-06
442.85  -0.0008190300215942225  8.898619113125806e-06
442.90000000000003  -0.0008190300425344925  8.89854957934256e-06
442.95000000000005  -0.000819030061832953  8.898531296626399e-06
443.0  -0.0008190300825327537  8.89855514286486e-06
443.05  -0.0008190301072981544  8.898609514789249e-06
443.1  -0.0008190301382566149  8.898681029569891e-06
443.15000000000003  -0.0008190301768571364  8.898755297788528e-06
443.20000000000005  -0.0008190302237838327  8.898817785575066e-06
443.25  -0.0008190302788974857  8.898854653166944e-06
443.3  -0.0008190303412548568  8.89885356872473e-06
443.35  -0.000819030409148761  8.89880443174834e-06
443.40000000000003  -0.0008190304802188008  8.89869996141459e-06
443.45000000000005  -0.0008190305515873906  8.898536119309234e-06
443.5  -0.000819030620043689  8.89831234154165e-06
443.55  -0.0008190306822272644  8.898031579021863e-06
443.6  -0.0008190307348300734  8.897700114822893e-06
443.65000000000003  -0.0008190307748051613  8.897327203567958e-06
443.70000000000005  -0.0008190307995408314  8.896924514338557e-06
443.75  -0.0008190308070211438  8.896505461128347e-06
443.8  -0.0008190307959418877  8.896084395551736e-06
443.85  -0.0008190307657885957  8.89567576853659e-06
443.90000000000003  -0.0008190307168660579  8.89529326999431e-06
443.95000000000005  -0.0008190306502785417  8.894949010259008e-06
444.0  -0.000819030567868946  8.894652806791222e-06
444.05  -0.0008190304721087371  8.894411589182617e-06
444.1  -0.0008190303659579829  8.894228986517532e-06
444.15000000000003  -0.0008190302526968003  8.894105103198781e-06
444.20000000000005  -0.0008190301357449541  8.89403650658233e-06
444.25  -0.0008190300184715338  8.894016434538585e-06
444.3  -0.0008190299040040755  8.894035197696388e-06
444.35  -0.0008190297950537656  8.894080736528967e-06
444.40000000000003  -0.0008190296937728878  8.894139359438879e-06
444.45000000000005  -0.0008190296016241692  8.894196542312983e-06
444.5  -0.0008190295193033127  8.89423779901232e-06
444.55  -0.000819029446696563  8.89424953569415e-06
444.6  -0.0008190293828925083  8.89421986389929e-06
444.65000000000003  -0.0008190293262254389  8.89413930209998e-06
444.70000000000005  -0.0008190292743806581  8.894001324411135e-06
444.75  -0.0008190292245256432  8.893802753184182e-06
444.8  -0.0008190291734787566  8.893543943432882e-06
444.85  -0.0008190291179051746  8.893228741776549e-06
444.90000000000003  -0.0008190290545148941  8.892864273078054e-06
444.95000000000005  -0.0008190289802728963  8.892460495718959e-06
445.0  -0.0008190288925951588  8.892029633809874e-06
445.05  -0.0008190287895043451  8.89158543199381e-06
445.1  -0.0008190286697734292  8.891142363548162e-06
445.15000000000003  -0.0008190285329981673  8.89071477042883e-06
445.20000000000005  -0.0008190283796365459  8.890316022224995e-06
445.25  -0.0008190282109846193  8.889957740956193e-06
445.3  -0.0008190280290987475  8.889649115350002e-06
445.35  -0.0008190278366761207  8.889396373814619e-06
445.40000000000003  -0.0008190276368898779  8.889202421699183e-06
445.45000000000005  -0.0008190274331999387  8.889066675080376e-06
445.5  -0.0008190272291379331  8.888985099769959e-06
445.55  -0.0008190270281038233  8.888950447474495e-06
445.6  -0.0008190268331625506  8.888952681072567e-06
445.65000000000003  -0.0008190266468725212  8.888979575820063e-06
445.70000000000005  -0.00081902647114434  8.889017424752168e-06
445.75  -0.0008190263071348614  8.889051861436467e-06
445.8  -0.0008190261551896319  8.889068692676861e-06
445.85  -0.000819026014844169  8.889054758900853e-06
445.90000000000003  -0.0008190258848530766  8.888998713188294e-06
445.95000000000005  -0.000819025763278574  8.888891697625325e-06
446.0  -0.0008190256476166073  8.888727892125562e-06
446.05  -0.0008190255349462309  8.888504865297111e-06
446.1  -0.0008190254221039111  8.888223732544075e-06
446.15000000000003  -0.0008190253058729255  8.887889111660555e-06
446.20000000000005  -0.0008190251831701375  8.887508848794113e-06
446.25  -0.000819025051225911  8.887093565211309e-06
446.3  -0.0008190249077455122  8.886656028985634e-06
446.35  -0.0008190247510330312  8.88621039649986e-06
446.40000000000003  -0.000819024580099013  8.885771363428244e-06
446.45000000000005  -0.000819024394715298  8.885353290316524e-06
446.5  -0.0008190241954293199  8.88496934004781e-06
446.55  -0.000819023983542723  8.884630684819167e-06
446.6  -0.0008190237610423643  8.8843458519865e-06
446.65000000000003  -0.0008190235305005553  8.884120205615987e-06
446.70000000000005  -0.000819023294930125  8.883955636651629e-06
446.75  -0.0008190230576246395  8.88385045440471e-06
446.8  -0.0008190228219718165  8.88379950573896e-06
446.85  -0.0008190225912623492  8.883794477369529e-06
446.90000000000003  -0.0008190223685016014  8.883824407207434e-06
446.95000000000005  -0.0008190221562305953  8.883876357016363e-06
447.0  -0.0008190219563815082  8.88393617500113e-06
447.05  -0.0008190217701543508  8.883989347320759e-06
447.1  -0.0008190215979433287  8.884021859735937e-06
447.15000000000003  -0.0008190214393116636  8.884021028500466e-06
447.20000000000005  -0.0008190212930131041  8.883976250694545e-06
447.25  -0.000819021157065742  8.883879612335663e-06
447.3  -0.0008190210288696748  8.883726370427676e-06
447.35  -0.0008190209053730196  8.883515213552813e-06
447.40000000000003  -0.0008190207832611748  8.883248334172781e-06
447.45000000000005  -0.0008190206591629503  8.882931298047456e-06
447.5  -0.0008190205298654373  8.882572706372873e-06
447.55  -0.0008190203925138995  8.882183690176446e-06
447.6  -0.0008190202447965206  8.88177725222566e-06
447.65000000000003  -0.0008190200850871755  8.881367497990018e-06
447.70000000000005  -0.0008190199125507277  8.880968800151928e-06
447.75  -0.0008190197271952342  8.880594961666478e-06
447.8  -0.0008190195298795166  8.880258385617328e-06
447.85  -0.0008190193222591355  8.879969357836561e-06
447.90000000000003  -0.0008190191066878183  8.87973542365388e-06
447.95000000000005  -0.000819018886091599  8.879560940449412e-06
448.0  -0.0008190186637914742  8.879446808120715e-06
448.05  -0.0008190184433157457  8.879390403626359e-06
448.1  -0.0008190182281995876  8.879385729468055e-06
448.15000000000003  -0.0008190180217894623  8.879423749718306e-06
448.20000000000005  -0.0008190178270509894  8.879492920179982e-06
448.25  -0.0008190176464080222  8.879579857542998e-06
448.3  -0.0008190174816135353  8.879670140239898e-06
448.35  -0.0008190173336603405  8.879749148896611e-06
448.40000000000003  -0.0008190172027271619  8.879802929710507e-06
448.45000000000005  -0.0008190170881863593  8.879819025629592e-06
448.5  -0.0008190169886355651  8.879787213329077e-06
448.55  -0.0008190169020047071  8.879700104657889e-06
448.6  -0.0008190168256718384  8.879553585742182e-06
448.65000000000003  -0.0008190167566247221  8.87934705107239e-06
448.70000000000005  -0.0008190166916478439  8.879083439053458e-06
448.75  -0.0008190166275196723  8.878769047240094e-06
448.8  -0.0008190165612015393  8.878413148520744e-06
448.85  -0.0008190164900301361  8.878027434807605e-06
448.90000000000003  -0.0008190164118865637  8.877625313319154e-06
448.95000000000005  -0.0008190163253339058  8.877221109918152e-06
449.0  -0.0008190162297079496  8.876829208172938e-06
449.05  -0.0008190161251811267  8.87646320089691e-06
449.1  -0.0008190160127515723  8.876135079721823e-06
449.15000000000003  -0.0008190158942023634  8.875854530342848e-06
449.20000000000005  -0.000819015772000522  8.875628353876511e-06
449.25  -0.0008190156491510819  8.875460071333771e-06
449.3  -0.0008190155290260603  8.875349712511213e-06
449.35  -0.0008190154151548683  8.875293818342471e-06
449.40000000000003  -0.0008190153110180071  8.875285649290231e-06
449.45000000000005  -0.0008190152198348964  8.875315573741494e-06
449.5  -0.0008190151443661237  8.875371639088196e-06
449.55  -0.0008190150867442598  8.875440266637802e-06
449.6  -0.0008190150483519017  8.875507053636477e-06
449.65000000000003  -0.0008190150297347194  8.875557619626132e-06
449.70000000000005  -0.0008190150305756465  8.875578434377855e-06
449.75  -0.0008190150497160068  8.875557632703995e-06
449.8  -0.0008190150852328644  8.875485696433687e-06
449.85  -0.0008190151345636236  8.875356020363674e-06
449.90000000000003  -0.000819015194655469  8.875165319295673e-06
449.95000000000005  -0.0008190152621541946  8.874913802567222e-06
450.0  -0.0008190153336093619  8.874605195688672e-06
450.05  -0.0008190154056715986  8.87424651108159e-06
450.1  -0.0008190154752902521  8.87384764682779e-06
450.15000000000003  -0.0008190155398838248  8.873420810456422e-06
450.20000000000005  -0.0008190155974831569  8.872979799621258e-06
450.25  -0.0008190156468312248  8.872539182831025e-06
450.3  -0.0008190156874553362  8.872113442304316e-06
450.35  -0.0008190157196742412  8.871716113201104e-06
450.40000000000003  -0.0008190157445803858  8.87135896961665e-06
450.45000000000005  -0.0008190157639530719  8.87105132687247e-06
450.5  -0.0008190157801572933  8.870799484442856e-06
450.55  -0.0008190157959990375  8.870606345625417e-06
450.6  -0.0008190158145565851  8.870471243619879e-06
450.65000000000003  -0.0008190158389968666  8.870389993437082e-06
450.70000000000005  -0.0008190158723887858  8.87035513755176e-06
450.75  -0.0008190159175188663  8.870356400543316e-06
450.8  -0.0008190159767232926  8.870381304792768e-06
450.85  -0.000819016051735169  8.870415922424446e-06
450.90000000000003  -0.0008190161435765048  8.870445709009754e-06
450.95000000000005  -0.0008190162524769794  8.87045637134481e-06
451.0  -0.0008190163778424332  8.870434726524976e-06
451.05  -0.0008190165182711738  8.870369479855146e-06
451.1  -0.0008190166716182912  8.870251898058959e-06
451.15000000000003  -0.0008190168350966388  8.870076322685383e-06
451.20000000000005  -0.0008190170054272764  8.869840505458851e-06
451.25  -0.0008190171790195228  8.869545736726425e-06
451.3  -0.0008190173521725072  8.869196761875889e-06
451.35  -0.0008190175212831207  8.8688015065613e-06
451.40000000000003  -0.0008190176830570511  8.868370604545625e-06
451.45000000000005  -0.00081901783470493  8.867916773096208e-06
451.5  -0.0008190179741049352  8.867454066101418e-06
451.55  -0.0008190180999184351  8.86699705715836e-06
451.6  -0.0008190182116689998  8.866559980245069e-06
451.65000000000003  -0.0008190183097567141  8.866155911348562e-06
451.70000000000005  -0.0008190183954189772  8.865796003576574e-06
451.75  -0.0008190184706417722  8.8654888301228e-06
451.8  -0.0008190185380191664  8.865239903958831e-06
451.85  -0.0008190186005737765  8.865051345208512e-06
451.90000000000003  -0.0008190186615649489  8.864921762316135e-06
451.95000000000005  -0.0008190187242712746  8.864846340505736e-06
452.0  -0.000819018791778652  8.86481711061737e-06
452.05  -0.0008190188667953799  8.864823431733635e-06
452.1  -0.0008190189514730685  8.86485259623431e-06
452.15000000000003  -0.0008190190472908917  8.864890582882317e-06
452.20000000000005  -0.000819019154953316  8.864922881577394e-06
452.25  -0.0008190192743572218  8.86493533631418e-06
452.3  -0.0008190194045962133  8.864914998658901e-06
452.35  -0.0008190195440107195  8.864850889810463e-06
452.40000000000003  -0.0008190196902858023  8.86473465033582e-06
452.45000000000005  -0.0008190198405767721  8.864561045200127e-06
452.5  -0.0008190199916772246  8.864328289045174e-06
452.55  -0.0008190201401953865  8.864038153617772e-06
452.6  -0.0008190202827442123  8.863695873921433e-06
452.65000000000003  -0.0008190204161228692  8.863309841168577e-06
452.70000000000005  -0.0008190205375006804  8.862891109181342e-06
452.75  -0.0008190206445753357  8.862452739977016e-06
452.8  -0.0008190207356921385  8.862009017587998e-06
452.85  -0.0008190208099415921  8.8615746044829e-06
452.90000000000003  -0.0008190208672107494  8.861163662044727e-06
452.95000000000005  -0.0008190209081802016  8.860789009203208e-06
453.0  -0.0008190209342905331  8.860461353910119e-06
453.05  -0.0008190209476619874  8.860188660276495e-06
453.1  -0.0008190209509672055  8.859975680938553e-06
453.15000000000003  -0.0008190209472749982  8.859823669826088e-06
453.20000000000005  -0.0008190209398760432  8.85973033018495e-06
453.25  -0.0008190209320787688  8.859689946263266e-06
453.3  -0.0008190209270177472  8.85969372640895e-06
453.35  -0.0008190209274588729  8.859730334571849e-06
453.40000000000003  -0.0008190209356356657  8.859786559479608e-06
453.45000000000005  -0.0008190209531131577  8.859848097806993e-06
453.5  -0.0008190209806861848  8.859900391389869e-06
453.55  -0.0008190210183305602  8.859929490045645e-06
453.6  -0.0008190210652005752  8.85992286671594e-06
453.65000000000003  -0.0008190211196771823  8.859870146363008e-06
453.70000000000005  -0.0008190211794656283  8.85976371526394e-06
453.75  -0.0008190212417279426  8.859599168222474e-06
453.8  -0.0008190213032702407  8.859375554931396e-06
453.85  -0.0008190213607252897  8.859095444232329e-06
453.90000000000003  -0.0008190214107626558  8.858764765804763e-06
453.95000000000005  -0.0008190214502934739  8.858392468657984e-06
454.0  -0.0008190214766540889  8.857989991610743e-06
454.05  -0.0008190214877661801  8.857570596942552e-06
454.1  -0.0008190214822596209  8.857148584454663e-06
454.15000000000003  -0.000819021459551748  8.856738461797474e-06
454.20000000000005  -0.0008190214198772336  8.856354070575171e-06
454.25  -0.0008190213642799309  8.8560077746079e-06
454.3  -0.0008190212945406757  8.8557097356768e-06
454.35  -0.0008190212130805045  8.85546728985004e-06
454.40000000000003  -0.0008190211228266026  8.855284519031703e-06
454.45000000000005  -0.0008190210270334461  8.855161998571454e-06
454.5  -0.0008190209291144731  8.855096758627256e-06
454.55  -0.0008190208324420791  8.855082454714493e-06
454.6  -0.0008190207401683964  8.855109739596529e-06
454.65000000000003  -0.0008190206550471881  8.855166825474329e-06
454.70000000000005  -0.0008190205792773428  8.855240188228568e-06
454.75  -0.0008190205143891983  8.855315368370628e-06
454.8  -0.0008190204611562488  8.855377843923896e-06
454.85  -0.0008190204195500797  8.8554138929311e-06
454.90000000000003  -0.0008190203887450661  8.855411414715876e-06
454.95000000000005  -0.0008190203671602354  8.855360652178582e-06
455.0  -0.0008190203525535137  8.855254770729465e-06
455.05  -0.0008190203421488192  8.855090261700887e-06
455.1  -0.0008190203327937123  8.854867147360841e-06
455.15000000000003  -0.0008190203211474737  8.854588968969495e-06
455.20000000000005  -0.0008190203038816847  8.854262572391652e-06
455.25  -0.0008190202778725298  8.853897699320117e-06
455.3  -0.0008190202403929689  8.853506404698087e-06
455.35  -0.0008190201892872947  8.853102332941672e-06
455.40000000000003  -0.0008190201231067554  8.852699920775908e-06
455.45000000000005  -0.0008190200412052875  8.852313541969354e-06
455.5  -0.0008190199437827243  8.851956668142315e-06
455.55  -0.0008190198318885494  8.851641078396898e-06
455.6  -0.0008190197073593578  8.851376178294285e-06
455.65000000000003  -0.0008190195727110806  8.851168448343965e-06
455.70000000000005  -0.0008190194309918441  8.851021081992638e-06
455.75  -0.0008190192855905843  8.85093379623795e-06
455.8  -0.0008190191400329908  8.850902858398096e-06
455.85  -0.0008190189977651435  8.85092131514009e-06
455.90000000000003  -0.0008190188619447954  8.850979396169225e-06
455.95000000000005  -0.0008190187352462013  8.851065092163038e-06
456.0  -0.0008190186196982232  8.851164864083906e-06
456.05  -0.0008190185165660481  8.851264435535359e-06
456.1  -0.0008190184262805302  8.851349636532116e-06
456.15000000000003  -0.0008190183484180898  8.851407232402897e-06
456.20000000000005  -0.0008190182817355771  8.851425714053894e-06
456.25  -0.0008190182242514846  8.851395975721329e-06
456.3  -0.0008190181733716384  8.851311849037628e-06
456.35  -0.0008190181260582373  8.851170492768707e-06
456.40000000000003  -0.0008190180790054797  8.850972548974864e-06
456.45000000000005  -0.0008190180288421666  8.8507221319414e-06
456.5  -0.0008190179723304697  8.850426578894737e-06
456.55  -0.0008190179065447453  8.85009602479372e-06
456.6  -0.0008190178290487143  8.849742816205907e-06
456.65000000000003  -0.0008190177380214233  8.849380764745806e-06
456.70000000000005  -0.0008190176323619847  8.849024335453584e-06
456.75  -0.0008190175117436165  8.848687772189888e-06
456.8  -0.00081901737663049  8.848384253199457e-06
456.85  -0.0008190172282537922  8.84812508909706e-06
456.90000000000003  -0.0008190170685311777  8.847919046953644e-06
456.95000000000005  -0.0008190168999652897  8.847771812775886e-06
457.0  -0.0008190167255010687  8.847685645059044e-06
457.05  -0.0008190165483608613  8.84765924125217e-06
457.1  -0.0008190163718583978  8.847687800647144e-06
457.15000000000003  -0.0008190161992200041  8.847763318252009e-06
457.20000000000005  -0.0008190160333885495  8.84787505311469e-06
457.25  -0.0008190158768609003  8.848010172395147e-06
457.3  -0.0008190157315448861  8.848154501239379e-06
457.35  -0.0008190155986355013  8.848293378050254e-06
457.40000000000003  -0.0008190154785476817  8.848412516323828e-06
457.45000000000005  -0.0008190153708906749  8.848498848773698e-06
457.5  -0.0008190152744803092  8.848541291725845e-06
457.55  -0.0008190151874147275  8.848531395778828e-06
457.6  -0.0008190151071796909  8.848463837974642e-06
457.65000000000003  -0.0008190150307985644  8.848336722014198e-06
457.70000000000005  -0.0008190149550175654  8.84815168664013e-06
457.75  -0.0008190148764969873  8.847913789369454e-06
457.8  -0.000819014792022976  8.847631209825272e-06
457.85  -0.0008190146987039626  8.847314741105877e-06
457.90000000000003  -0.0008190145941558393  8.846977167966839e-06
457.95000000000005  -0.0008190144766543019  8.846632483812682e-06
458.0  -0.0008190143452451442  8.846295076769838e-06
458.05  -0.0008190141998070077  8.845978854680092e-06
458.1  -0.0008190140410655613  8.84569644110341e-06
458.15000000000003  -0.0008190138705515647  8.845458407537245e-06
458.20000000000005  -0.0008190136905105582  8.845272647614393e-06
458.25  -0.000819013503764798  8.845143903084382e-06
458.3  -0.0008190133135530452  8.84507346478661e-06
458.35  -0.0008190131233371458  8.845059104970105e-06
458.40000000000003  -0.0008190129365994618  8.84509517861537e-06
458.45000000000005  -0.000819012756644575  8.845172955081518e-06
458.5  -0.0008190125864145268  8.845281125733641e-06
458.55  -0.0008190124283295254  8.845406455635372e-06
458.6  -0.0008190122841561125  8.845534563554176e-06
458.65000000000003  -0.0008190121549105193  8.845650761446304e-06
458.70000000000005  -0.0008190120408234978  8.845740919241488e-06
458.75  -0.0008190119413258748  8.845792305846312e-06
458.8  -0.0008190118550959397  8.845794325038525e-06
458.85  -0.0008190117801450393  8.845739154840688e-06
458.90000000000003  -0.0008190117139332664  8.84562220723425e-06
458.95000000000005  -0.0008190116535256868  8.845442390139876e-06
459.0  -0.000819011595769494  8.845202179160946e-06
459.05  -0.0008190115374803115  8.84490746074656e-06
459.1  -0.0008190114756365498  8.844567180127556e-06
459.15000000000003  -0.0008190114075638818  8.844192804379055e-06
459.20000000000005  -0.0008190113311026107  8.84379763499215e-06
459.25  -0.0008190112447463022  8.843396016684638e-06
459.3  -0.0008190111477408796  8.843002474570485e-06
459.35  -0.000819011040145887  8.842630853896148e-06
459.40000000000003  -0.0008190109228446164  8.842293499567756e-06
459.45000000000005  -0.0008190107974962504  8.842000519862373e-06
459.5  -0.000819010666451393  8.841759197348426e-06
459.55  -0.0008190105326124451  8.841573562874921e-06
459.6  -0.0008190103992687122  8.84144416121843e-06
459.65000000000003  -0.0008190102698986888  8.841368030267278e-06
459.70000000000005  -0.0008190101479580641  8.841338882396529e-06
459.75  -0.0008190100366690016  8.841347476095307e-06
459.8  -0.0008190099388299426  8.841382167397113e-06
459.85  -0.000819009856631551  8.841429603997876e-06
459.90000000000003  -0.0008190097915413176  8.841475505357412e-06
459.95000000000005  -0.0008190097442030922  8.841505512696473e-06
460.0  -0.000819009714402476  8.841506026309172e-06
460.05  -0.0008190097010845274  8.84146501189259e-06
460.1  -0.0008190097024203313  8.841372716721302e-06
460.15000000000003  -0.0008190097159209185  8.84122224500516e-06
460.20000000000005  -0.0008190097385958214  8.841009969822594e-06
460.25  -0.0008190097671345793  8.840735751207657e-06
460.3  -0.000819009798108127  8.840402973977622e-06
460.35  -0.0008190098281778534  8.84001834408339e-06
460.40000000000003  -0.0008190098542939654  8.839591513821066e-06
460.45000000000005  -0.0008190098738672448  8.83913452292065e-06
460.5  -0.0008190098849183104  8.838661095371316e-06
460.55  -0.0008190098861802156  8.838185843175212e-06
460.6  -0.0008190098771657311  8.837723405835706e-06
460.65000000000003  -0.000819009858177392  8.837287582286906e-06
460.70000000000005  -0.000819009830283672  8.836890518508131e-06
460.75  -0.0008190097952375296  8.83654198884597e-06
460.8  -0.0008190097553802165  8.83624881385615e-06
460.85  -0.000819009713493992  8.836014454805322e-06
460.90000000000003  -0.0008190096726387667  8.83583880185708e-06
460.95000000000005  -0.0008190096359793096  8.83571818591721e-06
461.0  -0.0008190096066043256  8.835645601632707e-06
461.05  -0.0008190095873387386  8.83561112850317e-06
461.1  -0.0008190095805860479  8.835602526089249e-06
461.15000000000003  -0.0008190095881848607  8.835605972903372e-06
461.20000000000005  -0.0008190096112901817  8.835606909970528e-06
461.25  -0.0008190096502989567  8.835590909898926e-06
461.3  -0.0008190097048137824  8.835544547204101e-06
461.35  -0.0008190097736468059  8.835456208562578e-06
461.40000000000003  -0.0008190098548776246  8.835316785035601e-06
461.45000000000005  -0.0008190099459443785  8.835120216233458e-06
461.5  -0.000819010043784898  8.834863848605485e-06
461.55  -0.0008190101450003992  8.834548599588057e-06
461.6  -0.0008190102460522076  8.834178888260315e-06
461.65000000000003  -0.0008190103434590069  8.833762379714888e-06
461.70000000000005  -0.0008190104340032255  8.83330953106048e-06
461.75  -0.0008190105149219596  8.83283296906239e-06
461.8  -0.0008190105840675608  8.832346742986713e-06
461.85  -0.000819010640036368  8.831865502707315e-06
461.90000000000003  -0.0008190106822555252  8.831403641381655e-06
461.95000000000005  -0.0008190107110136734  8.83097445530251e-06
462.0  -0.0008190107274356933  8.830589366961412e-06
462.05  -0.0008190107334176681  8.830257273009464e-06
462.1  -0.0008190107315021881  8.829984016424136e-06
462.15000000000003  -0.0008190107247119178  8.829772069358986e-06
462.20000000000005  -0.0008190107163659714  8.829620375650719e-06
462.25  -0.0008190107098628715  8.82952442024488e-06
462.3  -0.0008190107084727839  8.82947651285632e-06
462.35  -0.0008190107151296707  8.829466216102094e-06
462.40000000000003  -0.0008190107322523735  8.829480976724831e-06
462.45000000000005  -0.0008190107615898562  8.829506856250133e-06
462.5  -0.0008190108041271293  8.82952934912922e-06
462.55  -0.0008190108600147789  8.829534240911837e-06
462.6  -0.0008190109285702175  8.829508445878085e-06
462.65000000000003  -0.0008190110083181637  8.829440780861917e-06
462.70000000000005  -0.0008190110970820303  8.829322627325158e-06
462.75  -0.0008190111921195319  8.829148445903701e-06
462.8  -0.0008190112902819372  8.82891611197784e-06
462.85  -0.000819011388199198  8.828627049857463e-06
462.90000000000003  -0.0008190114824777291  8.828286139746233e-06
462.95000000000005  -0.0008190115698931527  8.827901443585347e-06
463.0  -0.0008190116475740577  8.827483729052029e-06
463.05  -0.000819011713165233  8.827045825422113e-06
463.1  -0.0008190117649668168  8.826601871034104e-06
463.15000000000003  -0.0008190118020183326  8.826166460068141e-06
463.20000000000005  -0.0008190118241643336  8.825753788465848e-06
463.25  -0.0008190118320623466  8.82537679818842e-06
463.3  -0.0008190118271532297  8.825046408852521e-06
463.35  -0.0008190118115764244  8.82477087544263e-06
463.40000000000003  -0.0008190117880534565  8.824555291057868e-06
463.45000000000005  -0.0008190117597347399  8.824401294142388e-06
463.5  -0.0008190117300133752  8.82430696982255e-06
463.55  -0.0008190117023362772  8.824266972058117e-06
463.6  -0.0008190116799985642  8.824272851482668e-06
463.65000000000003  -0.0008190116659489355  8.82431354596962e-06
463.70000000000005  -0.0008190116626134667  8.824376060423411e-06
463.75  -0.0008190116717381511  8.824446223989124e-06
463.8  -0.0008190116942966945  8.824509529071329e-06
463.85  -0.00081901173041695  8.82455199502721e-06
463.90000000000003  -0.0008190117793767023  8.82456097219095e-06
463.95000000000005  -0.0008190118396420462  8.824525900639818e-06
464.0  -0.0008190119089572595  8.82443891972028e-06
464.05  -0.0008190119844923251  8.824295329362794e-06
464.1  -0.0008190120630018234  8.824093852935022e-06
464.15000000000003  -0.0008190121410366919  8.823836720263313e-06
464.20000000000005  -0.0008190122151470387  8.823529530849758e-06
464.25  -0.0008190122820983006  8.823180929360503e-06
464.3  -0.0008190123390645624  8.822802097412487e-06
464.35  -0.0008190123838060284  8.822406094217733e-06
464.40000000000003  -0.0008190124148031319  8.82200710300451e-06
464.45000000000005  -0.0008190124313426156  8.821619587630336e-06
464.5  -0.0008190124335583018  8.821257449268395e-06
464.55  -0.0008190124224203135  8.8209332042735e-06
464.6  -0.0008190123996701075  8.820657242649397e-06
464.65000000000003  -0.0008190123677163693  8.820437221079966e-06
464.70000000000005  -0.0008190123294828089  8.820277600765061e-06
464.75  -0.0008190122882363821  8.820179378746327e-06
464.8  -0.0008190122474020738  8.82014002757741e-06
464.85  -0.0008190122103562222  8.820153645379609e-06
464.90000000000003  -0.0008190121802457323  8.820211292692422e-06
464.95000000000005  -0.0008190121598064525  8.820301532944759e-06
465.0  -0.0008190121512074206  8.820411099673387e-06
465.05  -0.0008190121559437779  8.820525695257602e-06
465.1  -0.0008190121747446014  8.820630832079377e-06
465.15000000000003  -0.0008190122075350887  8.82071270715695e-06
465.20000000000005  -0.0008190122534411484  8.820759022256709e-06
465.25  -0.000819012310832538  8.82075971561755e-06
465.3  -0.0008190123774192584  8.820707564413297e-06
465.35  -0.0008190124503645995  8.820598622490215e-06
465.40000000000003  -0.0008190125264472556  8.820432437851465e-06
465.45000000000005  -0.0008190126022417342  8.820212091871288e-06
465.5  -0.0008190126743086165  8.819944002256869e-06
465.55  -0.0008190127393962169  8.819637546280496e-06
465.6  -0.0008190127946308491  8.81930448731424e-06
465.65000000000003  -0.0008190128376801613  8.81895827809702e-06
465.70000000000005  -0.0008190128669003918  8.818613260633203e-06
465.75  -0.0008190128814255046  8.81828380578742e-06
465.8  -0.0008190128812326475  8.817983468484432e-06
465.85  -0.0008190128671310821  8.817724181923135e-06
465.90000000000003  -0.0008190128407201934  8.817515554713443e-06
465.95000000000005  -0.0008190128042891258  8.817364317811644e-06
466.0  -0.0008190127606735512  8.81727392451669e-06
466.05  -0.0008190127130700013  8.817244357011127e-06
466.1  -0.0008190126648470568  8.817272133637396e-06
466.15000000000003  -0.0008190126193204813  8.81735052129292e-06
466.20000000000005  -0.0008190125795432141  8.817469933168382e-06
466.25  -0.0008190125481200339  8.817618485787372e-06
466.3  -0.0008190125270380676  8.817782698742238e-06
466.35  -0.000819012517541487  8.817948284505763e-06
466.40000000000003  -0.0008190125200534336  8.818100973919394e-06
466.45000000000005  -0.0008190125341524818  8.818227352421675e-06
466.5  -0.00081901255859559  8.81831564537069e-06
466.55  -0.0008190125913876485  8.818356395440242e-06
466.6  -0.0008190126299078461  8.81834303329812e-06
466.65000000000003  -0.000819012671064101  8.818272249997783e-06
466.70000000000005  -0.0008190127114796465  8.818144203493936e-06
466.75  -0.0008190127476904057  8.81796250365018e-06
466.8  -0.0008190127763504294  8.81773400607396e-06
466.85  -0.0008190127944148624  8.817468420463923e-06
466.90000000000003  -0.0008190127993200055  8.817177721078245e-06
466.95000000000005  -0.0008190127891219632  8.816875447891078e-06
467.0  -0.0008190127625990959  8.81657589154347e-06
467.05  -0.0008190127193106435  8.816293245923344e-06
467.1  -0.0008190126596155291  8.816040753896384e-06
467.15000000000003  -0.0008190125846410592  8.815829897207178e-06
467.20000000000005  -0.000819012496215931  8.815669717786236e-06
467.25  -0.0008190123967579008  8.815566248796024e-06
467.3  -0.0008190122891365066  8.815522151913845e-06
467.35  -0.0008190121765063291  8.815536541658233e-06
467.40000000000003  -0.0008190120621342276  8.815605023552758e-06
467.45000000000005  -0.0008190119492001601  8.81571994776776e-06
467.5  -0.0008190118406291138  8.81587085501095e-06
467.55  -0.0008190117389163618  8.816045095471768e-06
467.6  -0.0008190116459839015  8.8162285710316e-06
467.65000000000003  -0.0008190115630679021  8.816406575627364e-06
467.70000000000005  -0.0008190114906448548  8.81656465300223e-06
467.75  -0.0008190114284002006  8.816689458782307e-06
467.8  -0.0008190113752402038  8.816769538142442e-06
467.85  -0.0008190113293570098  8.81679599524165e-06
467.90000000000003  -0.0008190112883290345  8.816763013578892e-06
467.95000000000005  -0.000819011249272991  8.816668183437106e-06
468.0  -0.0008190112090087324  8.816512641309968e-06
468.05  -0.0008190111642615123  8.816300982042381e-06
468.1  -0.0008190111118589359  8.816040979517771e-06
468.15000000000003  -0.0008190110489297172  8.815743122041783e-06
468.20000000000005  -0.0008190109730849697  8.815419981874164e-06
468.25  -0.0008190108825679663  8.815085463932388e-06
468.3  -0.0008190107763630455  8.814753988485688e-06
468.35  -0.0008190106542697357  8.814439631393898e-06
468.40000000000003  -0.0008190105169139407  8.81415529545293e-06
468.45000000000005  -0.000819010365716906  8.813911942958308e-06
468.5  -0.000819010202814439  8.813717945547615e-06
468.55  -0.0008190100309274424  8.813578588738212e-06
468.6  -0.000819009853210342  8.813495749573322e-06
468.65000000000003  -0.0008190096730618141  8.81346777587748e-06
468.70000000000005  -0.0008190094939299914  8.813489579257328e-06
468.75  -0.0008190093191132096  8.813552918944447e-06
468.8  -0.0008190091515798653  8.8136468868055e-06
468.85  -0.0008190089937896665  8.81375853957879e-06
468.90000000000003  -0.0008190088475747998  8.813873660621697e-06
468.95000000000005  -0.0008190087140331846  8.813977599233971e-06
469.0  -0.0008190085934840504  8.81405613733816e-06
469.05  -0.0008190084854520879  8.814096329061048e-06
469.1  -0.0008190083887138934  8.814087270853522e-06
469.15000000000003  -0.0008190083013743454  8.81402076135596e-06
469.20000000000005  -0.0008190082209856092  8.81389177967342e-06
469.25  -0.0008190081447003662  8.813698798548417e-06
469.3  -0.0008190080694421008  8.81344386875955e-06
469.35  -0.0008190079920849929  8.81313250850448e-06
469.40000000000003  -0.0008190079096475035  8.81277336858236e-06
469.45000000000005  -0.0008190078194660911  8.812377721508988e-06
469.5  -0.0008190077193561369  8.81195879264289e-06
469.55  -0.0008190076077536027  8.81153095993396e-06
469.6  -0.0008190074838153289  8.811108913780183e-06
469.65000000000003  -0.0008190073474766516  8.810706775188551e-06
469.70000000000005  -0.0008190071994772741  8.810337266574415e-06
469.75  -0.0008190070413237123  8.810010950953515e-06
469.8  -0.000819006875217831  8.809735621417543e-06
469.85  -0.0008190067039312546  8.809515837401036e-06
469.90000000000003  -0.0008190065306566194  8.80935267259797e-06
469.95000000000005  -0.0008190063588174439  8.80924366178544e-06
470.0  -0.0008190061918715514  8.809182956105157e-06
470.05  -0.0008190060330951691  8.809161688569682e-06
470.1  -0.000819005885399301  8.809168503328508e-06
470.15000000000003  -0.0008190057511362759  8.809190243507501e-06
470.20000000000005  -0.0008190056319688592  8.809212732075475e-06
470.25  -0.000819005528755272  8.80922162047363e-06
470.3  -0.000819005441502616  8.809203229365441e-06
470.35  -0.0008190053693636946  8.809145374181798e-06
470.40000000000003  -0.000819005310688262  8.809038069232259e-06
470.45000000000005  -0.0008190052631260542  8.808874135752295e-06
470.5  -0.0008190052237726518  8.808649613297956e-06
470.55  -0.0008190051893496007  8.808364024888698e-06
470.6  -0.0008190051564077055  8.80802038683644e-06
470.65000000000003  -0.0008190051215384629  8.80762506070274e-06
470.70000000000005  -0.0008190050815879636  8.80718738575112e-06
470.75  -0.0008190050338333018  8.806719140781196e-06
470.8  -0.0008190049761546302  8.806233864350828e-06
470.85  -0.0008190049071610907  8.805746062066477e-06
470.90000000000003  -0.0008190048262605226  8.805270366413361e-06
470.95000000000005  -0.0008190047336907581  8.80482067730341e-06
471.0  -0.0008190046304971183  8.804409340597936e-06
471.05  -0.0008190045184558065  8.804046431069661e-06
471.1  -0.0008190043999766855  8.803739140549483e-06
471.15000000000003  -0.0008190042779431786  8.803491362402958e-06
471.20000000000005  -0.0008190041555491126  8.803303460678613e-06
471.25  -0.0008190040361067402  8.803172252628655e-06
471.3  -0.00081900392286356  8.803091188991298e-06
471.35  -0.0008190038188147683  8.803050756172747e-06
471.40000000000003  -0.0008190037265350511  8.80303904403129e-06
471.45000000000005  -0.0008190036480300716  8.803042458719202e-06
471.5  -0.000819003584631593  8.803046541211684e-06
471.55  -0.0008190035369115042  8.803036830900245e-06
471.6  -0.0008190035046522845  8.802999737563162e-06
471.65000000000003  -0.0008190034868529432  8.80292335621335e-06
471.70000000000005  -0.0008190034817772766  8.802798187442494e-06
471.75  -0.0008190034870482223  8.80261769937692e-06
471.8  -0.0008190034997762944  8.802378723203434e-06
471.85  -0.0008190035167206195  8.802081639805947e-06
471.90000000000003  -0.0008190035344691261  8.801730366111028e-06
471.95000000000005  -0.0008190035496342024  8.801332109845171e-06
472.0  -0.0008190035590609441  8.800896950151627e-06
472.05  -0.0008190035600135612  8.800437240808335e-06
472.1  -0.0008190035503413598  8.799966870381482e-06
472.15000000000003  -0.0008190035286184062  8.7995004496807e-06
472.20000000000005  -0.0008190034942415224  8.799052441257806e-06
472.25  -0.0008190034474628143  8.79863630438816e-06
472.3  -0.0008190033893954386  8.79826372035715e-06
472.35  -0.0008190033219397387  8.797943899459195e-06
472.40000000000003  -0.0008190032476715806  8.797683042012874e-06
472.45000000000005  -0.0008190031696886145  8.797483995179171e-06
472.5  -0.0008190030914195081  8.79734607665513e-06
472.55  -0.000819003016412842  8.797265132424428e-06
472.6  -0.0008190029481198545  8.797233780413164e-06
472.65000000000003  -0.000819002889679682  8.797241850061629e-06
472.70000000000005  -0.0008190028437408706  8.797276978368359e-06
472.75  -0.0008190028122977279  8.797325336111841e-06
472.8  -0.0008190027965673111  8.797372438164026e-06
472.85  -0.0008190027969379205  8.797404006802246e-06
472.90000000000003  -0.0008190028129381473  8.797406794449963e-06
472.95000000000005  -0.0008190028432844484  8.797369376961368e-06
473.0  -0.0008190028859553993  8.797282820120463e-06
473.05  -0.0008190029383244779  8.79714121269394e-06
473.1  -0.0008190029973252882  8.796942022134928e-06
473.15000000000003  -0.0008190030596300372  8.796686238049501e-06
473.20000000000005  -0.0008190031218514072  8.79637833204759e-06
473.25  -0.0008190031807497163  8.796025989430485e-06
473.3  -0.0008190032334228272  8.795639657827492e-06
473.35  -0.0008190032774689185  8.795231932477482e-06
473.40000000000003  -0.0008190033111399276  8.794816805787623e-06
473.45000000000005  -0.0008190033334421714  8.794408836359526e-06
473.5  -0.0008190033441819054  8.794022280684036e-06
473.55  -0.0008190033439949246  8.793670242402698e-06
473.6  -0.0008190033343077758  8.7933638865576e-06
473.65000000000003  -0.0008190033172592061  8.793111781305453e-06
473.70000000000005  -0.0008190032955848007  8.792919386925837e-06
473.75  -0.0008190032724628161  8.792788737339635e-06
473.8  -0.0008190032513330491  8.792718312432843e-06
473.85  -0.0008190032356969331  8.792703150189529e-06
473.90000000000003  -0.0008190032289221024  8.792735139422406e-06
473.95000000000005  -0.0008190032340363494  8.79280350414601e-06
474.0  -0.0008190032535500586  8.792895456365937e-06
474.05  -0.0008190032893062622  8.792996950882613e-06
474.1  -0.0008190033423654823  8.793093521875786e-06
474.15000000000003  -0.0008190034129340997  8.793171136492776e-06
474.20000000000005  -0.0008190035003451218  8.79321701825319e-06
474.25  -0.000819003603103174  8.793220397790074e-06
474.3  -0.0008190037189501159  8.793173140022063e-06
474.35  -0.0008190038450115283  8.793070216723381e-06
474.40000000000003  -0.0008190039779633711  8.792909995641645e-06
474.45000000000005  -0.0008190041142316652  8.792694332670765e-06
474.5  -0.0008190042502088945  8.792428458204876e-06
474.55  -0.0008190043824766047  8.792120666151963e-06
474.6  -0.0008190045080026503  8.791781832767002e-06
474.65000000000003  -0.0008190046243323813  8.791424775414676e-06
474.70000000000005  -0.0008190047297194005  8.791063502651777e-06
474.75  -0.0008190048232306729  8.790712403659341e-06
474.8  -0.0008190049047835987  8.790385396853268e-06
474.85  -0.0008190049751512904  8.790095117985268e-06
474.90000000000003  -0.00081900503588247  8.789852179211135e-06
474.95000000000005  -0.0008190050892136808  8.789664538688224e-06
475.0  -0.000819005137907168  8.789537030737629e-06
475.05  -0.0008190051850858089  8.789471069474484e-06
475.1  -0.0008190052340303715  8.789464560251636e-06
475.15000000000003  -0.0008190052879849664  8.789512002975214e-06
475.20000000000005  -0.0008190053499526877  8.789604816494237e-06
475.25  -0.0008190054225285141  8.78973183673329e-06
475.3  -0.0008190055077361722  8.789879961882156e-06
475.35  -0.0008190056069090116  8.79003494104599e-06
475.40000000000003  -0.0008190057206162464  8.790182209943262e-06
475.45000000000005  -0.0008190058486249544  8.790307762525807e-06
475.5  -0.0008190059899057013  8.790398987465844e-06
475.55  -0.0008190061426910848  8.790445416095882e-06
475.6  -0.0008190063045672083  8.79043935212982e-06
475.65000000000003  -0.0008190064725980901  8.79037633552736e-06
475.70000000000005  -0.0008190066434845893  8.790255402367172e-06
475.75  -0.0008190068137398029  8.79007914218017e-06
475.8  -0.0008190069798717387  8.789853542532267e-06
475.85  -0.0008190071385762676  8.789587620591766e-06
475.90000000000003  -0.0008190072869068547  8.78929288158285e-06
475.95000000000005  -0.0008190074224346702  8.788982629653777e-06
476.0  -0.0008190075433836221  8.788671165095097e-06
476.05  -0.0008190076487231257  8.788372933231738e-06
476.1  -0.0008190077382222229  8.788101652190813e-06
476.15000000000003  -0.0008190078124651052  8.787869503773136e-06
476.20000000000005  -0.0008190078728036494  8.787686407978317e-06
476.25  -0.000819007921277047  8.787559435656771e-06
476.3  -0.0008190079604862193  8.787492400929393e-06
476.35  -0.0008190079934260358  8.78748563043995e-06
476.40000000000003  -0.000819008023301945  8.787535950307472e-06
476.45000000000005  -0.0008190080533214514  8.787636883568028e-06
476.5  -0.0008190080864868064  8.78777902125951e-06
476.55  -0.0008190081254049002  8.787950580609136e-06
476.6  -0.0008190081721159543  8.788138096008829e-06
476.65000000000003  -0.0008190082279495182  8.788327203935738e-06
476.70000000000005  -0.0008190082934362411  8.788503482660211e-06
476.75  -0.000819008368266225  8.788653285043708e-06
476.8  -0.0008190084513064482  8.788764543137158e-06
476.85  -0.0008190085406577561  8.78882746083848e-06
476.90000000000003  -0.0008190086337722482  8.788835082067323e-06
476.95000000000005  -0.0008190087276015699  8.788783699919655e-06
477.0  -0.0008190088187854256  8.78867307035913e-06
477.05  -0.0008190089038514843  8.788506424552817e-06
477.1  -0.0008190089794168623  8.788290275102808e-06
477.15000000000003  -0.0008190090423872198  8.78803403570798e-06
477.20000000000005  -0.0008190090901441454  8.787749473048085e-06
477.25  -0.0008190091206836161  8.78744999777809e-06
477.3  -0.0008190091327311244  8.787149881657116e-06
477.35  -0.0008190091258148631  8.786863401179647e-06
477.40000000000003  -0.0008190091002725046  8.786603989087145e-06
477.45000000000005  -0.0008190090572319293  8.786383428848019e-06
477.5  -0.0008190089985354818  8.786211143764684e-06
477.55  -0.0008190089266376894  8.786093622364629e-06
477.6  -0.0008190088444530362  8.786034019968151e-06
477.65000000000003  -0.000819008755190158  8.78603196258535e-06
477.70000000000005  -0.0008190086621701275  8.786083556741055e-06
477.75  -0.0008190085686401245  8.78618160771714e-06
477.8  -0.0008190084775904822  8.786316046769261e-06
477.85  -0.0008190083915854641  8.786474518641713e-06
477.90000000000003  -0.0008190083126230128  8.78664310816383e-06
477.95000000000005  -0.000819008242019848  8.78680717258625e-06
478.0  -0.0008190081803414995  8.786952194840872e-06
478.05  -0.0008190081273697056  8.78706464684713e-06
478.1  -0.0008190080821104121  8.787132793640676e-06
478.15000000000003  -0.0008190080428636454  8.787147369798231e-06
478.20000000000005  -0.0008190080073119336  8.787102130198296e-06
478.25  -0.0008190079726617047  8.786994212683528e-06
478.3  -0.0008190079358124421  8.786824292657236e-06
478.35  -0.0008190078935414275  8.786596543788644e-06
478.40000000000003  -0.0008190078426967817  8.78631837878069e-06
478.45000000000005  -0.00081900778040333  8.786000011766406e-06
478.5  -0.0008190077042319024  8.785653842718769e-06
478.55  -0.0008190076123704334  8.785293730399356e-06
478.6  -0.0008190075037331271  8.784934167021044e-06
478.65000000000003  -0.0008190073780360037  8.784589427450278e-06
478.70000000000005  -0.0008190072358377172  8.78427272252096e-06
478.75  -0.000819007078496006  8.78399542236666e-06
478.8  -0.0008190069081010061  8.783766394253887e-06
478.85  -0.0008190067273527732  8.783591464138246e-06
478.90000000000003  -0.0008190065393928272  8.78347308555104e-06
478.95000000000005  -0.0008190063476303637  8.7834101945521e-06
479.0  -0.0008190061555395618  8.783398265791277e-06
479.05  -0.000819005966453081  8.78342957412535e-06
479.1  -0.000819005783371865  8.783493651853174e-06
479.15000000000003  -0.0008190056088068894  8.783577905062943e-06
479.20000000000005  -0.0008190054446278756  8.783668343414954e-06
479.25  -0.0008190052919822014  8.783750416875178e-06
479.3  -0.0008190051512314733  8.783809880074842e-06
479.35  -0.0008190050219459257  8.783833628872584e-06
479.40000000000003  -0.0008190049029386581  8.7838104818309e-06
479.45000000000005  -0.0008190047923506893  8.783731861628755e-06
479.5  -0.0008190046877617171  8.783592297285274e-06
479.55  -0.0008190045863429274  8.783389774126875e-06
479.6  -0.0008190044850186298  8.783125854104211e-06
479.65000000000003  -0.0008190043806525404  8.782805590770563e-06
479.70000000000005  -0.0008190042702388069  8.782437240301296e-06
479.75  -0.0008190041510726681  8.782031771469826e-06
479.8  -0.0008190040209152094  8.781602223110162e-06
479.85  -0.0008190038781299336  8.781162921566777e-06
479.90000000000003  -0.0008190037217824837  8.780728633413053e-06
479.95000000000005  -0.0008190035517098766  8.780313683050354e-06
480.0  -0.0008190033685356224  8.779931101358875e-06
480.05  -0.0008190031736503444  8.779591861517145e-06
480.1  -0.0008190029691379382  8.779304217402454e-06
480.15000000000003  -0.0008190027576719027  8.779073232384016e-06
480.20000000000005  -0.0008190025423648579  8.778900484250726e-06
480.25  -0.0008190023265966259  8.778783990813542e-06
480.3  -0.0008190021138206882  8.778718335904516e-06
480.35  -0.0008190019073545832  8.77869500705568e-06
480.40000000000003  -0.0008190017101926353  8.778702919226816e-06
480.45000000000005  -0.0008190015248258519  8.778729084412719e-06
480.5  -0.000819001353077258  8.77875938667819e-06
480.55  -0.0008190011960000418  8.778779437422024e-06
480.6  -0.0008190010538047638  8.778775427023674e-06
480.65000000000003  -0.0008190009258519349  8.77873494063903e-06
480.70000000000005  -0.0008190008106698228  8.778647708301466e-06
480.75  -0.0008190007060581844  8.778506196001649e-06
480.8  -0.0008190006092236486  8.778306063698775e-06
480.85  -0.0008190005169478118  8.77804642789048e-06
480.90000000000003  -0.0008190004257906293  8.777729906260393e-06
480.95000000000005  -0.0008190003323078113  8.77736247708585e-06
481.0  -0.0008190002332706267  8.776953131490778e-06
481.05  -0.0008190001258592577  8.776513354347474e-06
481.1  -0.0008190000078395725  8.776056451418137e-06
481.15000000000003  -0.0008189998777014563  8.77559678858842e-06
481.20000000000005  -0.0008189997347446891  8.775148931782634e-06
481.25  -0.0008189995791223003  8.774726812179581e-06
481.3  -0.0008189994118189541  8.774342902384135e-06
481.35  -0.0008189992345970722  8.774007481605851e-06
481.40000000000003  -0.0008189990498791997  8.773728039142541e-06
481.45000000000005  -0.000818998860615847  8.77350881712494e-06
481.5  -0.0008189986700996684  8.773350570052594e-06
481.55  -0.0008189984817889384  8.773250504720055e-06
481.6  -0.0008189982991035489  8.77320245001314e-06
481.65000000000003  -0.0008189981252341006  8.773197211436965e-06
481.70000000000005  -0.0008189979629698547  8.773223123931012e-06
481.75  -0.0008189978145429308  8.77326674269673e-06
481.8  -0.0008189976815023924  8.773313644919612e-06
481.85  -0.0008189975646414706  8.773349293996076e-06
481.90000000000003  -0.0008189974639449514  8.773359910617699e-06
481.95000000000005  -0.0008189973786046603  8.773333292448767e-06
482.0  -0.0008189973070617556  8.773259555791796e-06
482.05  -0.0008189972470989453  8.773131723318998e-06
482.1  -0.0008189971959715014  8.772946134539628e-06
482.15000000000003  -0.0008189971505756181  8.772702682269132e-06
482.20000000000005  -0.000818997107619361  8.772404796366989e-06
482.25  -0.0008189970638318704  8.77205925014959e-06
482.3  -0.000818997016155761  8.771675750874827e-06
482.35  -0.0008189969619322477  8.771266352322333e-06
482.40000000000003  -0.000818996899072398  8.77084474380156e-06
482.45000000000005  -0.000818996826191292  8.770425424978407e-06
482.5  -0.0008189967426959527  8.7700228539368e-06
482.55  -0.0008189966488385012  8.769650591143943e-06
482.6  -0.000818996545718414  8.76932050165489e-06
482.65000000000003  -0.0008189964352159719  8.769042054454588e-06
482.70000000000005  -0.0008189963198985287  8.768821772211078e-06
482.75  -0.0008189962028745073  8.768662847700157e-06
482.8  -0.0008189960876040197  8.768564973791419e-06
482.85  -0.0008189959777014802  8.768524348062075e-06
482.90000000000003  -0.0008189958767206694  8.76853391887757e-06
482.95000000000005  -0.0008189957879377628  8.768583786221656e-06
483.0  -0.000818995714161435  8.7686617907828e-06
483.05  -0.0008189956575684374  8.768754229388507e-06
483.1  -0.0008189956195704731  8.768846660475488e-06
483.15000000000003  -0.00081899560074167  8.768924739144344e-06
483.20000000000005  -0.0008189956007854466  8.768975074349098e-06
483.25  -0.0008189956185649487  8.768986004282272e-06
483.3  -0.0008189956521837107  8.768948286248931e-06
483.35  -0.0008189956991065772  8.768855641463858e-06
483.40000000000003  -0.0008189957563182417  8.768705128600835e-06
483.45000000000005  -0.0008189958205158918  8.768497321595507e-06
483.5  -0.0008189958883088019  8.768236276724566e-06
483.55  -0.0008189959564184194  8.767929303951194e-06
483.6  -0.0008189960218781324  8.76758652930778e-06
483.65000000000003  -0.0008189960822056459  8.767220301007599e-06
483.70000000000005  -0.0008189961355434983  8.766844457431611e-06
483.75  -0.0008189961807635185  8.766473510522462e-06
483.8  -0.0008189962175433257  8.766121760737564e-06
483.85  -0.0008189962463646931  8.765802473949908e-06
483.90000000000003  -0.0008189962684972804  8.765527059566552e-06
483.95000000000005  -0.000818996285920267  8.765304405054211e-06
484.0  -0.0008189963012111753  8.765140344898668e-06
484.05  -0.0008189963173892524  8.765037293742843e-06
484.1  -0.0008189963377540943  8.764994119655925e-06
484.15000000000003  -0.0008189963656798484  8.765006210690804e-06
484.20000000000005  -0.0008189964044218942  8.76506574843186e-06
484.25  -0.0008189964569246792  8.765162182858494e-06
484.3  -0.0008189965256386805  8.765282860719861e-06
484.35  -0.0008189966123739133  8.765413781431633e-06
484.40000000000003  -0.0008189967181712653  8.765540427823032e-06
484.45000000000005  -0.0008189968432394812  8.765648626719055e-06
484.5  -0.0008189969869164867  8.765725394799338e-06
484.55  -0.0008189971477016618  8.765759684948508e-06
484.6  -0.000818997323329406  8.765743048510838e-06
484.65000000000003  -0.0008189975108853552  8.765670115115512e-06
484.70000000000005  -0.0008189977069715572  8.76553890457243e-06
484.75  -0.0008189979078998425  8.765350943049565e-06
484.8  -0.0008189981098985007  8.765111152627997e-06
484.85  -0.0008189983093333581  8.764827563828201e-06
484.90000000000003  -0.000818998502920597  8.764510838909882e-06
484.95000000000005  -0.0008189986879177058  8.764173642077577e-06
485.0  -0.0008189988622751346  8.763829902867738e-06
485.05  -0.0008189990247524944  8.763493991245869e-06
485.1  -0.0008189991749726726  8.76317988442231e-06
485.15000000000003  -0.0008189993134342965  8.762900339039916e-06
485.20000000000005  -0.0008189994414566633  8.762666153881347e-06
485.25  -0.0008189995610750222  8.76248553114431e-06
485.3  -0.0008189996748979063  8.762363591643496e-06
485.35  -0.0008189997859254998  8.762302073916386e-06
485.40000000000003  -0.0008189998973519515  8.762299233334991e-06
485.45000000000005  -0.000819000012349739  8.762349924044868e-06
485.5  -0.0008190001338706968  8.76244591600751e-06
485.55  -0.0008190002644594819  8.76257634443284e-06
485.6  -0.0008190004060966949  8.762728364395322e-06
485.65000000000003  -0.0008190005600758926  8.762887884068184e-06
485.70000000000005  -0.0008190007269258465  8.763040403710065e-06
485.75  -0.0008190009063698765  8.763171861503609e-06
485.8  -0.0008190010973446898  8.763269467450697e-06
485.85  -0.0008190012980515358  8.763322450805163e-06
485.90000000000003  -0.0008190015060478227  8.763322726764973e-06
485.95000000000005  -0.0008190017183829766  8.763265356982546e-06
486.0  -0.000819001931755337  8.76314885869475e-06
486.05  -0.000819002142681664  8.762975296597222e-06
486.1  -0.0008190023476869344  8.762750161235154e-06
486.15000000000003  -0.0008190025434890325  8.762482048521483e-06
486.20000000000005  -0.0008190027271673539  8.762182146003408e-06
486.25  -0.0008190028963259296  8.761863560455708e-06
486.3  -0.0008190030492188318  8.761540546322363e-06
486.35  -0.0008190031848382744  8.761227640460118e-06
486.40000000000003  -0.0008190033029719461  8.760938803361457e-06
486.45000000000005  -0.000819003404203305  8.760686574593203e-06
486.5  -0.0008190034898760604  8.760481334439121e-06
486.55  -0.0008190035620102773  8.760330676072913e-06
486.6  -0.0008190036231732157  8.760238965380596e-06
486.65000000000003  -0.0008190036763319278  8.760207074766531e-06
486.70000000000005  -0.0008190037246574748  8.76023233868531e-06
486.75  -0.0008190037713342758  8.760308715615589e-06
486.8  -0.0008190038193656552  8.760427141070145e-06
486.85  -0.0008190038713781482  8.760576074042653e-06
486.90000000000003  -0.000819003929456291  8.760742167076728e-06
486.95000000000005  -0.0008190039950150264  8.760911058230936e-06
487.0  -0.0008190040687018831  8.761068213997743e-06
487.05  -0.000819004150353894  8.761199776692727e-06
487.1  -0.0008190042389983999  8.761293372879842e-06
487.15000000000003  -0.0008190043329094454  8.761338843194313e-06
487.20000000000005  -0.0008190044297077675  8.761328828271286e-06
487.25  -0.0008190045265004083  8.761259202130604e-06
487.3  -0.0008190046200632052  8.761129304698818e-06
487.35  -0.000819004707025384  8.760941987034291e-06
487.40000000000003  -0.0008190047840778806  8.760703442563331e-06
487.45000000000005  -0.0008190048481753612  8.760422838890655e-06
487.5  -0.0008190048967084875  8.76011178831018e-06
487.55  -0.0008190049276686011  8.759783649039325e-06
487.6  -0.0008190049397529338  8.759452746018737e-06
487.65000000000003  -0.0008190049324427842  8.759133522374257e-06
487.70000000000005  -0.0008190049060288393  8.758839681426373e-06
487.75  -0.0008190048615873043  8.758583364757637e-06
487.8  -0.0008190048009162101  8.758374434520051e-06
487.85  -0.0008190047264273314  8.758219873458944e-06
487.90000000000003  -0.0008190046410149792  8.758123362517453e-06
487.95000000000005  -0.0008190045478830318  8.758085056024168e-06
488.0  -0.0008190044503715893  8.758101559844396e-06
488.05  -0.0008190043517698847  8.758166126753724e-06
488.1  -0.0008190042551330982  8.75826905083032e-06
488.15000000000003  -0.0008190041631158313  8.758398238436897e-06
488.20000000000005  -0.0008190040778231291  8.75853993182569e-06
488.25  -0.0008190040006954767  8.758679515633635e-06
488.3  -0.0008190039324287048  8.75880239890848e-06
488.35  -0.0008190038729324536  8.758894869827856e-06
488.40000000000003  -0.0008190038213375292  8.758944917690303e-06
488.45000000000005  -0.0008190037760515631  8.758942939537636e-06
488.5  -0.0008190037348437324  8.75888231428553e-06
488.55  -0.0008190036949834992  8.758759781481748e-06
488.6  -0.0008190036533990121  8.758575629370545e-06
488.65000000000003  -0.0008190036068670604  8.758333674791776e-06
488.70000000000005  -0.00081900355220374  8.758041025907267e-06
488.75  -0.0008190034864658411  8.757707653978138e-06
488.8  -0.0008190034071320415  8.75734579417896e-06
488.85  -0.0008190033122687891  8.756969226898347e-06
488.90000000000003  -0.0008190032006527162  8.756592462678915e-06
488.95000000000005  -0.0008190030718512261  8.756229878876306e-06
489.0  -0.000819002926265437  8.755894886166627e-06
489.05  -0.000819002765113914  8.755599141247513e-06
489.1  -0.000819002590362185  8.75535186744289e-06
489.15000000000003  -0.0008190024046189774  8.755159312431242e-06
489.20000000000005  -0.0008190022109767388  8.755024402190819e-06
489.25  -0.0008190020128279936  8.754946558969909e-06
489.3  -0.0008190018136724201  8.75492174412225e-06
489.35  -0.0008190016169064705  8.754942699037895e-06
489.40000000000003  -0.0008190014256192502  8.754999371916091e-06
489.45000000000005  -0.0008190012424268763  8.75507951032025e-06
489.5  -0.0008190010693083716  8.755169382758951e-06
489.55  -0.0008190009075093695  8.755254592006487e-06
489.6  -0.0008190007574705026  8.755320921723163e-06
489.65000000000003  -0.000819000618820995  8.755355186855127e-06
489.70000000000005  -0.000819000490399344  8.75534601481754e-06
489.75  -0.0008190003703433783  8.75528452760389e-06
489.8  -0.000819000256205346  8.755164877733042e-06
489.85  -0.0008190001451117289  8.754984600751873e-06
489.90000000000003  -0.0008190000339272615  8.754744786587036e-06
489.95000000000005  -0.000818999919451518  8.754450012025939e-06
490.0  -0.0008189997986064303  8.754108092413958e-06
490.05  -0.000818999668612601  8.753729616750821e-06
490.1  -0.0008189995271530918  8.753327332599627e-06
490.15000000000003  -0.0008189993725125897  8.752915390970381e-06
490.20000000000005  -0.0008189992036715563  8.75250850293518e-06
490.25  -0.0008189990203772122  8.752121065858077e-06
490.3  -0.0008189988231591403  8.751766310356084e-06
490.35  -0.0008189986133128375  8.75145549836915e-06
490.40000000000003  -0.0008189983928299869  8.751197267112894e-06
490.45000000000005  -0.0008189981642933636  8.75099710970727e-06
490.5  -0.0008189979307400839  8.750857054068851e-06
490.55  -0.0008189976954925527  8.750775552772796e-06
490.6  -0.0008189974619751856  8.750747586669513e-06
490.65000000000003  -0.0008189972335151995  8.750764965320115e-06
490.70000000000005  -0.0008189970131571731  8.750816843577014e-06
490.75  -0.0008189968034769132  8.750890358455877e-06
490.8  -0.0008189966064359763  8.750971420372388e-06
490.85  -0.0008189964232558837  8.751045552234495e-06
490.90000000000003  -0.0008189962543412987  8.751098754355372e-06
490.95000000000005  -0.0008189960992584845  8.751118334668329e-06
491.0  -0.0008189959567533221  8.751093671277425e-06
491.05  -0.000818995824828537  8.751016829810425e-06
491.1  -0.0008189957008645491  8.75088303930972e-06
491.15000000000003  -0.0008189955817715475  8.750690960362463e-06
491.20000000000005  -0.0008189954641953766  8.750442773197632e-06
491.25  -0.0008189953447182867  8.750144044472933e-06
491.3  -0.0008189952200735395  8.749803394719194e-06
491.35  -0.000818995087356471  8.749431994694093e-06
491.40000000000003  -0.000818994944209123  8.749042911854795e-06
491.45000000000005  -0.000818994788967132  8.74865033476406e-06
491.5  -0.0008189946207735583  8.748268746910839e-06
491.55  -0.0008189944396341966  8.747912073320653e-06
491.6  -0.0008189942464176572  8.747592865274482e-06
491.65000000000003  -0.0008189940428092657  8.74732154581019e-06
491.70000000000005  -0.0008189938312157115  8.747105814879241e-06
491.75  -0.0008189936146108518  8.74695017251295e-06
491.8  -0.000818993396367417  8.746855663096706e-06
491.85  -0.0008189931800619856  8.746819800448569e-06
491.90000000000003  -0.0008189929692695262  8.746836717218854e-06
491.95000000000005  -0.0008189927673564201  8.746897497808725e-06
492.0  -0.0008189925773005545  8.746990711309987e-06
492.05  -0.0008189924015239156  8.74710308117763e-06
492.1  -0.0008189922417688847  8.747220262616336e-06
492.15000000000003  -0.0008189920990082032  8.74732769685731e-06
492.20000000000005  -0.0008189919734041703  8.747411471361679e-06
492.25  -0.000818991864311464  8.747459135534418e-06
492.3  -0.0008189917703218464  8.747460458040433e-06
492.35  -0.0008189916893592045  8.747408009426188e-06
492.40000000000003  -0.0008189916187989654  8.747297619985327e-06
492.45000000000005  -0.0008189915556386162  8.747128618572637e-06
492.5  -0.0008189914966671777  8.74690386594597e-06
492.55  -0.0008189914386629723  8.746629589713385e-06
492.6  -0.0008189913785893086  8.746315005174195e-06
492.65000000000003  -0.0008189913137806979  8.745971766179134e-06
492.70000000000005  -0.0008189912421134447  8.745613269749977e-06
492.75  -0.0008189911621444978  8.745253847137644e-06
492.8  -0.0008189910732097323  8.744907923147346e-06
492.85  -0.0008189909754803618  8.744589142789115e-06
492.90000000000003  -0.000818990869966553  8.744309565362584e-06
492.95000000000005  -0.0008189907584706065  8.744078946738344e-06
493.0  -0.0008189906434860343  8.74390416392653e-06
493.05  -0.0008189905280602501  8.743788812211263e-06
493.1  -0.0008189904156173884  8.743732993397174e-06
493.15000000000003  -0.0008189903097481388  8.743733310513082e-06
493.20000000000005  -0.0008189902140029436  8.743783071189022e-06
493.25  -0.0008189901316686855  8.743872682971101e-06
493.3  -0.0008189900655849937  8.743990208786136e-06
493.35  -0.0008189900179573351  8.744122085354504e-06
493.40000000000003  -0.0008189899902413591  8.744253893433387e-06
493.45000000000005  -0.0008189899830476216  8.744371223261315e-06
493.5  -0.0008189899961183509  8.74446050556563e-06
493.55  -0.0008189900283441446  8.744509815329041e-06
493.6  -0.0008189900778391307  8.744509569107162e-06
493.65000000000003  -0.0008189901420601341  8.744453083775884e-06
493.70000000000005  -0.0008189902179641327  8.744336980081842e-06
493.75  -0.0008189903021924646  8.744161379890553e-06
493.8  -0.0008189903912815652  8.743929907893927e-06
493.85  -0.0008189904818594148  8.743649480225427e-06
493.90000000000003  -0.0008189905708488099  8.743329900481357e-06
493.95000000000005  -0.0008189906556473278  8.742983288077648e-06
494.0  -0.0008189907342670399  8.742623355655131e-06
494.05  -0.0008189908054440666  8.742264607668952e-06
494.1  -0.0008189908686978344  8.741921469122295e-06
494.15000000000003  -0.0008189909243519419  8.74160743233039e-06
494.20000000000005  -0.000818990973502703  8.74133424304778e-06
494.25  -0.0008189910179415455  8.74111121061975e-06
494.3  -0.0008189910600519152  8.740944634730709e-06
494.35  -0.0008189911026626472  8.740837434921024e-06
494.40000000000003  -0.0008189911488781121  8.740788970101627e-06
494.45000000000005  -0.0008189912018957864  8.740795082600914e-06
494.5  -0.0008189912648163369  8.740848339325899e-06
494.55  -0.0008189913404600783  8.740938482331589e-06
494.6  -0.0008189914311920056  8.741053034541538e-06
494.65000000000003  -0.0008189915387707444  8.741178057149906e-06
494.70000000000005  -0.0008189916642347105  8.74129898093749e-06
494.75  -0.000818991807819158  8.741401474752467e-06
494.8  -0.0008189919689287496  8.741472295324204e-06
494.85  -0.0008189921461449583  8.74150007842034e-06
494.90000000000003  -0.0008189923372904522  8.741476004689485e-06
494.95000000000005  -0.0008189925395419932  8.741394323661441e-06
495.0  -0.0008189927495695445  8.741252681665024e-06
495.05  -0.0008189929637281732  8.741052258208004e-06
495.1  -0.0008189931782603285  8.740797683092676e-06
495.15000000000003  -0.0008189933895114516  8.740496765860138e-06
495.20000000000005  -0.0008189935941318898  8.740160023275366e-06
495.25  -0.0008189937892791634  8.739800059002025e-06
495.3  -0.0008189939727697774  8.739430828530632e-06
495.35  -0.0008189941432091154  8.739066805509813e-06
495.40000000000003  -0.000818994300053339  8.738722156254497e-06
495.45000000000005  -0.0008189944436334114  8.738409899760723e-06
495.5  -0.0008189945751164404  8.738141159649179e-06
495.55  -0.0008189946964170991  8.737924511494793e-06
495.6  -0.0008189948100589541  8.73776550215134e-06
495.65000000000003  -0.0008189949190072279  8.737666313001933e-06
495.70000000000005  -0.0008189950264653205  8.737625626083147e-06
495.75  -0.000818995135665044  8.73763871530838e-06
495.8  -0.0008189952496592571  8.737697711810617e-06
495.85  -0.0008189953711206118  8.73779205610894e-06
495.90000000000003  -0.000818995502181129  8.73790911767511e-06
495.95000000000005  -0.0008189956442900429  8.73803493533598e-06
496.0  -0.0008189957981248407  8.738155026199773e-06
496.05  -0.0008189959635467762  8.73825524876613e-06
496.1  -0.0008189961396094815  8.738322642706819e-06
496.15000000000003  -0.0008189963246085149  8.738346188399667e-06
496.20000000000005  -0.000818996516182744  8.73831746683526e-06
496.25  -0.0008189967114436395  8.73823117299524e-06
496.3  -0.000818996907142274  8.738085432389133e-06
496.35  -0.000818997099847768  8.737881920801776e-06
496.40000000000003  -0.0008189972861385589  8.737625770354352e-06
496.45000000000005  -0.0008189974627857902  8.737325274581448e-06
496.5  -0.0008189976269317571  8.736991393075346e-06
496.55  -0.0008189977762349055  8.736637103443751e-06
496.6  -0.0008189979090019399  8.736276632364441e-06
496.65000000000003  -0.000818998024270296  8.735924604821583e-06
496.70000000000005  -0.0008189981218581048  8.735595171686949e-06
496.75  -0.0008189982023718809  8.735301166314493e-06
496.8  -0.0008189982671721328  8.735053339626068e-06
496.85  -0.0008189983182888833  8.73485972517575e-06
496.90000000000003  -0.0008189983583075522  8.734725153082697e-06
496.95000000000005  -0.000818998390213307  8.734650979189758e-06
497.0  -0.0008189984172236745  8.734634995963839e-06
497.05  -0.0008189984425848095  8.734671577555436e-06
497.1  -0.0008189984693888646  8.734752011631502e-06
497.15000000000003  -0.0008189985003768172  8.734865021162706e-06
497.20000000000005  -0.000818998537773205  8.734997432911806e-06
497.25  -0.000818998583141854  8.735134952051653e-06
497.3  -0.0008189986372915272  8.735263005329704e-06
497.35  -0.0008189987002051673  8.73536760157207e-06
497.40000000000003  -0.0008189987710562258  8.735436142432882e-06
497.45000000000005  -0.0008189988482365324  8.735458174307471e-06
497.5  -0.0008189989294622449  8.735425982320764e-06
497.55  -0.0008189990119041315  8.735335042978228e-06
497.6  -0.0008189990923621439  8.735184292722742e-06
497.65000000000003  -0.0008189991674603155  8.734976189606839e-06
497.70000000000005  -0.0008189992338520755  8.734716558524039e-06
497.75  -0.0008189992884193491  8.734414260827507e-06
497.8  -0.0008189993284696512  8.734080662726432e-06
497.85  -0.0008189993518933058  8.733728983345611e-06
497.90000000000003  -0.0008189993572901815  8.733373501586673e-06
497.95000000000005  -0.0008189993440529467  8.73302872696441e-06
498.0  -0.0008189993124038108  8.732708530599762e-06
498.05  -0.0008189992633768291  8.732425327840341e-06
498.1  -0.0008189991987566773  8.732189340580876e-06
498.15000000000003  -0.0008189991209687313  8.732007980793988e-06
498.20000000000005  -0.0008189990329432492  8.731885412846334e-06
498.25  -0.0008189989379420851  8.731822296451845e-06
498.3  -0.0008189988393774954  8.731815734949852e-06
498.35  -0.0008189987406182691  8.731859454690354e-06
498.40000000000003  -0.000818998644805004  8.731944163412053e-06
498.45000000000005  -0.0008189985546753614  8.732058118291115e-06
498.5  -0.0008189984724183883  8.732187802946599e-06
498.55  -0.0008189983995570492  8.732318746775079e-06
498.6  -0.0008189983368610064  8.73243638119085e-06
498.65000000000003  -0.0008189982843123614  8.732526914235236e-06
498.70000000000005  -0.0008189982411113669  8.732578141207661e-06
498.75  -0.0008189982057192041  8.732580185262582e-06
498.8  -0.0008189981759529879  8.732526072933815e-06
498.85  -0.0008189981491057843  8.732412142544929e-06
498.90000000000003  -0.0008189981221093703  8.732238271879668e-06
498.95000000000005  -0.0008189980917070863  8.732007866283048e-06
499.0  -0.0008189980546527446  8.731727656605863e-06
499.05  -0.0008189980079060237  8.731407295327885e-06
499.1  -0.0008189979488170606  8.731058777753059e-06
499.15000000000003  -0.0008189978752930726  8.730695734760255e-06
499.20000000000005  -0.0008189977859371163  8.730332617405711e-06
499.25  -0.0008189976801383147  8.729983848366346e-06
499.3  -0.0008189975581248341  8.729662970981245e-06
499.35  -0.0008189974209585325  8.729381857638138e-06
499.40000000000003  -0.0008189972704835387  8.729150016168722e-06
499.45000000000005  -0.0008189971092120949  8.72897403764194e-06
499.5  -0.0008189969401864126  8.728857227485775e-06
499.55  -0.0008189967667923561  8.72879941519317e-06
499.6  -0.0008189965925530143  8.728796973342845e-06
499.65000000000003  -0.0008189964209216173  8.72884304452281e-06
499.70000000000005  -0.0008189962550735739  8.728927944415374e-06
499.75  -0.0008189960977180192  8.729039737999746e-06
499.8  -0.0008189959509356782  8.729164945436504e-06
499.85  -0.0008189958160652207  8.729289336390856e-06
499.90000000000003  -0.0008189956936228438  8.729398766638922e-06
499.95000000000005  -0.0008189955832886568  8.729480006169758e-06
500.0  -0.0008189954839326412  8.729521533291885e-06
