0.05  -0.0816927417149342  0.005475774260787975
0.1  -0.16575392045773807  0.005751444726050957
0.15000000000000002  -0.22732648976430234  0.0036355702173410296
0.2  -0.2705082582181711  0.0011844602686978275
0.25  -0.298117698072287  -0.0010364763316059724
0.30000000000000004  -0.31261666333334137  -0.0028728737564917115
0.35000000000000003  -0.3162204003919807  -0.004265756964398024
0.4  -0.31094265476668287  -0.005186937503802723
0.45  -0.29864242134452385  -0.005638240434747963
0.5  -0.2810511619851467  -0.005655001081428114
0.55  -0.25977411682578533  -0.005302897230478256
0.6000000000000001  -0.236272030406339  -0.004667735598987813
0.65  -0.21183461170536935  -0.003843667124926988
0.7000000000000001  -0.1875554350183726  -0.0029236825200963583
0.75  -0.1643156839087644  -0.0019909121918635364
0.8  -0.1427802794617786  -0.0011142663989651541
0.8500000000000001  -0.12340387731905031  -0.00034644608286342357
0.9  -0.10644878589815625  0.00027852718154536873
0.9500000000000001  -0.09200855346102499  0.0007454949563822165
1.0  -0.08003695131133622  0.0010544435229010018
1.05  -0.07037934185141721  0.001216517675959669
1.1  -0.06280162593103457  0.0012507089527358894
1.1500000000000001  -0.0570180835882585  0.0011804231193352978
1.2000000000000002  -0.05271722462529678  0.0010313639093399996
1.25  -0.049582769892893536  0.0008307788727834009
1.3  -0.04731104277338883  0.0006056286766158
1.35  -0.04562613811869114  0.0003793849580970415
1.4000000000000001  -0.044289311479843996  0.0001705544125650574
1.4500000000000002  -0.043106316690377594  -8.140994962119994e-06
1.5  -0.04193107496031559  -0.0001490993862299079
1.55  -0.04066472268076383  -0.0002493892160164631
1.6  -0.039251939872880434  -0.0003107750349930536
1.6500000000000001  -0.03767460143847881  -0.00033757611034687933
1.7000000000000002  -0.03594399500910116  -0.00033528380594015605
1.75  -0.03409408169840881  -0.00030977124768648127
1.8  -0.03217442892670602  -0.00026684346309643404
1.85  -0.03024211510554954  -0.00021209883524740173
1.9000000000000001  -0.02835452303187892  -0.0001507855564660959
1.9500000000000002  -0.026563709001287936  -8.778135795747888e-05
2.0  -0.024912472727514165  -2.7629196929265347e-05
2.0500000000000003  -0.023432160547209875  2.5645138152637316e-05
2.1  -0.022141472499786388  6.909335153195206e-05
2.15  -0.021045764719219557  0.000101000662233866
2.2  -0.02013810166666  0.00012038119899612311
2.25  -0.019401702667273802  0.00012715721653518006
2.3000000000000003  -0.01881240771266121  0.0001223877789709862
2.35  -0.018341338979966246  0.00010818894327139367
2.4000000000000004  -0.017957704676165625  8.743397419310573e-05
2.45  -0.017631400614826882  6.333085950340113e-05
2.5  -0.017335151696290168  3.9009445202420894e-05
2.5500000000000003  -0.017046132563186107  1.7204634601066513e-05
2.6  -0.01674708808263605  4.873952633810027e-08
2.6500000000000004  -0.016426910600548086  -1.1083270548687205e-05
2.7  -0.016080623968546145  -1.5669958191687895e-05
2.75  -0.015708814125597347  -1.4015557224889847e-05
2.8000000000000003  -0.015316636183013342  -7.116128890506928e-06
2.85  -0.014912543148625342  3.517474902733995e-06
2.9000000000000004  -0.014506909193012799  1.6075379610059452e-05
2.95  -0.014110669431056464  2.86965179482451e-05
3.0  -0.013734046909250787  3.9732350285800506e-05
3.0500000000000003  -0.013385446113605108  4.798304506922351e-05
3.1  -0.01307062463982254  5.285269059613945e-05
3.1500000000000004  -0.012792247671680083  5.438137266737001e-05
3.2  -0.012549849401985218  5.313516640967152e-05
3.25  -0.012340135816876697  4.998530855898703e-05
3.3000000000000003  -0.012157536076335337  4.5857103579685076e-05
3.35  -0.01199492369328115  4.152164174689243e-05
3.4000000000000004  -0.011844427515671673  3.746147419411359e-05
3.45  -0.011698245002995256  3.3815930683465415e-05
3.5  -0.011549383146782196  3.042051765562468e-05
3.5500000000000003  -0.01139223952214986  2.695204097781842e-05
3.6  -0.01122291274816793  2.3096626386921777e-05
3.6500000000000004  -0.011039270037158938  1.8642599351355525e-05
3.7  -0.010840877731369448  1.3548126921114782e-05
3.75  -0.01062873923581387  8.026262270281053e-06
3.8000000000000003  -0.010404799425723477  2.5600650599932197e-06
3.85  -0.010171567646511549  -2.2751095629655737e-06
3.9000000000000004  -0.00993231543849582  -6.085763389244451e-06
3.95  -0.009691330650273047  -8.733646039201305e-06
4.0  -0.009453464423254444  -1.024239415862698e-05
4.05  -0.009223297358170141  -1.0715240205007996e-05
4.1000000000000005  -0.009004537014520097  -1.0285963208355345e-05
4.15  -0.008799785800550691  -9.12202323774098e-06
4.2  -0.008610551550553092  -7.461320554666512e-06
4.25  -0.008437372998268803  -5.616637294768896e-06
4.3  -0.00827999234825341  -3.931830178443154e-06
4.3500000000000005  -0.00813753978504134  -2.7162626557777146e-06
4.4  -0.008008709944786033  -2.1837283236352776e-06
4.45  -0.007891921025475205  -2.411476593979425e-06
4.5  -0.007785454731486212  -3.3268329728162736e-06
4.55  -0.007687578928705162  -4.722672229141389e-06
4.6000000000000005  -0.007596655394349982  -6.297140089523936e-06
4.65  -0.0075112338953408405  -7.708675895515685e-06
4.7  -0.007430131958794852  -8.635526229195462e-06
4.75  -0.007352497241003541  -8.828969744807253e-06
4.800000000000001  -0.007277848360585656  -8.151265428849061e-06
4.8500000000000005  -0.007206090503963208  -6.592769282993918e-06
4.9  -0.007137503588830962  -4.266893098501428e-06
4.95  -0.00707270327177044  -1.3857435028019341e-06
5.0  -0.007012578119052589  1.777510939622622e-06
5.050000000000001  -0.006958209098647142  4.931772266506816e-06
5.1000000000000005  -0.006910779531078234  7.808852453324777e-06
5.15  -0.006871484368153354  1.0195693957049068e-05
5.2  -0.00684144705129597  1.195414826573987e-05
5.25  -0.006821650596722521  1.3027316219263647e-05
5.300000000000001  -0.006812887205619627  1.3433842098601941e-05
5.3500000000000005  -0.006815727827438578  1.3253227714092537e-05
5.4  -0.006830510486744254  1.2606029533839729e-05
5.45  -0.006857344428112051  1.1632605753628667e-05
5.5  -0.0068961260606735155  1.0473924260303393e-05
5.550000000000001  -0.006946562151613504  9.258789532500568e-06
5.6000000000000005  -0.007008197606827344  8.099237779380427e-06
5.65  -0.007080448421140158  7.0897561606492165e-06
5.7  -0.007162638835095918  6.3075441276465104e-06
5.75  -0.007254040414328998  5.814389055733582e-06
5.800000000000001  -0.007353912682394441  5.659065202649565e-06
5.8500000000000005  -0.007461545157782499  5.878256526594714e-06
5.9  -0.007576299296016832  6.49511195761505e-06
5.95  -0.007697647445536554  7.515825603006926e-06
6.0  -0.007825204844516518  8.925465138507443e-06
6.050000000000001  -0.007958750216984011  1.0684697431137691e-05
6.1000000000000005  -0.008098230895119168  1.2728955288591033e-05
6.15  -0.008243749652147093  1.4970895291877446e-05
6.2  -0.008395532251349251  1.730583002838078e-05
6.25  -0.008553877068914846  1.9619060912483444e-05
6.300000000000001  -0.00871909191924111  2.179559854532496e-05
6.3500000000000005  -0.008891425004771907  2.3731895973471258e-05
6.4  -0.009070997300558718  2.5346030445675933e-05
6.45  -0.009257744597745676  2.6584455675452037e-05
6.5  -0.009451375879582872  2.742495856075066e-05
6.550000000000001  -0.009651352504869874  2.7875668087390775e-05
6.6000000000000005  -0.00985688990321132  2.7970443846051836e-05
6.65  -0.010066980500360208  2.7761610013960515e-05
6.7  -0.010280434042167571  2.731139094978462e-05
6.75  -0.010495929696111633  2.668346796993562e-05
6.800000000000001  -0.0107120734599864  2.5935883783153043e-05
6.8500000000000005  -0.01092745457747905  2.5116096991316164e-05
6.9  -0.011140695692455809  2.425844748605312e-05
6.95  -0.011350493131023723  2.3383871606693155e-05
7.0  -0.011555645787931569  2.2501481953306013e-05
7.050000000000001  -0.011755073226320743  2.161157580948975e-05
7.1000000000000005  -0.011947825325204404  2.0709781938468346e-05
7.15  -0.012133086987250422  1.9792224634909916e-05
7.2  -0.012310181277396765  1.886127487812605e-05
7.25  -0.012478570765409543  1.7930799410295616e-05
7.300000000000001  -0.012637848527791082  1.7029069578778095e-05
7.3500000000000005  -0.01278769910934212  1.6195952468516e-05
7.4  -0.012927811545753322  1.547115423154272e-05
7.45  -0.013057770422874522  1.4877082311117933e-05
7.5  -0.013177010690262291  1.4408268496959873e-05
7.550000000000001  -0.013284894714209662  1.403550743938791e-05
7.6000000000000005  -0.013380862834325088  1.3720286991227763e-05
7.65  -0.013464562764969597  1.3428519577697114e-05
7.7  -0.013535909989060024  1.3135879153997756e-05
7.75  -0.013595085642223606  1.282570507278357e-05
7.800000000000001  -0.013642496573869796  1.2485196239033444e-05
7.8500000000000005  -0.013678719937015768  1.2102906671346227e-05
7.9  -0.013704447164526802  1.16678269491964e-05
7.95  -0.013720433711247305  1.1170475012069541e-05
8.0  -0.013727456202970749  1.0605437239179752e-05
8.05  -0.01372627764448157  9.97383591120463e-06
8.1  -0.013717620869900327  9.284869920670907e-06
8.15  -0.013702149792512774  8.556136466340135e-06
8.200000000000001  -0.013680457566225733  7.812674828222585e-06
8.25  -0.01365306075958093  7.084848935361372e-06
8.3  -0.013620398664437944  6.405212038218173e-06
8.35  -0.013582836476367556  5.804855166369969e-06
8.4  -0.013540671640020343  5.309798697769338e-06
8.450000000000001  -0.013494142597820537  4.93775109909319e-06
8.5  -0.013443438996795575  4.695473018815592e-06
8.55  -0.013388712393736398  4.577079918242004e-06
8.6  -0.013330086247477231  4.563727941021301e-06
8.65  -0.013267663656230869  4.625176931213496e-06
8.700000000000001  -0.013201531641533891  4.7234430424213875e-06
8.75  -0.013131762103034551  4.817976824433234e-06
8.8  -0.01305841071199867  4.8712858719626076e-06
8.85  -0.012981515003218898  4.854076265709689e-06
8.9  -0.012901092376088656  4.74923278048012e-06
8.950000000000001  -0.012817138404868825  4.554012096714024e-06
9.0  -0.012729625817243463  4.279982727661828e-06
9.05  -0.012638504557370126  3.950653278983749e-06
9.1  -0.01254370342094153  3.5972352496993353e-06
9.15  -0.012445133681347266  3.2532966623193448e-06
9.200000000000001  -0.012342694930477632  2.9490620047306685e-06
9.25  -0.012236282960855646  2.7060130025896285e-06
9.3  -0.012125798969964668  2.5323040105267887e-06
9.35  -0.012011159075310456  2.4193611342367117e-06
9.4  -0.01189230371914856  2.3408022505628187e-06
9.450000000000001  -0.01176920592113452  2.2582920730512434e-06
9.5  -0.011641875703677428  2.1314665786226365e-06
9.55  -0.011510363624572355  1.9212444591687475e-06
9.600000000000001  -0.011374762226666623  1.5941402566255296e-06
9.65  -0.011235205461882752  1.1284089484179895e-06
9.700000000000001  -0.01109186675563745  5.184603217971772e-07
9.75  -0.01094495614767908  -2.2357539829270555e-07
9.8  -0.010794717259138772  -1.0690814828940077e-06
9.850000000000001  -0.010641424720189755  -1.976517697893634e-06
9.9  -0.010485382484749582  -2.896626617932888e-06
9.950000000000001  -0.010326923243652128  -3.7784522071179564e-06
10.0  -0.010166408886801684  -4.575289729968835e-06
10.05  -0.010004231700162288  -5.249773917515675e-06
10.100000000000001  -0.009840815806662212  -5.777494113494333e-06
10.15  -0.009676618247861493  -6.1487537447633014e-06
10.200000000000001  -0.00951212898534251  -6.368499573141669e-06
10.25  -0.00934786936442494  -6.454628158636357e-06
10.3  -0.009184388793491406  -6.434971756595342e-06
10.350000000000001  -0.0090222595567697  -6.34353610433816e-06
10.4  -0.008862069947185119  -6.216518575731508e-06
10.450000000000001  -0.008704416086692403  -6.0885639790611705e-06
10.5  -0.008549892913732662  -5.989629519551893e-06
10.55  -0.008399084868902954  -5.942688851823478e-06
10.600000000000001  -0.008252556794042718  -5.962365097467458e-06
10.65  -0.008110845504754431  -6.054476803147053e-06
10.700000000000001  -0.007974452439092962  -6.21639878464618e-06
10.75  -0.007843837725070158  -6.438072366309424e-06
10.8  -0.00771941593095719  -6.703451731294669e-06
10.850000000000001  -0.007601553667888618  -6.992164898413705e-06
10.9  -0.0074905691135083545  -7.281205003743485e-06
10.950000000000001  -0.007386733412931288  -7.546545921817531e-06
11.0  -0.007290273790895427  -7.764665783614374e-06
11.05  -0.007201378097915594  -7.91400051106574e-06
11.100000000000001  -0.007120200376190494  -7.97628590880194e-06
11.15  -0.007046866783747196  -7.937652577052785e-06
11.200000000000001  -0.006981480928632832  -7.789312784362717e-06
11.25  -0.006924127660821613  -7.527675148584932e-06
11.3  -0.006874875091955192  -7.153760870861004e-06
11.350000000000001  -0.006833775928822849  -6.672024923614923e-06
11.4  -0.006800869877741278  -6.089113084153832e-06
11.450000000000001  -0.006776188085649023  -5.4132488542886355e-06
11.5  -0.006759759236263458  -4.654364945847351e-06
11.55  -0.0067516158216706  -3.824378201513148e-06
11.600000000000001  -0.0067517987681674115  -2.9370538403934553e-06
11.65  -0.006760359385669105  -2.007345113090137e-06
11.700000000000001  -0.006777358725172359  -1.0503748960769946e-06
11.75  -0.0068028650841149875  -8.034858199475151e-08
11.8  -0.006836950528953492  8.903555250418463e-07
11.850000000000001  -0.00687968711464651  1.8517923509583426e-06
11.9  -0.006931143237923916  2.796677520291204e-06
11.950000000000001  -0.006991380357153194  3.720224136967477e-06
12.0  -0.007060450121429159  4.6196647909193335e-06
12.05  -0.007138391793654775  5.493588386919612e-06
12.100000000000001  -0.007225229754850255  6.341240961268411e-06
12.15  -0.0073209708455857425  7.161932054355757e-06
12.200000000000001  -0.007425601312626574  7.954635941938077e-06
12.25  -0.007539083151446878  8.717802511420115e-06
12.3  -0.0076613496949408735  9.449394669974552e-06
12.350000000000001  -0.007792300451104607  1.0147178852698091e-05
12.4  -0.007931795370410997  1.0809203542981116e-05
12.450000000000001  -0.008079648865551544  1.1434319085188572e-05
12.5  -0.008235624017089778  1.2022557792198014e-05
12.55  -0.008399427418477753  1.257524512364984e-05
12.600000000000001  -0.0085707050167437  1.3094821041076474e-05
12.65  -0.008749039137470398  1.3584400263104608e-05
12.700000000000001  -0.008933946734635179  1.40471148533985e-05
12.75  -0.00912487882592204  1.4485306141663809e-05
12.8  -0.009321221043330006  1.4899670613029488e-05
12.850000000000001  -0.009522295231459005  1.528851713282777e-05
12.9  -0.009727362078032703  1.5647305436669525e-05
12.950000000000001  -0.009935624809074086  1.5968492010862143e-05
13.0  -0.010146233850430342  1.6241500328972256e-05
13.05  -0.010358292356844361  1.6453327924164138e-05
13.100000000000001  -0.010570863123030029  1.6590379905540005e-05
13.15  -0.010782977035787154  1.6640200571328555e-05
13.200000000000001  -0.010993642721354323  1.6592576757219474e-05
13.25  -0.011201857137367398  1.6440342768144297e-05
13.3  -0.011406616967421278  1.617984085505416e-05
13.350000000000001  -0.011606930637204865  1.5810973997507186e-05
13.4  -0.01180183069422712  1.533690994110076e-05
13.450000000000001  -0.011990386257359925  1.4763546737524021e-05
13.5  -0.012171715234253122  1.409886311966218e-05
13.55  -0.012344996019974366  1.335227914971206e-05
13.600000000000001  -0.01250947842932959  1.2534143870018762e-05
13.65  -0.01266449364116977  1.1655414601415937e-05
13.700000000000001  -0.012809462924270217  1.0727520080593342e-05
13.75  -0.012943904906521338  9.762359440890386e-06
13.8  -0.013067441168819078  8.772371795136084e-06
13.850000000000001  -0.01317979996622605  7.770597669380084e-06
13.9  -0.013280817884590282  6.770646066767645e-06
13.950000000000001  -0.013370439272566674  5.786495224971699e-06
14.0  -0.01344871337229353  4.8321298774066086e-06
14.05  -0.013515789161803684  3.921090002119463e-06
14.100000000000001  -0.013571908001308508  3.065996097612434e-06
14.15  -0.013617394259073939  2.278068075128887e-06
14.200000000000001  -0.013652644172754186  1.5666308254391382e-06
14.25  -0.01367811328264175  9.386013523054388e-07
14.3  -0.013694302866368652  3.979839584600726e-07
14.350000000000001  -0.013701745872163074  -5.4541793500867896e-08
14.4  -0.013700992849140413  -4.21809470803214e-07
14.450000000000001  -0.013692598358072131  -7.100567183720915e-07
14.5  -0.01367710835345862  -9.285817894284994e-07
14.55  -0.013655048959147008  -1.0892954859335721e-06
14.600000000000001  -0.013626916899593645  -1.2062158120755415e-06
14.65  -0.013593171731750451  -1.2948224942073888e-06
14.700000000000001  -0.013554229972467881  -1.3712184536978743e-06
14.75  -0.01351046114844204  -1.4511479060761892e-06
14.8  -0.013462185708618804  -1.5489765946659885e-06
14.850000000000001  -0.013409674654787358  -1.6767644298219009e-06
14.9  -0.013353150656428765  -1.843556008950748e-06
14.950000000000001  -0.013292790358261987  -2.0549753264328655e-06
15.0  -0.013228727598657432  -2.3131615347524623e-06
15.05  -0.013161057286607682  -2.617037506298386e-06
15.100000000000001  -0.013089839695328665  -2.9628616026352394e-06
15.15  -0.013015104951377216  -3.3449875985650958e-06
15.200000000000001  -0.012936857543785991  -3.7567343745758506e-06
15.25  -0.012855080723093243  -4.1912418369520256e-06
15.3  -0.012769740698321411  -4.642187374669983e-06
15.350000000000001  -0.012680790579311714  -5.104268855463873e-06
15.4  -0.012588174045802886  -5.573411020969061e-06
15.450000000000001  -0.01249182874430669  -6.0466972954279576e-06
15.5  -0.012391689434439274  -6.522075232279223e-06
15.55  -0.012287690928588495  -6.997925831568201e-06
15.600000000000001  -0.012179770897454709  -7.4726102709040455e-06
15.65  -0.012067872669032228  -7.944144710509315e-06
15.700000000000001  -0.011951948264535684  -8.410075009558729e-06
15.75  -0.0118319617146868  -8.866860487393548e-06
15.8  -0.011707892133475029  -9.30842890884663e-06
15.850000000000001  -0.011579737854120285  -9.726492468156405e-06
15.9  -0.011447521469060232  -1.011228879097148e-05
15.950000000000001  -0.01131129490776972  -1.0458022357646213e-05
16.0  -0.011171144423313671  -1.0757757363481922e-05
16.05  -0.01102719530247192  -1.1007952967568098e-05
16.1  -0.010879616127010067  -1.1207712929253291e-05
16.150000000000002  -0.010728622318485363  -1.1358754792182229e-05
16.2  -0.010574478640735017  -1.1465122471583139e-05
16.25  -0.010417500351868045  -1.15327040615124e-05
16.3  -0.010258052785233849  -1.1568672482833324e-05
16.35  -0.01009654926659619  -1.158098085946389e-05
16.400000000000002  -0.009933447464469879  -1.1577959169915922e-05
16.45  -0.009769244488570968  -1.1567929929269044e-05
16.5  -0.00960447110024777  -1.1558722005973155e-05
16.55  -0.009439685199125724  -1.1557058254860418e-05
16.6  -0.009275464562722328  -1.1567899708796737e-05
16.650000000000002  -0.009112398903340174  -1.1593838004732649e-05
16.7  -0.008951081570736385  -1.1634606533162183e-05
16.75  -0.008792101396445179  -1.1686796419359565e-05
16.8  -0.008636035140347501  -1.1743875942249862e-05
16.85  -0.008483440846948617  -1.1796579597015573e-05
16.900000000000002  -0.008334852260480065  -1.1833661192741271e-05
16.95  -0.008190774332564434  -1.18429281082288e-05
17.0  -0.008051679787343837  -1.181242786502406e-05
17.05  -0.007918006679498605  -1.1731641349095739e-05
17.1  -0.007790156871197491  -1.1592532744071683e-05
17.150000000000002  -0.007668495356159999  -1.139031754386602e-05
17.2  -0.007553350370946739  -1.1123848009246364e-05
17.25  -0.0074450142432846145  -1.0795570296078188e-05
17.3  -0.007343744923249414  -1.0411065565365638e-05
17.35  -0.0072497681268395365  -9.978243538188576e-06
17.400000000000002  -0.0071632799935485506  -9.506303528561945e-06
17.45  -0.007084450124793327  -9.004606557453516e-06
17.5  -0.007013424850819612  -8.481603583140414e-06
17.55  -0.006950330575455774  -7.94394194120475e-06
17.6  -0.0068952770323626915  -7.3958189577658775e-06
17.650000000000002  -0.0068483602636273825  -6.838618453677967e-06
17.7  -0.006809665185876905  -6.270894465798359e-06
17.75  -0.006779267725616818  -5.688747997242176e-06
17.8  -0.006757236560210737  -5.086564347903041e-06
17.85  -0.006743634486989511  -4.458025087018102e-06
17.900000000000002  -0.00673851942345567  -3.7972651207318057e-06
17.95  -0.006741945027586533  -3.100005286110825e-06
18.0  -0.006753960941186678  -2.3644773621786314e-06
18.05  -0.006774612772098138  -1.591955105990561e-06
18.1  -0.006803942211660618  -7.86720659815729e-07
18.150000000000002  -0.006841987916275402  4.450499447802841e-08
18.2  -0.006888787151585495  8.933274873240454e-07
18.25  -0.006944376901646798  1.750460283798817e-06
18.3  -0.007008793028782811  2.6066912478362783e-06
18.35  -0.007082067084154469  3.4539731504598755e-06
18.400000000000002  -0.007164221312303855  4.286253681523968e-06
18.45  -0.007255262855622832  5.099829714752492e-06
18.5  -0.0073551780341674245  5.893259912281311e-06
18.55  -0.007463927151844373  6.666924791529488e-06
18.6  -0.007581439924175884  7.4223607961953935e-06
18.650000000000002  -0.007707611513136312  8.161532147584365e-06
18.7  -0.007842299068007234  8.886127497928454e-06
18.75  -0.007985318594314839  9.596935136608236e-06
18.8  -0.008136442047115854  1.0293381050285676e-05
18.85  -0.008295394569465625  1.0973305379951673e-05
18.900000000000002  -0.008461851822684927  1.1633025921928136e-05
18.95  -0.00863543740546422  1.2267667904197553e-05
19.0  -0.008815720434542583  1.2871652255446734e-05
19.05  -0.009002213494859069  1.3439260101467543e-05
19.1  -0.00919437105262061  1.396545865843754e-05
19.150000000000002  -0.009391588240460762  1.4446728456098202e-05
19.200000000000003  -0.009593200460566388  1.4881478431188068e-05
19.25  -0.009798484375817287  1.5270096580867355e-05
19.3  -0.010006660395888295  1.5614664859646243e-05
19.35  -0.010216896733670981  1.5918454622981702e-05
19.400000000000002  -0.010428315159131967  1.618536527275527e-05
19.450000000000003  -0.010639998530041498  1.641943894009476e-05
19.5  -0.01085100008069938  1.6624546800440005e-05
19.55  -0.01106035430352337  1.6804310528039264e-05
19.6  -0.011267089110612806  1.6962312326893197e-05
19.650000000000002  -0.011470238866712366  1.7102645707337364e-05
19.700000000000003  -0.011668857783235558  1.723079230846875e-05
19.75  -0.011862033076729695  1.735469689885775e-05
19.8  -0.012048897094171758  1.7485818301454337e-05
19.85  -0.012228637252681921  1.763979161503271e-05
19.900000000000002  -0.01240050268212665  1.783612572404073e-05
19.950000000000003  -0.012563807202017467  1.8096361203161674e-05
20.0  -0.01271792937331258  1.844049280830082e-05
20.05  -0.01286231142198689  1.8882080759441235e-05
20.1  -0.012996459458557643  1.9423143557940976e-05
20.150000000000002  -0.013119947195144779  2.0050324048976447e-05
20.200000000000003  -0.013232424114834107  2.0733641394816727e-05
20.25  -0.013333627209026144  2.1428385983285212e-05
20.3  -0.013423393789906793  2.20797934370805e-05
20.35  -0.013501672248360456  2.2629499102389283e-05
20.400000000000002  -0.013568528146842172  2.3022492571511456e-05
20.450000000000003  -0.013624144176873415  2.3213324638001373e-05
20.5  -0.013668813697599758  2.3170685798066275e-05
20.55  -0.01370292858366655  2.288000794863992e-05
20.6  -0.01372696277674588  2.234413178018977e-05
20.650000000000002  -0.01374145315014836  2.158226023970754e-05
20.700000000000003  -0.013746979215154258  2.062752238038858e-05
20.75  -0.013744143000673736  1.952354142463289e-05
20.8  -0.013733550196417855  1.8320407565289054e-05
20.85  -0.013715793405654585  1.7070396127621344e-05
20.900000000000002  -0.01369143808417485  1.582372406581779e-05
20.950000000000003  -0.01366101142288857  1.4624677115796417e-05
21.0  -0.013624994176698758  1.3508454082847382e-05
21.05  -0.013583815292835045  1.2498996914912834e-05
21.1  -0.013537849080558986  1.1607978207929124e-05
21.150000000000002  -0.01348741457304499  1.0835006283136216e-05
21.200000000000003  -0.013432776660499588  1.0168980230144533e-05
21.25  -0.013374148571887453  9.590384313004808e-06
21.3  -0.013311695334686399  9.074202629671844e-06
21.35  -0.013245537894503685  8.593095486051444e-06
21.400000000000002  -0.013175757633627874  8.120469541732639e-06
21.450000000000003  -0.013102401066987113  7.633114683093478e-06
21.5  -0.013025484536798464  7.113145907989458e-06
21.55  -0.012944998805708695  6.549071878774807e-06
21.6  -0.012860913508402018  5.9359677853234666e-06
21.650000000000002  -0.012773181426548277  5.274889713693008e-06
21.700000000000003  -0.012681742522424459  4.571742260655569e-06
21.75  -0.012586527653533432  3.835804208055189e-06
21.8  -0.012487462007438744  3.078098501684384e-06
21.85  -0.012384468472968063  2.309816748666172e-06
21.900000000000002  -0.012277471166368216  1.5409701587104801e-06
21.950000000000003  -0.01216639919259065  7.793934122925045e-07
22.0  -0.01205119059557323  3.019145105042488e-08
22.05  -0.01193179639429501  -7.043525128076744e-07
22.1  -0.011808184624502458  -1.4244845046757673e-06
22.150000000000002  -0.011680344372542426  -2.132458993095976e-06
22.200000000000003  -0.011548289859576415  -2.8319785870629876e-06
22.25  -0.011412064687480798  -3.527759454428784e-06
22.3  -0.011271746336060103  -4.225320900842401e-06
22.35  -0.011127450868281827  -4.9309933475429985e-06
22.400000000000002  -0.010979337592626478  -5.651958348951894e-06
22.450000000000003  -0.010827613258180893  -6.395879500585743e-06
22.5  -0.010672535542376644  -7.169522121747015e-06
22.55  -0.01051441637552361  -7.976237300578597e-06
22.6  -0.010353626076351258  -8.813587464048541e-06
22.650000000000002  -0.010190597129497114  -9.673300815845692e-06
22.700000000000003  -0.0100258233508371  -1.054460482621482e-05
22.75  -0.009859851787402615  -1.141965169740264e-05
22.8  -0.00969326921046665  -1.2298219484169422e-05
22.85  -0.009526686608851804  -1.3189254711880218e-05
22.900000000000002  -0.009360723942966432  -1.410852167798866e-05
22.950000000000003  -0.009195996361714935  -1.5073311781574792e-05
23.0  -0.009033102661513468  -1.609611641836782e-05
23.05  -0.008872616444322957  -1.7179304498950935e-05
23.1  -0.008715080103880429  -1.831229868497785e-05
23.150000000000002  -0.008561001592128876  -1.9471807037422608e-05
23.200000000000003  -0.008410853763449223  -2.0624863660326565e-05
23.25  -0.008265075838664222  -2.173386703321174e-05
23.3  -0.0081240762548685  -2.2762143203007432e-05
23.35  -0.007988236283185334  -2.3678529932075143e-05
23.400000000000002  -0.007857914065829513  -2.4460394350989614e-05
23.450000000000003  -0.007733448434565104  -2.5095027308931852e-05
23.5  -0.007615161572708252  -2.55794521487688e-05
23.55  -0.007503359806870264  -2.591894337583172e-05
23.6  -0.007398332281327923  -2.6124784419423665e-05
23.650000000000002  -0.00730034770016562  -2.621173331181933e-05
23.700000000000003  -0.007209649699730425  -2.6195441283719305e-05
23.75  -0.007126451780714135  -2.6090014050510063e-05
23.8  -0.007050932895390511  -2.5906022634368998e-05
23.85  -0.00698323479026605  -2.5649316047224932e-05
23.900000000000002  -0.006923462181916703  -2.5320872385207545e-05
23.950000000000003  -0.006871686746946206  -2.4917753444820913e-05
24.0  -0.006827955626938078  -2.4435066112281518e-05
24.05  -0.006792304424015269  -2.3868671177576085e-05
24.1  -0.006764773097464401  -2.321821101462653e-05
24.150000000000002  -0.006745420870007073  -2.2489853782765726e-05
24.200000000000003  -0.0067343346811553125  -2.1697938800535072e-05
24.25  -0.00673162718247758  -2.0864479743156014e-05
24.3  -0.0067374249122405475  -2.0015976529345767e-05
24.35  -0.006751851807617407  -1.9179245491427886e-05
24.400000000000002  -0.006775015526189448  -1.8378620369075185e-05
24.450000000000003  -0.006807001553106085  -1.763355670801159e-05
24.5  -0.0068478735767445835  -1.695612715927747e-05
24.55  -0.006897676449714841  -1.6349329043400175e-05
24.6  -0.006956439138336678  -1.580675784408722e-05
24.650000000000002  -0.00702417627088073  -1.5313797661860792e-05
24.700000000000003  -0.007100887887646011  -1.4850057708459092e-05
24.75  -0.007186557685087747  -1.4392484873115253e-05
24.8  -0.007281150455301028  -1.3918604157761957e-05
24.85  -0.007384609533100058  -1.3409489133122508e-05
24.900000000000002  -0.007496854787828209  -1.2852085749354423e-05
24.950000000000003  -0.007617781158328118  -1.2240546423194223e-05
25.0  -0.007747257240437142  -1.157647636251757e-05
25.05  -0.0078851233698412  -1.0868359920052734e-05
25.1  -0.008031188863574996  -1.0130337724956351e-05
25.150000000000002  -0.008185228005931019  -9.380336093788657e-06
25.200000000000003  -0.008346974656986174  -8.637879418213514e-06
25.25  -0.008516115815018785  -7.922014437865191e-06
25.3  -0.008692284750182919  -7.249633340068736e-06
25.35  -0.008875054501353377  -6.634340856070242e-06
25.400000000000002  -0.009063932540569291  -6.085908788608239e-06
25.450000000000003  -0.009258357255981172  -5.61029619927414e-06
25.5  -0.00945769668358903  -5.210162767354048e-06
25.55  -0.009661249768402129  -4.8857562533492794e-06
25.6  -0.00986825022862667  -4.635843605559966e-06
25.650000000000002  -0.010077872666144377  -4.458362034589784e-06
25.700000000000003  -0.010289240405801706  -4.351020039729221e-06
25.75  -0.01050143466792963  -4.311902547742951e-06
25.8  -0.010713504487138117  -4.339933310763789e-06
25.85  -0.010924476772285897  -4.435092183541602e-06
25.900000000000002  -0.011133366183462935  -4.598313276674943e-06
25.950000000000003  -0.011339184821024197  -4.831074222295983e-06
26.0  -0.011540951955316922  -5.134774012339356e-06
26.05  -0.011737704100518283  -5.510032147144128e-06
26.1  -0.011928505665054883  -5.9560478076984995e-06
26.150000000000002  -0.012112460264307165  -6.470154584554071e-06
26.200000000000003  -0.01228872259289993  -7.047678926735707e-06
26.25  -0.012456510556047483  -7.6821385587109e-06
26.3  -0.012615117188253295  -8.365691623334282e-06
26.35  -0.012763921703415731  -9.089679162022723e-06
26.400000000000002  -0.01290239892054883  -9.84513777908866e-06
26.450000000000003  -0.013030126439566362  -1.0623173382522545e-05
26.5  -0.013146789166840743  -1.1415125884772328e-05
26.55  -0.013252181002798173  -1.2212546364127343e-05
26.6  -0.013346203723556419  -1.3007056330309943e-05
26.650000000000002  -0.013428863279346009  -1.379015966621338e-05
26.700000000000003  -0.013500263870000273  -1.455310136494274e-05
26.75  -0.013560600231447154  -1.5286881870632904e-05
26.8  -0.01361014857477249  -1.598249276379982e-05
26.85  -0.013649256565351717  -1.6631365010791256e-05
26.900000000000002  -0.01367833262012904  -1.7225958719217135e-05
26.950000000000003  -0.013697834690721944  -1.7760389065380322e-05
27.0  -0.01370825865672445  -1.8230973466626885e-05
27.05  -0.0137101264692041  -1.8636620390787515e-05
27.1  -0.013703974227936806  -1.897904122776576e-05
27.150000000000002  -0.01369034044307941  -1.926278405270102e-05
27.200000000000003  -0.01366975481830946  -1.9495067599052043e-05
27.25  -0.01364272797147235  -1.9685372428583963e-05
27.3  -0.013609742452514721  -1.9844766168876917e-05
27.35  -0.01357124521668552  -1.9985050177148135e-05
27.400000000000002  -0.013527641676456299  -2.0117879210183482e-05
27.450000000000003  -0.01347929151047794  -2.025393930619315e-05
27.5  -0.01342650629296374  -2.0402260215723378e-05
27.55  -0.01336954887826287  -2.0569767927683376e-05
27.6  -0.013308634370709317  -2.0761125220454536e-05
27.650000000000002  -0.01324393241298752  -2.097882725218988e-05
27.700000000000003  -0.013175570451707619  -2.1223483296859113e-05
27.75  -0.013103637611610253  -2.1494232370579048e-05
27.8  -0.013028188868824155  -2.1789268924951397e-05
27.85  -0.012949249345716242  -2.2106391760857907e-05
27.900000000000002  -0.012866818547628828  -2.2443205761667167e-05
27.950000000000003  -0.01278087420650766  -2.279688340791496e-05
28.0  -0.012691375887171102  -2.3164210211051213e-05
28.05  -0.012598268624361173  -2.354188145469703e-05
28.1  -0.012501486854957689  -2.392678887497267e-05
28.150000000000002  -0.012400958758228112  -2.431621278473614e-05
28.200000000000003  -0.01229661085686783  -2.470786481306617e-05
28.25  -0.01218837257535364  -2.509991646812745e-05
28.3  -0.012076180573586852  -2.5491051430479464e-05
28.35  -0.011959982892753917  -2.5880402905735206e-05
28.400000000000002  -0.011839742958912174  -2.6267374960604162e-05
28.450000000000003  -0.011715443465712662  -2.6651456313149253e-05
28.5  -0.011587090168899028  -2.703210357894715e-05
28.55  -0.011454715611566307  -2.740871507513026e-05
28.6  -0.01131838275588914  -2.7780674327574924e-05
28.650000000000002  -0.011178188445886975  -2.8147416789357256e-05
28.700000000000003  -0.011034266597151171  -2.85084531187508e-05
28.75  -0.010886790999058866  -2.8863279232362223e-05
28.8  -0.010735977580159763  -2.9211166720665934e-05
28.85  -0.010582085957144823  -2.9550905600060473e-05
28.900000000000002  -0.010425420100986  -2.9880589649927313e-05
28.950000000000003  -0.010266328010994315  -3.0197511118949877e-05
29.0  -0.010105200363638536  -3.0498192722894916e-05
29.05  -0.009942468152598645  -3.077854076345789e-05
29.1  -0.009778599356850342  -3.103407205571673e-05
29.150000000000002  -0.009614094696062274  -3.126016565075809e-05
29.200000000000003  -0.009449482569363907  -3.1452308018268995e-05
29.25  -0.00928531331380209  -3.160631510046304e-05
29.3  -0.00912215294721365  -3.1718522148666234e-05
29.35  -0.008960576572859447  -3.178594121651987e-05
29.400000000000002  -0.008801161628448411  -3.18063935481795e-05
29.450000000000003  -0.008644481169051994  -3.17786179413924e-05
29.5  -0.008491097380933961  -3.170233982889222e-05
29.55  -0.00834155551951491  -3.1578290160325104e-05
29.6  -0.008196378443118787  -3.140819323750077e-05
29.650000000000002  -0.008056061879561122  -3.11947473096981e-05
29.700000000000003  -0.007921070516009246  -3.094159336225358e-05
29.75  -0.0077918349333110076  -3.065324814994331e-05
29.8  -0.007668749299209492  -3.0334968062613894e-05
29.85  -0.007552169604922467  -2.9992491537241655e-05
29.900000000000002  -0.007442412157652044  -2.9631593678517298e-05
29.950000000000003  -0.0073397521979139315  -2.925742396885323e-05
30.0  -0.007244423032765922  -2.887372834325599e-05
30.05  -0.0071566166853111336  -2.8482228333589374e-05
30.1  -0.007076487096920551  -2.808249944255274e-05
30.150000000000002  -0.007004156091739979  -2.7672496085074406e-05
30.200000000000003  -0.00693972111027058  -2.7249498416767056e-05
30.25  -0.006883263121777873  -2.681106702556248e-05
30.3  -0.006834853439644674  -2.635567835274949e-05
30.35  -0.006794558864544891  -2.588292549087614e-05
30.400000000000002  -0.006762445077711489  -2.539338901068099e-05
30.450000000000003  -0.0067385784170026965  -2.488844246665765e-05
30.5  -0.006723026345773782  -2.437017271728777e-05
30.55  -0.006715857122323305  -2.3840946742608754e-05
30.6  -0.006717139334036122  -2.3301044472992772e-05
30.650000000000002  -0.006726940652643768  -2.2745542132336944e-05
30.700000000000003  -0.0067453253983549375  -2.216598980754504e-05
30.75  -0.006772354099983455  -2.1553907116162494e-05
30.8  -0.0068080836975781675  -2.0902338286761604e-05
30.85  -0.006852566351547559  -2.0206864061468286e-05
30.900000000000002  -0.006905847461528801  -1.9466449166180493e-05
30.950000000000003  -0.006967963573709686  -1.868401799799205e-05
31.0  -0.007038940463441076  -1.786671740159147e-05
31.05  -0.0071187914280035885  -1.7025790138746733e-05
31.1  -0.0072075155863327075  -1.6175934070619805e-05
31.150000000000002  -0.007305095807705384  -1.5334104387298287e-05
31.200000000000003  -0.007411495869588165  -1.4517897953408499e-05
31.25  -0.007526656602495277  -1.3743727294582607e-05
31.3  -0.007650491080762417  -1.3025013951851879e-05
31.35  -0.0077828791637333875  -1.2370728437685136e-05
31.400000000000002  -0.007923661782863018  -1.1784594396218044e-05
31.450000000000003  -0.008072635380114344  -1.126511466139248e-05
31.5  -0.00822954685354651  -1.0806370862166738e-05
31.55  -0.008394089281615941  -1.0399392591543613e-05
31.6  -0.008565898604005834  -1.0033821167132341e-05
31.650000000000002  -0.008744551342582027  -9.699619710853356e-06
31.700000000000003  -0.00892956341001741  -9.388801728989141e-06
31.75  -0.009120390170486315  -9.097271940201797e-06
31.8  -0.009316427603413908  -8.826057346169043e-06
31.85  -0.009517013617324455  -8.580859053208132e-06
31.900000000000002  -0.009721429571825323  -8.370541896008715e-06
31.950000000000003  -0.009928903137736273  -8.205558340419506e-06
32.0  -0.010138612631054096  -8.096476803110396e-06
32.050000000000004  -0.010349692354522374  -8.052714604840547e-06
32.1  -0.010561238697629016  -8.081637683148323e-06
32.15  -0.010772317008856338  -8.188091102494408e-06
32.2  -0.010981969375625794  -8.374332244403149e-06
32.25  -0.011189223457775488  -8.640280777251203e-06
32.300000000000004  -0.011393102438900326  -8.983968915763904e-06
32.35  -0.01159263602982763  -9.402080973530822e-06
32.4  -0.011786872336457591  -9.890470485628452e-06
32.45  -0.01197489030634157  -1.0444550528332093e-05
32.5  -0.012155812395345711  -1.1059504161977427e-05
32.550000000000004  -0.012328817061750643  -1.173031139325296e-05
32.6  -0.012493150691968775  -1.2451591426223848e-05
32.65  -0.01264813853327257  -1.3217260608560967e-05
32.7  -0.012793194160869329  -1.4020088227432126e-05
32.75  -0.012927827048995113  -1.4851332218217982e-05
32.800000000000004  -0.013051647976834415  -1.5700623102493548e-05
32.85  -0.013164372181390556  -1.65561565815483e-05
32.9  -0.013265820296298284  -1.740515493663292e-05
32.95  -0.013355917172989236  -1.823451320788664e-05
33.0  -0.013434688683798341  -1.9031547305864516e-05
33.050000000000004  -0.013502256615149416  -1.978477330750623e-05
33.1  -0.013558831815474674  -2.0484648935442633e-05
33.15  -0.01360470580721085  -2.1124199587975304e-05
33.2  -0.01364024106858413  -2.1699437347752994e-05
33.25  -0.013665860185105171  -2.2209490195339442e-05
33.300000000000004  -0.013682034083764932  -2.265640999190931e-05
33.35  -0.013689269614225577  -2.304470057628178e-05
33.4  -0.013688096842188628  -2.3380663563604712e-05
33.45  -0.013679056507590385  -2.367168124168892e-05
33.5  -0.013662688053702634  -2.392557070229025e-05
33.550000000000004  -0.013639518522354404  -2.415009637775593e-05
33.6  -0.013610052611732872  -2.435262051276938e-05
33.65  -0.013574764204423486  -2.4539872569052325e-05
33.7  -0.013534089581787503  -2.4717821799857827e-05
33.75  -0.013488422397866134  -2.4891545811052143e-05
33.800000000000004  -0.01343811033204426  -2.5065097431083537e-05
33.85  -0.013383453275770424  -2.5241392000026045e-05
33.9  -0.013324702905417578  -2.5422119164480853e-05
33.95  -0.01326206353454175  -2.5607780772924338e-05
34.0  -0.013195694162541995  -2.5797984696868635e-05
34.050000000000004  -0.013125711568803848  -2.5992009723295795e-05
34.1  -0.013052194221421773  -2.6189487225370515e-05
34.15  -0.012975186767145257  -2.639094419954937e-05
34.2  -0.012894704948823589  -2.6598013705822933e-05
34.25  -0.0128107406255096  -2.6813377964872503e-05
34.300000000000004  -0.012723266348384044  -2.704053785406331e-05
34.35  -0.012632239534623387  -2.7283208528923834e-05
34.4  -0.012537606555960116  -2.754458617057766e-05
34.45  -0.012439306647132015  -2.782681294211436e-05
34.5  -0.012337275583729265  -2.8130697654273687e-05
34.550000000000004  -0.012231449223463666  -2.845566798756124e-05
34.6  -0.012121766996238998  -2.87999058129982e-05
34.65  -0.012008175402581912  -2.9160609930013287e-05
34.7  -0.011890631577306585  -2.9534328689712633e-05
34.75  -0.011769106963754444  -2.9917304747621647e-05
34.800000000000004  -0.011643591117719206  -3.030578519870586e-05
34.85  -0.011514095629043297  -3.069627513703477e-05
34.9  -0.011380658114589399  -3.1085727173936515e-05
34.95  -0.011243346216116506  -3.147164473764467e-05
35.0  -0.011102261509784422  -3.1852061533849765e-05
35.050000000000004  -0.010957543176394784  -3.222539532322055e-05
35.1  -0.01080937120572366  -3.259022405311437e-05
35.15  -0.010657968884679079  -3.294501291892834e-05
35.2  -0.010503604376638052  -3.3287809403833625e-05
35.25  -0.010346591268676111  -3.3615961295892066e-05
35.300000000000004  -0.010187288018607233  -3.3925945659948736e-05
35.35  -0.010026096288578697  -3.421339753604337e-05
35.4  -0.009863458190664295  -3.4473352713899476e-05
35.45  -0.009699852458091478  -3.4700579031482094e-05
35.5  -0.009535789529579543  -3.488983752340424e-05
35.550000000000004  -0.009371805645634996  -3.5036075625988444e-05
35.6  -0.009208456273991545  -3.513463937406087e-05
35.65  -0.009046309254513989  -3.518151148346487e-05
35.7  -0.00888593795817792  -3.517354977950451e-05
35.75  -0.008727914624086473  -3.510871730708938e-05
35.800000000000004  -0.008572803958228226  -3.498628741243859e-05
35.85  -0.008421157084575576  -3.480700141526231e-05
35.9  -0.008273505967962363  -3.4573160947945715e-05
35.95  -0.008130358421145437  -3.428863702933964e-05
36.0  -0.00799219378588857  -3.39587783438035e-05
36.050000000000004  -0.007859459360883564  -3.359020340638896e-05
36.1  -0.00773256763873905  -3.319046819771426e-05
36.15  -0.007611894400163533  -3.2767615417370134e-05
36.2  -0.0074977776886680034  -3.232962779398546e-05
36.25  -0.007390517665424028  -3.18838233099732e-05
36.300000000000004  -0.00729037732657347  -3.1436243764584203e-05
36.35  -0.00719758404817048  -3.099110729573612e-05
36.4  -0.007112331876408804  -3.05503960945137e-05
36.45  -0.007034784417341377  -3.0113631854821443e-05
36.5  -0.006965078139285043  -2.9677882437947428e-05
36.550000000000004  -0.00690332585030979  -2.9238000357626357e-05
36.6  -0.006849620071529888  -2.878705668227718e-05
36.65  -0.006804035999024627  -2.8316919927035933e-05
36.7  -0.006766633741223891  -2.7818935104592138e-05
36.75  -0.00673745965089604  -2.728469834951273e-05
36.800000000000004  -0.006716547173440086  -2.6707039863402747e-05
36.85  -0.006703918771620858  -2.6081685528801134e-05
36.9  -0.006699592377346914  -2.5410401806934786e-05
36.95  -0.006703599832239656  -2.470520167612429e-05
37.0  -0.0067160190413781615  -2.398935510619715e-05
37.050000000000004  -0.006736999173092124  -2.329020357302134e-05
37.1  -0.006766746300288408  -2.262716864476431e-05
37.15  -0.0068054676024228615  -2.2004938109232692e-05
37.2  -0.0068533119886935116  -2.1415381901448725e-05
37.25  -0.006910340725510033  -2.0843856101666815e-05
37.300000000000004  -0.006976531347073583  -2.027506587768024e-05
37.35  -0.007051800283605402  -1.969654889057166e-05
37.4  -0.007136029395248931  -1.909996828274961e-05
37.45  -0.007229087879076744  -1.8481098052733408e-05
37.5  -0.007330846470171976  -1.7839275782373944e-05
37.550000000000004  -0.00744118387321789  -1.71767718881421e-05
37.6  -0.007559986712744866  -1.6498158682017843e-05
37.65  -0.007687144449976729  -1.580964271382281e-05
37.7  -0.007822540566514527  -1.5118421059649773e-05
37.75  -0.007966041292811301  -1.443200068363361e-05
37.800000000000004  -0.008117482912097112  -1.3757468186246476e-05
37.85  -0.008276658532236473  -1.3100868499698689e-05
37.9  -0.008443305335121125  -1.2466873293252222e-05
37.95  -0.008617093408974662  -1.1858841304692318e-05
38.0  -0.008797617210691713  -1.1279269813075043e-05
38.050000000000004  -0.008984390513759016  -1.073055115770034e-05
38.1  -0.009176845382146744  -1.0215890404009492e-05
38.15  -0.009374335292560796  -9.740194925768745e-06
38.2  -0.009576142056762136  -9.31072171275179e-06
38.25  -0.009781485738450751  -8.937285929935508e-06
38.300000000000004  -0.009989536398928306  -8.63190246432771e-06
38.35  -0.010199426327873153  -8.407845827019057e-06
38.400000000000006  -0.010410261477077664  -8.278247592427354e-06
38.45  -0.010621131118622838  -8.254465115134286e-06
38.5  -0.010831115234375336  -8.344518599973884e-06
38.550000000000004  -0.011039289707600257  -8.551890162876986e-06
38.6  -0.011244729922009446  -8.874908969857597e-06
38.650000000000006  -0.011446513774986757  -9.306830914571647e-06
38.7  -0.011643725288803069  -9.836585909496412e-06
38.75  -0.011835459936037292  -1.0450020898019209e-05
38.800000000000004  -0.012020832511372061  -1.113131924244092e-05
38.85  -0.012198987911094252  -1.1864238021410314e-05
38.900000000000006  -0.012369114519514609  -1.2633160582085195e-05
38.95  -0.01253045908121022  -1.3424604511795323e-05
39.0  -0.012682341917756435  -1.4228988699118066e-05
39.050000000000004  -0.012824171520598207  -1.5040607484490927e-05
39.1  -0.012955456394539773  -1.5855757490420256e-05
39.150000000000006  -0.013075813405619275  -1.6671085669512334e-05
39.2  -0.013184972701944318  -1.7482682197931947e-05
39.25  -0.013282778832360537  -1.828557215992956e-05
39.300000000000004  -0.013369188107284805  -1.9073504397072875e-05
39.35  -0.013444262743111298  -1.9839051227025478e-05
39.400000000000006  -0.013508162528205137  -2.0573992487447293e-05
39.45  -0.013561134749597052  -2.1269910128569293e-05
39.5  -0.013603503007474153  -2.1918893252475983e-05
39.550000000000004  -0.013635655389403688  -2.2514250591747777e-05
39.6  -0.013658032348757787  -2.305114335362404e-05
39.650000000000006  -0.013671114564821762  -2.352708076010987e-05
39.7  -0.013675411036774419  -2.394225562970937e-05
39.75  -0.013671447619653802  -2.429969549941383e-05
39.800000000000004  -0.013659756127313795  -2.460517797199703e-05
39.85  -0.013640864089937841  -2.4866893973814933e-05
39.900000000000006  -0.013615285292434443  -2.509491422115316e-05
39.95  -0.013583511266258673  -2.5300544950068417e-05
40.0  -0.013546003905798971  -2.549564960878929e-05
40.050000000000004  -0.013503189315050595  -2.5691965752291704e-05
40.1  -0.013455452931668678  -2.5900404307667047e-05
40.150000000000006  -0.013403135966385992  -2.6130359795900354e-05
40.2  -0.01334653317020097  -2.638911073241484e-05
40.25  -0.013285891906802839  -2.6681375333416932e-05
40.300000000000004  -0.013221412464678789  -2.7009085222139836e-05
40.35  -0.013153249468244022  -2.7371534400577524e-05
40.400000000000006  -0.013081514237765145  -2.7765886572694554e-05
40.45  -0.013006278360487475  -2.81874425894178e-05
40.5  -0.012927578219043044  -2.8629600406687455e-05
40.550000000000004  -0.012845419891816603  -2.908424535670048e-05
40.6  -0.012759784730674037  -2.9542691117177297e-05
40.650000000000006  -0.012670635347101325  -2.9996762219371155e-05
40.7  -0.012577921473936535  -3.043972185177711e-05
40.75  -0.01248158529929188  -3.086686865094986e-05
40.800000000000004  -0.01238156603388503  -3.1275720098525406e-05
40.85  -0.012277803664115862  -3.166581410501125e-05
40.900000000000006  -0.012170242062165156  -3.203824382261624e-05
40.95  -0.012058831773611013  -3.239504572871669e-05
41.0  -0.0119435327458919  -3.273853607202995e-05
41.050000000000004  -0.011824317137849425  -3.3070690339581656e-05
41.1  -0.011701172336385356  -3.339266180561644e-05
41.150000000000006  -0.011574104288476912  -3.370449544387522e-05
41.2  -0.01144314115431428  -3.4005034201937246e-05
41.25  -0.011308337169715384  -3.429198127914345e-05
41.300000000000004  -0.011169776531176501  -3.456208031183134e-05
41.35  -0.01102757708033839  -3.4811382995369444e-05
41.400000000000006  -0.010881893556562204  -3.5035562870391436e-05
41.45  -0.01073292023793591  -3.523021736577735e-05
41.5  -0.010580892872657928  -3.539111456484029e-05
41.550000000000004  -0.010426089839652933  -3.551436729385088e-05
41.6  -0.010268832463394845  -3.559653056528857e-05
41.650000000000006  -0.010109484387243768  -3.563463607305681e-05
41.7  -0.009948449925401805  -3.562620122170892e-05
41.75  -0.009786171367850868  -3.556924831691656e-05
41.800000000000004  -0.009623125268496987  -3.5462347970762875e-05
41.85  -0.009459817799720105  -3.530468970057672e-05
41.900000000000006  -0.009296779338903131  -3.509616750511425e-05
41.95  -0.009134558516483163  -3.4837462513269144e-05
42.0  -0.008973715885026675  -3.4530126893485536e-05
42.050000000000004  -0.008814817315155363  -3.417666678324086e-05
42.1  -0.008658427301543823  -3.378058531024446e-05
42.150000000000006  -0.0085051024414621  -3.3346352264776474e-05
42.2  -0.00835538530559922  -3.287930489012388e-05
42.25  -0.008209798819898844  -3.2385490943924344e-05
42.300000000000004  -0.00806884124545539  -3.187145343011894e-05
42.35  -0.007932981856481745  -3.134395724570759e-05
42.400000000000006  -0.0078026574166040735  -3.080967272394783e-05
42.45  -0.007678269553475137  -3.027484063812976e-05
42.5  -0.007560183109170412  -2.9744936046542935e-05
42.550000000000004  -0.007448725472575716  -2.9224349104524565e-05
42.6  -0.007344186843196324  -2.871611410979049e-05
42.650000000000006  -0.007246821357598535  -2.8221718338122654e-05
42.7  -0.007156848988542195  -2.77410061204201e-05
42.75  -0.007074458094337816  -2.7272183620771954e-05
42.800000000000004  -0.00699980846448325  -2.6811948249417103e-05
42.85  -0.00693303469368073  -2.6355787453069698e-05
42.900000000000006  -0.006874249789942917  -2.5898514585929347e-05
42.95  -0.006823549035276021  -2.5435080088529497e-05
43.0  -0.006781013886569387  -2.496130928283577e-05
43.050000000000004  -0.006746715345756141  -2.4474096872220284e-05
43.1  -0.006720716675989915  -2.3971366363052103e-05
43.150000000000006  -0.00670307569148837  -2.345187844263429e-05
43.2  -0.0066938465986069035  -2.291478443129085e-05
43.25  -0.006693081452312675  -2.2359136640061306e-05
43.300000000000004  -0.006700831380584982  -2.1783532831305138e-05
43.35  -0.00671714760768198  -2.1186013404191938e-05
43.400000000000006  -0.006742082102215794  -2.0564269251105876e-05
43.45  -0.006775687520552418  -1.9916154548182385e-05
43.5  -0.006818016142781181  -1.924039668971852e-05
43.550000000000004  -0.006869117634526653  -1.853721552456237e-05
43.6  -0.0069290357789553335  -1.7808476667518678e-05
43.650000000000006  -0.006997804626641936  -1.705719471887622e-05
43.7  -0.007075444563974309  -1.628658254692271e-05
43.75  -0.007161958635734037  -1.549911315260998e-05
43.800000000000004  -0.007257329216804779  -1.4696008901828208e-05
43.85  -0.0073615149618320936  -1.3877305865838031e-05
43.900000000000006  -0.007474447871124239  -1.3042379850396476e-05
43.95  -0.007596030284365246  -1.2190705120845564e-05
44.0  -0.007726131684015113  -1.1322629993613403e-05
44.050000000000004  -0.007864585310239123  -1.044001647082515e-05
44.1  -0.008011184687179158  -9.546663832730891e-06
44.150000000000006  -0.008165680183740032  -8.648502433235344e-06
44.2  -0.00832777570312223  -7.753587712632836e-06
44.25  -0.008497125586293362  -6.871926590594687e-06
44.300000000000004  -0.008673331838020559  -6.015144345407711e-06
44.35  -0.008855941803426403  -5.195994603942429e-06
44.400000000000006  -0.009044446424321827  -4.4277357419345864e-06
44.45  -0.00923827920155994  -3.7234196100319784e-06
44.5  -0.009436815987940907  -3.0951551274716305e-06
44.550000000000004  -0.0096393757304531  -2.55342152624512e-06
44.6  -0.009845222267178134  -2.106510439012695e-06
44.650000000000006  -0.010053567263758388  -1.7601680742282556e-06
44.7  -0.010263574351269936  -1.517490281055526e-06
44.75  -0.010474364506541508  -1.379094364339013e-06
44.800000000000004  -0.010685022692289155  -1.3435500927489626e-06
44.85  -0.01089460574762547  -1.4080068966664823e-06
44.900000000000006  -0.011102151485495263  -1.5689128783752126e-06
44.95  -0.01130668890539364  -1.8226924342056607e-06
45.0  -0.011507249367839215  -2.1662433169682024e-06
45.050000000000004  -0.011702878505092386  -2.597136472561784e-06
45.1  -0.01189264857370758  -3.1134568811770177e-06
45.150000000000006  -0.012075670905314034  -3.713298441453615e-06
45.2  -0.012251108093231274  -4.3939841369315125e-06
45.25  -0.012418185572996922  -5.1511001040522264e-06
45.300000000000004  -0.012576202306266392  -5.97741345948507e-06
45.35  -0.012724540319192724  -6.861750886303907e-06
45.400000000000006  -0.012862672824158681  -7.788120517780274e-06
45.45  -0.012990170448388122  -8.735869663574793e-06
45.5  -0.013106704938068132  -9.681955533584741e-06
45.550000000000004  -0.013212050713646176  -1.0605123914844871e-05
45.6  -0.013306085026962382  -1.1489378715374737e-05
45.650000000000006  -0.01338878533097227  -1.2324711534456456e-05
45.7  -0.013460223887776759  -1.3106293637351887e-05
45.75  -0.013520561580669388  -1.38336291734555e-05
45.800000000000004  -0.013570041332900133  -1.4509688209451466e-05
45.85  -0.013608980538380406  -1.5139792806112259e-05
45.900000000000006  -0.013637762176005406  -1.5730387216279772e-05
45.95  -0.01365682463992224  -1.6287935585573154e-05
46.0  -0.013666650494900384  -1.6818098377380305e-05
46.050000000000004  -0.013667754464869338  -1.7325233292998066e-05
46.1  -0.013660671044665021  -1.781221202097457e-05
46.150000000000006  -0.013645942173321799  -1.8280519090221915e-05
46.2  -0.01362410540999947  -1.8730592509523824e-05
46.25  -0.013595683026557677  -1.916237168672468e-05
46.300000000000004  -0.01356117238048038  -1.9575992690453474e-05
46.35  -0.013521037833466308  -1.9972525053885835e-05
46.400000000000006  -0.013475704326185571  -2.035466394490388e-05
46.45  -0.013425552582993196  -2.072733216819247e-05
46.5  -0.013370915921880024  -2.1097997949030014e-05
46.550000000000004  -0.013312078851394703  -2.147593443271012e-05
46.6  -0.01324927761190221  -2.186929424013569e-05
46.650000000000006  -0.013182702169313946  -2.2281368901922714e-05
46.7  -0.013112499486890089  -2.27102934655615e-05
46.75  -0.013038778261054457  -2.3152001815653945e-05
46.800000000000004  -0.0129616139534563  -2.3602566526392603e-05
46.85  -0.01288105304836289  -2.405893753710697e-05
46.900000000000006  -0.012797116522228973  -2.451894199778167e-05
46.95  -0.012709802793735072  -2.4981053567421864e-05
47.0  -0.012619090346229846  -2.544407123273971e-05
47.050000000000004  -0.01252494028644087  -2.590691275579227e-05
47.1  -0.012427299153323279  -2.6368650213011365e-05
47.150000000000006  -0.01232610220945173  -2.6828651317007277e-05
47.2  -0.012221277360853235  -2.7286637107972982e-05
47.25  -0.012112749739640957  -2.774257225620499e-05
47.300000000000004  -0.01200044684730896  -2.8196411175403966e-05
47.35  -0.011884304056492911  -2.8647802006785326e-05
47.400000000000006  -0.011764270224816208  -2.9095879667143562e-05
47.45  -0.01164031317640483  -2.9539232389468755e-05
47.5  -0.011512424850439813  -2.997603752303467e-05
47.550000000000004  -0.011380625979492059  -3.0404296400950186e-05
47.6  -0.011244970205803192  -3.0822082311139076e-05
47.650000000000006  -0.011105547569287796  -3.1227738699789297e-05
47.7  -0.010962487327261855  -3.161999645379177e-05
47.75  -0.01081596009277125  -3.199799244101277e-05
47.800000000000004  -0.01066617929440185  -3.236117041980072e-05
47.85  -0.010513401954739118  -3.2709057984465504e-05
47.900000000000006  -0.010357928756191731  -3.304095385932728e-05
47.95  -0.010200103339949352  -3.335559727065841e-05
48.0  -0.010040310784361834  -3.3650891825554274e-05
48.050000000000004  -0.009878975225157655  -3.3923738284854374e-05
48.1  -0.009716556611001593  -3.417000409842507e-05
48.150000000000006  -0.009553546625907905  -3.4384636478020084e-05
48.2  -0.009390463844789776  -3.456191553643992e-05
48.25  -0.009227848223948981  -3.4695828891470915e-05
48.300000000000004  -0.00906625506222146  -3.478052792458312e-05
48.35  -0.008906248593857155  -3.481081201715702e-05
48.400000000000006  -0.008748395390778534  -3.4782586662916326e-05
48.45  -0.008593257762482823  -3.4693248848620144e-05
48.5  -0.00844138734470177  -3.4541962789741155e-05
48.550000000000004  -0.008293319061214808  -3.432980062210807e-05
48.6  -0.008149565630174131  -3.405973679264903e-05
48.650000000000006  -0.008010612768598655  -3.373650084082945e-05
48.7  -0.007876915224405099  -3.336630708551882e-05
48.75  -0.007748893733496678  -3.295648717038091e-05
48.800000000000004  -0.007626932960984876  -3.251505395903882e-05
48.85  -0.007511380442229859  -3.2050225778046195e-05
48.900000000000006  -0.0074025464946885725  -3.1569944962019524e-05
48.95  -0.00730070503178791  -3.108143450571087e-05
49.0  -0.007206095184864309  -3.0590836324498245e-05
49.050000000000004  -0.007118923640799611  -3.0102946093720562e-05
49.1  -0.007039367611915419  -2.962099304208905e-05
49.150000000000006  -0.006967578212918204  -2.914639723886891e-05
49.2  -0.006903683778356855  -2.8678635929455883e-05
49.25  -0.006847793084046342  -2.82154596861001e-05
49.300000000000004  -0.006799998775003744  -2.7753434056049922e-05
49.35  -0.006760380783414265  -2.728856769155593e-05
49.400000000000006  -0.006729009460979499  -2.681679975009328e-05
49.45  -0.006705948332637941  -2.6334262590548426e-05
49.5  -0.006691256401556316  -2.5837361804683364e-05
49.550000000000004  -0.006684989943392427  -2.5322760561980057e-05
49.6  -0.006687203765970256  -2.4787348581526303e-05
49.650000000000006  -0.006697951933785656  -2.4228248860473514e-05
49.7  -0.006717287952386339  -2.3642886086993908e-05
49.75  -0.0067452644095171675  -2.3029103147085104e-05
49.800000000000004  -0.00678193206813205  -2.2385281651189554e-05
49.85  -0.006827338410101531  -2.171044733312544e-05
49.900000000000006  -0.006881525671783597  -2.100438464488701e-05
49.95  -0.006944528456241518  -2.0267775680791687e-05
50.0  -0.00701637098665891  -1.9502318175961124e-05
50.050000000000004  -0.007097064025450947  -1.8710747455829722e-05
50.1  -0.007186601495571767  -1.7896738653506913e-05
50.150000000000006  -0.007284956886270742  -1.706473652928846e-05
50.2  -0.007392079547294785  -1.6219768077361043e-05
50.25  -0.007507890955041403  -1.536725188667162e-05
50.300000000000004  -0.00763228100188014  -1.4512799335772332e-05
50.35  -0.007765104348069364  -1.3662013244238067e-05
50.400000000000006  -0.00790617687537721  -1.2820295230473058e-05
50.45  -0.008055272293742553  -1.1992696880513414e-05
50.5  -0.00821211898501073  -1.1183870262330093e-05
50.550000000000004  -0.008376397191816858  -1.0398179856034245e-05
50.6  -0.008547736654690155  -9.64006621969848e-06
50.650000000000006  -0.008725714767301647  -8.91479317685759e-06
50.7  -0.008909855275551609  -8.229693539373953e-06
50.75  -0.009099627521999384  -7.5958319918818205e-06
50.800000000000004  -0.00929444626143988  -7.029597405854676e-06
50.85  -0.009493672114119098  -6.553326380597603e-06
50.900000000000006  -0.009696612698716535  -6.1940588641398845e-06
50.95  -0.009902524403843461  -5.980201166309092e-06
51.0  -0.010110614794519003  -5.9368958424992664e-06
51.050000000000004  -0.010320045919614378  -6.0815756374418894e-06
51.1  -0.010529938959828504  -6.421126055072112e-06
51.150000000000006  -0.010739380542782536  -6.951309912526313e-06
51.2  -0.01094743079673811  -7.658143177654622e-06
51.25  -0.011153132981910112  -8.520385259062587e-06
51.300000000000004  -0.011355524419191142  -9.512333084869324e-06
51.35  -0.011553648403192118  -1.0606354389964563e-05
51.400000000000006  -0.01174656674998863  -1.1774758937444654e-05
51.45  -0.01193337259399032  -1.2990780939489165e-05
51.5  -0.01211320305337192  -1.4228822030835657e-05
51.550000000000004  -0.0122852512786594  -1.5464622161423102e-05
51.6  -0.012448777115921473  -1.6676435526649475e-05
51.650000000000006  -0.01260311596041515  -1.784759824196889e-05
51.7  -0.012747686591798882  -1.8968583034045947e-05
51.75  -0.012881997552184204  -2.003638528008924e-05
51.800000000000004  -0.013005651089158084  -2.1052403521586057e-05
51.85  -0.013118345845420012  -2.2020794481536802e-05
51.900000000000006  -0.01321987878400707  -2.294734127973943e-05
51.95  -0.013310145691617214  -2.3838331299323083e-05
52.0  -0.013389139799199515  -2.4699441204817268e-05
52.050000000000004  -0.013456948440471258  -2.5534871705504142e-05
52.1  -0.013513747836503488  -2.634690795999664e-05
52.150000000000006  -0.01355979615386483  -2.713594066286729e-05
52.2  -0.013595425017345297  -2.790087421581813e-05
52.25  -0.013621029691726108  -2.863979303121621e-05
52.300000000000004  -0.013637058187813255  -2.9350745187447968e-05
52.35  -0.013643999590905832  -3.0032513401942e-05
52.400000000000006  -0.01364237194461882  -3.068526297481536e-05
52.45  -0.013632710051495701  -3.131098445757353e-05
52.5  -0.013615553548263442  -3.191368460908984e-05
52.550000000000004  -0.013591435579352412  -3.24993177213637e-05
52.6  -0.013560872361076432  -3.307548807613216e-05
52.650000000000006  -0.013524353904885811  -3.3650977991676214e-05
52.7  -0.013482336121065674  -3.4235161348635624e-05
52.75  -0.01343523444898248  -3.483735403586278e-05
52.800000000000004  -0.013383419074420009  -3.546615419347514e-05
52.85  -0.013327211714603562  -3.612890521879828e-05
52.900000000000006  -0.013266883919149758  -3.6831447939487396e-05
52.95  -0.013202657045574929  -3.7578203612319e-05
53.0  -0.013134704068618875  -3.83719925270265e-05
53.050000000000004  -0.013063153518204631  -3.9211978387508036e-05
53.1  -0.012988094157921414  -4.009076853147163e-05
53.150000000000006  -0.012909579995474646  -4.099609418354982e-05
53.2  -0.012827636806962408  -4.19148261315768e-05
53.25  -0.012742267768463492  -4.283473472889146e-05
53.300000000000004  -0.012653457487036977  -4.374502646247251e-05
53.35  -0.012561175336547692  -4.463678579159993e-05
53.400000000000006  -0.012465378679229273  -4.550335264287539e-05
53.45  -0.012366016243126303  -4.634044610345283e-05
53.5  -0.012263031711554972  -4.714591672212542e-05
53.550000000000004  -0.012156367457587584  -4.791913160090004e-05
53.6  -0.012045968362165833  -4.866011190082903e-05
53.650000000000006  -0.011931785688578857  -4.936862370743308e-05
53.7  -0.011813780975209805  -5.004343205610748e-05
53.75  -0.011691929918998959  -5.068185126095802e-05
53.800000000000004  -0.011566226262257598  -5.127963121485449e-05
53.85  -0.01143668569311251  -5.1831158583248386e-05
53.900000000000006  -0.011303349725121162  -5.232990877348065e-05
53.95  -0.011166289474356654  -5.276905096840021e-05
54.0  -0.011025609216582436  -5.314209330050849e-05
54.050000000000004  -0.010881449587743371  -5.3443463734322084e-05
54.1  -0.010733990274842557  -5.366894162455024e-05
54.150000000000006  -0.010583452030853766  -5.3815875706247804e-05
54.2  -0.010430097894091385  -5.3883174352221116e-05
54.25  -0.01027423356685737  -5.387111679677784e-05
54.300000000000004  -0.010116206926386997  -5.378106649763002e-05
54.35  -0.009956406626721856  -5.361515153167091e-05
54.400000000000006  -0.009795259755586594  -5.3375948223370336e-05
54.45  -0.00963322854405611  -5.3066199593889366e-05
54.5  -0.00947080616984846  -5.26886016849941e-05
54.550000000000004  -0.009308511737503005  -5.224568989374839e-05
54.6  -0.009146884554977561  -5.173984663760867e-05
54.650000000000006  -0.00898647786174762  -5.1173427478652526e-05
54.7  -0.00882785219782883  -5.0548977174485674e-05
54.75  -0.008671568627832305  -4.9869491883597635e-05
54.800000000000004  -0.00851818204317774  -4.913867972974967e-05
54.85  -0.008368234760449608  -4.836117413064249e-05
54.900000000000006  -0.00822225061762951  -4.7542662943325764e-05
54.95  -0.008080729743644963  -4.668991067113899e-05
55.0  -0.007944144141598771  -4.581066558201451e-05
55.050000000000004  -0.007812934183764214  -4.491345611149338e-05
55.1  -0.007687506071229017  -4.4007291436071836e-05
55.150000000000006  -0.0075682302688253955  -4.3101290140548366e-05
55.2  -0.007455440882722212  -4.220426739757184e-05
55.25  -0.007349435906426775  -4.1324317627613074e-05
55.300000000000004  -0.007250478248240407  -4.0468433667219905e-05
55.35  -0.007158797469709657  -3.964220402694913e-05
55.400000000000006  -0.007074592136966875  -3.8849633882407264e-05
55.45  -0.006998032630019541  -3.8093117356005e-05
55.5  -0.0069292642610061335  -3.7373555171623926e-05
55.550000000000004  -0.006868410576703814  -3.669057456409616e-05
55.6  -0.006815576739159734  -3.6042789449349904e-05
55.650000000000006  -0.0067708528929336905  -3.5428055309009976e-05
55.7  -0.00673431741905159  -3.484370328158245e-05
55.75  -0.006706039966238313  -3.4286754190725324e-05
55.800000000000004  -0.0066860841660711925  -3.3754119266629954e-05
55.85  -0.006674509924944503  -3.3242771912467584e-05
55.900000000000006  -0.006671375169247995  -3.2749853477818476e-05
55.95  -0.006676737017326381  -3.227270220892781e-05
56.0  -0.006690652436437499  -3.1808767416855816e-05
56.050000000000004  -0.006713178476132898  -3.135529397911315e-05
56.1  -0.006744372049022304  -3.0908735722974205e-05
56.150000000000006  -0.006784288832020267  -3.0464245747090915e-05
56.2  -0.006832980733062756  -3.0015902935967033e-05
56.25  -0.0068904921166778686  -2.9557839491859778e-05
56.300000000000004  -0.006956855748195763  -2.90855574370221e-05
56.35  -0.007032089174639889  -2.8596668840619196e-05
56.400000000000006  -0.007116191635644146  -2.8090932801988674e-05
56.45  -0.0072091413306736235  -2.7569871601501612e-05
56.5  -0.007310892855149352  -2.7036246223771627e-05
56.550000000000004  -0.007421374633765734  -2.6493558183621007e-05
56.6  -0.007540486213133958  -2.5945661644672823e-05
56.650000000000006  -0.007668095341534205  -2.5396504235176927e-05
56.7  -0.007804034821655278  -2.484998338374897e-05
56.75  -0.007948099169053147  -2.4309902542230033e-05
56.800000000000004  -0.008100041169172621  -2.3780010194036403e-05
56.85  -0.00825956849280719  -2.326410319929192e-05
56.900000000000006  -0.008426340567966427  -2.2766167270346762e-05
56.95  -0.008599965899466537  -2.2290521324967944e-05
57.0  -0.008779999994337751  -2.1841941336196342e-05
57.050000000000004  -0.008965944010019558  -2.142575173741314e-05
57.1  -0.009157244202253187  -2.104787288275502e-05
57.150000000000006  -0.009353292220827014  -2.0714805571479527e-05
57.2  -0.009553426285693329  -2.0433538643591948e-05
57.25  -0.00975693325551704  -2.0211373439810434e-05
57.300000000000004  -0.009963051589101497  -2.0055654597195903e-05
57.35  -0.010170975210491427  -1.9973407041467165e-05
57.400000000000006  -0.010379858301550667  -1.9970911641303537e-05
57.45  -0.010588821043987819  -2.0053282467826e-05
57.5  -0.010796956324088187  -2.0224107951433042e-05
57.550000000000004  -0.011003337408392766  -2.0485197781096945e-05
57.6  -0.011207026580490068  -2.0836455627844195e-05
57.650000000000006  -0.011407084697585819  -2.127586351739986e-05
57.7  -0.011602581569900992  -2.179954064918538e-05
57.75  -0.011792606981878452  -2.2401845046979513e-05
57.800000000000004  -0.011976282092992143  -2.3075508442310425e-05
57.85  -0.01215277090336693  -2.3811824708985222e-05
57.900000000000006  -0.012321291452513683  -2.4600930134737388e-05
57.95  -0.012481126431946475  -2.5432198215144998e-05
58.0  -0.01263163291147112  -2.629472465909861e-05
58.050000000000004  -0.012772250890228251  -2.717783138690979e-05
58.1  -0.012902510397008638  -2.8071502263022598e-05
58.150000000000006  -0.013022036897874857  -2.89666818315173e-05
58.2  -0.013130554830640935  -2.9855405425038195e-05
58.25  -0.013227889158294405  -3.0730772658619715e-05
58.300000000000004  -0.013313964901202601  -3.158681566205122e-05
58.35  -0.013388804671432903  -3.241833398918336e-05
58.400000000000006  -0.013452524290186209  -3.3220768649563687e-05
58.45  -0.013505326618150723  -3.399017003234966e-05
58.5  -0.013547493770926258  -3.472328310688295e-05
58.550000000000004  -0.013579377925677455  -3.5417741955938586e-05
58.6  -0.013601390948410993  -3.607233908982556e-05
58.650000000000006  -0.013613993107449554  -3.668730628252023e-05
58.7  -0.013617681199727304  -3.726453837041067e-05
58.75  -0.013612976445368366  -3.7807720510393447e-05
58.800000000000004  -0.013600412497942674  -3.8322330406042786e-05
58.85  -0.013580523896247441  -3.881549115256392e-05
58.900000000000006  -0.013553835257136616  -3.9295679578325555e-05
58.95  -0.013520851491520804  -3.9772314767971356e-05
59.0  -0.013482049278968232  -4.0255251254090585e-05
59.050000000000004  -0.013437869964253295  -4.0754219817696905e-05
59.1  -0.013388713980839824  -4.1278268128943656e-05
59.150000000000006  -0.013334936862461823  -4.183523109892341e-05
59.2  -0.013276846853599393  -4.243124829321954e-05
59.25  -0.01321470406733962  -4.3070365190545595e-05
59.300000000000004  -0.013148721093047367  -4.3754279381636235e-05
59.35  -0.013079064914408764  -4.448227481827713e-05
59.400000000000006  -0.01300585994377654  -4.5251341542022194e-05
59.45  -0.01292919193554932  -4.605642175733475e-05
59.5  -0.012849112535923113  -4.6890698093836013e-05
59.550000000000004  -0.01276564417977769  -4.774590067734804e-05
59.6  -0.01267878498852595  -4.8612688495079316e-05
59.650000000000006  -0.012588513450521756  -4.9481141041179715e-05
59.7  -0.012494792873212703  -5.0341309961686585e-05
59.75  -0.012397575677561539  -5.118375083119965e-05
59.800000000000004  -0.01229680758498734  -5.1999969314314606e-05
59.85  -0.012192431696336044  -5.278272281003886e-05
59.900000000000006  -0.01208439241232055  -5.352615291130503e-05
59.95  -0.01197263917691904  -5.4225774533868936e-05
60.0  -0.011857130146989726  -5.4878321499603434e-05
60.050000000000004  -0.011737835914150214  -5.548139133319521e-05
60.1  -0.011614743185541973  -5.6033048702834494e-05
60.150000000000006  -0.01148785820237649  -5.653193368676698e-05
60.2  -0.011357210021114849  -5.697784335471386e-05
60.25  -0.011222853863322944  -5.73717353981297e-05
60.300000000000004  -0.011084874355526943  -5.7714769615543736e-05
60.35  -0.010943388512735817  -5.800723753956788e-05
60.400000000000006  -0.010798548530497177  -5.824807411286805e-05
60.45  -0.010650544349897527  -5.843490662111466e-05
60.5  -0.01049960577475782  -5.856435310722799e-05
60.550000000000004  -0.010346003876232787  -5.863239888767556e-05
60.6  -0.010190051495080666  -5.863479537608287e-05
60.650000000000006  -0.010032102764266401  -5.8567459582528104e-05
60.7  -0.009872551621245021  -5.8426851168958015e-05
60.75  -0.009711829281720813  -5.821031226516654e-05
60.800000000000004  -0.009550400706079236  -5.791636706162505e-05
60.85  -0.009388760161022887  -5.754495694602678e-05
60.900000000000006  -0.009227426024062974  -5.709757379421452e-05
60.95  -0.009066935003578361  -5.6577269650272425e-05
61.0  -0.008907835953010517  -5.5988546381927495e-05
61.050000000000004  -0.008750683453187934  -5.533714850668057e-05
61.1  -0.008596031335184487  -5.4629791155821935e-05
61.150000000000006  -0.008444426319475028  -5.387385687299006e-05
61.2  -0.008296401947991028  -5.307709262724746e-05
61.25  -0.008152472979105443  -5.224733304516658e-05
61.300000000000004  -0.008013130399282267  -5.139226918491815e-05
61.35  -0.007878837178720559  -5.05192750963905e-05
61.400000000000006  -0.0077500248666113455  -4.963529735473697e-05
61.45  -0.007627091091013997  -4.874680310872109e-05
61.5  -0.007510397998182185  -4.7859769187484516e-05
61.550000000000004  -0.007400271631638705  -4.697969098250729e-05
61.6  -0.0072970022071830246  -4.61115944602375e-05
61.650000000000006  -0.0072008451952804645  -4.526003665306001e-05
61.7  -0.007112023094057825  -4.442908708970669e-05
61.75  -0.007030727772663453  -4.3622289070783014e-05
61.800000000000004  -0.006957123273354755  -4.284260258994628e-05
61.85  -0.006891348946793016  -4.209234193279974e-05
61.900000000000006  -0.0068335227803946645  -4.1373130127888606e-05
61.95  -0.006783744808548419  -4.068588119638719e-05
62.0  -0.006742100526652223  -4.0030803820749194e-05
62.050000000000004  -0.006708664227702586  -3.940740698376472e-05
62.1  -0.006683502152780874  -3.881447979066819e-05
62.150000000000006  -0.006666675320856717  -3.825002129328666e-05
62.2  -0.00665824190978917  -3.771113012137477e-05
62.25  -0.00665825903842299  -3.719394327213105e-05
62.300000000000004  -0.006666783725331924  -3.6693749471941786e-05
62.35  -0.00668387291519062  -3.6205334426769565e-05
62.400000000000006  -0.0067095827068303655  -3.572345676536609e-05
62.45  -0.006743966987920177  -3.5243267505165054e-05
62.5  -0.00678707557423882  -3.476058855062966e-05
62.550000000000004  -0.006838951982847409  -3.427209868636623e-05
62.6  -0.006899631003785954  -3.3775462476911606e-05
62.650000000000006  -0.006969136041850515  -3.326939164203809e-05
62.7  -0.007047476164590316  -3.2753630508557314e-05
62.75  -0.007134642914356276  -3.222887932041966e-05
62.800000000000004  -0.007230606988192863  -3.169668429887003e-05
62.85  -0.007335314873710464  -3.11593193459722e-05
62.900000000000006  -0.007448685502148435  -3.0619667716326464e-05
62.95  -0.0075706069500622  -3.0081099740994922e-05
63.0  -0.007700933210556494  -2.954734124113274e-05
63.050000000000004  -0.007839481066059351  -2.902232263051706e-05
63.1  -0.007986027102464075  -2.8510000149467315e-05
63.150000000000006  -0.008140304901623544  -2.8014166804825333e-05
63.2  -0.008302002447207012  -2.753829489681193e-05
63.25  -0.008470759782761244  -2.7085449086418415e-05
63.300000000000004  -0.008646166978925878  -2.6658304346910986e-05
63.35  -0.008827762500284629  -2.6259294443077708e-05
63.400000000000006  -0.009015032081465707  -2.5890883933839686e-05
63.45  -0.009207408224337249  -2.5555913630939006e-05
63.5  -0.009404270421915929  -2.5257940150647354e-05
63.550000000000004  -0.009604946196158462  -2.500148742629243e-05
63.6  -0.009808713021800216  -2.4792146145616356e-05
63.650000000000006  -0.010014801211283262  -2.463648402812937e-05
63.7  -0.010222397835363484  -2.4541758416173987e-05
63.75  -0.01043065173752678  -2.451546004574768e-05
63.800000000000004  -0.01063867966163114  -2.456475435086313e-05
63.85  -0.01084557346706329  -2.4695900825930357e-05
63.900000000000006  -0.01105040837291217  -2.49137139929517e-05
63.95  -0.011252252145094841  -2.522110027249403e-05
64.0  -0.011450175096175933  -2.5618692223341864e-05
64.05  -0.011643260706469072  -2.610460749173026e-05
64.10000000000001  -0.011830616622322508  -2.667436441874791e-05
64.15  -0.012011385758950898  -2.732097623516652e-05
64.2  -0.01218475722907587  -2.8035230855624454e-05
64.25  -0.012349976828332995  -2.8806146946681353e-05
64.3  -0.012506356825947102  -2.96215714597633e-05
64.35000000000001  -0.0126532848258305  -3.0468854390381527e-05
64.4  -0.01279023147545523  -3.1335519141729046e-05
64.45  -0.012916756812026121  -3.220984863066201e-05
64.5  -0.01303251505436387  -3.3081324226105644e-05
64.55  -0.013137257675631769  -3.39408851054152e-05
64.60000000000001  -0.013230834629641941  -3.478101206599527e-05
64.65  -0.0133131936547828  -3.559566828174221e-05
64.7  -0.013384377640534755  -3.638014947401071e-05
64.75  -0.013444520107637357  -3.713090382933843e-05
64.8  -0.013493838919842913  -3.7845379941625566e-05
64.85000000000001  -0.013532628399645604  -3.8521950234907727e-05
64.9  -0.013561250060284802  -3.9159935310240006e-05
64.95  -0.013580122202914345  -3.975972370499892e-05
65.0  -0.013589708675423924  -4.032294824330397e-05
65.05  -0.013590507134635367  -4.0852663015522754e-05
65.10000000000001  -0.013583037162252714  -4.135346885413139e-05
65.15  -0.013567828564367135  -4.183154266547093e-05
65.2  -0.013545410167451278  -4.2294535086127715e-05
65.25  -0.013516299411478102  -4.275131829749127e-05
65.3  -0.013480993002498755  -4.3211589599397574e-05
65.35000000000001  -0.013439958825517122  -4.3685361633806714e-05
65.4  -0.013393629261695716  -4.418238759750577e-05
65.45  -0.013342396002699056  -4.471156802312566e-05
65.5  -0.013286606399844856  -4.528038930797765e-05
65.55  -0.0132265613356817  -4.5894453298497376e-05
65.60000000000001  -0.013162514561776011  -4.65571495599887e-05
65.65  -0.01309467341154826  -4.7269488617828724e-05
65.7  -0.013023200765600465  -4.803006132409966e-05
65.75  -0.012948218098037997  -4.883507367238418e-05
65.8  -0.012869809409765573  -4.9678402698813925e-05
65.85000000000001  -0.012788025789624402  -5.0551629843340234e-05
65.9  -0.012702890222664966  -5.144421603352048e-05
65.95  -0.012614402140897487  -5.2344183334434445e-05
66.0  -0.012522541322523555  -5.3239397484719316e-05
66.05  -0.012427271630177357  -5.411879369280164e-05
66.10000000000001  -0.012328545716018364  -5.4972813543285644e-05
66.15  -0.012226310275512684  -5.579342113255387e-05
66.2  -0.012120510493069328  -5.6574267762317795e-05
66.25  -0.012011093725530459  -5.731083094011444e-05
66.3  -0.011898013013979582  -5.800032842744112e-05
66.35000000000001  -0.011781230615054296  -5.864143113186058e-05
66.4  -0.011660721585814975  -5.923382857909587e-05
66.45  -0.011536477460963028  -5.977771778081609e-05
66.5  -0.011408509995900257  -6.0273337382535894e-05
66.55  -0.011276854833276402  -6.072065960681371e-05
66.60000000000001  -0.011141574961918154  -6.111924558931955e-05
66.65  -0.011002763953039774  -6.146820755176323e-05
66.7  -0.010860548964957866  -6.176624894610947e-05
66.75  -0.010715093417547391  -6.20117598359956e-05
66.8  -0.01056659918244856  -6.220292099823194e-05
66.85000000000001  -0.010415308138378845  -6.233778292997607e-05
66.9  -0.010261502967326246  -6.241431925442879e-05
66.95  -0.010105507092191095  -6.243046700328943e-05
67.0  -0.00994768368855379  -6.238416353253128e-05
67.05  -0.009788433752124955  -6.227338876822717e-05
67.10000000000001  -0.009628193255426088  -6.209622772971005e-05
67.15  -0.009467429462707606  -6.185097238769314e-05
67.2  -0.009306636498378838  -6.153627113772812e-05
67.25  -0.00914633029342326  -6.115131309728726e-05
67.3  -0.00898704306050321  -6.069602162836199e-05
67.35000000000001  -0.008829317458807502  -6.0171228891769e-05
67.4  -0.008673700600875148  -5.957880506350562e-05
67.45  -0.008520738039080173  -5.8921723598933356e-05
67.5  -0.008370967860266504  -5.820405743136887e-05
67.55  -0.008224915013806589  -5.743091429201445e-05
67.60000000000001  -0.008083085997478763  -5.6608327054883356e-05
67.65  -0.007945964023448122  -5.574311507849672e-05
67.7  -0.007814004783680344  -5.484272658286184e-05
67.75  -0.007687632932399605  -5.3915065461288735e-05
67.8  -0.007567239395753087  -5.296830223904923e-05
67.85000000000001  -0.0074531795946687655  -5.201067125992767e-05
67.9  -0.0073457726242089575  -5.105026213494121e-05
67.95  -0.007245301384183585  -5.0094815852947136e-05
68.0  -0.007152013608785251  -4.915153809144853e-05
68.05  -0.00706612369780832  -4.822694203350285e-05
68.10000000000001  -0.006987815219532423  -4.7326728473942925e-05
68.15  -0.0069172439347354436  -4.64557093296594e-05
68.2  -0.006854541177873245  -4.561777475380801e-05
68.25  -0.006799817441521328  -4.481589450717306e-05
68.3  -0.006753166037528464  -4.405214201448794e-05
68.35000000000001  -0.006714666706987098  -4.332772762252076e-05
68.4  -0.006684389030287837  -4.2643017951777826e-05
68.45  -0.006662395490334307  -4.199751900155276e-05
68.5  -0.006648744094776019  -4.1389817212539047e-05
68.55  -0.006643490504487573  -4.081749694286977e-05
68.60000000000001  -0.0066466895666001165  -4.027708644503167e-05
68.65  -0.006658396099437185  -3.976410826322858e-05
68.7  -0.006678664805837519  -3.9273283156833926e-05
68.75  -0.0067075493608983305  -3.87988200404535e-05
68.8  -0.0067451008734192176  -3.833471664104663e-05
68.85000000000001  -0.0067913658260607785  -3.7875111528686743e-05
68.9  -0.006846383651293895  -3.741457027397353e-05
68.95  -0.006910184177717214  -3.6948248112935266e-05
69.0  -0.006982784878493022  -3.647205449931669e-05
69.05  -0.007064187800406371  -3.598286456546113e-05
69.10000000000001  -0.00715437622298285  -3.5478751998403884e-05
69.15  -0.007253311196781319  -3.4959220631969226e-05
69.2  -0.007360928114264156  -3.442538466809185e-05
69.25  -0.007477133413616067  -3.3880007551842995e-05
69.3  -0.0076018014199810795  -3.3327340384170795e-05
69.35000000000001  -0.007734771271018955  -3.2772789983795316e-05
69.4  -0.007875843920823177  -3.2222506682399356e-05
69.45  -0.008024779290739397  -3.168296572079568e-05
69.5  -0.008181293646922582  -3.1160565465258886e-05
69.55  -0.008345057251840543  -3.066125208513059e-05
69.60000000000001  -0.008515692315074501  -3.019020579696495e-05
69.65  -0.008692771277486388  -2.975164769115055e-05
69.7  -0.008875815493445812  -2.9348819131961802e-05
69.75  -0.009064294403324579  -2.8984148111281458e-05
69.8  -0.009257625302700873  -2.8659576517586425e-05
69.85000000000001  -0.009455173820504861  -2.8376989530955064e-05
69.9  -0.009656255215243973  -2.8138663359223042e-05
69.95  -0.009860136587111592  -2.7947635362828493e-05
70.0  -0.010066040087857796  -2.7807914495643857e-05
70.05  -0.010273147187032506  -2.772448494246758e-05
70.10000000000001  -0.01048060401965607  -2.770309231478032e-05
70.15  -0.01068752780122292  -2.7749834239381427e-05
70.2  -0.010893014256438054  -2.7870604787978713e-05
70.25  -0.011096145973599418  -2.8070463102976472e-05
70.3  -0.011296001568212359  -2.8353007298702053e-05
70.35000000000001  -0.011491665513143963  -2.871983322442266e-05
70.4  -0.011682238463146222  -2.917014490773902e-05
70.45  -0.011866847870199605  -2.9700564866590135e-05
70.5  -0.012044658660188577  -3.030517062839946e-05
70.55  -0.012214883725399852  -3.097575752767138e-05
70.60000000000001  -0.012376793981415675  -3.170229898853121e-05
70.65  -0.012529727737995221  -3.2473547112507844e-05
70.7  -0.012673099138252238  -3.32776940913024e-05
70.75  -0.012806405432261716  -3.410301057688724e-05
70.8  -0.012929232873560107  -3.4938395406216887e-05
70.85000000000001  -0.013041261057169858  -3.5773800646660906e-05
70.9  -0.013142265555235446  -3.660052027333903e-05
70.95  -0.013232118750035975  -3.741134810606655e-05
71.0  -0.013310788813677192  -3.820062366701216e-05
71.05  -0.013378336838855535  -3.8964193081303436e-05
71.10000000000001  -0.01343491218381428  -3.9699320519863526e-05
71.15  -0.013480746143357881  -4.0404593242320693e-05
71.2  -0.013516144092050675  -4.1079848239403675e-05
71.25  -0.013541476291797626  -4.17261202640739e-05
71.3  -0.013557167612108062  -4.234560472516658e-05
71.35000000000001  -0.013563686446421029  -4.294162764457808e-05
71.4  -0.013561533129633692  -4.351859814702146e-05
71.45  -0.013551228175714745  -4.408191755070392e-05
71.5  -0.013533300649281835  -4.463782886550623e-05
71.55  -0.01350827698704564  -4.519319752123316e-05
71.60000000000001  -0.013476670590566574  -4.575522963907829e-05
71.65  -0.013438972510572746  -4.633114384066161e-05
71.7  -0.013395643521712165  -4.692780255688294e-05
71.75  -0.013347107775323691  -4.7551290525860936e-05
71.8  -0.013293748017087794  -4.820644388272004e-05
71.85000000000001  -0.013235902269431922  -4.8896389903990836e-05
71.9  -0.013173861968023925  -4.962217422691455e-05
71.95  -0.013107871550799685  -5.0382535395149194e-05
72.0  -0.01303812933749734  -5.117405520071566e-05
72.05  -0.012964789602286548  -5.1991894957760966e-05
72.10000000000001  -0.012887966079270247  -5.283024764330469e-05
72.15  -0.012807736294066271  -5.368230148844831e-05
72.2  -0.012724145975893752  -5.454045411400408e-05
72.25  -0.0126372135659931  -5.539674413498826e-05
72.3  -0.012546934813157598  -5.624322325239331e-05
72.35000000000001  -0.012453287370418495  -5.707221274154939e-05
72.4  -0.012356235300236603  -5.78764820892267e-05
72.45  -0.012255733354894173  -5.8649398795489714e-05
72.5  -0.012151730896006156  -5.938510217547857e-05
72.55  -0.012044175626141206  -6.0078602947235905e-05
72.60000000000001  -0.011933017668835123  -6.072561774467201e-05
72.65  -0.01181821372214936  -6.132236529004159e-05
72.7  -0.011699730606585383  -6.18655694736204e-05
72.75  -0.011577548578049983  -6.235249698388126e-05
72.8  -0.011451664850260527  -6.278095381613083e-05
72.85000000000001  -0.011322097293085647  -6.314928319904099e-05
72.9  -0.011188888137882717  -6.345636054344927e-05
72.95  -0.011052107510535814  -6.370156674835798e-05
73.0  -0.01091185665118739  -6.388471953230342e-05
73.05  -0.010768270751365213  -6.40059429465641e-05
73.10000000000001  -0.010621521364491765  -6.406548736753103e-05
73.15  -0.010471818326420966  -6.406354337294171e-05
73.2  -0.010319411097020665  -6.400008267580618e-05
73.25  -0.010164589430040496  -6.387475980366552e-05
73.3  -0.010007683303838635  -6.368692191406352e-05
73.35000000000001  -0.009849062053669554  -6.343573888552367e-05
73.4  -0.009689132653725648  -6.312044415582118e-05
73.45  -0.009528337120631681  -6.274067496611222e-05
73.5  -0.00936714904068265  -6.229689851682243e-05
73.55  -0.009206069250984912  -6.179094399822386e-05
73.60000000000001  -0.009045620681486346  -6.122662585033533e-05
73.65  -0.008886342383295324  -6.061031968688205e-05
73.7  -0.008728782961569589  -5.995136894174506e-05
73.75  -0.008573493831432539  -5.926227199536519e-05
73.8  -0.008421022751173974  -5.8558564417643364e-05
73.85000000000001  -0.008271908023566203  -5.785826629208271e-05
73.9  -0.008126673681714346  -5.718080692593718e-05
73.95  -0.007985825813872372  -5.6545420023129594e-05
74.0  -0.007849849901004048  -5.5969104775504854e-05
74.05  -0.007719208723841488  -5.546437282936133e-05
74.10000000000001  -0.007594340169090439  -5.5037126091501696e-05
74.15  -0.007475654272945034  -5.4685098502300435e-05
74.2  -0.007363529155273418  -5.439729730778954e-05
74.25  -0.007258306055118525  -5.415475168430926e-05
74.3  -0.007160284298987554  -5.393262171325669e-05
74.35000000000001  -0.007069717448641721  -5.370340022587453e-05
74.4  -0.006986811848342392  -5.344065465999961e-05
74.45  -0.00691172830195729  -5.312261228498322e-05
74.5  -0.0068445868765335885  -5.273494919238888e-05
74.55  -0.0067854741477214355  -5.227236864737773e-05
74.60000000000001  -0.006734451776819126  -5.173884416769161e-05
74.65  -0.0066915652301342415  -5.1146647764137076e-05
74.7  -0.006656851630365749  -5.051446940097253e-05
74.75  -0.006630346043808371  -4.9864999609591514e-05
74.8  -0.006612085867110296  -4.922233358017792e-05
74.85000000000001  -0.006602113293424045  -4.860953092622003e-05
74.9  -0.006600476066959701  -4.804660180533974e-05
74.95  -0.006607226883346145  -4.7549083258667635e-05
75.0  -0.006622421872263939  -4.712725947511697e-05
75.05  -0.006646118617213609  -4.678595567809053e-05
75.10000000000001  -0.006678374110599481  -4.652471724681068e-05
75.15  -0.006719242837438039  -4.633822817830397e-05
75.2  -0.006768774899935223  -4.621695351676894e-05
75.25  -0.006827013895815404  -4.614797000991526e-05
75.3  -0.006893994107713214  -4.61160632435592e-05
75.35000000000001  -0.006969736724558578  -4.6105066541544295e-05
75.4  -0.00705424539798065  -4.609915015274875e-05
75.45  -0.0071475016803636635  -4.60838765398683e-05
75.5  -0.0072494607248394065  -4.604710418969796e-05
75.55  -0.007360047465975385  -4.5979901380361954e-05
75.60000000000001  -0.00747915341731039  -4.5877386192423616e-05
75.65  -0.007606634127887129  -4.573913541885071e-05
75.7  -0.007742307238231025  -4.5568904001950914e-05
75.75  -0.007885950988121265  -4.5373699584086476e-05
75.8  -0.008037302952353909  -4.5162462590686425e-05
75.85000000000001  -0.008196058752484052  -4.4944650753551234e-05
75.9  -0.0083618705563403  -4.4728984212724865e-05
75.95  -0.0085343453070513  -4.452252885321123e-05
76.0  -0.008713042759010364  -4.4330211504922955e-05
76.05  -0.008897473515562183  -4.415478333945117e-05
76.10000000000001  -0.009087097352030114  -4.39971827381139e-05
76.15  -0.009281322149048001  -4.38572074664521e-05
76.2  -0.009479503751102798  -4.3734386483728584e-05
76.25  -0.009680947013871942  -4.3628931151852526e-05
76.3  -0.00988490822026743  -4.3542632527766605e-05
76.35000000000001  -0.010090598935460297  -4.347956257893799e-05
76.4  -0.01029719125481234  -4.344645225471197e-05
76.45  -0.010503824300186157  -4.3452664614367e-05
76.5  -0.010709611753212745  -4.350974439397676e-05
76.55  -0.010913650182447342  -4.363059092127556e-05
76.60000000000001  -0.011115027926190128  -4.382835654096706e-05
76.65  -0.011312834335032176  -4.4115211153985756e-05
76.7  -0.011506169243157506  -4.4501132576456506e-05
76.75  -0.01169415258620461  -4.499287341579397e-05
76.80000000000001  -0.011875934104428762  -4.5593221237474774e-05
76.85000000000001  -0.012050703064821687  -4.6300637543862864e-05
76.9  -0.012217697897505929  -4.710933307763536e-05
76.95  -0.012376215594116538  -4.8009770465485134e-05
77.0  -0.012525620672431941  -4.8989483964560574e-05
77.05000000000001  -0.01266535346498004  -5.003405207623673e-05
77.10000000000001  -0.01279493744900362  -5.1128083384433766e-05
77.15  -0.012913985319785392  -5.225612029154981e-05
77.2  -0.013022203525040778  -5.34033890407705e-05
77.25  -0.013119395020495715  -5.4556341847504416e-05
77.30000000000001  -0.01320546006559335  -5.570296389149655e-05
77.35000000000001  -0.013280394954269255  -5.6832854321194037e-05
77.4  -0.013344288666550517  -5.7937138618701036e-05
77.45  -0.01339731750699208  -5.900831856617928e-05
77.5  -0.013439737867628278  -6.004019297938661e-05
77.55000000000001  -0.013471877350346625  -6.102796360196681e-05
77.60000000000001  -0.013494124603209789  -6.196854934416028e-05
77.65  -0.013506918311352457  -6.286098645070185e-05
77.7  -0.01351073577467249  -6.370668485110604e-05
77.75  -0.013506081392263333  -6.450934264322101e-05
77.80000000000001  -0.01349347524290065  -6.527448464814087e-05
77.85000000000001  -0.013473441922808877  -6.600876448464225e-05
77.9  -0.013446499889113101  -6.671923897452856e-05
77.95  -0.0134131516462336  -6.741277470101862e-05
78.0  -0.01337387511000837  -6.809564110084295e-05
78.05000000000001  -0.013329116392974776  -6.877325398323871e-05
78.10000000000001  -0.013279284118534941  -6.944999742124356e-05
78.15  -0.013224745252595795  -7.012907184667656e-05
78.2  -0.013165822393041083  -7.081235332310806e-05
78.25  -0.013102792458128997  -7.150027102962123e-05
78.30000000000001  -0.01303588669369821  -7.219173820304058e-05
78.35000000000001  -0.012965291870605605  -7.28842440281068e-05
78.4  -0.012891152538490828  -7.357414684286478e-05
78.45  -0.012813574214484997  -7.42569086343603e-05
78.5  -0.012732627343863216  -7.492726209856306e-05
78.55000000000001  -0.012648351799865412  -7.55794838094505e-05
78.60000000000001  -0.012560761655697835  -7.620772312392872e-05
78.65  -0.012469850040217532  -7.680630759741334e-05
78.7  -0.012375593939955664  -7.736999078242446e-05
78.75  -0.012277958831591475  -7.78941349635174e-05
78.80000000000001  -0.012176903061479599  -7.837483660085533e-05
78.85000000000001  -0.012072381936042018  -7.880900911752829e-05
78.9  -0.011964351526882683  -7.919444366738778e-05
78.95  -0.011852772233053222  -7.952986831194305e-05
79.0  -0.011737612176703206  -7.98150175993191e-05
79.05000000000001  -0.011618850520322677  -8.005071070658257e-05
79.10000000000001  -0.011496480785413772  -8.023891722109983e-05
79.15  -0.011370514222552065  -8.038277670780947e-05
79.2  -0.011240983238432697  -8.048653960617482e-05
79.25  -0.011107944838275043  -8.05554094341764e-05
79.30000000000001  -0.010971483996941303  -8.059528338550499e-05
79.35000000000001  -0.010831716830972622  -8.061240423078239e-05
79.4  -0.01068879341464403  -8.06129468684908e-05
79.45  -0.010542900080257248  -8.0602567678733e-05
79.5  -0.010394261071810025  -8.058595562448126e-05
79.55000000000001  -0.0102431394695648  -8.056644568594833e-05
79.60000000000001  -0.010089837349461266  -8.05457685842449e-05
79.65  -0.009934695170033248  -8.052398477000475e-05
79.7  -0.00977809039214732  -8.049959520682431e-05
79.75  -0.009620435338207627  -8.046977108846374e-05
79.80000000000001  -0.009462174293935165  -8.043062220307735e-05
79.85000000000001  -0.00930377985114813  -8.037744054241474e-05
79.9  -0.009145748491679024  -8.030489929763255e-05
79.95  -0.008988595437723887  -8.020723434527974e-05
80.0  -0.008832848857877478  -8.007846352872715e-05
80.05000000000001  -0.008679043617610075  -7.991269489203114e-05
80.10000000000001  -0.008527714860890273  -7.970453643935262e-05
80.15  -0.008379391752327454  -7.944956123032715e-05
80.2  -0.008234591671043491  -7.914473582788109e-05
80.25  -0.008093815053060142  -7.878871278715275e-05
80.30000000000001  -0.007957540980210898  -7.83819149473789e-05
80.35000000000001  -0.007826223535215237  -7.792638552798847e-05
80.4  -0.007700288881347398  -7.742543207193175e-05
80.45  -0.007580132997756637  -7.688314246738608e-05
80.5  -0.007466120023381816  -7.630388056541121e-05
80.55000000000001  -0.007358581208857875  -7.569185041175461e-05
80.60000000000001  -0.007257814507331818  -7.505077086687384e-05
80.65  -0.007164084830535319  -7.438367109379217e-05
80.7  -0.007077624973924529  -7.369280461558904e-05
80.75  -0.006998637194182083  -7.297967177707626e-05
80.80000000000001  -0.006927295399365324  -7.224513741892392e-05
80.85000000000001  -0.006863747872951941  -7.148963756410997e-05
80.9  -0.006808120391986476  -7.071348360725193e-05
80.95  -0.006760519534700296  -6.991724782712949e-05
81.0  -0.006721035957383121  -6.910210562969198e-05
81.05000000000001  -0.006689747482391144  -6.826997301862981e-05
81.10000000000001  -0.006666721926081897  -6.742344035918897e-05
81.15  -0.006652019618501615  -6.656565303666078e-05
81.2  -0.006645695509991256  -6.570022292450291e-05
81.25  -0.0066478007293541775  -6.483112392394392e-05
81.30000000000001  -0.0066583835160141215  -6.396250374871894e-05
81.35000000000001  -0.00667748952494033  -6.309840873954886e-05
81.4  -0.006705161536157347  -6.22424875630525e-05
81.45  -0.006741438627228976  -6.139774861459105e-05
81.5  -0.006786354914471007  -6.056641110786045e-05
81.55000000000001  -0.006839937971182774  -5.9749871701705325e-05
81.60000000000001  -0.006902206979767882  -5.894876266395123e-05
81.65  -0.006973170667125073  -5.816298813668138e-05
81.7  -0.007052825054780966  -5.7391630734208115e-05
81.75  -0.0071411509419772486  -5.663274198583712e-05
81.80000000000001  -0.007238110872659794  -5.58831401989788e-05
81.85000000000001  -0.0073436452796458995  -5.513842211131178e-05
81.9  -0.007457667861769362  -5.439346976198012e-05
81.95  -0.00758006091291313  -5.3643575805647284e-05
82.0  -0.007710671496489864  -5.288596629710106e-05
82.05000000000001  -0.007849308845856688  -5.2121300988841596e-05
82.10000000000001  -0.007995742766250308  -5.135471689280862e-05
82.15  -0.008149702532079868  -5.059612135650297e-05
82.2  -0.008310875819244647  -4.985972991405937e-05
82.25  -0.00847890739985081  -4.916307752554607e-05
82.30000000000001  -0.00865339751606434  -4.852566796437581e-05
82.35000000000001  -0.008833900008522733  -4.796710442488508e-05
82.4  -0.00901992038429014  -4.750449432871933e-05
82.45  -0.009210913994152371  -4.714984568340774e-05
82.5  -0.009406284395347669  -4.6908934690953195e-05
82.55000000000001  -0.009605382386304966  -4.678151444906795e-05
82.60000000000001  -0.009807506799952952  -4.676164146202935e-05
82.65  -0.010011907282779583  -4.6838224502585834e-05
82.7  -0.010217788510412254  -4.699633450107993e-05
82.75  -0.010424315617882747  -4.721919506999594e-05
82.80000000000001  -0.010630620850536131  -4.749044067534992e-05
82.85000000000001  -0.010835811359303681  -4.779622993184551e-05
82.9  -0.011038977961939101  -4.812689555676989e-05
82.95  -0.011239204654042824  -4.847791094894205e-05
83.0  -0.011435578654760475  -4.8850052854840914e-05
83.05000000000001  -0.011627200784954413  -4.9248755484344294e-05
83.10000000000001  -0.011813195980796356  -4.9682774106031314e-05
83.15  -0.01199272374483902  -5.0162377738404925e-05
83.2  -0.012164988338392704  -5.0697356986739844e-05
83.25  -0.012329248516530566  -5.129514876969425e-05
83.30000000000001  -0.012484826599831246  -5.195934610731721e-05
83.35000000000001  -0.012631116676229886  -5.2688798609612354e-05
83.4  -0.01276759173405402  -5.347741584935406e-05
83.45  -0.012893809544675516  -5.431466910129062e-05
83.5  -0.013009417143482747  -5.518667745178241e-05
83.55000000000001  -0.013114153792632843  -5.607768008357526e-05
83.60000000000001  -0.013207852344318791  -5.697164904548179e-05
83.65  -0.013290438961184693  -5.785379897575095e-05
83.7  -0.01336193118549076  -5.8711795134126016e-05
83.75  -0.01342243437683001  -5.953653355619996e-05
83.80000000000001  -0.013472136560049834  -6.032245106973119e-05
83.85000000000001  -0.013511301758930073  -6.106739909415034e-05
83.9  -0.013540261948077864  -6.177217576666216e-05
83.95  -0.013559407809188866  -6.243984421217692e-05
84.0  -0.013569178519084667  -6.307497056149155e-05
84.05000000000001  -0.013570050834439322  -6.368289724047136e-05
84.10000000000001  -0.013562527771048393  -6.426913343409124e-05
84.15  -0.013547127197979675  -6.48389054104206e-05
84.2  -0.01352437067599235  -6.539687404899154e-05
84.25  -0.013494772865596956  -6.594700070568544e-05
84.30000000000001  -0.01345883181492616  -6.649252847621754e-05
84.35000000000001  -0.013417020401682597  -6.703603724176542e-05
84.4  -0.013369779142821501  -6.757952010309372e-05
84.45  -0.013317510512487201  -6.812442750471934e-05
84.5  -0.013260574837898364  -6.867164836677172e-05
84.55000000000001  -0.013199287787251476  -6.922143650057987e-05
84.60000000000001  -0.01313391941165749  -6.977332308663015e-05
84.65  -0.013064694603094545  -7.032607601968675e-05
84.7  -0.012991794690960293  -7.087775508441389e-05
84.75  -0.012915359907923972  -7.142583406764774e-05
84.80000000000001  -0.01283549257702152  -7.196731361357428e-05
84.85000000000001  -0.012752260899645134  -7.249878850426612e-05
84.9  -0.012665703195756196  -7.30164939183353e-05
84.95  -0.012575832419209431  -7.351639803300405e-05
85.0  -0.012482640782868343  -7.39943797441034e-05
85.05000000000001  -0.012386104380463536  -7.444646748796328e-05
85.10000000000001  -0.012286187731386598  -7.486908497369464e-05
85.15  -0.012182848192531934  -7.525925546102007e-05
85.2  -0.012076040199062324  -7.561474153033545e-05
85.25  -0.011965719320211116  -7.593411877092538e-05
85.30000000000001  -0.011851846139836461  -7.621678996027017e-05
85.35000000000001  -0.011734389982486508  -7.646295301086192e-05
85.4  -0.011613332506236255  -7.667353366355656e-05
85.45  -0.011488671173636868  -7.685008701098476e-05
85.5  -0.011360422590137396  -7.699467768070549e-05
85.55000000000001  -0.01122862567853906  -7.710975093627793e-05
85.60000000000001  -0.011093344643338441  -7.719800186575148e-05
85.65  -0.010954671668941113  -7.726224162538556e-05
85.7  -0.010812729292417732  -7.730525334868671e-05
85.75  -0.010667672386777776  -7.732963143957638e-05
85.80000000000001  -0.01051968968389956  -7.733760410543566e-05
85.85000000000001  -0.010369004759435078  -7.733084237562191e-05
85.9  -0.010215876394203714  -7.731025498468363e-05
85.95  -0.010060598225400423  -7.727577139701814e-05
86.0  -0.009903497627848909  -7.722613583996355e-05
86.05000000000001  -0.009744933827695213  -7.715875124352685e-05
86.10000000000001  -0.009585295328012958  -7.70696161749859e-05
86.15  -0.009424996835570243  -7.695340992324556e-05
86.2  -0.009264476051548313  -7.680379612460178e-05
86.25  -0.009104190907395601  -7.661401879677853e-05
86.30000000000001  -0.008944618033901054  -7.637786998669676e-05
86.35000000000001  -0.008786253320402743  -7.609109197221763e-05
86.4  -0.008629615110264187  -7.575319170796595e-05
86.45  -0.008475249636687207  -7.536946573354291e-05
86.5  -0.008323736788771983  -7.495274799808884e-05
86.55000000000001  -0.008175692782655376  -7.452405610629013e-05
86.60000000000001  -0.008031765683265819  -7.411115667036342e-05
86.65  -0.00789262067069646  -7.374445334285538e-05
86.7  -0.007758914522092335  -7.345068007393766e-05
86.75  -0.007631262366656428  -7.324616679525207e-05
86.80000000000001  -0.0075102031743683635  -7.313202271492004e-05
86.85000000000001  -0.007396172084046335  -7.309297530371383e-05
86.9  -0.007289486339716397  -7.310013265355721e-05
86.95  -0.007190347638599973  -7.311651302349774e-05
87.0  -0.0070988590730374284  -7.310352654554074e-05
87.05000000000001  -0.00701505161852537  -7.302677906614551e-05
87.10000000000001  -0.00693891406845208  -7.286020800921813e-05
87.15  -0.006870421063669879  -7.25881851713458e-05
87.2  -0.006809555598450366  -7.220572296765427e-05
87.25  -0.00675632431055465  -7.171727084289414e-05
87.30000000000001  -0.006710765422787484  -7.113464138068397e-05
87.35000000000001  -0.006672950252380341  -7.04744883932291e-05
87.4  -0.006642979796202715  -6.975564731758789e-05
87.45  -0.0066209780560713555  -6.899661244851858e-05
87.5  -0.006607083683638017  -6.82134677247207e-05
87.55000000000001  -0.006601441336890159  -6.741856067434148e-05
87.60000000000001  -0.006604193755925007  -6.662005084174807e-05
87.65  -0.006615475009749435  -6.582226796184398e-05
87.7  -0.006635404935937383  -6.502672062635054e-05
87.75  -0.006664084674334866  -6.423355895669893e-05
87.80000000000001  -0.006701593143386232  -6.344320823288246e-05
87.85000000000001  -0.006747984375908083  -6.265786104871175e-05
87.9  -0.006803285955377345  -6.188250071199925e-05
87.95  -0.006867498599174219  -6.112519642118626e-05
88.0  -0.006940596666036067  -6.039665637566237e-05
88.05000000000001  -0.0070225295773949595  -5.970921346683715e-05
88.10000000000001  -0.007113223873465434  -5.907551179681764e-05
88.15  -0.007212585323479043  -5.8507193515544484e-05
88.2  -0.007320500493970881  -5.801380157229201e-05
88.25  -0.00743683717624893  -5.7601978421442654e-05
88.30000000000001  -0.007561443173220467  -5.7275034483714966e-05
88.35000000000001  -0.0076941432710897215  -5.703299702075603e-05
88.4  -0.007834734636951796  -5.687318140798703e-05
88.45  -0.00798298127211683  -5.67912158070225e-05
88.5  -0.008138608295428191  -5.678239387389999e-05
88.55000000000001  -0.008301296615225794  -5.684327075029253e-05
88.60000000000001  -0.008470678173298048  -5.6973500516462286e-05
88.65  -0.008646331964145743  -5.7177806560811695e-05
88.7  -0.008827781370511717  -5.7467650462527764e-05
88.75  -0.009014493494755768  -5.786170377674781e-05
88.80000000000001  -0.009205881217922998  -5.838402704448421e-05
88.85000000000001  -0.009401308606532077  -5.905957480717205e-05
88.9  -0.009600099374268804  -5.9908007951893894e-05
88.95  -0.009801546571780348  -6.093753958272761e-05
89.0  -0.010004920940902455  -6.214032878278626e-05
89.05000000000001  -0.010209475867667463  -6.349058614299586e-05
89.10000000000001  -0.01041444798017104  -6.494603796960284e-05
89.15  -0.010619053920561828  -6.645250900877321e-05
89.2  -0.010822485232159463  -6.79506350408776e-05
89.25  -0.011023904030507525  -6.938340578503166e-05
89.30000000000001  -0.011222442003892033  -7.070324312016733e-05
89.35000000000001  -0.011417204481837043  -7.187749744903704e-05
89.4  -0.011607280165437777  -7.289155312923903e-05
89.45  -0.011791755983625966  -7.37491560467419e-05
89.5  -0.011969735655024388  -7.447005147819823e-05
89.55000000000001  -0.012140360012054771  -7.508545700846763e-05
89.60000000000001  -0.012302827017098058  -7.563221532955398e-05
89.65  -0.012456409624874935  -7.614662304186715e-05
89.7  -0.012600470130073763  -7.665889969017906e-05
89.75  -0.01273447025440425  -7.718908534628892e-05
89.80000000000001  -0.01285797685136006  -7.774485612397566e-05
89.85000000000001  -0.012970663636387169  -7.832138119244055e-05
89.9  -0.0130723097006831  -7.890300518558713e-05
89.95  -0.013162795721007606  -7.946629740679086e-05
90.0  -0.013242098730061037  -7.998388035778442e-05
90.05000000000001  -0.013310286104005975  -8.042841928008267e-05
90.10000000000001  -0.013367509154187841  -8.077621629830101e-05
90.15  -0.013413996454745376  -8.100999164914062e-05
90.2  -0.013450046838673901  -8.112060234094695e-05
90.25  -0.013476021865839993  -8.110761559351633e-05
90.30000000000001  -0.01349233750640906  -8.097881191353588e-05
90.35000000000001  -0.013499454829174334  -8.074882551478463e-05
90.4  -0.013497869636146567  -8.043723272438749e-05
90.45  -0.013488101169696193  -8.0066438837702e-05
90.5  -0.013470680176624792  -7.96596481411428e-05
90.55000000000001  -0.013446136754564223  -7.923908826939272e-05
90.60000000000001  -0.013414988537097335  -7.882458678258052e-05
90.65  -0.013377729846285196  -7.84325613783105e-05
90.7  -0.013334822411394087  -7.807546379784862e-05
90.75  -0.013286688104247662  -7.77616943871838e-05
90.80000000000001  -0.013233703924255895  -7.74959504762304e-05
90.85000000000001  -0.013176199264851748  -7.727991014757744e-05
90.9  -0.013114455330071962  -7.711312006045404e-05
90.95  -0.013048706433412584  -7.699394069033288e-05
91.0  -0.012979142793212821  -7.692040527857057e-05
91.05000000000001  -0.012905914370594846  -7.689087517986057e-05
91.10000000000001  -0.01282913530428767  -7.690440515193672e-05
91.15  -0.01274888857752015  -7.69607605038913e-05
91.2  -0.01266523062019901  -7.706006946842903e-05
91.25  -0.012578195501643092  -7.720218418802317e-05
91.30000000000001  -0.012487798589748876  -7.738601506495278e-05
91.35000000000001  -0.012394039886446145  -7.760918769734406e-05
91.4  -0.012296907198673136  -7.786820260398885e-05
91.45  -0.012196379175868311  -7.815902428920919e-05
91.5  -0.012092428189427743  -7.847779940903636e-05
91.55000000000001  -0.01198502306644715  -7.8821361269592e-05
91.60000000000001  -0.011874131819532535  -7.918734359148427e-05
91.65  -0.011759724636076736  -7.957394289331314e-05
91.7  -0.01164177739455748  -7.997949978788126e-05
91.75  -0.01152027583659087  -8.040209233494167e-05
91.80000000000001  -0.011395220291336886  -8.083927227563376e-05
91.85000000000001  -0.011266630622540305  -8.128795341216138e-05
91.9  -0.011134550982574036  -8.17443654879237e-05
91.95  -0.010999054025146145  -8.220398317751107e-05
92.0  -0.01086024436343553  -8.266141730398259e-05
92.05000000000001  -0.010718261199955326  -8.31103522054519e-05
92.10000000000001  -0.010573280156664255  -8.354361259376635e-05
92.15  -0.010425514372713815  -8.39533715839871e-05
92.2  -0.010275214932350098  -8.433148664716877e-05
92.25  -0.01012267067699918  -8.46699425163971e-05
92.30000000000001  -0.00996820743639081  -8.496135404247341e-05
92.35000000000001  -0.009812186674518957  -8.519944511200321e-05
92.4  -0.009655003500081458  -8.537939558810552e-05
92.45  -0.009497083981094178  -8.549800937472632e-05
92.5  -0.009338881740299485  -8.555377755594838e-05
92.55000000000001  -0.009180873881294377  -8.554692122175395e-05
92.60000000000001  -0.009023556356932538  -8.547943359180042e-05
92.65  -0.008867438921722131  -8.535511196047663e-05
92.7  -0.008713039846789651  -8.517956091619016e-05
92.75  -0.0085608806174735  -8.49601608956067e-05
92.80000000000001  -0.008411480827944722  -8.470603406514098e-05
92.85000000000001  -0.0082653533809837  -8.442803908955464e-05
92.9  -0.00812299993746937  -8.413872417146672e-05
92.95  -0.007984906501097518  -8.385204099815405e-05
93.0  -0.007851539147659906  -8.358265683172177e-05
93.05000000000001  -0.007723340061970214  -8.334493425323968e-05
93.10000000000001  -0.007600724070938654  -8.315186911681662e-05
93.15  -0.007484075781966587  -8.301431639121488e-05
93.2  -0.007373747333650991  -8.294070354760715e-05
93.25  -0.007270056782797835  -8.293723217712018e-05
93.30000000000001  -0.007173287355513602  -8.300842298114665e-05
93.35000000000001  -0.0070836880371878425  -8.315779675555871e-05
93.4  -0.007001476090339681  -8.338837526433108e-05
93.45  -0.006926841885090511  -8.37024041531706e-05
93.5  -0.006859955653861289  -8.40994018876591e-05
93.55000000000001  -0.0068009743274371846  -8.457189939477589e-05
93.60000000000001  -0.006750045235308203  -8.509964234726268e-05
93.65  -0.006707304022346426  -8.564505169187246e-05
93.7  -0.006672867425036108  -8.615339585784897e-05
93.75  -0.0066468250269244  -8.655916406567242e-05
93.80000000000001  -0.006629234550551716  -8.679698183112415e-05
93.85000000000001  -0.00662012280071779  -8.68134980790978e-05
93.9  -0.006619491647688105  -8.657691674835796e-05
93.95  -0.00662732712744744  -8.608236261558211e-05
94.0  -0.006643609539521027  -8.535258754028107e-05
94.05000000000001  -0.0066683225905364105  -8.443430198194798e-05
94.10000000000001  -0.006701460125876364  -8.339104159983049e-05
94.15  -0.006743029754842012  -8.229394770967437e-05
94.2  -0.006793053320189746  -8.12121966679426e-05
94.25  -0.006851564277749985  -8.02049429785685e-05
94.30000000000001  -0.006918601876808698  -7.931603890988105e-05
94.35000000000001  -0.006994202589245814  -7.857153542558157e-05
94.4  -0.007078390394269022  -7.797931692611043e-05
94.45  -0.007171167703932628  -7.753057375620143e-05
94.5  -0.007272507834937681  -7.720302750458197e-05
94.55000000000001  -0.007382349197026053  -7.696546137217548e-05
94.60000000000001  -0.007500591114840761  -7.678270871418354e-05
94.65  -0.007627091168826013  -7.662023467919042e-05
94.7  -0.0077616639302681475  -7.644770947364854e-05
94.75  -0.007904081025683742  -7.624126911120969e-05
94.80000000000001  -0.00805407263999783  -7.598447644644777e-05
94.85000000000001  -0.008211330394304234  -7.566840826366893e-05
94.9  -0.008375510175064875  -7.529155520528761e-05
94.95  -0.008546231597526124  -7.485975206301666e-05
95.0  -0.008723071939850398  -7.43854301859573e-05
95.05000000000001  -0.008905557378986663  -7.388572040402131e-05
95.10000000000001  -0.009093156801054162  -7.338023810334821e-05
95.15  -0.009285280488132952  -7.288949884128441e-05
95.2  -0.009481282717417525  -7.243376739742672e-05
95.25  -0.009680466635134392  -7.203163752718933e-05
95.30000000000001  -0.009882090281866297  -7.16983357338701e-05
95.35000000000001  -0.010085373270191388  -7.14444181452816e-05
95.4  -0.010289503872479134  -7.127565038165403e-05
95.45  -0.01049364569247515  -7.119418839316197e-05
95.5  -0.010696943359410922  -7.119984018423434e-05
95.55000000000001  -0.010898527984809543  -7.12905115411027e-05
95.60000000000001  -0.01109752320304785  -7.14621336961909e-05
95.65  -0.011293051992997403  -7.170859566258241e-05
95.7  -0.011484244233120746  -7.202191116788983e-05
95.75  -0.01167024498214814  -7.239261458666991e-05
95.80000000000001  -0.011850223501836636  -7.281028075426434e-05
95.85000000000001  -0.012023382956061163  -7.326404453131129e-05
95.9  -0.012188970577365565  -7.374301340783103e-05
95.95  -0.012346287957208973  -7.42365034059723e-05
96.0  -0.01249470102187675  -7.473407208181395e-05
96.05000000000001  -0.012633649205277993  -7.522536366466395e-05
96.10000000000001  -0.012762653340220998  -7.569982097383864e-05
96.15  -0.012881321869620517  -7.614637027841858e-05
96.2  -0.01298935511054122  -7.655322132488391e-05
96.25  -0.013086547456601984  -7.690791232442936e-05
96.30000000000001  -0.01317278753259334  -7.719767842063153e-05
96.35000000000001  -0.013248056400218528  -7.741015302987384e-05
96.4  -0.013312423969789591  -7.753433504786659e-05
96.45  -0.013366043796368457  -7.75616734779003e-05
96.5  -0.013409146448283067  -7.748707996993115e-05
96.55000000000001  -0.013442031649430917  -7.730971876637089e-05
96.60000000000001  -0.013465059383743939  -7.703344815293774e-05
96.65  -0.013478640124377689  -7.66668056328509e-05
96.7  -0.013483224420613336  -7.622253401969956e-05
96.75  -0.013479292105645368  -7.571672038006608e-05
96.80000000000001  -0.013467341374005853  -7.516765811825256e-05
96.85000000000001  -0.013447878013237942  -7.459457118847293e-05
96.9  -0.01342140507950928  -7.40163389706856e-05
96.95  -0.013388413298711769  -7.345035016988951e-05
97.0  -0.013349372454498732  -7.291160579528421e-05
97.05000000000001  -0.013304723985810849  -7.241217765836591e-05
97.10000000000001  -0.013254874964936224  -7.196108496353767e-05
97.15  -0.013200193573666029  -7.156456587862374e-05
97.2  -0.013141006133667844  -7.122663842046698e-05
97.25  -0.01307759566537749  -7.094981486690152e-05
97.30000000000001  -0.013010201861099406  -7.073583320303319e-05
97.35000000000001  -0.012939022285441942  -7.058627963915355e-05
97.4  -0.012864214572809549  -7.050301923328323e-05
97.45  -0.012785899386574241  -7.048841079611638e-05
97.5  -0.012704163939359067  -7.054528692227363e-05
97.55000000000001  -0.012619065841729093  -7.067665872828207e-05
97.60000000000001  -0.012530636964400856  -7.088528386474335e-05
97.65  -0.01243888728922774  -7.11731959047664e-05
97.7  -0.01234380881196157  -7.154109023097033e-05
97.75  -0.012245379464232205  -7.19876420366613e-05
97.80000000000001  -0.012143567099804289  -7.250881592113056e-05
97.85000000000001  -0.012038333591167027  -7.309725448650814e-05
97.9  -0.011929639085311911  -7.374196408534416e-05
97.95  -0.011817446490707494  -7.442858646895407e-05
98.0  -0.011701726203385178  -7.514043495634486e-05
98.05000000000001  -0.01158246088694639  -7.586017021858575e-05
98.10000000000001  -0.01145964992077312  -7.657168614745714e-05
98.15  -0.01133331312802308  -7.726170807549408e-05
98.2  -0.011203493632928739  -7.792080930488587e-05
98.25  -0.01107025998415307  -7.854381793341449e-05
98.30000000000001  -0.010933707842401729  -7.91297198506454e-05
98.35000000000001  -0.010793961524273775  -7.968118328822951e-05
98.4  -0.01065117557632703  -8.020381754951843e-05
98.45  -0.01050553640087653  -8.070526200485433e-05
98.5  -0.010357263793671292  -8.1194151078226e-05
98.55000000000001  -0.010206612114701447  -8.167893643768526e-05
98.60000000000001  -0.010053870876662645  -8.216665131669002e-05
98.65  -0.00989936474312349  -8.266190060828146e-05
98.7  -0.009743452895981951  -8.316626567505454e-05
98.75  -0.009586527608435348  -8.367810577432542e-05
98.80000000000001  -0.009429011927982994  -8.41927263994397e-05
98.85000000000001  -0.009271356485849059  -8.470289075166072e-05
98.9  -0.009114035516873727  -8.519957670638474e-05
98.95  -0.008957542248902276  -8.567281537712452e-05
99.0  -0.00880238389751075  -8.611243337097462e-05
99.05000000000001  -0.00864907651539195  -8.650856339358499e-05
99.10000000000001  -0.008498139862436326  -8.685188028145541e-05
99.15  -0.008350092366906054  -8.713365051987571e-05
99.2  -0.008205446190532113  -8.734578501502614e-05
99.25  -0.0080647023686009  -8.748106056943812e-05
99.30000000000001  -0.007928346003305508  -8.753354953626127e-05
99.35000000000001  -0.007796841570991627  -8.749918423398706e-05
99.4  -0.007670628505578489  -8.73763428663534e-05
99.45  -0.00755011727599747  -8.716635413874769e-05
99.5  -0.007435686187645443  -8.687383616230204e-05
99.55000000000001  -0.007327679135574507  -8.650680254960119e-05
99.60000000000001  -0.007226404492569315  -8.607649938569394e-05
99.65  -0.007132135199296483  -8.559696720179583e-05
99.7  -0.007045109976626474  -8.508433958250036e-05
99.75  -0.006965535424745598  -8.455590314855073e-05
99.80000000000001  -0.006893588613166135  -8.402902597366063e-05
99.85000000000001  -0.006829419932320195  -8.352011317386646e-05
99.9  -0.006773156403329919  -8.304354508893857e-05
99.95  -0.006724905371283097  -8.261075137988536e-05
100.0  -0.0066847581723897525  -8.222973553162577e-05
