0.05  -0.10627332862554699  -4.4182857057687344e-05
0.1  -0.18530330929184344  -0.0002064318332252035
0.15000000000000002  -0.24418076630783306  -0.00046248777030116403
0.2  -0.28582652919274676  -0.0007527071514285436
0.25  -0.3123898432987659  -0.0010189855869457195
0.30000000000000004  -0.32575927134218347  -0.0012163263685215377
0.35000000000000003  -0.3276710534739138  -0.0013153904567201776
0.4  -0.3198170181336831  -0.0013023452041749238
0.45  -0.30393263510748747  -0.0011773383581119923
0.5  -0.281827278593842  -0.0009525039993427966
0.55  -0.25535520955243823  -0.0006492240433472803
0.6000000000000001  -0.226346331016129  -0.00029500137973350064
0.65  -0.1965202954200301  7.986452027646071e-05
0.7000000000000001  -0.16740368517548157  0.0004453982249092934
0.75  -0.14026341088449418  0.0007746360021473487
0.8  -0.11606324690374888  0.001045728005603847
0.8500000000000001  -0.09544542577710907  0.0012432531325862806
0.9  -0.0787358119527536  0.0013588533391339194
0.9500000000000001  -0.06596907725084337  0.0013912009899560765
1.0  -0.056929329638487944  0.0013453360390329526
1.05  -0.05120125812850083  0.0012315983724453
1.1  -0.0482269270595347  0.0010642671458284598
1.1500000000000001  -0.04736383986808306  0.0008600483971675629
1.2000000000000002  -0.04794043151867283  0.0006365842589650752
1.25  -0.04930584631605483  0.0004110580739052858
1.3  -0.05087160126863407  0.0001989845939223005
1.35  -0.05214347944873693  1.3255640498284883e-05
1.4000000000000001  -0.05274282439184753  -0.0001365206907032813
1.4500000000000002  -0.052417138856874365  -0.0002443706780302404
1.5  -0.051040571266994406  -0.0003080037350285633
1.55  -0.0486054343271586  -0.0003285924409903685
1.6  -0.04520636748872599  -0.0003103267767072177
1.6500000000000001  -0.04101909064980979  -0.00025978860101992025
1.7000000000000002  -0.03627585388863149  -0.000185214248135281
1.75  -0.031239715614481137  -9.57122028862995e-05
1.8  -0.026179631841001697  -4.928066771829999e-07
1.85  -0.021348038430489116  9.184092195471612e-05
1.9000000000000001  -0.01696230100564355  0.00017388066364592354
1.9500000000000002  -0.01319098814081703  0.00023983593879559891
2.0  -0.010145468465761028  0.0002857814216869664
2.0500000000000003  -0.007876872219755568  0.00030975581653173187
2.1  -0.0063780665345867845  0.0003117198881620737
2.15  -0.0055899494956971425  0.00029336082842087877
2.2  -0.005411109828675099  0.00025778447550123056
2.25  -0.0057097716284247955  0.00020914256181427506
2.3000000000000003  -0.0063368578810407755  0.0001522149422460515
2.35  -0.007139047715073376  9.198297576870526e-05
2.4000000000000004  -0.007970815738648721  3.3223040768737484e-05
2.45  -0.008704623645628967  -1.9848759639488726e-05
2.5  -0.009238673077302589  -6.385335694461276e-05
2.5500000000000003  -0.009501852335242651  -9.643349728140642e-05
2.6  -0.009455795908907095  -0.00011634014930251641
2.6500000000000004  -0.009094194148852482  -0.00012342382172838857
2.7  -0.008439686362922737  -0.00011854067736569775
2.75  -0.00753882566232755  -0.00010338914665508517
2.8000000000000003  -0.006455704611699678  -8.029681848949525e-05
2.85  -0.005264876772731795  -5.1979041784556404e-05
2.9000000000000004  -0.004044199352424899  -2.128944117515025e-05
2.95  -0.0028681605173557397  9.017373609414021e-06
3.0  -0.0018021624297857274  3.649087163041663e-05
3.0500000000000003  -0.0008981124211616817  5.914526432281047e-05
3.1  -0.00019153543238912087  7.556921931975793e-05
3.1500000000000004  0.00029971993364716646  8.498126953204792e-05
3.2  0.0005752415218925534  8.723106954500301e-05
3.25  0.0006504539804936553  8.275107039495467e-05
3.3000000000000003  0.0005539220355200503  7.24670920438047e-05
3.35  0.0003238786124147208  5.76785787501031e-05
3.4000000000000004  4.32825424000118e-06  3.992066705867743e-05
3.45  -0.0003589253179067225  2.0820653684377685e-05
3.5  -0.0007220072805781143  1.960947581273987e-06
3.5500000000000003  -0.0010461856305929846  -1.5241106042145265e-05
3.6  -0.0013003679523437852  -2.962885388077904e-05
3.6500000000000004  -0.001462754790206876  -4.037232918222011e-05
3.7  -0.0015216019800442645  -4.700236966645997e-05
3.75  -0.0014751188886505074  -4.941339555789492e-05
3.8000000000000003  -0.0013305948909797813  -4.783752451398857e-05
3.85  -0.0011028979218918886  -4.279453877089191e-05
3.9000000000000004  -0.0008125241095264143  -3.502383109068978e-05
3.95  -0.00048339524452748167  -2.5405498944221542e-05
4.0  -0.000140601431036566  -1.487799347697148e-05
4.05  0.00019172850707984562  -4.35920657297146e-06
4.1000000000000005  0.0004922737486019688  5.323186280434061e-06
4.15  0.0007439671751230033  1.3487661170656922e-05
4.2  0.0009349646767384161  1.9638072554568843e-05
4.25  0.001059107348087946  2.34847125931248e-05
4.3  0.0011158886586110869  2.4947286976710506e-05
4.3500000000000005  0.0011099764624055842  2.414132053224461e-05
4.4  0.0010503700070918017  2.1350593974892658e-05
4.45  0.0009492931926358111  1.6988999613027343e-05
4.5  0.0008209364482336707  1.1555747455064104e-05
4.55  0.0006801608425988895  5.588042158886247e-06
4.6000000000000005  0.0005412702596812608  -3.8482342269859863e-07
4.65  0.0004169421229188882  -5.882484154456024e-06
4.7  0.0003173861517326278  -1.0506857187981373e-05
4.75  0.00024977615948362547  -1.3965921375268622e-05
4.800000000000001  0.00021797419505581244  -1.6086936968908068e-05
4.8500000000000005  0.00022254151897309912  -1.681904182010722e-05
4.9  0.00026100884710487926  -1.622600088637023e-05
4.95  0.00032836045949592284  -1.447058979908353e-05
5.0  0.00041767416042601225  -1.1792616707086167e-05
5.050000000000001  0.0005208521897126072  -8.482902400666105e-06
5.1000000000000005  0.0006293770327760847  -4.855639354136372e-06
5.15  0.0007350302185391109  -1.2214495594311658e-06
5.2  0.000830520817154279  2.136810838902661e-06
5.25  0.0009099823661552558  4.983856750197333e-06
5.300000000000001  0.0009693111132929289  7.1462390359122415e-06
5.3500000000000005  0.0010063334594085115  8.52045349306811e-06
5.4  0.0010208050597283707  9.074812088822703e-06
5.45  0.0010142570894660329  8.84548829216999e-06
5.5  0.000989715811221511  7.927567477897376e-06
5.550000000000001  0.0009513291819306522  6.462252181776485e-06
5.6000000000000005  0.0009039384875198242  4.6215727807515485e-06
5.65  0.0008526338677342871  2.5920337003886625e-06
5.7  0.000802330327110324  5.585838091308167e-07
5.75  0.0007573958807676372  -1.3098609125918774e-06
5.800000000000001  0.0007213565013370484  -2.872345414158548e-06
5.8500000000000005  0.0006966942444830963  -4.024542895254401e-06
5.9  0.0006847460995431968  -4.70377335596748e-06
5.95  0.0006857024880040196  -4.89030263444031e-06
6.0  0.0006986965710433368  -4.605148119858475e-06
6.050000000000001  0.0007219691536206322  -3.904882196341798e-06
6.1000000000000005  0.0007530893680844645  -2.8741179677054148e-06
6.15  0.0007892086903317969  -1.6164722559786461e-06
6.2  0.0008273252140797473  -2.448406379448268e-07
6.25  0.0008645363568735382  1.1282036707483236e-06
6.300000000000001  0.0008982610330834493  2.3991536115964673e-06
6.3500000000000005  0.0009264164366202727  3.4808479762488305e-06
6.4  0.0009475394938729404  4.307847260109346e-06
6.45  0.0009608483132347076  4.839656563164268e-06
6.5  0.000966244122370259  5.061736685265522e-06
6.550000000000001  0.0009642588485782828  4.984417434354639e-06
6.6000000000000005  0.0009559573372896681  4.639975498299943e-06
6.65  0.000942805989890796  4.0782572504554455e-06
6.7  0.0009265212078246615  3.3613070992166184e-06
6.75  0.0009089114312589151  2.5575023626571523e-06
6.800000000000001  0.0008917258387442485  1.7356950374933754e-06
6.8500000000000005  0.0008765210915310219  9.598158416676897e-07
6.9  0.0008645550772606865  2.843200073196061e-07
6.95  0.0008567136851755756  -2.4923993287339144e-07
7.0  0.0008534735018000778  -6.143385491242997e-07
7.050000000000001  0.0008549002217670864  -8.002397047390418e-07
7.1000000000000005  0.0008606797625350271  -8.114487822037577e-07
7.15  0.0008701767490676699  -6.6600611295267e-07
7.2  0.0008825133330050746  -3.928543431591441e-07
7.25  0.0008966603046556565  -2.857610923584497e-08
7.300000000000001  0.0009115321613465591  3.861576660541552e-07
7.3500000000000005  0.0009260781950432415  8.100785471121339e-07
7.4  0.0009393627153093694  1.2044593150831303e-06
7.45  0.0009506291036299456  1.535753836105617e-06
7.5  0.0009593442059683387  1.7777194763832086e-06
7.550000000000001  0.000965221314662758  1.9129679828902048e-06
7.6000000000000005  0.0009682216785960738  1.9337949266832587e-06
7.65  0.0009685361894724598  1.8421856635285512e-06
7.7  0.0009665504049298993  1.6490286457585598e-06
7.75  0.0009627971526145839  1.3726597362536102e-06
7.800000000000001  0.000957901572889634  1.0369101438547539e-06
7.8500000000000005  0.0009525236258703151  6.688542733104038e-07
7.9  0.000947302840933235  2.9645662712087916e-07
7.95  0.0009428094851484982  -5.369217333489173e-08
8.0  0.0009395054535124654  -3.5837835253343855e-07
8.05  0.0009377171288576128  -5.99364995034087e-07
8.1  0.000937621319010693  -7.644880205059457e-07
8.15  0.0009392442495449428  -8.481946397024837e-07
8.200000000000001  0.000942472560436357  -8.515199912750371e-07
8.25  0.0009470743969622306  -7.815435929637649e-07
8.3  0.0009527280522328014  -6.504066442453377e-07
8.35  0.0009590552413726141  -4.7400066745847524e-07
8.4  0.0009656559736471709  -2.704562455485256e-07
8.450000000000001  0.000972142124772953  -5.856698866450651e-08
8.5  0.0009781671650218814  1.4372135777383603e-07
8.55  0.0009834500229127764  3.2064183389782144e-07
8.6  0.0009877917027375199  4.596656560508592e-07
8.65  0.0009910839670527224  5.522271835927024e-07
8.700000000000001  0.0009933100823873936  5.940830711292141e-07
8.75  0.0009945382547193763  5.85305616350798e-07
8.8  0.0009949089054585413  5.299393139839969e-07
8.85  0.0009946173267876006  4.3537397686663724e-07
8.9  0.00099389348801741  3.1150580600170126e-07
8.950000000000001  0.0009929808372816252  1.697689393571249e-07
9.0  0.0009921158633213875  2.2123466746938603e-08
9.05  0.0009915099698624497  -1.1991763090336838e-07
9.1  0.000991334898271612  -2.461498854728185e-07
9.15  0.0009917125468944768  -3.483691802055617e-07
9.200000000000001  0.0009927096143961063  -4.208541933174237e-07
9.25  0.000994337075732413  -4.6061940859720013e-07
9.3  0.0009965541160131136  -4.6743852347987894e-07
9.35  0.0009992758266229491  -4.436561948157518e-07
9.4  0.0010023837295966122  -3.938212875383108e-07
9.450000000000001  0.0010057380521429644  -3.24185879590805e-07
9.5  0.0010091906265503052  -2.4212016143583016e-07
9.55  0.0010125973375476843  -1.5549377097891226e-07
9.600000000000001  0.00101582916826956  -7.207025702767565e-08
9.65  0.0010187810901771178  1.0456618918181296e-09
9.700000000000001  0.0010213782808103453  5.787655276909276e-08
9.75  0.0010235794115514372  9.39333200443513e-08
9.8  0.0010253770030402198  1.0645396583328342e-07
9.850000000000001  0.00102679507821862  9.451317219480448e-08
9.9  0.0010278845360881216  5.900361357109255e-08
9.950000000000001  0.0010287168117596194  2.4973609243951478e-09
10.0  0.001029376473482291  -7.099752148795498e-08
10.05  0.001029953433614859  -1.5636422278600837e-07
10.100000000000001  0.0010305354212349505  -2.4776301017705345e-07
10.15  0.0010312012863840161  -3.390477228017554e-07
10.200000000000001  0.0010320155904200365  -4.241841013456673e-07
10.25  0.0010330247956737827  -4.976422104169178e-07
10.3  0.001034255214305569  -5.547380317759334e-07
10.350000000000001  0.0010357127237558502  -5.919037198670422e-07
10.4  0.0010373841166066264  -6.06871530569068e-07
10.450000000000001  0.0010392398355391565  -5.987628004328277e-07
10.5  0.0010412377568097446  -5.680800773109375e-07
10.55  0.0010433276323876407  -5.166071481567218e-07
10.600000000000001  0.0010454557829819684  -4.472278297268633e-07
10.65  0.0010475696498968095  -3.636795608714114e-07
10.700000000000001  0.0010496218588000568  -2.702616693848591e-07
10.75  0.001051573517203596  -1.7152060335294365e-07
10.8  0.0010533965519786744  -7.193504318050385e-08
10.850000000000001  0.0010550749858554982  2.437709970188641e-08
10.9  0.0010566051443895142  1.1391028451794658e-07
10.950000000000001  0.0010579948700826227  1.9396586822546368e-07
11.0  0.0010592618922183193  2.627786982085673e-07
11.05  0.0010604315547810212  3.195704235667068e-07
11.100000000000001  0.0010615341382295249  3.6452972359331693e-07
11.15  0.0010626020225746817  3.9872515312350774e-07
11.200000000000001  0.0010636669304329215  4.239607667749952e-07
11.25  0.001064757461678211  4.425881993159889e-07
11.3  0.001065897089951258  4.572910954621194e-07
11.350000000000001  0.0010671027403118384  4.7085916949002934e-07
11.4  0.0010683840111534943  4.859694592585775e-07
11.450000000000001  0.0010697430468392904  5.0499127896746e-07
11.5  0.0010711750149923266  5.298286750943454e-07
11.55  0.0010726690980786666  5.618099995867692e-07
11.600000000000001  0.001074209875554226  6.01629395691086e-07
11.65  0.0010757789525114886  6.493406797429069e-07
11.700000000000001  0.001077356683874636  7.044005183049623e-07
11.75  0.0010789238490967663  7.657545867518177e-07
11.8  0.0010804631488472135  8.319574521164705e-07
11.850000000000001  0.0010819604204602145  9.013147615210843e-07
11.9  0.001083405499946457  9.720351121210186e-07
11.950000000000001  0.001084792692574763  1.0423790215906238e-06
12.0  0.0010861208481815468  1.110793477086358e-06
12.05  0.0010873930690502459  1.1760225341495446e-06
12.100000000000001  0.0010886161048906844  1.237187029241773e-06
12.15  0.001089799509622753  1.2938295005911291e-06
12.200000000000001  0.0010909546471174858  1.3459233664420448e-06
12.25  0.001092093637619807  1.393848337356016e-06
12.3  0.0010932283333382289  1.4383363710598939e-06
12.350000000000001  0.0010943694018700093  1.4803943497825305e-06
12.4  0.0010955255807972787  1.521210818626541e-06
12.450000000000001  0.0010967031479079234  1.5620545741675419e-06
12.5  0.0010979056305940283  1.6041728759954134e-06
12.55  0.0010991337572830886  1.6486963708653045e-06
12.600000000000001  0.0011003856344999337  1.6965569244772709e-06
12.65  0.001101657117130512  1.7484233080301056e-06
12.700000000000001  0.001102942327486393  1.8046585377889685e-06
12.75  0.0011042342711533176  1.865301660918233e-06
12.8  0.0011055254941736104  1.930076284295968e-06
12.850000000000001  0.001106808726183873  1.998427345395416e-06
12.9  0.001108077458666226  2.069585885567109e-06
12.950000000000001  0.0011093264174525156  2.1426579893119154e-06
13.0  0.001110551902171097  2.216729699655172e-06
13.05  0.0011117519788720208  2.290975357784617e-06
13.100000000000001  0.0011129265235399611  2.3647532431232904e-06
13.15  0.0011140771230663852  2.437673396823428e-06
13.200000000000001  0.0011152068478744303  2.509629708183532e-06
13.25  0.0011163199184459054  2.580796834673947e-06
13.3  0.0011174212965967447  2.6515978238524866e-06
13.350000000000001  0.0011185162387176116  2.72265009503914e-06
13.4  0.0011196098504368192  2.7946976088118365e-06
13.450000000000001  0.0011207066799199111  2.8685362207670623e-06
13.5  0.0011218103810411023  2.9449383153499565e-06
13.55  0.001122923469342104  3.0245818554943587e-06
13.600000000000001  0.0011240471840212245  3.1079882017303207e-06
13.65  0.0011251814594681999  3.195472417302e-06
13.700000000000001  0.0011263250006333394  3.287109052994971e-06
13.75  0.0011274754488031845  3.3827154060395463e-06
13.8  0.001128629618273536  3.4818528628011635e-06
13.850000000000001  0.001129783780616542  3.5838451085629195e-06
13.9  0.0011309339714712192  3.6878108158641502e-06
13.950000000000001  0.0011320762949149944  3.792709129636163e-06
14.0  0.0011332072021988495  3.897399637993915e-06
14.05  0.0011343237256042594  4.00072019039971e-06
14.100000000000001  0.0011354236543984525  4.101580051969625e-06
14.15  0.0011365056430133684  4.199055565010578e-06
14.200000000000001  0.0011375692439073632  4.29246977645876e-06
14.25  0.0011386148684613584  4.3814421320283875e-06
14.3  0.001139643687702184  4.465905583104102e-06
14.350000000000001  0.0011406574847998266  4.54609568617927e-06
14.4  0.0011416584721898775  4.622517232698536e-06
14.450000000000001  0.0011426490887202505  4.695893489012142e-06
14.5  0.0011436317934105026  4.767102767548733e-06
14.55  0.0011446088719065054  4.8371073147044806e-06
14.600000000000001  0.0011455822694828805  4.90687971542122e-06
14.65  0.001146553461335165  4.977332234086681e-06
14.700000000000001  0.001147523367164114  5.04925423584269e-06
14.75  0.0011484923132028609  5.123262240394437e-06
14.8  0.001149460041303928  5.199766007035257e-06
14.850000000000001  0.0011504257617202902  5.278952588836858e-06
14.9  0.0011513882440020119  5.360788546080364e-06
14.950000000000001  0.0011523459387878447  5.445038697786918e-06
15.0  0.0011532971219534237  5.5312984408531106e-06
15.05  0.0011542400509169583  5.619035933952972e-06
15.100000000000001  0.0011551731208348677  5.70764090654602e-06
15.15  0.0011560950063832702  5.7964777854163435e-06
15.200000000000001  0.0011570047744804642  5.8849413325956935e-06
15.25  0.0011579019562319688  5.972512044193209e-06
15.3  0.001158786572731954  6.058806144008076e-06
15.350000000000001  0.0011596591169149289  6.143612852030421e-06
15.4  0.0011605204993825917  6.226911797876152e-06
15.450000000000001  0.0011613719684210972  6.308866103775187e-06
15.5  0.0011622150138708848  6.3897912689060655e-06
15.55  0.00116305126268887  6.470104520814269e-06
15.600000000000001  0.0011638823725508012  6.55026245260492e-06
15.65  0.0011647099289755795  6.630696269369399e-06
15.700000000000001  0.001165535351195401  6.71175366653723e-06
15.75  0.0011663598118605144  6.793654755567419e-06
15.8  0.0011671841753057475  6.876466994573389e-06
15.850000000000001  0.0011680089582780948  6.960101210528647e-06
15.9  0.0011688343157110939  7.044327946037509e-06
15.950000000000001  0.001169660052345214  7.128810862400787e-06
16.0  0.001170485659078457  7.213152120821311e-06
16.05  0.00117131037085876  7.296943576382887e-06
16.1  0.0011721332411665244  7.379817332628944e-06
16.150000000000002  0.0011729532267551984  7.461489755914482e-06
16.2  0.001173769275471977  7.541794151353092e-06
16.25  0.001174580409906376  7.620698838237019e-06
16.3  0.0011753858001380445  7.698309301687554e-06
16.35  0.0011761848200563443  7.774854785650679e-06
16.400000000000002  0.0011769770833528251  7.85066152113518e-06
16.45  0.0011777624572759345  7.926116039005666e-06
16.5  0.0011785410542538648  8.00162293012989e-06
16.55  0.0011793132034511726  8.077561803333344e-06
16.6  0.0011800794059414585  8.154248003376858e-06
16.650000000000002  0.0011808402784267247  8.231901086397484e-06
16.7  0.001181596491140449  8.310624018350535e-06
16.75  0.0011823487057240102  8.390394827426442e-06
16.8  0.0011830975184795017  8.471071054744358e-06
16.85  0.001183843413595032  8.552406112216442e-06
16.900000000000002  0.0011845867297664175  8.634075419899695e-06
16.95  0.001185327642201999  8.715709357293676e-06
17.0  0.0011860661604894745  8.796929551017473e-06
17.05  0.0011868021414377086  8.87738479692687e-06
17.1  0.0011875353146628604  8.956783197276524e-06
17.150000000000002  0.0011882653177769827  9.034917541575808e-06
17.2  0.0011889917373803006  9.111681822854918e-06
17.25  0.001189714151826705  9.18707767904247e-06
17.3  0.001190432171835677  9.261210570785951e-06
17.35  0.0011911454755111357  9.334276498147351e-06
17.400000000000002  0.0011918538350489233  9.406540882863669e-06
17.45  0.0011925571332988673  9.47831191888118e-06
17.5  0.0011932553694627306  9.549911058862872e-06
17.55  0.0011939486540537146  9.621643471291789e-06
17.6  0.0011946371943688861  9.693771135508384e-06
17.650000000000002  0.0011953212722866481  9.766490886130058e-06
17.7  0.0011960012168812377  9.839919143240453e-06
17.75  0.0011966773745578812  9.914084382820691e-06
17.8  0.0011973500794854512  9.988927641946602e-06
17.85  0.0011980196268813015  1.0064310649936388e-05
17.900000000000002  0.0011986862512565922  1.0140030469469783e-05
17.95  0.0011993501112300179  1.0215839103511551e-05
18.0  0.0012000112817830183  1.0291466064578153e-05
18.05  0.0012006697541419086  1.0366641839167686e-05
18.1  0.0012013254428506668  1.0441120172221814e-05
18.150000000000002  0.0012019781989473888  1.0514697296483888e-05
18.2  0.001202627827749933  1.0587226665957866e-05
18.25  0.0012032741094396868  1.0658628117820646e-05
18.3  0.0012039168205254193  1.0728891038141487e-05
18.35  0.00120455575429388  1.0798071519352412e-05
18.400000000000002  0.00120519073860674  1.0866284121830013e-05
18.45  0.0012058216496796058  1.0933689213308792e-05
18.5  0.0012064484209456192  1.100047716580052e-05
18.55  0.001207071046579516  1.1066850934201146e-05
18.6  0.0012076895796957088  1.1133008517553284e-05
18.650000000000002  0.0012083041257264968  1.1199126822827453e-05
18.7  0.0012089148318163321  1.126534812699901e-05
18.75  0.0012095218733875735  1.1331770125976828e-05
18.8  0.0012101254391415975  1.1398440195915772e-05
18.85  0.0012107257158612676  1.146535408234168e-05
18.900000000000002  0.001211322874265903  1.1532458819072224e-05
18.95  0.0012119170570217212  1.1599659445236314e-05
19.0  0.0012125083697509457  1.1666828692712345e-05
19.05  0.0012130968755675962  1.1733818692090349e-05
19.1  0.0012136825933951236  1.1800473596382558e-05
19.150000000000002  0.0012142654999065731  1.1866642063726321e-05
19.200000000000003  0.0012148455347031387  1.1932188545624189e-05
19.25  0.001215422608095598  1.1997002591336136e-05
19.3  0.0012159966106646525  1.2061005473239651e-05
19.35  0.001216567423697165  1.2124153829406645e-05
19.400000000000002  0.0012171349295625883  1.2186440144707758e-05
19.450000000000003  0.0012176990211966443  1.224789029115336e-05
19.5  0.0012182596099464614  1.2308558442176553e-05
19.55  0.0012188166312503555  1.2368520008010733e-05
19.6  0.001219370047780053  1.242786321570136e-05
19.650000000000002  0.0012199198499646766  1.248668012547745e-05
19.700000000000003  0.0012204660540026775  1.2545057806039668e-05
19.75  0.0012210086976018248  1.2603070383556433e-05
19.8  0.001221547833961055  1.2660772498507278e-05
19.85  0.0012220835244941537  1.2718194618577543e-05
19.900000000000002  0.001222615830913694  1.2775340391433165e-05
19.950000000000003  0.0012231448072381175  1.283218617777551e-05
20.0  0.0012236704922725255  1.2888682555843947e-05
20.05  0.001224192902984358  1.2944757549168879e-05
20.1  0.00122471202908547  1.3000321190262854e-05
20.150000000000002  0.0012252278289851244  1.30552708925278e-05
20.200000000000003  0.0012257402271741347  1.3109497139260503e-05
20.25  0.0012262491129393892  1.3162888983810333e-05
20.3  0.0012267543402571038  1.321533890303705e-05
20.35  0.0012272557286435231  1.3266746698862414e-05
20.400000000000002  0.0012277530647915437  1.3317022215699977e-05
20.450000000000003  0.001228246104847285  1.3366086757945236e-05
20.5  0.0012287345773102144  1.3413873334976265e-05
20.55  0.0012292181866464273  1.3460325857621563e-05
20.6  0.0012296966178256034  1.3505397602721174e-05
20.650000000000002  0.0012301695420751477  1.3549049260149523e-05
20.700000000000003  0.0012306366240592394  1.3591246901447718e-05
20.75  0.0012310975306519551  1.3631960167107124e-05
20.8  0.0012315519412362782  1.3671160962690698e-05
20.85  0.001231999559217713  1.370882276529998e-05
20.900000000000002  0.0012324401242079133  1.3744920791751761e-05
20.950000000000003  0.0012328734240939928  1.3779433027846007e-05
21.0  0.0012332993061387756  1.381234213235021e-05
21.05  0.0012337176862065775  1.3843638185540583e-05
21.1  0.0012341285553327083  1.3873322127016434e-05
21.150000000000002  0.001234531983030278  1.3901409793292047e-05
21.200000000000003  0.001234928116769164  1.3927936576255085e-05
21.25  0.0012353171771854901  1.3952962913066033e-05
21.3  0.001235699448676345  1.3976580811126695e-05
21.35  0.0012360752658584343  1.39989212022527e-05
21.400000000000002  0.0012364449972949668  1.4020160768657723e-05
21.450000000000003  0.0012368090285507865  1.4040525708738688e-05
21.5  0.001237167746219076  1.4060289541033277e-05
21.55  0.0012375215238097585  1.407976273645208e-05
21.6  0.0012378707096426978  1.4099273521729519e-05
21.650000000000002  0.001238215616596497  1.4119141036372839e-05
21.700000000000003  0.0012385565134370733  1.4139643673587773e-05
21.75  0.0012388936176648843  1.4160986618331562e-05
21.8  0.0012392270900253074  1.4183273079695002e-05
21.85  0.001239557031056443  1.4206483420363858e-05
21.900000000000002  0.0012398834800403367  1.4230465401091747e-05
21.950000000000003  0.0012402064166952894  1.4254937424985838e-05
22.0  0.0012405257657252026  1.4279504907355471e-05
22.05  0.0012408414040326141  1.430368835955275e-05
22.1  0.001241153170200184  1.4326960323591533e-05
22.150000000000002  0.0012414608755903734  1.4348787386429785e-05
22.200000000000003  0.0012417643164035052  1.436867296355246e-05
22.25  0.0012420632859653931  1.4386196616734308e-05
22.3  0.001242357586672013  1.4401046139014741e-05
22.35  0.0012426470410461035  1.4413039484621531e-05
22.400000000000002  0.0012429315014303181  1.4422134805684565e-05
22.450000000000003  0.0012432108578993768  1.4428428009744974e-05
22.5  0.0012434850439759417  1.4432138502579509e-05
22.55  0.0012437540396780674  1.443358480332133e-05
22.6  0.0012440178714445888  1.4433152484567401e-05
22.650000000000002  0.0012442766083468559  1.4431257204838128e-05
22.700000000000003  0.001244530353615791  1.442830546579104e-05
22.75  0.0012447792293056616  1.4424655333343875e-05
22.8  0.0012450233477283516  1.442057831816453e-05
22.85  0.001245262759924057  1.4416221207532495e-05
22.900000000000002  0.0012454973792591685  1.4411568077790193e-05
22.950000000000003  0.0012457268961171405  1.4406410580548629e-05
23.0  0.00124595072359924  1.440035122799181e-05
23.05  0.0012461680114721823  1.4392862804860876e-05
23.1  0.0012463777326659807  1.4383395047300944e-05
23.150000000000002  0.0012465788161217153  1.4371496348947947e-05
23.200000000000003  0.0012467702919406309  1.4356919576948425e-05
23.25  0.0012469514222999275  1.433969206521518e-05
23.3  0.0012471218011574398  1.4320140082698437e-05
23.35  0.0012472814130992521  1.42988662904795e-05
23.400000000000002  0.0012474306485728659  1.4276686049254322e-05
23.450000000000003  0.0012475702800449928  1.4254534631047769e-05
23.5  0.001247701409386868  1.423336078306824e-05
23.55  0.0012478253978550286  1.421402168696865e-05
23.6  0.0012479437867947735  1.4197191093799611e-05
23.650000000000002  0.0012480582133392799  1.4183288366327964e-05
23.700000000000003  0.0012481703236101526  1.4172432685432743e-05
23.75  0.0012482816862455473  1.4164424619605748e-05
23.8  0.0012483937102930817  1.4158755764353127e-05
23.85  0.0012485075718246385  1.4154642815700788e-05
23.900000000000002  0.0012486241546971763  1.4151082188407563e-05
23.950000000000003  0.001248744010994046  1.414692129187746e-05
24.0  0.0012488673439492383  1.4140940571764297e-05
24.05  0.0012489940148236343  1.4131940072624471e-05
24.1  0.00124912357321025  1.4118824020574244e-05
24.150000000000002  0.001249255308218593  1.4100677063707688e-05
24.200000000000003  0.0012493883160107247  1.4076826310411715e-05
24.25  0.0012495215780037859  1.4046884492575299e-05
24.3  0.001249654043565396  1.4010771094898717e-05
24.35  0.0012497847112269362  1.3968710252969664e-05
24.400000000000002  0.0012499127030052193  1.392120602325235e-05
24.450000000000003  0.0012500373269481758  1.3868997717376161e-05
24.5  0.0012501581238355368  1.3812999607809703e-05
24.55  0.0012502748951937093  1.3754230649227085e-05
24.6  0.0012503877113487609  1.3693740402507268e-05
24.650000000000002  0.001250496899911956  1.3632537238637008e-05
24.700000000000003  0.001250603016537192  1.3571524250092105e-05
24.75  0.0012507068009446902  1.3511447260253261e-05
24.8  0.0012508091219549451  1.345285804316902e-05
24.85  0.0012509109157241237  1.3396094451344795e-05
24.900000000000002  0.001251013121499769  1.334127766347852e-05
24.950000000000003  0.0012511166191818664  1.3288325446423797e-05
25.0  0.0012512221726744296  1.323697893971154e-05
25.05  0.0012513303825461182  1.318683967284416e-05
25.1  0.0012514416509007236  1.3137412717006275e-05
25.150000000000002  0.0012515561605702934  1.3088151834297164e-05
25.200000000000003  0.0012516738697194902  1.303850272244575e-05
25.25  0.001251794521882245  1.2987941085223099e-05
25.3  0.0012519176703030422  1.2936003237916079e-05
25.35  0.001252042714423716  1.2882307947641321e-05
25.400000000000002  0.0012521689455212218  1.2826569224435344e-05
25.450000000000003  0.0012522955978664933  1.2768600588584965e-05
25.5  0.0012524219016518214  1.2708311963732354e-05
25.55  0.0012525471338470972  1.2645700750785996e-05
25.6  0.0012526706636605699  1.2580838734123703e-05
25.650000000000002  0.0012527919897880014  1.2513856411932494e-05
25.700000000000003  0.0012529107674795266  1.244492616764932e-05
25.75  0.00125302682424151  1.2374245357079706e-05
25.8  0.0012531401638985968  1.2302020119005588e-05
25.85  0.0012532509594739812  1.2228450311726796e-05
25.900000000000002  0.001253359535960536  1.2153715870105914e-05
25.950000000000003  0.0012534663444390638  1.2077964807046307e-05
26.0  0.0012535719292318085  1.2001303136963972e-05
26.05  0.0012536768897876153  1.1923787259704422e-05
26.1  0.0012537818390784274  1.1845419712863442e-05
26.150000000000002  0.0012538873603171715  1.176614950212148e-05
26.200000000000003  0.0012539939640586846  1.1685878689656512e-05
26.25  0.0012541020482345938  1.1604476815193468e-05
26.3  0.0012542118641938784  1.1521804483548693e-05
26.35  0.0012543234927135324  1.1437746176353662e-05
26.400000000000002  0.0012544368342928974  1.1352250640036241e-05
26.450000000000003  0.001254551617887182  1.1265374680146604e-05
26.5  0.00125466743024854  1.1177323983846063e-05
26.55  0.0012547837646533734  1.1088483445322972e-05
26.6  0.001254900083628927  1.0999429993615402e-05
26.650000000000002  0.00125501588736315  1.0910923737837024e-05
26.700000000000003  0.0012551307785254376  1.0823877304432742e-05
26.75  0.0012552445148680898  1.0739305621562732e-05
26.8  0.001255357043423655  1.0658258794384663e-05
26.85  0.001255468516056242  1.0581746284489026e-05
26.900000000000002  0.0012555792878776555  1.0510666569885584e-05
26.950000000000003  0.0012556898949231217  1.0445748048095566e-05
27.0  0.0012558010113188224  1.0387498484119156e-05
27.05  0.0012559133927023546  1.0336163615457233e-05
27.1  0.0012560278128382263  1.0291698178857339e-05
27.150000000000002  0.0012561450013681042  1.0253752220400875e-05
27.200000000000003  0.0012562655901558997  1.022168248499412e-05
27.25  0.0012563900706654282  1.0194604632803722e-05
27.3  0.0012565187608470758  1.0171486751458158e-05
27.35  0.0012566517835743795  1.0151258013234711e-05
27.400000000000002  0.001256789062266762  1.013290174470651e-05
27.450000000000003  0.001256930335941295  1.0115519828658411e-05
27.5  0.0012570751901680647  1.0098371062587067e-05
27.55  0.0012572230980115915  1.0080890250503943e-05
27.6  0.0012573734654564247  1.0062693173377123e-05
27.650000000000002  0.0012575256770771146  1.0043570327059829e-05
27.700000000000003  0.0012576791387944781  1.002347118573871e-05
27.75  0.0012578333152602024  1.0002480749094454e-05
27.8  0.0012579877598984193  9.98079032165939e-06
27.85  0.001258142136259811  9.95866503593183e-06
27.900000000000002  0.0012582962298154925  9.936410677252616e-06
27.950000000000003  0.0012584499501210435  9.914342342272234e-06
28.0  0.0012586033238808148  9.89275713514186e-06
28.05  0.001258756480069235  9.871912517929655e-06
28.1  0.001258909628821412  9.852011352089055e-06
28.150000000000002  0.0012590630361763075  9.833193918396747e-06
28.200000000000003  0.0012592169968982524  9.815536574058446e-06
28.25  0.0012593718076362934  9.79905621866276e-06
28.3  0.0012595277424373168  9.783719216928713e-06
28.35  0.001259685032318966  9.769453298413963e-06
28.400000000000002  0.0012598438501373011  9.756160778634092e-06
28.450000000000003  0.0012600043014461895  9.743731636761258e-06
28.5  0.0012601664215286775  9.73205511496883e-06
28.55  0.0012603301782400734  9.72102894244303e-06
28.6  0.001260495479896753  9.710565576604444e-06
28.650000000000002  0.0012606621870913876  9.700595275018262e-06
28.700000000000003  0.0012608301271102259  9.691066177569432e-06
28.75  0.0012609991095294424  9.681941849709217e-06
28.8  0.0012611689415958957  9.673197009002835e-06
28.85  0.0012613394421774544  9.664812208213169e-06
28.900000000000002  0.0012615104532544968  9.656768333268458e-06
28.950000000000003  0.0012616818482303772  9.649041696698207e-06
29.0  0.0012618535367295769  9.641600330765688e-06
29.05  0.0012620254657785368  9.634401915829729e-06
29.1  0.0012621976176965402  9.627393551317953e-06
29.150000000000002  0.0012623700051806591  9.620513379359212e-06
29.200000000000003  0.0012625426643182538  9.613693797508598e-06
29.25  0.001262715646351928  9.60686590424089e-06
29.3  0.0012628890090416876  9.599964659576395e-06
29.35  0.0012630628084544368  9.592934178602095e-06
29.400000000000002  0.0012632370918422913  9.585732602306832e-06
29.450000000000003  0.0012634118921602514  9.57833603912545e-06
29.5  0.0012635872245518958  9.570741166849334e-06
29.55  0.0012637630848992124  9.562966188460687e-06
29.6  0.0012639394504018772  9.555050063822295e-06
29.650000000000002  0.0012641162818994745  9.547050021003773e-06
29.700000000000003  0.001264293527556955  9.539037562801317e-06
29.75  0.0012644711274478358  9.531093287685967e-06
29.8  0.0012646490185246862  9.523300933999071e-06
29.85  0.0012648271394674047  9.515741174398744e-06
29.900000000000002  0.0012650054349449356  9.508485590607415e-06
29.950000000000003  0.0012651838589966729  9.50159137222406e-06
30.0  0.0012653623772166135  9.495097058868202e-06
30.05  0.0012655409676712113  9.489019687963611e-06
30.1  0.0012657196205505322  9.48335350147377e-06
30.150000000000002  0.0012658983366844083  9.478070281378637e-06
30.200000000000003  0.0012660771251382496  9.47312123656817e-06
30.25  0.001266256000191817  9.468440229771038e-06
30.3  0.0012664349779951635  9.463948066176916e-06
30.35  0.0012666140732337115  9.459557462283114e-06
30.400000000000002  0.0012667932961177692  9.455178271403509e-06
30.450000000000003  0.0012669726499243122  9.450722591257052e-06
30.5  0.001267152129314079  9.446109386073635e-06
30.55  0.001267331719456114  9.441268282979606e-06
30.6  0.0012675113960271085  9.436142399124538e-06
30.650000000000002  0.0012676911259279764  9.430690006557258e-06
30.700000000000003  0.001267870868684017  9.424885093255913e-06
30.75  0.0012680505783362146  9.418716854555503e-06
30.8  0.0012682302056487666  9.412188308747052e-06
30.85  0.0012684097004603792  9.405314220668022e-06
30.900000000000002  0.0012685890139978347  9.398118603652162e-06
30.950000000000003  0.0012687681009681856  9.390632057377428e-06
31.0  0.0012689469213355599  9.382889127262754e-06
31.05  0.0012691254416267725  9.374925912461213e-06
31.1  0.001269303635751286  9.366778015573534e-06
31.150000000000002  0.0012694814852887153  9.358478946254185e-06
31.200000000000003  0.0012696589792669725  9.350058949971515e-06
31.25  0.0012698361135318086  9.341544258268828e-06
31.3  0.0012700128897552999  9.332956703860906e-06
31.35  0.0012701893142237144  9.324313602157488e-06
31.400000000000002  0.0012703653965073646  9.315627852035744e-06
31.450000000000003  0.0012705411481049355  9.306908140432261e-06
31.5  0.001270716581167263  9.29815921385242e-06
31.55  0.0012708917073581184  9.289382158339694e-06
31.6  0.001271066536910097  9.280574700023863e-06
31.650000000000002  0.0012712410778816653  9.271731466442903e-06
31.700000000000003  0.001271415335678976  9.262844248273511e-06
31.75  0.0012715893128228293  9.253902273520629e-06
31.8  0.001271763008951389  9.244892493998026e-06
31.85  0.0012719364210547828  9.235799904475355e-06
31.900000000000002  0.0012721095438603868  9.226607905552919e-06
31.950000000000003  0.0012722823703595746  9.217298709109588e-06
32.0  0.001272454892396972  9.207853825075212e-06
32.050000000000004  0.0012726271012882544  9.198254586258408e-06
32.1  0.001272798988421487  9.188482705318893e-06
32.15  0.0012729705457880664  9.178520872674296e-06
32.2  0.0012731417664285979  9.16835332372785e-06
32.25  0.0012733126447175597  9.157966403652937e-06
32.300000000000004  0.0012734831764829183  9.14734908982447e-06
32.35  0.0012736533589173989  9.13649344588287e-06
32.4  0.0012738231903556886  9.125394977912375e-06
32.45  0.0012739926699295357  9.114052893060979e-06
32.5  0.0012741617971735522  9.102470211470111e-06
32.550000000000004  0.0012743305715795382  9.090653764262245e-06
32.6  0.0012744989922057646  9.078614028525979e-06
32.65  0.0012746670573682687  9.066364823639896e-06
32.7  0.001274834764450443  9.053922844496644e-06
32.75  0.00127500210983241  9.041307050768814e-06
32.800000000000004  0.00127516908899738  9.028537938997718e-06
32.85  0.0012753356967209538  9.0156366654e-06
32.9  0.0012755019274082108  9.00262412900513e-06
32.95  0.0012756677755177267  8.989520008512533e-06
33.0  0.0012758332360446884  8.976341848320759e-06
33.050000000000004  0.0012759983050656559  8.963104212733673e-06
33.1  0.001276162980249902  8.949817982392173e-06
33.15  0.0012763272613545503  8.936489842650028e-06
33.2  0.0012764911506441157  8.923121994207361e-06
33.25  0.0012766546532044269  8.9097121125757e-06
33.300000000000004  0.0012768177771419098  8.896253561020695e-06
33.35  0.0012769805336564212  8.882735844982373e-06
33.4  0.0012771429369310343  8.869145276330136e-06
33.45  0.0012773050038835596  8.855465807527203e-06
33.5  0.0012774667537432695  8.84167994885741e-06
33.550000000000004  0.0012776282074786977  8.827769728059491e-06
33.6  0.0012777893870937885  8.813717614220527e-06
33.65  0.0012779503148742702  8.799507310996144e-06
33.7  0.001278111012565595  8.785124393236032e-06
33.75  0.0012782715005917398  8.770556706598747e-06
33.800000000000004  0.001278431797332646  8.755794526153684e-06
33.85  0.001278591918529995  8.74083047472851e-06
33.9  0.0012787518768296387  8.725659211105742e-06
33.95  0.0012789116815392783  8.710276925115099e-06
34.0  0.001279071338567098  8.694680679390628e-06
34.050000000000004  0.0012792308505516087  8.678867673395942e-06
34.1  0.001279390217205972  8.662834458938247e-06
34.15  0.0012795494357758796  8.646576221219135e-06
34.2  0.001279708501627199  8.630086156892307e-06
34.25  0.0012798674088835612  8.613354998125277e-06
34.300000000000004  0.0012800261510398834  8.596370744447875e-06
34.35  0.0012801847215183576  8.57911859915544e-06
34.4  0.0012803431141247916  8.561581178963165e-06
34.45  0.0012805013233974302  8.543738941097726e-06
34.5  0.0012806593448503574  8.525570840140894e-06
34.550000000000004  0.0012808171751155198  8.507055120369686e-06
34.6  0.0012809748120152552  8.488170214848256e-06
34.65  0.001281132254580241  8.468895652244944e-06
34.7  0.0012812895030584982  8.449212909573435e-06
34.75  0.0012814465589543029  8.429106165260404e-06
34.800000000000004  0.0012816034250937  8.408562819348098e-06
34.85  0.0012817601057543634  8.387573819814255e-06
34.9  0.0012819166068803766  8.36613368158305e-06
34.95  0.0012820729363346502  8.344240234427268e-06
35.0  0.0012822291042047544  8.321894111663983e-06
35.050000000000004  0.001282385123094836  8.299097981461076e-06
35.1  0.0012825410083536122  8.275855647901244e-06
35.15  0.0012826967781750813  8.252171072916726e-06
35.2  0.0012828524535205845  8.228047405180899e-06
35.25  0.0012830080578475132  8.203486139396672e-06
35.300000000000004  0.0012831636166015102  8.178486438306155e-06
35.35  0.0012833191565023397  8.153044719233743e-06
35.4  0.0012834747046290775  8.127154484444035e-06
35.45  0.0012836302873722428  8.100806462530796e-06
35.5  0.0012837859292930912  8.073988978138575e-06
35.550000000000004  0.0012839416519905638  8.046688552605392e-06
35.6  0.0012840974730600823  8.018890644442356e-06
35.65  0.0012842534052354298  7.990580477762791e-06
35.7  0.001284409455804081  7.961743842831636e-06
35.75  0.0012845656263280084  7.932367861329713e-06
35.800000000000004  0.001284721912741082  7.90244160040691e-06
35.85  0.0012848783057990399  7.871956551092573e-06
35.9  0.0012850347918681943  7.84090692432086e-06
35.95  0.0012851913539668558  7.809289749181902e-06
36.0  0.0012853479729572639  7.777104852757706e-06
36.050000000000004  0.0012855046287941845  7.744354675793034e-06
36.1  0.0012856613017290961  7.711044012928157e-06
36.15  0.001285817973371586  7.67717971005878e-06
36.2  0.0012859746275638185  7.642770347153884e-06
36.25  0.0012861312509954079  7.607825956971732e-06
36.300000000000004  0.0012862878335331506  7.572357789376212e-06
36.35  0.0012864443682708043  7.536378146218701e-06
36.4  0.0012866008512931234  7.499900287374602e-06
36.45  0.0012867572812147931  7.462938393358316e-06
36.5  0.0012869136585606463  7.4255075725743885e-06
36.550000000000004  0.0012870699850387564  7.3876238901592365e-06
36.6  0.0012872262628086683  7.349304421628883e-06
36.65  0.0012873824938124541  7.310567280495537e-06
36.7  0.0012875386792086515  7.27143163158485e-06
36.75  0.0012876948189928683  7.23191768763488e-06
36.800000000000004  0.001287850911797689  7.192046668098254e-06
36.85  0.0012880069548548783  7.151840747887813e-06
36.9  0.0012881629441428468  7.111322954853148e-06
36.95  0.0012883188746191697  7.070517050580599e-06
37.0  0.0012884747405313294  7.029447376878683e-06
37.050000000000004  0.0012886305357024366  6.988138663336111e-06
37.1  0.0012887862537797517  6.946615824605798e-06
37.15  0.0012889418883542778  6.90490374676586e-06
37.2  0.0012890974329739856  6.863027063233672e-06
37.25  0.0012892528809701782  6.821009930373426e-06
37.300000000000004  0.0012894082251663501  6.778875795616186e-06
37.35  0.001289563457456747  6.736647177162255e-06
37.4  0.0012897185683316882  6.694345403590726e-06
37.45  0.0012898735464146193  6.651990374179247e-06
37.5  0.0012900283780448792  6.60960031855938e-06
37.550000000000004  0.0012901830470004763  6.567191597419862e-06
37.6  0.0012903375343937637  6.524778565186436e-06
37.65  0.001290491818765462  6.482373499867465e-06
37.7  0.0012906458763950548  6.439986658639024e-06
37.75  0.0012907996817821783  6.3976264067318236e-06
37.800000000000004  0.0012909532083327814  6.35529951111902e-06
37.85  0.001291106429120784  6.31301149576905e-06
37.9  0.0012912593177504062  6.2707671296516375e-06
37.95  0.0012914118491793177  6.228570962420405e-06
38.0  0.0012915640005222236  6.186427919212148e-06
38.050000000000004  0.0012917157517074425  6.144343870603027e-06
38.1  0.001291867085968464  6.102326165343774e-06
38.15  0.001292017990143803  6.060384045120581e-06
38.2  0.0012921684547257729  6.01852892398295e-06
38.25  0.0012923184737047761  5.976774502448488e-06
38.300000000000004  0.0012924680441824819  5.935136665795532e-06
38.35  0.0012926171658040975  5.893633173581795e-06
38.400000000000006  0.0012927658400417562  5.852283185868185e-06
38.45  0.0012929140694029526  5.811106605482243e-06
38.5  0.0012930618566030457  5.770123323055863e-06
38.550000000000004  0.001293209203757337  5.7293523989038935e-06
38.6  0.0012933561116848383  5.688811265025864e-06
38.650000000000006  0.0012935025793277305  5.64851500740838e-06
38.7  0.0012936486033217189  5.608475772166826e-06
38.75  0.0012937941778022443  5.5687023347748225e-06
38.800000000000004  0.0012939392943732424  5.529199866154437e-06
38.85  0.0012940839423269688  5.48996990415104e-06
38.900000000000006  0.001294228109031498  5.451010541228439e-06
38.95  0.0012943717804605806  5.412316822722024e-06
39.0  0.0012945149418639734  5.373881290067538e-06
39.050000000000004  0.0012946575784696596  5.335694696070609e-06
39.1  0.00129479967620144  5.297746743276942e-06
39.150000000000006  0.001294941222353406  5.260026875820566e-06
39.2  0.0012950822061558154  5.222524981615619e-06
39.25  0.0012952226192260172  5.185232029966745e-06
39.300000000000004  0.0012953624558451025  5.148140546072568e-06
39.35  0.0012955017130539487  5.111244914214803e-06
39.400000000000006  0.0012956403905608883  5.0745415047254855e-06
39.45  0.001295778490455653  5.038028620059408e-06
39.5  0.001295916016766025  5.001706316556812e-06
39.550000000000004  0.0012960529749065708  4.965576104444969e-06
39.6  0.0012961893710304027  4.929640571996251e-06
39.650000000000006  0.0012963252113651156  4.89390300723383e-06
39.7  0.0012964605015679648  4.8583670433462916e-06
39.75  0.0012965952461490092  4.823036327394805e-06
39.800000000000004  0.001296729447994829  4.787914318171976e-06
39.85  0.001296863108065214  4.753004161184879e-06
39.900000000000006  0.001296996225247182  4.718308651959803e-06
39.95  0.0012971287964072054  4.683830278926892e-06
40.0  0.0012972608166414408  4.6495713006629346e-06
40.050000000000004  0.0012973922796975647  4.615533894966346e-06
40.1  0.0012975231785351828  4.581720267140014e-06
40.150000000000006  0.0012976535059941413  4.548132757244594e-06
40.2  0.0012977832555260236  4.514773897762014e-06
40.25  0.0012979124218905755  4.4816463648845485e-06
40.300000000000004  0.0012980410017950663  4.448752882501563e-06
40.35  0.0012981689943853873  4.416095993832274e-06
40.400000000000006  0.001298296401551039  4.383677791940143e-06
40.45  0.0012984232279957698  4.351499579761768e-06
40.5  0.0012985494810815923  4.319561517374289e-06
40.550000000000004  0.0012986751704256575  4.287862287020495e-06
40.6  0.0012988003073071187  4.256398817035394e-06
40.650000000000006  0.001298924903913049  4.225166142544012e-06
40.7  0.0012990489724708548  4.194157386264727e-06
40.75  0.0012991725243998685  4.163363926542934e-06
40.800000000000004  0.0012992955694650918  4.1327757335923865e-06
40.85  0.0012994181150750533  4.102381837717338e-06
40.900000000000006  0.0012995401657524897  4.072170965037413e-06
40.95  0.0012996617228339877  4.042132237764575e-06
41.0  0.001299782784420474  4.012255917084035e-06
41.050000000000004  0.0012999033456099975  3.9825341354524785e-06
41.1  0.0013000233989758727  3.952961542177903e-06
41.150000000000006  0.0013001429352818505  3.9235357936557224e-06
41.2  0.001300261944346154  3.89425786321109e-06
41.25  0.0013003804160286086  3.865132116093704e-06
41.300000000000004  0.001300498341228324  3.836166103623269e-06
41.35  0.0013006157128104994  3.8073701203336727e-06
41.400000000000006  0.0013007325264003588  3.778756516814542e-06
41.45  0.0013008487809491466  3.750338818278294e-06
41.5  0.0013009644790538412  3.722130744638805e-06
41.550000000000004  0.0013010796269795882  3.6941451809826284e-06
41.6  0.0013011942343822496  3.666393190712453e-06
41.650000000000006  0.0013013083137508987  3.6388831794553853e-06
41.7  0.0013014218796431548  3.6116202260561047e-06
41.75  0.0013015349477199902  3.5846056959890765e-06
41.800000000000004  0.0013016475337141113  3.557837104319083e-06
41.85  0.0013017596523902538  3.531308278975241e-06
41.900000000000006  0.0013018713165862898  3.5050098077942264e-06
41.95  0.0013019825364337058  3.478929729020235e-06
42.0  0.0013020933187927386  3.4530544547779762e-06
42.050000000000004  0.0013022036669788197  3.427369802982364e-06
42.1  0.0013023135807960816  3.4018621106822033e-06
42.150000000000006  0.0013024230568579479  3.376519297432559e-06
42.2  0.0013025320891972912  3.351331806133637e-06
42.25  0.0013026406700894302  3.3262933278504006e-06
42.300000000000004  0.0013027487910145896  3.30140125939923e-06
42.35  0.0013028564437001025  3.276656863558853e-06
42.400000000000006  0.0013029636211314539  3.252065111615998e-06
42.45  0.0013030703184444738  3.227634254148186e-06
42.5  0.0013031765336306205  3.203375138971661e-06
42.550000000000004  0.0013032822680064157  3.1793003711200847e-06
42.6  0.001303387526373901  3.15542338289235e-06
42.650000000000006  0.0013034923168906499  3.1317575039407257e-06
42.7  0.001303596650664938  3.1083151076940997e-06
42.75  0.001303700541087591  3.0851069066741618e-06
42.800000000000004  0.0013038040030010046  3.0621414721993716e-06
42.85  0.001303907051733675  3.0394249494013334e-06
42.900000000000006  0.0013040097021325917  3.016961059887813e-06
42.95  0.0013041119676345317  2.994751320796788e-06
43.0  0.0013042138594720472  2.972795436547858e-06
43.050000000000004  0.0013043153860857876  2.95109186989077e-06
43.1  0.001304416552769845  2.929638462989331e-06
43.150000000000006  0.001304517361617812  2.908433055698106e-06
43.2  0.0013046178117394952  2.8874740671931904e-06
43.25  0.0013047178997328697  2.866760928687054e-06
43.300000000000004  0.001304817620402857  2.8462943803351376e-06
43.35  0.00130491696761058  2.8260765725672326e-06
43.400000000000006  0.0013050159352287886  2.8061110113891544e-06
43.45  0.0013051145180605181  2.786402313595263e-06
43.5  0.001305212712673282  2.76695585893895e-06
43.550000000000004  0.0013053105180559593  2.747777341745002e-06
43.6  0.001305407936023297  2.728872301283199e-06
43.650000000000006  0.001305504971348913  2.710245663669372e-06
43.7  0.0013056016315741254  2.691901347612411e-06
43.75  0.0013056979265321591  2.6738419740083294e-06
43.800000000000004  0.001305793867586909  2.6560686846207856e-06
43.85  0.0013058894666546322  2.638581106543755e-06
43.900000000000006  0.001305984735089725  2.6213774490832335e-06
43.95  0.0013060796825200838  2.6044547236070935e-06
44.0  0.0013061743157685784  2.5878090636160915e-06
44.050000000000004  0.0013062686379293276  2.571436088475809e-06
44.1  0.001306362647713766  2.5553312748145514e-06
44.150000000000006  0.0013064563391386023  2.5394902570886934e-06
44.2  0.0013065497015579265  2.523909023799528e-06
44.25  0.0013066427200800652  2.5085839852724903e-06
44.300000000000004  0.0013067353763259956  2.4935118603980387e-06
44.35  0.0013068276494666237  2.478689397201854e-06
44.400000000000006  0.001306919517456295  2.464112932795042e-06
44.45  0.0013070109583477923  2.4497778481349323e-06
44.5  0.001307101951584829  2.4356779385998565e-06
44.550000000000004  0.0013071924791310903  2.421804822183571e-06
44.6  0.0013072825263660247  2.4081474042942502e-06
44.650000000000006  0.0013073720826369964  2.394691533088027e-06
44.7  0.001307461141451644  2.3814198816942767e-06
44.75  0.0013075497002919773  2.368312111730329e-06
44.800000000000004  0.0013076377600707459  2.3553453775914356e-06
44.85  0.001307725324325947  2.3424951377420174e-06
44.900000000000006  0.0013078123982366045  2.3297362523608603e-06
44.95  0.0013078989875612117  2.3170443153486438e-06
45.0  0.0013079850976407317  2.3043970827820847e-06
45.050000000000004  0.00130807073257366  2.2917759170288385e-06
45.1  0.0013081558946378797  2.2791671055737324e-06
45.150000000000006  0.0013082405840398146  2.2665629191337324e-06
45.2  0.0013083247990046429  2.253962316000127e-06
45.25  0.0013084085361898035  2.2413711692348274e-06
45.300000000000004  0.0013084917913686576  2.228802009502707e-06
45.35  0.0013085745602976272  2.2162732169880763e-06
45.400000000000006  0.0013086568396702813  2.203807734560328e-06
45.45  0.0013087386280152707  2.1914313443864445e-06
45.5  0.0013088199264475852  2.1791706553147975e-06
45.550000000000004  0.001308900739166374  2.1670509376908818e-06
45.6  0.0013089810736327243  2.1550939736758416e-06
45.650000000000006  0.001309060940392229  2.143316121241078e-06
45.7  0.0013091403525699197  2.1317267198541585e-06
45.75  0.001309219325044827  2.1203270420438233e-06
45.800000000000004  0.0013092978734649866  2.109109841667259e-06
45.85  0.0013093760131363623  2.0980595726106986e-06
45.900000000000006  0.0013094537579546974  2.087153295799891e-06
45.95  0.0013095311194903203  2.0763621774857544e-06
46.0  0.0013096081063379166  2.065653497636201e-06
46.050000000000004  0.0013096847237876932  2.0549929845881413e-06
46.1  0.0013097609738934783  2.0443473002066965e-06
46.150000000000006  0.0013098368559105607  2.033686445659672e-06
46.2  0.0013099123670662534  2.0229859015253107e-06
46.25  0.0013099875035970665  2.01222829468938e-06
46.300000000000004  0.00131006226189476  2.001404478137788e-06
46.35  0.001310136639656549  1.9905139443273084e-06
46.400000000000006  0.0013102106368981163  1.9795645259992325e-06
46.45  0.0013102842566544062  1.9685714345763937e-06
46.5  0.0013103575053406474  1.957555743898297e-06
46.550000000000004  0.0013104303926691925  1.9465424278750348e-06
46.6  0.0013105029311410458  1.935558127727846e-06
46.650000000000006  0.0013105751351407632  1.924628854361424e-06
46.7  0.0013106470197178381  1.9137778200877236e-06
46.75  0.0013107185992206278  1.9030235638590196e-06
46.800000000000004  0.0013107898858741467  1.8923785613793754e-06
46.85  0.0013108608885047735  1.8818484078004117e-06
46.900000000000006  0.001310931611560461  1.871431614126895e-06
46.95  0.0013110020545423204  1.8611200392047332e-06
47.0  0.0013110722119168096  1.850899872287543e-06
47.050000000000004  0.0013111420735787739  1.8407530665153111e-06
47.1  0.0013112116257734375  1.830659048338121e-06
47.150000000000006  0.001311280852470939  1.8205965311889538e-06
47.2  0.001311349736981245  1.8105452533782396e-06
47.25  0.0013114182636923552  1.8004874830370539e-06
47.300000000000004  0.0013114864197550234  1.790409128362043e-06
47.35  0.00131155419648767  1.780300413279051e-06
47.400000000000006  0.0013116215903966927  1.7701560201754084e-06
47.45  0.0013116886036314713  1.7599747749129629e-06
47.5  0.0013117552438661833  1.7497589018687556e-06
47.550000000000004  0.001311821523567794  1.7395129951677801e-06
47.6  0.0013118874587328584  1.7292428168688354e-06
47.650000000000006  0.0013119530671879434  1.7189540978131785e-06
47.7  0.0013120183665972064  1.7086514754052025e-06
47.75  0.0013120833723868736  1.6983376956583932e-06
47.800000000000004  0.001312148095790748  1.688013155186482e-06
47.85  0.0013122125422460437  1.6776758563802514e-06
47.900000000000006  0.001312276710307153  1.6673217358816527e-06
47.95  0.001312340591243221  1.6569453536428597e-06
48.0  0.0013124041693409194  1.6465407857131978e-06
48.050000000000004  0.0013124674229557467  1.6361026849847108e-06
48.1  0.001312530326178131  1.6256272846541233e-06
48.150000000000006  0.0013125928509896837  1.6151132500917629e-06
48.2  0.0013126549697069735  1.6045622157647137e-06
48.25  0.0013127166574774408  1.593978971348468e-06
48.300000000000004  0.001312777894595596  1.5833711957032861e-06
48.35  0.0013128386683736062  1.5727487941002158e-06
48.400000000000006  0.0013128989744200113  1.562122888744302e-06
48.45  0.0013129588171943373  1.5515045602993837e-06
48.5  0.0013130182097496341  1.540903538373422e-06
48.550000000000004  0.0013130771727190324  1.5303269534932716e-06
48.6  0.0013131357326522678  1.5197783516741935e-06
48.650000000000006  0.0013131939198399306  1.5092570858337567e-06
48.7  0.0013132517658694131  1.4987582131794751e-06
48.75  0.0013133093011369649  1.4882729202356833e-06
48.800000000000004  0.0013133665525566743  1.4777894709500387e-06
48.85  0.001313423541701633  1.4672945844037503e-06
48.900000000000006  0.001313480283528409  1.4567751073242931e-06
48.95  0.0013135367858268508  1.4462198230091872e-06
49.0  0.0013135930494169346  1.4356211414047384e-06
49.050000000000004  0.001313649069068224  1.4249765000048584e-06
49.1  0.0013137048350520988  1.4142892912090812e-06
49.150000000000006  0.001313760335102335  1.4035691589517124e-06
49.2  0.0013138155565891345  1.392831615024473e-06
49.25  0.0013138704886256306  1.3820969554358348e-06
49.300000000000004  0.001313925123875728  1.371388556848166e-06
49.35  0.001313979459888601  1.3607306972002837e-06
49.400000000000006  0.0013140334998178237  1.3501461230626573e-06
49.45  0.0013140872524526935  1.339653622402996e-06
49.5  0.0013141407315908167  1.3292658681839141e-06
49.550000000000004  0.0013141939547944668  1.3189877841380572e-06
49.6  0.0013142469417145456  1.3088156329774938e-06
49.650000000000006  0.0013142997121687507  1.2987369473394699e-06
49.7  0.0013143522841838008  1.2887313944940195e-06
49.75  0.0013144046722135077  1.2787724599734379e-06
49.800000000000004  0.0013144568857687338  1.2688298946036828e-06
49.85  0.001314508928567657  1.258872619724384e-06
49.900000000000006  0.0013145607983124663  1.2488718832571327e-06
49.95  0.001314612487124772  1.2388043053680525e-06
50.0  0.0013146639825703502  1.2286545209988509e-06
50.050000000000004  0.0013147152691610478  1.2184171231917687e-06
50.1  0.0013147663301681307  1.2080977012039447e-06
50.150000000000006  0.0013148171495336765  1.1977128161843155e-06
50.2  0.0013148677136789301  1.1872888604411418e-06
50.25  0.0013149180129912678  1.1768599355183864e-06
50.300000000000004  0.0013149680428639744  1.1664648582410207e-06
50.35  0.001315017804155705  1.156143617066143e-06
50.400000000000006  0.001315067303015608  1.1459335798304432e-06
50.45  0.0013151165501325234  1.135865818145134e-06
50.5  0.001315165559451483  1.1259619497716155e-06
50.550000000000004  0.0013152143465220592  1.1162317607490545e-06
50.6  0.0013152629266800098  1.1066718959267668e-06
50.650000000000006  0.001315311313224331  1.0972657289054933e-06
50.7  0.0013153595158250904  1.0879844842036704e-06
50.75  0.0013154075393071716  1.0787894702830435e-06
50.800000000000004  0.0013154553829557284  1.0696352739317933e-06
50.85  0.001315503040416293  1.0604735995306796e-06
50.900000000000006  0.0013155505001969281  1.0512573937490697e-06
50.95  0.0013155977467030492  1.0419448785759e-06
51.0  0.0013156447617188084  1.0325030930903936e-06
51.050000000000004  0.0013156915261198668  1.0229106373849887e-06
51.1  0.0013157380216830823  1.0131592942363423e-06
51.150000000000006  0.0013157842327533391  1.0032544184413556e-06
51.2  0.0013158301475933588  9.932140266750945e-07
51.25  0.0013158757592735193  9.83066702208834e-07
51.300000000000004  0.001315921065997848  9.72848486377638e-07
51.35  0.0013159660708411763  9.625990862067177e-07
51.400000000000006  0.0013160107809268395  9.523577841569295e-07
51.45  0.0013160552061373641  9.421593869955508e-07
51.5  0.001316099357519249  9.320307119378051e-07
51.550000000000004  0.0013161432455451455  9.219879051697516e-07
51.6  0.001316186878459745  9.120349452630943e-07
51.650000000000006  0.0013162302608814365  9.021634499467189e-07
51.7  0.0013162733928673456  8.923538333499396e-07
51.75  0.0013163162695803109  8.825776582230228e-07
51.800000000000004  0.0013163588816173957  8.728009767113498e-07
51.85  0.0013164012160114767  8.629882790354504e-07
51.900000000000006  0.0013164432577985165  8.531066949469179e-07
51.95  0.001316484991995665  8.431299872306607e-07
52.0  0.001316526405771019  8.330419090077281e-07
52.050000000000004  0.001316567490551638  8.228386014077571e-07
52.1  0.0013166082438369026  8.125297545375377e-07
52.150000000000006  0.00131664867047601  8.021383948701591e-07
52.2  0.0013166887832547175  7.916993034002206e-07
52.25  0.0013167286026887909  7.81256261863446e-07
52.300000000000004  0.0013167681559914512  7.708583731150806e-07
52.35  0.0013168074753176734  7.605558689021633e-07
52.400000000000006  0.0013168465954246763  7.503957999184388e-07
52.45  0.001316885550996291  7.40418083413426e-07
52.5  0.001316924373887321  7.306522401621636e-07
52.550000000000004  0.00131696309056529  7.211152104974689e-07
52.6  0.0013170017200662071  7.118103819367134e-07
52.650000000000006  0.0013170402726244354  7.02727942006689e-07
52.7  0.0013170787491782335  6.938464549292216e-07
52.75  0.0013171171417939113  6.851354906412194e-07
52.800000000000004  0.0013171554349744267  6.765589996587549e-07
52.85  0.001317193607745371  6.680790538692461e-07
52.900000000000006  0.0013172316363065134  6.596595874169874e-07
52.95  0.0013172694969542662  6.512697391823294e-07
53.0  0.0013173071690008426  6.428864729642872e-07
53.050000000000004  0.0013173446373379548  6.344962352579711e-07
53.1  0.0013173818943731175  6.260954805864267e-07
53.150000000000006  0.0013174189411176433  6.176900892002589e-07
53.2  0.0013174557873094103  6.092937406126106e-07
53.25  0.0013174924505528927  6.009254928397148e-07
53.300000000000004  0.0013175289545693687  5.926068451880297e-07
53.35  0.0013175653267523562  5.843586084994289e-07
53.400000000000006  0.0013176015952650084  5.761979604177684e-07
53.45  0.001317637786004924  5.681360023385672e-07
53.5  0.0013176739197641564  5.601760768474736e-07
53.550000000000004  0.0013177100099090403  5.523130051802777e-07
53.6  0.0013177460608147563  5.445333238659729e-07
53.650000000000006  0.0013177820672818205  5.36816461065839e-07
53.7  0.0013178180149636134  5.291367113893688e-07
53.75  0.0013178538818020718  5.214657572758094e-07
53.800000000000004  0.0013178896403056436  5.137754628418891e-07
53.85  0.00131792526044188  5.060406052268072e-07
53.900000000000006  0.0013179607128510447  4.982412217440033e-07
53.95  0.0013179959720361009  4.903643267332959e-07
54.0  0.0013180310192137399  4.824047831485144e-07
54.050000000000004  0.0013180658444914143  4.7436527329585906e-07
54.1  0.001318100448146576  4.662553405186589e-07
54.150000000000006  0.0013181348408440965  4.5808967838207194e-07
54.2  0.0013181690427588066  4.4988584353179706e-07
54.25  0.0013182030816782002  4.4166169605927823e-07
54.300000000000004  0.001318236990273244  4.33432845549646e-07
54.35  0.0013182708028006379  4.2521042379012417e-07
54.400000000000006  0.0013183045516023482  4.1699941604237366e-07
54.45  0.0013183382637405054  4.0879777720608575e-07
54.5  0.0013183719581661949  4.0059640699422177e-07
54.550000000000004  0.001318405643672328  3.9238003969610264e-07
54.6  0.0013184393178697074  3.841289148909981e-07
54.650000000000006  0.0013184729672915058  3.758210667100057e-07
54.7  0.0013185065685863947  3.674349618633258e-07
54.75  0.0013185400906758618  3.5895214187228915e-07
54.800000000000004  0.0013185734976121713  3.5035958378048463e-07
54.85  0.0013186067518601158  3.416514918463129e-07
54.900000000000006  0.0013186398176222994  3.328302678673933e-07
54.95  0.0013186726638999174  3.2390656566118076e-07
55.0  0.001318705266943906  3.1489841123837244e-07
55.050000000000004  0.001318737611897233  3.0582942997503786e-07
55.1  0.001318769693480278  2.96726449727845e-07
55.150000000000006  0.0013188015157194967  2.8761668778793173e-07
55.2  0.0013188330907591569  2.7852488617980797e-07
55.25  0.001318864436975489  2.694707074234583e-07
55.300000000000004  0.001318895576614876  2.604667041906754e-07
55.35  0.0013189265332458518  2.515170530076631e-07
55.400000000000006  0.0013189573293204083  2.4261724681704216e-07
55.45  0.0013189879840723494  2.3375473320907166e-07
55.5  0.0013190185119736839  2.24910479504673e-07
55.550000000000004  0.0013190489218930397  2.1606123695207258e-07
55.6  0.0013190792169406162  2.071823064871874e-07
55.650000000000006  0.0013191093950198104  1.982504357738715e-07
55.7  0.0013191394499198184  1.892465707856476e-07
55.75  0.0013191693728107036  1.8015810092060838e-07
55.800000000000004  0.0013191991539070027  1.7098036363214636e-07
55.85  0.001319228784089826  1.6171722004901766e-07
55.900000000000006  0.0013192582562619143  1.5238063843657675e-07
55.95  0.0013192875662849028  1.4298932051132283e-07
56.0  0.0013193167133869325  1.33566519300906e-07
56.050000000000004  0.001319345700013294  1.2413732216319008e-07
56.1  0.0013193745311505212  1.1472569309486924e-07
56.150000000000006  0.0013194032132321028  1.0535165138457914e-07
56.2  0.0013194317527753844  9.602891925684833e-08
56.25  0.0013194601549577144  8.676328329881508e-08
56.300000000000004  0.0013194884223012193  7.755188667982194e-08
56.35  0.0013195165536563818  6.838349440483824e-08
56.400000000000006  0.0013195445435868385  5.9239728355392485e-08
56.45  0.0013195723822275597  5.009709278208478e-08
56.5  0.0013196000556537678  4.092963887042042e-08
56.550000000000004  0.0013196275467034905  3.171192947961591e-08
56.6  0.0013196548362567988  2.2422062556258157e-08
56.650000000000006  0.001319681904841997  1.3044413857128505e-08
56.7  0.001319708734412227  3.5717975134649457e-09
56.75  0.001319735310154536  -5.9931507431472755e-09
56.800000000000004  0.001319761622099159  -1.563756782808727e-08
56.85  0.0013197876663811302  -2.5338993756745046e-08
56.900000000000006  0.0013198134460073582  -3.506699131788395e-08
56.95  0.0013198389710205255  -4.478563723174511e-08
57.0  0.001319864258048033  -5.445662625209232e-08
57.050000000000004  0.0013198893292609652  -6.404270933284707e-08
57.1  0.0013199142108359443  -7.35110827708961e-08
57.150000000000006  0.0013199389310739598  -8.283640610213736e-08
57.2  0.0013199635183602293  -9.200314389425524e-08
57.25  0.0013199879991562151  -1.010069597492556e-07
57.300000000000004  0.0013200123962523191  -1.0985507019822208e-07
57.35  0.0013200367273900923  -1.1856546687288513e-07
57.400000000000006  0.0013200610044340792  -1.2716512528231083e-07
57.45  0.0013200852331156292  -1.3568734112006688e-07
57.5  0.00132010941337027  -1.4416847896102456e-07
57.550000000000004  0.0013201335401992363  -1.5264444388845243e-07
57.6  0.0013201576049761488  -1.6114723536304887e-07
57.650000000000006  0.001320181597018455  -1.6970190312953597e-07
57.7  0.0013202055052968118  -1.7832422042924224e-07
57.75  0.0013202293200512511  -1.8701926886158845e-07
57.800000000000004  0.0013202530342059236  -1.9578107956043974e-07
57.85  0.0013202766444127484  -2.045933403809104e-07
57.900000000000006  0.0013203001516304607  -2.1343107879363919e-07
57.95  0.0013203235612147474  -2.2226311511305656e-07
58.0  0.001320346882522336  -2.3105505805951637e-07
58.050000000000004  0.001320370128098377  -2.3977250602081734e-07
58.1  0.0013203933125381408  -2.4838413429934935e-07
58.150000000000006  0.001320416451165155  -2.568643575882358e-07
58.2  0.0013204395586762954  -2.6519534554382985e-07
58.25  0.001320462647876138  -2.733681286049266e-07
58.300000000000004  0.001320485728651196  -2.8138281189674444e-07
58.35  0.0013205088072586796  -2.892478199016408e-07
58.400000000000006  0.0013205318860024951  -2.9697834928667406e-07
58.45  0.0013205549633051846  -3.0459419396151963e-07
58.5  0.0013205780341556375  -3.1211720123789765e-07
58.550000000000004  0.0013206010908850744  -3.1956865785402223e-07
58.6  0.0013206241241505172  -3.2696688063451294e-07
58.650000000000006  0.00132064712402546  -3.343252846637343e-07
58.7  0.001320670081062197  -3.4165112585370343e-07
58.75  0.0013206929871868553  -3.489450434067615e-07
58.800000000000004  0.0013207158363401329  -3.5620143950144e-07
58.85  0.001320738624774361  -3.634096641840553e-07
58.900000000000006  0.0013207613509790463  -3.705558141687496e-07
58.95  0.0013207840152754747  -3.776249482154376e-07
59.0  0.0013208066191052045  -3.846034712672898e-07
59.050000000000004  0.0013208291641303117  -3.9148135581694443e-07
59.1  0.001320851651264947  -3.982539838221248e-07
59.150000000000006  0.0013208740797544798  -4.0492335121511316e-07
59.2  0.0013208964464416365  -4.114984664858271e-07
59.25  0.0013209187453197858  -4.1799491380374674e-07
59.300000000000004  0.0013209409674518392  -4.244335815847605e-07
59.35  0.001320963101275748  -4.3083868588348565e-07
59.400000000000006  0.0013209851332761833  -4.372352893520712e-07
59.45  0.0013210070489857507  -4.436466110147681e-07
59.5  0.0013210288342051226  -4.50091371666456e-07
59.550000000000004  0.0013210504763046355  -4.5658152341972007e-07
59.6  0.0013210719655054907  -4.6312059843957223e-07
59.650000000000006  0.0013210932959630915  -4.697029105786045e-07
59.7  0.0013211144665351499  -4.76313686347961e-07
59.75  0.001321135481153495  -4.82930205154765e-07
59.800000000000004  0.0013211563486919798  -4.895238059043601e-07
59.85  0.0013211770823741858  -4.960626253844823e-07
59.900000000000006  0.0013211976987153305  -5.025147571980108e-07
59.95  0.0013212182161108353  -5.088515687804189e-07
60.0  0.0013212386531926677  -5.150508090187534e-07
60.050000000000004  0.0013212590271310125  -5.210991950043873e-07
60.1  0.0013212793520340947  -5.269942179107322e-07
60.150000000000006  0.0013212996376154704  -5.327449478496372e-07
60.2  0.001321319888270727  -5.383717507869605e-07
60.25  0.001321340102661966  -5.439049147427325e-07
60.300000000000004  0.001321360273864328  -5.493823123460312e-07
60.35  0.0013213803900569468  -5.548462990774159e-07
60.400000000000006  0.0013214004357300173  -5.603401422516396e-07
60.45  0.0013214203932535164  -5.659043100045974e-07
60.5  0.0013214402446924743  -5.71572974527733e-07
60.550000000000004  0.0013214599736651688  -5.773710761304129e-07
60.6  0.0013214795670640515  -5.833122307420929e-07
60.650000000000006  0.0013214990164730459  -5.893976628685129e-07
60.7  0.0013215183191325026  -5.956162957864754e-07
60.75  0.00132153747835842  -6.019459514466528e-07
60.800000000000004  0.0013215565033748828  -6.083555474091463e-07
60.85  0.0013215754085690971  -6.148080920830674e-07
60.900000000000006  0.0013215942122655855  -6.212641084405411e-07
60.95  0.0013216129351125323  -6.276852244556331e-07
61.0  0.0013216315982813283  -6.340375008298147e-07
61.050000000000004  0.0013216502216073277  -6.402942418010571e-07
61.1  0.0013216688219038078  -6.464379630422229e-07
61.150000000000006  0.0013216874115926825  -6.5246138877264e-07
61.2  0.001321705997781563  -6.583673711016988e-07
61.25  0.0013217245818721792  -6.641677958036654e-07
61.300000000000004  0.0013217431597415705  -6.698815715583915e-07
61.35  0.0013217617224442232  -6.75531978897026e-07
61.400000000000006  0.0013217802573694212  -6.811436255325714e-07
61.45  0.0013217987497440003  -6.867393849131721e-07
61.5  0.0013218171842879468  -6.92337580310981e-07
61.550000000000004  0.0013218355468837331  -6.979497814952294e-07
61.6  0.0013218538260685447  -7.035793773108945e-07
61.650000000000006  0.001321872014207508  -7.092210960021796e-07
61.7  0.001321890108228479  -7.148615229255568e-07
61.75  0.0013219081098237362  -7.204805193340193e-07
61.800000000000004  0.0013219260251221413  -7.260534045284593e-07
61.85  0.0013219438638479785  -7.315536383720352e-07
61.900000000000006  0.0013219616380576076  -7.369557182209134e-07
61.95  0.001321979360588255  -7.422379487636395e-07
62.0  0.001321997043394395  -7.473848038456327e-07
62.050000000000004  0.0013220146959355265  -7.523885880231099e-07
62.1  0.0013220323238408722  -7.572502623397074e-07
62.150000000000006  0.0013220499279423883  -7.61979289243828e-07
62.2  0.001322067503837088  -7.665925900564785e-07
62.25  0.0013220850420214334  -7.711126711384747e-07
62.300000000000004  0.0013221025286096464  -7.755651640594914e-07
62.35  0.0013221199465888135  -7.799760438679214e-07
62.400000000000006  0.0013221372774386102  -7.843688021155672e-07
62.45  0.0013221545030361122  -7.887619108113992e-07
62.5  0.0013221716075847438  -7.931668578819127e-07
62.550000000000004  0.0013221885793945095  -7.975869268735027e-07
62.6  0.0013222054123510991  -8.020169218075392e-07
62.650000000000006  0.0013222221069047885  -8.064438074781863e-07
62.7  0.0013222386704489092  -8.108482809591078e-07
62.75  0.0013222551170870567  -8.152070410708499e-07
62.800000000000004  0.0013222714667662683  -8.194955648556379e-07
62.85  0.001322287743868252  -8.236911017713532e-07
62.900000000000006  0.001322303975384488  -8.277755238156412e-07
62.95  0.0013223201888421577  -8.317377912228294e-07
63.0  0.001322336410191182  -8.355757367910612e-07
63.050000000000004  0.0013223526618469216  -8.392969857602944e-07
63.1  0.0013223689610650374  -8.429189214678116e-07
63.150000000000006  0.0013223853188043867  -8.464676610055004e-07
63.2  0.00132240173919425  -8.499761696813615e-07
63.25  0.001322418219623566  -8.534816472004084e-07
63.300000000000004  0.0013224347514593344  -8.570224909133697e-07
63.35  0.0013224513212693508  -8.606350754915325e-07
63.400000000000006  0.0013224679124770817  -8.643507142187855e-07
63.45  0.0013224845072319143  -8.681930372387604e-07
63.5  0.0013225010883291827  -8.721760950574416e-07
63.550000000000004  0.0013225176409686669  -8.763033090653871e-07
63.6  0.0013225341541971262  -8.805674034021273e-07
63.650000000000006  0.0013225506218867277  -8.849513095414907e-07
63.7  0.0013225670431588543  -8.894299017280513e-07
63.75  0.0013225834222252261  -8.939724337304021e-07
63.800000000000004  0.0013225997676957488  -8.985453574624673e-07
63.85  0.0013226160914034338  -9.031152838551767e-07
63.900000000000006  0.001322632406915302  -9.076517463621437e-07
63.95  0.001322648727843411  -9.121295020212425e-07
64.0  0.0013226650661786843  -9.165301603947544e-07
64.05  0.0013226814307719568  -9.208429828718324e-07
64.10000000000001  0.0013226978261462155  -9.250648116745095e-07
64.15  0.001322714251734285  -9.291991486326881e-07
64.2  0.001322730701621587  -9.332545434931078e-07
64.25  0.0013227471648129421  -9.372424611439438e-07
64.3  0.0013227636260122297  -9.411748825506779e-07
64.35000000000001  0.001322780066811443  -9.45061904094398e-07
64.4  0.0013227964672032542  -9.489096198852381e-07
64.45  0.0013228128072444367  -9.527185067168247e-07
64.5  0.001322829068724123  -9.564825229882359e-07
64.55  0.0013228452366659132  -9.601889819077503e-07
64.60000000000001  0.0013228613004986085  -9.638192837075916e-07
64.65  0.001322877254794161  -9.673503850054534e-07
64.7  0.0013228930995159644  -9.707568929193111e-07
64.75  0.0013229088397110553  -9.740135478463786e-07
64.8  0.001322924484736394  -9.770978120042517e-07
64.85000000000001  0.0013229400470802196  -9.799923509625982e-07
64.9  0.0013229555409157595  -9.82687081213388e-07
64.95  0.0013229709805433149  -9.851806106147935e-07
65.0  0.0013229863788752647  -9.874809042009379e-07
65.05  0.001323001746138633  -9.896051126711929e-07
65.10000000000001  0.0013230170889207108  -9.91578567072389e-07
65.15  0.0013230324096491397  -9.934330517587546e-07
65.2  0.0013230477065711583  -9.95204515605785e-07
65.25  0.0013230629742188907  -9.969304297403761e-07
65.3  0.0013230782043219909  -9.986470942917715e-07
65.35000000000001  0.0013230933870459162  -1.000387090692098e-06
65.4  0.0013231085124528162  -1.0021771615881898e-06
65.45  0.0013231235719919803  -1.0040366804752593e-06
65.5  0.0013231385599025618  -1.0059768565303393e-06
65.55  0.0013231534743487253  -1.0080007295142556e-06
65.60000000000001  0.0013231683181857742  -1.0101039118089183e-06
65.65  0.0013231830992728962  -1.0122760125240307e-06
65.7  0.0013231978303166036  -1.0145025464564084e-06
65.75  0.001323212528248012  -1.0167671512233568e-06
65.8  0.0013232272131891072  -1.0190538424659657e-06
65.85000000000001  0.0013232419071327007  -1.0213490990169764e-06
65.9  0.0013232566324144135  -1.0236435390217208e-06
65.95  0.001323271410170737  -1.025933040262766e-06
66.0  0.001323286258884278  -1.0282191897781215e-06
66.05  0.0013233011931993485  -1.030509015763196e-06
66.10000000000001  0.0013233162230560447  -1.0328140496989463e-06
66.15  0.001323331353276063  -1.0351488615968022e-06
66.2  0.001323346583578633  -1.0375292008419582e-06
66.25  0.0013233619090256827  -1.0399699743904008e-06
66.3  0.0013233773208587737  -1.0424832711924134e-06
66.35000000000001  0.0013233928076195668  -1.045076651819631e-06
66.4  0.0013234083564418664  -1.0477518931220967e-06
66.45  0.0013234239543719435  -1.0505043387048574e-06
66.5  0.0013234395895849068  -1.05332290345787e-06
66.55  0.0013234552523609094  -1.056190774388838e-06
66.60000000000001  0.0013234709357099227  -1.0590867222921938e-06
66.65  0.0013234866355949907  -1.0619868704546138e-06
66.7  0.0013235023507228443  -1.0648667871276983e-06
66.75  0.0013235180819173753  -1.0677036343252795e-06
66.8  0.0013235338311566682  -1.0704781970217363e-06
66.85000000000001  0.0013235496003541085  -1.0731765653675595e-06
66.9  0.0013235653900332276  -1.0757912911080626e-06
66.95  0.0013235811980162023  -1.078321931413228e-06
67.0  0.0013235970183037111  -1.0807748941444933e-06
67.05  0.0013236128402326504  -1.083162624271176e-06
67.10000000000001  0.0013236286480658396  -1.085502184841841e-06
67.15  0.0013236444210401226  -1.0878134087447498e-06
67.2  0.001323660133956498  -1.090116773857109e-06
67.25  0.00132367575824789  -1.0924312085576395e-06
67.3  0.0013236912634791913  -1.094772064545637e-06
67.35000000000001  0.0013237066191761557  -1.0971494158185102e-06
67.4  0.0013237217968474623  -1.0995668791440602e-06
67.45  0.0013237367720171757  -1.1020210504069728e-06
67.5  0.0013237515261130197  -1.1045015903385271e-06
67.55  0.0013237660480675565  -1.1069920081005144e-06
67.60000000000001  0.0013237803354503087  -1.109470998058703e-06
67.65  0.0013237943950736657  -1.1119142557588103e-06
67.7  0.0013238082430003482  -1.114296574582143e-06
67.75  0.0013238219039344895  -1.1165940396837704e-06
67.8  0.0013238354100673995  -1.1187861267943425e-06
67.85000000000001  0.0013238487994338619  -1.1208575020540262e-06
67.9  0.0013238621139322303  -1.122799384448061e-06
67.95  0.0013238753971461783  -1.1246103576199396e-06
68.0  0.0013238886921365133  -1.1262965948834755e-06
68.05  0.0013239020393676273  -1.12787144583462e-06
68.10000000000001  0.0013239154748982394  -1.1293545281937985e-06
68.15  0.0013239290289651668  -1.1307703403584625e-06
68.2  0.0013239427250259948  -1.132146602152227e-06
68.25  0.0013239565792754829  -1.1335124438653947e-06
68.3  0.001323970600649781  -1.134896642800338e-06
68.35000000000001  0.0013239847912503567  -1.1363260394670147e-06
68.4  0.0013239991470797882  -1.1378242594281942e-06
68.45  0.0013240136590202398  -1.1394108902789855e-06
68.5  0.0013240283138893883  -1.1411010810844424e-06
68.55  0.0013240430955103796  -1.1429056373129555e-06
68.60000000000001  0.001324057985648914  -1.1448314918328668e-06
68.65  0.0013240729647956157  -1.146882520789783e-06
68.7  0.0013240880127059745  -1.1490605208139314e-06
68.75  0.001324103108727551  -1.1513662624573371e-06
68.8  0.0013241182319218  -1.153800429047852e-06
68.85000000000001  0.001324133361046009  -1.156364340864106e-06
68.9  0.001324148474446348  -1.1590603513934048e-06
68.95  0.001324163549974572  -1.1618918787617734e-06
69.0  0.0013241785649766968  -1.164863016670176e-06
69.05  0.0013241934964388115  -1.1679777989175152e-06
69.10000000000001  0.001324208321336845  -1.171239161313264e-06
69.15  0.0013242230172184235  -1.174647717690951e-06
69.2  0.001324237562997111  -1.178200480081112e-06
69.25  0.0013242519399329026  -1.1818896815462632e-06
69.3  0.0013242661327434806  -1.1857018379378198e-06
69.35000000000001  0.0013242801307536542  -1.189617137398115e-06
69.4  0.0013242939289787171  -1.1936093368878319e-06
69.45  0.0013243075290543167  -1.1976461212878566e-06
69.5  0.0013243209399015931  -1.2016900241335797e-06
69.55  0.0013243341780435902  -1.2056998296338045e-06
69.60000000000001  0.0013243472675101104  -1.2096323777791105e-06
69.65  0.0013243602393158073  -1.2134446665864468e-06
69.7  0.0013243731304904982  -1.217096105424263e-06
69.75  0.001324385982704253  -1.2205507488553943e-06
69.8  0.001324398840567697  -1.2237793410817526e-06
69.85000000000001  0.0013244117496924819  -1.2267610478335902e-06
69.9  0.0013244247546152755  -1.2294847366381423e-06
69.95  0.0013244378967170564  -1.2319497150116866e-06
70.0  0.0013244512122464842  -1.2341658961513308e-06
70.05  0.0013244647305779053  -1.2361533829888726e-06
70.10000000000001  0.0013244784727831037  -1.2379415447099978e-06
70.15  0.0013244924505806405  -1.2395676348578386e-06
70.2  0.001324506665702092  -1.2410751119647408e-06
70.25  0.0013245211096682336  -1.2425117410885637e-06
70.3  0.0013245357640081854  -1.2439276148997706e-06
70.35000000000001  0.0013245506008850074  -1.2453732218906544e-06
70.4  0.001324565584088213  -1.246897658874961e-06
70.45  0.0013245806703302801  -1.2485471101055098e-06
70.5  0.0013245958107793083  -1.2503636051320634e-06
70.55  0.0013246109527444332  -1.2523841334453022e-06
70.60000000000001  0.0013246260414796359  -1.2546400810576133e-06
70.65  0.0013246410220048048  -1.257156997474542e-06
70.7  0.0013246558409551338  -1.2599545979594725e-06
70.75  0.0013246704483587074  -1.263046996964742e-06
70.8  0.0013246847993146594  -1.2664430508972776e-06
70.85000000000001  0.0013246988555483512  -1.2701467828812527e-06
70.9  0.0013247125867476657  -1.274157817823915e-06
70.95  0.0013247259716536518  -1.2784717638362857e-06
71.0  0.001324738998859469  -1.2830805345771974e-06
71.05  0.001324751667265265  -1.2879725615023508e-06
71.10000000000001  0.0013247639861392155  -1.2931329316953578e-06
71.15  0.0013247759747915836  -1.2985434351352708e-06
71.2  0.0013247876618530173  -1.3041825676392152e-06
71.25  0.0013247990841753628  -1.3100255231208611e-06
71.3  0.0013248102854125053  -1.3160442028012625e-06
71.35000000000001  0.0013248213143419452  -1.3222073161790878e-06
71.4  0.0013248322230185487  -1.3284805660935227e-06
71.45  0.001324843064845831  -1.334826992449101e-06
71.5  0.0013248538927055045  -1.3412074776827931e-06
71.55  0.0013248647571922844  -1.3475813989012033e-06
71.60000000000001  0.0013248757050948676  -1.353907480167128e-06
71.65  0.0013248867781738552  -1.360144754154356e-06
71.7  0.0013248980122823075  -1.3662536691441077e-06
71.75  0.001324909436869754  -1.3721972696467168e-06
71.8  0.001324921074835931  -1.3779424291057805e-06
71.85000000000001  0.0013249329427328566  -1.3834610597663038e-06
71.9  0.001324945051209502  -1.3887312834003247e-06
71.95  0.0013249574056685112  -1.3937384787680775e-06
72.0  0.0013249700069959572  -1.3984761958616082e-06
72.05  0.0013249828522720942  -1.4029468523235004e-06
72.10000000000001  0.0013249959353994947  -1.4071621856755158e-06
72.15  0.0013250092475346129  -1.4111434286758276e-06
72.2  0.001325022777266854  -1.4149211819960636e-06
72.25  0.0013250365105459193  -1.4185349487601945e-06
72.3  0.0013250504303458691  -1.4220323229900429e-06
72.35000000000001  0.0013250645161192315  -1.425467854671448e-06
72.4  0.0013250787431170871  -1.4289016035033773e-06
72.45  0.0013250930816968115  -1.4323974032283762e-06
72.5  0.00132510749672219  -1.4360209264495426e-06
72.55  0.0013251219472125947  -1.4398375769411782e-06
72.60000000000001  0.00132513638635013  -1.4439103086208611e-06
72.65  0.0013251507619635953  -1.4482974531139286e-06
72.7  0.0013251650175199262  -1.4530506588632816e-06
72.75  0.0013251790936741992  -1.4582130232812778e-06
72.8  0.0013251929303028992  -1.4638175405604732e-06
72.85000000000001  0.0013252064689503774  -1.4698858914005295e-06
72.9  0.0013252196555172226  -1.476427707153261e-06
72.95  0.0013252324430155608  -1.4834402931957142e-06
73.0  0.0013252447942006147  -1.490908860085757e-06
73.05  0.001325256683829355  -1.498807229194355e-06
73.10000000000001  0.0013252681003912245  -1.5070989886042984e-06
73.15  0.0013252790471529122  -1.5157390178696878e-06
73.2  0.0013252895423881005  -1.5246752984700643e-06
73.25  0.0013252996188034554  -1.5338509015024298e-06
73.3  0.0013253093221599977  -1.5432060430755137e-06
73.35000000000001  0.0013253187091785822  -1.552680112525801e-06
73.4  0.001325327844934934  -1.5622135267741527e-06
73.45  0.0013253367998582897  -1.5717493787360554e-06
73.5  0.001325345646628667  -1.5812347899881894e-06
73.55  0.0013253544571595881  -1.5906219339583165e-06
73.60000000000001  0.0013253632998586418  -1.599868717187293e-06
73.65  0.0013253722373740167  -1.6089391406742468e-06
73.7  0.0013253813249157918  -1.6178033829298243e-06
73.75  0.0013253906092502352  -1.6264376515729827e-06
73.8  0.0013254001283348458  -1.6348238998296861e-06
73.85000000000001  0.001325409911591004  -1.6429494702741541e-06
73.9  0.001325419980647956  -1.6508067493416602e-06
73.95  0.0013254303504716602  -1.6583929227903093e-06
74.0  0.001325441030632236  -1.6657098480546634e-06
74.05  0.0013254520266105497  -1.6727641299652289e-06
74.10000000000001  0.0013254633408844943  -1.6795673326128364e-06
74.15  0.0013254749737061674  -1.686136364826749e-06
74.2  0.0013254869234236514  -1.6924939454982966e-06
74.25  0.0013254991863188965  -1.6986690906833132e-06
74.3  0.0013255117559289168  -1.704697498583355e-06
74.35000000000001  0.0013255246219611768  -1.7106217549579935e-06
74.4  0.0013255377688806596  -1.716491265619461e-06
74.45  0.0013255511743556878  -1.7223618031093988e-06
74.5  0.001325564807790276  -1.7282946418680813e-06
74.55  0.001325578629118735  -1.7343552622928714e-06
74.60000000000001  0.0013255925881284886  -1.7406116215988197e-06
74.65  0.00132560662443629  -1.7471320927740785e-06
74.7  0.001325620668280598  -1.7539831235926888e-06
74.75  0.0013256346421655692  -1.7612267802576305e-06
74.8  0.001325648463340092  -1.7689183064514705e-06
74.85000000000001  0.0013256620469963365  -1.7771038366305985e-06
74.9  0.0013256753099915495  -1.7858184338917548e-06
74.95  0.0013256881748447647  -1.7950845470446775e-06
75.0  0.001325700573717242  -1.804911016242152e-06
75.05  0.0013257124520638273  -1.8152926847308983e-06
75.10000000000001  0.0013257237716718293  -1.8262106045428307e-06
75.15  0.0013257345128307196  -1.8376328843993772e-06
75.2  0.0013257446754530112  -1.8495160606509745e-06
75.25  0.0013257542790573074  -1.8618069447816398e-06
75.3  0.0013257633616070754  -1.8744447843073832e-06
75.35000000000001  0.001325771977300019  -1.8873636615041262e-06
75.4  0.0013257801934756933  -1.9004949146465833e-06
75.45  0.0013257880868999625  -1.913769511091329e-06
75.5  0.001325795739689004  -1.9271201976773155e-06
75.55  0.0013258032352038264  -1.940483346115165e-06
75.60000000000001  0.0013258106541947953  -1.953800418119764e-06
75.65  0.0013258180714617765  -1.967019007201808e-06
75.7  0.0013258255532558388  -1.9800934564491272e-06
75.75  0.0013258331555525494  -1.99298505970029e-06
75.8  0.0013258409232455837  -2.005661948645005e-06
75.85000000000001  0.001325848890265184  -2.0180986848046924e-06
75.9  0.0013258570805097921  -2.0302757129704455e-06
75.95  0.0013258655094298371  -2.042178733608485e-06
76.0  0.0013258741860539796  -2.0537981272052922e-06
76.05  0.0013258831152000766  -2.06512850380394e-06
76.10000000000001  0.0013258922996507183  -2.0761684458521544e-06
76.15  0.0013259017419976352  -2.0869204965146167e-06
76.2  0.0013259114459796806  -2.0973913822160822e-06
76.25  0.001325921417167092  -2.107592460254791e-06
76.3  0.0013259316628421414  -2.1175403006435745e-06
76.35000000000001  0.0013259421911138633  -2.1272573390593384e-06
76.4  0.0013259530092988526  -2.1367724558515834e-06
76.45  0.0013259641217208535  -2.146121387607827e-06
76.5  0.0013259755271455757  -2.1553468310172436e-06
76.55  0.0013259872161299376  -2.164498150192349e-06
76.60000000000001  0.001325999168543677  -2.1736306321320804e-06
76.65  0.0013260113516345936  -2.182804249061432e-06
76.7  0.001326023718864997  -2.1920819692037045e-06
76.75  0.0013260362097666208  -2.2015276422319508e-06
76.80000000000001  0.0013260487509425553  -2.2112036071674857e-06
76.85000000000001  0.001326061258245481  -2.2211681301509195e-06
76.9  0.0013260736400652266  -2.2314728383879094e-06
76.95  0.0013260858015226888  -2.242160296270137e-06
77.0  0.0013260976492901334  -2.253261900254434e-06
77.05000000000001  0.0013261090966826456  -2.264796206383462e-06
77.10000000000001  0.0013261200686217325  -2.276767818097463e-06
77.15  0.0013261305060651607  -2.2891668909812233e-06
77.2  0.001326140369564785  -2.3019692729956505e-06
77.25  0.0013261496416364948  -2.3151373057391737e-06
77.30000000000001  0.0013261583277622301  -2.3286212157158127e-06
77.35000000000001  0.001326166455954742  -2.3423610083409636e-06
77.4  0.0013261740748984772  -2.3562887599332984e-06
77.45  0.0013261812508709601  -2.3703311965179302e-06
77.5  0.0013261880636614848  -2.3844123944032633e-06
77.55000000000001  0.0013261946018369795  -2.3984564685965637e-06
77.60000000000001  0.0013262009577272222  -2.4123901285370364e-06
77.65  0.0013262072225422306  -2.4261449544206795e-06
77.7  0.0013262134819326424  -2.4396593372042136e-06
77.75  0.0013262198123567674  -2.4528799677970984e-06
77.80000000000001  0.0013262262784431494  -2.4657628792675674e-06
77.85000000000001  0.0013262329315189866  -2.4782739972882767e-06
77.9  0.0013262398092979584  -2.4903892627436324e-06
77.95  0.0013262469366786757  -2.5020943203986432e-06
78.0  0.0013262543275049108  -2.5133839156098008e-06
78.05000000000001  0.0013262619870043004  -2.5242610343935955e-06
78.10000000000001  0.0013262699146687892  -2.534735909396355e-06
78.15  0.0013262781072112821  -2.544825002247556e-06
78.2  0.0013262865613175327  -2.5545500265552155e-06
78.25  0.0013262952758766144  -2.563937138045139e-06
78.30000000000001  0.0013263042534753288  -2.5730162653664042e-06
78.35000000000001  0.001326313500965219  -2.5818207005901504e-06
78.4  0.001326323029046838  -2.5903868557984946e-06
78.45  0.0013263328508560123  -2.598754197785853e-06
78.5  0.0013263429796994894  -2.6069652547054244e-06
78.55000000000001  0.0013263534261015542  -2.6150656591273063e-06
78.60000000000001  0.00132636419446415  -2.6231040863199584e-06
78.65  0.001326375279675016  -2.6311320212419297e-06
78.7  0.0013263866640149664  -2.6392032867558366e-06
78.75  0.0013263983147399417  -2.6473732736174635e-06
78.80000000000001  0.0013264101826450285  -2.6556978682931633e-06
78.85000000000001  0.0013264222018753002  -2.664232074257476e-06
78.9  0.0013264342911078995  -2.673028419791822e-06
78.95  0.0013264463561427947  -2.682135171830813e-06
79.0  0.0013264582937960955  -2.6915945226312988e-06
79.05000000000001  0.0013264699968281034  -2.701440800133509e-06
79.10000000000001  0.0013264813596121292  -2.711698877931731e-06
79.15  0.0013264922840607062  -2.722382834389114e-06
79.2  0.0013265026853809306  -2.7334949999599555e-06
79.25  0.0013265124971834892  -2.7450254338972453e-06
79.30000000000001  0.0013265216755208567  -2.756951885460237e-06
79.35000000000001  0.0013265302015304401  -2.769240245352597e-06
79.4  0.001326538082471844  -2.7818454830770903e-06
79.45  0.0013265453510634788  -2.794713029457608e-06
79.5  0.001326552063203069  -2.807780517493914e-06
79.55000000000001  0.0013265582942408962  -2.8209798266357923e-06
79.60000000000001  0.0013265641341427977  -2.8342393119032546e-06
79.65  0.001326569681920459  -2.847486119972884e-06
79.7  0.0013265750397858406  -2.8606484865992005e-06
79.75  0.0013265803074839824  -2.873657892003595e-06
79.80000000000001  0.0013265855772056582  -2.886451014794426e-06
79.85000000000001  0.0013265909294819809  -2.8989713726028897e-06
79.9  0.001326596430273537  -2.9111706236279377e-06
79.95  0.00132660212944612  -2.923009468591112e-06
80.0  0.0013266080606340932  -2.9344581542001345e-06
80.05000000000001  0.0013266142424300537  -2.9454966086468574e-06
80.10000000000001  0.0013266206806852544  -2.9561142078725735e-06
80.15  0.001326627371638194  -2.9663092889695153e-06
80.2  0.0013266343055386867  -2.9760884173972305e-06
80.25  0.0013266414703883983  -2.9854655628158916e-06
80.30000000000001  0.0013266488554115516  -2.994461218761078e-06
80.35000000000001  0.0013266564539333612  -3.00310154137146e-06
80.4  0.0013266642653698946  -3.0114176026671026e-06
80.45  0.001326672296127532  -3.0194447821326126e-06
80.5  0.0013266805593281522  -3.0272222823496007e-06
80.55000000000001  0.0013266890733291043  -3.034792794904227e-06
80.60000000000001  0.0013266978591804299  -3.0422022487760787e-06
80.65  0.001326706937212916  -3.0494995838628624e-06
80.7  0.001326716323087427  -3.0567364838116323e-06
80.75  0.001326726023662344  -3.063966990012024e-06
80.80000000000001  0.0013267360330798377  -3.0712469263875384e-06
80.85000000000001  0.0013267463295193861  -3.0786331119402608e-06
80.9  0.0013267568729628514  -3.0861823284341608e-06
80.95  0.0013267676043004929  -3.0939500254925385e-06
81.0  0.00132677844597042  -3.1019888410096542e-06
81.05000000000001  0.0013267893041872811  -3.1103469776374475e-06
81.10000000000001  0.001326800072712811  -3.1190665213915803e-06
81.15  0.0013268106379000638  -3.1281817967051054e-06
81.2  0.0013268208847255969  -3.13771786641286e-06
81.25  0.0013268307032870887  -3.147689259419724e-06
81.30000000000001  0.0013268399953403163  -3.158099022592493e-06
81.35000000000001  0.001326848680286873  -3.1689381510706166e-06
81.4  0.0013268567001782565  -3.180185467293738e-06
81.45  0.0013268640233101148  -3.1918079589096735e-06
81.5  0.0013268706461348864  -3.203761555899305e-06
81.55000000000001  0.001326876593323045  -3.2159923653067796e-06
81.60000000000001  0.0013268819160165003  -3.2284382720885194e-06
81.65  0.001326886688388984  -3.2410308753994237e-06
81.7  0.0013268910028345496  -3.2536976344442903e-06
81.75  0.0013268949641611879  -3.266364169768809e-06
81.80000000000001  0.0013268986832670774  -3.2789565854319646e-06
81.85000000000001  0.0013269022707919549  -3.2914037002572437e-06
81.9  0.001326905831203604  -3.30363912179007e-06
81.95  0.0013269094577717457  -3.315603036310277e-06
82.0  0.0013269132287570561  -3.3272436776383063e-06
82.05000000000001  0.0013269172050251418  -3.338518388013045e-06
82.10000000000001  0.0013269214292023898  -3.34939427964814e-06
82.15  0.0013269259263360182  -3.3598484880834837e-06
82.2  0.0013269307058752342  -3.369868045830231e-06
82.25  0.001326935764751541  -3.3794494145606563e-06
82.30000000000001  0.001326941091172689  -3.388597784207987e-06
82.35000000000001  0.0013269466687510258  -3.397326185373235e-06
82.4  0.0013269524805747642  -3.405654529662944e-06
82.45  0.0013269585127946644  -3.4136086594391095e-06
82.5  0.0013269647574103878  -3.421219480678403e-06
82.55000000000001  0.0013269712139758548  -3.428522224528793e-06
82.60000000000001  0.0013269778900682518  -3.4355558665761675e-06
82.65  0.0013269848004625732  -3.4423627167106015e-06
82.7  0.0013269919650469408  -3.4489881152251385e-06
82.75  0.0013269994056957994  -3.4554802114851327e-06
82.80000000000001  0.0013270071423628579  -3.4618897295994166e-06
82.85000000000001  0.0013270151887398627  -3.468269654769286e-06
82.9  0.0013270235479361024  -3.4746747784869395e-06
82.95  0.001327032208592461  -3.4811610170277845e-06
83.0  0.0013270411418843282  -3.4877845332265123e-06
83.05000000000001  0.00132705029974956  -3.494600571612343e-06
83.10000000000001  0.0013270596146453917  -3.501662107177183e-06
83.15  0.0013270690009475543  -3.5090183415505648e-06
83.2  0.0013270783580041912  -3.5167131023173875e-06
83.25  0.0013270875746803704  -3.5247832498348656e-06
83.30000000000001  0.001327096535091696  -3.533257199765075e-06
83.35000000000001  0.0013271051251041673  -3.542153632524604e-06
83.4  0.0013271132390899375  -3.551480484776065e-06
83.45  0.0013271207864049336  -3.561234297863678e-06
83.5  0.0013271276970540332  -3.5713999686498446e-06
83.55000000000001  0.0013271339261003642  -3.5819509084977818e-06
83.60000000000001  0.0013271394564272837  -3.592849628909181e-06
83.65  0.0013271442996694626  -3.6040487436473983e-06
83.7  0.001327148495219494  -3.6154923158720955e-06
83.75  0.001327152107448018  -3.627117519519477e-06
83.80000000000001  0.001327155221339066  -3.6388565090552305e-06
83.85000000000001  0.0013271579369424186  -3.650638472091827e-06
83.9  0.0013271603631034299  -3.6623917177095724e-06
83.95  0.001327162610943408  -3.6740457595114745e-06
84.0  0.0013271647876403909  -3.6855332787718523e-06
84.05000000000001  0.001327166990934652  -3.6967919021799796e-06
84.10000000000001  0.0013271693047659625  -3.7077657443486097e-06
84.15  0.0013271717963208552  -3.718406632231353e-06
84.2  0.0013271745146088195  -3.7286750122547934e-06
84.25  0.0013271774906128471  -3.738540499436749e-06
84.30000000000001  0.0013271807388710029  -3.747982095584452e-06
84.35000000000001  0.001327184260263329  -3.7569880863957397e-06
84.4  0.0013271880456796627  -3.7655556836974904e-06
84.45  0.0013271920801772308  -3.7736904454374696e-06
84.5  0.0013271963472052156  -3.78140556753356e-06
84.55000000000001  0.0013272008325079135  -3.788721112628281e-06
84.60000000000001  0.0013272055273116819  -3.795663241980664e-06
84.65  0.0013272104305156783  -3.8022634989953166e-06
84.7  0.0013272155496561935  -3.8085582178147472e-06
84.75  0.001327220900565048  -3.8145880252832927e-06
84.80000000000001  0.0013272265057087927  -3.820397439747427e-06
84.85000000000001  0.0013272323913562675  -3.8260345537981504e-06
84.9  0.0013272385838067106  -3.831550716183415e-06
84.95  0.0013272451050025899  -3.837000135878204e-06
85.0  0.0013272519679465933  -3.842439387061994e-06
85.05000000000001  0.0013272591723629923  -3.847926723667605e-06
85.10000000000001  0.0013272667010366473  -3.853521165294899e-06
85.15  0.0013272745172592856  -3.859281356141013e-06
85.2  0.0013272825636994729  -3.865264216162002e-06
85.25  0.0013272907629327184  -3.871523407653716e-06
85.30000000000001  0.0013272990196697967  -3.878107704912933e-06
85.35000000000001  0.0013273072246566893  -3.885059343288985e-06
85.4  0.0013273152599678475  -3.892412440974842e-06
85.45  0.0013273230053540833  -3.9001915963257595e-06
85.5  0.0013273303451608836  -3.908410754514986e-06
85.55000000000001  0.0013273371752500832  -3.917072407166942e-06
85.60000000000001  0.0013273434094146794  -3.926167156852395e-06
85.65  0.001327348984722723  -3.935673742962186e-06
85.7  0.0013273538654003097  -3.9455594755469356e-06
85.75  0.0013273580449112135  -3.955781081864266e-06
85.80000000000001  0.0013273615460879878  -3.966285947887109e-06
85.85000000000001  0.0013273644193260536  -3.977013673978893e-06
85.9  0.0013273667390053963  -3.987897896464538e-06
85.95  0.0013273685984537828  -3.998868277856581e-06
86.0  0.00132737010387163  -4.009852606541163e-06
86.05000000000001  0.0013273713677154951  -4.020778898459706e-06
86.10000000000001  0.0013273725020673415  -4.031577402572304e-06
86.15  0.0013273736125106275  -4.042182486443924e-06
86.2  0.001327374792925997  -4.052534262842782e-06
86.25  0.0013273761215938712  -4.062579959102108e-06
86.30000000000001  0.0013273776588129404  -4.072274953335745e-06
86.35000000000001  0.0013273794461271591  -4.081583476678286e-06
86.4  0.0013273815071339098  -4.090478970211579e-06
86.45  0.0013273838496873067  -4.098944120951896e-06
86.5  0.0013273864692050004  -4.10697061126045e-06
86.55000000000001  0.0013273893527296172  -4.114558637259222e-06
86.60000000000001  0.0013273924833286706  -4.121716261461434e-06
86.65  0.0013273958443869693  -4.128458666276778e-06
86.7  0.001327399423408333  -4.1348074057820285e-06
86.75  0.0013274032149413837  -4.1407896837348775e-06
86.80000000000001  0.0013274072223785648  -4.146437749181207e-06
86.85000000000001  0.0013274114584392372  -4.151788397784321e-06
86.9  0.001327415944274303  -4.156882604251463e-06
86.95  0.0013274207072572555  -4.161765258145185e-06
87.0  0.0013274257776219951  -4.166484938835182e-06
87.05000000000001  0.0013274311842451335  -4.1710936731488525e-06
87.10000000000001  0.0013274369499351045  -4.175646582386624e-06
87.15  0.001327443086658577  -4.180201378430862e-06
87.2  0.001327449591177024  -4.1848176303981325e-06
87.25  0.0013274564415425728  -4.189555763830068e-06
87.30000000000001  0.0013274635948450416  -4.194475820479813e-06
87.35000000000001  0.0013274709865395283  -4.199635957337117e-06
87.4  0.00132747853151698  -4.2050908035941e-06
87.45  0.0013274861269498232  -4.210889693500664e-06
87.5  0.0013274936568066736  -4.217074928356966e-06
87.55000000000001  0.0013275009977103825  -4.223680132701491e-06
87.60000000000001  0.0013275080257598587  -4.2307288277231405e-06
87.65  0.0013275146237487604  -4.238233311080141e-06
87.7  0.0013275206882722686  -4.2461939047601545e-06
87.75  0.001327526136085967  -4.254598637023501e-06
87.80000000000001  0.0013275309092568234  -4.263423359661899e-06
87.85000000000001  0.0013275349786608223  -4.2726323323769326e-06
87.9  0.0013275383455538822  -4.282179229366033e-06
87.95  0.0013275410411219078  -4.292008506618511e-06
88.0  0.0013275431240395992  -4.302057117466004e-06
88.05000000000001  0.001327544676292345  -4.3122564413097244e-06
88.10000000000001  0.0013275457975939686  -4.322534383700122e-06
88.15  0.0013275465988855039  -4.332817537076568e-06
88.2  0.0013275471954306188  -4.343033306846507e-06
88.25  0.001327547700068486  -4.353111949268991e-06
88.30000000000001  0.0013275482171190944  -4.362988398829305e-06
88.35000000000001  0.0013275488373863035  -4.372603855223845e-06
88.4  0.0013275496345951572  -4.381907062689849e-06
88.45  0.0013275506634392738  -4.390855241312615e-06
88.5  0.0013275519593296575  -4.399414680628252e-06
88.55000000000001  0.0013275535397123078  -4.407560975649505e-06
88.60000000000001  0.001327555406777649  -4.415278934607092e-06
88.65  0.0013275575512243852  -4.42256223541005e-06
88.7  0.0013275599566743403  -4.429412834913195e-06
88.75  0.0013275626043115288  -4.4358402593632894e-06
88.80000000000001  0.0013275654772873118  -4.441860811995788e-06
88.85000000000001  0.0013275685645061455  -4.447496807338303e-06
88.9  0.0013275718634094117  -4.452775869041598e-06
88.95  0.0013275753815167697  -4.457730359463041e-06
89.0  0.0013275791365683154  -4.462396965672897e-06
89.05000000000001  0.0013275831552181227  -4.4668164067840355e-06
89.10000000000001  0.0013275874703841206  -4.471033277237985e-06
89.15  0.0013275921174494628  -4.475095910184404e-06
89.2  0.0013275971296279935  -4.479056225857678e-06
89.25  0.001327602532902824  -4.482969463509242e-06
89.30000000000001  0.0013276083409925678  -4.486893695407985e-06
89.35000000000001  0.001327614550810833  -4.490889127421543e-06
89.4  0.0013276211389117052  -4.495017066998724e-06
89.45  0.0013276280593135016  -4.499338627882068e-06
89.5  0.0013276352429896932  -4.503913157156438e-06
89.55000000000001  0.0013276425992319084  -4.508796482077847e-06
89.60000000000001  0.0013276500188605191  -4.5140390511801e-06
89.65  0.0013276573791495465  -4.519684081622107e-06
89.7  0.0013276645501334235  -4.525765832407488e-06
89.75  0.0013276714018476757  -4.532308106999024e-06
89.80000000000001  0.0013276778119600374  -4.5393230824724694e-06
89.85000000000001  0.0013276836731715164  -4.546810551915646e-06
89.9  0.001327688899815254  -4.554757622036217e-06
89.95  0.0013276934331109768  -4.563138879788492e-06
90.0  0.0013276972446649837  -4.571917045093055e-06
90.05000000000001  0.001327700337920461  -4.581044056670993e-06
90.10000000000001  0.0013277027474806655  -4.5904625573702906e-06
90.15  0.0013277045363765528  -4.600107686971323e-06
90.2  0.0013277057915174746  -4.609909120775659e-06
90.25  0.001327706617717315  -4.619793250479278e-06
90.30000000000001  0.0013277071308042837  -4.629685410055778e-06
90.35000000000001  0.0013277074503719312  -4.639512064433249e-06
90.4  0.0013277076927198758  -4.649202854374265e-06
90.45  0.0013277079645553354  -4.658692450630955e-06
90.5  0.001327708357859436  -4.667922102732035e-06
90.55000000000001  0.0013277089462853124  -4.6768408966741315e-06
90.60000000000001  0.001327709783301797  -4.685406636115012e-06
90.65  0.0013277109020635534  -4.69358635722878e-06
90.7  0.0013277123169719066  -4.701356504518582e-06
90.75  0.001327714026654894  -4.708702767269911e-06
90.80000000000001  0.0013277160180334947  -4.715619641290072e-06
90.85000000000001  0.0013277182710442034  -4.722109788898323e-06
90.9  0.0013277207635801341  -4.728183249623767e-06
90.95  0.0013277234761554628  -4.73385661663064e-06
91.0  0.0013277263958902552  -4.739152219376233e-06
91.05000000000001  0.0013277295194355164  -4.744097424859406e-06
91.10000000000001  0.0013277328545945142  -4.748724070014398e-06
91.15  0.0013277364204535194  -4.753068063763528e-06
91.2  0.0013277402460093526  -4.757169167579666e-06
91.25  0.0013277443673904265  -4.761070891189339e-06
91.30000000000001  0.0013277488238491756  -4.764820449814082e-06
91.35000000000001  0.0013277536529130367  -4.768468707518048e-06
91.4  0.0013277588850423108  -4.772069993466536e-06
91.45  0.0013277645383104573  -4.775681719942589e-06
91.5  0.001327770613592307  -4.779363737969868e-06
91.55000000000001  0.0013277770907352184  -4.783177374191464e-06
91.60000000000001  0.0013277839261429066  -4.787184151301758e-06
91.65  0.0013277910520992438  -4.791444225396677e-06
91.7  0.0013277983779957155  -4.7960145966986865e-06
91.75  0.0013278057934955462  -4.800947193550056e-06
91.80000000000001  0.0013278131734913918  -4.806286948993532e-06
91.85000000000001  0.0013278203845214337  -4.812069969022527e-06
91.9  0.0013278272921965074  -4.818321937360417e-06
91.95  0.001327833769065642  -4.825056848498208e-06
92.0  0.0013278397023237  -4.832276147701681e-06
92.05000000000001  0.001327845000730485  -4.8399683336606235e-06
92.10000000000001  0.001327849600180957  -4.848109090038223e-06
92.15  0.0013278534675032717  -4.856661866616983e-06
92.2  0.0013278566021823095  -4.8655789650766746e-06
92.25  0.0013278590358642341  -4.874803007918495e-06
92.30000000000001  0.0013278608297523239  -4.884268773847392e-06
92.35000000000001  0.0013278620700868861  -4.8939052628893445e-06
92.4  0.0013278628621372678  -4.9036379318049324e-06
92.45  0.0013278633231840202  -4.9133909788920014e-06
92.5  0.0013278635750824238  -4.923089604626446e-06
92.55000000000001  0.0013278637369537995  -4.93266212348931e-06
92.60000000000001  0.0013278639186277475  -4.942041867631616e-06
92.65  0.0013278642152440697  -4.951168810598747e-06
92.7  0.0013278647033921234  -4.9599908396806124e-06
92.75  0.0013278654390167228  -4.968464695217904e-06
92.80000000000001  0.001327866457142096  -4.976556493376189e-06
92.85000000000001  0.0013278677733176757  -4.984241896448596e-06
92.9  0.0013278693865625617  -4.9915059467951816e-06
92.95  0.001327871283468405  -4.998342605144648e-06
93.0  0.0013278734430237555  -5.0047540662920146e-06
93.05000000000001  0.0013278758417120382  -5.01074993139916e-06
93.10000000000001  0.0013278784583794587  -5.016346328435162e-06
93.15  0.001327881278444184  -5.021565056553216e-06
93.2  0.0013278842970636364  -5.0264328241899974e-06
93.25  0.001327887520990597  -5.030980659333629e-06
93.30000000000001  0.0013278909688943354  -5.035243505972895e-06
93.35000000000001  0.0013278946701583676  -5.03925999956298e-06
93.4  0.0013278986621905  -5.043072408046287e-06
93.45  0.0013279029864687849  -5.046726642746386e-06
93.5  0.001327907683632871  -5.050272290001352e-06
93.55000000000001  0.0013279127880274151  -5.053762523047072e-06
93.60000000000001  0.0013279183221760042  -5.057253832426258e-06
93.65  0.0013279242917054617  -5.0608054787292705e-06
93.7  0.0013279306811935184  -5.064478633279323e-06
93.75  0.0013279374514069363  -5.06833514948824e-06
93.80000000000001  0.0013279445382655044  -5.072436067388641e-06
93.85000000000001  0.0013279518537437503  -5.076839804876482e-06
93.9  0.0013279592887659908  -5.081600226070548e-06
93.95  0.0013279667179828974  -5.08676465606065e-06
94.0  0.0013279740061001022  -5.092371961545384e-06
94.05000000000001  0.0013279810153483914  -5.098450834037133e-06
94.10000000000001  0.0013279876135006544  -5.105018393512773e-06
94.15  0.0013279936818470267  -5.112079192760789e-06
94.2  0.001327999122456887  -5.119624701067286e-06
94.25  0.001328003864176758  -5.127633286172804e-06
94.30000000000001  0.001328007866867013  -5.136070710175114e-06
94.35000000000001  0.0013280111235615232  -5.14489110914828e-06
94.4  0.0013280136603629343  -5.154038410736341e-06
94.45  0.0013280155341540757  -5.163448120193708e-06
94.5  0.0013280168282990311  -5.173049383464141e-06
94.55000000000001  0.0013280176467196834  -5.1827672381606505e-06
94.60000000000001  0.0013280181068741946  -5.192524942819899e-06
94.65  0.0013280183321649035  -5.202246289447003e-06
94.7  0.0013280184444150393  -5.211857800573277e-06
94.75  0.001328018556986702  -5.2212907199494394e-06
94.80000000000001  0.0013280187690176194  -5.230482738372119e-06
94.85000000000001  0.001328019161201064  -5.239379379233847e-06
94.9  0.001328019793319554  -5.247935006469926e-06
94.95  0.0013280207036577003  -5.256113451922151e-06
95.0  0.0013280219102071666  -5.2638882620957474e-06
95.05000000000001  0.0013280234134451052  -5.271242580744931e-06
95.10000000000001  0.0013280252003965356  -5.278168710466983e-06
95.15  0.001328027249492212  -5.284667437624848e-06
95.2  0.001328029535797994  -5.290747197030836e-06
95.25  0.0013280320361202065  -5.2964231339065054e-06
95.30000000000001  0.0013280347334779776  -5.301716199795849e-06
95.35000000000001  0.0013280376206107791  -5.30665231051968e-06
95.4  0.0013280407021512611  -5.311261686525453e-06
95.45  0.0013280439952947777  -5.315578371717258e-06
95.5  0.0013280475288827125  -5.319639974414657e-06
95.55000000000001  0.0013280513409409784  -5.3234875675539335e-06
95.60000000000001  0.001328055474877489  -5.3271657396343226e-06
95.65  0.0013280599746073902  -5.330722662936875e-06
95.7  0.0013280648790407988  -5.3342100998941475e-06
95.75  0.001328070216367727  -5.337683258141695e-06
95.80000000000001  0.0013280759986873582  -5.341200378437979e-06
95.85000000000001  0.0013280822174472158  -5.344822011881531e-06
95.9  0.0013280888402190032  -5.348609934436362e-06
95.95  0.0013280958091364625  -5.352625731753547e-06
96.0  0.0013281030412941762  -5.3569290823447845e-06
96.05000000000001  0.0013281104311706825  -5.361575835945392e-06
96.10000000000001  0.0013281178550255883  -5.366615992002878e-06
96.15  0.0013281251769779734  -5.372091720056587e-06
96.2  0.0013281322563931052  -5.378035503446647e-06
96.25  0.0013281389559862637  -5.384468605404468e-06
96.30000000000001  0.0013281451500471867  -5.3913998960204755e-06
96.35000000000001  0.0013281507321284435  -5.3988251392412135e-06
96.4  0.0013281556215784436  -5.406726795597564e-06
96.45  0.001328159768395567  -5.41507433469003e-06
96.5  0.001328163156042919  -5.4238250628624914e-06
96.55000000000001  0.001328165801968022  -5.43292542928126e-06
96.60000000000001  0.0013281677558547012  -5.442312704372738e-06
96.65  0.0013281690957573837  -5.451917006828394e-06
96.7  0.001328169922453931  -5.461663523100837e-06
96.75  0.0013281703525089288  -5.471474884026582e-06
96.80000000000001  0.001328170510603802  -5.481273511774858e-06
96.85000000000001  0.0013281705217798522  -5.490983928333913e-06
96.9  0.0013281705041557849  -5.500534845363607e-06
96.95  0.001328170562680473  -5.509861037951663e-06
97.0  0.0013281707843688542  -5.5189048559918215e-06
97.05000000000001  0.0013281712352722227  -5.527617388065547e-06
97.10000000000001  0.0013281719593747619  -5.535959222429223e-06
97.15  0.0013281729793420912  -5.54390081841335e-06
97.2  0.0013281742989956753  -5.551422480213155e-06
97.25  0.0013281759071418942  -5.558514010511255e-06
97.30000000000001  0.0013281777824060963  -5.5651740755015364e-06
97.35000000000001  0.0013281798985651696  -5.57140936500067e-06
97.4  0.0013281822298555138  -5.577233642652308e-06
97.45  0.0013281847558303777  -5.582666769036863e-06
97.5  0.0013281874652726492  -5.587733802177915e-06
97.55000000000001  0.0013281903588591392  -5.592464221517899e-06
97.60000000000001  0.0013281934503050743  -5.596891361012309e-06
97.65  0.0013281967659158264  -5.601052039657566e-06
97.7  0.0013282003425047156  -5.604986418600755e-06
97.75  0.0013282042238885634  -5.608737999986363e-06
97.80000000000001  0.0013282084561796036  -5.612353710348771e-06
97.85000000000001  0.0013282130822956466  -5.615883965820077e-06
97.9  0.0013282181361128922  -5.619382613822896e-06
97.95  0.001328223636793194  -5.622906651829183e-06
98.0  0.001328229583816384  -5.626515655037987e-06
98.05000000000001  0.0013282359531846802  -5.6302708488995814e-06
98.10000000000001  0.0013282426952538817  -5.634233828051018e-06
98.15  0.0013282497344758106  -5.638464967162404e-06
98.2  0.0013282569711959382  -5.6430215688620935e-06
98.25  0.0013282642855176763  -5.6479558729517635e-06
98.30000000000001  0.001328271542964705  -5.653313041122966e-06
98.35000000000001  0.0013282786016344792  -5.6591292431170575e-06
98.4  0.0013282853202853163  -5.665429990454559e-06
98.45  0.0013282915667421685  -5.67222879846235e-06
98.5  0.0013282972259581124  -5.679526288325499e-06
98.55000000000001  0.0013283022071127791  -5.687309774118779e-06
98.60000000000001  0.0013283064491500809  -5.6955533862065475e-06
98.65  0.0013283099243308776  -5.704218696201378e-06
98.7  0.0013283126395257018  -5.713255824640949e-06
98.75  0.001328314635152338  -5.722605006439909e-06
98.80000000000001  0.0013283159818984636  -5.73219847296478e-06
98.85000000000001  0.0013283167754903902  -5.7419626231918494e-06
98.9  0.0013283171299882152  -5.751820360650199e-06
98.95  0.0013283171701464313  -5.7616934679629184e-06
99.0  0.0013283170234506365  -5.7715049660105305e-06
99.05000000000001  0.0013283168125010777  -5.781181309877435e-06
99.10000000000001  0.001328316648242537  -5.790654374962837e-06
99.15  0.0013283166245982203  -5.799863132829441e-06
99.2  0.0013283168148059124  -5.8087549742263066e-06
99.25  0.0013283172696658314  -5.817286649070124e-06
99.30000000000001  0.0013283180177376423  -5.825424774067041e-06
99.35000000000001  0.0013283190673382237  -5.833145990423211e-06
99.4  0.0013283204100806509  -5.840436707593927e-06
99.45  0.0013283220255534797  -5.84729257794756e-06
99.5  0.00132832388666596  -5.853717697983617e-06
99.55000000000001  0.00132832596517612  -5.859723677782399e-06
99.60000000000001  0.0013283282368697874  -5.865328643424187e-06
99.65  0.0013283306859397472  -5.870556264692887e-06
99.7  0.0013283333081855451  -5.875434901426199e-06
99.75  0.001328336112736598  -5.8799969308537085e-06
99.80000000000001  0.0013283391221450545  -5.884278296306518e-06
99.85000000000001  0.0013283423708350707  -5.8883182616720165e-06
99.9  0.0013283459019712627  -5.89215935757842e-06
99.95  0.0013283497630516934  -5.895847447688531e-06
100.0  0.0013283540005040403  -5.899431816851772e-06
100.05000000000001  0.0013283586537737508  -5.902965178960964e-06
100.10000000000001  0.0013283637493973414  -5.906503499437314e-06
100.15  0.001328369295596384  -5.9101055405412885e-06
100.2  0.0013283752779002325  -5.913832086537445e-06
100.25  0.0013283816562882685  -5.917744789098373e-06
100.30000000000001  0.0013283883641768224  -5.921904678202021e-06
100.35000000000001  0.001328395309475807  -5.926370401712622e-06
100.4  0.0013284023777545436  -5.93119626384332e-06
100.45  0.001328409437389082  -5.9364301894441855e-06
100.5  0.0013284163463402432  -5.942111750060369e-06
100.55000000000001  0.0013284229601154326  -5.948270384325475e-06
100.60000000000001  0.0013284291402703087  -5.954923916667095e-06
100.65  0.0013284347628527197  -5.962077482714345e-06
100.7  0.0013284397260554213  -5.96972294597401e-06
100.75  0.0013284439564999343  -5.977838815880471e-06
100.80000000000001  0.0013284474136417642  -5.986390699830161e-06
100.85000000000001  0.0013284500919453304  -5.995332260126814e-06
100.9  0.0013284520206838632  -6.0046066296836524e-06
100.95  0.0013284532613995906  -6.014148199095181e-06
101.0  0.001328453903243533  -6.023884728105955e-06
101.05000000000001  0.00132845405662891  -6.03373962201263e-06
101.10000000000001  0.0013284538457261994  -6.043634350162089e-06
101.15  0.0013284534003714492  -6.053490818542389e-06
101.2  0.0013284528481026102  -6.063233657547032e-06
101.25  0.0013284523068615248  -6.072792303298143e-06
101.30000000000001  0.0013284518789424477  -6.0821028012425895e-06
101.35000000000001  0.0013284516465823597  -6.091109277144794e-06
101.4  0.001328451669432635  -6.099765009964851e-06
101.45  0.0013284519840369882  -6.108033117798763e-06
101.5  0.0013284526052040752  -6.115886819583918e-06
101.55000000000001  0.0013284535290897584  -6.123309334217985e-06
101.60000000000001  0.001328454737593964  -6.130293417427532e-06
101.65  0.001328456203625919  -6.136840661136417e-06
101.7  0.0013284578967522748  -6.142960569663629e-06
101.75  0.00132845978868443  -6.14866956213662e-06
101.80000000000001  0.0013284618581278912  -6.153989948557651e-06
101.85000000000001  0.0013284640945567597  -6.1589490151388575e-06
101.9  0.0013284665005943788  -6.163578253902879e-06
101.95  0.0013284690927848506  -6.167912811077549e-06
102.0  0.001328471900668511  -6.171991150831567e-06
102.05000000000001  0.0013284749642270802  -6.175854931800566e-06
102.10000000000001  0.0013284783298894932  -6.179549037268052e-06
102.15  0.0013284820454077001  -6.183121656688946e-06
102.2  0.0013284861540298221  -6.18662435252187e-06
102.25  0.0013284906884359036  -6.190111963395796e-06
102.30000000000001  0.0013284956650217515  -6.193642281992497e-06
102.35000000000001  0.0013285010790004639  -6.197275403923403e-06
102.4  0.0013285069008878245  -6.20107273072764e-06
102.45  0.0013285130747179574  -6.2050956161504266e-06
102.5  0.0013285195182819874  -6.209403698349239e-06
102.55000000000001  0.0013285261255001058  -6.214053002893028e-06
102.60000000000001  0.0013285327708536026  -6.219093927011909e-06
102.65  0.0013285393156098665  -6.224569210797732e-06
102.7  0.0013285456154178803  -6.230512079828817e-06
102.75  0.0013285515287097091  -6.236944616960349e-06
102.80000000000001  0.0013285569252598178  -6.2438765209841185e-06
102.85000000000001  0.0013285616942258372  -6.251304330166189e-06
102.9  0.0013285657510376195  -6.2592111407079945e-06
102.95  0.0013285690425645451  -6.267566865598745e-06
103.0  0.0013285715501703981  -6.276329010942777e-06
103.05000000000001  0.0013285732904081754  -6.285443933190743e-06
103.10000000000001  0.0013285743133419924  -6.294848520912392e-06
103.15  0.0013285746986518147  -6.304472209221431e-06
103.2  0.0013285745498704637  -6.314239235131916e-06
103.25  0.0013285739872260479  -6.324071039129266e-06
103.30000000000001  0.0013285731397063585  -6.333888684197163e-06
103.35000000000001  0.0013285721369787529  -6.343615225069365e-06
103.4  0.001328571101761939  -6.35317788385192e-06
103.45  0.001328570143259288  -6.3625099795120614e-06
103.5  0.0013285693520860547  -6.3715525447233246e-06
103.55000000000001  0.0013285687970017593  -6.380255550309595e-06
103.60000000000001  0.0013285685236350817  -6.38857873121602e-06
103.65  0.0013285685551510228  -6.3964919933896976e-06
103.7  0.0013285688946984861  -6.403975433536555e-06
103.75  0.0013285695293439345  -6.411018983826992e-06
103.80000000000001  0.0013285704350468417  -6.417621765215367e-06
103.85000000000001  0.0013285715821882782  -6.423791229344172e-06
103.9  0.0013285729411509715  -6.429542137282077e-06
103.95  0.0013285744874324194  -6.434895528499378e-06
104.0  0.0013285762058365324  -6.4398777379900485e-06
104.05000000000001  0.001328578093376857  -6.444519545068515e-06
104.10000000000001  0.0013285801606496026  -6.448855523468518e-06
104.15  0.0013285824315357872  -6.452923608966108e-06
104.2  0.00132858494123807  -6.456764898360966e-06
104.25  0.0013285877327974794  -6.460423600578133e-06
104.30000000000001  0.0013285908523809932  -6.463947113652326e-06
104.35000000000001  0.0013285943436956266  -6.467386076552365e-06
104.4  0.001328598242022025  -6.470794334776406e-06
104.45  0.0013286025683847302  -6.474228699520496e-06
104.5  0.0013286073243773226  -6.4777483998872685e-06
104.55000000000001  0.0013286124882024046  -6.481414220822811e-06
104.60000000000001  0.0013286180123195921  -6.485287275238079e-06
104.65  0.0013286238230290222  -6.489427437782799e-06
104.7  0.001328629822161211  -6.493891548673965e-06
104.75  0.0013286358908495906  -6.498731433309825e-06
104.80000000000001  0.0013286418951885801  -6.503991897314652e-06
104.85000000000001  0.0013286476933895954  -6.509708808808551e-06
104.9  0.0013286531439235469  -6.515907408405049e-06
104.95  0.0013286581140196287  -6.52260094078413e-06
105.0  0.001328662487841917  -6.529789736172201e-06
105.05000000000001  0.0013286661737224915  -6.537460748477493e-06
105.10000000000001  0.0013286691098138587  -6.545587660538774e-06
105.15  0.0013286712677683954  -6.554131474942023e-06
105.2  0.0013286726541226076  -6.563041624668025e-06
105.25  0.0013286733093137225  -6.5722575109656125e-06
105.30000000000001  0.001328673304432864  -6.5817104265586965e-06
105.35000000000001  0.0013286727360011241  -6.591325742113206e-06
105.4  0.0013286717192420275  -6.6010252592887605e-06
105.45  0.0013286703803845194  -6.610729660419317e-06
105.5  0.0013286688486218018  -6.620360903665935e-06
105.55000000000001  0.0013286672483885681  -6.6298444735612494e-06
105.60000000000001  0.001328665692507143  -6.639111414502531e-06
105.65  0.0013286642766968022  -6.648100064941299e-06
105.7  0.001328663075812737  -6.656757410477936e-06
105.75  0.0013286621420197852  -6.665040048244226e-06
105.80000000000001  0.0013286615049061213  -6.6729147283863454e-06
105.85000000000001  0.0013286611734335458  -6.68035849194339e-06
105.9  0.0013286611394486348  -6.687358425632611e-06
105.95  0.0013286613823457617  -6.693911094355232e-06
106.0  0.001328661874439867  -6.7000217298125025e-06
106.05000000000001  0.001328662586494701  -6.705703244790822e-06
106.10000000000001  0.0013286634929459223  -6.710975185715432e-06
106.15  0.0013286645763257367  -6.715862726166459e-06
106.2  0.0013286658304930343  -6.720395736313717e-06
106.25  0.0013286672624029123  -6.724608083203743e-06
106.30000000000001  0.0013286688922415381  -6.728537101513771e-06
106.35000000000001  0.0013286707518997466  -6.7322233197467714e-06
106.4  0.0013286728818936826  -6.735710356332251e-06
106.45  0.0013286753269682954  -6.739044946725125e-06
106.5  0.0013286781307637347  -6.742277003284579e-06
106.55000000000001  0.0013286813299399319  -6.745459600981138e-06
106.60000000000001  0.0013286849483380829  -6.748648778835665e-06
106.65  0.0013286889916675373  -6.751903088417677e-06
106.7  0.001328693443247562  -6.755282817607223e-06
106.75  0.0013286982612849565  -6.758848853109269e-06
106.80000000000001  0.0013287033779973549  -6.762661229624983e-06
106.85000000000001  0.001328708700814897  -6.766777383979193e-06
106.9  0.001328714115668401  -6.7712502409254544e-06
106.95  0.0013287194921980413  -6.7761262142400185e-06
107.0  0.0013287246905866754  -6.7814432843597144e-06
107.05000000000001  0.001328729569470537  -6.787229230584995e-06
107.10000000000001  0.001328733994361867  -6.7935002036541596e-06
107.15  0.0013287378459148056  -6.800259683008986e-06
107.2  0.0013287410273620595  -6.807497900106511e-06
107.25  0.0013287434705351996  -6.815191789246561e-06
107.30000000000001  0.0013287451399888678  -6.823305454857248e-06
107.35000000000001  0.0013287460348912641  -6.831791147514474e-06
107.4  0.0013287461885645733  -6.840590693766614e-06
107.45  0.0013287456657298442  -6.849637312416452e-06
107.5  0.0013287445577129893  -6.8588577371118e-06
107.55000000000001  0.0013287429760237876  -6.868174541196752e-06
107.60000000000001  0.001328741044860084  -6.87750855709907e-06
107.65  0.0013287388931308736  -6.8867812971465554e-06
107.7  0.0013287366466370708  -6.8959172467554725e-06
107.75  0.001328734421013657  -6.90484597146092e-06
107.80000000000001  0.0013287323159402922  -6.913503925153985e-06
107.85000000000001  0.0013287304109951008  -6.9218359137745164e-06
107.9  0.0013287287633951947  -6.9297961659573e-06
107.95  0.0013287274077061581  -6.937348987935492e-06
108.0  0.001328726357396863  -6.944468998672628e-06
108.05000000000001  0.0013287256080211371  -6.951140995891877e-06
108.10000000000001  0.0013287251416568735  -6.9573594524759575e-06
108.15  0.0013287249321299699  -6.9631277694742755e-06
108.2  0.0013287249505316563  -6.968457333656397e-06
108.25  0.001328725170519871  -6.973366489220552e-06
108.30000000000001  0.0013287255729229571  -6.977879494595774e-06
108.35000000000001  0.0013287261492333066  -6.982025581009745e-06
108.4  0.0013287269036886405  -6.985838184242433e-06
108.45  0.0013287278537462573  -6.989354366010057e-06
108.5  0.001328729028902537  -6.9926144541527504e-06
108.55000000000001  0.0013287304679203207  -6.995661887112701e-06
108.60000000000001  0.0013287322147025344  -6.9985431855281626e-06
108.65  0.001328734313122373  -7.0013079750652326e-06
108.7  0.0013287368012519433  -7.004008961900682e-06
108.75  0.001328739705495342  -7.0067017757514906e-06
108.80000000000001  0.001328743035157449  -7.009444534808581e-06
108.85000000000001  0.0013287467779683534  -7.012297152161743e-06
108.9  0.0013287508970596888  -7.015320261628821e-06
108.95  0.001328755329712657  -7.018573851403699e-06
109.0  0.001328759988173298  -7.02211559746506e-06
109.05000000000001  0.0013287647625422098  -7.025999003638949e-06
109.10000000000001  0.001328769525622955  -7.030271446817598e-06
109.15  0.001328774139468846  -7.034972254914003e-06
109.2  0.001328778463089241  -7.040130948428899e-06
109.25  0.001328782360806509  -7.045765753484505e-06
109.30000000000001  0.0013287857105450996  -7.051882498092178e-06
109.35000000000001  0.0013287884114448684  -7.058473951529931e-06
109.4  0.0013287903901578252  -7.065519676453347e-06
109.45  0.001328791605310796  -7.072986395573622e-06
109.5  0.0013287920498329052  -7.080828853629523e-06
109.55000000000001  0.0013287917509183325  -7.088991146680717e-06
109.60000000000001  0.0013287907676968343  -7.097408460618915e-06
109.65  0.0013287891868128071  -7.10600910970886e-06
109.7  0.0013287871163089023  -7.114716809763035e-06
109.75  0.001328784678318981  -7.123453070199677e-06
109.80000000000001  0.001328782001171422  -7.132139591907341e-06
109.85000000000001  0.0013287792115498245  -7.1407005773525215e-06
109.9  0.0013287764272952413  -7.149064866284567e-06
109.95  0.0013287737513716618  -7.157167796866177e-06
110.0  0.001328771267425354  -7.164952727456105e-06
110.05000000000001  0.0013287690371863367  -7.172372176480666e-06
110.10000000000001  0.001328767099799563  -7.179388565665599e-06
110.15  0.0013287654730578268  -7.185974536870411e-06
110.2  0.001328764156276824  -7.1921128894387315e-06
110.25  0.001328763134500505  -7.197796165216673e-06
110.30000000000001  0.0013287623835809145  -7.20302594982541e-06
110.35000000000001  0.001328761875633723  -7.207811990136222e-06
110.4  0.001328761584377502  -7.212171197186457e-06
110.45  0.0013287614898580984  -7.216126627234299e-06
110.5  0.001328761582131442  -7.219706546669302e-06
110.55000000000001  0.0013287618635941215  -7.222943653910092e-06
110.60000000000001  0.00132876234973548  -7.225874478718306e-06
110.65  0.0013287630682325218  -7.228539000861704e-06
110.7  0.0013287640564545104  -7.230980465985416e-06
110.75  0.0013287653575530128  -7.233245326326138e-06
110.80000000000001  0.0013287670154591379  -7.235383246032966e-06
110.85000000000001  0.0013287690692014513  -7.237447065043404e-06
110.9  0.0013287715470447587  -7.239492619292502e-06
110.95  0.001328774460966231  -7.241578328950329e-06
111.0  0.0013287778020183647  -7.243764500378569e-06
111.05000000000001  0.0013287815370537103  -7.246112286476048e-06
111.10000000000001  0.0013287856071927569  -7.248682326581042e-06
111.15  0.0013287899283014229  -7.251533106673175e-06
111.2  0.0013287943935607928  -7.254719109377672e-06
111.25  0.0013287988780341332  -7.2582888722073e-06
111.30000000000001  0.0013288032449481411  -7.262283059293519e-06
111.35000000000001  0.0013288073532629512  -7.266732695122369e-06
111.4  0.0013288110659419997  -7.271657649844947e-06
111.45  0.0013288142582933821  -7.277065503548093e-06
111.5  0.0013288168257110412  -7.282950853088597e-06
111.55000000000001  0.001328818690193871  -7.289295107190913e-06
111.60000000000001  0.0013288198051254797  -7.2960668076087675e-06
111.65  0.0013288201579254835  -7.303222443230239e-06
111.7  0.001328819770392846  -7.310707729075929e-06
111.75  0.0013288186967241446  -7.318459287988365e-06
111.80000000000001  0.0013288170194058536  -7.326406664477582e-06
111.85000000000001  0.0013288148433412976  -7.3344745590585075e-06
111.9  0.0013288122887056032  -7.342585194037676e-06
111.95  0.0013288094831259822  -7.350660691431187e-06
112.0  0.0013288065538104377  -7.358625394629482e-06
112.05000000000001  0.0013288036202305528  -7.366407992122478e-06
112.10000000000001  0.0013288007879011898  -7.373943399106744e-06
112.15  0.0013287981436702822  -7.3811743040272555e-06
112.2  0.0013287957528362784  -7.388052351279552e-06
112.25  0.0013287936581820705  -7.394538904864504e-06
112.30000000000001  0.0013287918809066273  -7.4006054181069945e-06
112.35000000000001  0.0013287904232648345  -7.406233413808196e-06
112.4  0.0013287892725652537  -7.411414109899828e-06
112.45  0.0013287884061290432  -7.416147763453164e-06
112.5  0.0013287877967190524  -7.420442816946258e-06
112.55000000000001  0.0013287874178949195  -7.4243149168501e-06
112.60000000000001  0.0013287872488436242  -7.42778592452897e-06
112.65  0.0013287872782575798  -7.430882981368471e-06
112.7  0.0013287875068768442  -7.43363773269667e-06
112.75  0.0013287879485008648  -7.436085731402542e-06
112.80000000000001  0.001328788629338938  -7.438266051315763e-06
112.85000000000001  0.0013287895857724235  -7.440221108048046e-06
112.9  0.0013287908606407495  -7.441996617170692e-06
112.95  0.0013287924984001908  -7.443641610091001e-06
113.0  0.0013287945395085673  -7.445208433053932e-06
113.05000000000001  0.0013287970145464025  -7.446752598429794e-06
113.10000000000001  0.0013287999386084473  -7.448332409155608e-06
113.15  0.0013288033064601749  -7.450008299514387e-06
113.2  0.0013288070890017526  -7.45184182635169e-06
113.25  0.001328811231411341  -7.4538943206130465e-06
113.30000000000001  0.0013288156532671345  -7.456225266907427e-06
113.35000000000001  0.0013288202507674817  -7.45889043585299e-06
113.4  0.0013288249009664266  -7.461939929776754e-06
113.45  0.001328829467803195  -7.465416196935433e-06
113.5  0.0013288338094991508  -7.4693522259816365e-06
113.55000000000001  0.0013288377867642569  -7.473769958720074e-06
113.60000000000001  0.0013288412712011595  -7.47867908470058e-06
113.65  0.0013288441532057285  -7.484076278051568e-06
113.7  0.0013288463487858538  -7.489944926855358e-06
113.75  0.0013288478046845726  -7.496255384685686e-06
113.80000000000001  0.0013288485014535394  -7.50296573591967e-06
113.85000000000001  0.001328848454227366  -7.510023035767481e-06
113.9  0.0013288477111559167  -7.517364947541116e-06
113.95  0.0013288463496738978  -7.52492175215612e-06
114.0  0.0013288444709084752  -7.532618560678571e-06
114.05000000000001  0.0013288421927257128  -7.5403776850233376e-06
114.10000000000001  0.0013288396419901026  -7.548121044600141e-06
114.15  0.001328836946645357  -7.555772486266704e-06
114.2  0.0013288342282532278  -7.56325996316789e-06
114.25  0.0013288315955258794  -7.5705174308166555e-06
114.30000000000001  0.0013288291393013668  -7.577486447107678e-06
114.35000000000001  0.0013288269293064152  -7.584117387427402e-06
114.4  0.0013288250128154018  -7.590370254801455e-06
114.45  0.0013288234152362326  -7.596215100818897e-06
114.5  0.001328822142429497  -7.601632033892112e-06
114.55000000000001  0.0013288211844743798  -7.606610884446389e-06
114.60000000000001  0.0013288205204741812  -7.61115057863423e-06
114.65  0.001328820123898926  -7.615258295216041e-06
114.7  0.0013288199679897653  -7.618948501574951e-06
114.75  0.0013288200307143708  -7.622241956743801e-06
114.80000000000001  0.0013288202988143935  -7.625164767191463e-06
114.85000000000001  0.0013288207706399816  -7.62774758201665e-06
114.9  0.0013288214574421768  -7.630024980654704e-06
114.95  0.0013288223830482363  -7.632035074274794e-06
115.0  0.0013288235819195774  -7.633819307675902e-06
115.05000000000001  0.0013288250957229895  -7.635422407975762e-06
115.10000000000001  0.0013288269686922353  -7.636892428178116e-06
115.15  0.0013288292421559122  -7.638280769312121e-06
115.2  0.00132883194869781  -7.63964207964481e-06
115.25  0.0013288351064712958  -7.641033939096505e-06
115.30000000000001  0.0013288387142000356  -7.642516265169265e-06
115.35000000000001  0.0013288427473711708  -7.644150363682453e-06
115.4  0.0013288471560334413  -7.645997663088453e-06
115.45  0.0013288518645284885  -7.648118116410064e-06
115.5  0.0013288567732971939  -7.650568379019085e-06
115.55000000000001  0.0013288617627163993  -7.653399846295874e-06
115.60000000000001  0.0013288666987897246  -7.65665667552427e-06
115.65  0.0013288714402787598  -7.660373917238688e-06
115.7  0.0013288758467780003  -7.664575866145893e-06
115.75  0.00132887978709078  -7.669274787671862e-06
115.80000000000001  0.0013288831472527897  -7.674470031894857e-06
115.85000000000001  0.001328885837568941  -7.680147684183277e-06
115.9  0.0013288877980969617  -7.686280692077458e-06
115.95  0.001328889002134036  -7.692829529811276e-06
116.0  0.0013288894574523522  -7.699743341937492e-06
116.05000000000001  0.0013288892051907702  -7.706961510545022e-06
116.10000000000001  0.0013288883165559514  -7.714415584603542e-06
116.15  0.001328886887587567  -7.72203146923449e-06
116.2  0.001328885032478786  -7.729731765627199e-06
116.25  0.0013288828759830955  -7.737438180175586e-06
116.30000000000001  0.0013288805455245111  -7.7450738742718e-06
116.35000000000001  0.0013288781636464097  -7.752565670888579e-06
116.4  0.0013288758413488534  -7.759846025428728e-06
116.45  0.0013288736727930222  -7.766854691510579e-06
116.5  0.0013288717317143795  -7.773540017677041e-06
116.55000000000001  0.0013288700697237786  -7.779859843940807e-06
116.60000000000001  0.0013288687165253148  -7.785781999940667e-06
116.65  0.0013288676819136044  -7.791284402483382e-06
116.7  0.001328866959263663  -7.79635477811771e-06
116.75  0.0013288665301456253  -7.800990105977863e-06
116.80000000000001  0.0013288663695712978  -7.805195799075139e-06
116.85000000000001  0.0013288664513808998  -7.808984755953096e-06
116.9  0.001328866753292348  -7.812376371281742e-06
116.95  0.0013288672611281576  -7.815395568117208e-06
117.0  0.001328867971850894  -7.818071964580601e-06
117.05000000000001  0.001328868895141813  -7.820439216659316e-06
117.10000000000001  0.0013288700533758764  -7.822534577043433e-06
117.15  0.00132887147995054  -7.824398664080506e-06
117.2  0.001328873216120813  -7.826075386785413e-06
117.25  0.0013288753065358273  -7.827611997332333e-06
117.30000000000001  0.0013288777938938552  -7.829059110518993e-06
117.35000000000001  0.0013288807131194061  -7.830470650514233e-06
117.4  0.0013288840855965574  -7.831903595271875e-06
117.45  0.0013288879139897024  -7.833417433432497e-06
117.5  0.001328892178158905  -7.835073299109819e-06
117.55000000000001  0.0013288968326205946  -7.836932747266791e-06
117.60000000000001  0.00132890180590097  -7.839056228128426e-06
117.65  0.0013289070019269038  -7.841501304103665e-06
117.7  0.0013289123035150558  -7.844320688662706e-06
117.75  0.0013289175777678724  -7.84756026304392e-06
117.80000000000001  0.0013289226829948674  -7.851257173395118e-06
117.85000000000001  0.0013289274767106117  -7.855438137927277e-06
117.9  0.001328931824072808  -7.860118073890559e-06
117.95  0.0013289356060820997  -7.865299150781207e-06
118.0  0.0013289387269261412  -7.870970312476408e-06
118.05000000000001  0.0013289411198629847  -7.877107313087554e-06
118.10000000000001  0.001328942751142596  -7.883673277767067e-06
118.15  0.001328943621725634  -7.89061972775e-06
118.2  0.001328943766619693  -7.89788806886604e-06
118.25  0.0013289432519718596  -7.905411440882882e-06
118.30000000000001  0.001328942170127025  -7.913116838631018e-06
118.35000000000001  0.0013289406331186608  -7.920927414307587e-06
118.4  0.0013289387651294212  -7.928764868401941e-06
118.45  0.0013289366945362167  -7.93655180889453e-06
118.5  0.0013289345461561866  -7.944213981914724e-06
118.55000000000001  0.001328932434291247  -7.951682295694951e-06
118.60000000000001  0.0013289304570865607  -7.958894562840437e-06
118.65  0.0013289286925316193  -7.965796883008117e-06
118.7  0.0013289271963886577  -7.972344637355083e-06
118.75  0.001328926002035248  -7.978503092754695e-06
118.80000000000001  0.0013289251221715245  -7.984247589717984e-06
118.85000000000001  0.001328924552101102  -7.989563375183765e-06
118.9  0.0013289242742324007  -7.994445103995211e-06
118.95  0.0013289242633226959  -7.998896091761395e-06
119.0  0.0013289244919832653  -8.002927397235187e-06
119.05000000000001  0.001328924935913849  -8.006556833674186e-06
119.10000000000001  0.0013289255784128741  -8.009807994035188e-06
119.15  0.0013289264137406676  -8.012709380255442e-06
119.2  0.001328927449061257  -8.01529369233759e-06
119.25  0.0013289287047698888  -8.017597333983845e-06
119.30000000000001  0.0013289302131513933  -8.01966012205441e-06
119.35000000000001  0.0013289320154716549  -8.02152517484305e-06
119.4  0.001328934157710267  -8.02323894453854e-06
119.45  0.001328936685280327  -8.024851238268163e-06
119.5  0.0013289396371773002  -8.026415207181958e-06
119.55000000000001  0.0013289430400441754  -8.027987126032901e-06
119.60000000000001  0.0013289469027152078  -8.029625951234748e-06
119.65  0.001328951211733242  -8.031392522934869e-06
119.7  0.0013289559283443035  -8.033348442029525e-06
119.75  0.0013289609873279964  -8.03555460518262e-06
119.80000000000001  0.001328966297872899  -8.038069470254236e-06
119.85000000000001  0.0013289717465811005  -8.040947140599305e-06
119.9  0.0013289772024614572  -8.044235371693943e-06
119.95  0.001328982523596008  -8.047973621285332e-06
120.0  0.0013289875650221797  -8.052191302519544e-06
120.05000000000001  0.001328992187224474  -8.056906316011706e-06
120.10000000000001  0.0013289962645978608  -8.06212399341946e-06
120.15  0.0013289996931735984  -8.067836505077502e-06
120.2  0.0013290023970300758  -8.074022766922304e-06
120.25  0.0013290043328485735  -8.080648863375184e-06
120.30000000000001  0.0013290054922591756  -8.087668989990187e-06
120.35000000000001  0.001329005901820272  -8.095026829198215e-06
120.4  0.0013290056206519425  -8.102657307230087e-06
120.45  0.0013290047359502642  -8.11048866524171e-06
120.5  0.0013290033567540636  -8.118444726781652e-06
120.55000000000001  0.001329001606526013  -8.12644726718608e-06
120.60000000000001  0.001328999615117342  -8.134418380145335e-06
120.65  0.0013289975107880561  -8.142282763006956e-06
120.7  0.0013289954128712748  -8.149969776129347e-06
120.75  0.0013289934256309937  -8.157415268141444e-06
120.80000000000001  0.0013289916337309803  -8.164563039382545e-06
120.85000000000001  0.0013289900995641863  -8.171365962757453e-06
120.9  0.0013289888625754934  -8.177786666371313e-06
120.95  0.0013289879404881984  -8.183797840992206e-06
121.0  0.0013289873322362743  -8.189382168067292e-06
121.05000000000001  0.0013289870222296801  -8.194531893573778e-06
121.10000000000001  0.0013289869855365878  -8.199248158986382e-06
121.15  0.0013289871934510135  -8.20354012145703e-06
121.2  0.0013289876189453954  -8.207423978667154e-06
121.25  0.0013289882415105112  -8.21092198198699e-06
121.30000000000001  0.001328989050952507  -8.214061534124895e-06
121.35000000000001  0.0013289900498121617  -8.216874429899817e-06
121.4  0.0013289912541802206  -8.219396301715034e-06
121.45  0.0013289926928421185  -8.22166625615928e-06
121.5  0.0013289944047791711  -8.22372673607726e-06
121.55000000000001  0.0013289964352267932  -8.225623481367714e-06
121.60000000000001  0.001328998830600408  -8.227405575674364e-06
121.65  0.0013290016327042594  -8.229125421333914e-06
121.7  0.001329004872705322  -8.23083859535789e-06
121.75  0.0013290085654339271  -8.232603445606796e-06
121.80000000000001  0.0013290127045324572  -8.234480385305295e-06
121.85000000000001  0.0013290172589485757  -8.236530846135069e-06
121.9  0.0013290221711859248  -8.238815913652218e-06
121.95  0.0013290273575806584  -8.24139464827042e-06
122.0  0.0013290327106962171  -8.244322216699527e-06
122.05000000000001  0.001329038103798751  -8.247647904220906e-06
122.10000000000001  0.0013290433971140533  -8.251413161187797e-06
122.15  0.0013290484454410085  -8.25564981739085e-06
122.2  0.001329053106568421  -8.260378521057006e-06
122.25  0.0013290572498490913  -8.265607595820475e-06
122.30000000000001  0.0013290607642287842  -8.2713323195289e-06
122.35000000000001  0.0013290635651045974  -8.277534728149457e-06
122.4  0.0013290655994753582  -8.28418389348844e-06
122.45  0.0013290668489486074  -8.291236752705554e-06
122.5  0.001329067330406536  -8.2986393622088e-06
122.55000000000001  0.0013290670942870705  -8.306328575052716e-06
122.60000000000001  0.0013290662206540604  -8.314234034528453e-06
122.65  0.0013290648133993856  -8.322280389839228e-06
122.7  0.0013290629930883357  -8.330389645625305e-06
122.75  0.0013290608890102083  -8.338483540870525e-06
122.80000000000001  0.0013290586311083406  -8.346485847792124e-06
122.85000000000001  0.001329056342370658  -8.354324502294307e-06
122.9  0.0013290541323023755  -8.36193349347471e-06
122.95  0.0013290520918770414  -8.369254434328899e-06
123.0  0.0013290502903110018  -8.376237761376494e-06
123.05000000000001  0.0013290487738130041  -8.382843554254689e-06
123.10000000000001  0.0013290475662838508  -8.3890419277315e-06
123.15  0.0013290466717820258  -8.39481307645675e-06
123.2  0.0013290460784672606  -8.400146933194874e-06
123.25  0.0013290457635645194  -8.40504256463938e-06
123.30000000000001  0.00132904569887529  -8.409507331786411e-06
123.35000000000001  0.0013290458563369012  -8.413555945974887e-06
123.4  0.0013290462130796273  -8.417209466227604e-06
123.45  0.001329046755561177  -8.420494368169208e-06
123.5  0.001329047482421335  -8.423441729375758e-06
123.55000000000001  0.0013290484057724068  -8.42608662530032e-06
123.60000000000001  0.001329049550829744  -8.428467692046544e-06
123.65  0.001329050953869494  -8.4306269407089e-06
123.7  0.001329052658688497  -8.432609686568e-06
123.75  0.00132905471181657  -8.43446457754048e-06
123.80000000000001  0.001329057156886694  -8.43624359330461e-06
123.85000000000001  0.0013290600286412439  -8.438001926539375e-06
123.9  0.0013290633470903074  -8.439797652159443e-06
123.95  0.001329067112374235  -8.441691101958412e-06
124.0  0.001329071300849527  -8.443743900686399e-06
124.05000000000001  0.0013290758628053336  -8.446017664287303e-06
124.10000000000001  0.0013290807221703438  -8.448572394106706e-06
124.15  0.001329085778310811  -8.45146463163463e-06
124.2  0.001329090909937465  -8.45474549839801e-06
124.25  0.001329095980893859  -8.458458700945424e-06
124.30000000000001  0.0013291008474276484  -8.46263868796741e-06
124.35000000000001  0.0013291053664399395  -8.46730901769789e-06
124.4  0.0013291094040511061  -8.472481108648183e-06
124.45  0.001329112843830926  -8.478153401758983e-06
124.5  0.0013291155940258292  -8.484311025370073e-06
124.55000000000001  0.001329117593191351  -8.490925979550085e-06
124.60000000000001  0.00132911881381959  -8.497957827883302e-06
124.65  0.0013291192636408758  -8.50535487159675e-06
124.7  0.0013291189845439533  -8.51305574121029e-06
124.75  0.0013291180492218666  -8.520991327961702e-06
124.80000000000001  0.0013291165558502885  -8.529086975860175e-06
124.85000000000001  0.0013291146212654746  -8.537264829724966e-06
124.9  0.0013291123731653566  -8.54544621405333e-06
124.95  0.0013291099420400757  -8.553553985669524e-06
125.0  0.0013291074533801541  -8.561514719024484e-06
125.05000000000001  0.0013291050208211752  -8.569260673099472e-06
125.10000000000001  0.0013291027406570478  -8.57673143337919e-06
125.15  0.0013291006881180983  -8.583875230382143e-06
125.2  0.0013290989155605114  -8.590649838453933e-06
125.25  0.001329097452650046  -8.597023066761553e-06
125.30000000000001  0.001329096308364626  -8.602972882772739e-06
125.35000000000001  0.0013290954745505995  -8.60848715348412e-06
125.4  0.0013290949306392665  -8.613563087409037e-06
125.45  0.001329094649032272  -8.618206422670465e-06
125.5  0.0013290946006843459  -8.622430492734898e-06
125.55000000000001  0.0013290947603035283  -8.626255209749785e-06
125.60000000000001  0.0013290951107747218  -8.629706088431337e-06
125.65  0.0013290956463619394  -8.632813377973001e-06
125.7  0.001329096374439627  -8.635611379908615e-06
125.75  0.0013290973155702613  -8.63813796890035e-06
125.80000000000001  0.0013290985019338934  -8.640434316407354e-06
125.85000000000001  0.001329099974185123  -8.642544791199027e-06
125.9  0.0013291017770117339  -8.644516972079871e-06
125.95  0.001329103953745735  -8.646401676910224e-06
126.0  0.0013291065404793649  -8.648252877167762e-06
126.05000000000001  0.0013291095602062913  -8.650127461397252e-06
126.10000000000001  0.0013291130175115459  -8.652084694417764e-06
126.15  0.0013291168943676101  -8.654185382150903e-06
126.2  0.0013291211474481743  -8.65649067173437e-06
126.25  0.0013291257073272098  -8.65906054044554e-06
126.30000000000001  0.0013291304797619623  -8.661952042986307e-06
126.35000000000001  0.0013291353490677083  -8.66521737641541e-06
126.4  0.001329140183404159  -8.668901903396671e-06
126.45  0.001329144841680615  -8.673042259752396e-06
126.5  0.0013291491815170112  -8.677664670646659e-06
126.55000000000001  0.0013291530677084179  -8.682783583263145e-06
126.60000000000001  0.0013291563804970256  -8.688400706008056e-06
126.65  0.001329159023008816  -8.69450452876269e-06
126.7  0.0013291609272413811  -8.701070359289098e-06
126.75  0.001329162058143811  -8.708060862139722e-06
126.80000000000001  0.0013291624154509354  -8.715427103259078e-06
126.85000000000001  0.0013291620331756131  -8.723110015667018e-06
126.9  0.0013291609767838919  -8.731042254426623e-06
126.95  0.0013291593383598426  -8.739150322915478e-06
127.0  0.0013291572301356478  -8.747356875918929e-06
127.05000000000001  0.0013291547769670802  -8.755583124744936e-06
127.10000000000001  0.0013291521083436118  -8.763751208596695e-06
127.15  0.0013291493505613878  -8.77178642683064e-06
127.2  0.001329146619685057  -8.779619306701508e-06
127.25  0.0013291440157689616  -8.787187337707097e-06
127.30000000000001  0.001329141618729442  -8.794436394533802e-06
127.35000000000001  0.0013291394861273639  -8.801321748914091e-06
127.4  0.0013291376528808772  -8.807808685330613e-06
127.45  0.0013291361328535655  -8.813872721504207e-06
127.5  0.0013291349220425535  -8.81949943783752e-06
127.55000000000001  0.0013291340030129818  -8.824683999586946e-06
127.60000000000001  0.0013291333501196862  -8.829430399336308e-06
127.65  0.0013291329350025756  -8.83375053394508e-06
127.7  0.0013291327318632402  -8.837663199555965e-06
127.75  0.001329132722025267  -8.84119308685379e-06
127.80000000000001  0.0013291328973909122  -8.844369867892104e-06
127.85000000000001  0.0013291332624817585  -8.847227442784311e-06
127.9  0.0013291338348716641  -8.849803386348884e-06
127.95  0.0013291346439603443  -8.8521386117325e-06
128.0  0.001329135728192759  -8.854277204580017e-06
128.05  0.0013291371308905412  -8.85626638803675e-06
128.1  0.0013291388950870241  -8.858156519520586e-06
128.15  0.0013291410577654992  -8.860001034399637e-06
128.20000000000002  0.0013291436440111002  -8.861856232157315e-06
128.25  0.0013291466616166367  -8.86378079794053e-06
128.3  0.0013291500966664805  -8.865835038013282e-06
128.35  0.0013291539105616786  -8.868079779977313e-06
128.4  0.0013291580388577313  -8.870574939044956e-06
128.45000000000002  0.001329162392138479  -8.87337784427275e-06
128.5  0.00132916685898639  -8.876541361305178e-06
128.55  0.001329171310904599  -8.880111948541538e-06
128.6  0.0013291756089015274  -8.884127774990693e-06
128.65  0.0013291796112516433  -8.888616995544256e-06
128.70000000000002  0.0013291831818735339  -8.893596342232591e-06
128.75  0.001329186198618166  -8.899070077047176e-06
128.8  0.0013291885608630578  -8.905029415384757e-06
128.85  0.001329190195768627  -8.91145243888075e-06
128.9  0.0013291910626976285  -8.91830452839676e-06
128.95000000000002  0.0013291911554632805  -8.925539273199894e-06
129.0  0.0013291905022281233  -8.933099849280784e-06
129.05  0.0013291891630900156  -8.94092074577523e-06
129.1  0.0013291872256055988  -8.948929850574735e-06
129.15  0.0013291847985942267  -8.957050668979079e-06
129.20000000000002  0.0013291820047831781  -8.965204716398557e-06
129.25  0.0013291789728897933  -8.973313873117611e-06
129.3  0.00132917582975419  -8.981302671818951e-06
129.35  0.0013291726931414119  -8.989100381787997e-06
129.4  0.001329169665728101  -8.996642838053018e-06
129.45000000000002  0.0013291668306961634  -9.003873922123194e-06
129.5  0.001329164249164431  -9.010746695430473e-06
129.55  0.0013291619595838587  -9.017224105871608e-06
129.6  0.00132915997900231  -9.023279303626707e-06
129.65  0.001329158306006818  -9.028895571125514e-06
129.70000000000002  0.0013291569249573047  -9.03406590668245e-06
129.75  0.001329155811104224  -9.038792351353099e-06
129.8  0.001329154936070821  -9.043085087548364e-06
129.85  0.001329154273200132  -9.046961454303726e-06
129.9  0.001329153802274889  -9.050444937650881e-06
129.95000000000002  0.0013291535131941291  -9.053564242073498e-06
130.0  0.001329153408279968  -9.056352480253551e-06
130.05  0.0013291535029918851  -9.058846589141611e-06
130.1  0.0013291538250125785  -9.06108692232913e-06
130.15  0.0013291544116986733  -9.063117054776697e-06
130.20000000000002  0.0013291553061536166  -9.064983700505852e-06
130.25  0.001329156552191767  -9.066736708445073e-06
130.3  0.0013291581886375782  -9.068429004319145e-06
130.35  0.0013291602434512377  -9.070116392791367e-06
130.4  0.001329162728189255  -9.071857143727775e-06
130.45000000000002  0.0013291656333666614  -9.0737112709709e-06
130.5  0.0013291689251814561  -9.075739497721187e-06
130.55  0.0013291725439960433  -9.078001886433213e-06
130.6  0.0013291764048235192  -9.080556209037122e-06
130.65  0.001329180399920838  -9.083456109859958e-06
130.70000000000002  0.0013291844033775676  -9.086749183528637e-06
130.75  0.0013291882774283763  -9.090475071797883e-06
130.8  0.0013291918800641448  -9.094663733921087e-06
130.85  0.0013291950733318166  -9.099333952930998e-06
130.9  0.001329197731738363  -9.104492246882917e-06
130.95000000000002  0.0013291997500142674  -9.11013220370187e-06
131.0  0.0013292010496929318  -9.116234310346826e-06
131.05  0.0013292015839117995  -9.122766286592636e-06
131.1  0.0013292013400953333  -9.129683913990626e-06
131.15  0.0013292003403019483  -9.136932332175413e-06
131.20000000000002  0.0013291986392383144  -9.144447704304503e-06
131.25  0.0013291963201316121  -9.152159209558416e-06
131.3  0.0013291934888171278  -9.159991270070705e-06
131.35  0.0013291902665297597  -9.167865881170504e-06
131.4  0.0013291867820363298  -9.175704979950006e-06
131.45000000000002  0.0013291831636796  -9.183432729052633e-06
131.5  0.0013291795319870128  -9.190977630707249e-06
131.55  0.0013291759933725597  -9.198274399522394e-06
131.6  0.001329172635378456  -9.20526550718967e-06
131.65  0.0013291695237173623  -9.21190236846431e-06
131.70000000000002  0.001329166701283586  -9.21814611779437e-06
131.75  0.0013291641890647633  -9.22396801943592e-06
131.8  0.00132916198877677  -9.229349447186061e-06
131.85  0.0013291600868902392  -9.234281556564305e-06
131.9  0.0013291584596272375  -9.238764650758898e-06
131.95000000000002  0.0013291570784212457  -9.242807329278425e-06
132.0  0.0013291559153525828  -9.246425541866257e-06
132.05  0.0013291549480507533  -9.249641574401914e-06
132.1  0.0013291541636306977  -9.252483110443644e-06
132.15  0.001329153561309514  -9.25498241435038e-06
132.20000000000002  0.0013291531534736852  -9.257175708290944e-06
132.25  0.00132915296510807  -9.259102725311832e-06
132.3  0.001329153031571884  -9.26080647449827e-06
132.35  0.0013291533949512224  -9.262333142822472e-06
132.4  0.0013291540992117806  -9.263732064539003e-06
132.45000000000002  0.0013291551846167154  -9.265055668258686e-06
132.5  0.0013291566818483132  -9.266359298831534e-06
132.55  0.001329158606369782  -9.267700848263082e-06
132.6  0.0013291609535623608  -9.26914007541807e-06
132.65  0.0013291636951566624  -9.270737629639143e-06
132.70000000000002  0.001329166777324486  -9.272553746853224e-06
132.75  0.0013291701207476256  -9.274646657703059e-06
132.8  0.0013291736227717928  -9.277070794262623e-06
132.85  0.0013291771615845664  -9.279874874416568e-06
132.9  0.0013291806021818462  -9.28310001045631e-06
132.95000000000002  0.001329183803703457  -9.286777929662046e-06
133.0  0.0013291866276085003  -9.290929444569825e-06
133.05  0.0013291889460422348  -9.295563296205997e-06
133.1  0.0013291906497440043  -9.300675403183857e-06
133.15  0.0013291916548487475  -9.3062486090132e-06
133.20000000000002  0.0013291919080554437  -9.312252926481552e-06
133.25  0.001329191389744899  -9.318646288892108e-06
133.3  0.0013291901148021665  -9.32537575238908e-06
133.35  0.0013291881311113902  -9.332379115571427e-06
133.4  0.0013291855158857856  -9.33958686953802e-06
133.45000000000002  0.0013291823701307363  -9.346924372604748e-06
133.5  0.001329178811729412  -9.35431417803975e-06
133.55  0.0013291749677421358  -9.36167839083249e-06
133.6  0.0013291709664860153  -9.368940975599898e-06
133.65  0.0013291669300699413  -9.376029882853746e-06
133.70000000000002  0.001329162967895607  -9.382878971739956e-06
133.75  0.0013291591715923344  -9.389429585188874e-06
133.8  0.001329155611716548  -9.395631789784484e-06
133.85  0.001329152336346528  -9.40144522091962e-06
133.9  0.0013291493716038258  -9.4068395218315e-06
133.95000000000002  0.0013291467239026369  -9.411794394021018e-06
134.0  0.001329144383663938  -9.416299313043798e-06
134.05  0.0013291423300721156  -9.42035293306602e-06
134.1  0.0013291405363961837  -9.423962283817999e-06
134.15  0.001329138975391057  -9.427141827779667e-06
134.20000000000002  0.0013291376242626435  -9.429912482493679e-06
134.25  0.0013291364687533958  -9.432300672502494e-06
134.3  0.0013291355060228043  -9.434337526290667e-06
134.35  0.0013291347459951143  -9.436058225854404e-06
134.4  0.001329134211125169  -9.437501575678504e-06
134.45000000000002  0.0013291339345164635  -9.438709752143085e-06
134.5  0.0013291339565720136  -9.439728208240645e-06
134.55  0.0013291343204289625  -9.44060565366122e-06
134.6  0.0013291350665533825  -9.441394025862292e-06
134.65  0.0013291362269465556  -9.442148348539313e-06
134.70000000000002  0.001329137819512218  -9.44292637378261e-06
134.75  0.0013291398430739822  -9.443787976310975e-06
134.8  0.0013291422735814333  -9.444794190815813e-06
134.85  0.0013291450619013915  -9.44600595355837e-06
134.9  0.0013291481335250517  -9.447482531951888e-06
134.95000000000002  0.0013291513903288198  -9.449279733313469e-06
135.0  0.001329154714351663  -9.451447994864351e-06
135.05  0.001329157973415567  -9.454030444916548e-06
135.1  0.0013291610281839904  -9.457061086852957e-06
135.15  0.0013291637401370072  -9.460563217141308e-06
135.20000000000002  0.0013291659798825134  -9.464548179159119e-06
135.25  0.0013291676351002307  -9.46901453635705e-06
135.3  0.0013291686175218032  -9.473947732091992e-06
135.35  0.0013291688683731567  -9.479320256254088e-06
135.4  0.0013291683618278606  -9.485092308368897e-06
135.45000000000002  0.0013291671062573367  -9.491212941038535e-06
135.5  0.0013291651431383777  -9.49762161810933e-06
135.55  0.0013291625437820342  -9.504250120478605e-06
135.6  0.0013291594041653183  -9.511024701069773e-06
135.65  0.0013291558383004376  -9.517868403878331e-06
135.70000000000002  0.0013291519707035833  -9.524703424968785e-06
135.75  0.00132914792857528  -9.531453438208328e-06
135.8  0.0013291438342935228  -9.538045765292071e-06
135.85  0.0013291397987811164  -9.54441332860225e-06
135.9  0.0013291359162484573  -9.550496281571924e-06
135.95000000000002  0.0013291322605867373  -9.556243312362311e-06
136.0  0.0013291288836647553  -9.56161252600458e-06
136.05  0.0013291258155200274  -9.566571947943131e-06
136.1  0.0013291230662916711  -9.5710996357931e-06
136.15  0.0013291206296728226  -9.575183421208942e-06
136.20000000000002  0.0013291184874602675  -9.578820355707514e-06
136.25  0.0013291166147583727  -9.58201593045081e-06
136.3  0.0013291149853162886  -9.584783145791037e-06
136.35  0.0013291135765446881  -9.587141514945624e-06
136.4  0.0013291123737472206  -9.58911612985937e-06
136.45000000000002  0.0013291113731482766  -9.590736820014041e-06
136.5  0.001329110583523874  -9.592037493884624e-06
136.55  0.001329110026207456  -9.593055682774378e-06
136.6  0.001329109733511932  -9.593832292400161e-06
136.65  0.001329109745616082  -9.594411519982509e-06
136.70000000000002  0.001329110106213613  -9.59484086757265e-06
136.75  0.0013291108572448793  -9.59517116074773e-06
136.8  0.0013291120331604882  -9.595456466568583e-06
136.85  0.0013291136552237522  -9.595753849545659e-06
136.9  0.0013291157263812907  -9.596122800639185e-06
136.95000000000002  0.001329118227208943  -9.596624396019326e-06
137.0  0.0013291211133669152  -9.597320081626212e-06
137.05  0.001329124314914413  -9.598270163808519e-06
137.1  0.0013291277376462172  -9.599532014714944e-06
137.15  0.0013291312664940407  -9.60115816507406e-06
137.20000000000002  0.0013291347707909535  -9.603194318107025e-06
137.25  0.001329138111082588  -9.605677459246457e-06
137.3  0.0013291411469806952  -9.608634171025731e-06
137.35  0.001329143745466587  -9.61207928097034e-06
137.4  0.0013291457889979597  -9.61601490439255e-06
137.45000000000002  0.0013291471827555157  -9.62042997792263e-06
137.5  0.0013291478604645678  -9.625300299173308e-06
137.55  0.0013291477883319303  -9.630589074596124e-06
137.6  0.0013291469667705907  -9.636247966633596e-06
137.65  0.001329145429827328  -9.642218568418816e-06
137.70000000000002  0.0013291432423490242  -9.648434248818233e-06
137.75  0.0013291404951815207  -9.654822291295926e-06
137.8  0.0013291372988106715  -9.661306177058968e-06
137.85  0.0013291337759415885  -9.667807972160302e-06
137.9  0.0013291300536885417  -9.674250681512972e-06
137.95000000000002  0.0013291262559186555  -9.680560469262555e-06
138.0  0.0013291224963849564  -9.68666867000225e-06
138.05  0.0013291188731066978  -9.692513515382074e-06
138.1  0.001329115464393509  -9.698041499979384e-06
138.15  0.001329112326709924  -9.703208369630264e-06
138.20000000000002  0.001329109494464125  -9.707979700145628e-06
138.25  0.0013291069815955054  -9.712331089945436e-06
138.3  0.001329104784752666  -9.71624797450909e-06
138.35  0.0013291028876446145  -9.719725127268174e-06
138.4  0.00132910126618118  -9.722765918192462e-06
138.45000000000002  0.0013290998938569475  -9.725381385717528e-06
138.5  0.0013290987469025462  -9.727589260996941e-06
138.55  0.0013290978087470771  -9.729412997279267e-06
138.6  0.0013290970733700223  -9.730880900483637e-06
138.65  0.0013290965472746426  -9.732025414888653e-06
138.70000000000002  0.0013290962498781606  -9.732882641866206e-06
138.75  0.001329096212278217  -9.733492043544306e-06
138.8  0.0013290964744674106  -9.733896345805789e-06
138.85  0.0013290970812167408  -9.734141563325256e-06
138.9  0.0013290980769543777  -9.734277053056128e-06
138.95000000000002  0.0013290995000423702  -9.734355503894726e-06
139.0  0.0013291013769694106  -9.734432771057121e-06
139.05  0.0013291037169691666  -9.734567421589707e-06
139.1  0.0013291065075919759  -9.734820014310427e-06
139.15  0.0013291097116743186  -9.735251983394302e-06
139.20000000000002  0.0013291132661055148  -9.735924216208096e-06
139.25  0.0013291170825941118  -9.736895352183768e-06
139.3  0.001329121050508743  -9.738219865608054e-06
139.35  0.0013291250416886727  -9.73994609147061e-06
139.4  0.00132912891689666  -9.742114273678711e-06
139.45000000000002  0.0013291325334986051  -9.744754794378265e-06
139.5  0.0013291357537758477  -9.747886673699361e-06
139.55  0.0013291384532184325  -9.751516496751518e-06
139.6  0.0013291405281573641  -9.755637744908929e-06
139.65  0.001329141902130516  -9.76023067194643e-06
139.70000000000002  0.001329142530440896  -9.765262692522044e-06
139.75  0.0013291424025912283  -9.770689256106925e-06
139.8  0.001329141542393554  -9.776455190442165e-06
139.85  0.0013291400057873042  -9.782496434463696e-06
139.9  0.001329137876550829  -9.788742073825398e-06
139.95000000000002  0.001329135260299002  -9.79511659313819e-06
140.0  0.001329132277275131  -9.801542249941275e-06
140.05  0.0013291290545190196  -9.807941431496585e-06
140.1  0.0013291257180377994  -9.814238936060957e-06
140.15  0.0013291223855920356  -9.820364062078889e-06
140.20000000000002  0.0013291191605999913  -9.82625242829712e-06
140.25  0.0013291161276020535  -9.831847478253015e-06
140.3  0.0013291133495548864  -9.837101595232289e-06
140.35  0.0013291108670228217  -9.84197680860624e-06
140.4  0.0013291086992883669  -9.846445122366795e-06
140.45000000000002  0.0013291068471098996  -9.85048844701704e-06
140.5  0.0013291052968263885  -9.854098198817897e-06
140.55  0.0013291040253746106  -9.85727462603453e-06
140.6  0.001329103005727794  -9.860025933584697e-06
140.65  0.00132910221224683  -9.86236732378556e-06
140.70000000000002  0.001329101625466727  -9.864319978523874e-06
140.75  0.0013291012358931432  -9.865910170638688e-06
140.8  0.0013291010464718963  -9.867168497508039e-06
140.85  0.0013291010734977405  -9.868129312926694e-06
140.9  0.0013291013458975585  -9.86883038873597e-06
140.95000000000002  0.0013291019028991687  -9.86931277137382e-06
141.0  0.0013291027902486924  -9.869620794661794e-06
141.05  0.0013291040553007527  -9.869802165677764e-06
141.1  0.0013291057413420658  -9.869908013527672e-06
141.15  0.0013291078816419005  -9.869992816873767e-06
141.20000000000002  0.0013291104937499547  -9.870114086766549e-06
141.25  0.0013291135745702076  -9.870331748154486e-06
141.3  0.0013291170967025035  -9.87070717132089e-06
141.35  0.0013291210064658504  -9.871301862835673e-06
141.4  0.0013291252238875084  -9.872175827867636e-06
141.45000000000002  0.0013291296448133874  -9.87338570972553e-06
141.5  0.0013291341450417968  -9.87498280317781e-06
141.55  0.0013291385863186545  -9.877011040779443e-06
141.6  0.0013291428237195814  -9.879505126037425e-06
141.65  0.001329146713951788  -9.882488904070451e-06
141.70000000000002  0.0013291501238731525  -9.885974100983744e-06
141.75  0.0013291529386077615  -9.889959479688314e-06
141.8  0.0013291550686081407  -9.894430523084505e-06
141.85  0.0013291564550545224  -9.89935962439131e-06
141.9  0.0013291570732361356  -9.904706774865445e-06
141.95000000000002  0.0013291569336009268  -9.910420749723709e-06
142.0  0.0013291560804221387  -9.9164407030962e-06
142.05  0.0013291545882505233  -9.922698107076803e-06
142.1  0.0013291525564302787  -9.929118930284992e-06
142.15  0.0013291501021685482  -9.93562596767058e-06
142.20000000000002  0.0013291473527199346  -9.942141225446574e-06
142.25  0.0013291444373349699  -9.948588230012951e-06
142.3  0.0013291414795812305  -9.954894196234588e-06
142.35  0.0013291385906073463  -9.96099197140925e-06
142.4  0.0013291358638518875  -9.966821648012465e-06
142.45000000000002  0.0013291333715076666  -9.972331831745044e-06
142.5  0.0013291311629309716  -9.977480520989524e-06
142.55  0.0013291292650208862  -9.982235580057808e-06
142.6  0.001329127684390608  -9.986574826716739e-06
142.65  0.0013291264110703014  -9.990485743740021e-06
142.70000000000002  0.001329125423339194  -9.993964926093804e-06
142.75  0.0013291246931803904  -9.997017255081566e-06
142.8  0.0013291241918705799  -9.999654965236245e-06
142.85  0.0013291238951956249  -1.000189663383081e-05
142.9  0.0013291237878267042  -1.0003766223574571e-05
142.95000000000002  0.001329123866466845  -1.0005292243902468e-05
143.0  0.0013291241415084734  -1.0006507100577145e-05
143.05  0.001329124637050084  -1.0007446661623623e-05
143.1  0.0013291253892225709  -1.0008150055352194e-05
143.15  0.0013291264429718475  -1.0008659640314854e-05
143.20000000000002  0.0013291278475312774  -1.0009021089299529e-05
143.25  0.0013291296509306723  -1.000928351732838e-05
143.3  0.0013291318939874  -1.0009499493229498e-05
143.35  0.0013291346043128225  -1.0009724894444768e-05
143.4  0.0013291377908415693  -1.0010018436455996e-05
143.45000000000002  0.0013291414394254893  -1.0010440911746316e-05
143.5  0.0013291455099301143  -1.0011054026325713e-05
143.55  0.0013291499352295017  -1.001191891206502e-05
143.6  0.0013291546222613095  -1.0013094334304596e-05
143.65  0.0013291594552257632  -1.0014634730940689e-05
143.70000000000002  0.0013291643007510288  -1.0016588174555671e-05
143.75  0.0013291690147379906  -1.0018994367176149e-05
143.8  0.0013291734503617283  -1.0021882863184067e-05
143.85  0.0013291774666760177  -1.0025271582721684e-05
143.9  0.001329180937116434  -1.0029165739396974e-05
143.95000000000002  0.0013291837572503833  -1.003355725424091e-05
144.0  0.0013291858511601505  -1.0038424685178057e-05
144.05  0.001329187175939882  -1.0043733689676882e-05
144.1  0.0013291877239664785  -1.0049437982387159e-05
144.15  0.0013291875227808012  -1.0055480769609044e-05
144.20000000000002  0.0013291866326131086  -1.0061796546324353e-05
144.25  0.0013291851417823394  -1.0068313195495484e-05
144.3  0.0013291831603818324  -1.0074954298179757e-05
144.35  0.0013291808127568658  -1.0081641514888195e-05
144.4  0.001329178229411085  -1.0088296976545571e-05
144.45000000000002  0.0013291755389870804  -1.0094845546882282e-05
144.5  0.0013291728608925413  -1.0101216894976579e-05
144.55  0.0013291702991649291  -1.010734727762818e-05
144.6  0.001329167937952202  -1.011318100011655e-05
144.65  0.0013291658388837231  -1.0118671462457508e-05
144.70000000000002  0.001329164040428374  -1.012378182599675e-05
144.75  0.0013291625591777606  -1.0128485280468027e-05
144.8  0.00132916139283996  -1.013276491028045e-05
144.85  0.0013291605245746101  -1.013661324566421e-05
144.9  0.001329159928228219  -1.0140031539104181e-05
144.95000000000002  0.0013291595739776106  -1.0143028851218182e-05
145.0  0.0013291594338515796  -1.0145621037868408e-05
145.05  0.0013291594866378094  -1.0147829752042963e-05
145.1  0.001329159721751614  -1.0149681498230773e-05
145.15  0.0013291601417413507  -1.0151206879971289e-05
145.20000000000002  0.0013291607631688465  -1.0152440054593168e-05
145.25  0.0013291616158379784  -1.0153418400291026e-05
145.3  0.001329162740368243  -1.0154182427302388e-05
145.35  0.0013291641843068919  -1.01547758222701e-05
145.4  0.0013291659970786577  -1.0155245601655523e-05
145.45000000000002  0.0013291682241857333  -1.0155642207291334e-05
145.5  0.0013291709011234091  -1.0156019494435894e-05
145.55  0.001329174047551428  -1.015643446524979e-05
145.6  0.0013291776622485747  -1.0156946678281328e-05
145.65  0.0013291817193757376  -1.0157617335077918e-05
145.70000000000002  0.0013291861664003243  -1.0158507951341816e-05
145.75  0.0013291909240574066  -1.0159678737792243e-05
145.8  0.0013291958884031267  -1.0161186709069497e-05
145.85  0.0013292009349762453  -1.0163083655295464e-05
145.9  0.0013292059247955496  -1.0165414114000166e-05
145.95000000000002  0.0013292107118102218  -1.0168213416639682e-05
146.0  0.001329215151251591  -1.0171506035549192e-05
146.05  0.001329219108265244  -1.0175304247854195e-05
146.1  0.0013292224661308073  -1.0179607272024576e-05
146.15  0.0013292251334238855  -1.0184400891863538e-05
146.20000000000002  0.0013292270495469153  -1.0189657630921907e-05
146.25  0.0013292281881933927  -1.0195337427235085e-05
146.3  0.0013292285585075154  -1.0201388817353578e-05
146.35  0.0013292282038148751  -1.0207750546265036e-05
146.4  0.001329227198113959  -1.0214353517879718e-05
146.45000000000002  0.001329225640614429  -1.0221123023757234e-05
146.5  0.0013292236487809424  -1.0227981100620039e-05
146.55  0.0013292213504901152  -1.023484894623419e-05
146.6  0.0013292188759075365  -1.024164929280683e-05
146.65  0.0013292163497174386  -1.0248308604500164e-05
146.70000000000002  0.0013292138843044162  -1.0254759056647412e-05
146.75  0.0013292115743519914  -1.0260940180095994e-05
146.8  0.0013292094932205712  -1.0266800159049248e-05
146.85  0.0013292076912609927  -1.0272296729818098e-05
146.9  0.0013292061961312838  -1.0277397637934132e-05
146.95000000000002  0.0013292050149195352  -1.0282080738158693e-05
147.0  0.0013292041378210966  -1.0286333692041422e-05
147.05  0.0013292035429584514  -1.0290153378096504e-05
147.1  0.0013292032018660457  -1.0293545045422076e-05
147.15  0.001329203085123364  -1.0296521331530813e-05
147.20000000000002  0.0013292031676294684  -1.0299101206306645e-05
147.25  0.001329203433050949  -1.0301308968690254e-05
147.3  0.0013292038770495766  -1.0303173366724432e-05
147.35  0.0013292045090353482  -1.0304726900143635e-05
147.4  0.0013292053522551111  -1.0306005364953564e-05
147.45000000000002  0.0013292064422094478  -1.0307047626823256e-05
147.5  0.0013292078235040562  -1.030789559075887e-05
147.55  0.0013292095453651914  -1.0308594334336191e-05
147.6  0.0013292116561925394  -1.0309192239156464e-05
147.65  0.0013292141975494078  -1.0309741089634659e-05
147.70000000000002  0.0013292171981518705  -1.0310295971249599e-05
147.75  0.0013292206683443175  -1.0310914899962242e-05
147.8  0.0013292245956219159  -1.0311658110799082e-05
147.85  0.0013292289416213595  -1.03125869695531e-05
147.9  0.0013292336409911267  -1.0313762526228108e-05
147.95000000000002  0.0013292386023336508  -1.0315243768737508e-05
148.0  0.001329243711261645  -1.0317085649538165e-05
148.05  0.0013292488354817225  -1.031933705344728e-05
148.1  0.0013292538315283582  -1.0322038751981984e-05
148.15  0.001329258552740418  -1.0325221569193921e-05
148.20000000000002  0.0013292628578324894  -1.0328904841744703e-05
148.25  0.0013292666194356425  -1.0333095251498377e-05
148.3  0.0013292697319142645  -1.0337786166773736e-05
148.35  0.0013292721178440436  -1.0342957492980834e-05
148.4  0.0013292737326187055  -1.0348576050437795e-05
148.45000000000002  0.001329274566856312  -1.0354596479253755e-05
148.5  0.0013292746464035198  -1.0360962607534213e-05
148.55  0.0013292740299805125  -1.0367609228504183e-05
148.6  0.001329272804675769  -1.0374464186361176e-05
148.65  0.001329271079683357  -1.0381450675351592e-05
148.70000000000002  0.0013292689788160566  -1.0388489666643018e-05
148.75  0.0013292666324222985  -1.0395502336117538e-05
148.8  0.0013292641693042789  -1.0402412369672764e-05
148.85  0.0013292617093028816  -1.0409148115493572e-05
148.9  0.0013292593570709923  -1.0415644443477804e-05
148.95000000000002  0.0013292571974517782  -1.0421844259562909e-05
149.0  0.0013292552927573111  -1.042769964960694e-05
149.05  0.0013292536820410288  -1.0433172601464276e-05
149.1  0.0013292523823056133  -1.0438235310340316e-05
149.15  0.00132925139143027  -1.0442870095837982e-05
149.20000000000002  0.0013292506924980343  -1.044706896190131e-05
149.25  0.0013292502590100505  -1.0450832879558463e-05
149.3  0.0013292500605707055  -1.0454170849527253e-05
149.35  0.001329250068451361  -1.0457098850941604e-05
149.4  0.0013292502605569225  -1.0459638779867424e-05
149.45000000000002  0.0013292506253940882  -1.0461817453737425e-05
149.5  0.0013292511646514002  -1.046366577421077e-05
149.55  0.0013292518941822062  -1.046521811390224e-05
149.6  0.0013292528433192221  -1.0466511920804457e-05
149.65  0.001329254052510199  -1.0467587581779463e-05
149.70000000000002  0.0013292555695083074  -1.0468488449523147e-05
149.75  0.001329257444345984  -1.0469260982386131e-05
149.8  0.0013292597235458911  -1.0469954888286752e-05
149.85  0.0013292624440189166  -1.0470623155413609e-05
149.9  0.0013292656271649032  -1.0471321863573949e-05
149.95000000000002  0.0013292692737567418  -1.0472109700219914e-05
150.0  0.0013292733600613975  -1.047304711644572e-05
150.05  0.0013292778356460422  -1.0474195109855472e-05
150.1  0.0013292826231682399  -1.0475613673404651e-05
150.15  0.0013292876202887225  -1.0477359954756704e-05
150.20000000000002  0.0013292927036938796  -1.0479486271105067e-05
150.25  0.0013292977349861849  -1.0482038053121769e-05
150.3  0.0013293025680759748  -1.0485051900396706e-05
150.35  0.001329307057519438  -1.0488553841082925e-05
150.4  0.001329311067191874  -1.0492557941065711e-05
150.45000000000002  0.0013293144785991695  -1.049706532708103e-05
150.5  0.001329317198171669  -1.0502063731552495e-05
150.55  0.0013293191629699165  -1.0507527549371903e-05
150.6  0.001329320344330828  -1.051341841833294e-05
150.65  0.0013293207492005511  -1.051968631374993e-05
150.70000000000002  0.0013293204190522765  -1.0526271077856844e-05
150.75  0.0013293194264941063  -1.0533104334472772e-05
150.8  0.0013293178699006853  -1.0540111663894674e-05
150.85  0.0013293158664985697  -1.0547214968933787e-05
150.9  0.0013293135445031005  -1.0554334912287215e-05
150.95000000000002  0.001329311034921652  -1.056139331132098e-05
151.0  0.0013293084636677847  -1.0568315414247317e-05
151.05  0.0013293059446088224  -1.05750319361875e-05
151.1  0.0013293035739829692  -1.058148080286547e-05
151.15  0.00132930142661533  -1.0587608529762007e-05
151.20000000000002  0.0013292995540763815  -1.0593371198343044e-05
151.25  0.0013292979848531132  -1.0598735030310281e-05
151.3  0.0013292967263828811  -1.060367652710786e-05
151.35  0.001329295768688666  -1.0608182238093056e-05
151.4  0.0013292950891855078  -1.0612248202299763e-05
151.45000000000002  0.0013292946582105741  -1.0615879119248487e-05
151.5  0.0013292944447503227  -1.061908735688899e-05
151.55  0.0013292944218268078  -1.0621891872313028e-05
151.6  0.0013292945711005466  -1.0624317153330167e-05
151.65  0.001329294886263257  -1.0626392275789559e-05
151.70000000000002  0.0013292953749475265  -1.0628150140303775e-05
151.75  0.0013292960589709457  -1.062962693188917e-05
151.8  0.0013292969728766926  -1.063086181548505e-05
151.85  0.0013292981608826774  -1.0631896871358742e-05
151.9  0.0013292996724629626  -1.0632777144134096e-05
151.95000000000002  0.0013293015569073958  -1.0633550787823571e-05
152.0  0.0013293038572935764  -1.063426915024607e-05
152.05  0.0013293066043925524  -1.0634986717352932e-05
152.1  0.001329309811034117  -1.0635760784400805e-05
152.15  0.001329313467454859  -1.0636650820249538e-05
152.20000000000002  0.0013293175381419177  -1.0637717458963523e-05
152.25  0.0013293219604960387  -1.0639021136994611e-05
152.3  0.0013293266455646842  -1.0640620422283013e-05
152.35  0.0013293314809478141  -1.0642570113575107e-05
152.4  0.0013293363357113998  -1.064491922354719e-05
152.45000000000002  0.0013293410670354561  -1.0647708981688592e-05
152.5  0.0013293455281328482  -1.065097098116891e-05
152.55  0.001329349576835183  -1.0654725602356001e-05
152.6  0.001329353084214974  -1.0658980812594098e-05
152.65  0.0013293559425209007  -1.0663731431587555e-05
152.70000000000002  0.0013293580718235888  -1.0668958893236e-05
152.75  0.0013293594248487738  -1.0674631557346039e-05
152.8  0.0013293599895791734  -1.068070552118596e-05
152.85  0.001329359789479637  -1.0687125916348096e-05
152.9  0.0013293588813164938  -1.0693828605045459e-05
152.95000000000002  0.0013293573508037651  -1.0700742224785853e-05
153.0  0.0013293553064292847  -1.0707790447140892e-05
153.05  0.0013293528720123703  -1.071489438221791e-05
153.1  0.0013293501785759869  -1.0721974998091914e-05
153.15  0.0013293473561867004  -1.0728955479356872e-05
153.20000000000002  0.001329344526405412  -1.073576338324366e-05
153.25  0.001329341795886356  -1.0742332563375818e-05
153.3  0.0013293392515589244  -1.0748604746325485e-05
153.35  0.0013293369577170647  -1.075453073978716e-05
153.4  0.0013293349550995378  -1.0760071222061843e-05
153.45000000000002  0.001329333261944157  -1.0765197127123689e-05
153.5  0.0013293318768055385  -1.0769889609236311e-05
153.55  0.0013293307827893096  -1.077413965964026e-05
153.60000000000002  0.0013293299527873737  -1.0777947416418221e-05
153.65  0.0013293293551809675  -1.0781321257925282e-05
153.70000000000002  0.0013293289594956653  -1.0784276750317985e-05
153.75  0.001329328741512352  -1.07868355735132e-05
153.8  0.0013293286873867038  -1.078902450502657e-05
153.85000000000002  0.001329328796412298  -1.0790874543203694e-05
153.9  0.0013293290821967088  -1.0792420247417948e-05
153.95000000000002  0.0013293295721431338  -1.0793699297502544e-05
154.0  0.001329330305249665  -1.079475231671311e-05
154.05  0.001329331328408408  -1.079562284294624e-05
154.10000000000002  0.0013293326914563999  -1.0796357453009124e-05
154.15  0.0013293344414139858  -1.0797005872653816e-05
154.20000000000002  0.0013293366163625267  -1.0797621007065214e-05
154.25  0.0013293392394805965  -1.0798258766201948e-05
154.3  0.0013293423137969356  -1.0798977589462628e-05
154.35000000000002  0.0013293458181830716  -1.0799837637066943e-05
154.4  0.0013293497049682592  -1.0800899614442556e-05
154.45000000000002  0.0013293538995453867  -1.0802223245795733e-05
154.5  0.0013293583021062984  -1.0803865481538851e-05
154.55  0.0013293627914788048  -1.0805878529002925e-05
154.60000000000002  0.0013293672308858123  -1.0808307828168618e-05
154.65  0.001329371475233177  -1.0811190108762935e-05
154.70000000000002  0.0013293753793925446  -1.0814551642149544e-05
154.75  0.0013293788068688976  -1.0818406840168112e-05
154.8  0.0013293816381647616  -1.0822757265619527e-05
154.85000000000002  0.0013293837781807095  -1.0827591143620203e-05
154.9  0.0013293851620504208  -1.0832883376222222e-05
154.95000000000002  0.0013293857589731519  -1.0838596114867423e-05
155.0  0.0013293855737203167  -1.0844679805460493e-05
155.05  0.001329384645731761  -1.0851074708793929e-05
155.10000000000002  0.0013293830459072203  -1.0857712780577584e-05
155.15  0.0013293808713643446  -1.0864519840476949e-05
155.20000000000002  0.001329378238633435  -1.087141792631939e-05
155.25  0.0013293752758409914  -1.087832773266574e-05
155.3  0.001329372114509789  -1.0885171007926869e-05
155.35000000000002  0.0013293688816507923  -1.0891872836028566e-05
155.4  0.0013293656926851617  -1.0898363690185786e-05
155.45000000000002  0.0013293626457593019  -1.0904581199217825e-05
155.5  0.0013293598177874424  -1.09104715284705e-05
155.55  0.0013293572624575925  -1.0915990404777084e-05
155.60000000000002  0.0013293550102210492  -1.0921103679158032e-05
155.65  0.0013293530701854884  -1.0925787516033458e-05
155.70000000000002  0.0013293514336037045  -1.0930028154684671e-05
155.75  0.0013293500785834448  -1.0933821378455457e-05
155.8  0.0013293489755754906  -1.0937171695566653e-05
155.85000000000002  0.0013293480930607806  -1.094009134255502e-05
155.9  0.00132934740298595  -1.0942599217186942e-05
155.95000000000002  0.0013293468854154852  -1.0944719811930583e-05
156.0  0.0013293465320346118  -1.0946482259422893e-05
156.05  0.0013293463481884858  -1.0947919559633383e-05
156.10000000000002  0.0013293463532572354  -1.0949068005091582e-05
156.15  0.0013293465793685266  -1.0949966888818365e-05
156.20000000000002  0.001329347068485014  -1.0950658375868385e-05
156.25  0.001329347868130563  -1.0951187570808207e-05
156.3  0.0013293490260610171  -1.0951602635874617e-05
156.35000000000002  0.0013293505843447189  -1.09519548559437e-05
156.4  0.0013293525733182627  -1.0952298584706601e-05
156.45000000000002  0.001329355006002363  -1.0952690924566962e-05
156.5  0.0013293578734497981  -1.095319109160615e-05
156.55  0.0013293611415544245  -1.0953859434004068e-05
156.60000000000002  0.0013293647496384182  -1.0954756095832513e-05
156.65  0.0013293686111184317  -1.0955939351523425e-05
156.70000000000002  0.0013293726162739356  -1.0957463731583214e-05
156.75  0.0013293766370283187  -1.0959378028146168e-05
156.8  0.0013293805334386173  -1.0961723299774653e-05
156.85000000000002  0.0013293841614683995  -1.0964531021786465e-05
156.9  0.0013293873814142687  -1.0967821514091093e-05
156.95000000000002  0.0013293900663809643  -1.0971602724546407e-05
157.0  0.0013293921101219072  -1.097586948398501e-05
157.05  0.0013293934336004402  -1.0980603261418745e-05
157.10000000000002  0.0013293939897740356  -1.0985772447883032e-05
157.15  0.0013293937662200426  -1.0991333170547158e-05
157.20000000000002  0.0013293927854038483  -1.0997230574775313e-05
157.25  0.0013293911026069768  -1.1003400529614564e-05
157.3  0.0013293888016973534  -1.1009771662356927e-05
157.35000000000002  0.001329385989125484  -1.1016267646467032e-05
157.4  0.0013293827866509237  -1.1022809598708024e-05
157.45000000000002  0.0013293793233858106  -1.102931852768065e-05
157.5  0.0013293757278133504  -1.1035717684966095e-05
157.55  0.0013293721203693144  -1.1041934750063856e-05
157.60000000000002  0.0013293686071361266  -1.1047903740573294e-05
157.65  0.0013293652751021775  -1.1053566599552884e-05
157.70000000000002  0.0013293621892512862  -1.1058874398026846e-05
157.75  0.0013293593916007252  -1.1063788110149148e-05
157.8  0.001329356902186084  -1.1068278975646224e-05
157.85000000000002  0.0013293547217397713  -1.1072328480299593e-05
157.9  0.0013293528357951868  -1.107592792948817e-05
157.95000000000002  0.0013293512197268187  -1.1079077771231722e-05
158.0  0.0013293498442879144  -1.108178666256183e-05
158.05  0.0013293486810919456  -1.1084070437807243e-05
158.10000000000002  0.0013293477075673591  -1.1085951028282147e-05
158.15  0.001329346910948533  -1.1087455451639196e-05
158.20000000000002  0.0013293462909407866  -1.1088614953315727e-05
158.25  0.0013293458608505488  -1.1089464346870893e-05
158.3  0.0013293456470487902  -1.1090041595858868e-05
158.35000000000002  0.0013293456868119788  -1.109038761938554e-05
158.4  0.0013293460246919819  -1.109054626556355e-05
158.45000000000002  0.0013293467076987261  -1.1090564415939608e-05
158.5  0.0013293477796841487  -1.1090492092585922e-05
158.55  0.0013293492753997508  -1.1090382441969753e-05
158.60000000000002  0.0013293512147484199  -1.1090291544029861e-05
158.65  0.0013293535977537572  -1.1090277919722558e-05
158.70000000000002  0.0013293564007507974  -1.1090401696421627e-05
158.75  0.0013293595742199767  -1.109072342138492e-05
158.8  0.0013293630425625102  -1.1091302539725009e-05
158.85000000000002  0.0013293667059599578  -1.1092195617199178e-05
158.9  0.0013293704442767517  -1.1093454376219372e-05
158.95000000000002  0.001329374122826018  -1.1095123702941365e-05
159.0  0.0013293775995786483  -1.1097239734888034e-05
159.05  0.001329380733299793  -1.1099828146084027e-05
159.10000000000002  0.0013293833919980754  -1.110290277322925e-05
159.15  0.0013293854610254541  -1.1106464651849425e-05
159.20000000000002  0.001329386850164268  -1.111050154186939e-05
159.25  0.001329387499152069  -1.1114987974373321e-05
159.3  0.0013293873812153273  -1.1119885822066279e-05
159.35000000000002  0.001329386504297633  -1.112514536669672e-05
159.4  0.0013293849099750234  -1.1130706807212405e-05
159.45000000000002  0.0013293826701076738  -1.1136502155122412e-05
159.5  0.001329379881580542  -1.114245740235797e-05
159.55  0.001329376659543532  -1.1148494878782697e-05
159.60000000000002  0.0013293731297435206  -1.1154535674525443e-05
159.65  0.0013293694205589839  -1.1160502048186845e-05
159.70000000000002  0.0013293656553544325  -1.1166319692426673e-05
159.75  0.0013293619457226688  -1.1171919768571668e-05
159.8  0.001329358386119639  -1.1177240659666584e-05
159.85000000000002  0.001329355050210907  -1.1182229328682227e-05
159.9  0.001329351989133168  -1.1186842307397385e-05
159.95000000000002  0.0013293492317081289  -1.1191046244420641e-05
160.0  0.0013293467864367435  -1.1194818041602192e-05
160.05  0.0013293446450550852  -1.1198144610379576e-05
160.10000000000002  0.0013293427872086195  -1.1201022303855015e-05
160.15  0.0013293411858037551  -1.1203456086882231e-05
160.20000000000002  0.0013293398125365935  -1.1205458540754329e-05
160.25  0.0013293386430726936  -1.1207048802558948e-05
160.3  0.0013293376614281985  -1.1208251508911969e-05
160.35000000000002  0.0013293368631955627  -1.1209095879512318e-05
160.4  0.001329336257282676  -1.1209614965534747e-05
160.45000000000002  0.0013293358660389743  -1.1209845143648079e-05
160.5  0.0013293357237433622  -1.1209825817200844e-05
160.55  0.0013293358735267159  -1.1209599356913473e-05
160.60000000000002  0.001329336363003889  -1.1209211158542346e-05
160.65  0.0013293372389129765  -1.1208709767985235e-05
160.70000000000002  0.0013293385412409564  -1.120814694651666e-05
160.75  0.001329340297306211  -1.1207577581292204e-05
160.8  0.0013293425163608107  -1.1207059324983243e-05
160.85000000000002  0.0013293451851890264  -1.1206651924559191e-05
160.9  0.0013293482651868813  -1.1206416179679736e-05
160.95000000000002  0.001329351691282715  -1.1206412564731443e-05
161.0  0.0013293553729020987  -1.120669953581289e-05
161.05  0.001329359197028489  -1.1207331622277547e-05
161.10000000000002  0.0013293630332240646  -1.1208357424871349e-05
161.15  0.0013293667403108719  -1.1209817639275927e-05
161.20000000000002  0.001329370174226193  -1.1211743215818219e-05
161.25  0.0013293731964693779  -1.1214153835554055e-05
161.3  0.0013293756825038027  -1.1217056732654596e-05
161.35000000000002  0.0013293775294035168  -1.1220445994822282e-05
161.4  0.001329378662190218  -1.1224302388151519e-05
161.45000000000002  0.001329379038315342  -1.122859369012165e-05
161.5  0.0013293786499565755  -1.123327553739404e-05
161.55  0.0013293775239507457  -1.1238292759838727e-05
161.60000000000002  0.0013293757194116453  -1.1243581102179153e-05
161.65  0.0013293733232420876  -1.1249069296392694e-05
161.70000000000002  0.0013293704439354208  -1.12546813256511e-05
161.75  0.0013293672041749531  -1.1260338841683469e-05
161.8  0.0013293637328611455  -1.1265963577451982e-05
161.85000000000002  0.0013293601571922875  -1.127147967662826e-05
161.9  0.001329356595377017  -1.1276815837302397e-05
161.95000000000002  0.001329353150559713  -1.1281907182990542e-05
162.0  0.0013293499063186018  -1.1286696807183351e-05
162.05  0.0013293469240401503  -1.1291136906588142e-05
162.10000000000002  0.001329344242251686  -1.1295189528797095e-05
162.15  0.0013293418778780697  -1.1298826891675655e-05
162.20000000000002  0.0013293398291512632  -1.1302031302713061e-05
162.25  0.0013293380798849335  -1.130479472770873e-05
162.3  0.0013293366046346743  -1.1307118075308e-05
162.35000000000002  0.0013293353742748091  -1.1309010273722665e-05
162.4  0.0013293343614555362  -1.131048723905688e-05
162.45000000000002  0.0013293335454564997  -1.1311570809709355e-05
162.5  0.0013293329160320726  -1.1312287781356121e-05
162.55  0.0013293324758963166  -1.1312669078953567e-05
162.60000000000002  0.001329332241620393  -1.131274915307538e-05
162.65  0.0013293322428695508  -1.1312565604749969e-05
162.70000000000002  0.001329332520024257  -1.1312159042651095e-05
162.75  0.0013293331203418262  -1.1311573105676157e-05
162.8  0.00132933409295588  -1.1310854582116062e-05
162.85000000000002  0.0013293354831396265  -1.131005353433804e-05
162.9  0.001329337326269301  -1.1309223293665279e-05
162.95000000000002  0.001329339642052471  -1.1308420235689042e-05
163.0  0.0013293424295020902  -1.1307703281522325e-05
163.05  0.0013293456632219266  -1.1307133009289677e-05
163.10000000000002  0.001329349291321245  -1.1306770429289582e-05
163.15  0.0013293532353515147  -1.1306675424816869e-05
163.20000000000002  0.0013293573923295195  -1.1306904917633654e-05
163.25  0.0013293616388347636  -1.1307510893811311e-05
163.3  0.001329365836936618  -1.1308538379536503e-05
163.35000000000002  0.001329369841576823  -1.131002351338064e-05
163.4  0.0013293735088683932  -1.131199183969497e-05
163.45000000000002  0.0013293767046544179  -1.131445695416039e-05
163.5  0.0013293793126824373  -1.1317419572785207e-05
163.55  0.0013293812417461326  -1.1320867085830646e-05
163.60000000000002  0.0013293824311966598  -1.1324773648655828e-05
163.65  0.0013293828544397083  -1.1329100792911479e-05
163.70000000000002  0.001329382520095531  -1.1333798540445338e-05
163.75  0.0013293814708084082  -1.1338806941493286e-05
163.8  0.0013293797797777872  -1.1344057991476901e-05
163.85000000000002  0.0013293775453637321  -1.1349477818479027e-05
163.9  0.00132937488420311  -1.1354989041148012e-05
163.95000000000002  0.001329371923421674  -1.1360513172866478e-05
164.0  0.0013293687925543893  -1.1365973025003286e-05
164.05  0.0013293656158226115  -1.1371294927817774e-05
164.10000000000002  0.0013293625053279082  -1.1376410733858824e-05
164.15  0.001329359555667221  -1.1381259518069664e-05
164.20000000000002  0.001329356840287751  -1.1385788917896546e-05
164.25  0.0013293544097855714  -1.1389956053721212e-05
164.3  0.001329352292171779  -1.1393728051865598e-05
164.35000000000002  0.0013293504949643633  -1.1397082141194467e-05
164.4  0.0013293490088224394  -1.1400005401767527e-05
164.45000000000002  0.0013293478123228238  -1.140249416498756e-05
164.5  0.001329346877410488  -1.1404553192416477e-05
164.55  0.001329346175008515  -1.1406194682976167e-05
164.60000000000002  0.00132934568027722  -1.1407437214673382e-05
164.65  0.001329345377066898  -1.1408304735727832e-05
164.70000000000002  0.001329345261164021  -1.1408825664581813e-05
164.75  0.0013293453420597397  -1.1409032194294416e-05
164.8  0.0013293456430766132  -1.140895981317498e-05
164.85000000000002  0.0013293461998167859  -1.1408647070231242e-05
164.9  0.0013293470570529893  -1.1408135548423258e-05
164.95000000000002  0.0013293482642810933  -1.1407469983016542e-05
165.0  0.0013293498702855152  -1.1406698396646767e-05
165.05  0.0013293519171563581  -1.140587221951702e-05
165.10000000000002  0.0013293544342666177  -1.1405046187805998e-05
165.15  0.0013293574327374815  -1.1404277995158592e-05
165.20000000000002  0.0013293609009232812  -1.140362760789946e-05
165.25  0.0013293648013698342  -1.1403156210807418e-05
165.3  0.001329369069613106  -1.1402924788734615e-05
165.35000000000002  0.0013293736150496974  -1.1402992396540145e-05
165.4  0.0013293783239393042  -1.140341422512436e-05
165.45000000000002  0.0013293830643924265  -1.1404239562504397e-05
165.5  0.0013293876930640328  -1.1405509766981153e-05
165.55  0.0013293920630765212  -1.1407256426179289e-05
165.60000000000002  0.001329396032568493  -1.1409499785357507e-05
165.65  0.0013293994732308247  -1.141224757161656e-05
165.70000000000002  0.001329402278147886  -1.1415494297457537e-05
165.75  0.0013294043683250087  -1.1419221063342796e-05
165.8  0.0013294056973761847  -1.1423395910126286e-05
165.85000000000002  0.0013294062540205834  -1.1427974670273687e-05
165.9  0.0013294060621927236  -1.1432902310824604e-05
165.95000000000002  0.001329405178793067  -1.1438114679771546e-05
166.0  0.0013294036892871446  -1.1443540552011659e-05
166.05  0.0013294017015467513  -1.1449103928899305e-05
166.10000000000002  0.0013293993384350816  -1.1454726436151293e-05
166.15  0.0013293967297593424  -1.1460329741401747e-05
166.20000000000002  0.0013293940042144  -1.1465837881967475e-05
166.25  0.0013293912819702558  -1.147117939943995e-05
166.3  0.0013293886683863666  -1.1476289211112913e-05
166.35000000000002  0.0013293862493323426  -1.1481110136506937e-05
166.4  0.0013293840883842546  -1.148559404673833e-05
166.45000000000002  0.0013293822259983997  -1.148970259790005e-05
166.5  0.001329380680610806  -1.1493407557779957e-05
166.55  0.0013293794514834358  -1.1496690718474007e-05
166.60000000000002  0.0013293785229139524  -1.1499543486443125e-05
166.65  0.0013293778694225768  -1.1501966160799935e-05
166.70000000000002  0.0013293774613572593  -1.1503967009795536e-05
166.75  0.0013293772704601543  -1.1505561233296577e-05
166.8  0.0013293772748501117  -1.1506769911883916e-05
166.85000000000002  0.001329377463016096  -1.1507619027377436e-05
166.9  0.0013293778364753387  -1.1508138625691139e-05
166.95000000000002  0.0013293784108375072  -1.1508362229124543e-05
167.0  0.0013293792152012844  -1.1508326455848491e-05
167.05  0.0013293802899200916  -1.15080709024557e-05
167.10000000000002  0.001329381682845123  -1.1507638186068346e-05
167.15  0.0013293834444000874  -1.1507074111647602e-05
167.20000000000002  0.0013293856218209558  -1.1506427835648739e-05
167.25  0.0013293882530781877  -1.1505751914849265e-05
167.3  0.0013293913609619947  -1.1505102143764237e-05
167.35000000000002  0.0013293949479013473  -1.1504537077734246e-05
167.4  0.0013293989919806438  -1.1504117216349437e-05
167.45000000000002  0.0013294034446268675  -1.1503903782472311e-05
167.5  0.0013294082302441682  -1.1503957182676708e-05
167.55  0.0013294132479718347  -1.150433516227344e-05
167.60000000000002  0.0013294183755414698  -1.1505090807169163e-05
167.65  0.0013294234750274262  -1.150627047567679e-05
167.70000000000002  0.001329428400131083  -1.1507911816378055e-05
167.75  0.0013294330044486468  -1.1510042009420197e-05
167.8  0.0013294371501358397  -1.1512676333136503e-05
167.85000000000002  0.0013294407162493466  -1.151581716114184e-05
167.9  0.001329443606150281  -1.1519453454598397e-05
167.95000000000002  0.00132944575334497  -1.1523560782978693e-05
168.0  0.0013294471253303777  -1.152810189013274e-05
168.05  0.001329447725139982  -1.1533027754587893e-05
168.10000000000002  0.0013294475904680808  -1.1538279099903843e-05
168.15  0.0013294467905209998  -1.1543788300432995e-05
168.20000000000002  0.0013294454208261962  -1.1549481542548153e-05
168.25  0.0013294435964904035  -1.1555281192426013e-05
168.3  0.0013294414444299778  -1.1561108242689653e-05
168.35000000000002  0.001329439095228967  -1.1566884703620981e-05
168.4  0.0013294366752605992  -1.1572535878915193e-05
168.45000000000002  0.0013294342996536515  -1.1577992429053353e-05
168.5  0.0013294320666098706  -1.1583192111528306e-05
168.55  0.001329430053448561  -1.1588081167290647e-05
168.60000000000002  0.0013294283146003817  -1.1592615320908206e-05
168.65  0.0013294268815750604  -1.1596760341937092e-05
168.70000000000002  0.0013294257648120327  -1.1600492211882212e-05
168.75  0.0013294249571150175  -1.1603796885802467e-05
168.8  0.001329424438343102  -1.1606669750097772e-05
168.85000000000002  0.0013294241808192659  -1.1609114799612623e-05
168.9  0.001329424154991556  -1.1611143652067043e-05
168.95000000000002  0.001329424334819212  -1.1612774478370036e-05
169.0  0.001329424702404975  -1.1614030944815789e-05
169.05  0.0013294252514740959  -1.1614941273932781e-05
169.10000000000002  0.0013294259894015956  -1.1615537498505966e-05
169.15  0.001329426937600383  -1.1615854920398014e-05
169.20000000000002  0.0013294281302269808  -1.1615931839567399e-05
169.25  0.0013294296112986823  -1.1615809488965635e-05
169.3  0.0013294314304212332  -1.1615532135234074e-05
169.35000000000002  0.0013294336374775591  -1.1615147254207285e-05
169.4  0.0013294362766766835  -1.1614705657820982e-05
169.45000000000002  0.001329439380501553  -1.1614261475935048e-05
169.5  0.0013294429640476595  -1.1613871893354877e-05
169.55  0.0013294470203016888  -1.1613596545819631e-05
169.60000000000002  0.0013294515168316664  -1.161349656095224e-05
169.65  0.001329456394275307  -1.1613633223624305e-05
169.70000000000002  0.0013294615668673192  -1.1614066330048185e-05
169.75  0.0013294669251046895  -1.161485228770001e-05
169.8  0.0013294723404422843  -1.1616042088307657e-05
169.85000000000002  0.00132947767176389  -1.1617679292865346e-05
169.9  0.0013294827731430798  -1.1619798126215764e-05
169.95000000000002  0.0013294875023726947  -1.1622421853229627e-05
170.0  0.0013294917295609858  -1.1625561511855484e-05
170.05  0.0013294953451524723  -1.1629215090273371e-05
170.10000000000002  0.0013294982667293768  -1.1633367226932174e-05
170.15  0.0013295004440299488  -1.1637989421898142e-05
170.20000000000002  0.0013295018618225114  -1.164304077892937e-05
170.25  0.001329502540401331  -1.1648469219711433e-05
170.3  0.001329502533677859  -1.165421311370826e-05
170.35000000000002  0.0013295019250838236  -1.1660203259841718e-05
170.4  0.0013295008216052838  -1.1666365109821194e-05
170.45000000000002  0.0013294993464799583  -1.167262113227366e-05
170.5  0.0013294976311350507  -1.1678893196022887e-05
170.55  0.0013294958070226444  -1.1685104935794857e-05
170.60000000000002  0.0013294939979755576  -1.1691183901320367e-05
170.65  0.0013294923136511103  -1.1697063500244959e-05
170.70000000000002  0.0013294908444988142  -1.1702684602457884e-05
170.75  0.001329489658587668  -1.1707996777755511e-05
170.8  0.0013294888004191316  -1.1712959128728898e-05
170.85000000000002  0.0013294882917143191  -1.1717540725747662e-05
170.9  0.001329488133991552  -1.1721720630849825e-05
170.95000000000002  0.00132948831259486  -1.1725487564186697e-05
171.0  0.001329488801783303  -1.1728839268658063e-05
171.05  0.0013294895703548529  -1.1731781652461032e-05
171.10000000000002  0.0013294905872886303  -1.173432778616638e-05
171.15  0.0013294918269197951  -1.1736496864235449e-05
171.20000000000002  0.0013294932731767106  -1.1738313207726317e-05
171.25  0.001329494922516792  -1.1739805432523713e-05
171.3  0.0013294967853147719  -1.1741005773052292e-05
171.35000000000002  0.0013294988855813523  -1.1741949681016235e-05
171.4  0.0013295012590001471  -1.1742675631359043e-05
171.45000000000002  0.0013295039494513935  -1.1743225137086097e-05
171.5  0.0013295070042612894  -1.1743642869832278e-05
171.55  0.0013295104685870055  -1.1743976804756478e-05
171.60000000000002  0.0013295143793686341  -1.1744278296401062e-05
171.65  0.0013295187593732939  -1.1744601937702429e-05
171.70000000000002  0.0013295236118814476  -1.1745005142753699e-05
171.75  0.0013295289165255427  -1.1745547380800372e-05
171.8  0.0013295346266986464  -1.1746289042347002e-05
171.85000000000002  0.0013295406689025533  -1.1747289969282738e-05
171.9  0.0013295469441970255  -1.174860766686367e-05
171.95000000000002  0.0013295533317662122  -1.1750295355975287e-05
172.0  0.001329559694440731  -1.1752399943015628e-05
172.05  0.001329565885779518  -1.1754960026096593e-05
172.10000000000002  0.001329571758274918  -1.1758004120119886e-05
172.15  0.0013295771719963145  -1.1761549177427598e-05
172.20000000000002  0.0013295820030449082  -1.1765599517273343e-05
172.25  0.0013295861511237964  -1.1770146221870906e-05
172.3  0.0013295895456366218  -1.1775167070560838e-05
172.35000000000002  0.00132959214982703  -1.1780626976744583e-05
172.4  0.0013295939626135763  -1.1786478939060461e-05
172.45000000000002  0.001329595018017209  -1.1792665457051386e-05
172.5  0.0013295953822566927  -1.1799120309439765e-05
172.55  0.0013295951487522456  -1.180577066318847e-05
172.60000000000002  0.0013295944314746346  -1.1812539373029572e-05
172.65  0.0013295933572060898  -1.1819347377518721e-05
172.70000000000002  0.0013295920573354598  -1.1826116122652121e-05
172.75  0.001329590659827054  -1.183276984158461e-05
172.8  0.001329589281970771  -1.183923767341256e-05
172.85000000000002  0.0013295880244644674  -1.184545547743194e-05
172.9  0.0013295869671761215  -1.1851367347797044e-05
172.95000000000002  0.0013295861668623284  -1.1856926687106692e-05
173.0  0.0013295856569113117  -1.1862096904880566e-05
173.05  0.0013295854489895282  -1.1866851697216576e-05
173.10000000000002  0.0013295855363593687  -1.187117491733983e-05
173.15  0.001329585898494611  -1.1875060112737437e-05
173.20000000000002  0.0013295865065189585  -1.1878509782918675e-05
173.25  0.0013295873289511932  -1.1881534418499299e-05
173.3  0.0013295883372388233  -1.1884151434888375e-05
173.35000000000002  0.001329589510583503  -1.188638411708505e-05
173.4  0.001329590839657523  -1.1888260611942446e-05
173.45000000000002  0.0013295923288578334  -1.1889813114369626e-05
173.5  0.00132959399693363  -1.189107725127871e-05
173.55  0.00132959587590547  -1.1892091694560365e-05
173.60000000000002  0.001329598008335161  -1.1892898029233117e-05
173.65  0.001329600443170779  -1.1893540746416194e-05
173.70000000000002  0.0013296032304924584  -1.1894067354991408e-05
173.75  0.001329606415547107  -1.189452847282597e-05
173.8  0.001329610032615264  -1.1894977792746108e-05
173.85000000000002  0.0013296140991977787  -1.1895471818820173e-05
173.9  0.0013296186111055462  -1.1896069312236244e-05
173.95000000000002  0.0013296235388992655  -1.1896830374738651e-05
174.0  0.0013296288261143573  -1.1897815190506974e-05
174.05  0.0013296343895231794  -1.1899082441922107e-05
174.10000000000002  0.0013296401215361219  -1.190068748532498e-05
174.15  0.00132964589469601  -1.1902680392284989e-05
174.20000000000002  0.0013296515679695098  -1.1905103966839683e-05
174.25  0.0013296569944382282  -1.1907991884051259e-05
174.3  0.0013296620298227852  -1.1911367058929775e-05
174.35000000000002  0.0013296665411540397  -1.1915240386766194e-05
174.4  0.0013296704149686274  -1.191960987809214e-05
174.45000000000002  0.0013296735643182579  -1.192446032499499e-05
174.5  0.001329675934082342  -1.1929763470500511e-05
174.55  0.0013296775041326445  -1.1935478672444157e-05
174.60000000000002  0.0013296782901282922  -1.1941554073588347e-05
174.65  0.0013296783418933293  -1.1947928175218216e-05
174.70000000000002  0.0013296777395377388  -1.1954531771462694e-05
174.75  0.00132967658766253  -1.1961290130191467e-05
174.8  0.0013296750081457577  -1.196812533935175e-05
174.85000000000002  0.0013296731320963963  -1.1974958711404417e-05
174.9  0.0013296710916221633  -1.1981713124062615e-05
174.95000000000002  0.001329669012048383  -1.1988315243682932e-05
175.0  0.001329667005170924  -1.1994697480859399e-05
175.05  0.001329665164011299  -1.2000799686902276e-05
175.10000000000002  0.0013296635593947096  -1.200657045471109e-05
175.15  0.001329662238537374  -1.2011968024229058e-05
175.20000000000002  0.0013296612256227121  -1.2016960788624985e-05
175.25  0.001329660524208889  -1.2021527396694322e-05
175.3  0.0013296601211532989  -1.2025656464090587e-05
175.35000000000002  0.0013296599916361048  -1.2029345983399363e-05
175.4  0.001329660104794979  -1.2032602482070021e-05
175.45000000000002  0.0013296604294414332  -1.2035440017133816e-05
175.5  0.0013296609393416686  -1.203787911388521e-05
175.55  0.0013296616176048592  -1.2039945729353484e-05
175.60000000000002  0.0013296624597919698  -1.2041670337544982e-05
175.65  0.0013296634754964716  -1.2043087187242336e-05
175.70000000000002  0.0013296646882232765  -1.2044233798670645e-05
175.75  0.0013296661335885317  -1.2045150699047341e-05
175.8  0.001329667855960096  -1.2045881307387553e-05
175.85000000000002  0.0013296699037870377  -1.2046472003910606e-05
175.9  0.001329672324013539  -1.2046972199129076e-05
175.95000000000002  0.001329675156020131  -1.204743434670124e-05
176.0  0.001329678425617411  -1.2047913790522581e-05
176.05  0.0013296821396328816  -1.2048468324878949e-05
176.10000000000002  0.0013296862816178545  -1.2049157463511718e-05
176.15  0.0013296908091072084  -1.2050041342016719e-05
176.20000000000002  0.0013296956528127805  -1.2051179280182615e-05
176.25  0.0013297007178968076  -1.205262808251712e-05
176.3  0.0013297058873850414  -1.2054440151949017e-05
176.35000000000002  0.0013297110275362495  -1.2056661515013104e-05
176.4  0.0013297159948167981  -1.2059329916275425e-05
176.45000000000002  0.0013297206440186272  -1.2062473078013687e-05
176.5  0.0013297248368598184  -1.2066107270256618e-05
176.55  0.0013297284504304398  -1.2070236263898946e-05
176.60000000000002  0.0013297313848066525  -1.2074850756398753e-05
176.65  0.0013297335692250539  -1.207992829447104e-05
176.70000000000002  0.001329734966314887  -1.2085433720921378e-05
176.75  0.0013297355740899386  -1.2091320096592993e-05
176.8  0.0013297354255189806  -1.2097530105335689e-05
176.85000000000002  0.0013297345857707526  -1.2103997806547635e-05
176.9  0.0013297331473582689  -1.2110650723774958e-05
176.95000000000002  0.0013297312236286163  -1.2117412105093939e-05
177.0  0.001329728941119324  -1.2124203321210746e-05
177.05  0.0013297264314156192  -1.2130946240437629e-05
177.10000000000002  0.0013297238231508683  -1.2137565512519797e-05
177.15  0.0013297212347403522  -1.2143990666059002e-05
177.20000000000002  0.001329718768400169  -1.215015793520869e-05
177.25  0.001329716505837856  -1.2156011730080811e-05
177.3  0.0013297145058446284  -1.216150575740428e-05
177.35000000000002  0.0013297128039025676  -1.216660370000869e-05
177.4  0.0013297114136844594  -1.2171279513637336e-05
177.45000000000002  0.0013297103302341174  -1.217551730964175e-05
177.5  0.0013297095344463826  -1.2179310911317708e-05
177.55  0.0013297089983932454  -1.218266310810609e-05
177.60000000000002  0.0013297086909810918  -1.218558472323712e-05
177.65  0.0013297085834303134  -1.2188093570062722e-05
177.70000000000002  0.0013297086540810916  -1.2190213388854143e-05
177.75  0.001329708892107758  -1.2191972866058918e-05
177.8  0.0013297092998317134  -1.2193404807465404e-05
177.85000000000002  0.0013297098934068321  -1.2194545513081632e-05
177.9  0.0013297107018327274  -1.219543439945456e-05
177.95000000000002  0.0013297117643441326  -1.2196113807363615e-05
178.0  0.0013297131263769356  -1.2196628991446076e-05
178.05  0.0013297148344375638  -1.219702818202337e-05
178.10000000000002  0.001329716930296054  -1.219736263072019e-05
178.15  0.0013297194449759105  -1.2197686512405441e-05
178.20000000000002  0.0013297223931105558  -1.2198056642143498e-05
178.25  0.0013297257681582836  -1.21985318411893e-05
178.3  0.0013297295389729173  -1.2199172022754937e-05
178.35000000000002  0.0013297336481493459  -1.2200036891912565e-05
178.4  0.0013297380123619698  -1.2201184358980976e-05
178.45000000000002  0.001329742524837084  -1.2202668735733458e-05
178.5  0.0013297470598310477  -1.220453879313254e-05
178.55  0.0013297514789086047  -1.2206835818599402e-05
178.60000000000002  0.0013297556385111972  -1.220959179876668e-05
178.65  0.0013297593983280173  -1.221282785414141e-05
178.70000000000002  0.0013297626297883733  -1.2216553018739424e-05
178.75  0.0013297652239989007  -1.2220763466855018e-05
178.8  0.0013297670985092608  -1.2225442199383378e-05
178.85000000000002  0.0013297682023631113  -1.2230559291441837e-05
178.9  0.0013297685190224672  -1.2236072597333197e-05
178.95000000000002  0.0013297680669626865  -1.224192896014597e-05
179.0  0.0013297668979034682  -1.2248065819007222e-05
179.05  0.0013297650928598185  -1.2254413167789649e-05
179.10000000000002  0.0013297627563270149  -1.226089575878447e-05
179.15  0.0013297600091479699  -1.226743544877984e-05
179.20000000000002  0.001329756980592615  -1.227395360612032e-05
179.25  0.0013297538003222992  -1.2280373439140543e-05
179.3  0.001329750590848282  -1.2286622197379797e-05
179.35000000000002  0.0013297474610359662  -1.2292633113920241e-05
179.4  0.0013297445010945588  -1.229834704432383e-05
179.45000000000002  0.0013297417794093398  -1.2303713741786777e-05
179.5  0.0013297393413003447  -1.2308692716422138e-05
179.55  0.001329737209743625  -1.2313253699229175e-05
179.60000000000002  0.0013297353878296105  -1.2317376699380101e-05
179.65  0.0013297338627010756  -1.232105168402981e-05
179.70000000000002  0.0013297326104923825  -1.232427796748494e-05
179.75  0.0013297316018314642  -1.2327063342676826e-05
179.8  0.0013297308073551893  -1.2329423070843166e-05
179.85000000000002  0.00132973020276863  -1.2331378816916286e-05
179.9  0.001329729772970525  -1.2332957634837629e-05
179.95000000000002  0.0013297295149170723  -1.2334191058897674e-05
180.0  0.001329729438957115  -1.2335114384812206e-05
180.05  0.001329729568498219  -1.2335766169751378e-05
180.10000000000002  0.0013297299380633804  -1.2336187957593119e-05
180.15  0.0013297305898252443  -1.2336424170381922e-05
180.20000000000002  0.0013297315689569833  -1.2336522124951834e-05
180.25  0.001329732918093858  -1.233653205858496e-05
180.3  0.0013297346714569497  -1.2336507102423907e-05
180.35000000000002  0.0013297368490975139  -1.2336503038014291e-05
180.4  0.0013297394518235477  -1.2336577810756325e-05
180.45000000000002  0.0013297424573039032  -1.2336790735361898e-05
180.5  0.0013297458177495684  -1.2337201351770503e-05
180.55  0.00132974945954001  -1.233786797386516e-05
180.60000000000002  0.0013297532849061294  -1.2338845984948845e-05
180.65  0.0013297571756680383  -1.2340185969562023e-05
180.70000000000002  0.0013297609988259943  -1.234193179225026e-05
180.75  0.0013297646136440856  -1.234411875334913e-05
180.8  0.0013297678796898927  -1.2346771942796245e-05
180.85000000000002  0.0013297706652381255  -1.234990489028167e-05
180.9  0.0013297728553751486  -1.235351862812254e-05
180.95000000000002  0.0013297743591268504  -1.2357601201360563e-05
181.0  0.0013297751150890972  -1.2362127692256862e-05
181.05  0.0013297750950783556  -1.2367060731453285e-05
181.10000000000002  0.0013297743055349907  -1.2372351518438241e-05
181.15  0.001329772786570768  -1.2377941252951822e-05
181.20000000000002  0.0013297706088013336  -1.2383762952024834e-05
181.25  0.0013297678682023116  -1.2389743545405604e-05
181.3  0.001329764679461495  -1.2395806161331706e-05
181.35000000000002  0.0013297611683898928  -1.2401872503055148e-05
181.4  0.001329757463950584  -1.2407865210817357e-05
181.45000000000002  0.001329753690604697  -1.2413710101670029e-05
181.5  0.0013297499614781305  -1.2419338212674613e-05
181.55  0.001329746372902996  -1.2424687568428111e-05
181.60000000000002  0.0013297430006188053  -1.2429704582039196e-05
181.65  0.0013297398978946535  -1.2434345087152833e-05
181.70000000000002  0.0013297370955848403  -1.243857495086462e-05
181.75  0.0013297346039843876  -1.2442370282596564e-05
181.8  0.0013297324162536927  -1.2445717267473098e-05
181.85000000000002  0.0013297305129857822  -1.2448611658329753e-05
181.9  0.0013297288674922751  -1.2451058020356985e-05
181.95000000000002  0.0013297274512771812  -1.245306877457322e-05
182.0  0.0013297262392196704  -1.245466316449962e-05
182.05  0.0013297252139867848  -1.2455866241605439e-05
182.10000000000002  0.0013297243692777987  -1.245670792156782e-05
182.15  0.0013297237116502098  -1.2457222209904671e-05
182.20000000000002  0.0013297232607288165  -1.2457446636124575e-05
182.25  0.0013297230477765103  -1.2457421895229587e-05
182.3  0.0013297231127236816  -1.2457191691735516e-05
182.35000000000002  0.001329723499890991  -1.2456802694333193e-05
182.4  0.0013297242527476234  -1.2456304554553225e-05
182.45000000000002  0.0013297254081352271  -1.2455749869135077e-05
182.5  0.00132972699047017  -1.2455193981279148e-05
182.55  0.0013297290064461216  -1.2454694569132853e-05
182.60000000000002  0.0013297314407632712  -1.2454310922485634e-05
182.65  0.0013297342533124656  -1.245410289646583e-05
182.70000000000002  0.001329737378183058  -1.2454129532387596e-05
182.75  0.0013297407247124264  -1.2454447444424136e-05
182.8  0.0013297441805958281  -1.2455108996659871e-05
182.85000000000002  0.0013297476169228436  -1.2456160406126523e-05
182.9  0.0013297508948266075  -1.2457639870454697e-05
182.95000000000002  0.0013297538732653718  -1.2459575883653085e-05
183.0  0.0013297564173548018  -1.2461985803330312e-05
183.05  0.0013297584066051839  -1.2464874793801425e-05
183.10000000000002  0.001329759742387458  -1.246823521641933e-05
183.15  0.0013297603540604866  -1.2472046493221841e-05
183.20000000000002  0.0013297602032482803  -1.247627547801939e-05
183.25  0.0013297592859310516  -1.2480877314779352e-05
183.3  0.0013297576322243623  -1.2485796742756202e-05
183.35000000000002  0.00132975530385842  -1.2490969781175703e-05
183.4  0.0013297523896110127  -1.2496325732579334e-05
183.45000000000002  0.0013297489990890493  -1.2501789381500969e-05
183.5  0.0013297452553554063  -1.2507283343039387e-05
183.55  0.001329741287040121  -1.2512730403458532e-05
183.60000000000002  0.0013297372205380762  -1.2518055781998369e-05
183.65  0.0013297331728871478  -1.2523189227951845e-05
183.70000000000002  0.0013297292458466694  -1.2528066853648091e-05
183.75  0.0013297255215852784  -1.2532632635092636e-05
183.8  0.001329722060200762  -1.2536839570677903e-05
183.85000000000002  0.0013297188992080406  -1.2540650407725736e-05
183.9  0.0013297160548507289  -1.2544037985534498e-05
183.95000000000002  0.0013297135250989224  -1.2546985183842382e-05
184.0  0.001329711293899429  -1.2549484534829947e-05
184.05  0.001329709336309486  -1.2551537546552703e-05
184.10000000000002  0.0013297076239666078  -1.255315382086208e-05
184.15  0.0013297061304124377  -1.255435006337327e-05
184.20000000000002  0.0013297048357954035  -1.2555149067129115e-05
184.25  0.0013297037305250755  -1.2555578762023906e-05
184.3  0.0013297028175714863  -1.255567141907922e-05
184.35000000000002  0.001329702113178502  -1.2555463023174195e-05
184.4  0.001329701645952178  -1.255499289497372e-05
184.45000000000002  0.0013297014543367754  -1.2554303473823127e-05
184.5  0.001329701582710547  -1.2553440273037212e-05
184.55  0.0013297020763778627  -1.25524519003523e-05
184.60000000000002  0.0013297029758850079  -1.2551390049554906e-05
184.65  0.0013297043111321163  -1.2550309377010074e-05
184.70000000000002  0.0013297060958151162  -1.2549267152422517e-05
184.75  0.0013297083227274806  -1.2548322626090586e-05
184.8  0.0013297109603864323  -1.2547536062876177e-05
184.85000000000002  0.0013297139513845507  -1.2546967456760318e-05
184.9  0.0013297172127236228  -1.2546674952458505e-05
184.95000000000002  0.0013297206382520208  -1.2546713053387492e-05
185.0  0.001329724103075219  -1.2547130700777472e-05
185.05  0.0013297274697448421  -1.254796937073051e-05
185.10000000000002  0.0013297305957428625  -1.2549261282357774e-05
185.15  0.0013297333417520213  -1.255102787496706e-05
185.20000000000002  0.0013297355800388597  -1.2553278608630957e-05
185.25  0.0013297372023257147  -1.2556010207533433e-05
185.3  0.0013297381264832024  -1.2559206380281015e-05
185.35000000000002  0.001329738301549976  -1.2562838050496545e-05
185.4  0.0013297377106421303  -1.2566864077160071e-05
185.45000000000002  0.001329736371577821  -1.2571232438207311e-05
185.5  0.0013297343351487388  -1.2575881826112478e-05
185.55  0.0013297316812401383  -1.258074357794541e-05
185.60000000000002  0.00132972851312673  -1.258574384308854e-05
185.65  0.0013297249504142972  -1.259080588566434e-05
185.70000000000002  0.0013297211212338841  -1.2595852436561887e-05
185.75  0.0013297171542977475  -1.2600808000663537e-05
185.8  0.0013297131714245436  -1.260560098888708e-05
185.85000000000002  0.0013297092811069412  -1.2610165619335767e-05
185.9  0.001329705573534747  -1.2614443526301608e-05
185.95000000000002  0.0013297021174214763  -1.2618384985927733e-05
186.0  0.001329698958750548  -1.2621949775047225e-05
186.05  0.001329696121431555  -1.2625107612053107e-05
186.10000000000002  0.0013296936097169363  -1.262783820523642e-05
186.15  0.0013296914120522244  -1.2630130958254352e-05
186.20000000000002  0.0013296895059417627  -1.2631984385714579e-05
186.25  0.0013296878633735486  -1.263340526982406e-05
186.3  0.001329686456268432  -1.2634407714167957e-05
186.35000000000002  0.0013296852614974855  -1.2635012137021087e-05
186.4  0.0013296842649778086  -1.263524430381816e-05
186.45000000000002  0.001329683464525434  -1.2635134498444707e-05
186.5  0.0013296828712040848  -1.2634716862983337e-05
186.55  0.001329682509033896  -1.2634028963791192e-05
186.60000000000002  0.0013296824130763427  -1.263311155658088e-05
186.65  0.0013296826260321983  -1.2632008510875432e-05
186.70000000000002  0.0013296831936164097  -1.2630766863106781e-05
186.75  0.001329684159082046  -1.2629436848732647e-05
186.8  0.0013296855573437674  -1.262807184020955e-05
186.85000000000002  0.0013296874092403924  -1.2626728099142349e-05
186.9  0.0013296897164259873  -1.2625464264490291e-05
186.95000000000002  0.001329692457415202  -1.2624340493524902e-05
187.0  0.0013296955852158464  -1.2623417276295024e-05
187.05  0.0013296990268603873  -1.2622753955747988e-05
187.10000000000002  0.00132970268498261  -1.2622406960688891e-05
187.15  0.0013297064414670944  -1.2622427901997474e-05
187.20000000000002  0.001329710162945435  -1.2622861640973959e-05
187.25  0.0013297137078153568  -1.2623744399537363e-05
187.3  0.001329716934246019  -1.262510212448123e-05
187.35000000000002  0.0013297197085752632  -1.2626949133283968e-05
187.4  0.0013297219134387527  -1.2629287180006125e-05
187.45000000000002  0.0013297234550047742  -1.2632104989987133e-05
187.5  0.0013297242687016265  -1.2635378297151949e-05
187.55  0.0013297243230078965  -1.2639070397992285e-05
187.60000000000002  0.0013297236210324907  -1.264313316285911e-05
187.65  0.0013297221997283875  -1.264750851157168e-05
187.70000000000002  0.001329720126886435  -1.2652130229725157e-05
187.75  0.001329717496145816  -1.265692607147937e-05
187.8  0.0013297144204608346  -1.2661820034643237e-05
187.85000000000002  0.0013297110245742369  -1.2666734726436636e-05
187.9  0.0013297074371024752  -1.2671593681168477e-05
187.95000000000002  0.0013297037828366074  -1.2676323587013615e-05
188.0  0.0013297001758771694  -1.2680856281151501e-05
188.05  0.0013296967140491293  -1.2685130457148032e-05
188.10000000000002  0.001329693474983117  -1.2689093034297903e-05
188.15  0.0013296905140896178  -1.269270015402332e-05
188.20000000000002  0.0013296878644375293  -1.269591774794238e-05
188.25  0.0013296855384784952  -1.2698721732239734e-05
188.3  0.0013296835313121166  -1.270109782186622e-05
188.35000000000002  0.001329681825157167  -1.2703041028421305e-05
188.4  0.0013296803945701719  -1.2704554901058797e-05
188.45000000000002  0.0013296792118853043  -1.270565060084404e-05
188.5  0.0013296782524246523  -1.2706345898597224e-05
188.55  0.0013296774989647315  -1.2706664194798468e-05
188.60000000000002  0.00132967694510014  -1.27066336180966e-05
188.65  0.0013296765971988205  -1.2706286322211407e-05
188.70000000000002  0.0013296764747670318  -1.2705657973794597e-05
188.75  0.001329676609176717  -1.2704787464669744e-05
188.8  0.001329677040855578  -1.270371681743427e-05
188.85000000000002  0.00132967781512927  -1.2702491225010932e-05
188.9  0.0013296789770569136  -1.2701159136599676e-05
188.95000000000002  0.0013296805656778732  -1.2699772285549552e-05
189.0  0.0013296826081713067  -1.2698385543754263e-05
189.05  0.0013296851144304087  -1.2697056549144372e-05
189.10000000000002  0.0013296880725982853  -1.2695844995960965e-05
189.15  0.0013296914460048251  -1.2694811579391308e-05
189.20000000000002  0.0013296951718811281  -1.269401661906696e-05
189.25  0.001329699162083752  -1.2693518381656104e-05
189.3  0.0013297033058995013  -1.2693371196915147e-05
189.35000000000002  0.0013297074748199738  -1.2693623490869538e-05
189.4  0.0013297115289898874  -1.2694315844722498e-05
189.45000000000002  0.0013297153248784692  -1.2695479204090647e-05
189.5  0.00132971872361364  -1.269713337540381e-05
189.55  0.0013297215993312694  -1.2699285894233548e-05
189.60000000000002  0.0013297238468711154  -1.2701931338876624e-05
189.65  0.0013297253882260589  -1.2705051152502706e-05
189.70000000000002  0.0013297261772015306  -1.270861396427379e-05
189.75  0.0013297262019586287  -1.2712576430095397e-05
189.8  0.0013297254852248216  -1.2716884509457612e-05
189.85000000000002  0.0013297240821844643  -1.272147515020178e-05
189.9  0.0013297220762670068  -1.2726278290154064e-05
189.95000000000002  0.0013297195731842406  -1.273121907635318e-05
190.0  0.0013297166937241032  -1.273622020671523e-05
190.05  0.0013297135658864702  -1.2741204296366423e-05
190.10000000000002  0.0013297103170077898  -1.2746096147754475e-05
190.15  0.0013297070664411948  -1.2750824866062565e-05
190.20000000000002  0.001329703919361123  -1.2755325714729746e-05
190.25  0.0013297009621093536  -1.2759541622692759e-05
190.3  0.0013296982593455373  -1.2763424373871926e-05
190.35000000000002  0.0013296958531461055  -1.2766935346730508e-05
190.4  0.0013296937639762489  -1.2770045882516375e-05
190.45000000000002  0.001329691993392434  -1.2772737262344686e-05
190.5  0.0013296905280738183  -1.2775000324413916e-05
190.55  0.0013296893448274507  -1.2776834808165996e-05
190.60000000000002  0.0013296884160353558  -1.2778248499102662e-05
190.65  0.001329687715059894  -1.277925622543126e-05
190.70000000000002  0.001329687221101064  -1.2779878847689807e-05
190.75  0.0013296869231089075  -1.2780142304614486e-05
190.8  0.0013296868223714674  -1.2780076808168762e-05
190.85000000000002  0.0013296869335856268  -1.277971622496842e-05
190.9  0.001329687284276123  -1.2779097686646838e-05
190.95000000000002  0.0013296879126046194  -1.2778261432258077e-05
191.0  0.0013296888637391317  -1.277725078815766e-05
191.05  0.0013296901850284103  -1.2776112273264837e-05
191.10000000000002  0.0013296919204098408  -1.2774895685596448e-05
191.15  0.0013296941044762308  -1.2773654078074574e-05
191.20000000000002  0.001329696756745244  -1.2772443527946879e-05
191.25  0.0013296998766416535  -1.27713226187238e-05
191.3  0.0013297034396834249  -1.2770351575231982e-05
191.35000000000002  0.0013297073953152207  -1.2769591042435845e-05
191.4  0.0013297116666590736  -1.2769100558975358e-05
191.45000000000002  0.0013297161523540485  -1.2768936745378339e-05
191.5  0.0013297207304653357  -1.2769151373069176e-05
191.55  0.0013297252642214433  -1.2769789360413011e-05
191.60000000000002  0.0013297296092500638  -1.2770886884225729e-05
191.65  0.0013297336217399946  -1.2772469710973545e-05
191.70000000000002  0.0013297371669535594  -1.27745518356475e-05
191.75  0.0013297401274128904  -1.2777134559115427e-05
191.8  0.0013297424100846568  -1.278020604768271e-05
191.85000000000002  0.0013297439520275284  -1.278374138505105e-05
191.9  0.0013297447240431647  -1.2787703157005818e-05
191.95000000000002  0.0013297447320422444  -1.2792042503523022e-05
192.0  0.0013297440160408467  -1.279670061737296e-05
192.05  0.0013297426469122229  -1.2801610594441546e-05
192.10000000000002  0.001329740721154173  -1.2806699558018148e-05
192.15  0.001329738354157645  -1.2811890950907177e-05
192.20000000000002  0.001329735672487964  -1.2817106919437316e-05
192.25  0.0013297328058521274  -1.2822270635458603e-05
192.3  0.0013297298793503649  -1.2827308527206798e-05
192.35000000000002  0.0013297270065866762  -1.2832152261340961e-05
192.4  0.0013297242841568482  -1.2836740466077895e-05
192.45000000000002  0.001329721787840752  -1.2841020083848953e-05
192.5  0.001329719570733104  -1.284494735055979e-05
192.55  0.0013297176633134899  -1.2848488366321649e-05
192.60000000000002  0.0013297160753694775  -1.2851619260685729e-05
192.65  0.0013297147994694209  -1.2854326005833192e-05
192.70000000000002  0.001329713815618627  -1.2856603882420306e-05
192.75  0.0013297130966418319  -1.2858456718906975e-05
192.8  0.0013297126137385548  -1.285989593811899e-05
192.85000000000002  0.0013297123417649458  -1.2860939536421924e-05
192.9  0.0013297122637265374  -1.286161109104319e-05
192.95000000000002  0.0013297123741221662  -1.2861938833930164e-05
193.0  0.001329712680818957  -1.2861954935071418e-05
193.05  0.0013297132053146843  -1.2861694985648211e-05
193.10000000000002  0.0013297139813426913  -1.2861197703773353e-05
193.15  0.0013297150518864751  -1.2860504843790858e-05
193.20000000000002  0.0013297164648775881  -1.2859661248566258e-05
193.25  0.0013297182678650116  -1.285871494176229e-05
193.3  0.0013297205021192836  -1.2857717204429e-05
193.35000000000002  0.0013297231966624082  -1.2856722440452405e-05
193.4  0.001329726362732401  -1.2855787851002846e-05
193.45000000000002  0.0013297299892337576  -1.2854972743384509e-05
193.5  0.0013297340396318514  -1.2854337524534549e-05
193.55  0.0013297384506453407  -1.2853942323612431e-05
193.60000000000002  0.0013297431329801473  -1.2853845347884094e-05
193.65  0.0013297479741986586  -1.2854100995944974e-05
193.70000000000002  0.0013297528435601276  -1.2854757901486114e-05
193.75  0.0013297575985997052  -1.2855856959615342e-05
193.8  0.0013297620929366902  -1.2857429544095187e-05
193.85000000000002  0.0013297661847688344  -1.2859495972568726e-05
193.9  0.0013297697453930621  -1.2862064341947663e-05
193.95000000000002  0.0013297726670666176  -1.286512982895372e-05
194.0  0.0013297748696062127  -1.2868674467445625e-05
194.05  0.0013297763051845668  -1.2872667459104515e-05
194.10000000000002  0.0013297769609526332  -1.2877065958825755e-05
194.15  0.0013297768592985734  -1.2881816339501491e-05
194.20000000000002  0.0013297760557445142  -1.2886855854448765e-05
194.25  0.0013297746346667412  -1.2892114605833312e-05
194.3  0.0013297727032503858  -1.2897517753310923e-05
194.35000000000002  0.0013297703841278893  -1.2902987846243356e-05
194.4  0.0013297678073663558  -1.2908447179136554e-05
194.45000000000002  0.0013297651023970528  -1.2913820086906075e-05
194.5  0.0013297623905322718  -1.2919035063243991e-05
194.55  0.001329759778582556  -1.2924026637520193e-05
194.60000000000002  0.0013297573540757058  -1.2928736937812039e-05
194.65  0.0013297551823031341  -1.2933116876983914e-05
194.70000000000002  0.0013297533053510833  -1.2937126965717753e-05
194.75  0.0013297517430884134  -1.2940737708166386e-05
194.8  0.0013297504958821008  -1.2943929609288813e-05
194.85000000000002  0.0013297495487313191  -1.2946692827812164e-05
194.9  0.0013297488764046816  -1.2949026544254155e-05
194.95000000000002  0.0013297484490367658  -1.2950938098318498e-05
195.0  0.0013297482377053996  -1.2952442002380003e-05
195.05  0.0013297482194831942  -1.295355891124065e-05
195.10000000000002  0.0013297483815053932  -1.2954314648759872e-05
195.15  0.0013297487237265248  -1.2954739360147025e-05
195.20000000000002  0.0013297492600985307  -1.2954866878328369e-05
195.25  0.0013297500180927927  -1.2954734297446115e-05
195.3  0.0013297510365479562  -1.295438178000824e-05
195.35000000000002  0.0013297523620313086  -1.2953852525932345e-05
195.4  0.00132975404396444  -1.2953192873938727e-05
195.45000000000002  0.001329756128928061  -1.2952452375819307e-05
195.5  0.001329758654592218  -1.2951683818002635e-05
195.55  0.0013297616437967764  -1.2950942999681993e-05
195.60000000000002  0.0013297650993317912  -1.2950288249578574e-05
195.65  0.0013297689998921587  -1.2949779601344365e-05
195.70000000000002  0.0013297732976878555  -1.2949477608922952e-05
195.75  0.0013297779179861813  -1.294944184471083e-05
195.8  0.0013297827607680593  -1.2949729107785053e-05
195.85000000000002  0.001329787704493721  -1.2950391496670982e-05
195.9  0.0013297926117857275  -1.2951474411926063e-05
195.95000000000002  0.0013297973366514352  -1.2953014648724084e-05
196.0  0.0013298017327436108  -1.2955038699927852e-05
196.05  0.0013298056620044754  -1.2957561367764629e-05
196.10000000000002  0.0013298090030752607  -1.2960584810526622e-05
196.15  0.001329811658752319  -1.2964098054497756e-05
196.20000000000002  0.0013298135619163997  -1.2968077007292716e-05
196.25  0.001329814679479509  -1.2972485007362164e-05
196.3  0.0013298150140385176  -1.2977273840926885e-05
196.35000000000002  0.0013298146030912223  -1.2982385205916784e-05
196.4  0.0013298135159605798  -1.298775254229324e-05
196.45000000000002  0.0013298118486500293  -1.2993303127507893e-05
196.5  0.0013298097171149854  -1.29989603680382e-05
196.55  0.001329807249479324  -1.3004646171103982e-05
196.60000000000002  0.001329804577832184  -1.301028328328771e-05
196.65  0.0013298018302673183  -1.3015797527930317e-05
196.70000000000002  0.001329799123726545  -1.3021119824679363e-05
196.75  0.0013297965582060164  -1.3026187937185203e-05
196.8  0.0013297942126659764  -1.3030947866353036e-05
196.85000000000002  0.001329792142892733  -1.3035354876674596e-05
196.9  0.0013297903813560396  -1.3039374114658152e-05
196.95000000000002  0.0013297889389744103  -1.3042980821492602e-05
197.0  0.0013297878085055548  -1.304616016506064e-05
197.05  0.001329786969198227  -1.3048906759907924e-05
197.10000000000002  0.0013297863922287767  -1.3051223902182637e-05
197.15  0.0013297860464048712  -1.305312263248713e-05
197.20000000000002  0.001329785903648198  -1.3054620695417997e-05
197.25  0.0013297859437097674  -1.3055741525534e-05
197.3  0.0013297861577900216  -1.3056513288350739e-05
197.35000000000002  0.001329786550686206  -1.3056968123140796e-05
197.4  0.0013297871413170972  -1.3057141566733617e-05
197.45000000000002  0.0013297879615410567  -1.3057072239422364e-05
197.5  0.0013297890533811828  -1.3056801725081836e-05
197.55  0.0013297904648387972  -1.3056374600585257e-05
197.60000000000002  0.001329792244616917  -1.305583855506923e-05
197.65  0.001329794436209288  -1.3055244457690842e-05
197.70000000000002  0.0013297970718381797  -1.3054646301043798e-05
197.75  0.0013298001667451302  -1.3054100889399781e-05
197.8  0.0013298037144064009  -1.305366723872766e-05
197.85000000000002  0.0013298076831351228  -1.3053405600472546e-05
197.9  0.0013298120144526406  -1.3053376155518475e-05
197.95000000000002  0.0013298166234955427  -1.3053637379073306e-05
198.0  0.0013298214015579793  -1.3054244195736522e-05
198.05  0.0013298262206703987  -1.3055245998656656e-05
198.10000000000002  0.00132983093993833  -1.3056684676367907e-05
198.15  0.0013298354132512385  -1.3058592766526005e-05
198.20000000000002  0.0013298394977322365  -1.3060991870394371e-05
198.25  0.0013298430623221945  -1.3063891435412906e-05
198.3  0.0013298459958154367  -1.3067287965115256e-05
198.35000000000002  0.0013298482137201102  -1.3071164748084882e-05
198.4  0.0013298496633646546  -1.3075492086164113e-05
198.45000000000002  0.0013298503268774032  -1.308022804861976e-05
198.5  0.0013298502218192056  -1.3085319686876066e-05
198.55  0.0013298493994233392  -1.3090704661998238e-05
198.60000000000002  0.0013298479406275402  -1.3096313223245285e-05
198.65  0.001329845950239469  -1.310207040312514e-05
198.70000000000002  0.001329843549735334  -1.3107898380494611e-05
198.75  0.0013298408692806155  -1.311371886407453e-05
198.8  0.0013298380395990318  -1.3119455422869251e-05
198.85000000000002  0.0013298351843371425  -1.3125035653304101e-05
198.9  0.0013298324134815758  -1.3130393104202704e-05
198.95000000000002  0.0013298298182662796  -1.3135468893654646e-05
199.0  0.0013298274679146762  -1.314021295457891e-05
199.05  0.0013298254083552404  -1.3144584883657763e-05
199.10000000000002  0.0013298236628961077  -1.3148554388017742e-05
199.15  0.001329822234677828  -1.3152101316275897e-05
199.20000000000002  0.0013298211106221882  -1.3155215348903794e-05
199.25  0.0013298202664091623  -1.315789536604549e-05
199.3  0.0013298196720480699  -1.3160148587564795e-05
199.35000000000002  0.001329819297476098  -1.3161989561209049e-05
199.4  0.001329819117708636  -1.31634391124407e-05
199.45000000000002  0.0013298191170951171  -1.3164523322707405e-05
199.5  0.0013298192922867379  -1.316527262597148e-05
199.55  0.0013298196536832094  -1.3165721134814393e-05
199.60000000000002  0.0013298202252182674  -1.316590614126715e-05
199.65  0.0013298210424915274  -1.3165867890636081e-05
199.70000000000002  0.0013298221493616847  -1.3165649510679927e-05
199.75  0.0013298235933093287  -1.3165297095394388e-05
199.8  0.0013298254198841944  -1.316485980507715e-05
199.85000000000002  0.0013298276667334272  -1.3164389875785273e-05
199.9  0.001329830357719709  -1.3163942478651176e-05
199.95000000000002  0.0013298334976346645  -1.3163575271636922e-05
200.0  0.001329837068057146  -1.3163347670217007e-05
200.05  0.0013298410247667715  -1.3163319718103076e-05
200.10000000000002  0.001329845297057553  -1.3163550645814925e-05
200.15  0.0013298497891229481  -1.316409715904326e-05
200.20000000000002  0.0013298543835533671  -1.3165011525082958e-05
200.25  0.0013298589467318715  -1.316633960296912e-05
200.3  0.0013298633358104054  -1.316811891974648e-05
200.35000000000002  0.0013298674067705818  -1.317037695027759e-05
200.4  0.0013298710229221102  -1.3173129679414238e-05
200.45000000000002  0.0013298740632395507  -1.3176380570977561e-05
200.5  0.001329876429821989  -1.318012000041174e-05
200.55  0.0013298780539099646  -1.3184325205305896e-05
200.60000000000002  0.0013298788999626773  -1.3188960730587122e-05
200.65  0.0013298789675027678  -1.3193979390571241e-05
200.70000000000002  0.0013298782905897116  -1.319932366257155e-05
200.75  0.0013298769349700261  -1.3204927478240101e-05
200.8  0.0013298749931938709  -1.321071829535152e-05
200.85000000000002  0.0013298725781127965  -1.3216619386548592e-05
200.9  0.0013298698152777806  -1.3222552216882047e-05
200.95000000000002  0.001329866834885205  -1.3228438834758248e-05
201.0  0.0013298637638932522  -1.3234204136615153e-05
201.05  0.0013298607188769402  -1.323977795443282e-05
201.10000000000002  0.001329857800197694  -1.3245096860605853e-05
201.15  0.00132985508781087  -1.3250105639769525e-05
201.20000000000002  0.001329852638995514  -1.3254758364766579e-05
201.25  0.0013298504880445432  -1.3259019075768908e-05
201.3  0.0013298486478434282  -1.3262862048832704e-05
201.35000000000002  0.001329847113076136  -1.326627166197249e-05
201.4  0.0013298458647046777  -1.3269241939003768e-05
201.45000000000002  0.001329844875259736  -1.3271775796806708e-05
201.5  0.0013298441144492111  -1.3273884090364454e-05
201.55  0.0013298435545444829  -1.3275584580310792e-05
201.60000000000002  0.0013298431751039433  -1.3276900856989374e-05
201.65  0.0013298429665876237  -1.327786136060959e-05
201.70000000000002  0.0013298429325634322  -1.3278498554364707e-05
201.75  0.0013298430903386778  -1.3278848320635991e-05
201.8  0.0013298434698923688  -1.327894956985366e-05
201.85000000000002  0.001329844111230836  -1.3278844077045594e-05
201.9  0.0013298450603416142  -1.3278576486699554e-05
201.95000000000002  0.0013298463640652389  -1.32781943904197e-05
202.0  0.0013298480643156602  -1.327774840205573e-05
202.05  0.0013298501921125577  -1.327729210004458e-05
202.10000000000002  0.0013298527619709107  -1.327688175200301e-05
202.15  0.0013298557671574994  -1.3276575749626468e-05
202.20000000000002  0.001329859176309496  -1.327643368915772e-05
202.25  0.0013298629317897571  -1.3276515106168765e-05
202.3  0.0013298669500445362  -1.3276877925814294e-05
202.35000000000002  0.0013298711240601639  -1.3277576637139204e-05
202.4  0.0013298753278390254  -1.3278660376222595e-05
202.45000000000002  0.0013298794226437038  -1.3280170959113356e-05
202.5  0.0013298832645493473  -1.3282141067832314e-05
202.55  0.001329886712804041  -1.3284592639363274e-05
202.60000000000002  0.0013298896382867701  -1.3287535635742097e-05
202.65  0.0013298919314606384  -1.3290967229158531e-05
202.70000000000002  0.0013298935091479742  -1.329487146016278e-05
202.75  0.0013298943195926326  -1.329921942972009e-05
202.8  0.001329894345427232  -1.3303969984189965e-05
202.85000000000002  0.001329893604296923  -1.3309070883735816e-05
202.9  0.0013298921471394365  -1.331446038708127e-05
202.95000000000002  0.0013298900542495049  -1.3320069163137932e-05
203.0  0.0013298874295290491  -1.3325822483271172e-05
203.05  0.001329884393344824  -1.3331642549833976e-05
203.10000000000002  0.0013298810746275428  -1.3337450894281423e-05
203.15  0.0013298776028301505  -1.3343170705744757e-05
203.20000000000002  0.0013298741003627528  -1.334872903162494e-05
203.25  0.001329870676055561  -1.3354058736420277e-05
203.3  0.001329867420135569  -1.3359100159096408e-05
203.35000000000002  0.0013298644009954895  -1.3363802402181443e-05
203.4  0.0013298616639226021  -1.3368124241752884e-05
203.45000000000002  0.0013298592317765741  -1.3372034596634361e-05
203.5  0.0013298571074434773  -1.3375512614386526e-05
203.55  0.001329855277742532  -1.33785473989817e-05
203.60000000000002  0.0013298537183919627  -1.338113739184077e-05
203.65  0.0013298523995285238  -1.338328953337162e-05
203.70000000000002  0.001329851291273267  -1.338501825953384e-05
203.75  0.0013298503688461555  -1.3386344430853627e-05
203.8  0.0013298496167784865  -1.3387294309223706e-05
203.85000000000002  0.0013298490318432031  -1.3387898632495794e-05
203.9  0.0013298486244873893  -1.3388191886210834e-05
203.95000000000002  0.0013298484185873744  -1.3388211788948495e-05
204.0  0.0013298484495734187  -1.3387998995513929e-05
204.05  0.0013298487610286034  -1.3387597005385787e-05
204.10000000000002  0.0013298494000493605  -1.3387052193588006e-05
204.15  0.0013298504117168091  -1.338641386600559e-05
204.20000000000002  0.001329851833162757  -1.3385734264683867e-05
204.25  0.0013298536877213558  -1.338506839148072e-05
204.3  0.001329855979695412  -1.338447359627154e-05
204.35000000000002  0.0013298586902710733  -1.3384008814165617e-05
204.4  0.001329861774973298  -1.338373350803692e-05
204.45000000000002  0.0013298651630392151  -1.338370624246214e-05
204.5  0.0013298687588566597  -1.3383983017291757e-05
204.55  0.0013298724454711176  -1.338461540051491e-05
204.60000000000002  0.0013298760900105045  -1.3385648603233494e-05
204.65  0.0013298795506493392  -1.3387119596971987e-05
204.70000000000002  0.0013298826846307138  -1.3389055415322223e-05
204.75  0.0013298853567379628  -1.3391471742741517e-05
204.8  0.0013298874475558239  -1.3394371893660846e-05
204.85000000000002  0.0013298888608562474  -1.3397746243544667e-05
204.9  0.001329889529535974  -1.340157217538467e-05
204.95000000000002  0.0013298894196212838  -1.3405814503588136e-05
205.0  0.0013298885320316032  -1.3410426411485273e-05
205.05  0.0013298869019862203  -1.3415350835332051e-05
205.10000000000002  0.001329884596126047  -1.3420522201926873e-05
205.15  0.0013298817076023936  -1.3425868491233209e-05
205.20000000000002  0.0013298783495611804  -1.3431313497804702e-05
205.25  0.0013298746475744485  -1.3436779178078854e-05
205.3  0.0013298707316170635  -1.3442188015919468e-05
205.35000000000002  0.001329866728219675  -1.3447465281815987e-05
205.4  0.0013298627534090047  -1.3452541102972277e-05
205.45000000000002  0.0013298589069231375  -1.3457352268285644e-05
205.5  0.0013298552680879655  -1.346184368465988e-05
205.55  0.001329851893601429  -1.346596946744116e-05
205.60000000000002  0.0013298488172689723  -1.3469693623728877e-05
205.65  0.0013298460516160166  -1.3472990316637122e-05
205.70000000000002  0.0013298435911105327  -1.3475843766652998e-05
205.75  0.0013298414166551037  -1.3478247793272048e-05
205.8  0.0013298395008586375  -1.3480205094738569e-05
205.85000000000002  0.0013298378136261605  -1.3481726320481381e-05
205.9  0.0013298363275055063  -1.3482829048953393e-05
205.95000000000002  0.0013298350223773883  -1.3483536742313253e-05
206.0  0.0013298338890256668  -1.3483877799434383e-05
206.05  0.0013298329313044996  -1.3483884745342642e-05
206.10000000000002  0.0013298321667069735  -1.3483593636592255e-05
206.15  0.001329831625284142  -1.3483043677279356e-05
206.20000000000002  0.0013298313469433157  -1.3482277052502783e-05
206.25  0.0013298313773971431  -1.3481338896452867e-05
206.3  0.0013298317630331211  -1.3480277359396802e-05
206.35000000000002  0.0013298325451357698  -1.3479143629099443e-05
206.4  0.0013298337539424197  -1.3477991832718515e-05
206.45000000000002  0.00132983540309547  -1.347687871021744e-05
206.5  0.0013298374849587406  -1.3475863005042417e-05
206.55  0.0013298399673196508  -1.347500451292366e-05
206.60000000000002  0.001329842791838828  -1.3474362798372047e-05
206.65  0.0013298458745017953  -1.3473995606084078e-05
206.70000000000002  0.0013298491081539434  -1.3473957079955718e-05
206.75  0.0013298523670561657  -1.3474295826407614e-05
206.8  0.0013298555131531177  -1.3475053000356805e-05
206.85000000000002  0.0013298584036457318  -1.3476260508892132e-05
206.9  0.0013298608993072894  -1.34779394699128e-05
206.95000000000002  0.0013298628728851346  -1.348009900486904e-05
207.0  0.0013298642169462741  -1.3482735479760852e-05
207.05  0.0013298648505310974  -1.3485832217271479e-05
207.10000000000002  0.0013298647240825973  -1.3489359729526541e-05
207.15  0.0013298638222776957  -1.3493276432884776e-05
207.20000000000002  0.0013298621645204802  -1.3497529849627833e-05
207.25  0.001329859803121846  -1.3502058203182705e-05
207.3  0.0013298568193019734  -1.3506792354980933e-05
207.35000000000002  0.0013298533174004252  -1.3511657980824245e-05
207.4  0.0013298494177531128  -1.351657789884649e-05
207.45000000000002  0.0013298452488354946  -1.3521474437172228e-05
207.5  0.0013298409393070567  -1.3526271730368274e-05
207.55  0.0013298366105478773  -1.3530897882934548e-05
207.60000000000002  0.001329832370260174  -1.3535286886991768e-05
207.65  0.0013298283075568748  -1.3539380218882441e-05
207.70000000000002  0.0013298244898525477  -1.3543128082725174e-05
207.75  0.001329820961708468  -1.3546490259357872e-05
207.8  0.0013298177455732146  -1.3549436548722154e-05
207.85000000000002  0.0013298148442798066  -1.3551946811703793e-05
207.9  0.001329812244973  -1.3554010656870066e-05
207.95000000000002  0.0013298099240420065  -1.3555626823061827e-05
208.0  0.0013298078525978995  -1.3556802335577497e-05
208.05  0.0013298060019501113  -1.3557551522873357e-05
208.10000000000002  0.00132980434862924  -1.3557894969931368e-05
208.15  0.001329802878498849  -1.3557858535611289e-05
208.20000000000002  0.0013298015895835266  -1.355747250038114e-05
208.25  0.0013298004934004402  -1.3556770875292599e-05
208.3  0.0013297996146398312  -1.3555790959521785e-05
208.35000000000002  0.0013297989892129183  -1.3554573109766498e-05
208.4  0.0013297986608225166  -1.3553160681454711e-05
208.45000000000002  0.001329798676304669  -1.3551600097935095e-05
208.5  0.0013297990801122974  -1.3549940920898232e-05
208.55  0.0013297999084163643  -1.3548235848484785e-05
208.60000000000002  0.001329801183317359  -1.3546540524335925e-05
208.65  0.0013298029076993156  -1.3544913056522524e-05
208.70000000000002  0.0013298050612409664  -1.3543413230421536e-05
208.75  0.001329807597990765  -1.3542101369419979e-05
208.8  0.0013298104458448275  -1.3541036850281884e-05
208.85000000000002  0.0013298135080970935  -1.3540276374071668e-05
208.9  0.0013298166670305538  -1.353987205285909e-05
208.95000000000002  0.0013298197893963123  -1.3539869440033227e-05
209.0  0.0013298227334219627  -1.3540305630814096e-05
209.05  0.0013298253568174183  -1.354120755650784e-05
209.10000000000002  0.0013298275252110305  -1.3542590582274775e-05
209.15  0.0013298291203210754  -1.3544457514676634e-05
209.20000000000002  0.0013298300472494242  -1.3546798091767609e-05
209.25  0.0013298302402884482  -1.3549588954100402e-05
209.3  0.0013298296668056966  -1.3552794153188206e-05
209.35000000000002  0.001329828328871977  -1.3556366141747526e-05
209.4  0.0013298262625842895  -1.356024721938171e-05
209.45000000000002  0.0013298235350897624  -1.3564371337457075e-05
209.5  0.0013298202396453665  -1.3568666200583675e-05
209.55  0.0013298164890982666  -1.3573055559399868e-05
209.60000000000002  0.0013298124083371058  -1.3577461594030111e-05
209.65  0.0013298081263540917  -1.3581807269038215e-05
209.70000000000002  0.0013298037684862994  -1.3586018581312055e-05
209.75  0.001329799449464425  -1.359002659341124e-05
209.8  0.0013297952677593953  -1.3593769197269901e-05
209.85000000000002  0.0013297913015790867  -1.3597192510131058e-05
209.9  0.00132978760675298  -1.3600251905648364e-05
209.95000000000002  0.001329784216559124  -1.360291261371131e-05
210.0  0.001329781143376708  -1.3605149937766605e-05
210.05  0.0013297783819402839  -1.3606949073051802e-05
210.10000000000002  0.0013297759138036682  -1.3608304615846567e-05
210.15  0.0013297737125822523  -1.3609219795112054e-05
210.20000000000002  0.001329771749453425  -1.360970552541764e-05
210.25  0.0013297699984215015  -1.3609779381409492e-05
210.3  0.0013297684408976771  -1.3609464566400904e-05
210.35000000000002  0.0013297670691671897  -1.3608788991462464e-05
210.4  0.00132976588846706  -1.3607784519213597e-05
210.45000000000002  0.0013297649174698737  -1.360648640422147e-05
210.5  0.001329764187133398  -1.3604932999832517e-05
210.55  0.0013297637379900396  -1.360316564292044e-05
210.60000000000002  0.0013297636160709415  -1.3601228700189016e-05
210.65  0.0013297638677943022  -1.3599169689163643e-05
210.70000000000002  0.001329764534226465  -1.3597039353288706e-05
210.75  0.0013297656451934708  -1.3594891610274888e-05
210.8  0.001329767213790251  -1.3592783250204591e-05
210.85000000000002  0.0013297692317563762  -1.3590773318586423e-05
210.9  0.0013297716662465614  -1.3588922164051317e-05
210.95000000000002  0.0013297744583077474  -1.358729011486043e-05
211.0  0.0013297775233814726  -1.3585935878785262e-05
211.05  0.0013297807538487723  -1.3584914670272761e-05
211.10000000000002  0.0013297840235843056  -1.3584276248715713e-05
211.15  0.0013297871942043885  -1.358406293910713e-05
211.20000000000002  0.0013297901226106993  -1.3584307778094972e-05
211.25  0.00132979266926135  -1.358503292491289e-05
211.3  0.0013297947065255542  -1.3586248415441322e-05
211.35000000000002  0.0013297961264883604  -1.3587951375274151e-05
211.4  0.001329796847562974  -1.3590125720161993e-05
211.45000000000002  0.0013297968193888535  -1.3592742366665958e-05
211.5  0.0013297960256498345  -1.359575998416743e-05
211.55  0.0013297944845810676  -1.3599126191112128e-05
211.60000000000002  0.0013297922471627553  -1.3602779193813675e-05
211.65  0.0013297893931691644  -1.36066497446281e-05
211.70000000000002  0.0013297860254293079  -1.3610663365863922e-05
211.75  0.0013297822627713267  -1.3614742702657196e-05
211.8  0.0013297782322402043  -1.3618809913792788e-05
211.85000000000002  0.0013297740612090367  -1.3622789016234644e-05
211.9  0.0013297698700023793  -1.3626608048592794e-05
211.95000000000002  0.001329765765532659  -1.3630200994127527e-05
212.0  0.001329761836456355  -1.3633509384592215e-05
212.05  0.0013297581500822755  -1.3636483521961324e-05
212.10000000000002  0.0013297547512294682  -1.3639083321019215e-05
212.15  0.001329751662966645  -1.3641278714138249e-05
212.20000000000002  0.0013297488890839444  -1.3643049670741402e-05
212.25  0.001329746417982973  -1.364438585163834e-05
212.3  0.0013297442275635833  -1.3645285968539819e-05
212.35000000000002  0.001329742290626774  -1.364575691023117e-05
212.4  0.0013297405803277774  -1.3645812734402844e-05
212.45000000000002  0.001329739075123442  -1.3645473617453479e-05
212.5  0.0013297377628452615  -1.364476486597811e-05
212.55  0.0013297366434857805  -1.3643716057302351e-05
212.60000000000002  0.0013297357305134178  -1.3642360371155459e-05
212.65  0.001329735050542687  -1.364073418781784e-05
212.70000000000002  0.001329734641384288  -1.3638876882410603e-05
212.75  0.0013297345486180299  -1.3636830824003917e-05
212.8  0.001329734820947317  -1.363464149853463e-05
212.85000000000002  0.0013297355046960947  -1.3632357651386013e-05
212.9  0.0013297366378829337  -1.3630031354759978e-05
212.95000000000002  0.001329738244416919  -1.3627717867213587e-05
213.0  0.0013297403288980631  -1.3625475213479643e-05
213.05  0.0013297428725384058  -1.362336343169472e-05
213.10000000000002  0.0013297458306520925  -1.3621443443022005e-05
213.15  0.0013297491320128133  -1.3619775591580847e-05
213.20000000000002  0.0013297526802843406  -1.3618417880985312e-05
213.25  0.0013297563575244585  -1.3617424026752026e-05
213.3  0.0013297600295792333  -1.3616841432744268e-05
213.35000000000002  0.0013297635530488238  -1.3616709231919436e-05
213.4  0.0013297667833205226  -1.3617056501621146e-05
213.45000000000002  0.0013297695830452776  -1.3617900801557318e-05
213.5  0.001329771830438635  -1.3619247093008143e-05
213.55  0.0013297734267246999  -1.3621087157506483e-05
213.60000000000002  0.001329774302136972  -1.362339951145174e-05
213.65  0.001329774419987855  -1.3626149858237888e-05
213.70000000000002  0.0013297737785366195  -1.3629292033874216e-05
213.75  0.0013297724104644282  -1.3632769410172152e-05
213.8  0.0013297703800741261  -1.3636516685776008e-05
213.85000000000002  0.0013297677784409288  -1.3640461982582165e-05
213.9  0.0013297647169543507  -1.3644529127374884e-05
213.95000000000002  0.0013297613197705421  -1.3648640045848897e-05
214.0  0.0013297577157959923  -1.3652717159803613e-05
214.05  0.0013297540308425265  -1.3656685643187211e-05
214.10000000000002  0.0013297503805397254  -1.3660475516283875e-05
214.15  0.0013297468645105549  -1.3664023438163773e-05
214.20000000000002  0.0013297435622051535  -1.3667274155506758e-05
214.25  0.0013297405306372206  -1.3670181585079787e-05
214.3  0.001329737804064728  -1.3672709455698887e-05
214.35000000000002  0.0013297353955724963  -1.3674831573223236e-05
214.4  0.0013297333002683302  -1.3676531674082482e-05
214.45000000000002  0.0013297314997565695  -1.3677802948493527e-05
214.5  0.0013297299674191352  -1.3678647291132627e-05
214.55  0.0013297286740226932  -1.3679074356584098e-05
214.60000000000002  0.0013297275931129211  -1.3679100521338488e-05
214.65  0.001329726705764828  -1.3678747831327937e-05
214.70000000000002  0.0013297260042149964  -1.3678043047391755e-05
214.75  0.0013297254941189757  -1.3677016858733185e-05
214.8  0.0013297251951934264  -1.3675703309533544e-05
214.85000000000002  0.0013297251402136707  -1.3674139474248101e-05
214.9  0.001329725372377695  -1.3672365361468131e-05
214.95000000000002  0.0013297259412835603  -1.3670423981514091e-05
215.0  0.0013297268977702375  -1.3668361513539473e-05
215.05  0.00132972828807489  -1.366622745743696e-05
215.10000000000002  0.0013297301477637753  -1.3664074664617842e-05
215.15  0.0013297324959609812  -1.3661959125098669e-05
215.20000000000002  0.0013297353303873215  -1.3659939459193882e-05
215.25  0.0013297386237367504  -1.3658076037366559e-05
215.3  0.0013297423217392933  -1.3656429722126392e-05
215.35000000000002  0.0013297463432370487  -1.3655060290344444e-05
215.4  0.001329750582362467  -1.3654024586282868e-05
215.45000000000002  0.0013297549128025053  -1.3653374497722302e-05
215.5  0.0013297591938772094  -1.3653154936267456e-05
215.55  0.0013297632780514877  -1.3653401879432374e-05
215.60000000000002  0.0013297670193406735  -1.365414068603681e-05
215.65  0.0013297702819539724  -1.3655384719808857e-05
215.70000000000002  0.0013297729485162928  -1.3657134443500422e-05
215.75  0.001329774927226286  -1.3659376980751153e-05
215.8  0.0013297761573667938  -1.3662086240365766e-05
215.85000000000002  0.0013297766127392842  -1.3665223530168929e-05
215.9  0.0013297763027723037  -1.3668738679798419e-05
215.95000000000002  0.001329775271225667  -1.3672571611083391e-05
216.0  0.001329773592636126  -1.3676654237388557e-05
216.05  0.001329771366789721  -1.3680912655937767e-05
216.10000000000002  0.0013297687117415137  -1.3685269501147244e-05
216.15  0.0013297657559152645  -1.3689646340170401e-05
216.20000000000002  0.001329762629931139  -1.3693966044351778e-05
216.25  0.001329759458805428  -1.3698155014597868e-05
216.3  0.0013297563551013048  -1.3702145170853297e-05
216.35000000000002  0.0013297534134981551  -1.3705875626364309e-05
216.4  0.0013297507071556355  -1.370929402633495e-05
216.45000000000002  0.0013297482860340885  -1.3712357475459316e-05
216.5  0.0013297461772097264  -1.3715033048789372e-05
216.55  0.00132974438702996  -1.3717297900836057e-05
216.60000000000002  0.0013297429048228023  -1.3719139006998873e-05
216.65  0.0013297417077656043  -1.3720552575506128e-05
216.70000000000002  0.001329740766426731  -1.3721543222177377e-05
216.75  0.0013297400504738055  -1.372212297338167e-05
216.8  0.0013297395340121044  -1.3722310205592308e-05
216.85000000000002  0.0013297392001152496  -1.3722128605747445e-05
216.9  0.001329739044140949  -1.3721606269015527e-05
216.95000000000002  0.001329739075560416  -1.3720774958933231e-05
217.0  0.0013297393181101735  -1.3719669620948353e-05
217.05  0.0013297398082819487  -1.3718328132421103e-05
217.10000000000002  0.0013297405922127123  -1.3716791283148802e-05
217.15  0.001329741721227181  -1.3715102878735451e-05
217.20000000000002  0.0013297432463747153  -1.3713309937883025e-05
217.25  0.0013297452123847793  -1.3711462828033512e-05
217.3  0.0013297476515586044  -1.3709615238932161e-05
217.35000000000002  0.0013297505781135776  -1.3707823907791231e-05
217.4  0.0013297539835100789  -1.3706147987456972e-05
217.45000000000002  0.0013297578332330915  -1.3704648078809276e-05
217.5  0.001329762065385109  -1.3703384854244719e-05
217.55  0.0013297665913693836  -1.370241739509807e-05
217.60000000000002  0.001329771298691955  -1.3701801269732825e-05
217.65  0.0013297760557915064  -1.370158649567708e-05
217.70000000000002  0.0013297807186354116  -1.3701815513595967e-05
217.75  0.0013297851385845494  -1.3702521301797504e-05
217.8  0.0013297891709900202  -1.3703725740400068e-05
217.85000000000002  0.0013297926838313778  -1.3705438393837106e-05
217.9  0.001329795565750547  -1.3707655709430827e-05
217.95000000000002  0.0013297977328285992  -1.3710360759676475e-05
218.0  0.0013297991335754185  -1.3713523494284863e-05
218.05  0.0013297997517366382  -1.3717101528323405e-05
218.10000000000002  0.0013297996067234731  -1.3721041393087593e-05
218.15  0.001329798751638521  -1.3725280223288172e-05
218.20000000000002  0.0013297972691081023  -1.3729747761994661e-05
218.25  0.0013297952652696543  -1.3734368614666623e-05
218.3  0.0013297928624226606  -1.3739064623812512e-05
218.35000000000002  0.0013297901909598878  -1.3743757290139431e-05
218.4  0.0013297873811924392  -1.3748370112228359e-05
218.45000000000002  0.0013297845557413  -1.3752830756729372e-05
218.5  0.0013297818230027462  -1.3757072963585027e-05
218.55  0.0013297792721935434  -1.3761038150597094e-05
218.60000000000002  0.0013297769702241733  -1.3764676616102108e-05
218.65  0.001329774960596207  -1.376794836187821e-05
218.70000000000002  0.0013297732642459283  -1.3770823476436751e-05
218.75  0.0013297718821880036  -1.3773282131960066e-05
218.8  0.0013297707996096238  -1.377531422406045e-05
218.85000000000002  0.0013297699909957492  -1.377691869190224e-05
218.9  0.0013297694257900015  -1.3778102625546071e-05
218.95000000000002  0.0013297690740678657  -1.3778880229428506e-05
219.0  0.0013297689117129146  -1.3779271736545271e-05
219.05  0.001329768924655775  -1.3779302403145498e-05
219.10000000000002  0.0013297691118132242  -1.3779001620686771e-05
219.15  0.0013297694864545925  -1.3778402245144192e-05
219.20000000000002  0.0013297700759139384  -1.3777540173749996e-05
219.25  0.00132977091960256  -1.3776454158282553e-05
219.3  0.0013297720654964248  -1.3775185825131049e-05
219.35000000000002  0.0013297735653583769  -1.3773779846497402e-05
219.4  0.0013297754690603934  -1.3772284123858016e-05
219.45000000000002  0.0013297778184618904  -1.3770749906694222e-05
219.5  0.0013297806413708519  -1.3769231722338105e-05
219.55  0.001329783946091991  -1.3767787006200368e-05
219.60000000000002  0.0013297877171260346  -1.3766475393555593e-05
219.65  0.0013297919124029157  -1.3765357633795192e-05
219.70000000000002  0.0013297964624549743  -1.3764494129550413e-05
219.75  0.0013298012716747108  -1.376394318088948e-05
219.8  0.0013298062217090136  -1.3763759013410144e-05
219.85000000000002  0.0013298111768385878  -1.3763989720712473e-05
219.9  0.0013298159909626251  -1.3764675247057582e-05
219.95000000000002  0.0013298205157507498  -1.3765845551106564e-05
220.0  0.001329824609330091  -1.3767519069783499e-05
220.05  0.0013298281448257524  -1.3769701585002072e-05
220.10000000000002  0.0013298310181143256  -1.3772385593611406e-05
220.15  0.00132983315415411  -1.3775550162230276e-05
220.20000000000002  0.0013298345113867168  -1.3779161352251443e-05
220.25  0.0013298350838975084  -1.3783173137610653e-05
220.3  0.0013298349011601214  -1.3787528803924391e-05
220.35000000000002  0.0013298340254002772  -1.3792162737386602e-05
220.4  0.0013298325468570832  -1.37970025296132e-05
220.45000000000002  0.0013298305773247667  -1.3801971293737523e-05
220.5  0.0013298282425284278  -1.380699007671939e-05
220.55  0.0013298256739375902  -1.3811980294847867e-05
220.60000000000002  0.0013298230006795202  -1.3816866040082792e-05
220.65  0.0013298203421668626  -1.3821576210244573e-05
220.70000000000002  0.001329817801962635  -1.3826046347099647e-05
220.75  0.0013298154633082423  -1.383022014372513e-05
220.8  0.0013298133865658006  -1.3834050545652086e-05
220.85000000000002  0.0013298116086644897  -1.3837500457170005e-05
220.9  0.0013298101444913653  -1.3840543009110539e-05
220.95000000000002  0.0013298089899858759  -1.3843161456581865e-05
221.0  0.0013298081265825383  -1.3845348688883174e-05
221.05  0.0013298075265353944  -1.3847106487397667e-05
221.10000000000002  0.0013298071586527965  -1.384844455124619e-05
221.15  0.001329806993873446  -1.3849379431275267e-05
221.20000000000002  0.0013298070102256798  -1.3849933417940294e-05
221.25  0.0013298071967235538  -1.3850133545377486e-05
221.3  0.0013298075558853574  -1.3850010730450096e-05
221.35000000000002  0.0013298081046323588  -1.3849599145871177e-05
221.4  0.0013298088734965067  -1.3848935849703294e-05
221.45000000000002  0.0013298099042013474  -1.3848060633293315e-05
221.5  0.0013298112457538053  -1.384701610803547e-05
221.55  0.001329812949379526  -1.3845847859518556e-05
221.60000000000002  0.0013298150626830936  -1.3844604639656971e-05
221.65  0.0013298176235315888  -1.384333845951154e-05
221.70000000000002  0.0013298206541465655  -1.3842104440271231e-05
221.75  0.0013298241559707696  -1.3840960401748027e-05
221.8  0.0013298281057957943  -1.38399660548742e-05
221.85000000000002  0.0013298324535593853  -1.383918182948688e-05
221.9  0.0013298371221217736  -1.3838667353426926e-05
221.95000000000002  0.0013298420091727855  -1.3838479649974536e-05
222.0  0.0013298469912170396  -1.3838671139218702e-05
222.05  0.0013298519294512984  -1.3839287588331053e-05
222.10000000000002  0.0013298566771333927  -1.3840366142297785e-05
222.15  0.0013298610879150386  -1.3841933556700482e-05
222.20000000000002  0.0013298650245085202  -1.3844004754248805e-05
222.25  0.001329868367024629  -1.3846581822520151e-05
222.3  0.001329871020314235  -1.3849653487153519e-05
222.35000000000002  0.0013298729197224169  -1.385319512797582e-05
222.4  0.0013298740348242203  -1.3857169313980411e-05
222.45000000000002  0.0013298743708309946  -1.3861526845433052e-05
222.5  0.0013298739676076462  -1.3866208263720145e-05
222.55  0.0013298728963738334  -1.3871145731688588e-05
222.60000000000002  0.0013298712544074776  -1.387626519588252e-05
222.65  0.0013298691581983802  -1.3881488752708754e-05
222.70000000000002  0.0013298667356173393  -1.3886737081133496e-05
222.75  0.0013298641177309626  -1.3891931871742023e-05
222.8  0.0013298614309142187  -1.389699810196664e-05
222.85000000000002  0.001329858789824561  -1.3901866120540822e-05
222.9  0.0013298562917751686  -1.3906473416319112e-05
222.95000000000002  0.0013298540128525074  -1.3910766026829107e-05
223.0  0.0013298520059825502  -1.3914699552674864e-05
223.05  0.0013298503009975659  -1.3918239757734199e-05
223.10000000000002  0.0013298489065802508  -1.392136273060192e-05
223.15  0.0013298478137897139  -1.3924054669032875e-05
223.20000000000002  0.0013298470008298441  -1.392631132460763e-05
223.25  0.0013298464385135419  -1.392813717187105e-05
223.3  0.001329846095986813  -1.3929544393347006e-05
223.35000000000002  0.0013298459461275024  -1.3930551771346926e-05
223.4  0.0013298459701950964  -1.3931183596385937e-05
223.45000000000002  0.001329846161295399  -1.3931468673436444e-05
223.5  0.0013298465263814922  -1.3931439521907272e-05
223.55  0.001329847086614994  -1.3931131784718025e-05
223.60000000000002  0.0013298478760400325  -1.3930583913715879e-05
223.65  0.0013298489386494331  -1.3929837055606776e-05
223.70000000000002  0.0013298503240960755  -1.3928935148956175e-05
223.75  0.0013298520823335845  -1.3927925075767024e-05
223.8  0.0013298542576500728  -1.3926856818693078e-05
223.85000000000002  0.0013298568825960157  -1.3925783467662084e-05
223.9  0.0013298599722960667  -1.3924761002113333e-05
223.95000000000002  0.001329863519714544  -1.3923847747356033e-05
224.0  0.001329867492321763  -1.3923103463216939e-05
224.05  0.0013298718305567504  -1.3922588083320519e-05
224.10000000000002  0.0013298764483303904  -1.392236010873155e-05
224.15  0.001329881235655147  -1.3922474762482562e-05
224.20000000000002  0.001329886063329519  -1.3922981994018307e-05
224.25  0.0013298907893595628  -1.3923924462255115e-05
224.3  0.0013298952667276493  -1.3925335646867748e-05
224.35000000000002  0.0013298993519013527  -1.3927238198799935e-05
224.4  0.0013299029134510758  -1.392964264145685e-05
224.45000000000002  0.0013299058400900962  -1.3932546524706487e-05
224.5  0.0013299080475135672  -1.3935934073498854e-05
224.55  0.001329909483468136  -1.393977636295258e-05
224.60000000000002  0.001329910130673055  -1.3944032016349858e-05
224.65  0.001329910007375781  -1.3948648393720614e-05
224.70000000000002  0.0013299091655128207  -1.3953563193611356e-05
224.75  0.0013299076866402945  -1.3958706436754693e-05
224.8  0.001329905676026285  -1.3964002673939727e-05
224.85000000000002  0.001329903255365402  -1.3969373378022363e-05
224.9  0.001329900554739273  -1.3974739369274286e-05
224.95000000000002  0.0013298977044540155  -1.3980023207374958e-05
225.0  0.0013298948273927197  -1.398515140624832e-05
225.05  0.0013298920324347212  -1.399005642478007e-05
225.10000000000002  0.00132988940941472  -1.3994678341368023e-05
225.15  0.001329887025921065  -1.399896614581687e-05
225.20000000000002  0.0013298849260963614  -1.4002878633666304e-05
225.25  0.0013298831314068125  -1.400638486837697e-05
225.3  0.00132988164321318  -1.4009464236282385e-05
225.35000000000002  0.001329880446812465  -1.4012106122280547e-05
225.4  0.0013298795165288721  -1.4014309270055656e-05
225.45000000000002  0.0013298788213690032  -1.4016080874968773e-05
225.5  0.001329878330701828  -1.401743554540287e-05
225.55  0.0013298780194570875  -1.4018394185273697e-05
225.60000000000002  0.0013298778724188972  -1.4018982921818347e-05
225.65  0.0013298778872039268  -1.4019232166777762e-05
225.70000000000002  0.0013298780756902525  -1.4019175872950524e-05
225.75  0.0013298784637618397  -1.4018851021181775e-05
225.8  0.001329879089392757  -1.4018297366264398e-05
225.85000000000002  0.0013298799991641845  -1.4017557395061813e-05
225.9  0.0013298812435280814  -1.4016676407662462e-05
225.95000000000002  0.001329882871164349  -1.4015702689388482e-05
226.0  0.0013298849228822864  -1.4014687585642955e-05
226.05  0.0013298874256059178  -1.4013685427243503e-05
226.10000000000002  0.0013298903869692264  -1.4012753182569685e-05
226.15  0.001329893791011867  -1.4011949791191847e-05
226.20000000000002  0.0013298975954678352  -1.4011335113162126e-05
226.25  0.0013299017309407694  -1.4010968543068728e-05
226.3  0.0013299061022016806  -1.4010907308209422e-05
226.35000000000002  0.0013299105915920413  -1.401120456946583e-05
226.4  0.0013299150643953915  -1.4011907416525897e-05
226.45000000000002  0.0013299193758438725  -1.4013054908674398e-05
226.5  0.0013299233792331672  -1.4014676271657507e-05
226.55  0.0013299269345807881  -1.4016789377995853e-05
226.60000000000002  0.0013299299171161331  -1.4019399635628615e-05
226.65  0.0013299322249700914  -1.4022499318183624e-05
226.70000000000002  0.0013299337854262392  -1.4026067437296298e-05
226.75  0.001329934559245885  -1.403007011316652e-05
226.8  0.001329934542727498  -1.4034461462587985e-05
226.85000000000002  0.0013299337673774061  -1.4039184950279462e-05
226.9  0.0013299322972030441  -1.4044175148328732e-05
226.95000000000002  0.001329930223903506  -1.40493598099811e-05
227.0  0.0013299276603674422  -1.4054662147392036e-05
227.05  0.0013299247330148547  -1.4060003245195871e-05
227.10000000000002  0.0013299215736087544  -1.4065304472999068e-05
227.15  0.0013299183111970389  -1.4070489807919734e-05
227.20000000000002  0.0013299150647595093  -1.4075487974898665e-05
227.25  0.0013299119371267994  -1.4080234312348252e-05
227.3  0.0013299090105758035  -1.40846722960651e-05
227.35000000000002  0.0013299063443339904  -1.4088754698899828e-05
227.4  0.0013299039741143585  -1.409244430103547e-05
227.45000000000002  0.0013299019135593695  -1.4095714211628742e-05
227.5  0.0013299001574069492  -1.4098547770776695e-05
227.55  0.001329898685970323  -1.4100938104548866e-05
227.60000000000002  0.0013298974705151607  -1.4102887394208132e-05
227.65  0.001329896478978384  -1.4104405905917845e-05
227.70000000000002  0.0013298956815675886  -1.4105510933515373e-05
227.75  0.0013298950556763257  -1.4106225679322401e-05
227.8  0.001329894589748812  -1.4106578243907241e-05
227.85000000000002  0.0013298942857298218  -1.410660074983893e-05
227.9  0.0013298941598951573  -1.4106328685969559e-05
227.95000000000002  0.0013298942419913262  -1.4105800487505967e-05
228.0  0.001329894572723076  -1.4105057346659256e-05
228.05  0.0013298951998039878  -1.4104143220084147e-05
228.10000000000002  0.0013298961728349813  -1.4103104921655901e-05
228.15  0.0013298975374479334  -1.410199223951243e-05
228.20000000000002  0.0013298993292217396  -1.410085794275619e-05
228.25  0.001329901567841866  -1.4099757591094298e-05
228.3  0.0013299042520968768  -1.409874903640293e-05
228.35000000000002  0.0013299073561511001  -1.4097891600236591e-05
228.4  0.0013299108275539409  -1.4097244880619387e-05
228.45000000000002  0.0013299145872321869  -1.4096867251061121e-05
228.5  0.0013299185316042335  -1.4096814059974495e-05
228.55  0.0013299225367691043  -1.4097135710418839e-05
228.60000000000002  0.0013299264645342222  -1.4097875684483284e-05
228.65  0.0013299301698696043  -1.4099068640795035e-05
228.70000000000002  0.0013299335092508955  -1.4100738748447361e-05
228.75  0.0013299363492468787  -1.4102898341273001e-05
228.8  0.0013299385747091831  -1.4105547002241396e-05
228.85000000000002  0.0013299400958753556  -1.4108671126974396e-05
228.9  0.0013299408538462315  -1.4112243996685422e-05
228.95000000000002  0.0013299408239965302  -1.4116226391233232e-05
229.0  0.0013299400170734082  -1.4120567675243896e-05
229.05  0.0013299384778825427  -1.412520732614012e-05
229.10000000000002  0.0013299362817551581  -1.4130076834405268e-05
229.15  0.0013299335290529526  -1.4135101874015055e-05
229.20000000000002  0.0013299303381988535  -1.4140204640715232e-05
229.25  0.0013299268378387978  -1.4145306273355657e-05
229.3  0.0013299231587091112  -1.4150329234424003e-05
229.35000000000002  0.0013299194258908726  -1.415519955241351e-05
229.4  0.0013299157519913556  -1.4159848846622032e-05
229.45000000000002  0.0013299122317691138  -1.4164216037534537e-05
229.5  0.0013299089385107234  -1.4168248713484653e-05
229.55  0.001329905922372256  -1.4171904083289132e-05
229.60000000000002  0.0013299032106780652  -1.4175149510817523e-05
229.65  0.0013299008100644424  -1.4177962652729323e-05
229.70000000000002  0.0013298987101399667  -1.4180331194950943e-05
229.75  0.001329896888312942  -1.4182252277475447e-05
229.8  0.0013298953152673658  -1.4183731658706246e-05
229.85000000000002  0.0013298939605847617  -1.4184782697205427e-05
229.9  0.0013298927980141253  -1.4185425281270161e-05
229.95000000000002  0.0013298918099251412  -1.4185684769086378e-05
230.0  0.0013298909905444939  -1.418559103847283e-05
230.05  0.0013298903477109343  -1.4185177717163577e-05
230.10000000000002  0.0013298899029877695  -1.4184481657130506e-05
230.15  0.0013298896901073076  -1.4183542619021407e-05
230.20000000000002  0.0013298897518685187  -1.41824031872715e-05
230.25  0.0013298901356994597  -1.4181108814505412e-05
230.3  0.0013298908882764253  -1.417970791935748e-05
230.35000000000002  0.0013298920496004473  -1.4178251966177413e-05
230.4  0.0013298936470648767  -1.4176795337957787e-05
230.45000000000002  0.001329895690025684  -1.4175395009440365e-05
230.5  0.0013298981654168596  -1.4174109876059575e-05
230.55  0.00132990103482471  -1.4172999733266887e-05
230.60000000000002  0.001329904233427064  -1.4172123926030258e-05
230.65  0.0013299076709726554  -1.417153968580765e-05
230.70000000000002  0.0013299112348371012  -1.4171300279094555e-05
230.75  0.0013299147950665037  -1.4171453029601135e-05
230.8  0.0013299182110417776  -1.4172037383947188e-05
230.85000000000002  0.0013299213393271093  -1.4173083121592212e-05
230.9  0.0013299240420969686  -1.4174608831425423e-05
230.95000000000002  0.0013299261954866646  -1.4176620786407056e-05
231.0  0.0013299276972346527  -1.4179112261064066e-05
231.05  0.0013299284729732306  -1.4182063330542586e-05
231.10000000000002  0.0013299284806827238  -1.4185441230464058e-05
231.15  0.0013299277129738636  -1.4189201184323062e-05
231.20000000000002  0.0013299261970185774  -1.4193287729892014e-05
231.25  0.0013299239921596424  -1.4197636417451914e-05
231.3  0.0013299211854440399  -1.4202175866404932e-05
231.35000000000002  0.001329917885446039  -1.4206830019232604e-05
231.4  0.0013299142149068447  -1.4211520528974934e-05
231.45000000000002  0.0013299103027893978  -1.4216169171092229e-05
231.5  0.0013299062763868306  -1.4220700161748901e-05
231.55  0.001329902254081332  -1.422504230130003e-05
231.60000000000002  0.0013298983392752168  -1.42291308476419e-05
231.65  0.0013298946159056315  -1.4232909053278164e-05
231.70000000000002  0.0013298911458162544  -1.4236329338112599e-05
231.75  0.0013298879680760925  -1.423935401281232e-05
231.8  0.0013298851001935228  -1.424195563002348e-05
231.85000000000002  0.0013298825409927507  -1.4244116897893229e-05
231.9  0.001329880274839071  -1.4245830263423954e-05
231.95000000000002  0.0013298782767462314  -1.4247097199128196e-05
232.0  0.001329876517880406  -1.424792726351402e-05
232.05  0.001329874970976613  -1.4248337051736798e-05
232.10000000000002  0.0013298736151617567  -1.4248349127852621e-05
232.15  0.0013298724397529497  -1.4247991010936725e-05
232.20000000000002  0.0013298714467214227  -1.4247294333786186e-05
232.25  0.0013298706516036477  -1.4246294195251262e-05
232.3  0.0013298700827579849  -1.4245028747221261e-05
232.35000000000002  0.001329869779012006  -1.4243539017902624e-05
232.4  0.0013298697858993294  -1.4241868902293339e-05
232.45000000000002  0.0013298701507321914  -1.4240065269041798e-05
232.5  0.001329870916949201  -1.4238178056993163e-05
232.55  0.0013298721181863127  -1.4236260270911964e-05
232.60000000000002  0.0013298737725991423  -1.4234367773702673e-05
232.65  0.001329875877960805  -1.4232558791709067e-05
232.70000000000002  0.001329878408010248  -1.4230893056464342e-05
232.75  0.0013298813104842494  -1.4229430622613132e-05
232.8  0.001329884507087936  -1.4228230331259951e-05
232.85000000000002  0.00132988789554712  -1.4227348049454611e-05
232.9  0.0013298913536990598  -1.4226834714933779e-05
232.95000000000002  0.0013298947453803832  -1.422673436490688e-05
233.0  0.0013298979277360694  -1.4227082244770034e-05
233.05  0.0013299007593956607  -1.4227903132314388e-05
233.10000000000002  0.0013299031089112434  -1.4229209995722351e-05
233.15  0.0013299048627819683  -1.4231003066356705e-05
233.20000000000002  0.0013299059324407296  -1.4233269400042961e-05
233.25  0.0013299062596406393  -1.4235982956040485e-05
233.3  0.0013299058198029809  -1.4239105175924919e-05
233.35000000000002  0.0013299046231060492  -1.4242586078172027e-05
233.4  0.0013299027132222543  -1.424636578977248e-05
233.45000000000002  0.0013299001638341465  -1.4250376404984595e-05
233.5  0.0013298970732666256  -1.4254544182168948e-05
233.55  0.0013298935576582832  -1.4258791856728691e-05
233.60000000000002  0.0013298897432673128  -1.4263041059615488e-05
233.65  0.001329885758515781  -1.426721470187541e-05
233.70000000000002  0.0013298817263865744  -1.4271239198178896e-05
233.75  0.0013298777577539713  -1.4275046492740655e-05
233.8  0.0013298739461202911  -1.4278575768367392e-05
233.85000000000002  0.0013298703640665286  -1.428177479320962e-05
233.9  0.0013298670616359106  -1.4284600878690704e-05
233.95000000000002  0.0013298640666422014  -1.4287021405254719e-05
234.0  0.001329861386765982  -1.428901395427774e-05
234.05  0.0013298590131524861  -1.4290566056306023e-05
234.10000000000002  0.0013298569251373993  -1.429167460333927e-05
234.15  0.0013298550955987006  -1.4292345028169505e-05
234.20000000000002  0.0013298534964614026  -1.4292590309839047e-05
234.25  0.001329852103833795  -1.4292429904464408e-05
234.3  0.0013298509023338676  -1.4291888709771832e-05
234.35000000000002  0.0013298498882287093  -1.4290996141826822e-05
234.4  0.0013298490711046084  -1.4289785382961477e-05
234.45000000000002  0.0013298484739228064  -1.4288292877409712e-05
234.5  0.0013298481314368855  -1.4286558038348893e-05
234.55  0.0013298480870826928  -1.4284623180897227e-05
234.60000000000002  0.0013298483885829703  -1.428253356920608e-05
234.65  0.0013298490825859018  -1.4280337545906244e-05
234.70000000000002  0.0013298502088153422  -1.4278086589506345e-05
234.75  0.0013298517941964642  -1.4275835216890666e-05
234.8  0.0013298538474903361  -1.4273640643798079e-05
234.85000000000002  0.0013298563549608358  -1.4271562105574054e-05
234.9  0.0013298592775113024  -1.4269659844253911e-05
234.95000000000002  0.0013298625496448498  -1.4267993738275794e-05
235.0  0.0013298660804607946  -1.4266621645607795e-05
235.05  0.0013298697567285806  -1.4265597526870173e-05
235.10000000000002  0.0013298734479090777  -1.4264969472383934e-05
235.15  0.0013298770128158375  -1.4264777747086945e-05
235.20000000000002  0.0013298803074339447  -1.4265052996793762e-05
235.25  0.001329883193322588  -1.426581471965162e-05
235.3  0.0013298855459531788  -1.4267070115000276e-05
235.35000000000002  0.0013298872623381131  -1.426881339274932e-05
235.4  0.0013298882673064023  -1.4271025582155371e-05
235.45000000000002  0.0013298885179707479  -1.4273674847921987e-05
235.5  0.001329888006015838  -1.427671732708545e-05
235.55  0.0013298867576468408  -1.4280098423442118e-05
235.60000000000002  0.0013298848312261477  -1.4283754513555935e-05
235.65  0.0013298823128305138  -1.4287614961986479e-05
235.70000000000002  0.0013298793101061577  -1.429160437084367e-05
235.75  0.0013298759449270003  -1.4295644965919537e-05
235.8  0.0013298723454852124  -1.4299658966147335e-05
235.85000000000002  0.0013298686384132109  -1.4303570915372718e-05
235.9  0.0013298649415537764  -1.4307309798006988e-05
235.95000000000002  0.0013298613578914878  -1.4310810920327758e-05
236.0  0.0013298579710820425  -1.4314017444213363e-05
236.05  0.0013298548428112178  -1.431688153202338e-05
236.10000000000002  0.0013298520121178966  -1.4319365114246938e-05
236.15  0.0013298494965937866  -1.4321440216934385e-05
236.20000000000002  0.0013298472952609005  -1.4323088906298127e-05
236.25  0.001329845392785015  -1.4324302882553585e-05
236.3  0.0013298437645864868  -1.4325082775594033e-05
236.35000000000002  0.0013298423823550221  -1.4325437233899622e-05
236.4  0.001329841219473929  -1.4325381901764589e-05
236.45000000000002  0.0013298402558449512  -1.4324938362228869e-05
236.5  0.0013298394817030418  -1.4324133153512542e-05
236.55  0.0013298389001085212  -1.4322996947975552e-05
236.60000000000002  0.0013298385278583081  -1.4321563929790208e-05
236.65  0.001329838394753218  -1.4319871400954483e-05
236.70000000000002  0.0013298385412674502  -1.4317959630583891e-05
236.75  0.0013298390147391881  -1.4315871872166031e-05
236.8  0.0013298398644466232  -1.431365447725273e-05
236.85000000000002  0.0013298411358976217  -1.4311357023759873e-05
236.9  0.0013298428648222402  -1.4309032325553151e-05
236.95000000000002  0.0013298450714145887  -1.4306736233114683e-05
237.0  0.0013298477553103111  -1.4304527142301629e-05
237.05  0.0013298508918066004  -1.4302465154685277e-05
237.10000000000002  0.0013298544297392443  -1.4300610871451698e-05
237.15  0.0013298582913268244  -1.4299023869363036e-05
237.20000000000002  0.0013298623740967193  -1.4297760907014943e-05
237.25  0.0013298665548845275  -1.4296873959624302e-05
237.3  0.0013298706956777705  -1.4296408227592694e-05
237.35000000000002  0.001329874650936958  -1.4296400202292e-05
237.4  0.0013298782758366721  -1.4296875987336501e-05
237.45000000000002  0.0013298814348343207  -1.4297849909999396e-05
237.5  0.0013298840098859817  -1.4299323580860192e-05
237.55  0.00132988590765285  -1.4301285420948904e-05
237.60000000000002  0.0013298870651476736  -1.4303710712309983e-05
237.65  0.0013298874533380525  -1.430656215878302e-05
237.70000000000002  0.0013298870784825578  -1.4309790950515588e-05
237.75  0.0013298859810614194  -1.431333825778285e-05
237.8  0.0013298842324670644  -1.43171370798476e-05
237.85000000000002  0.001329881929701278  -1.4321114401688725e-05
237.9  0.0013298791885764003  -1.432519349467995e-05
237.95000000000002  0.0013298761359518978  -1.432929630615636e-05
238.0  0.0013298729016449817  -1.433334582199978e-05
238.05  0.001329869610653744  -1.4337268302314727e-05
238.10000000000002  0.0013298663762577202  -1.4340995287335568e-05
238.15  0.0013298632945127238  -1.4344465320230058e-05
238.20000000000002  0.0013298604404639743  -1.4347625319072296e-05
238.25  0.0013298578662957713  -1.4350431545042753e-05
238.3  0.0013298556014639939  -1.4352850178409905e-05
238.35000000000002  0.0013298536546656452  -1.4354857464476977e-05
238.4  0.0013298520173717684  -1.435643950528252e-05
238.45000000000002  0.0013298506685554036  -1.4357591724955166e-05
238.5  0.001329849580111567  -1.435831805663844e-05
238.55  0.0013298487225059598  -1.4358629973972308e-05
238.60000000000002  0.001329848070084836  -1.4358545451676787e-05
238.65  0.0013298476056303014  -1.4358087922275269e-05
238.70000000000002  0.0013298473237397593  -1.4357285359095726e-05
238.75  0.00132984723274148  -1.4356169527263629e-05
238.8  0.001329847354982967  -1.4354775478696725e-05
238.85000000000002  0.0013298477254452986  -1.4353141257822432e-05
238.9  0.0013298483887685098  -1.4351307846653455e-05
238.95000000000002  0.0013298493949357487  -1.4349319261710148e-05
239.0  0.0013298507939085115  -1.4347222693423872e-05
239.05  0.00132985262967699  -1.4345068635006559e-05
239.10000000000002  0.001329854934204671  -1.43429108311312e-05
239.15  0.0013298577217930557  -1.4340805995949183e-05
239.20000000000002  0.0013298609843980015  -1.433881319353803e-05
239.25  0.001329864688361656  -1.4336992869957359e-05
239.3  0.0013298687729418083  -1.4335405501799433e-05
239.35000000000002  0.0013298731508872685  -1.4334109946195447e-05
239.4  0.0013298777111238269  -1.4333161562792712e-05
239.45000000000002  0.0013298823234790356  -1.4332610186598444e-05
239.5  0.0013298868451473175  -1.4332498123557631e-05
239.55  0.0013298911284672721  -1.4332858284179552e-05
239.60000000000002  0.0013298950294177508  -1.4333712571235036e-05
239.65  0.0013298984162216612  -1.4335070650573151e-05
239.70000000000002  0.0013299011773506009  -1.4336929160155276e-05
239.75  0.0013299032283066387  -1.4339271431914095e-05
239.8  0.0013299045166676377  -1.4342067749713479e-05
239.85000000000002  0.0013299050249599537  -1.4345276106372058e-05
239.9  0.0013299047711827694  -1.434884344473546e-05
239.95000000000002  0.0013299038069533543  -1.4352707320126651e-05
240.0  0.0013299022134503936  -1.435679789403327e-05
240.05  0.0013299000955078045  -1.4361040158651422e-05
240.10000000000002  0.0013298975743803346  -1.4365356310031734e-05
240.15  0.00132989477974505  -1.4369668156000983e-05
240.20000000000002  0.001329891841579331  -1.4373899432466582e-05
240.25  0.0013298888825882802  -1.4377977986612688e-05
240.3  0.0013298860116562298  -1.4381837676160259e-05
240.35000000000002  0.001329883318852459  -1.4385419965864932e-05
240.4  0.0013298808722648436  -1.43886751564216e-05
240.45000000000002  0.0013298787167821103  -1.4391563195152832e-05
240.5  0.0013298768748714002  -1.4394054078222516e-05
240.55  0.001329875349105062  -1.4396127867434593e-05
240.60000000000002  0.001329874126165651  -1.4397774330953284e-05
240.65  0.0013298731818596654  -1.4398992293332673e-05
240.70000000000002  0.0013298724867193753  -1.4399788751423559e-05
240.75  0.0013298720115892358  -1.4400177848293409e-05
240.8  0.0013298717327746273  -1.4400179813435867e-05
240.85000000000002  0.0013298716362730972  -1.4399819953463643e-05
240.9  0.0013298717206929938  -1.4399127780192577e-05
240.95000000000002  0.0013298719986583629  -1.4398136332296248e-05
241.0  0.0013298724965491887  -1.4396881757282277e-05
241.05  0.0013298732525756803  -1.43954031003561e-05
241.10000000000002  0.0013298743133296517  -1.4393742307414127e-05
241.15  0.001329875729088127  -1.4391944378799437e-05
241.20000000000002  0.0013298775481983029  -1.4390057508350488e-05
241.25  0.0013298798110498093  -1.4388133176678288e-05
241.3  0.0013298825441013548  -1.4386226052253543e-05
241.35000000000002  0.001329885754524019  -1.438439359511363e-05
241.4  0.001329889425947583  -1.4382695334125956e-05
241.45000000000002  0.0013298935157607542  -1.4381191774152707e-05
241.5  0.001329897954317946  -1.4379942933537802e-05
241.55  0.0013299026462258302  -1.4379006613763918e-05
241.60000000000002  0.0013299074737335324  -1.4378436457628289e-05
241.65  0.0013299123020660874  -1.437827990330182e-05
241.70000000000002  0.0013299169863807917  -1.437857623790657e-05
241.75  0.0013299213798322641  -1.4379354773746099e-05
241.8  0.0013299253421594009  -1.438063336193097e-05
241.85000000000002  0.0013299287481218017  -1.4382417300557782e-05
241.9  0.0013299314951359005  -1.4384698705158065e-05
241.95000000000002  0.0013299335094912558  -1.4387456401706612e-05
242.0  0.0013299347506778062  -1.4390656350957935e-05
242.05  0.001329935213446364  -1.4394252574706414e-05
242.10000000000002  0.0013299349275115646  -1.4398188531707058e-05
242.15  0.0013299339549152607  -1.4402398909121828e-05
242.20000000000002  0.0013299323853070127  -1.4406811692691478e-05
242.25  0.0013299303295398386  -1.441135046858469e-05
242.3  0.0013299279121183963  -1.4415936823260179e-05
242.35000000000002  0.001329925263137539  -1.4420492727783285e-05
242.4  0.0013299225103018553  -1.4424942843914565e-05
242.45000000000002  0.0013299197716810148  -1.4429216622410595e-05
242.5  0.001329917149688024  -1.4433250126725974e-05
242.55  0.0013299147267150967  -1.443698751937394e-05
242.60000000000002  0.0013299125626406207  -1.4440382155858286e-05
242.65  0.001329910694338612  -1.4443397275455423e-05
242.70000000000002  0.0013299091370828243  -1.4446006272488812e-05
242.75  0.001329907887615211  -1.444819258991615e-05
242.8  0.0013299069285477283  -1.4449949239423755e-05
242.85000000000002  0.0013299062336133904  -1.4451278071801223e-05
242.9  0.0013299057732892895  -1.4452188827499836e-05
242.95000000000002  0.0013299055202768296  -1.4452698061469065e-05
243.0  0.0013299054543300048  -1.4452828091353928e-05
243.05  0.0013299055660358767  -1.4452606012910728e-05
243.10000000000002  0.0013299058592129076  -1.4452062856061478e-05
243.15  0.0013299063517278518  -1.4451233002945024e-05
243.20000000000002  0.0013299070746069911  -1.4450153800579638e-05
243.25  0.001329908069564793  -1.4448865443695137e-05
243.3  0.0013299093850779923  -1.4447411021749194e-05
243.35000000000002  0.001329911071320483  -1.4445836667451224e-05
243.4  0.0013299131743510157  -1.444419171791494e-05
243.45000000000002  0.0013299157300622122  -1.4442528740600817e-05
243.5  0.0013299187583745212  -1.4440903358655787e-05
243.55  0.001329922258215981  -1.4439373758031674e-05
243.60000000000002  0.001329926203803236  -1.4437999847747088e-05
243.65  0.0013299305425807163  -1.4436842042887506e-05
243.70000000000002  0.0013299351951710488  -1.4435959717572049e-05
243.75  0.0013299400574143805  -1.4435409385813152e-05
243.8  0.0013299450045085488  -1.4435242721841683e-05
243.85000000000002  0.0013299498969674061  -1.443550453107624e-05
243.9  0.001329954588053428  -1.4436230828579824e-05
243.95000000000002  0.0013299589321213198  -1.443744712567184e-05
244.0  0.0013299627932575947  -1.4439167057358495e-05
244.05  0.0013299660535198874  -1.4441391439374207e-05
244.10000000000002  0.0013299686201392817  -1.4444107802367686e-05
244.15  0.0013299704311337426  -1.4447290471897517e-05
244.20000000000002  0.0013299714588397489  -1.4450901153941344e-05
244.25  0.0013299717111476131  -1.4454890017394752e-05
244.3  0.0013299712303250944  -1.4459197206151127e-05
244.35000000000002  0.001329970089570024  -1.4463754740555142e-05
244.4  0.001329968387605865  -1.4468488676145459e-05
244.45000000000002  0.0013299662417466098  -1.4473321434979093e-05
244.5  0.001329963780053018  -1.4478174224730731e-05
244.55  0.0013299611331820428  -1.4482969416615248e-05
244.60000000000002  0.0013299584265560414  -1.4487632797842323e-05
244.65  0.0013299557734770516  -1.4492095590465295e-05
244.70000000000002  0.0013299532696365967  -1.4496296184551296e-05
244.75  0.0013299509893822674  -1.4500181514817906e-05
244.8  0.001329948983957106  -1.4503708035156458e-05
244.85000000000002  0.0013299472817117591  -1.4506842276618961e-05
244.9  0.001329945890179451  -1.450956099849712e-05
244.95000000000002  0.001329944799709484  -1.4511850968451016e-05
245.0  0.0013299439882670577  -1.4513708387673676e-05
245.05  0.0013299434269386276  -1.4515138063378973e-05
245.10000000000002  0.001329943085608094  -1.4516152429962215e-05
245.15  0.0013299429382991161  -1.4516770443452533e-05
245.20000000000002  0.001329942967712004  -1.451701652484033e-05
245.25  0.0013299431685671408  -1.4516919602945775e-05
245.3  0.0013299435494724837  -1.4516512329584906e-05
245.35000000000002  0.001329944133121108  -1.4515830537613936e-05
245.4  0.0013299449548257935  -1.451491292996836e-05
245.45000000000002  0.0013299460594724825  -1.4513800988729731e-05
245.5  0.0013299474971099515  -1.451253906453666e-05
245.55  0.0013299493175443948  -1.4511174520291268e-05
245.60000000000002  0.001329951564337122  -1.4509757841706604e-05
245.65  0.0013299542687515678  -1.4508342618168961e-05
245.70000000000002  0.0013299574441333075  -1.4506985257740587e-05
245.75  0.0013299610812765707  -1.4505744405003728e-05
245.8  0.0013299651452336639  -1.4504679980906904e-05
245.85000000000002  0.0013299695739365067  -1.450385186611185e-05
245.9  0.0013299742788798299  -1.4503318278092053e-05
245.95000000000002  0.0013299791479317407  -1.4503133898864239e-05
246.0  0.001329984050157692  -1.4503347888413301e-05
246.05  0.0013299888423932535  -1.4504001899265286e-05
246.10000000000002  0.001329993377082035  -1.4505128224191408e-05
246.15  0.0013299975108285243  -1.4506748183600645e-05
246.20000000000002  0.0013300011130012723  -1.4508870912701539e-05
246.25  0.0013300040737055873  -1.4511492574959049e-05
246.3  0.0013300063105062378  -1.4514596074087743e-05
246.35000000000002  0.0013300077733674179  -1.451815130118733e-05
246.4  0.0013300084473943522  -1.4522115879566245e-05
246.45000000000002  0.0013300083532206556  -1.4526436398377236e-05
246.5  0.0013300075449952761  -1.4531050049538868e-05
246.55  0.001330006106185398  -1.4535886614005394e-05
246.60000000000002  0.0013300041435369181  -1.4540870681164922e-05
246.65  0.0013300017797268798  -1.4545924018019248e-05
246.70000000000002  0.0013299991452952152  -1.4550967974500469e-05
246.75  0.0013299963704990329  -1.4555925821062906e-05
246.8  0.0013299935777172124  -1.4560724945542015e-05
246.85000000000002  0.0013299908749724709  -1.4565298773303427e-05
246.9  0.001329988350995129  -1.4569588400209607e-05
246.95000000000002  0.0013299860721738457  -1.457354383585898e-05
247.0  0.0013299840814632044  -1.4577124857376384e-05
247.05  0.0013299823992973833  -1.4580301431230927e-05
247.10000000000002  0.0013299810262504992  -1.458305375800703e-05
247.15  0.0013299799471589427  -1.458537191716602e-05
247.20000000000002  0.0013299791362584787  -1.4587255222108355e-05
247.25  0.0013299785628319081  -1.45887113354781e-05
247.3  0.0013299781968787983  -1.4589755237882506e-05
247.35000000000002  0.0013299780142404121  -1.4590408127038222e-05
247.4  0.0013299780007971188  -1.4590696403487917e-05
247.45000000000002  0.0013299781553467597  -1.4590650736256094e-05
247.5  0.0013299784909096327  -1.4590305359949763e-05
247.55  0.0013299790343535337  -1.4589697598862972e-05
247.60000000000002  0.001329979824346443  -1.458886762305614e-05
247.65  0.0013299809077874111  -1.458785840064813e-05
247.70000000000002  0.0013299823349927254  -1.458671579057972e-05
247.75  0.0013299841540050598  -1.458548866658247e-05
247.8  0.0013299864044973024  -1.4584228961837006e-05
247.85000000000002  0.0013299891117840778  -1.4582991540959002e-05
247.9  0.0013299922814943115  -1.458183380271497e-05
247.95000000000002  0.001329995895387684  -1.4580814947926998e-05
248.0  0.0013299999087828676  -1.4579994886290562e-05
248.05  0.0013300042498978917  -1.4579432793780439e-05
248.10000000000002  0.0013300088213171368  -1.4579185407941845e-05
248.15  0.001330013503559279  -1.4579305121362337e-05
248.20000000000002  0.001330018160602635  -1.4579837993759152e-05
248.25  0.001330022646982143  -1.458082181955906e-05
248.3  0.0013300268159775995  -1.458228438315631e-05
248.35000000000002  0.0013300305282735719  -1.4584242012128106e-05
248.4  0.0013300336604173436  -1.458669852314159e-05
248.45000000000002  0.0013300361124000486  -1.4589644648459578e-05
248.5  0.0013300378137744435  -1.459305795643677e-05
248.55  0.0013300387278177969  -1.4596903288366164e-05
248.60000000000002  0.00133003885341013  -1.4601133720841737e-05
248.65  0.0013300382245012114  -1.460569193558576e-05
248.70000000000002  0.0013300369072497898  -1.4610512005582867e-05
248.75  0.001330034995069783  -1.4615521481949468e-05
248.8  0.0013300326020298904  -1.4620643650620885e-05
248.85000000000002  0.0013300298551352512  -1.4625799940714787e-05
248.9  0.0013300268861550812  -1.4630912283558769e-05
248.95000000000002  0.0013300238235838173  -1.4635905416686109e-05
249.0  0.001330020785396671  -1.4640708956562194e-05
249.05  0.001330017873088152  -1.4645259227259646e-05
249.10000000000002  0.0013300151674008422  -1.4649500730456707e-05
249.15  0.0013300127260024808  -1.4653387247771064e-05
249.20000000000002  0.0013300105831477512  -1.4656882524738987e-05
249.25  0.0013300087512685941  -1.4659960554195086e-05
249.3  0.0013300072242387717  -1.4662605456678313e-05
249.35000000000002  0.00133000598192802  -1.4664811014600157e-05
249.4  0.0013300049956020202  -1.4666579928519904e-05
249.45000000000002  0.0013300042336450027  -1.4667922872710869e-05
249.5  0.001330003667082082  -1.4668857432172913e-05
249.55  0.0013300032744428096  -1.4669407025088253e-05
249.60000000000002  0.0013300030454983097  -1.4669599911360529e-05
249.65  0.0013300029835807315  -1.4669468354866206e-05
249.70000000000002  0.0013300031062850916  -1.466904799653885e-05
249.75  0.001330003444470775  -1.4668377475325319e-05
249.8  0.0013300040396404102  -1.4667498262560226e-05
249.85000000000002  0.001330004939868157  -1.4666454664236258e-05
249.9  0.001330006194625366  -1.466529395522981e-05
249.95000000000002  0.0013300078488851868  -1.4664066434595842e-05
250.0  0.001330009937039915  -1.4662825436384096e-05
250.05  0.0013300124771089199  -1.4661627071885534e-05
250.10000000000002  0.0013300154658137551  -1.4660529701159128e-05
250.15  0.0013300188749696049  -1.4659593032651289e-05
250.20000000000002  0.0013300226496391534  -1.4658876893167637e-05
250.25  0.0013300267082835575  -1.4658439656706082e-05
250.3  0.0013300309450354581  -1.4658336441790085e-05
250.35000000000002  0.0013300352340649775  -1.4658617151248692e-05
250.4  0.0013300394357247123  -1.4659324491064427e-05
250.45000000000002  0.0013300434041092287  -1.4660492113701892e-05
250.5  0.0013300469954791165  -1.4662142975935591e-05
250.55  0.0013300500768589775  -1.4664288053418853e-05
250.60000000000002  0.0013300525341913346  -1.466692548059167e-05
250.65  0.0013300542793731889  -1.4670040190808845e-05
250.70000000000002  0.0013300552556093353  -1.4673604064635863e-05
250.75  0.0013300554406850318  -1.4677576592744411e-05
250.8  0.0013300548478821616  -1.4681906038413353e-05
250.85000000000002  0.0013300535245106214  -1.468653100080927e-05
250.9  0.0013300515481985994  -1.4691382341280542e-05
250.95000000000002  0.0013300490212500848  -1.4696385377577204e-05
251.0  0.0013300460635803655  -1.4701462220544819e-05
251.05  0.001330042804777877  -1.4706534185877896e-05
251.10000000000002  0.0013300393759538202  -1.4711524140455581e-05
251.15  0.0013300359019968915  -1.4716358720590571e-05
251.20000000000002  0.0013300324948256174  -1.4720970315336293e-05
251.25  0.0013300292480800846  -1.4725298739855707e-05
251.3  0.0013300262336279332  -1.4729292547822122e-05
251.35000000000002  0.001330023500018221  -1.4732909953159745e-05
251.4  0.00133002107293187  -1.4736119328225689e-05
251.45000000000002  0.0013300189574391263  -1.4738899298390455e-05
251.5  0.0013300171417812668  -1.4741238480034304e-05
251.55  0.0013300156022759107  -1.474313486931006e-05
251.60000000000002  0.0013300143088508386  -1.4744594999555397e-05
251.65  0.0013300132306938045  -1.4745632929091877e-05
251.70000000000002  0.0013300123414956295  -1.4746269170008816e-05
251.75  0.001330011623876337  -1.4746529624626e-05
251.8  0.001330011072528199  -1.4746444653585705e-05
251.85000000000002  0.0013300106958984187  -1.4746048325772038e-05
251.9  0.0013300105161978494  -1.474537787611932e-05
251.95000000000002  0.0013300105677409393  -1.4744473426239746e-05
252.0  0.001330010893736335  -1.4743377881202787e-05
252.05  0.001330011541778624  -1.4742136990311227e-05
252.10000000000002  0.0013300125584076625  -1.4740799436305848e-05
252.15  0.001330013983148216  -1.4739416882123164e-05
252.20000000000002  0.0013300158425834318  -1.4738043865890121e-05
252.25  0.001330018144957526  -1.4736737430249137e-05
252.3  0.001330020875850806  -1.4735556428231928e-05
252.35000000000002  0.0013300239953491113  -1.473456049610859e-05
252.4  0.0013300274370856519  -1.4733808669635225e-05
252.45000000000002  0.0013300311093251793  -1.4733357730058096e-05
252.5  0.0013300348981647144  -1.4733260327726128e-05
252.55  0.0013300386726482552  -1.4733563020861984e-05
252.60000000000002  0.0013300422915350797  -1.4734304344713681e-05
252.65  0.0013300456111915576  -1.4735513052162265e-05
252.70000000000002  0.001330048494047767  -1.4737206626367293e-05
252.75  0.0013300508169403749  -1.4739390174370944e-05
252.8  0.0013300524786988262  -1.4742055790324389e-05
252.85000000000002  0.0013300534063788619  -1.4745182414477981e-05
252.9  0.0013300535596051763  -1.4748736202238578e-05
252.95000000000002  0.0013300529327540007  -1.475267141210618e-05
253.0  0.001330051554757248  -1.4756931745200951e-05
253.05  0.0013300494866145193  -1.4761452084912545e-05
253.10000000000002  0.0013300468168094023  -1.4766160537980737e-05
253.15  0.0013300436550654445  -1.4770980721906133e-05
253.20000000000002  0.0013300401249158808  -1.4775834142136406e-05
253.25  0.0013300363557515707  -1.4780642588172604e-05
253.3  0.0013300324749191126  -1.4785330447446982e-05
253.35000000000002  0.001330028600514046  -1.4789826813313965e-05
253.4  0.0013300248353610167  -1.479406734913413e-05
253.45000000000002  0.0013300212626013576  -1.4797995800297677e-05
253.5  0.0013300179431443202  -1.4801565129490672e-05
253.55  0.001330014915070486  -1.4804738245967927e-05
253.60000000000002  0.001330012194917371  -1.4807488305550003e-05
253.65  0.0013300097806294205  -1.4809798643532234e-05
253.70000000000002  0.0013300076558265376  -1.4811662319972945e-05
253.75  0.0013300057949464678  -1.4813081403178925e-05
253.8  0.0013300041687651148  -1.4814066048020064e-05
253.85000000000002  0.0013300027497830506  -1.4814633425131612e-05
253.9  0.0013300015170083317  -1.4814806673148348e-05
253.95000000000002  0.001330000459707682  -1.4814613874674005e-05
254.0  0.0013299995797948277  -1.4814087225359894e-05
254.05  0.001329998892678768  -1.4813262385818824e-05
254.10000000000002  0.0013299984264258055  -1.4812178058292292e-05
254.15  0.0013299982193661862  -1.4810875808931646e-05
254.20000000000002  0.00132999831625018  -1.4809400030472357e-05
254.25  0.0013299987633156964  -1.4807798022056676e-05
254.3  0.0013299996026214299  -1.4806120059171176e-05
254.35000000000002  0.001330000866152559  -1.4804419357782863e-05
254.4  0.0013300025702059322  -1.4802751829364673e-05
254.45000000000002  0.0013300047105806552  -1.4801175547218739e-05
254.5  0.0013300072590389173  -1.4799749879469194e-05
254.55  0.0013300101614837855  -1.4798534278389328e-05
254.60000000000002  0.00133001333805615  -1.4797586772949769e-05
254.65  0.001330016685329648  -1.4796962180792911e-05
254.70000000000002  0.0013300200805232273  -1.47967102002702e-05
254.75  0.0013300233874730906  -1.47968734759466e-05
254.8  0.0013300264639872503  -1.4797485751003102e-05
254.85000000000002  0.0013300291700252041  -1.4798570246749672e-05
254.9  0.0013300313760834042  -1.4800138365585408e-05
254.95000000000002  0.0013300329711289512  -1.4802188832587653e-05
255.0  0.0013300338694477718  -1.4804707295894151e-05
255.05  0.0013300340158556019  -1.480766644421116e-05
255.10000000000002  0.0013300333888913414  -1.481102663657423e-05
255.15  0.0013300320016860234  -1.4814737005220996e-05
255.20000000000002  0.0013300299005422327  -1.4818736988730778e-05
255.25  0.0013300271613025556  -1.482295822301618e-05
255.3  0.0013300238838609133  -1.4827326700726068e-05
255.35000000000002  0.0013300201852789611  -1.48317650931931e-05
255.4  0.0013300161920655749  -1.4836195141232984e-05
255.45000000000002  0.0013300120322506147  -1.4840540003767844e-05
255.5  0.0013300078278691047  -1.4844726477695135e-05
255.55  0.0013300036883961918  -1.484868698318207e-05
255.60000000000002  0.0013299997056222233  -1.4852361247008855e-05
255.65  0.0013299959502710806  -1.4855697648251376e-05
255.70000000000002  0.0013299924705237995  -1.4858654130830095e-05
255.75  0.0013299892924800805  -1.4861198724104682e-05
255.8  0.0013299864223702274  -1.4863309669645554e-05
255.85000000000002  0.0013299838502508063  -1.4864975146821756e-05
255.9  0.001329981554769607  -1.4866192691764227e-05
255.95000000000002  0.0013299795085446515  -1.4866968379379278e-05
256.0  0.0013299776836278286  -1.4867315810422198e-05
256.05  0.001329976056577173  -1.4867255063818053e-05
256.1  0.0013299746126896527  -1.4866811666131106e-05
256.15000000000003  0.001329973349012041  -1.4866015660524516e-05
256.2  0.0013299722758819917  -1.4864900871020318e-05
256.25  0.0013299714168370932  -1.4863504395360816e-05
256.3  0.001329970806912688  -1.4861866304470778e-05
256.35  0.0013299704894071036  -1.486002955191669e-05
256.40000000000003  0.001329970511407104  -1.4858040018453475e-05
256.45  0.0013299709183899962  -1.4855946600951411e-05
256.5  0.0013299717483655675  -1.4853801231610791e-05
256.55  0.0013299730260563666  -1.4851658742376915e-05
256.6  0.001329974757639266  -1.484957647897051e-05
256.65000000000003  0.0013299769265633218  -1.4847613589419415e-05
256.7  0.0013299794908660054  -1.484582997133741e-05
256.75  0.0013299823823571793  -1.484428488072911e-05
256.8  0.0013299855078177073  -1.4843035273776582e-05
256.85  0.0013299887523062484  -1.4842133926368955e-05
256.90000000000003  0.0013299919843528154  -1.4841627491782739e-05
256.95  0.001329995062742065  -1.484155458140882e-05
257.0  0.0013299978444151121  -1.4841944027101529e-05
257.05  0.0013300001928731495  -1.4842813406902968e-05
257.1  0.0013300019864436285  -1.484416797850488e-05
257.15000000000003  0.0013300031257645415  -1.4846000043833535e-05
257.2  0.0013300035398661585  -1.4848288826976581e-05
257.25  0.0013300031904058453  -1.4851000858973778e-05
257.3  0.0013300020736741881  -1.4854090870564563e-05
257.35  0.0013300002202872247  -1.485750312320744e-05
257.40000000000003  0.0013299976925719734  -1.4861173140564296e-05
257.45  0.0013299945799092436  -1.4865029751773501e-05
257.5  0.0013299909924284247  -1.4868997338021543e-05
257.55  0.0013299870535814322  -1.487299820066327e-05
257.6  0.0013299828921919882  -1.4876954923296075e-05
257.65000000000003  0.0013299786346310104  -1.4880792658600209e-05
257.7  0.0013299743976913257  -1.4884441222857135e-05
257.75  0.0013299702826756808  -1.4887836919106603e-05
257.8  0.0013299663711056424  -1.4890924032402394e-05
257.85  0.001329962722305018  -1.4893655944371175e-05
257.90000000000003  0.001329959372919028  -1.489599584238372e-05
257.95  0.001329956338301774  -1.4897917018118277e-05
258.0  0.0013299536155612864  -1.4899402785295427e-05
258.05  0.0013299511878817056  -1.490044604265234e-05
258.1  0.0013299490297027016  -1.4901048564339397e-05
258.15000000000003  0.0013299471122452987  -1.4901220084125185e-05
258.2  0.001329945408880783  -1.4900977268372112e-05
258.25  0.0013299438998660134  -1.4900342672883107e-05
258.3  0.0013299425760453691  -1.4899343789682344e-05
258.35  0.0013299414411596623  -1.4898012221134646e-05
258.40000000000003  0.0013299405126052997  -1.4896383077586716e-05
258.45  0.0013299398205376483  -1.4894494597016876e-05
258.5  0.001329939405365631  -1.489238798855672e-05
258.55  0.0013299393138486559  -1.489010741957111e-05
258.6  0.0013299395940881093  -1.488770011875474e-05
258.65000000000003  0.0013299402897963908  -1.488521644609094e-05
258.7  0.001329941434353113  -1.4882709853037703e-05
258.75  0.001329943045138249  -1.4880236636413149e-05
258.8  0.0013299451186841796  -1.4877855376779227e-05
258.85  0.0013299476271249329  -1.4875626061048078e-05
258.90000000000003  0.0013299505163326555  -1.4873608835413608e-05
258.95  0.0013299537060176183  -1.4871862465754265e-05
259.0  0.0013299570919325689  -1.4870442528424439e-05
259.05  0.0013299605500872143  -1.4869399481816695e-05
259.1  0.0013299639427638093  -1.4868776696739605e-05
259.15000000000003  0.0013299671259083556  -1.4868608597127793e-05
259.2  0.0013299699573721012  -1.4868919036126085e-05
259.25  0.0013299723053888436  -1.4869719993489128e-05
259.3  0.0013299740565800712  -1.4871010722415645e-05
259.35  0.0013299751229051754  -1.4872777352653143e-05
259.40000000000003  0.0013299754469780147  -1.487499303611721e-05
259.45  0.0013299750053370868  -1.4877618578844993e-05
259.5  0.0013299738094160948  -1.4880603564008553e-05
259.55  0.0013299719041874659  -1.4883887902896972e-05
259.6  0.0013299693645745581  -1.4887403738628462e-05
259.65000000000003  0.0013299662899925683  -1.4891077590236269e-05
259.7  0.0013299627974497092  -1.4894832693196727e-05
259.75  0.0013299590138044768  -1.4898591361949486e-05
259.8  0.001329955067782738  -1.490227733528149e-05
259.85  0.0013299510823789294  -1.4905817957681033e-05
259.90000000000003  0.001329947168204494  -1.4909146143804106e-05
259.95  0.001329943418265748  -1.4912202046199821e-05
260.0  0.0013299399044811098  -1.4914934338558115e-05
260.05  0.0013299366761146537  -1.4917301132263039e-05
260.1  0.0013299337601608671  -1.49192704657846e-05
260.15000000000003  0.001329931163500805  -1.4920820407566615e-05
260.2  0.001329928876565267  -1.4921938786106132e-05
260.25  0.0013299268781132992  -1.4922622601111295e-05
260.3  0.0013299251406208702  -1.4922877202133743e-05
260.35  0.0013299236358034015  -1.4922715320674225e-05
260.40000000000003  0.0013299223397742889  -1.4922156021257983e-05
260.45  0.001329921237367412  -1.4921223697519914e-05
260.5  0.0013299203252585194  -1.491994719101167e-05
260.55  0.001329919613612205  -1.4918359090453602e-05
260.6  0.001329919126123264  -1.4916495265942967e-05
260.65000000000003  0.001329918898381844  -1.4914394619186706e-05
260.7  0.0013299189747349406  -1.491209903745625e-05
260.75  0.001329919403830248  -1.4909653493536102e-05
260.8  0.0013299202332236475  -1.490710618637283e-05
260.85  0.0013299215034763663  -1.4904508582428496e-05
260.90000000000003  0.0013299232422406303  -1.4901915325448247e-05
260.95  0.0013299254588430096  -1.4899383867342502e-05
261.0  0.001329928139917893  -1.4896973761771874e-05
261.05  0.0013299312465029607  -1.4894745596753713e-05
261.1  0.0013299347129704254  -1.4892759607069159e-05
261.15000000000003  0.0013299384480009425  -1.4891073956474683e-05
261.2  0.0013299423376558867  -1.488974283676218e-05
261.25  0.0013299462504034673  -1.4888814463259324e-05
261.3  0.0013299500437909863  -1.4888329107358347e-05
261.35  0.0013299535723035622  -1.4888317301742617e-05
261.40000000000003  0.001329956695817541  -1.4888798308966035e-05
261.45  0.0013299592880221774  -1.4889779002437019e-05
261.5  0.001329961244092342  -1.4891253199663659e-05
261.55  0.0013299624870760948  -1.489320149709102e-05
261.6  0.001329962972431634  -1.489559163268307e-05
261.65000000000003  0.0013299626904009138  -1.4898379349948215e-05
261.7  0.001329961666021034  -1.4901509737975786e-05
261.75  0.001329959956831247  -1.4904918940089975e-05
261.8  0.001329957648441869  -1.4908536202146811e-05
261.85  0.0013299548484070412  -1.4912286123305776e-05
261.90000000000003  0.0013299516788773502  -1.4916091028818724e-05
261.95  0.0013299482686425432  -1.4919873346738634e-05
262.0  0.0013299447452017458  -1.4923557895783843e-05
262.05  0.0013299412274462245  -1.4927073993394502e-05
262.1  0.0013299378195208494  -1.4930357300529788e-05
262.15000000000003  0.0013299346062492661  -1.4933351310332022e-05
262.2  0.0013299316504079284  -1.493600849962072e-05
262.25  0.0013299289919683195  -1.4938291045784517e-05
262.3  0.0013299266492169972  -1.4940171143963438e-05
262.35  0.0013299246216011166  -1.4941630931807645e-05
262.40000000000003  0.001329922893895324  -1.4942662089944278e-05
262.45  0.0013299214413242904  -1.4943265116302076e-05
262.5  0.001329920235098377  -1.4943448431917802e-05
262.55  0.001329919247862047  -1.4943227347966742e-05
262.6  0.0013299184586032823  -1.4942623026545062e-05
262.65000000000003  0.0013299178565616078  -1.4941661496203386e-05
262.7  0.0013299174437923045  -1.4940372830306303e-05
262.75  0.0013299172362109118  -1.4938790554751367e-05
262.8  0.0013299172629495791  -1.4936951252384704e-05
262.85  0.001329917564123572  -1.4934894433957539e-05
262.90000000000003  0.0013299181871235133  -1.4932662578587643e-05
262.95  0.0013299191817438202  -1.4930301276244967e-05
263.0  0.0013299205945000254  -1.4927859389658477e-05
263.05  0.0013299224626380545  -1.4925389098616008e-05
263.1  0.0013299248083094538  -1.492294573851138e-05
263.15000000000003  0.0013299276334685771  -1.49205873429208e-05
263.2  0.0013299309159625155  -1.4918373827926129e-05
263.25  0.0013299346072486978  -1.4916365816838861e-05
263.3  0.0013299386320431482  -1.4914623110870722e-05
263.35  0.0013299428900481844  -1.491320289400853e-05
263.40000000000003  0.0013299472597681457  -1.4912157760666464e-05
263.45  0.0013299516041804047  -1.4911533680334564e-05
263.5  0.001329955777911652  -1.491136804850665e-05
263.55  0.0013299596354239963  -1.4911687948467554e-05
263.6  0.0013299630395501747  -1.4912508727493571e-05
263.65000000000003  0.0013299658697708406  -1.4913833002036352e-05
263.7  0.0013299680295455014  -1.4915650140512175e-05
263.75  0.0013299694521147739  -1.4917936279918863e-05
263.8  0.0013299701043500394  -1.492065485697179e-05
263.85  0.0013299699883193598  -1.4923757637511233e-05
263.90000000000003  0.0013299691404904202  -1.4927186205397646e-05
263.95  0.0013299676286591562  -1.4930873795796916e-05
264.0  0.0013299655468592376  -1.4934747452513596e-05
264.05  0.00132996300873521  -1.4938730339053379e-05
264.1  0.0013299601398727746  -1.4942744142150996e-05
264.15000000000003  0.001329957069761582  -1.4946711450537211e-05
264.2  0.0013299539239781566  -1.4950557994892599e-05
264.25  0.0013299508171994647  -1.495421470465864e-05
264.3  0.001329947847532184  -1.4957619437145145e-05
264.35  0.0013299450925493045  -1.4960718381110301e-05
264.40000000000003  0.0013299426072198492  -1.4963467050665177e-05
264.45  0.0013299404238209314  -1.4965830876124985e-05
264.5  0.0013299385536906848  -1.496778539329213e-05
264.55  0.0013299369905803728  -1.4969316041288827e-05
264.6  0.0013299357152331865  -1.497041762761023e-05
264.65000000000003  0.00132993470071567  -1.497109354369375e-05
264.7  0.0013299339180086092  -1.4971354787854277e-05
264.75  0.0013299333413475704  -1.4971218904886747e-05
264.8  0.00132993295284456  -1.4970708947486438e-05
264.85  0.001329932745975833  -1.4969852509170664e-05
264.90000000000003  0.0013299327276640347  -1.4968680967422719e-05
264.95  0.0013299329187381375  -1.4967228933683704e-05
265.0  0.0013299333527351264  -1.496553393731529e-05
265.05  0.001329934073138881  -1.4963636363651768e-05
265.1  0.0013299351292105507  -1.4961579531199256e-05
265.15000000000003  0.0013299365707851673  -1.4959409867738643e-05
265.2  0.0013299384424176374  -1.4957177053685311e-05
265.25  0.0013299407773588348  -1.4954934032720382e-05
265.3  0.0013299435919013891  -1.4952736784394822e-05
265.35  0.0013299468806093689  -1.4950643772412885e-05
265.40000000000003  0.0013299506128975724  -1.4948715043004495e-05
265.45  0.0013299547313473713  -1.4947010941090012e-05
265.5  0.001329959152039087  -1.4945590509440432e-05
265.55  0.001329963766985906  -1.4944509639480707e-05
265.6  0.0013299684485865086  -1.4943819064762096e-05
265.65000000000003  0.0013299730558695793  -1.4943562349550832e-05
265.7  0.0013299774420859013  -1.494377398609842e-05
265.75  0.0013299814630988603  -1.4944477736991485e-05
265.8  0.0013299849859422404  -1.4945685329756527e-05
265.85  0.001329987896880859  -1.49473955921959e-05
265.90000000000003  0.001329990108318736  -1.4949594075595461e-05
265.95  0.0013299915640338155  -1.4952253219271548e-05
266.0  0.0013299922422957216  -1.495533302151345e-05
266.05  0.001329992156676469  -1.4958782184992694e-05
266.1  0.0013299913544717293  -1.4962539712935134e-05
266.15000000000003  0.0013299899129063538  -1.4966536833500984e-05
266.2  0.0013299879334773956  -1.497069919253525e-05
266.25  0.0013299855348679226  -1.4974949208982529e-05
266.3  0.0013299828450661208  -1.4979208471701416e-05
266.35  0.0013299799932870232  -1.49834000898987e-05
266.40000000000003  0.0013299771023315417  -1.498745090194333e-05
266.45  0.0013299742819677949  -1.4991293447274515e-05
266.5  0.0013299716237553268  -1.4994867618958719e-05
266.55  0.0013299691976835144  -1.4998121976165721e-05
266.6  0.0013299670507667734  -1.5001014627516918e-05
266.65000000000003  0.0013299652075847441  -1.5003513724948193e-05
266.7  0.0013299636726407792  -1.5005597546563021e-05
266.75  0.0013299624341908197  -1.5007254197863429e-05
266.8  0.001329961469165566  -1.5008481005970137e-05
266.85  0.0013299607487089065  -1.5009283670117525e-05
266.90000000000003  0.0013299602437864969  -1.5009675249136084e-05
266.95  0.0013299599303837335  -1.5009675082173503e-05
267.0  0.0013299597938419706  -1.5009307749312651e-05
267.05  0.001329959831944064  -1.5008602155368485e-05
267.1  0.0013299600564930958  -1.5007590806193614e-05
267.15000000000003  0.0013299604932477185  -1.500630931897248e-05
267.2  0.0013299611801813659  -1.500479617430302e-05
267.25  0.0013299621642017558  -1.5003092685292579e-05
267.3  0.0013299634965678537  -1.5001243113657299e-05
267.35  0.0013299652273812408  -1.499929485849821e-05
267.40000000000003  0.001329967399535949  -1.499729856388964e-05
267.45  0.0013299700426976228  -1.4995308080551157e-05
267.5  0.0013299731677985705  -1.4993380165490922e-05
267.55  0.0013299767625666527  -1.499157383578044e-05
267.6  0.0013299807885520424  -1.498994935316886e-05
267.65000000000003  0.0013299851800156275  -1.4988566868283609e-05
267.7  0.001329989844882052  -1.49874847112123e-05
267.75  0.0013299946678216592  -1.4986757508150318e-05
267.8  0.0013299995153218227  -1.498643414222134e-05
267.85  0.0013300042424454108  -1.4986555764882393e-05
267.90000000000003  0.001330008700815713  -1.498715393463679e-05
267.95  0.0013300127472303121  -1.4988249060019312e-05
268.0  0.0013300162522443266  -1.4989849203566707e-05
268.05  0.0013300191080539469  -1.4991949352068101e-05
268.1  0.001330021235060139  -1.4994531200065108e-05
268.15000000000003  0.0013300225865762727  -1.4997563457265321e-05
268.2  0.0013300231513341384  -1.500100266194548e-05
268.25  0.0013300229535909802  -1.500479446762059e-05
268.3  0.0013300220508515208  -1.5008875341533797e-05
268.35  0.0013300205294394388  -1.501317457778162e-05
268.40000000000003  0.0013300184982653926  -1.5017616540810791e-05
268.45  0.001330016081348241  -1.5022123045817519e-05
268.5  0.0013300134096858893  -1.5026615754216402e-05
268.55  0.001330010613108579  -1.503101849546361e-05
268.6  0.0013300078127629939  -1.5035259412022077e-05
268.65000000000003  0.001330005114771964  -1.5039272849329938e-05
268.7  0.0013300026054736927  -1.5043000936783594e-05
268.75  0.001330000348565181  -1.5046394765331106e-05
268.8  0.0013299983842501397  -1.5049415181587187e-05
268.85  0.0013299967303482612  -1.5052033169010498e-05
268.90000000000003  0.0013299953851512764  -1.5054229826089822e-05
268.95  0.0013299943316990577  -1.5055995974391214e-05
269.0  0.0013299935430287862  -1.5057331480782996e-05
269.05  0.0013299929878869974  -1.5058244348425151e-05
269.1  0.0013299926363891804  -1.5058749672451372e-05
269.15000000000003  0.0013299924651281698  -1.5058868554450452e-05
269.2  0.0013299924612892753  -1.5058627076211788e-05
269.25  0.0013299926254087785  -1.5058055425288684e-05
269.3  0.0013299929725526793  -1.5057187205049058e-05
269.35  0.001329993531806736  -1.5056059013917288e-05
269.40000000000003  0.0013299943440852368  -1.5054710250094654e-05
269.45  0.001329995458449587  -1.5053183116523687e-05
269.5  0.0013299969271691056  -1.5051522766852134e-05
269.55  0.001329998799960032  -1.5049777482579888e-05
269.6  0.0013300011178188783  -1.5047998761912496e-05
269.65000000000003  0.0013300039070150184  -1.504624121174687e-05
269.7  0.0013300071737304398  -1.5044562180281575e-05
269.75  0.001330010899889347  -1.5043021033276098e-05
269.8  0.0013300150406022168  -1.5041678020887299e-05
269.85  0.0013300195235434516  -1.5040592860800293e-05
269.90000000000003  0.0013300242504495964  -1.5039822971128639e-05
269.95  0.00133002910073998  -1.5039421520088043e-05
270.0  0.001330033937076586  -1.5039435405480336e-05
270.05  0.0013300386125331656  -1.5039903281924413e-05
270.1  0.0013300429788245798  -1.5040853762381557e-05
270.15000000000003  0.0013300468950309663  -1.5042303939355938e-05
270.2  0.0013300502361022356  -1.504425830532079e-05
270.25  0.0013300529005144395  -1.504670815557661e-05
270.3  0.0013300548164231407  -1.5049631508846461e-05
270.35  0.0013300559458809496  -1.5052993542769857e-05
270.40000000000003  0.0013300562867582578  -1.5056747555656212e-05
270.45  0.001330055872242567  -1.506083636450804e-05
270.5  0.0013300547679878936  -1.506519411097315e-05
270.55  0.0013300530671651223  -1.5069748340862843e-05
270.6  0.001330050883853513  -1.5074422326738154e-05
270.65000000000003  0.001330048345303725  -1.5079137437043499e-05
270.7  0.0013300455837038706  -1.5083815568352915e-05
270.75  0.0013300427281117094  -1.5088381403184008e-05
270.8  0.0013300398971369868  -1.5092764523848279e-05
270.85  0.0013300371929320298  -1.5096901213097888e-05
270.90000000000003  0.0013300346968620526  -1.5100735934215248e-05
270.95  0.0013300324671216127  -1.5104222415939883e-05
271.0  0.0013300305383601558  -1.510732433659056e-05
271.05  0.0013300289232493672  -1.5110015575920907e-05
271.1  0.0013300276157177681  -1.5112280090505653e-05
271.15000000000003  0.0013300265955254464  -1.5114111449161306e-05
271.2  0.0013300258336763067  -1.5115512058247699e-05
271.25  0.0013300252981794632  -1.5116492207024185e-05
271.3  0.0013300249596416751  -1.5117069006429298e-05
271.35  0.001330024796167777  -1.511726528800742e-05
271.40000000000003  0.0013300247971933248  -1.5117108612863858e-05
271.45  0.001330024965890185  -1.5116630442233163e-05
271.5  0.0013300253199376869  -1.5115865500529976e-05
271.55  0.0013300258906150965  -1.5114851408828955e-05
271.6  0.0013300267202315487  -1.5113628548280456e-05
271.65000000000003  0.0013300278581077885  -1.511224011031397e-05
271.7  0.0013300293554304775  -1.5110732251531474e-05
271.75  0.0013300312593415606  -1.5109154241769009e-05
271.8  0.0013300336067970466  -1.5107558522834525e-05
271.85  0.00133003641870094  -1.510600050941399e-05
271.90000000000003  0.0013300396948141557  -1.5104538151005471e-05
271.95  0.0013300434099993135  -1.5103231068994702e-05
272.0  0.001330047512161246  -1.5102139371843729e-05
272.05  0.0013300519221816527  -1.510132211362408e-05
272.1  0.0013300565359862279  -1.5100835472250072e-05
272.15000000000003  0.0013300612287027581  -1.5100730788704278e-05
272.2  0.0013300658606706984  -1.5101052530682715e-05
272.25  0.001330070284917511  -1.5101836368662264e-05
272.3  0.0013300743555471925  -1.5103107462336265e-05
272.35  0.0013300779364153123  -1.5104879091171002e-05
272.40000000000003  0.0013300809094196914  -1.5107151699876066e-05
272.45  0.001330083181745876  -1.5109912453487246e-05
272.5  0.001330084691486235  -1.5113135298809892e-05
272.55  0.0013300854111987235  -1.5116781568418514e-05
272.6  0.0013300853491402104  -1.5120801058543152e-05
272.65000000000003  0.0013300845480935138  -1.5125133575406109e-05
272.7  0.0013300830818945488  -1.5129710818864066e-05
272.75  0.001330081049998009  -1.5134458560226664e-05
272.8  0.001330078570517512  -1.513929899253641e-05
272.85  0.0013300757723366929  -1.5144153148233274e-05
272.90000000000003  0.0013300727869140115  -1.5148943286204448e-05
272.95  0.001330069740412188  -1.515359513976067e-05
273.0  0.0013300667467567358  -1.5158039950232067e-05
273.05  0.0013300639021106913  -1.5162216190455608e-05
273.1  0.00133006128110889  -1.5166070924763943e-05
273.15000000000003  0.0013300589350674647  -1.5169560807729238e-05
273.2  0.0013300568921723955  -1.517265260397231e-05
273.25  0.0013300551595494274  -1.517532335725913e-05
273.3  0.0013300537268933358  -1.5177560123965446e-05
273.35  0.0013300525712961542  -1.5179359419218168e-05
273.40000000000003  0.0013300516627601264  -1.5180726370562386e-05
273.45  0.0013300509699090816  -1.5181673702593565e-05
273.5  0.0013300504653859383  -1.5182220636562925e-05
273.55  0.001330050130431883  -1.518239182226439e-05
273.6  0.0013300499582792422  -1.5182216357153633e-05
273.65000000000003  0.0013300499560883554  -1.5181726995748069e-05
273.7  0.0013300501452035  -1.5180959610505587e-05
273.75  0.0013300505597451575  -1.5179952864409051e-05
273.8  0.0013300512436183287  -1.5178748143383314e-05
273.85  0.0013300522461538445  -1.5177389631577335e-05
273.90000000000003  0.0013300536167282582  -1.5175924484241415e-05
273.95  0.0013300553988128733  -1.5174402957435391e-05
274.0  0.0013300576239018904  -1.5172878393491444e-05
274.05  0.001330060305917003  -1.5171406974877756e-05
274.1  0.001330063436536793  -1.5170047143934703e-05
274.15000000000003  0.001330066981975841  -1.516885866244494e-05
274.2  0.0013300708815627209  -1.5167901309339079e-05
274.25  0.0013300750483465685  -1.516723326150805e-05
274.3  0.0013300793718482866  -1.5166909216411412e-05
274.35  0.0013300837228080549  -1.5166978392038228e-05
274.40000000000003  0.0013300879596661922  -1.5167482525564493e-05
274.45  0.0013300919363332612  -1.5168454000188546e-05
274.5  0.0013300955106822364  -1.5169914222829916e-05
274.55  0.001330098553075525  -1.5171872374576787e-05
274.6  0.0013301009543277799  -1.5174324602839468e-05
274.65000000000003  0.0013301026323883818  -1.517725373157829e-05
274.7  0.0013301035372969515  -1.5180629485935003e-05
274.75  0.001330103653945014  -1.518440926183797e-05
274.8  0.0013301030025059078  -1.5188539335979161e-05
274.85  0.0013301016364858508  -1.5192956531448368e-05
274.90000000000003  0.0013300996385761064  -1.5197590227777457e-05
274.95  0.0013300971147161148  -1.5202364600900979e-05
275.0  0.0013300941867998622  -1.5207201012433307e-05
275.05  0.001330090984675342  -1.5212020442060279e-05
275.1  0.0013300876380624006  -1.5216745860084386e-05
275.15000000000003  0.0013300842689908368  -1.5221304425849162e-05
275.2  0.0013300809853404295  -1.5225629432956932e-05
275.25  0.00133007787591724  -1.5229661947269743e-05
275.3  0.001330075007363542  -1.523335206541417e-05
275.35  0.0013300724230449503  -1.5236659732346404e-05
275.40000000000003  0.0013300701438937828  -1.5239555190410363e-05
275.45  0.0013300681710170141  -1.5242018975088916e-05
275.5  0.0013300664897445266  -1.524404155781988e-05
275.55  0.0013300650746911383  -1.5245622679750204e-05
275.6  0.001330063895352198  -1.5246770429001096e-05
275.65000000000003  0.0013300629216976886  -1.5247500195506025e-05
275.7  0.0013300621292839294  -1.5247833543813425e-05
275.75  0.0013300615034167922  -1.5247797155676021e-05
275.8  0.0013300610420410568  -1.5247421907069636e-05
275.85  0.0013300607570651004  -1.5246742113683882e-05
275.90000000000003  0.0013300606740456549  -1.5245795058756455e-05
275.95  0.0013300608301993542  -1.5244620733940789e-05
276.0  0.0013300612709310437  -1.5243261800693608e-05
276.05  0.0013300620451113603  -1.524176368462762e-05
276.1  0.001330063199490152  -1.5240174727713983e-05
276.15000000000003  0.0013300647727010225  -1.5238546250019276e-05
276.2  0.0013300667893786113  -1.5236932483918817e-05
276.25  0.0013300692548974483  -1.52353901981565e-05
276.3  0.0013300721512532207  -1.523397801844403e-05
276.35  0.0013300754345075571  -1.5232755372925674e-05
276.40000000000003  0.001330079034134347  -1.5231781097425554e-05
276.45  0.0013300828544407588  -1.5231111749425784e-05
276.5  0.0013300867780690422  -1.5230799709265255e-05
276.55  0.0013300906714151014  -1.5230891198891134e-05
276.6  0.0013300943915933111  -1.5231424347234967e-05
276.65000000000003  0.001330097794490104  -1.5232427394589018e-05
276.7  0.0013301007432605094  -1.5233917228946138e-05
276.75  0.0013301031166445595  -1.523589828892019e-05
276.8  0.0013301048164187355  -1.5238361928805169e-05
276.85  0.0013301057734070188  -1.5241286303884286e-05
276.90000000000003  0.0013301059515673083  -1.5244636775521938e-05
276.95  0.0013301053498396276  -1.5248366821106083e-05
277.0  0.001330104001641053  -1.525241940141637e-05
277.05  0.0013301019720516221  -1.5256728737700017e-05
277.1  0.0013300993529446203  -1.526122237500765e-05
277.15000000000003  0.0013300962565230361  -1.5265823492891266e-05
277.2  0.0013300928077514432  -1.527045330153114e-05
277.25  0.0013300891363218703  -1.527503345131597e-05
277.3  0.0013300853687807724  -1.5279488348171892e-05
277.35  0.0013300816214170984  -1.5283747269133124e-05
277.40000000000003  0.0013300779944144967  -1.5287746211728914e-05
277.45  0.0013300745676647406  -1.5291429389913233e-05
277.5  0.0013300713984788306  -1.5294750353209803e-05
277.55  0.0013300685212604153  -1.5297672672677162e-05
277.6  0.0013300659490670273  -1.5300170232560245e-05
277.65000000000003  0.001330063676789394  -1.530222710144206e-05
277.7  0.0013300616856247063  -1.5303837061269297e-05
277.75  0.001330059948344179  -1.5305002863183178e-05
277.8  0.0013300584348954541  -1.5305735245595706e-05
277.85  0.001330057117799706  -1.530605186744478e-05
277.90000000000003  0.0013300559768842659  -1.5305976216649798e-05
277.95  0.001330055002919877  -1.5305536596474357e-05
278.0  0.0013300541998674358  -1.5304765284317092e-05
278.05  0.0013300535855264636  -1.530369788060469e-05
278.1  0.0013300531905218332  -1.5302372918663204e-05
278.15000000000003  0.0013300530556958463  -1.530083168725736e-05
278.2  0.0013300532281042467  -1.529911822977599e-05
278.25  0.0013300537559007607  -1.5297279460792235e-05
278.3  0.001330054682573756  -1.5295365259827506e-05
278.35  0.0013300560409567443  -1.5293428470452685e-05
278.40000000000003  0.001330057847585566  -1.5291524671226346e-05
278.45  0.001330060097889951  -1.5289711675393024e-05
278.5  0.0013300627627133455  -1.528804867628698e-05
278.55  0.0013300657865594552  -1.5286595044462694e-05
278.6  0.0013300690878174652  -1.528540880853962e-05
278.65000000000003  0.0013300725610882387  -1.5284544871137533e-05
278.7  0.0013300760815188428  -1.5284053093437915e-05
278.75  0.0013300795109494235  -1.5283976334338188e-05
278.8  0.0013300827053698962  -1.528434858149349e-05
278.85  0.0013300855232416856  -1.5285193307839544e-05
278.90000000000003  0.0013300878339743286  -1.5286522185503702e-05
278.95  0.0013300895259111014  -1.5288334169058222e-05
279.0  0.0013300905132190661  -1.5290615117219256e-05
279.05  0.0013300907410976589  -1.529333788535326e-05
279.1  0.0013300901889044688  -1.529646295073356e-05
279.15000000000003  0.001330088870989017  -1.529993951725878e-05
279.2  0.0013300868351502548  -1.530370705332695e-05
279.25  0.0013300841589071778  -1.5307697178331445e-05
279.3  0.0013300809438693958  -1.5311835827042076e-05
279.35  0.0013300773087443563  -1.5316045583909613e-05
279.40000000000003  0.0013300733814838  -1.5320248080523337e-05
279.45  0.0013300692912639315  -1.532436634523349e-05
279.5  0.0013300651608843775  -1.532832704015635e-05
279.55  0.0013300611001589467  -1.5332062448603317e-05
279.6  0.0013300572007682208  -1.5335512175334914e-05
279.65000000000003  0.0013300535328750651  -1.533862447290898e-05
279.7  0.0013300501437082965  -1.534135717889799e-05
279.75  0.0013300470580745747  -1.534367823740907e-05
279.8  0.0013300442806598173  -1.5345565809661652e-05
279.85  0.0013300417998413057  -1.534700800571358e-05
279.90000000000003  0.0013300395925440018  -1.534800229910057e-05
279.95  0.0013300376297412269  -1.534855467882055e-05
280.0  0.0013300358820251155  -1.5348678650247967e-05
280.05  0.0013300343247733912  -1.5348394155834154e-05
280.1  0.001330032942458503  -1.5347726530950717e-05
280.15000000000003  0.0013300317317162971  -1.5346705559328476e-05
280.2  0.0013300307029331605  -1.5345364747595242e-05
280.25  0.0013300298801600568  -1.5343740783734286e-05
280.3  0.0013300292994098736  -1.534187326600485e-05
280.35  0.0013300290053942024  -1.5339804620138594e-05
280.40000000000003  0.001330029046991225  -1.533758015403834e-05
280.45  0.001330029471774726  -1.5335248189118564e-05
280.5  0.0013300303200706768  -1.5332860112175447e-05
280.55  0.0013300316190257501  -1.533047028395005e-05
280.6  0.0013300333772327155  -1.532813568896538e-05
280.65000000000003  0.0013300355804077503  -1.5325915270695016e-05
280.7  0.0013300381885883493  -1.5323868901775755e-05
280.75  0.0013300411351732059  -1.5322056020416618e-05
280.8  0.0013300443280307795  -1.5320533973256652e-05
280.85  0.0013300476526887186  -1.5319356133839074e-05
280.90000000000003  0.0013300509774841424  -1.5318569943041822e-05
280.95  0.0013300541603282366  -1.5318214957204222e-05
281.0  0.001330057056633542  -1.5318321065076928e-05
281.05  0.0013300595277773017  -1.5318906980587806e-05
281.1  0.0013300614495078628  -1.5319979098252635e-05
281.15000000000003  0.0013300627195527242  -1.5321530841248127e-05
281.2  0.0013300632638989908  -1.5323542466096594e-05
281.25  0.0013300630412008798  -1.5325981426937284e-05
281.3  0.001330062044992524  -1.5328803221747252e-05
281.35  0.001330060303539016  -1.5331952706527214e-05
281.40000000000003  0.0013300578773676973  -1.5335365817984955e-05
281.45  0.0013300548547162767  -1.5338971604118498e-05
281.5  0.0013300513452714543  -1.5342694478160312e-05
281.55  0.0013300474727423166  -1.5346456594335866e-05
281.6  0.0013300433668591114  -1.5350180242178733e-05
281.65000000000003  0.0013300391554335734  -1.5353790146944795e-05
281.7  0.001330034957100189  -1.535721559030236e-05
281.75  0.0013300308752257936  -1.5360392262386922e-05
281.8  0.0013300269934500137  -1.5363263789862358e-05
281.85  0.0013300233730737707  -1.5365782879887477e-05
281.90000000000003  0.0013300200524210856  -1.5367912045251677e-05
281.95  0.0013300170480974956  -1.53696239351981e-05
282.0  0.0013300143579384827  -1.5370901257631903e-05
282.05  0.001330011965275284  -1.537173635625291e-05
282.1  0.0013300098441175467  -1.5372130495309045e-05
282.15000000000003  0.0013300079647292674  -1.537209294313999e-05
282.2  0.001330006299086959  -1.5371639932320377e-05
282.25  0.001330004825760822  -1.5370793587001462e-05
282.3  0.0013300035337550965  -1.5369580937133246e-05
282.35  0.0013300024250176865  -1.5368033090361918e-05
282.40000000000003  0.0013300015153744544  -1.536618457981915e-05
282.45  0.0013300008338050155  -1.5364072989226016e-05
282.5  0.0013300004201070395  -1.536173878120264e-05
282.55  0.0013300003211154786  -1.535922529883151e-05
282.6  0.0013300005857633992  -1.5356578906383124e-05
282.65000000000003  0.001330001259390032  -1.535384908692291e-05
282.7  0.0013300023777542127  -1.5351088478381017e-05
282.75  0.0013300039612744933  -1.5348352674674067e-05
282.8  0.0013300060100396383  -1.534569975024315e-05
282.85  0.0013300085000196396  -1.534318943372762e-05
282.90000000000003  0.001330011380977941  -1.5340881926821474e-05
282.95  0.001330014576290515  -1.5338836392076415e-05
283.0  0.0013300179848648895  -1.5337109177946447e-05
283.05  0.0013300214851063798  -1.5335751864695396e-05
283.1  0.0013300249407194298  -1.5334809278814737e-05
283.15000000000003  0.001330028207945704  -1.533431757512482e-05
283.2  0.0013300311437398993  -1.533430254149553e-05
283.25  0.0013300336142512605  -1.5334778222773644e-05
283.3  0.0013300355029439736  -1.5335745958662355e-05
283.35  0.0013300367177316072  -1.53371939193447e-05
283.40000000000003  0.0013300371965436807  -1.533909713621927e-05
283.45  0.0013300369108990824  -1.5341418078729284e-05
283.5  0.001330035867216307  -1.5344107706914602e-05
283.55  0.001330034105763882  -1.5347106968127905e-05
283.6  0.0013300316973731442  -1.535034867656117e-05
283.65000000000003  0.0013300287382286642  -1.5353759658753396e-05
283.7  0.0013300253431406755  -1.5357263085468364e-05
283.75  0.001330021637884342  -1.536078087932839e-05
283.8  0.00133001775123334  -1.5364236073519047e-05
283.85  0.0013300138072693249  -1.536755507104096e-05
283.90000000000003  0.0013300099185882494  -1.537066965310609e-05
283.95  0.001330006180845078  -1.5373518697971026e-05
284.0  0.0013300026690263658  -1.537604954920946e-05
284.05  0.0013299994356019218  -1.5378218966810206e-05
284.1  0.0013299965106424423  -1.5379993693813367e-05
284.15000000000003  0.0013299939037358462  -1.538135057357155e-05
284.2  0.0013299916074533927  -1.5382276333109806e-05
284.25  0.0013299896019696245  -1.5382767001685237e-05
284.3  0.0013299878603960477  -1.5382827097314448e-05
284.35  0.0013299863542978723  -1.538246863121368e-05
284.40000000000003  0.0013299850589222435  -1.5381710052273672e-05
284.45  0.0013299839576516566  -1.5380575193315563e-05
284.5  0.0013299830453216903  -1.5379092345797936e-05
284.55  0.0013299823300907132  -1.5377293516357607e-05
284.6  0.0013299818337096682  -1.5375213913059664e-05
284.65000000000003  0.001329981590157812  -1.53728916542701e-05
284.7  0.0013299816427201736  -1.5370367730467398e-05
284.75  0.0013299820397381819  -1.5367686099494347e-05
284.8  0.0013299828293455752  -1.536489384384532e-05
284.85  0.0013299840536381627  -1.5362041301564917e-05
284.90000000000003  0.0013299857427451296  -1.5359182039427206e-05
284.95  0.0013299879093292776  -1.535637256714652e-05
285.0  0.0013299905440286603  -1.5353671736096936e-05
285.05  0.001329993612314479  -1.53511397832525e-05
285.1  0.0013299970530916503  -1.5348836990776915e-05
285.15000000000003  0.0013300007793551742  -1.534682204669673e-05
285.2  0.0013300046808992802  -1.534515016694425e-05
285.25  0.0013300086290227637  -1.53438711001405e-05
285.3  0.0013300124829459387  -1.5343027102741077e-05
285.35  0.0013300160974774365  -1.5342651096663783e-05
285.40000000000003  0.0013300193313854965  -1.5342765036938642e-05
285.45  0.0013300220558434134  -1.5343378690829148e-05
285.5  0.001330024162227729  -1.5344488829913214e-05
285.55  0.0013300255687519725  -1.5346078950789765e-05
285.6  0.0013300262253117421  -1.5348119505887055e-05
285.65000000000003  0.0013300261162177477  -1.5350568664623115e-05
285.7  0.0013300252606008919  -1.5353373537677203e-05
285.75  0.0013300237104986884  -1.5356471830082173e-05
285.8  0.001330021546764976  -1.535979383018491e-05
285.85  0.001330018873220195  -1.536326463726567e-05
285.90000000000003  0.0013300158094825699  -1.536680654376033e-05
285.95  0.0013300124831047678  -1.5370341430535114e-05
286.0  0.0013300090216137963  -1.5373793118219703e-05
286.05  0.0013300055451009902  -1.53770895291828e-05
286.1  0.0013300021598787216  -1.538016462041057e-05
286.15000000000003  0.001329998953649599  -1.5382959965585087e-05
286.2  0.0013299959924846538  -1.5385426004342834e-05
286.25  0.0013299933197438306  -1.538752283024769e-05
286.3  0.0013299909569279703  -1.5389220607027096e-05
286.35  0.0013299889062325246  -1.5390499563794845e-05
286.40000000000003  0.001329987154548472  -1.539134964178375e-05
286.45  0.0013299856784412588  -1.5391769808918666e-05
286.5  0.0013299844496254265  -1.5391767187641014e-05
286.55  0.0013299834404789856  -1.5391355994818492e-05
286.6  0.001329982629041881  -1.5390556484112914e-05
286.65000000000003  0.0013299820030905133  -1.5389393921335964e-05
286.7  0.0013299815629528996  -1.5387897698738214e-05
286.75  0.001329981322788082  -1.538610068031591e-05
286.8  0.0013299813102297647  -1.538403874895252e-05
286.85  0.0013299815644029034  -1.5381750621100833e-05
286.90000000000003  0.0013299821324427139  -1.537927787421706e-05
286.95  0.0013299830647963708  -1.537666508283017e-05
287.0  0.0013299844096492132  -1.5373960001882517e-05
287.05  0.001329986206940503  -1.5371213687052562e-05
287.1  0.0013299884824712897  -1.536848040916024e-05
287.15000000000003  0.0013299912426248555  -1.536581729527501e-05
287.2  0.0013299944701946828  -1.5363283635605246e-05
287.25  0.0013299981217683428  -1.5360939801233107e-05
287.3  0.0013300021269947318  -1.535884581001278e-05
287.35  0.0013300063899238225  -1.5357059606085173e-05
287.40000000000003  0.0013300107924194829  -1.5355635105858303e-05
287.45  0.0013300151995217246  -1.535462016680829e-05
287.5  0.0013300194663858548  -1.535405459935442e-05
287.55  0.0013300234463261556  -1.5353968356677248e-05
287.6  0.0013300269993681774  -1.5354380006527306e-05
287.65000000000003  0.0013300300006578978  -1.5355295612343297e-05
287.7  0.0013300323480323869  -1.5356708073468138e-05
287.75  0.00133003396820003  -1.53585970041019e-05
287.8  0.0013300348210137161  -1.5360929110842586e-05
287.85  0.0013300349015136954  -1.5363659107038054e-05
287.90000000000003  0.001330034239580724  -1.536673106933425e-05
287.95  0.0013300328972943197  -1.5370080205261822e-05
288.0  0.00133003096419459  -1.5373634915785044e-05
288.05  0.0013300285508833327  -1.53773190975366e-05
288.1  0.0013300257814881974  -1.538105452604272e-05
288.15000000000003  0.0013300227855989977  -1.538476325441498e-05
288.2  0.0013300196903290493  -1.538836991949355e-05
288.25  0.0013300166130926507  -1.539180384382995e-05
288.3  0.0013300136556132882  -1.539500088078565e-05
288.35  0.001330010899572034  -1.5397904899732513e-05
288.40000000000003  0.001330008404170901  -1.5400468900909035e-05
288.45  0.0013300062056426178  -1.5402655724989687e-05
288.5  0.0013300043186850329  -1.5404438324738054e-05
288.55  0.0013300027395554215  -1.5405799667222433e-05
288.6  0.0013300014504799853  -1.5406732274709546e-05
288.65000000000003  0.0013300004249268632  -1.5407237488095646e-05
288.7  0.001329999633235076  -1.5407324521999168e-05
288.75  0.0013299990481073596  -1.5407009407222665e-05
288.8  0.001329998649451693  -1.5406313920353614e-05
288.85  0.0013299984281674357  -1.540526458335546e-05
288.90000000000003  0.0013299983885594001  -1.5403891841886353e-05
288.95  0.0013299985491586207  -1.5402229449465476e-05
289.0  0.0013299989418640292  -1.540031409914735e-05
289.05  0.0013299996094672927  -1.5398185293642426e-05
289.1  0.001330000601733353  -1.5395885405315984e-05
289.15000000000003  0.001330001970334037  -1.539345983541632e-05
289.2  0.0013300037630305664  -1.5390957197809838e-05
289.25  0.0013300060175844796  -1.538842939421091e-05
289.3  0.0013300087559051372  -1.5385931468979777e-05
289.35  0.0013300119789633998  -1.538352115875504e-05
289.40000000000003  0.001330015662963945  -1.5381258104836082e-05
289.45  0.0013300197571915263  -1.5379202673768003e-05
289.5  0.001330024183820935  -1.537741445036694e-05
289.55  0.0013300288398503252  -1.53759504281087e-05
289.6  0.0013300336010968225  -1.5374863046701995e-05
289.65000000000003  0.0013300383280887126  -1.5374198155759778e-05
289.7  0.001330042873414869  -1.537399306621981e-05
289.75  0.001330047090060886  -1.53742747974583e-05
289.8  0.001330050840064398  -1.5375058663230504e-05
289.85  0.0013300540028469373  -1.5376347267384658e-05
289.90000000000003  0.001330056482544578  -1.5378129988465983e-05
289.95  0.0013300582137687963  -1.5380382989463553e-05
290.0  0.0013300591653523065  -1.538306973609602e-05
290.05  0.0013300593417722834  -1.5386142025944653e-05
290.1  0.0013300587821841493  -1.5389541468914286e-05
290.15000000000003  0.0013300575571368201  -1.5393201310246623e-05
290.2  0.001330055763322193  -1.5397048578235403e-05
290.25  0.0013300535167233528  -1.5401006400444692e-05
290.3  0.001330050944815826  -1.5404996391640423e-05
290.35  0.0013300481783893171  -1.5408941041242935e-05
290.40000000000003  0.0013300453436485408  -1.5412765958741333e-05
290.45  0.001330042555206071  -1.5416401921661076e-05
290.5  0.0013300399104259877  -1.541978663473101e-05
290.55  0.0013300374855214898  -1.5422866123041305e-05
290.6  0.0013300353336063967  -1.542559575733757e-05
290.65000000000003  0.001330033484733365  -1.54279408430887e-05
290.7  0.0013300319478132022  -1.542987681934561e-05
290.75  0.0013300307141346046  -1.5431389062915126e-05
290.8  0.001330029762118214  -1.5432472360316345e-05
290.85  0.0013300290627933822  -1.543313011345812e-05
290.90000000000003  0.0013300285855186423  -1.5433373350612714e-05
290.95  0.0013300283034295077  -1.5433219669211992e-05
291.0  0.0013300281981029594  -1.5432692162576072e-05
291.05  0.0013300282630900242  -1.54318184621366e-05
291.1  0.0013300285059650663  -1.543062994792345e-05
291.15000000000003  0.0013300289487391181  -1.5429161192476322e-05
291.2  0.0013300296265954898  -1.5427449660525218e-05
291.25  0.0013300305849962219  -1.542553562282041e-05
291.3  0.0013300318754093676  -1.5423462243362054e-05
291.35  0.0013300335499555752  -1.5421275780570527e-05
291.40000000000003  0.001330035655417385  -1.5419025735822134e-05
291.45  0.0013300382270891727  -1.5416764881841542e-05
291.5  0.001330041282986375  -1.541454906204252e-05
291.55  0.0013300448189751649  -1.5412436656572466e-05
291.6  0.0013300488052477484  -1.5410487680615824e-05
291.65000000000003  0.0013300531845972779  -1.5408762520729025e-05
291.7  0.0013300578727098444  -1.540732034269849e-05
291.75  0.0013300627606019919  -1.5406217215473508e-05
291.8  0.0013300677191323187  -1.5405504104082065e-05
291.85  0.0013300726053159474  -1.5405224844298798e-05
291.90000000000003  0.0013300772700310772  -1.540541421242989e-05
291.95  0.001330081566562595  -1.5406096255454705e-05
292.0  0.001330085359315847  -1.5407282968222798e-05
292.05  0.001330088532051299  -1.540897339935305e-05
292.1  0.0013300909949674603  -1.5411153285424398e-05
292.15000000000003  0.0013300926900795356  -1.5413795194085963e-05
292.2  0.0013300935944712902  -1.541685919162147e-05
292.25  0.0013300937211832811  -1.5420293997714992e-05
292.3  0.0013300931176843868  -1.5424038576521745e-05
292.35  0.001330091862057601  -1.5428024073601892e-05
292.40000000000003  0.001330090057277404  -1.543217600719971e-05
292.45  0.0013300878240317204  -1.5436416633530375e-05
292.5  0.0013300852926849227  -1.5440667344206833e-05
292.55  0.0013300825950301556  -1.5444851035206048e-05
292.6  0.0013300798564672685  -1.5448894314229705e-05
292.65000000000003  0.0013300771891870953  -1.5452729480548016e-05
292.7  0.0013300746868334643  -1.5456296198834187e-05
292.75  0.001330072420994875  -1.5459542799064487e-05
292.8  0.0013300704396833818  -1.5462427190349225e-05
292.85  0.001330068767828352  -1.5464917347698644e-05
292.90000000000003  0.0013300674095959087  -1.5466991410157532e-05
292.95  0.001330066352260421  -1.5468637390501742e-05
293.0  0.0013300655712046717  -1.546985256252009e-05
293.05  0.0013300650355610281  -1.5470642604806456e-05
293.1  0.0013300647139683236  -1.5471020581884045e-05
293.15000000000003  0.0013300645799369623  -1.5471005856877024e-05
293.2  0.001330064616339177  -1.5470623028559258e-05
293.25  0.001330064818678079  -1.546990099989074e-05
293.3  0.001330065196814726  -1.5468872231755065e-05
293.35  0.0013300657750255985  -1.5467572232934234e-05
293.40000000000003  0.0013300665903733708  -1.5466039309075855e-05
293.45  0.0013300676894932792  -1.5464314525463698e-05
293.5  0.0013300691240397838  -1.5462441829344536e-05
293.55  0.001330070945154328  -1.546046825039399e-05
293.6  0.0013300731973822128  -1.545844403522481e-05
293.65000000000003  0.0013300759125492163  -1.54564226455098e-05
293.7  0.0013300791041323454  -1.5454460480216056e-05
293.75  0.0013300827626427495  -1.5452616276502486e-05
293.8  0.001330086852488355  -1.5450950142451773e-05
293.85  0.0013300913106672344  -1.5449522190778852e-05
293.90000000000003  0.0013300960475456152  -1.5448390888191436e-05
293.95  0.0013301009497757995  -1.5447611144391634e-05
294.0  0.0013301058852249802  -1.5447232290623832e-05
294.05  0.0013301107096342448  -1.5447296047232223e-05
294.1  0.0013301152745374349  -1.5447834655135618e-05
294.15000000000003  0.001330119435873228  -1.544886925299797e-05
294.2  0.0013301230626161396  -1.5450408651469403e-05
294.25  0.0013301260447639907  -1.5452448560182488e-05
294.3  0.0013301283000351403  -1.545497132423505e-05
294.35  0.0013301297787767434  -1.5457946195910114e-05
294.40000000000003  0.0013301304666649854  -1.5461330117916543e-05
294.45  0.0013301303850155135  -1.5465069001361362e-05
294.5  0.0013301295887229161  -1.5469099412107937e-05
294.55  0.0013301281619852068  -1.547335058867637e-05
294.6  0.0013301262122296911  -1.5477746705285238e-05
294.65000000000003  0.0013301238627083235  -1.5482209269632912e-05
294.7  0.0013301212444089359  -1.548665954677537e-05
294.75  0.0013301184878834684  -1.5491020903294034e-05
294.8  0.0013301157156676026  -1.549522099609428e-05
294.85  0.0013301130357955791  -1.5499193694809956e-05
294.90000000000003  0.0013301105369032127  -1.550288066214057e-05
294.95  0.001330108285181024  -1.5506232595886003e-05
295.0  0.0013301063233315267  -1.550921001693291e-05
295.05  0.0013301046715021  -1.551178366866377e-05
295.1  0.0013301033299723793  -1.5513934497341474e-05
295.15000000000003  0.0013301022832879947  -1.551565327712935e-05
295.2  0.0013301015054171575  -1.5516939909096766e-05
295.25  0.001330100965412278  -1.5517802516637176e-05
295.3  0.0013301006330636797  -1.551825637242151e-05
295.35  0.0013301004840374474  -1.55183227990213e-05
295.40000000000003  0.0013301005040702264  -1.5518028111941116e-05
295.45  0.0013301006918392563  -1.551740271624419e-05
295.5  0.0013301010602789686  -1.5516480400580676e-05
295.55  0.001330101636216524  -1.5515297883756415e-05
295.6  0.0013301024583436231  -1.5513894596907497e-05
295.65000000000003  0.0013301035736721398  -1.5512312684259747e-05
295.7  0.0013301050327501852  -1.551059714419102e-05
295.75  0.001330106883992918  -1.5508796011102317e-05
295.8  0.0013301091676117419  -1.5506960456934454e-05
295.85  0.0013301119096434228  -1.550514471153233e-05
295.90000000000003  0.001330115116619461  -1.550340573352061e-05
295.95  0.001330118771351634  -1.550180249503951e-05
296.0  0.0013301228303240257  -1.550039492654654e-05
296.05  0.0013301272229764714  -1.549924249480807e-05
296.1  0.001330131853093064  -1.5498402479752725e-05
296.15000000000003  0.0013301366022859507  -1.5497928035318248e-05
296.2  0.0013301413354279493  -1.549786618711081e-05
296.25  0.0013301459076779376  -1.54982558362121e-05
296.3  0.0013301501725874818  -1.549912596953383e-05
296.35  0.001330153990716917  -1.5500494135445666e-05
296.40000000000003  0.0013301572380739197  -1.5502365339917744e-05
296.45  0.0013301598136925003  -1.5504731409328237e-05
296.5  0.0013301616457973761  -1.5507570868486488e-05
296.55  0.0013301626960249586  -1.5510849334381734e-05
296.6  0.0013301629613873414  -1.5514520446856077e-05
296.65000000000003  0.0013301624738511575  -1.5518527242568895e-05
296.7  0.0013301612975872754  -1.5522803930111953e-05
296.75  0.00133015952412252  -1.5527277986111115e-05
296.8  0.0013301572658482354  -1.5531872454121695e-05
296.85  0.0013301546483959238  -1.5536508364720025e-05
296.90000000000003  0.0013301518025132493  -1.554110715546624e-05
296.95  0.0013301488560739135  -1.5545592985090448e-05
297.0  0.0013301459268416807  -1.5549894875936166e-05
297.05  0.0013301431164808265  -1.555394855174189e-05
297.1  0.0013301405062567059  -1.5557697951049413e-05
297.15000000000003  0.0013301381546306445  -1.556109635721982e-05
297.2  0.0013301360968528114  -1.5564107090043568e-05
297.25  0.0013301343464612093  -1.556670378485088e-05
297.3  0.001330132898463387  -1.556887028981589e-05
297.35  0.0013301317338015699  -1.557060018304477e-05
297.40000000000003  0.001330130824690217  -1.5571896006664294e-05
297.45  0.0013301301402841295  -1.5572768296904225e-05
297.5  0.0013301296521849256  -1.557323448754587e-05
297.55  0.001330129339279239  -1.5573317806973725e-05
297.6  0.00133012919150809  -1.557304624049457e-05
297.65000000000003  0.0013301292122295453  -1.5572451665625845e-05
297.7  0.0013301294189776072  -1.557156919692118e-05
297.75  0.0013301298425500967  -1.5570436793835708e-05
297.8  0.001330130524471894  -1.556909508311781e-05
297.85  0.0013301315130095426  -1.5567587400186836e-05
297.90000000000003  0.001330132858079829  -1.556595991824639e-05
297.95  0.0013301346054260628  -1.556426181850137e-05
298.0  0.0013301367905506588  -1.5562545332162563e-05
298.05  0.001330139432933144  -1.5560865575779204e-05
298.1  0.0013301425310442995  -1.5559280111163598e-05
298.15000000000003  0.0013301460586649199  -1.555784811967196e-05
298.2  0.0013301499629050045  -1.555662926205415e-05
298.25  0.0013301541641959408  -1.5555682141886484e-05
298.3  0.0013301585584005017  -1.555506253953496e-05
298.35  0.0013301630209949303  -1.5554821440482997e-05
298.40000000000003  0.0013301674130690943  -1.5555003064748212e-05
298.45  0.0013301715887778026  -1.5555642929184822e-05
298.5  0.0013301754036793758  -1.5556766138361314e-05
298.55  0.0013301787233305892  -1.5558386013010336e-05
298.6  0.0013301814314987358  -1.5560503130770953e-05
298.65000000000003  0.001330183437292489  -1.5563104851272318e-05
298.7  0.00133018468068958  -1.5566165358131654e-05
298.75  0.0013301851359884486  -1.5569646232265182e-05
298.8  0.0013301848129451278  -1.557349752382656e-05
298.85  0.0013301837555288382  -1.557765923512896e-05
298.90000000000003  0.001330182038384497  -1.5582063218208108e-05
298.95  0.0013301797613787377  -1.5586635325210135e-05
299.0  0.0013301770426269097  -1.5591297754819302e-05
299.05  0.001330174010629024  -1.5595971466893775e-05
299.1  0.00133017079611622  -1.560057858153159e-05
299.15000000000003  0.0013301675242573573  -1.5605044643172104e-05
299.2  0.001330164307796997  -1.5609300665416262e-05
299.25  0.0013301612416209494  -1.5613284890471932e-05
299.3  0.0013301583990888452  -1.5616944170931198e-05
299.35  0.0013301558303204582  -1.5620234980896872e-05
299.40000000000003  0.0013301535624941107  -1.562312396763952e-05
299.45  0.0013301516019482676  -1.5625588136617004e-05
299.5  0.0013301499378788875  -1.5627614602391595e-05
299.55  0.0013301485471713555  -1.562920003711683e-05
299.6  0.001330147399912559  -1.5630349826206615e-05
299.65000000000003  0.0013301464650805638  -1.563107705927541e-05
299.7  0.001330145715866139  -1.5631401424348406e-05
299.75  0.0013301451342068629  -1.5631348114876443e-05
299.8  0.0013301447140876598  -1.563094683881643e-05
299.85  0.0013301444633692786  -1.5630231016476657e-05
299.90000000000003  0.0013301444039594378  -1.562923719032334e-05
299.95  0.0013301445703142074  -1.5628004681463178e-05
300.0  0.00133014500635515  -1.5626575486038844e-05
300.05  0.001330145761061068  -1.562499430536894e-05
300.1  0.0013301468830553458  -1.562330867722916e-05
300.15000000000003  0.0013301484146445888  -1.5621569068769055e-05
300.2  0.001330150385793326  -1.561982883899833e-05
300.25  0.0013301528085904496  -1.561814396632401e-05
300.3  0.0013301556726875827  -1.5616572470284807e-05
300.35  0.001330158942204725  -1.561517346962719e-05
300.40000000000003  0.0013301625544626383  -1.5614005907905082e-05
300.45  0.0013301664207559826  -1.561312694650771e-05
300.5  0.0013301704292474352  -1.561259014701429e-05
300.55  0.0013301744498330327  -1.561244352895621e-05
300.6  0.001330178340743344  -1.5612727606251426e-05
300.65000000000003  0.0013301819563620288  -1.5613473569670174e-05
300.7  0.0013301851557166954  -1.561470172875036e-05
300.75  0.0013301878109689483  -1.5616420290309805e-05
300.8  0.001330189815266458  -1.5618624589932195e-05
300.85  0.0013301910893127097  -1.562129683217511e-05
300.90000000000003  0.0013301915861255714  -1.5624406317736508e-05
300.95  0.001330191293630511  -1.5627910205180803e-05
301.0  0.0013301902348923746  -1.5631754728343515e-05
301.05  0.0013301884659911215  -1.5635876843862013e-05
301.1  0.001330186071731063  -1.564020619419283e-05
301.15000000000003  0.0013301831595779925  -1.5644667337415892e-05
301.2  0.0013301798523211931  -1.564918209764855e-05
301.25  0.0013301762800473596  -1.5653671983049088e-05
301.3  0.0013301725720873808  -1.565806050761562e-05
301.35  0.0013301688495424263  -1.5662275375898245e-05
301.40000000000003  0.0013301652189365524  -1.5666250409577848e-05
301.45  0.001330161767436953  -1.5669927157831577e-05
301.5  0.0013301585599054136  -1.5673256146001555e-05
301.55  0.001330155637963451  -1.56761976923041e-05
301.6  0.0013301530209624676  -1.5678722342444304e-05
301.65000000000003  0.0013301507087149778  -1.5680810877934472e-05
301.7  0.0013301486856305582  -1.5682453966037982e-05
301.75  0.0013301469258416216  -1.568365148374906e-05
301.8  0.001330145398791191  -1.568441164653486e-05
301.85  0.001330144074819775  -1.5684749956092637e-05
301.90000000000003  0.0013301429301999586  -1.568468811821201e-05
301.95  0.0013301419512064005  -1.5684253003823154e-05
302.0  0.0013301411368873853  -1.5683475749338205e-05
302.05  0.0013301405002458123  -1.568239105271326e-05
302.1  0.0013301400677839764  -1.5681036689733528e-05
302.15000000000003  0.0013301398773832946  -1.5679453276066526e-05
302.2  0.0013301399747001905  -1.567768419438113e-05
302.25  0.0013301404083492278  -1.5675775693268124e-05
302.3  0.001330141224259892  -1.56737769635495e-05
302.35  0.0013301424596698416  -1.5671740159327254e-05
302.40000000000003  0.0013301441372769855  -1.5669720244828353e-05
302.45  0.0013301462600647366  -1.5667774549431995e-05
302.5  0.001330148807324051  -1.5665962021157716e-05
302.55  0.0013301517322859059  -1.566434210697955e-05
302.6  0.0013301549616781885  -1.5662973327453195e-05
302.65000000000003  0.0013301583973660287  -1.5661911561215005e-05
302.7  0.001330161920074402  -1.5661208151454336e-05
302.75  0.0013301653949896954  -1.5660907960135485e-05
302.8  0.001330168678882747  -1.566104747345164e-05
302.85  0.0013301716282281412  -1.56616531008291e-05
302.90000000000003  0.0013301741077319483  -1.566273976498153e-05
302.95  0.0013301759985686035  -1.5664309912156462e-05
303.0  0.0013301772057183678  -1.5666352965351942e-05
303.05  0.0013301776637731928  -1.5668845299825944e-05
303.1  0.0013301773407990959  -1.5671750725832065e-05
303.15000000000003  0.0013301762399303167  -1.5675021456693777e-05
303.2  0.0013301743985840546  -1.5678599548401466e-05
303.25  0.0013301718854086646  -1.5682418676056108e-05
303.3  0.0013301687952342192  -1.568640623613967e-05
303.35  0.0013301652424284605  -1.5690485635525128e-05
303.40000000000003  0.001330161353263299  -1.569457867081701e-05
303.45  0.0013301572578669667  -1.569860789495906e-05
303.5  0.0013301530823922152  -1.5702498879424892e-05
303.55  0.0013301489420300579  -1.5706182272628402e-05
303.6  0.00133014493532254  -1.5709595588952433e-05
303.65000000000003  0.0013301411401599704  -1.571268462940089e-05
303.7  0.001330137611721494  -1.571540452690234e-05
303.75  0.0013301343823364617  -1.5717720397180873e-05
303.8  0.0013301314632287538  -1.5719607546049578e-05
303.85  0.0013301288478544874  -1.5721051319682344e-05
303.90000000000003  0.0013301265164662453  -1.5722046606842215e-05
303.95  0.00133012444145277  -1.5722597062013135e-05
304.0  0.0013301225929165618  -1.572271414924584e-05
304.05  0.0013301209440268165  -1.572241608846579e-05
304.1  0.0013301194756478894  -1.5721726791228336e-05
304.15000000000003  0.0013301181798390147  -1.572067488937051e-05
304.2  0.0013301170619460965  -1.57192929479648e-05
304.25  0.0013301161410719455  -1.5717616880197367e-05
304.3  0.0013301154489001618  -1.571568557945976e-05
304.35  0.0013301150269225503  -1.571354079995472e-05
304.40000000000003  0.00133011492231308  -1.5711227181303784e-05
304.45  0.001330115182728997  -1.5708792341724803e-05
304.5  0.0013301158505048274  -1.5706286968265762e-05
304.55  0.0013301169566945624  -1.5703764755468203e-05
304.6  0.0013301185155037512  -1.570128213502738e-05
304.65000000000003  0.001330120519619149  -1.569889767591816e-05
304.7  0.0013301229369277838  -1.569667116239101e-05
304.75  0.001330125708978858  -1.5694662307944073e-05
304.8  0.0013301287514567058  -1.5692929165838222e-05
304.85  0.0013301319567531318  -1.5691526308595632e-05
304.90000000000003  0.0013301351985068276  -1.569050287482637e-05
304.95  0.001330138337924045  -1.5689900605788125e-05
305.0  0.0013301412313446253  -1.5689752016684864e-05
305.05  0.0013301437385700539  -1.5690078801071524e-05
305.1  0.0013301457312952726  -1.569089059381978e-05
305.15000000000003  0.001330147100956  -1.5692184176768005e-05
305.2  0.0013301477654114754  -1.569394317309941e-05
305.25  0.0013301476739027204  -1.5696138257342796e-05
305.3  0.0013301468099086082  -1.5698727882214542e-05
305.35  0.0013301451916842726  -1.5701659472020196e-05
305.40000000000003  0.0013301428704738042  -1.5704871049593196e-05
305.45  0.0013301399265436362  -1.570829319030853e-05
305.5  0.0013301364634328038  -1.5711851238044963e-05
305.55  0.001330132600855203  -1.5715467660272725e-05
305.6  0.0013301284668672045  -1.5719064441639175e-05
305.65000000000003  0.00133012418991982  -1.5722565434139637e-05
305.7  0.0013301198914003726  -1.5725898521379224e-05
305.75  0.001330115679217754  -1.5728997563622753e-05
305.8  0.0013301116428809964  -1.5731804012652844e-05
305.85  0.001330107850363037  -1.5734268159233963e-05
305.90000000000003  0.0013301043468963638  -1.5736349967759877e-05
305.95  0.0013301011556883827  -1.5738019519354073e-05
306.0  0.0013300982803779084  -1.57392570334456e-05
306.05  0.0013300957089143594  -1.5740052525408158e-05
306.1  0.0013300934184675218  -1.574040516920687e-05
306.15000000000003  0.0013300913808566568  -1.5740322417938032e-05
306.2  0.0013300895680331193  -1.573981898789819e-05
306.25  0.0013300879570846802  -1.5738915788943652e-05
306.3  0.001330086534345339  -1.5737638904046464e-05
306.35  0.0013300852982578632  -1.5736018700184874e-05
306.40000000000003  0.0013300842607231727  -1.5734089144091193e-05
306.45  0.0013300834468227508  -1.5731887320720862e-05
306.5  0.0013300828929234307  -1.572945321347155e-05
306.55  0.001330082643293385  -1.5726829657257803e-05
306.6  0.0013300827454912928  -1.5724062431893477e-05
306.65000000000003  0.0013300832448964188  -1.5721200376577534e-05
306.7  0.0013300841788245461  -1.571829543167854e-05
306.75  0.001330085570759745  -1.571540250388441e-05
306.8  0.0013300874251652491  -1.5712579056751308e-05
306.85  0.0013300897234395875  -1.5709884383961607e-05
306.90000000000003  0.001330092421414757  -1.5707378506096478e-05
306.95  0.0013300954487166583  -1.5705120757736248e-05
307.0  0.0013300987101758817  -1.5703168077620447e-05
307.05  0.0013301020892985448  -1.570157310429234e-05
307.1  0.0013301054536113267  -1.570038220543885e-05
307.15000000000003  0.0013301086615539887  -1.569963355660788e-05
307.20000000000005  0.001330111570403756  -1.5699355387303014e-05
307.25  0.0013301140446812893  -1.56995645299602e-05
307.3  0.0013301159643233284  -1.5700265363385348e-05
307.35  0.0013301172320378599  -1.5701449212846626e-05
307.40000000000003  0.0013301177792130494  -1.5703094271006632e-05
307.45000000000005  0.0013301175699417457  -1.57051660278761e-05
307.5  0.0013301166028338537  -1.57076181904319e-05
307.55  0.0013301149104999392  -1.5710394087302773e-05
307.6  0.0013301125567843786  -1.571342843178559e-05
307.65000000000003  0.0013301096319837651  -1.571664940841857e-05
307.70000000000005  0.0013301062464707745  -1.5719980944767014e-05
307.75  0.0013301025232671593  -1.5723345109256966e-05
307.8  0.0013300985901511537  -1.5726664493648126e-05
307.85  0.0013300945719267555  -1.5729864494468874e-05
307.90000000000003  0.001330090583441953  -1.573287539436514e-05
307.95000000000005  0.0013300867238582536  -1.573563417154439e-05
308.0  0.0013300830725513303  -1.5738085946298422e-05
308.05  0.0013300796868660814  -1.5740185068619157e-05
308.1  0.0013300766018032484  -1.5741895771073417e-05
308.15000000000003  0.0013300738315471712  -1.5743192414482596e-05
308.20000000000005  0.001330071372588127  -1.574405935489615e-05
308.25  0.001330069208092296  -1.5744490450562152e-05
308.3  0.00133006731306569  -1.5744488321843076e-05
308.35  0.001330065659819775  -1.5744063380966752e-05
308.40000000000003  0.0013300642232403734  -1.574323279163127e-05
308.45000000000005  0.0013300629853976397  -1.574201941090356e-05
308.5  0.0013300619390803929  -1.5740450822679516e-05
308.55  0.0013300610899529947  -1.573855854243068e-05
308.6  0.001330060457150532  -1.5736377428058452e-05
308.65000000000003  0.001330060072240688  -1.5733945342186672e-05
308.70000000000005  0.0013300599766151652  -1.573130301452466e-05
308.75  0.0013300602174908026  -1.572849410426576e-05
308.8  0.0013300608428731828  -1.5725565319246455e-05
308.85  0.0013300618958152768  -1.5722566545321747e-05
308.90000000000003  0.0013300634085208595  -1.571955082576475e-05
308.95000000000005  0.0013300653967561389  -1.571657414247156e-05
309.0  0.0013300678550964718  -1.571369486331087e-05
309.05  0.0013300707535114625  -1.5710972870955396e-05
309.1  0.0013300740356368057  -1.570846829719336e-05
309.15000000000003  0.0013300776190307132  -1.570623997327377e-05
309.20000000000005  0.001330081397495427  -1.5704343600832314e-05
309.25  0.0013300852454229378  -1.5702829801327186e-05
309.3  0.0013300890238921261  -1.570174212342729e-05
309.35  0.001330092588143329  -1.5701115165482962e-05
309.40000000000003  0.001330095795836777  -1.570097292819927e-05
309.45000000000005  0.0013300985155107457  -1.5701327523187517e-05
309.5  0.0013301006345534617  -1.5702178277191003e-05
309.55  0.001330102066060049  -1.5703511364615957e-05
309.6  0.0013301027540420238  -1.5705299930471707e-05
309.65000000000003  0.0013301026765716935  -1.5707504723706084e-05
309.70000000000005  0.0013301018466142021  -1.5710075236608878e-05
309.75  0.0013301003105307238  -1.5712951249703547e-05
309.8  0.001330098144375554  -1.5716064730320316e-05
309.85  0.0013300954483320038  -1.5719342003166973e-05
309.90000000000003  0.0013300923397415267  -1.5722706081620062e-05
309.95000000000005  0.0013300889453237374  -1.5726079044951985e-05
310.0  0.0013300853931977356  -1.5729384401465003e-05
310.05  0.0013300818053084166  -1.5732549265630663e-05
310.1  0.0013300782908600378  -1.5735506343050724e-05
310.15000000000003  0.0013300749411786711  -1.5738195596739168e-05
310.20000000000005  0.001330071826339659  -1.5740565550347854e-05
310.25  0.0013300689937361487  -1.5742574202836333e-05
310.3  0.0013300664685802766  -1.574418952629314e-05
310.35  0.0013300642561856462  -1.5745389557937292e-05
310.40000000000003  0.0013300623457248005  -1.5746162132292368e-05
310.45000000000005  0.0013300607150777295  -1.5746504277978175e-05
310.5  0.0013300593362732544  -1.5746421400227397e-05
310.55  0.0013300581810369453  -1.5745926261923992e-05
310.6  0.0013300572259268293  -1.5745037938852966e-05
310.65000000000003  0.0013300564566296044  -1.574378078621479e-05
310.70000000000005  0.0013300558710196537  -1.5742183533431304e-05
310.75  0.0013300554807460117  -1.57402785782272e-05
310.8  0.0013300553111652094  -1.5738101478164905e-05
310.85  0.0013300553996466987  -1.5735690721984503e-05
310.90000000000003  0.0013300557923388145  -1.5733087672783184e-05
310.95000000000005  0.0013300565396474186  -1.5730336690451168e-05
311.0  0.0013300576907721946  -1.5727485280945413e-05
311.05  0.0013300592877409133  -1.5724584202938033e-05
311.1  0.0013300613594485601  -1.5721687400874402e-05
311.15000000000003  0.001330063916203683  -1.571885168787947e-05
311.20000000000005  0.0013300669453095893  -1.5716136092342077e-05
311.25  0.001330070408133547  -1.5713600832584413e-05
311.3  0.0013300742390095963  -1.571130595455874e-05
311.35  0.001330078346198232  -1.570930964963702e-05
311.40000000000003  0.0013300826149458414  -1.5707666358969526e-05
311.45000000000005  0.0013300869125179005  -1.5706424761859354e-05
311.5  0.0013300910949138865  -1.570562579419877e-05
311.55  0.0013300950147733404  -1.5705300817277202e-05
311.6  0.0013300985299159254  -1.5705470065320083e-05
311.65000000000003  0.0013301015118340753  -1.5706141471432322e-05
311.70000000000005  0.0013301038535054803  -1.5707309950266737e-05
311.75  0.001330105475881835  -1.5708957190837787e-05
311.8  0.0013301063325512604  -1.57110519643205e-05
311.85  0.0013301064122147096  -1.5713550951777897e-05
311.90000000000003  0.0013301057387853196  -1.571640003436201e-05
311.95000000000005  0.0013301043691345401  -1.57195359779727e-05
312.0  0.0013301023887095605  -1.57228884541615e-05
312.05  0.0013300999053707727  -1.5726382272517113e-05
312.1  0.0013300970420013583  -1.572993975541175e-05
312.15000000000003  0.0013300939284600789  -1.5733483114127784e-05
312.20000000000005  0.0013300906935410093  -1.5736936752589262e-05
312.25  0.0013300874575473511  -1.5740229396476947e-05
312.3  0.001330084326003469  -1.57432959600499e-05
312.35  0.0013300813849664232  -1.5746079098435993e-05
312.40000000000003  0.0013300786981885278  -1.574853036673458e-05
312.45000000000005  0.0013300763062683277  -1.5750610995686584e-05
312.5  0.0013300742277397508  -1.5752292242640522e-05
312.55  0.0013300724618812735  -1.5753555364314835e-05
312.6  0.0013300709929193522  -1.5754391220685498e-05
312.65000000000003  0.0013300697951951156  -1.5754799597535413e-05
312.70000000000005  0.001330068838790275  -1.5754788300157232e-05
312.75  0.0013300680951007563  -1.5754372139592564e-05
312.8  0.0013300675418602944  -1.57535718532674e-05
312.85  0.0013300671671655937  -1.5752413130405165e-05
312.90000000000003  0.0013300669722086716  -1.575092575166904e-05
312.95000000000005  0.0013300669723923298  -1.5749142946210873e-05
313.0  0.0013300671968266  -1.5747100992865746e-05
313.05  0.0013300676861336502  -1.5744839046562308e-05
313.1  0.0013300684887908314  -1.5742399168924273e-05
313.15000000000003  0.0013300696562460555  -1.57398264658701e-05
313.20000000000005  0.001330071237207572  -1.5737169262444598e-05
313.25  0.0013300732715556861  -1.5734479172927786e-05
313.3  0.0013300757844112985  -1.5731810971824907e-05
313.35  0.0013300787808591386  -1.572922219121684e-05
313.40000000000003  0.001330082241860669  -1.572677235860717e-05
313.45000000000005  0.001330086121758301  -1.572452186914973e-05
313.5  0.0013300903477186546  -1.5722530506735678e-05
313.55  0.0013300948212631248  -1.5720855689478467e-05
313.6  0.001330099421905874  -1.5719550505910798e-05
313.65000000000003  0.0013301040127109021  -1.5718661700146025e-05
313.70000000000005  0.0013301084474149553  -1.5718227705227897e-05
313.75  0.0013301125786063283  -1.5718276876168545e-05
313.8  0.0013301162663619966  -1.5718826028938244e-05
313.85  0.0013301193866654942  -1.5719879381342135e-05
313.90000000000003  0.0013301218389551556  -1.5721427991996235e-05
313.95000000000005  0.001330123552193289  -1.572344968815134e-05
314.0  0.0013301244889844881  -1.5725909548651852e-05
314.05  0.0013301246474332366  -1.5728760852595997e-05
314.1  0.0013301240606080384  -1.573194651203428e-05
314.15000000000003  0.0013301227936772769  -1.5735400858535612e-05
314.20000000000005  0.0013301209389820503  -1.5739051758221372e-05
314.25  0.0013301186094780504  -1.574282289365861e-05
314.3  0.0013301159310772452  -1.5746636145867504e-05
314.35  0.0013301130345148367  -1.575041397905235e-05
314.40000000000003  0.001330110047393235  -1.5754081706065943e-05
314.45000000000005  0.001330107086978686  -1.5757569551993816e-05
314.5  0.0013301042542919568  -1.5760814436006887e-05
314.55  0.0013301016298808035  -1.5763761423417066e-05
314.6  0.0013300992714954636  -1.576636476917923e-05
314.65000000000003  0.0013300972137640608  -1.5768588578531388e-05
314.70000000000005  0.0013300954697724604  -1.5770407039533392e-05
314.75  0.0013300940342739803  -1.5771804287777256e-05
314.8  0.0013300928882198468  -1.5772773908112234e-05
314.85  0.0013300920041004283  -1.577331818998181e-05
314.90000000000003  0.001330091351620922  -1.5773447164157007e-05
314.95000000000005  0.0013300909031826185  -1.577317754798929e-05
315.0  0.0013300906386942615  -1.5772531690441943e-05
315.05  0.0013300905492956237  -1.5771536595677324e-05
315.1  0.0013300906396812634  -1.5770223124778006e-05
315.15000000000003  0.0013300909288068785  -1.5768625405229763e-05
315.20000000000005  0.0013300914489244122  -1.5766780500892173e-05
315.25  0.0013300922429874884  -1.5764728307036784e-05
315.3  0.001330093360648904  -1.576251161579422e-05
315.35  0.001330094853098398  -1.5760176296553932e-05
315.40000000000003  0.0013300967672171841  -1.575777146260043e-05
315.45000000000005  0.001330099139476967  -1.575534950898523e-05
315.5  0.0013301019901145429  -1.5752965941301833e-05
315.55  0.0013301053181265059  -1.575067887428375e-05
315.6  0.0013301090975413638  -1.574854818452013e-05
315.65000000000003  0.0013301132754331105  -1.5746634286379247e-05
315.70000000000005  0.0013301177718742316  -1.574499656423309e-05
315.75  0.0013301224820477962  -1.5743691543509768e-05
315.8  0.0013301272804046708  -1.5742770893326834e-05
315.85  0.001330132026690495  -1.5742279395225284e-05
315.90000000000003  0.0013301365733962118  -1.574225299519978e-05
315.95000000000005  0.0013301407741472238  -1.5742717113117165e-05
316.0  0.0013301444923462763  -1.5743685247700734e-05
316.05  0.0013301476094405408  -1.574515805566443e-05
316.1  0.0013301500321467319  -1.5747122900635615e-05
316.15000000000003  0.0013301516980462366  -1.5749553932176835e-05
316.20000000000005  0.0013301525791429153  -1.5752412696195097e-05
316.25  0.001330152683085725  -1.5755649220164933e-05
316.3  0.0013301520519985268  -1.575920356331091e-05
316.35  0.0013301507590362562  -1.57630077059675e-05
316.40000000000003  0.0013301489029522722  -1.5766987725218955e-05
316.45000000000005  0.0013301466011897667  -1.5771066127808777e-05
316.5  0.001330143982003456  -1.577516428110531e-05
316.55  0.0013301411763056894  -1.577920475829013e-05
316.6  0.0013301383098303955  -1.5783113585840503e-05
316.65000000000003  0.0013301354962167832  -1.5786822255047742e-05
316.70000000000005  0.0013301328315017732  -1.5790269434214966e-05
316.75  0.00133013039036836  -1.579340231928439e-05
316.8  0.0013301282243581769  -1.5796177598290453e-05
316.85  0.0013301263620630129  -1.5798561983365687e-05
316.90000000000003  0.001330124811172329  -1.5800532355666444e-05
316.95000000000005  0.001330123562095041  -1.580207552562686e-05
317.0  0.0013301225927488352  -1.580318765253034e-05
317.05  0.0013301218740571841  -1.5803873421819676e-05
317.1  0.0013301213756320611  -1.580414503510243e-05
317.15000000000003  0.001330121071136199  -1.5804021138170112e-05
317.20000000000005  0.0013301209428421557  -1.580352574596152e-05
317.25  0.0013301209850193354  -1.5802687293611003e-05
317.3  0.0013301212058392693  -1.5801537862202225e-05
317.35  0.001330121627642694  -1.5800112645333007e-05
317.40000000000003  0.001330122285532363  -1.5798449653524295e-05
317.45000000000005  0.0013301232243789563  -1.5796589653509067e-05
317.5  0.0013301244944819322  -1.579457627000683e-05
317.55  0.0013301261461990386  -1.579245616785429e-05
317.6  0.00133012822397865  -1.5790279205500635e-05
317.65000000000003  0.0013301307603064345  -1.578809843988231e-05
317.70000000000005  0.001330133770067756  -1.5785969890248883e-05
317.75  0.00133013724584462  -1.5783951985166053e-05
317.8  0.001330141154641009  -1.5782104618718195e-05
317.85  0.0013301454363999106  -1.578048786831255e-05
317.90000000000003  0.00133015000453944  -1.5779160354766086e-05
317.95000000000005  0.00133015474861493  -1.5778177387872116e-05
318.0  0.0013301595390134788  -1.5777588949951113e-05
318.05  0.0013301642333745666  -1.577743767720136e-05
318.1  0.0013301686843412387  -1.5777756957400754e-05
318.15000000000003  0.0013301727480485863  -1.5778569311133755e-05
318.20000000000005  0.001330176292707768  -1.5779885088976664e-05
318.25  0.0013301792066150516  -1.5781701653120564e-05
318.3  0.0013301814049596875  -1.5784003044328702e-05
318.35  0.001330182834882526  -1.5786760180551375e-05
318.40000000000003  0.0013301834784048227  -1.578993157996724e-05
318.45000000000005  0.0013301833529822632  -1.5793464565265762e-05
318.5  0.0013301825096994305  -1.5797296882291115e-05
318.55  0.0013301810292472844  -1.580135869568152e-05
318.6  0.0013301790160547616  -1.580557478662848e-05
318.65000000000003  0.0013301765910694744  -1.5809866952766504e-05
318.70000000000005  0.001330173883764791  -1.5814156422157733e-05
318.75  0.0013301710240324013  -1.5818366216849614e-05
318.8  0.0013301681345657818  -1.582242335176388e-05
318.85  0.0013301653243078982  -1.5826260804034653e-05
318.90000000000003  0.0013301626834198753  -1.582981916057615e-05
318.95000000000005  0.001330160280071718  -1.5833047875799173e-05
319.0  0.001330158159201193  -1.583590616002599e-05
319.05  0.0013301563432531601  -1.5838363406812353e-05
319.1  0.0013301548346911544  -1.5840399257008786e-05
319.15000000000003  0.001330153619968835  -1.5842003244506838e-05
319.20000000000005  0.0013301526745775512  -1.5843174171487756e-05
319.25  0.0013301519686106525  -1.5843919204173366e-05
319.3  0.0013301514724073176  -1.584425282287374e-05
319.35  0.0013301511617107918  -1.5844195731531236e-05
319.40000000000003  0.0013301510219248503  -1.5843773794674797e-05
319.45000000000005  0.0013301510510952185  -1.5843017094599367e-05
319.5  0.0013301512613536795  -1.5841959200060146e-05
319.55  0.0013301516786987802  -1.5840636670392226e-05
319.6  0.0013301523411179063  -1.583908880092291e-05
319.65000000000003  0.0013301532951827282  -1.583735759384927e-05
319.70000000000005  0.001330154591376956  -1.5835487862923196e-05
319.75  0.0013301562785102226  -1.5833527401406546e-05
319.8  0.0013301583976907554  -1.583152708426361e-05
319.85  0.001330160976340569  -1.582954083619286e-05
319.90000000000003  0.0013301640227997855  -1.5827625276587285e-05
319.95000000000005  0.0013301675220243345  -1.582583909189375e-05
320.0  0.0013301714328012456  -1.5824242006868107e-05
320.05  0.0013301756868669757  -1.582289340855349e-05
320.1  0.0013301801900944177  -1.5821850673077074e-05
320.15000000000003  0.001330184825783785  -1.5821167267758085e-05
320.20000000000005  0.0013301894599197861  -1.5820890750415425e-05
320.25  0.001330193948059422  -1.5821060805803165e-05
320.3  0.001330198143361419  -1.5821707427378894e-05
320.35  0.0013302019051881688  -1.582284938795328e-05
320.40000000000003  0.0013302051075700103  -1.5824493079854944e-05
320.45000000000005  0.001330207646925575  -1.5826631844945323e-05
320.5  0.0013302094483705136  -1.582924578813938e-05
320.55  0.0013302104701501372  -1.5832302111184506e-05
320.6  0.0013302107058401052  -1.5835755975391512e-05
320.65000000000003  0.0013302101841582417  -1.583955181387489e-05
320.70000000000005  0.0013302089664107763  -1.5843625049327486e-05
320.75  0.0013302071418571889  -1.5847904135423145e-05
320.8  0.0013302048213238698  -1.585231281100931e-05
320.85  0.0013302021296584046  -1.5856772504083995e-05
320.90000000000003  0.0013301991976167938  -1.5861204727575973e-05
320.95000000000005  0.0013301961538114654  -1.5865533399086833e-05
321.0  0.0013301931173592299  -1.5869687001464458e-05
321.05  0.001330190191741153  -1.587360044983039e-05
321.1  0.0013301874603032827  -1.587721665070635e-05
321.15000000000003  0.0013301849836655846  -1.5880487670523556e-05
321.20000000000005  0.0013301827991164892  -1.588337549744852e-05
321.25  0.0013301809219428654  -1.5885852388030372e-05
321.3  0.001330179348456472  -1.5887900803130783e-05
321.35  0.0013301780604032878  -1.588951299407533e-05
321.40000000000003  0.0013301770302362147  -1.5890690285383174e-05
321.45000000000005  0.0013301762268099649  -1.5891442124038417e-05
321.5  0.001330175620967402  -1.5891785026029615e-05
321.55  0.0013301751904792453  -1.589174145946574e-05
321.6  0.001330174923972591  -1.5891338813829614e-05
321.65000000000003  0.001330174823465924  -1.5890608502926065e-05
321.70000000000005  0.0013301749053180067  -1.5889585296724657e-05
321.75  0.0013301751994845366  -1.5888306882859654e-05
321.8  0.0013301757471229291  -1.5886813663862202e-05
321.85  0.0013301765967524688  -1.5885148759429025e-05
321.90000000000003  0.0013301777992159756  -1.5883358136462716e-05
321.95000000000005  0.0013301794018845943  -1.5881490749360778e-05
322.0  0.0013301814425488762  -1.5879598592400475e-05
322.05  0.0013301839435353726  -1.5877736563168934e-05
322.1  0.0013301869065564164  -1.587596203899181e-05
322.15000000000003  0.0013301903088270498  -1.587433410901089e-05
322.20000000000005  0.0013301941008302084  -1.5872912448635637e-05
322.25  0.0013301982060496477  -1.5871755829109787e-05
322.3  0.0013302025228329212  -1.5870920394073533e-05
322.35  0.0013302069283189148  -1.5870457710498703e-05
322.40000000000003  0.0013302112842724307  -1.5870412775258712e-05
322.45000000000005  0.001330215444414541  -1.587082210710556e-05
322.5  0.0013302192627286911  -1.5871712016493926e-05
322.55  0.0013302226021061163  -1.5873097185534484e-05
322.6  0.0013302253426991015  -1.587497968571106e-05
322.65000000000003  0.0013302273892817377  -1.5877348443101708e-05
322.70000000000005  0.0013302286770333176  -1.588017924591392e-05
322.75  0.0013302291753376477  -1.5883435244991588e-05
322.8  0.0013302288892322383  -1.5887067966715717e-05
322.85  0.0013302278584833268  -1.5891018760574014e-05
322.90000000000003  0.0013302261543307907  -1.5895220640224335e-05
322.95000000000005  0.0013302238742269501  -1.589960038845715e-05
323.0  0.0013302211350059803  -1.5904080867230625e-05
323.05  0.001330218065056783  -1.590858342698741e-05
323.1  0.0013302147961177396  -1.5913030272457496e-05
323.15000000000003  0.0013302114553362917  -1.591734673410351e-05
323.20000000000005  0.0013302081582124725  -1.5921463339437034e-05
323.25  0.0013302050028913173  -1.5925317574794554e-05
323.3  0.0013302020662062843  -1.592885532703003e-05
323.35  0.0013301994016782087  -1.5932031914371288e-05
323.40000000000003  0.0013301970395196172  -1.593481271524959e-05
323.45000000000005  0.0013301949885134653  -1.5937173384060086e-05
323.5  0.0013301932395258075  -1.5939099665778314e-05
323.55  0.0013301917702357384  -1.594058689579779e-05
323.6  0.001330190550625839  -1.594163920182461e-05
323.65000000000003  0.0013301895487145598  -1.5942268508227714e-05
323.70000000000005  0.0013301887360245247  -1.594249346360745e-05
323.75  0.0013301880922823358  -1.594233835103113e-05
323.8  0.0013301876089745013  -1.5941832099666624e-05
323.85  0.0013301872914348077  -1.5941007453340898e-05
323.90000000000003  0.0013301871592864556  -1.5939900361228577e-05
323.95000000000005  0.0013301872452084855  -1.593854962321235e-05
324.0  0.0013301875920825087  -1.5936996738269535e-05
324.05  0.00133018824875361  -1.5935285951872548e-05
324.1  0.0013301892647245943  -1.5933464364691324e-05
324.15000000000003  0.0013301906842263954  -1.5931582046492445e-05
324.20000000000005  0.0013301925401356276  -1.592969201553876e-05
324.25  0.0013301948482912448  -1.592785000726455e-05
324.3  0.0013301976027199252  -1.5926113919156968e-05
324.35  0.0013302007722412832  -1.5924542923915087e-05
324.40000000000003  0.0013302042988652194  -1.5923196218330365e-05
324.45000000000005  0.001330208098204896  -1.5922131456683674e-05
324.5  0.0013302120620132783  -1.592140295250677e-05
324.55  0.0013302160627449548  -1.5921059721367187e-05
324.6  0.0013302199598911077  -1.592114351165331e-05
324.65000000000003  0.0013302236076391072  -1.5921686961662697e-05
324.70000000000005  0.0013302268633096912  -1.592271198424817e-05
324.75  0.0013302295959123878  -1.592422849873757e-05
324.8  0.0013302316941639324  -1.592623361112522e-05
324.85  0.0013302330733305596  -1.592871127164869e-05
324.90000000000003  0.0013302336803394843  -1.593163245223843e-05
324.95000000000005  0.0013302334967820514  -1.5934955855862777e-05
325.0  0.0013302325395617713  -1.5938629061059383e-05
325.05  0.0013302308591749662  -1.594259013699181e-05
325.1  0.001330228535784927  -1.5946769582202082e-05
325.15000000000003  0.0013302256734325072  -1.5951092520133533e-05
325.20000000000005  0.0013302223928770153  -1.59554810410617e-05
325.25  0.0013302188236473194  -1.595985660830725e-05
325.3  0.001330215095949593  -1.5964142412383357e-05
325.35  0.001330211333041435  -1.5968265558887807e-05
325.40000000000003  0.0013302076446452538  -1.597215902842655e-05
325.45000000000005  0.0013302041218522702  -1.597576332879047e-05
325.5  0.0013302008338377282  -1.597902777771389e-05
325.55  0.001330197826547053  -1.5981911386997428e-05
325.6  0.0013301951233258146  -1.5984383320867155e-05
325.65000000000003  0.0013301927273490918  -1.5986422967164283e-05
325.70000000000005  0.0013301906255211787  -1.5988019632191038e-05
325.75  0.0013301887934367516  -1.5989171906505414e-05
325.8  0.0013301872009250314  -1.598988680407158e-05
325.85  0.0013301858176513932  -1.599017873774001e-05
325.90000000000003  0.0013301846182827057  -1.5990068436098057e-05
325.95000000000005  0.0013301835867668727  -1.5989581890957835e-05
326.0  0.0013301827193438575  -1.5988749444319195e-05
326.05  0.0013301820260601476  -1.598760504832727e-05
326.1  0.001330181530610998  -1.5986185759562306e-05
326.15000000000003  0.0013301812685387994  -1.5984531469250148e-05
326.20000000000005  0.001330181283917466  -1.5982684836757612e-05
326.25  0.0013301816247541201  -1.5980691364013205e-05
326.3  0.0013301823375018937  -1.597859950273157e-05
326.35  0.0013301834611113774  -1.5976460715043275e-05
326.40000000000003  0.001330185021134073  -1.5974329361007197e-05
326.45000000000005  0.0013301870244247496  -1.5972262324533463e-05
326.5  0.0013301894549132831  -1.597031831485974e-05
326.55  0.0013301922709307843  -1.5968556825704354e-05
326.6  0.0013301954043793472  -1.596703674560686e-05
326.65000000000003  0.0013301987619785997  -1.59658146817067e-05
326.70000000000005  0.0013302022285867465  -1.5964943078386473e-05
326.75  0.0013302056724456561  -1.5964468264270063e-05
326.8  0.0013302089520038087  -1.5964428520183678e-05
326.85  0.0013302119238641618  -1.5964852308520024e-05
326.90000000000003  0.0013302144512198394  -1.596575681311191e-05
326.95000000000005  0.001330216412163457  -1.596714684214866e-05
327.0  0.0013302177071746655  -1.596901419830053e-05
327.05  0.0013302182652332676  -1.5971337556124044e-05
327.1  0.0013302180480399546  -1.5974082853927908e-05
327.15000000000003  0.001330217052031603  -1.597720418216632e-05
327.20000000000005  0.0013302153080499198  -1.5980645136919763e-05
327.25  0.001330212878721826  -1.5984340567829825e-05
327.3  0.0013302098537705327  -1.5988218633148136e-05
327.35  0.0013302063436955547  -1.5992203074303513e-05
327.40000000000003  0.0013302024723068101  -1.5996215597912245e-05
327.45000000000005  0.001330198368777017  -1.6000178265307744e-05
327.5  0.0013301941597807475  -1.6004015792840903e-05
327.55  0.0013301899623525937  -1.6007657652350286e-05
327.6  0.001330185877970708  -1.6011039920201062e-05
327.65000000000003  0.0013301819882534907  -1.601410677382119e-05
327.70000000000005  0.0013301783525352417  -1.6016811609589204e-05
327.75  0.0013301750073833039  -1.6019117738828056e-05
327.8  0.0013301719679932205  -1.6020998697835204e-05
327.85  0.0013301692312318732  -1.6022438130215352e-05
327.90000000000003  0.0013301667799622786  -1.6023429350745704e-05
327.95000000000005  0.00133016458822741  -1.602397459166149e-05
328.0  0.0013301626267791247  -1.6024084074998382e-05
328.05  0.0013301608684568463  -1.6023774944932652e-05
328.1  0.0013301592929414587  -1.6023070198495012e-05
328.15000000000003  0.0013301578904426935  -1.6021997682367888e-05
328.20000000000005  0.001330156664051702  -1.6020589253883588e-05
328.25  0.0013301556304978332  -1.6018880147904125e-05
328.3  0.0013301548192750992  -1.6016908585450465e-05
328.35  0.0013301542701726118  -1.601471559136954e-05
328.40000000000003  0.0013301540293987075  -1.6012345017719508e-05
328.45000000000005  0.0013301541446003279  -1.600984363705311e-05
328.5  0.001330154659162241  -1.6007261264593142e-05
328.55  0.0013301556063001997  -1.600465074469003e-05
328.6  0.0013301570034113433  -1.6002067741211824e-05
328.65000000000003  0.0013301588472485418  -1.5999570240006087e-05
328.70000000000005  0.0013301611103710724  -1.5997217696960952e-05
328.75  0.0013301637392819643  -1.5995069834904012e-05
328.8  0.0013301666545195313  -1.5993185123542425e-05
328.85  0.0013301697528228808  -1.5991619002818434e-05
328.90000000000003  0.0013301729113143388  -1.5990421940349645e-05
328.95000000000005  0.0013301759934690157  -1.5989637459776587e-05
329.0  0.0013301788564681572  -1.5989300264621868e-05
329.05  0.0013301813593811118  -1.598943458042091e-05
329.1  0.0013301833715871226  -1.5990052821834052e-05
329.15000000000003  0.0013301847807481823  -1.5991154687679146e-05
329.20000000000005  0.0013301854997177986  -1.5992726737401966e-05
329.25  0.0013301854718337182  -1.599474248916734e-05
329.3  0.0013301846741661392  -1.5997163018916308e-05
329.35  0.0013301831184892568  -1.5999938059108086e-05
329.40000000000003  0.0013301808499247192  -1.6003007528657496e-05
329.45000000000005  0.0013301779433738954  -1.6006303430862517e-05
329.5  0.0013301744980845852  -1.6009752003944455e-05
329.55  0.001330170630788133  -1.6013276061302992e-05
329.6  0.001330166467982244  -1.601679739914681e-05
329.65000000000003  0.0013301621379914635  -1.602023915348407e-05
329.70000000000005  0.0013301577633981227  -1.6023528028429024e-05
329.75  0.0013301534544365428  -1.6026596300985083e-05
329.8  0.001330149303780679  -1.602938351938474e-05
329.85  0.0013301453830791988  -1.6031837835756837e-05
329.90000000000003  0.0013301417414080157  -1.6033916949976818e-05
329.95000000000005  0.001330138405655744  -1.6035588625889097e-05
330.0  0.0013301353826610466  -1.6036830816242714e-05
330.05  0.0013301326628777385  -1.60376313881167e-05
330.1  0.0013301302251176109  -1.6037987555985443e-05
330.15000000000003  0.0013301280419148415  -1.6037905030444463e-05
330.20000000000005  0.0013301260850269486  -1.6037397025562053e-05
330.25  0.0013301243305574822  -1.6036483189459886e-05
330.3  0.0013301227632509754  -1.6035188552098595e-05
330.35  0.0013301213795951395  -1.6033542604900397e-05
330.40000000000003  0.0013301201894647839  -1.6031578543317755e-05
330.45000000000005  0.0013301192161342284  -1.6029332750650796e-05
330.5  0.0013301184946763523  -1.6026844505189234e-05
330.55  0.001330118068833873  -1.6024155903879983e-05
330.6  0.0013301179866064957  -1.6021311928695182e-05
330.65000000000003  0.0013301182949005098  -1.6018360572588953e-05
330.70000000000005  0.0013301190336817055  -1.601535290646195e-05
330.75  0.0013301202301080357  -1.6012343010609427e-05
330.8  0.0013301218931969926  -1.6009387639877868e-05
330.85  0.0013301240094929464  -1.6006545580386582e-05
330.90000000000003  0.0013301265402129966  -1.600387665693715e-05
330.95000000000005  0.0013301294202109916  -1.600144038448471e-05
331.0  0.0013301325589579458  -1.5999294327518243e-05
331.05  0.0013301358436085698  -1.5997492248961877e-05
331.1  0.0013301391439858147  -1.599608214258733e-05
331.15000000000003  0.0013301423192150382  -1.5995104284618686e-05
331.20000000000005  0.0013301452255086938  -1.5994589430540587e-05
331.25  0.0013301477245449217  -1.599455729619137e-05
331.3  0.001330149691787593  -1.599501538834553e-05
331.35  0.0013301510240945303  -1.5995958285621196e-05
331.40000000000003  0.001330151646004345  -1.599736744116128e-05
331.45000000000005  0.00133015151421745  -1.599921147454864e-05
331.5  0.0013301506199045326  -1.60014469938835e-05
331.55  0.0013301489886976994  -1.6004019849053083e-05
331.6  0.0013301466783679455  -1.6006866837885375e-05
331.65000000000003  0.0013301437744283086  -1.6009917695041366e-05
331.70000000000005  0.0013301403840316772  -1.6013097335792906e-05
331.75  0.0013301366286636576  -1.6016328207594448e-05
331.8  0.0013301326362625838  -1.6019532693803385e-05
331.85  0.0013301285333549447  -1.6022635403347535e-05
331.90000000000003  0.0013301244378225068  -1.6025565320314998e-05
331.95000000000005  0.0013301204528279823  -1.602825766716914e-05
332.0  0.0013301166623085588  -1.603065545616872e-05
332.05  0.0013301131283085367  -1.603271066297565e-05
332.1  0.0013301098902476745  -1.6034384980281218e-05
332.15000000000003  0.0013301069660845532  -1.6035650180541315e-05
332.20000000000005  0.0013301043551439584  -1.603648807060518e-05
332.25  0.0013301020422928187  -1.603689008291187e-05
332.3  0.001330100003024721  -1.6036856601303216e-05
332.35  0.001330098208958993  -1.6036396036693437e-05
332.40000000000003  0.0013300966332566934  -1.6035523812844626e-05
332.45000000000005  0.0013300952554565365  -1.6034261292020412e-05
332.5  0.0013300940653451394  -1.6032634800177185e-05
332.55  0.0013300930654710106  -1.6030674765534023e-05
332.6  0.0013300922721260783  -1.6028415097185645e-05
332.65000000000003  0.001330091714686016  -1.6025892770051378e-05
332.70000000000005  0.0013300914333387766  -1.6023147656343416e-05
332.75  0.0013300914753593982  -1.6020222541895555e-05
332.8  0.0013300918902381569  -1.6017163242035564e-05
332.85  0.0013300927240224656  -1.6014018744405075e-05
332.90000000000003  0.00133009401333937  -1.601084124354347e-05
332.95000000000005  0.001330095779625258  -1.6007685977411116e-05
333.0  0.0013300980240692614  -1.600461077067429e-05
333.05  0.0013301007237651974  -1.6001675251538683e-05
333.1  0.0013301038294920536  -1.5998939688310703e-05
333.15000000000003  0.0013301072654223244  -1.599646349293945e-05
333.20000000000005  0.001330110930917778  -1.5994303472145386e-05
333.25  0.0013301147043664728  -1.599251187804293e-05
333.3  0.0013301184489032637  -1.599113440885994e-05
333.35  0.0013301220196000499  -1.5990208293451187e-05
333.40000000000003  0.0013301252716366022  -1.5989760562768796e-05
333.45000000000005  0.0013301280688271622  -1.598980664904335e-05
333.5  0.0013301302918417017  -1.59903493864202e-05
333.55  0.0013301318454852474  -1.599137850434129e-05
333.6  0.0013301326644441448  -1.5992870600740634e-05
333.65000000000003  0.0013301327170398545  -1.5994789674755676e-05
333.70000000000005  0.0013301320067336682  -1.5997088127018178e-05
333.75  0.001330130571253605  -1.5999708205134016e-05
333.8  0.0013301284794512756  -1.600258382990227e-05
333.85  0.001330125826167854  -1.600564269790437e-05
333.90000000000003  0.0013301227255632108  -1.600880857723021e-05
333.95000000000005  0.001330119303439115  -1.601200369027349e-05
334.0  0.0013301156891952397  -1.601515106703299e-05
334.05  0.0013301120080236616  -1.6018176797181626e-05
334.1  0.0013301083739650395  -1.6021012048581277e-05
334.15000000000003  0.0013301048842830042  -1.6023594825249595e-05
334.20000000000005  0.001330101615549146  -1.602587135664344e-05
334.25  0.0013300986216391686  -1.6027797122285226e-05
334.3  0.001330095933701073  -1.6029337436214257e-05
334.35  0.0013300935619683396  -1.6030467659860375e-05
334.40000000000003  0.0013300914991682005  -1.6031173017017064e-05
334.45000000000005  0.0013300897251327984  -1.6031448068730132e-05
334.5  0.0013300882121799194  -1.6031295940569152e-05
334.55  0.0013300869307272146  -1.603072736046699e-05
334.6  0.0013300858546416595  -1.602975960795605e-05
334.65000000000003  0.0013300849658685323  -1.6028415473559707e-05
334.70000000000005  0.001330084257918043  -1.6026722316894487e-05
334.75  0.0013300837379394254  -1.6024711292183256e-05
334.8  0.00133008342716076  -1.6022416810155377e-05
334.85  0.0013300833596801862  -1.6019876232748506e-05
334.90000000000003  0.001330083579670033  -1.6017129797248693e-05
334.95000000000005  0.0013300841371890627  -1.601422070315482e-05
335.0  0.0013300850829462108  -1.6011195278278377e-05
335.05  0.0013300864624098021  -1.600810313218126e-05
335.1  0.0013300883097602592  -1.600499716061213e-05
335.15000000000003  0.001330090642197227  -1.6001933324397448e-05
335.20000000000005  0.0013300934551187357  -1.5998970098776407e-05
335.25  0.0013300967186645539  -1.5996167561465138e-05
335.3  0.0013301003760039386  -1.5993586136869246e-05
335.35  0.001330104343618542  -1.5991284971245308e-05
335.40000000000003  0.0013301085137061906  -1.5989320081473478e-05
335.45000000000005  0.0013301127586207366  -1.5987742361352696e-05
335.5  0.0013301169370788526  -1.5986595551529485e-05
335.55  0.001330120901774874  -1.5985914331223734e-05
335.6  0.0013301245077740403  -1.5985722645945406e-05
335.65000000000003  0.0013301276211148258  -1.5986032422383415e-05
335.70000000000005  0.0013301301268988284  -1.5986842664386246e-05
335.75  0.0013301319362817405  -1.5988139101234203e-05
335.8  0.0013301329917714472  -1.5989894343619994e-05
335.85  0.0013301332704338561  -1.599206855776899e-05
335.90000000000003  0.001330132784777794  -1.5994610624518908e-05
335.95000000000005  0.0013301315812615912  -1.599745973221282e-05
336.0  0.0013301297365511246  -1.6000547319418258e-05
336.05  0.001330127351902129  -1.600379927390314e-05
336.1  0.0013301245461088502  -1.6007138271085185e-05
336.15000000000003  0.0013301214476159136  -1.6010486197271792e-05
336.20000000000005  0.0013301181864144988  -1.6013766479559127e-05
336.25  0.0013301148863493057  -1.601690629055106e-05
336.3  0.0013301116584211459  -1.601983849866583e-05
336.35  0.0013301085955440006  -1.6022503322913706e-05
336.40000000000003  0.0013301057690750435  -1.6024849614259705e-05
336.45000000000005  0.0013301032273167297  -1.602683573111445e-05
336.5  0.0013301009959686158  -1.6028430013002165e-05
336.55  0.001330099080401298  -1.602961085290036e-05
336.6  0.0013300974694176043  -1.60303663943916e-05
336.65000000000003  0.0013300961401590539  -1.603069391384207e-05
336.70000000000005  0.0013300950635930188  -1.6030598970359525e-05
336.75  0.0013300942101650685  -1.603009438958078e-05
336.8  0.0013300935550227054  -1.60291991988694e-05
336.85  0.0013300930824152728  -1.6027937579995576e-05
336.90000000000003  0.001330092788860065  -1.602633798775989e-05
336.95000000000005  0.0013300926848331068  -1.602443240807344e-05
337.0  0.0013300927948004173  -1.602225590928083e-05
337.05  0.0013300931555891217  -1.6019846390764696e-05
337.1  0.0013300938132239676  -1.6017244584466835e-05
337.15000000000003  0.001330094818431077  -1.601449418377058e-05
337.20000000000005  0.0013300962212006127  -1.6011642047770547e-05
337.25  0.0013300980647886868  -1.6008738334286152e-05
337.3  0.0013301003797258119  -1.600583648995286e-05
337.35  0.0013301031782698945  -1.6002992955453633e-05
337.40000000000003  0.0013301064499037659  -1.60002665532008e-05
337.45000000000005  0.0013301101582673476  -1.599771748239003e-05
337.5  0.0013301142399268742  -1.599540597518889e-05
337.55  0.0013301186051772919  -1.5993390601083874e-05
337.6  0.0013301231409670229  -1.5991726374610664e-05
337.65000000000003  0.0013301277158016683  -1.5990462713986065e-05
337.70000000000005  0.001330132186348695  -1.5989641434152753e-05
337.75  0.001330136405273122  -1.5989294869930663e-05
337.8  0.0013301402297514428  -1.598944427745109e-05
337.85  0.0013301435299851246  -1.599009860302615e-05
337.90000000000003  0.0013301461970717566  -1.5991253732998076e-05
337.95000000000005  0.0013301481496012248  -1.5992892231656876e-05
338.0  0.0013301493384580089  -1.599498361326752e-05
338.05  0.0013301497494519186  -1.5997485143736832e-05
338.1  0.0013301494036160504  -1.600034310850684e-05
338.15000000000003  0.0013301483551152907  -1.60034944912702e-05
338.20000000000005  0.0013301466870145407  -1.6006868985957786e-05
338.25  0.00133014450526831  -1.6010391254292424e-05
338.3  0.0013301419314018814  -1.6013983306248434e-05
338.35  0.0013301390945437655  -1.601756690406287e-05
338.40000000000003  0.0013301361233790387  -1.602106590240437e-05
338.45000000000005  0.0013301331386737026  -1.602440840566921e-05
338.5  0.0013301302469372663  -1.602752867114988e-05
338.55  0.0013301275356041834  -1.603036868128081e-05
338.6  0.0013301250700646918  -1.603287934640919e-05
338.65000000000003  0.00133012289268361  -1.6035021305535642e-05
338.70000000000005  0.0013301210237275881  -1.603676528011996e-05
338.75  0.0013301194640561388  -1.6038092070610587e-05
338.8  0.001330118199205241  -1.6038992162814374e-05
338.85  0.0013301172044741334  -1.603946504237074e-05
338.90000000000003  0.0013301164505004621  -1.6039518278494584e-05
338.95000000000005  0.001330115908825681  -1.60391664777923e-05
339.0  0.0013301155569356185  -1.603843020520372e-05
339.05  0.001330115382373895  -1.6037334946348214e-05
339.1  0.0013301153855289592  -1.603591023439184e-05
339.15000000000003  0.0013301155808897768  -1.603418896308265e-05
339.20000000000005  0.0013301159966534895  -1.6032206978457077e-05
339.25  0.0013301166726799594  -1.6030002886708553e-05
339.3  0.0013301176569442226  -1.6027618082879963e-05
339.35  0.001330119000770339  -1.602509692131117e-05
339.40000000000003  0.0013301207531983975  -1.6022486925641277e-05
339.45000000000005  0.0013301229549366029  -1.601983890641486e-05
339.5  0.0013301256324219665  -1.6017206909778596e-05
339.55  0.0013301287924990326  -1.6014647869581075e-05
339.6  0.001330132418217726  -1.6012220921918924e-05
339.65000000000003  0.0013301364662025225  -1.6009986328927267e-05
339.70000000000005  0.0013301408659188345  -1.6008004048695813e-05
339.75  0.0013301455210162974  -1.6006331999751742e-05
339.8  0.0013301503127716489  -1.6005024112570806e-05
339.85  0.0013301551054724498  -1.6004128278801553e-05
339.90000000000003  0.0013301597534054836  -1.6003684359270753e-05
339.95000000000005  0.0013301641089628554  -1.6003722349441874e-05
340.0  0.0013301680312420316  -1.6004260849740047e-05
340.05  0.0013301713945103153  -1.6005305937529576e-05
340.1  0.0013301740958482004  -1.6006850496281958e-05
340.15000000000003  0.001330176061371932  -1.6008874095109525e-05
340.20000000000005  0.0013301772505440032  -1.6011343356505466e-05
340.25  0.0013301776582519363  -1.601421286909167e-05
340.3  0.0013301773144752042  -1.6017426554102918e-05
340.35  0.0013301762816269823  -1.6020919413766853e-05
340.40000000000003  0.0013301746497987135  -1.6024619632921152e-05
340.45000000000005  0.0013301725303160859  -1.602845085230532e-05
340.5  0.0013301700481525352  -1.6032334575438018e-05
340.55  0.0013301673338056003  -1.6036192576341247e-05
340.6  0.00133016451528344  -1.6039949206917846e-05
340.65000000000003  0.0013301617108202593  -1.604353352210549e-05
340.70000000000005  0.0013301590228147796  -1.6046881126568656e-05
340.75  0.0013301565334451  -1.6049935681029912e-05
340.8  0.0013301543021739073  -1.6052650026391886e-05
340.85  0.0013301523652484398  -1.605498689295087e-05
340.90000000000003  0.0013301507371314206  -1.6056919203061293e-05
340.95000000000005  0.0013301494136103466  -1.605842995360137e-05
341.0  0.001330148376229071  -1.605951177850067e-05
341.05  0.0013301475976066294  -1.6060166181001393e-05
341.1  0.0013301470471314921  -1.606040259313757e-05
341.15000000000003  0.0013301466964934267  -1.6060237295671535e-05
341.20000000000005  0.00133014652460473  -1.605969231221159e-05
341.25  0.0013301465214464448  -1.6058794406008533e-05
341.3  0.0013301466905336814  -1.605757420618866e-05
341.35  0.0013301470497911409  -1.6056065564510062e-05
341.40000000000003  0.001330147630734683  -1.6054305178899234e-05
341.45000000000005  0.001330148476030598  -1.6052332433228855e-05
341.5  0.0013301496355970193  -1.6050189459961158e-05
341.55  0.0013301511615290587  -1.6047921314763132e-05
341.6  0.0013301531022856207  -1.6045576170871552e-05
341.65000000000003  0.0013301554965585607  -1.604320542097275e-05
341.70000000000005  0.0013301583673846658  -1.6040863583393857e-05
341.75  0.0013301617169987363  -1.603860788092226e-05
341.8  0.001330165522931767  -1.603649750504452e-05
341.85  0.0013301697357689765  -1.6034592474608168e-05
341.90000000000003  0.0013301742788776106  -1.6032952153383724e-05
341.95000000000005  0.0013301790502415433  -1.6031633478391606e-05
342.0  0.0013301839263957828  -1.6030688978275142e-05
342.05  0.0013301887682284313  -1.6030164750065147e-05
342.1  0.0013301934283220678  -1.6030098489101634e-05
342.15000000000003  0.001330197759265351  -1.6030517713325546e-05
342.20000000000005  0.001330201622331776  -1.603143830566044e-05
342.25  0.0013302048958565608  -1.6032863477548277e-05
342.3  0.0013302074826630802  -1.60347832154189e-05
342.35  0.0013302093159175156  -1.6037174239848023e-05
342.40000000000003  0.001330210362987167  -1.6040000493209357e-05
342.45000000000005  0.0013302106269795747  -1.6043214142764483e-05
342.5  0.0013302101458822204  -1.6046757025815002e-05
342.55  0.0013302089893850182  -1.6050562477890637e-05
342.6  0.0013302072536696258  -1.6054557460358303e-05
342.65000000000003  0.001330205054615838  -1.60586648780143e-05
342.70000000000005  0.0013302025199916651  -1.6062805992249894e-05
342.75  0.0013301997812458215  -1.606690281102561e-05
342.8  0.0013301969655461813  -1.607088038006266e-05
342.85  0.0013301941886775391  -1.6074668855744156e-05
342.90000000000003  0.0013301915492838006  -1.607820529434911e-05
342.95000000000005  0.0013301891248621487  -1.6081435089538112e-05
343.0  0.0013301869696887218  -1.608431303091128e-05
343.05  0.001330185114769484  -1.6086803925099676e-05
343.1  0.0013301835696746694  -1.608888282410249e-05
343.15000000000003  0.0013301823259991169  -1.6090534844137583e-05
343.20000000000005  0.0013301813620854057  -1.6091754657947873e-05
343.25  0.0013301806485100467  -1.6092545689573167e-05
343.3  0.0013301801538307511  -1.609291912981999e-05
343.35  0.0013301798500823321  -1.6092892853635963e-05
343.40000000000003  0.0013301797175340768  -1.6092490313720175e-05
343.45000000000005  0.0013301797482958805  -1.609173954766408e-05
343.5  0.0013301799484805343  -1.6090672346664526e-05
343.55  0.0013301803387165984  -1.6089323651548434e-05
343.6  0.001330180952972495  -1.608773121182885e-05
343.65000000000003  0.001330181835752723  -1.6085935453921674e-05
343.70000000000005  0.0013301830378995801  -1.608397956069901e-05
343.75  0.0013301846112909774  -1.6081909642234188e-05
343.8  0.0013301866028681722  -1.607977489488145e-05
343.85  0.0013301890484978768  -1.6077627655140835e-05
343.90000000000003  0.00133019196715532  -1.6075523226498313e-05
343.95000000000005  0.001330195355995568  -1.6073519387689887e-05
344.0  0.0013301991867712192  -1.607167556307964e-05
344.05  0.0013302034040046688  -1.60700515900137e-05
344.1  0.001330207925178582  -1.606870618120948e-05
344.15000000000003  0.001330212643066194  -1.6067695104718827e-05
344.20000000000005  0.001330217430123949  -1.6067069204246318e-05
344.25  0.0013302221447154014  -1.6066872382945307e-05
344.3  0.0013302266387314925  -1.6067139691744317e-05
344.35  0.0013302307660863362  -1.6067895637232382e-05
344.40000000000003  0.0013302343914033431  -1.6069152815397013e-05
344.45000000000005  0.0013302373982595362  -1.6070911015170285e-05
344.5  0.001330239696298311  -1.607315678298722e-05
344.55  0.001330241226682568  -1.6075863510135735e-05
344.6  0.0013302419654318634  -1.6078992066932826e-05
344.65000000000003  0.0013302419244104694  -1.6082491893856864e-05
344.70000000000005  0.0013302411498929468  -1.608630255920719e-05
344.75  0.001330239718868636  -1.6090355649005326e-05
344.8  0.0013302377333899446  -1.6094576952177466e-05
344.85  0.0013302353134626076  -1.6098888798092505e-05
344.90000000000003  0.0013302325890547032  -1.6103212466301664e-05
344.95000000000005  0.0013302296918578666  -1.610747057115985e-05
345.0  0.0013302267474501034  -1.6111589280930986e-05
345.05  0.001330223868440466  -1.61155003355534e-05
345.1  0.0013302211490693145  -1.611914275788666e-05
345.15000000000003  0.0013302186616254122  -1.6122464198917944e-05
345.20000000000005  0.001330216454841673  -1.6125421890985877e-05
345.25  0.001330214554294413  -1.612798318262787e-05
345.3  0.0013302129646539196  -1.6130125655206126e-05
345.35  0.001330211673495166  -1.613183686731401e-05
345.40000000000003  0.001330210656248705  -1.6133113769647338e-05
345.45000000000005  0.0013302098818226585  -1.6133961843181155e-05
345.5  0.0013302093183498627  -1.6134394089475576e-05
345.55  0.001330208938587124  -1.613442991684421e-05
345.6  0.0013302087244458673  -1.6134094069778122e-05
345.65000000000003  0.0013302086703153916  -1.6133415652397473e-05
345.70000000000005  0.0013302087848651143  -1.6132427357374397e-05
345.75  0.0013302090911836728  -1.6131164917899932e-05
345.8  0.0013302096252206688  -1.6129666814743214e-05
345.85  0.0013302104326410507  -1.612797421334292e-05
345.90000000000003  0.001330211564354061  -1.6126131070981747e-05
345.95000000000005  0.0013302130710062439  -1.6124184292495283e-05
346.0  0.0013302149969473462  -1.6122183900445686e-05
346.05  0.001330217374116429  -1.612018301799876e-05
346.1  0.0013302202163991126  -1.6118237629604007e-05
346.15000000000003  0.0013302235149886157  -1.6116406000666944e-05
346.20000000000005  0.0013302272351906673  -1.611474773827279e-05
346.25  0.001330231315082479  -1.6113322483219165e-05
346.3  0.0013302356661981998  -1.611218829002212e-05
346.35  0.001330240176377825  -1.6111399742296524e-05
346.40000000000003  0.0013302447146285004  -1.6111005962009392e-05
346.45000000000005  0.0013302491377114106  -1.6111048595212566e-05
346.5  0.0013302532980168837  -1.611155994437675e-05
346.55  0.001330257052130105  -1.6112561354997084e-05
346.6  0.0013302602694492292  -1.6114061975096836e-05
346.65000000000003  0.001330262840182461  -1.6116057951717582e-05
346.70000000000005  0.0013302646820656204  -1.6118532150674624e-05
346.75  0.0013302657452996898  -1.6121454393346318e-05
346.8  0.001330266015313219  -1.6124782216513198e-05
346.85  0.001330265513124765  -1.6128462110890696e-05
346.90000000000003  0.001330264293334711  -1.6132431174040347e-05
346.95000000000005  0.0013302624399069746  -1.6136619112835687e-05
347.0  0.0013302600601333417  -1.6140950472961937e-05
347.05  0.0013302572772557301  -1.6145347029495813e-05
347.1  0.00133025422238222  -1.6149730202552528e-05
347.15000000000003  0.0013302510263281653  -1.6154023402605586e-05
347.20000000000005  0.0013302478119797023  -1.6158154224956106e-05
347.25  0.0013302446878057927  -1.6162056381632014e-05
347.3  0.0013302417428892517  -1.616567131416274e-05
347.35  0.0013302390438325955  -1.6168949434683215e-05
347.40000000000003  0.0013302366336690424  -1.6171850962307176e-05
347.45000000000005  0.001330234532720412  -1.617434631520534e-05
347.5  0.0013302327412576392  -1.6176416143124858e-05
347.55  0.0013302312435979997  -1.617805093557785e-05
347.6  0.0013302300132377782  -1.6179250356988676e-05
347.65000000000003  0.0013302290185061784  -1.6180022327204075e-05
347.70000000000005  0.0013302282282371108  -1.618038194555133e-05
347.75  0.0013302276169306015  -1.6180350375419946e-05
347.8  0.0013302271689896194  -1.6179953768055916e-05
347.85  0.0013302268816305929  -1.617922232612155e-05
347.90000000000003  0.0013302267662694263  -1.6178189542377934e-05
347.95000000000005  0.0013302268482076468  -1.6176891718807968e-05
348.0  0.0013302271646768835  -1.6175367695427816e-05
348.05  0.0013302277613400095  -1.6173658794374707e-05
348.1  0.001330228687563531  -1.6171808923907938e-05
348.15000000000003  0.0013302299908002834  -1.6169864703195996e-05
348.20000000000005  0.0013302317105541302  -1.6167875532756412e-05
348.25  0.001330233872435407  -1.616589349697265e-05
348.3  0.0013302364828330264  -1.6163972975381715e-05
348.35  0.0013302395247327915  -1.616216993643451e-05
348.40000000000003  0.0013302429550870942  -1.6160540865544065e-05
348.45000000000005  0.001330246704094428  -1.6159141326637858e-05
348.5  0.0013302506765572428  -1.615802425093064e-05
348.55  0.0013302547553312775  -1.6157238019434933e-05
348.6  0.0013302588067314412  -1.6156824458246274e-05
348.65000000000003  0.0013302626874916177  -1.615681689764992e-05
348.70000000000005  0.0013302662528460719  -1.6157238396012174e-05
348.75  0.001330269365079986  -1.6158100289632017e-05
348.8  0.0013302719019186071  -1.6159401152733284e-05
348.85  0.001330273764084725  -1.616112623272609e-05
348.90000000000003  0.0013302748814121748  -1.6163247421016862e-05
348.95000000000005  0.001330275217050739  -1.616572377647501e-05
349.0  0.001330274769417199  -1.616850254270981e-05
349.05  0.0013302735717565213  -1.617152067318094e-05
349.1  0.0013302716893943186  -1.617470673197696e-05
349.15000000000003  0.0013302692149027321  -1.6177983126782597e-05
349.20000000000005  0.0013302662615939963  -1.6181268538069697e-05
349.25  0.001330262955920417  -1.6184480465678344e-05
349.3  0.001330259429343712  -1.6187537759955136e-05
349.35  0.001330255810351736  -1.6190363037812505e-05
349.40000000000003  0.001330252217208992  -1.6192884886726444e-05
349.45000000000005  0.001330248751969298  -1.6195039751155157e-05
349.5  0.0013302454961571027  -1.6196773470959487e-05
349.55  0.0013302425083567253  -1.6198042366439387e-05
349.6  0.0013302398237948396  -1.6198813901136628e-05
349.65000000000003  0.0013302374558457138  -1.619906687805046e-05
349.70000000000005  0.0013302353991786425  -1.6198791204327027e-05
349.75  0.001330233634264252  -1.619798727466146e-05
349.8  0.0013302321327023205  -1.61966650408168e-05
349.85  0.0013302308629227905  -1.619484284833461e-05
349.90000000000003  0.0013302297957142732  -1.61925461425234e-05
349.95000000000005  0.0013302289091008846  -1.618980617200383e-05
350.0  0.0013302281921622958  -1.6186658748239507e-05
350.05  0.0013302276474368019  -1.6183143198153656e-05
350.1  0.0013302272917386057  -1.617930154033378e-05
350.15000000000003  0.0013302271552915476  -1.6175177948656353e-05
350.20000000000005  0.0013302272792263094  -1.6170818474321117e-05
350.25  0.0013302277116597544  -1.616627099463772e-05
350.3  0.0013302285026181946  -1.6161585325472224e-05
350.35  0.0013302296982336044  -1.615681336253219e-05
350.40000000000003  0.001330231334686684  -1.6152009168445046e-05
350.45000000000005  0.001330233432420001  -1.6147228875672747e-05
350.5  0.0013302359911345914  -1.6142530332268574e-05
350.55  0.001330238986083674  -1.613797241025415e-05
350.6  0.0013302423660343397  -1.6133613968541145e-05
350.65000000000003  0.0013302460532303101  -1.61295124999724e-05
350.70000000000005  0.0013302499454420566  -1.6125722492744857e-05
350.75  0.0013302539200843663  -1.6122293634908305e-05
350.8  0.0013302578401781528  -1.6119268957617448e-05
350.85  0.0013302615617372844  -1.6116683046117e-05
350.90000000000003  0.0013302649420660275  -1.611456045519247e-05
350.95000000000005  0.0013302678483299907  -1.6112914427024753e-05
351.0  0.0013302701657377577  -1.611174602065093e-05
351.05  0.001330271804671562  -1.611104369404206e-05
351.1  0.0013302727062209042  -1.611078340069713e-05
351.15000000000003  0.0013302728456654834  -1.6110929187191226e-05
351.20000000000005  0.001330272233651234  -1.6111434282506734e-05
351.25  0.0013302709149722394  -1.611224259041378e-05
351.3  0.0013302689651043535  -1.6113290575733613e-05
351.35  0.001330266484782142  -1.6114509385763186e-05
351.40000000000003  0.0013302635930588767  -1.61158271468376e-05
351.45000000000005  0.0013302604194648099  -1.6117171341467986e-05
351.5  0.0013302570958413859  -1.6118471142750868e-05
351.55  0.0013302537485072648  -1.6119659602837613e-05
351.6  0.0013302504913558955  -1.6120675670632727e-05
351.65000000000003  0.0013302474203079726  -1.6121465888082253e-05
351.70000000000005  0.0013302446095384258  -1.612198575707386e-05
351.75  0.0013302421096174962  -1.6122200721085077e-05
351.8  0.0013302399476213863  -1.6122086707257184e-05
351.85  0.0013302381290819592  -1.612163027024107e-05
351.90000000000003  0.0013302366414959554  -1.6120828300149066e-05
351.95000000000005  0.0013302354590343456  -1.6119687377578128e-05
352.0  0.001330234547983502  -1.6118222777097412e-05
352.05  0.0013302338724374028  -1.611645723483305e-05
352.1  0.0013302333997461324  -1.6114419547983935e-05
352.15000000000003  0.0013302331052577692  -1.6112143098729573e-05
352.20000000000005  0.001330232975975527  -1.610966442220881e-05
352.25  0.0013302330127959085  -1.6107021897308633e-05
352.3  0.0013302332311390373  -1.610425465158364e-05
352.35  0.001330233659902718  -1.610140173208285e-05
352.40000000000003  0.0013302343387457272  -1.6098501581774684e-05
352.45000000000005  0.0013302353139444196  -1.6095591778012702e-05
352.5  0.0013302366330800413  -1.6092709039857963e-05
352.55  0.0013302383390058872  -1.608988938764681e-05
352.6  0.0013302404636022624  -1.6087168413708242e-05
352.65000000000003  0.001330243021872104  -1.608458153026164e-05
352.70000000000005  0.001330246006962253  -1.608216411358519e-05
352.75  0.001330249386600447  -1.607995149132931e-05
352.8  0.0013302531013973744  -1.6077978690939247e-05
352.85  0.001330257065268816  -1.6076279936664086e-05
352.90000000000003  0.0013302611680755803  -1.6074887888341662e-05
352.95000000000005  0.0013302652804087652  -1.6073832659864147e-05
353.0  0.0013302692601802487  -1.60731406783299e-05
353.05  0.0013302729605775873  -1.60728334448741e-05
353.1  0.001330276238775449  -1.6072926279003157e-05
353.15000000000003  0.0013302789647038858  -1.6073427126913828e-05
353.20000000000005  0.0013302810291826743  -1.607433555274307e-05
353.25  0.0013302823507498195  -1.6075641926698372e-05
353.3  0.001330282880655009  -1.607732693604722e-05
353.35  0.0013302826056088594  -1.6079361422159785e-05
353.40000000000003  0.0013302815480803  -1.6081706611713515e-05
353.45000000000005  0.0013302797641781055  -1.6084314731739237e-05
353.5  0.00133027733928701  -1.6087130008148585e-05
353.55  0.0013302743818687816  -1.609009003184143e-05
353.6  0.0013302710159563559  -1.6093127433833353e-05
353.65000000000003  0.001330267372948874  -1.6096171816346798e-05
353.70000000000005  0.001330263583394137  -1.6099151832621125e-05
353.75  0.0013302597693584807  -1.61019973612302e-05
353.8  0.0013302560379737424  -1.6104641623537687e-05
353.85  0.0013302524765977791  -1.6107023204747707e-05
353.90000000000003  0.0013302491498706755  -1.610908780352372e-05
353.95000000000005  0.001330246098818196  -1.6110789704942776e-05
354.0  0.0013302433419154405  -1.611209284763527e-05
354.05  0.0013302408779410167  -1.6112971480182633e-05
354.1  0.0013302386902559779  -1.6113410388571758e-05
354.15000000000003  0.0013302367520651814  -1.6113404703610684e-05
354.20000000000005  0.0013302350321504378  -1.611295933317766e-05
354.25  0.0013302335005523172  -1.611208811931196e-05
354.3  0.001330232133689838  -1.6110812774703396e-05
354.35  0.0013302309184663203  -1.6109161743909652e-05
354.40000000000003  0.00133022985502795  -1.610716905043794e-05
354.45000000000005  0.001330228957921697  -1.6104873279561152e-05
354.5  0.0013302282555558446  -1.6102316709126307e-05
354.55  0.0013302277879816  -1.6099544665668358e-05
354.6  0.0013302276031797484  -1.6096605070034715e-05
354.65000000000003  0.001330227752126252  -1.6093548168685692e-05
354.70000000000005  0.0013302282830264544  -1.6090426347098647e-05
354.75  0.001330229235211887  -1.6087293968869453e-05
354.8  0.0013302306331947954  -1.6084207115454538e-05
354.85  0.0013302324814368678  -1.6081223167472387e-05
354.90000000000003  0.0013302347603289409  -1.607840013912907e-05
354.95000000000005  0.0013302374237919338  -1.607579574336741e-05
355.0  0.0013302403988470876  -1.6073466173555616e-05
355.05  0.0013302435872800664  -1.6071464655572254e-05
355.1  0.0013302468693924215  -1.606983982025789e-05
355.15000000000003  0.001330250109664883  -1.6068634012415643e-05
355.20000000000005  0.0013302531639422075  -1.606788161051672e-05
355.25  0.0013302558876165686  -1.6067607496673335e-05
355.3  0.0013302581442183876  -1.6067825771784862e-05
355.35  0.0013302598137451484  -1.6068538804112705e-05
355.40000000000003  0.0013302608000272014  -1.6069736687133887e-05
355.45000000000005  0.0013302610366258422  -1.6071397126729277e-05
355.5  0.0013302604907178537  -1.607348581825587e-05
355.55  0.001330259164732909  -1.607595725914635e-05
355.6  0.0013302570955956248  -1.6078755999616198e-05
355.65000000000003  0.0013302543516776767  -1.6081818247753337e-05
355.70000000000005  0.0013302510277466623  -1.6085073796059533e-05
355.75  0.0013302472383154836  -1.6088448126971768e-05
355.8  0.0013302431099658511  -1.60918646858484e-05
355.85  0.0013302387732875287  -1.6095247135642504e-05
355.90000000000003  0.001330234355000418  -1.609852158020956e-05
355.95000000000005  0.0013302299709287728  -1.6101618597153997e-05
356.0  0.0013302257202745158  -1.6104475055128123e-05
356.05  0.0013302216815905502  -1.6107035589425084e-05
356.1  0.0013302179106774161  -1.610925374804237e-05
356.15000000000003  0.001330214440440642  -1.6111092737742367e-05
356.20000000000005  0.0013302112826164595  -1.6112525744389305e-05
356.25  0.0013302084311290088  -1.6113535906247872e-05
356.3  0.0013302058666556016  -1.6114115914805005e-05
356.35  0.0013302035619924533  -1.6114267338505624e-05
356.40000000000003  0.0013302014876794127  -1.611399972676849e-05
356.45000000000005  0.0013301996173807284  -1.6113329617839208e-05
356.5  0.0013301979325635765  -1.611227947234575e-05
356.55  0.0013301964260559844  -1.611087673502893e-05
356.6  0.0013301951041733793  -1.6109153000228092e-05
356.65000000000003  0.0013301939872455764  -1.6107143397911072e-05
356.70000000000005  0.0013301931084605959  -1.6104886195584438e-05
356.75  0.0013301925111319749  -1.610242262977096e-05
356.8  0.0013301922445647122  -1.609979689145126e-05
356.85  0.001330192358851626  -1.6097056203339365e-05
356.90000000000003  0.0013301928990151436  -1.6094250898355937e-05
356.95000000000005  0.001330193898977227  -1.6091434359637538e-05
357.0  0.0013301953758848148  -1.608866277188494e-05
357.05  0.0013301973252978277  -1.6085994557364625e-05
357.1  0.0013301997177408752  -1.6083489479109224e-05
357.15000000000003  0.0013302024969845114  -1.6081207412340487e-05
357.20000000000005  0.00133020558032684  -1.6079206772771438e-05
357.25  0.0013302088609931399  -1.6077542744462304e-05
357.3  0.0013302122125445136  -1.6076265327119176e-05
357.35  0.0013302154950798092  -1.607541739240411e-05
357.40000000000003  0.0013302185627883227  -1.6075032830081045e-05
357.45000000000005  0.0013302212723141683  -1.6075134939916714e-05
357.5  0.0013302234912852323  -1.6075735148387963e-05
357.55  0.001330225106353741  -1.6076832156050732e-05
357.6  0.0013302260301142781  -1.607841158290631e-05
357.65000000000003  0.0013302262063397147  -1.608044609312069e-05
357.70000000000005  0.0013302256131293047  -1.608289606053995e-05
357.75  0.0013302242637499451  -1.6085710686363918e-05
357.8  0.00133022220510422  -1.6088829561224116e-05
357.85  0.0013302195139965234  -1.6092184559589827e-05
357.90000000000003  0.0013302162915121568  -1.6095702002593684e-05
357.95000000000005  0.0013302126560109698  -1.6099304963604062e-05
358.0  0.0013302087352706604  -1.6102915655023635e-05
358.05  0.0013302046584619737  -1.6106457751798487e-05
358.1  0.0013302005485296587  -1.610985858613073e-05
358.15000000000003  0.0013301965155690242  -1.6113051094249924e-05
358.20000000000005  0.001330192651648706  -1.6115975483119768e-05
358.25  0.0013301890274256432  -1.6118580509486913e-05
358.3  0.001330185690684704  -1.612082439723841e-05
358.35  0.0013301826668459982  -1.6122675311614387e-05
358.40000000000003  0.0013301799612321795  -1.6124111457622927e-05
358.45000000000005  0.0013301775628523722  -1.6125120791316266e-05
358.5  0.0013301754492606984  -1.612570043266876e-05
358.55  0.0013301735920346958  -1.612585581022843e-05
358.6  0.0013301719623419273  -1.6125599672517452e-05
358.65000000000003  0.001330170536122092  -1.6124951022336684e-05
358.70000000000005  0.0013301692984007375  -1.6123934088424605e-05
358.75  0.0013301682464044195  -1.6122577416265334e-05
358.8  0.0013301673911689967  -1.6120913160257914e-05
358.85  0.0013301667575276628  -1.6118976591134753e-05
358.90000000000003  0.0013301663824334658  -1.611680586192368e-05
358.95000000000005  0.0013301663117651096  -1.6114441985120068e-05
359.0  0.0013301665958307422  -1.6111928945872125e-05
359.05  0.001330167283923188  -1.610931387517839e-05
359.1  0.0013301684183683704  -1.610664719363928e-05
359.15000000000003  0.0013301700285601407  -1.6103982551619552e-05
359.20000000000005  0.0013301721254999985  -1.6101376531517798e-05
359.25  0.0013301746973570206  -1.6098888006036197e-05
359.3  0.0013301777064965452  -1.6096577145016514e-05
359.35  0.001330181088349868  -1.6094504044160494e-05
359.40000000000003  0.0013301847523017355  -1.609272704467912e-05
359.45000000000005  0.0013301885846943497  -1.6091300830539494e-05
359.5  0.00133019245379589  -1.6090274417614138e-05
359.55  0.0013301962164447866  -1.6089689141866783e-05
359.6  0.0013301997258928315  -1.608957680452499e-05
359.65000000000003  0.0013302028403017975  -1.6089958097477604e-05
359.70000000000005  0.0013302054312008408  -1.6090841401742947e-05
359.75  0.0013302073912798364  -1.6092222031625935e-05
359.8  0.00133020864087717  -1.6094082020966217e-05
359.85  0.0013302091326767222  -1.609639039989693e-05
359.90000000000003  0.0013302088542302918  -1.6099104013478165e-05
359.95000000000005  0.0013302078281107765  -1.6102168799169455e-05
360.0  0.001330206109751274  -1.610552148052617e-05
360.05  0.0013302037831363174  -1.6109091591887115e-05
360.1  0.001330200954735617  -1.6112803728070518e-05
360.15000000000003  0.001330197746181656  -1.6116579923446876e-05
360.20000000000005  0.0013301942863133706  -1.612034206760894e-05
360.25  0.001330190703179563  -1.6124014220493988e-05
360.3  0.0013301871166576237  -1.612752476826704e-05
360.35  0.0013301836321726775  -1.6130808301890098e-05
360.40000000000003  0.00133018033600594  -1.6133807195011884e-05
360.45000000000005  0.0013301772924261494  -1.6136472773314132e-05
360.5  0.001330174542797272  -1.6138766089195946e-05
360.55  0.001330172106587462  -1.6140658279061135e-05
360.6  0.0013301699841196245  -1.6142130535389703e-05
360.65000000000003  0.0013301681606856944  -1.6143173695285515e-05
360.70000000000005  0.0013301666116449819  -1.6143787558203153e-05
360.75  0.0013301653079779104  -1.6143979958073277e-05
360.8  0.0013301642217867743  -1.614376572287848e-05
360.85  0.0013301633312933338  -1.6143165591794438e-05
360.90000000000003  0.0013301626248450641  -1.6142205198040873e-05
360.95000000000005  0.0013301621036238458  -1.6140914203435926e-05
361.0  0.0013301617828106664  -1.6139325633695873e-05
361.05  0.0013301616910989225  -1.6137475462714716e-05
361.1  0.0013301618685726338  -1.6135402441652073e-05
361.15000000000003  0.001330162363114699  -1.613314813571408e-05
361.20000000000005  0.0013301632255991267  -1.6130757079097706e-05
361.25  0.001330164504254055  -1.6128276965784853e-05
361.3  0.001330166238652734  -1.612575877396388e-05
361.35  0.0013301684538260126  -1.6123256666620515e-05
361.40000000000003  0.0013301711550256466  -1.6120827649215765e-05
361.45000000000005  0.0013301743236408185  -1.611853083293552e-05
361.5  0.001330177914693262  -1.611642637119339e-05
361.55  0.0013301818562315901  -1.61145739993678e-05
361.6  0.0013301860507936246  -1.6113031305238132e-05
361.65000000000003  0.001330190378970229  -1.6111851779864275e-05
361.70000000000005  0.001330194704866173  -1.611108279297069e-05
361.75  0.0013301988831265154  -1.611076361165715e-05
361.8  0.001330202767038097  -1.6110923593437468e-05
361.85  0.0013302062170880602  -1.6111580688232818e-05
361.90000000000003  0.0013302091093381433  -1.6112740328126586e-05
361.95000000000005  0.001330211342936437  -1.611439480516644e-05
362.0  0.0013302128462036674  -1.6116523136575772e-05
362.05  0.0013302135807723068  -1.6119091504076546e-05
362.1  0.0013302135434925312  -1.6122054142010136e-05
362.15000000000003  0.001330212765975042  -1.6125354736482348e-05
362.20000000000005  0.0013302113117973483  -1.6128928170416087e-05
362.25  0.0013302092716796156  -1.613270262278599e-05
362.3  0.0013302067570038695  -1.6136601844036883e-05
362.35  0.0013302038922360971  -1.6140547561640877e-05
362.40000000000003  0.00133020080687418  -1.614446185677716e-05
362.45000000000005  0.0013301976275128143  -1.6148269469547813e-05
362.5  0.0013301944707005526  -1.615189991360116e-05
362.55  0.0013301914370140357  -1.6155289286434336e-05
362.6  0.0013301886068375686  -1.6158381761888002e-05
362.65000000000003  0.001330186038016162  -1.6161130685485867e-05
362.70000000000005  0.0013301837654767605  -1.6163499279311716e-05
362.75  0.0013301818027697796  -1.6165460906790983e-05
362.8  0.0013301801452297764  -1.6166998954260966e-05
362.85  0.0013301787744579982  -1.61681063707952e-05
362.90000000000003  0.0013301776636117277  -1.6168784908266744e-05
362.95000000000005  0.0013301767830475844  -1.616904417491591e-05
363.0  0.001330176105776531  -1.6168900560013604e-05
363.05  0.0013301756122729587  -1.6168376152797168e-05
363.1  0.0013301752941899214  -1.6167497753536504e-05
363.15000000000003  0.0013301751566993129  -1.6166296022559405e-05
363.20000000000005  0.001330175219218608  -1.6164804874246614e-05
363.25  0.0013301755144842393  -1.6163061102526712e-05
363.3  0.0013301760859928684  -1.6161104261147997e-05
363.35  0.0013301769840253263  -1.6158976723901143e-05
363.40000000000003  0.0013301782605292147  -1.6156723847309375e-05
363.45000000000005  0.0013301799632755777  -1.6154394184431727e-05
363.5  0.0013301821297731738  -1.6152039536263115e-05
363.55  0.0013301847814137804  -1.6149714827203314e-05
363.6  0.001330187918428973  -1.6147477666956004e-05
363.65000000000003  0.0013301915161070812  -1.6145387549394014e-05
363.70000000000005  0.0013301955226950484  -1.6143504680131275e-05
363.75  0.0013301998592804996  -1.6141888474029273e-05
363.8  0.0013302044217835388  -1.614059573781042e-05
363.85  0.0013302090850379204  -1.6139678702580223e-05
363.90000000000003  0.0013302137087221858  -1.6139182997538105e-05
363.95000000000005  0.0013302181447805588  -1.6139145684352036e-05
364.0  0.0013302222457962456  -1.6139593527789067e-05
364.05  0.0013302258736631973  -1.6140541571745448e-05
364.1  0.0013302289079270497  -1.614199214581603e-05
364.15000000000003  0.001330231253109594  -1.6143934349759168e-05
364.20000000000005  0.0013302328444444733  -1.614634407276093e-05
364.25  0.0013302336515761705  -1.6149184522398254e-05
364.3  0.0013302336799333328  -1.6152407256629533e-05
364.35  0.001330232969697608  -1.6155953664957344e-05
364.40000000000003  0.0013302315924631474  -1.6159756804576654e-05
364.45000000000005  0.0013302296459105525  -1.6163743534620403e-05
364.5  0.0013302272469132613  -1.616783683963045e-05
364.55  0.0013302245236699014  -1.617195821811612e-05
364.6  0.0013302216075030873  -1.6176030075399652e-05
364.65000000000003  0.0013302186249351854  -1.6179977963113115e-05
364.70000000000005  0.0013302156906676178  -1.6183732634603826e-05
364.75  0.0013302129019359542  -1.6187231793562506e-05
364.8  0.0013302103346343667  -1.6190421506047533e-05
364.85  0.0013302080413999575  -1.6193257225741208e-05
364.90000000000003  0.0013302060516791345  -1.619570437293215e-05
364.95000000000005  0.0013302043737171126  -1.6197738552593236e-05
365.0  0.0013302029981042771  -1.6199345352222675e-05
365.05  0.001330201902588934  -1.6200519809530232e-05
365.1  0.0013302010575913332  -1.6201265617071933e-05
365.15000000000003  0.0013302004319582048  -1.6201594124825268e-05
365.20000000000005  0.001330199998425398  -1.620152327414502e-05
365.25  0.0013301997383095947  -1.620107650922363e-05
365.3  0.0013301996450233843  -1.6200281799205133e-05
365.35  0.0013301997261356275  -1.6199170838257656e-05
365.40000000000003  0.0013302000037626023  -1.619777847038052e-05
365.45000000000005  0.0013302005132866447  -1.6196142354255234e-05
365.5  0.0013302013004413084  -1.6194302885759416e-05
365.55  0.001330202417022913  -1.6192303280292966e-05
365.6  0.00133020391552268  -1.6190189744790862e-05
365.65000000000003  0.001330205843116548  -1.6188011656907524e-05
365.70000000000005  0.0013302082355044192  -1.618582159475853e-05
365.75  0.0013302111111180423  -1.6183675145218612e-05
365.8  0.0013302144662238474  -1.6181630402891875e-05
365.85  0.0013302182714186495  -1.617974708491472e-05
365.90000000000003  0.0013302224698788071  -1.6178085292358944e-05
365.95000000000005  0.0013302269776441552  -1.61767039304542e-05
366.0  0.0013302316860453927  -1.6175658872355004e-05
366.05  0.001330236466193443  -1.617500094655978e-05
366.1  0.001330241175294375  -1.617477392727674e-05
366.15000000000003  0.0013302456643222074  -1.61750126124341e-05
366.20000000000005  0.0013302497865671534  -1.6175741137649515e-05
366.25  0.0013302534063372945  -1.6176971654442577e-05
366.3  0.0013302564071942765  -1.617870342616166e-05
366.35  0.001330258699047861  -1.6180922434089803e-05
366.40000000000003  0.0013302602235500094  -1.6183601512274035e-05
366.45000000000005  0.0013302609573707241  -1.618670099624354e-05
366.5  0.0013302609131211948  -1.6190169860730427e-05
366.55  0.0013302601378387784  -1.6193947282903444e-05
366.6  0.0013302587092297235  -1.619796458684152e-05
366.65000000000003  0.0013302567299549144  -1.620214741343475e-05
366.70000000000005  0.001330254320482224  -1.6206418077246488e-05
366.75  0.0013302516110620288  -1.6210697979500595e-05
366.8  0.0013302487334889024  -1.621490996369995e-05
366.85  0.0013302458132679546  -1.6218980539176248e-05
366.90000000000003  0.0013302429627962964  -1.6222841869003744e-05
366.95000000000005  0.0013302402759989324  -1.622643345197748e-05
367.0  0.0013302378247891534  -1.6229703453074203e-05
367.05  0.001330235657527012  -1.6232609607318865e-05
367.1  0.001330233799469067  -1.6235119750966274e-05
367.15000000000003  0.0013302322550589427  -1.623721190946144e-05
367.20000000000005  0.0013302310117822595  -1.6238874024307915e-05
367.25  0.0013302300451331203  -1.624010336021128e-05
367.3  0.0013302293242574046  -1.6240905640380445e-05
367.35  0.0013302288176944167  -1.6241294031289722e-05
367.40000000000003  0.001330228498749462  -1.624128805180014e-05
367.45000000000005  0.0013302283500066226  -1.6240912508022967e-05
367.5  0.001330228366604277  -1.624019653232757e-05
367.55  0.0013302285579958187  -1.6239172832498453e-05
367.6  0.0013302289480348057  -1.6237877149414084e-05
367.65000000000003  0.001330229573374114  -1.6236348007519488e-05
367.70000000000005  0.0013302304802838617  -1.623462663329024e-05
367.75  0.0013302317201239065  -1.6232757083650034e-05
367.8  0.0013302333438420242  -1.6230786413222735e-05
367.85  0.0013302353958951393  -1.6228764822455986e-05
367.90000000000003  0.0013302379081365531  -1.622674564405067e-05
367.95000000000005  0.0013302408941934052  -1.6224785075459407e-05
368.0  0.0013302443448384648  -1.6222941596280528e-05
368.05  0.0013302482248337103  -1.622127499963978e-05
368.1  0.0013302524716027704  -1.6219845075652836e-05
368.15000000000003  0.0013302569959813227  -1.6218709964277607e-05
368.20000000000005  0.0013302616850959814  -1.6217924276664872e-05
368.25  0.0013302664072621262  -1.62175370838351e-05
368.3  0.0013302710186164548  -1.6217589911220144e-05
368.35  0.0013302753710053854  -1.621811487512398e-05
368.40000000000003  0.0013302793205730362  -1.621913308149205e-05
368.45000000000005  0.0013302827363934676  -1.6220653381473008e-05
368.5  0.0013302855084414908  -1.62226716095208e-05
368.55  0.0013302875543132649  -1.6225170301506324e-05
368.6  0.0013302888241362833  -1.6228118951054703e-05
368.65000000000003  0.0013302893033027038  -1.623147477653299e-05
368.70000000000005  0.0013302890128091293  -1.623518398321459e-05
368.75  0.0013302880072194746  -1.623918341829339e-05
368.8  0.0013302863704236774  -1.6243402573763808e-05
368.85  0.0013302842095769484  -1.6247765832042363e-05
368.90000000000003  0.0013302816477303195  -1.625219484358996e-05
368.95000000000005  0.0013302788157379141  -1.625661094388053e-05
369.0  0.0013302758440990863  -1.6260937497220842e-05
369.05  0.0013302728553669797  -1.6265102073178368e-05
369.1  0.0013302699576601405  -1.6269038379847223e-05
369.15000000000003  0.0013302672397283257  -1.6272687870787358e-05
369.20000000000005  0.0013302647679003569  -1.6276000976331393e-05
369.25  0.001330262585009837  -1.6278937921820284e-05
369.3  0.0013302607112909083  -1.628146914713763e-05
369.35  0.0013302591470534255  -1.6283575295553783e-05
369.40000000000003  0.0013302578768095306  -1.6285246865120032e-05
369.45000000000005  0.0013302568744072538  -1.6286483519892866e-05
369.5  0.0013302561086753063  -1.6287293182094082e-05
369.55  0.00133025554910287  -1.628769097815645e-05
369.6  0.0013302551709772092  -1.6287698130193332e-05
369.65000000000003  0.0013302549596109976  -1.6287340896733397e-05
369.70000000000005  0.0013302549132238597  -1.6286649658544096e-05
369.75  0.0013302550443079941  -1.628565819708895e-05
369.8  0.0013302553792807039  -1.6284403221927617e-05
369.85  0.0013302559565077608  -1.6282924152916144e-05
369.90000000000003  0.0013302568227879963  -1.6281263097637252e-05
369.95000000000005  0.0013302580285862334  -1.6279464988719957e-05
370.0  0.0013302596223918719  -1.6277577755576434e-05
370.05  0.0013302616446621487  -1.6275652428802447e-05
370.1  0.0013302641218408441  -1.6273743074281277e-05
370.15000000000003  0.0013302670610100416  -1.627190645964616e-05
370.20000000000005  0.00133027044564546  -1.627020135772691e-05
370.25  0.001330274232975672  -1.6268687513485325e-05
370.3  0.0013302783531978979  -1.6267424226769096e-05
370.35  0.0013302827108155203  -1.626646864010602e-05
370.40000000000003  0.0013302871880594733  -1.626587382917439e-05
370.45000000000005  0.0013302916502614473  -1.6265686781017806e-05
370.5  0.0013302959528211796  -1.6265946422976347e-05
370.55  0.0013302999493072511  -1.6266681819497044e-05
370.6  0.0013303035000342997  -1.6267910650649003e-05
370.65000000000003  0.0013303064805089723  -1.626963810371642e-05
370.70000000000005  0.0013303087890529641  -1.627185621678258e-05
370.75  0.0013303103530033413  -1.6274543750450306e-05
370.8  0.0013303111330025537  -1.6277666575613262e-05
370.85  0.0013303111250365517  -1.6281178581140695e-05
370.90000000000003  0.0013303103600956847  -1.628502303831431e-05
370.95000000000005  0.0013303089014930897  -1.628913437509889e-05
371.0  0.0013303068400882792  -1.6293440249993594e-05
371.05  0.0013303042878541067  -1.6297863846233447e-05
371.1  0.0013303013702688341  -1.630232627893339e-05
371.15000000000003  0.001330298218213474  -1.6306749021190994e-05
371.20000000000005  0.0013302949599681888  -1.6311056216233573e-05
371.25  0.001330291713927379  -1.6315176804029352e-05
371.3  0.0013302885825711695  -1.6319046379851014e-05
371.35  0.0013302856480792136  -1.632260871842271e-05
371.40000000000003  0.001330282969857659  -1.6325816891655967e-05
371.45000000000005  0.0013302805840556577  -1.632863398883617e-05
371.5  0.0013302785049768737  -1.6331033419526874e-05
371.55  0.0013302767281950876  -1.633299880269179e-05
371.6  0.0013302752349809667  -1.6334523503725947e-05
371.65000000000003  0.0013302739975888708  -1.6335609891192046e-05
371.70000000000005  0.0013302729849348194  -1.6336268362126182e-05
371.75  0.0013302721680840848  -1.63365162649874e-05
371.8  0.0013302715251465084  -1.6336376775701175e-05
371.85  0.0013302710450746181  -1.633587787181444e-05
371.90000000000003  0.0013302707301023871  -1.633505144487692e-05
371.95000000000005  0.0013302705965836418  -1.6333932637714013e-05
372.0  0.001330270674143653  -1.6332559421472666e-05
372.05  0.0013302710032312502  -1.6330972410258165e-05
372.1  0.0013302716312084328  -1.6329214872975464e-05
372.15000000000003  0.0013302726073369914  -1.6327332869474505e-05
372.20000000000005  0.0013302739769987734  -1.6325375378713333e-05
372.25  0.00133027577566409  -1.6323394368959526e-05
372.3  0.0013302780231293542  -1.6321444636957375e-05
372.35  0.0013302807185294084  -1.6319583366850693e-05
372.40000000000003  0.0013302838366274468  -1.6317869360482325e-05
372.45000000000005  0.0013302873257722014  -1.6316361885116e-05
372.5  0.0013302911078301228  -1.6315119198406064e-05
372.55  0.0013302950802064099  -1.631419678533219e-05
372.6  0.0013302991199268244  -1.63136454407667e-05
372.65000000000003  0.0013303030895398982  -1.6313509284305054e-05
372.70000000000005  0.0013303068444660672  -1.631382384285093e-05
372.75  0.0013303102412394485  -1.631461435843795e-05
372.8  0.0013303131460546775  -1.6315894395487287e-05
372.85  0.0013303154429044964  -1.63176648709638e-05
372.90000000000003  0.001330317040706803  -1.6319913550763023e-05
372.95000000000005  0.001330317878838548  -1.6322615085490933e-05
373.0  0.0013303179306344316  -1.63257315515088e-05
373.05  0.001330317204592417  -1.6329213487568483e-05
373.1  0.0013303157432091898  -1.633300136291043e-05
373.15000000000003  0.001330313619569521  -1.6337027452541057e-05
373.20000000000005  0.001330310931977977  -1.634121797150273e-05
373.25  0.0013303077971257076  -1.6345495394017658e-05
373.3  0.0013303043423067637  -1.6349780876193922e-05
373.35  0.001330300697350887  -1.6353996643357128e-05
373.40000000000003  0.001330296986892884  -1.635806825666384e-05
373.45000000000005  0.0013302933235315607  -1.6361926656718265e-05
373.5  0.0013302898023988324  -1.6365509933092344e-05
373.55  0.0013302864974619136  -1.636876472072273e-05
373.6  0.001330283459757763  -1.6371647206786803e-05
373.65000000000003  0.0013302807176073705  -1.6374123725443617e-05
373.70000000000005  0.0013302782786378709  -1.6376170921305233e-05
373.75  0.001330276133365916  -1.6377775541548878e-05
373.8  0.0013302742599448675  -1.6378933892379388e-05
373.85  0.001330272629595603  -1.6379651001560778e-05
373.90000000000003  0.001330271212212999  -1.6379939622875668e-05
373.95000000000005  0.001330269981646719  -1.6379819153827303e-05
374.0  0.0013302689201886244  -1.6379314540019424e-05
374.05  0.0013302680218779867  -1.637845529827949e-05
374.1  0.0013302672943510986  -1.6377274706095256e-05
374.15000000000003  0.0013302667590484652  -1.637580921585416e-05
374.20000000000005  0.0013302664497772936  -1.6374098114109816e-05
374.25  0.0013302664096999544  -1.6372183395553476e-05
374.3  0.0013302666870076496  -1.637010978924522e-05
374.35  0.001330267329585823  -1.636792489521986e-05
374.40000000000003  0.0013302683791273353  -1.6365679249068297e-05
374.45000000000005  0.0013302698651802523  -1.6363426291012397e-05
374.5  0.0013302717996506199  -1.636122208479164e-05
374.55  0.0013302741722829128  -1.6359124734738025e-05
374.6  0.0013302769475753247  -1.6357193453662966e-05
374.65000000000003  0.0013302800634912046  -1.635548728653037e-05
374.70000000000005  0.0013302834322063122  -1.635406352497174e-05
374.75  0.0013302869429420144  -1.6352975889011062e-05
374.8  0.0013302904667903022  -1.6352272588606928e-05
374.85  0.0013302938632086194  -1.6351994380674434e-05
374.90000000000003  0.001330296987779082  -1.635217275353551e-05
374.95000000000005  0.0013302997006139237  -1.6352828358896635e-05
375.0  0.001330301874787562  -1.6353969800573707e-05
375.05  0.001330303404134302  -1.6355592854189367e-05
375.1  0.001330304209767577  -1.6357680193100784e-05
375.15000000000003  0.0013303042448252998  -1.6360201609499155e-05
375.20000000000005  0.0013303034970758066  -1.636311476007691e-05
375.25  0.0013303019891581728  -1.6366366362715636e-05
375.3  0.0013302997765044394  -1.6369893827541298e-05
375.35  0.0013302969431032504  -1.6373627218030633e-05
375.40000000000003  0.0013302935954983422  -1.6377491454649474e-05
375.45000000000005  0.0013302898555157601  -1.6381408671538008e-05
375.5  0.0013302858523163165  -1.6385300602484907e-05
375.55  0.001330281714396391  -1.638909092867302e-05
375.6  0.0013302775621718455  -1.6392707443035198e-05
375.65000000000003  0.0013302735016643718  -1.6396083992512283e-05
375.70000000000005  0.0013302696197543167  -1.6399162079000886e-05
375.75  0.0013302659812481868  -1.6401892131356075e-05
375.8  0.001330262627915896  -1.640423432773964e-05
375.85  0.0013302595794545376  -1.640615903056135e-05
375.90000000000003  0.0013302568361861949  -1.6407646808951092e-05
375.95000000000005  0.0013302543831592837  -1.640868809474436e-05
376.0  0.0013302521952107014  -1.6409282528491486e-05
376.05  0.001330250242544338  -1.6409438069816206e-05
376.1  0.001330248496246281  -1.640916997116312e-05
376.15000000000003  0.001330246933304698  -1.6408499674847163e-05
376.20000000000005  0.001330245540660103  -1.6407453797312194e-05
376.25  0.0013302443179538151  -1.640606321022455e-05
376.3  0.00133024327872848  -1.640436233099748e-05
376.35  0.0013302424499764703  -1.6402388649558713e-05
376.40000000000003  0.0013302418700382496  -1.640018248025006e-05
376.45000000000005  0.0013302415850385118  -1.6397786912171735e-05
376.5  0.0013302416440801894  -1.639524787681553e-05
376.55  0.0013302420936424592  -1.639261426848661e-05
376.6  0.0013302429715738402  -1.6389937978309073e-05
376.65000000000003  0.0013302443012642162  -1.6387273748195963e-05
376.70000000000005  0.0013302460864515315  -1.6384678756424693e-05
376.75  0.0013302483072280603  -1.63822118954657e-05
376.8  0.00133025091762334  -1.637993266390722e-05
376.85  0.0013302538451053173  -1.637789976113781e-05
376.90000000000003  0.0013302569921639887  -1.637616937451194e-05
376.95000000000005  0.0013302602399720923  -1.6374793302454532e-05
377.0  0.0013302634539107763  -1.6373816982140224e-05
377.05  0.001330266490652819  -1.6373277602230348e-05
377.1  0.00133026920624856  -1.637320236331434e-05
377.15000000000003  0.001330271464646615  -1.6373607060191802e-05
377.20000000000005  0.0013302731459456751  -1.6374495051375317e-05
377.25  0.0013302741537700676  -1.6375856693758364e-05
377.3  0.0013302744211595554  -1.637766928400564e-05
377.35  0.0013302739145041446  -1.637989751751361e-05
377.40000000000003  0.0013302726352350217  -1.6382494430099083e-05
377.45000000000005  0.001330270619147323  -1.6385402801598228e-05
377.5  0.001330267933452767  -1.6388556942986405e-05
377.55  0.0013302646718009012  -1.6391884763746574e-05
377.6  0.001330260947718806  -1.639531006469386e-05
377.65000000000003  0.0013302568869967746  -1.639875489980536e-05
377.70000000000005  0.0013302526196702974  -1.640214195947553e-05
377.75  0.0013302482721592231  -1.640539683261694e-05
377.8  0.0013302439602412945  -1.6408450069900276e-05
377.85  0.0013302397832902282  -1.641123897862392e-05
377.90000000000003  0.0013302358202052825  -1.641370907182638e-05
377.95000000000005  0.001330232127234291  -1.641581511507514e-05
378.0  0.001330228737761186  -1.641752179530533e-05
378.05  0.0013302256639477344  -1.641880394995113e-05
378.1  0.0013302229000100843  -1.641964643964264e-05
378.15000000000003  0.0013302204267239717  -1.6420043650395644e-05
378.20000000000005  0.0013302182167185084  -1.6419998741836568e-05
378.25  0.0013302162400764686  -1.641952268307222e-05
378.3  0.0013302144696993362  -1.6418633212985333e-05
378.35  0.0013302128859815196  -1.6417353782697706e-05
378.40000000000003  0.0013302114803917403  -1.6415712574617352e-05
378.45000000000005  0.0013302102576422524  -1.641374169865286e-05
378.5  0.0013302092362703602  -1.6411476601192894e-05
378.55  0.0013302084475510997  -1.6408955703643268e-05
378.6  0.0013302079328400668  -1.6406220260285873e-05
378.65000000000003  0.0013302077395139238  -1.6403314383940876e-05
378.70000000000005  0.0013302079158441875  -1.640028516582603e-05
378.75  0.0013302085052149428  -1.6397182764850914e-05
378.8  0.001330209540166229  -1.6394060377264907e-05
378.85  0.001330211036766588  -1.6390973997263618e-05
378.90000000000003  0.0013302129898719553  -1.6387981865778546e-05
378.95000000000005  0.001330215369698319  -1.638514358140474e-05
379.0  0.0013302181201313521  -1.638251884807443e-05
379.05  0.0013302211590189863  -1.6380165925625428e-05
379.1  0.0013302243805460552  -1.6378139827023385e-05
379.15000000000003  0.0013302276596224459  -1.637649037231569e-05
379.20000000000005  0.001330230858009861  -1.637526022857925e-05
379.25  0.0013302338318130352  -1.6374483046453846e-05
379.3  0.0013302364397435955  -1.6374181836157665e-05
379.35  0.001330238551550819  -1.6374367701682568e-05
379.40000000000003  0.0013302400559569538  -1.6375038987963687e-05
379.45000000000005  0.0013302408674579955  -1.6376180910510985e-05
379.5  0.0013302409314797981  -1.637776571416095e-05
379.55  0.0013302402274424602  -1.6379753346636335e-05
379.6  0.0013302387695513446  -1.63820925976083e-05
379.65000000000003  0.0013302366052496371  -1.6384722670615662e-05
379.70000000000005  0.0013302338114801724  -1.638757512488129e-05
379.75  0.0013302304891124664  -1.639057603336502e-05
379.8  0.0013302267559781337  -1.639364834330934e-05
379.85  0.0013302227391240478  -1.6396714249535178e-05
379.90000000000003  0.0013302185668634184  -1.6399697553360075e-05
379.95000000000005  0.0013302143612584985  -1.6402525847505184e-05
380.0  0.0013302102315990287  -1.6405132469294258e-05
380.05  0.0013302062693121251  -1.6407458146459972e-05
380.1  0.0013302025446398644  -1.640945228780573e-05
380.15000000000003  0.0013301991052204246  -1.641107385135529e-05
380.20000000000005  0.0013301959766090217  -1.641229181098471e-05
380.25  0.0013301931645423562  -1.641308523036547e-05
380.3  0.001330190658672385  -1.6413442944641205e-05
380.35  0.001330188437372432  -1.6413362956137754e-05
380.40000000000003  0.0013301864731155304  -1.641285157380078e-05
380.45000000000005  0.0013301847379664322  -1.6411922400336805e-05
380.5  0.0013301832086362437  -1.641059527729969e-05
380.55  0.0013301818707165097  -1.6408895257242454e-05
380.6  0.0013301807216820598  -1.6406851700695815e-05
380.65000000000003  0.0013301797724208247  -1.640449757436531e-05
380.70000000000005  0.0013301790471506067  -1.640186898379278e-05
380.75  0.0013301785817132399  -1.63990049247988e-05
380.8  0.0013301784203468402  -1.6395947260837472e-05
380.85  0.0013301786112179335  -1.639274081485754e-05
380.90000000000003  0.0013301792010259816  -1.6389433540578554e-05
380.95000000000005  0.0013301802291450205  -1.6386076575771076e-05
381.0  0.0013301817217722116  -1.6382724184683907e-05
381.05  0.001330183686644113  -1.6379433389546974e-05
381.1  0.001330186108780073  -1.6376263289503176e-05
381.15000000000003  0.0013301889477219384  -1.6373274029538292e-05
381.20000000000005  0.0013301921366031329  -1.6370525393203804e-05
381.25  0.0013301955832543321  -1.6368075127933283e-05
381.3  0.0013301991733686669  -1.6365977038367593e-05
381.35  0.0013302027755952585  -1.6364278997236712e-05
381.40000000000003  0.0013302062482491162  -1.636302098153512e-05
381.45000000000005  0.0013302094471394775  -1.6362233268165977e-05
381.5  0.0013302122339711943  -1.6361934922193375e-05
381.55  0.0013302144846381212  -1.636213265586114e-05
381.6  0.00133021609678383  -1.63628201581762e-05
381.65000000000003  0.0013302169960131215  -1.636397791843062e-05
381.70000000000005  0.0013302171402612738  -1.6365573593426618e-05
381.75  0.0013302165220117263  -1.6367562853482993e-05
381.8  0.0013302151681503103  -1.636989070639657e-05
381.85  0.0013302131375631506  -1.6372493230253798e-05
381.90000000000003  0.0013302105166347953  -1.6375299598907645e-05
381.95000000000005  0.0013302074130776796  -1.6378234350373252e-05
382.0  0.001330203948606912  -1.638121975803186e-05
382.05  0.0013302002510431836  -1.638417822195546e-05
382.1  0.001330196446470052  -1.6387034570248767e-05
382.15000000000003  0.0013301926520519715  -1.6389718169512908e-05
382.20000000000005  0.0013301889700424751  -1.6392164772441732e-05
382.25  0.001330185483348369  -1.6394318040593948e-05
382.3  0.0013301822529638956  -1.6396130671144163e-05
382.35  0.0013301793173234192  -1.6397565117956038e-05
382.40000000000003  0.001330176693540654  -1.639859391703636e-05
382.45000000000005  0.0013301743802997064  -1.6399199596897444e-05
382.5  0.0013301723620861032  -1.6399374245606242e-05
382.55  0.0013301706142704217  -1.6399118799855753e-05
382.6  0.001330169108614089  -1.63984421101028e-05
382.65000000000003  0.0013301678186557059  -1.639735989522541e-05
382.70000000000005  0.0013301667245137747  -1.6395893689663066e-05
382.75  0.0013301658166830843  -1.6394069837912342e-05
382.8  0.0013301650984943404  -1.6391918667990027e-05
382.85  0.0013301645870331378  -1.6389473857993e-05
382.90000000000003  0.0013301643124196214  -1.6386772063388877e-05
382.95000000000005  0.0013301643154855058  -1.6383852767777205e-05
383.0  0.0013301646440150644  -1.6380758324248423e-05
383.05  0.0013301653478543598  -1.637753411857818e-05
383.1  0.001330166473240483  -1.637422871893278e-05
383.15000000000003  0.0013301680568381766  -1.6370893962613822e-05
383.20000000000005  0.0013301701199864525  -1.6367584806916205e-05
383.25  0.0013301726636608478  -1.636435888311143e-05
383.3  0.0013301756646602605  -1.6361275730675273e-05
383.35  0.001330179073415665  -1.635839562399554e-05
383.40000000000003  0.0013301828137201833  -1.6355778093649423e-05
383.45000000000005  0.001330186784553036  -1.6353480118820227e-05
383.5  0.0013301908639389527  -1.6351554199178363e-05
383.55  0.00133019491465843  -1.635004631070011e-05
383.6  0.0013301987914602414  -1.634899396743333e-05
383.65000000000003  0.0013302023492210882  -1.6348424477488762e-05
383.70000000000005  0.0013302054514798146  -1.6348353510923022e-05
383.75  0.0013302079786364893  -1.634878408877179e-05
383.8  0.0013302098352383674  -1.634970606016696e-05
383.85  0.0013302109557086573  -1.6351096075520213e-05
383.90000000000003  0.0013302113081057202  -1.6352918109837256e-05
383.95000000000005  0.0013302108956172592  -1.63551244553344e-05
384.0  0.001330209755686658  -1.635765718801857e-05
384.05  0.0013302079568794007  -1.6360450004889674e-05
384.1  0.0013302055937593452  -1.6363430333650366e-05
384.15000000000003  0.001330202780213494  -1.636652163845701e-05
384.20000000000005  0.0013301996418013532  -1.636964583307844e-05
384.25  0.0013301963076980403  -1.6372725636355214e-05
384.3  0.001330192902921647  -1.637568683139699e-05
384.35  0.0013301895413899598  -1.6378460313008682e-05
384.40000000000003  0.0013301863202938398  -1.6380983846415336e-05
384.45000000000005  0.0013301833161976353  -1.6383203462729434e-05
384.5  0.0013301805830324134  -1.6385074483379913e-05
384.55  0.001330178152066824  -1.6386562119262665e-05
384.6  0.0013301760337128105  -1.6387641663145013e-05
384.65000000000003  0.0013301742209307372  -1.638829830754435e-05
384.70000000000005  0.0013301726938316585  -1.6388526617133574e-05
384.75  0.001330171425053757  -1.6388329739590334e-05
384.8  0.0013301703853484774  -1.6387718437950493e-05
384.85  0.0013301695489310902  -1.638671002030987e-05
384.90000000000003  0.0013301688980888742  -1.638532728573199e-05
384.95000000000005  0.0013301684266598859  -1.6383597565012252e-05
385.0  0.0013301681420919008  -1.6381551940974578e-05
385.05  0.0013301680658733416  -1.6379224680355877e-05
385.1  0.0013301682323170316  -1.637665293418092e-05
385.15000000000003  0.001330168685764211  -1.637387664293335e-05
385.20000000000005  0.001330169476404473  -1.6370938625588638e-05
385.25  0.0013301706550318884  -1.6367884752670854e-05
385.3  0.0013301722671830766  -1.6364764108635788e-05
385.35  0.0013301743470710463  -1.636162901621813e-05
385.40000000000003  0.0013301769119136  -1.6358534839868962e-05
385.45000000000005  0.0013301799571140897  -1.635553945437615e-05
385.5  0.0013301834528050673  -1.6352702373057578e-05
385.55  0.0013301873421215013  -1.6350083500836932e-05
385.6  0.0013301915414767088  -1.634774155700417e-05
385.65000000000003  0.0013301959429500168  -1.634573223150055e-05
385.70000000000005  0.001330200418706952  -1.634410620106276e-05
385.75  0.0013302048272091343  -1.6342907120541145e-05
385.8  0.0013302090208044204  -1.634216970083089e-05
385.85  0.0013302128541371279  -1.6341918048451507e-05
385.90000000000003  0.0013302161927362653  -1.6342164322531412e-05
385.95000000000005  0.0013302189211455238  -1.6342907851466123e-05
386.0  0.001330220949918953  -1.6344134724060092e-05
386.05  0.0013302222209436681  -1.6345817909487284e-05
386.1  0.0013302227106806144  -1.63479179005339e-05
386.15000000000003  0.0013302224310668411  -1.635038382112109e-05
386.20000000000005  0.001330221428042329  -1.6353154993069903e-05
386.25  0.0013302197778208187  -1.6356162842556528e-05
386.3  0.0013302175812902554  -1.6359333043317178e-05
386.35  0.0013302149569480305  -1.6362587872935136e-05
386.40000000000003  0.0013302120330034625  -1.636584859013475e-05
386.45000000000005  0.001330208939251262  -1.63690377848033e-05
386.5  0.0013302057993756652  -1.6372081573552233e-05
386.55  0.0013302027242060404  -1.6374911589777503e-05
386.6  0.001330199806463858  -1.6377466642498117e-05
386.65000000000003  0.001330197117267832  -1.6379694038403747e-05
386.70000000000005  0.0013301947046237485  -1.6381550501427095e-05
386.75  0.0013301925938746522  -1.6383002664506117e-05
386.8  0.0013301907899761966  -1.6384027196825668e-05
386.85  0.0013301892812863081  -1.6384610516769664e-05
386.90000000000003  0.0013301880444763555  -1.6384748217032532e-05
386.95000000000005  0.0013301870500804606  -1.6384444209431863e-05
387.0  0.0013301862681600798  -1.638370973561698e-05
387.05  0.0013301856735982076  -1.6382562280206018e-05
387.1  0.0013301852505293883  -1.6381024540630695e-05
387.15000000000003  0.001330184995552413  -1.6379123496374002e-05
387.20000000000005  0.0013301849194562454  -1.63768896652472e-05
387.25  0.0013301850472697335  -1.6374356612744207e-05
387.3  0.0013301854166624617  -1.637156068304659e-05
387.35  0.001330186074769191  -1.636854097552653e-05
387.40000000000003  0.0013301870736798995  -1.6365339457985982e-05
387.45000000000005  0.0013301884649591933  -1.6362001163183282e-05
387.5  0.0013301902935989817  -1.6358574326636875e-05
387.55  0.0013301925919401987  -1.635511037954634e-05
387.6  0.0013301953740390087  -1.635166368138942e-05
387.65000000000003  0.0013301986310486815  -1.6348290911254518e-05
387.70000000000005  0.0013302023280413202  -1.634505009999172e-05
387.75  0.0013302064026639178  -1.6341999286893696e-05
387.8  0.0013302107658340096  -1.6339194857871138e-05
387.85  0.0013302153045845525  -1.633668964045275e-05
387.90000000000003  0.0013302198869287153  -1.63345308835845e-05
387.95000000000005  0.0013302243684483659  -1.6332758228600978e-05
388.0  0.0013302286001825223  -1.6331401840722227e-05
388.05  0.0013302324372287833  -1.6330480792549383e-05
388.1  0.0013302357473913228  -1.6330001830532092e-05
388.15000000000003  0.001330238419233828  -1.6329958607929837e-05
388.20000000000005  0.001330240368867305  -1.6330331417499944e-05
388.25  0.0013302415449691686  -1.633108747318881e-05
388.3  0.0013302419316178365  -1.6332181683718287e-05
388.35  0.0013302415487530914  -1.633355794973968e-05
388.40000000000003  0.0013302404502483216  -1.6335150848364858e-05
388.45000000000005  0.0013302387197618665  -1.633688768145009e-05
388.5  0.0013302364647776667  -1.633869074932489e-05
388.55  0.0013302338092674947  -1.6340479806710526e-05
388.6  0.0013302308856380496  -1.63421745358591e-05
388.65000000000003  0.0013302278265688535  -1.6343696986971328e-05
388.70000000000005  0.0013302247573734971  -1.634497384274847e-05
388.75  0.0013302217894455323  -1.6345938471762616e-05
388.8  0.0013302190152292372  -1.6346532675736943e-05
388.85  0.001330216505031487  -1.6346708062958616e-05
388.90000000000003  0.0013302143057902778  -1.634642704481182e-05
388.95000000000005  0.0013302124418047572  -1.6345663387849936e-05
389.0  0.0013302109172173187  -1.634440238913726e-05
389.05  0.001330209719957132  -1.634264064798944e-05
389.1  0.0013302088267108773  -1.634038549963785e-05
389.15000000000003  0.001330208208465429  -1.6337654184960925e-05
389.20000000000005  0.0013302078360975238  -1.633447282313157e-05
389.25  0.0013302076855415262  -1.6330875245862712e-05
389.3  0.001330207742096922  -1.6326901857738763e-05
389.35  0.0013302080035214035  -1.632259849645621e-05
389.40000000000003  0.0013302084816353746  -1.6318015459703913e-05
389.45000000000005  0.0013302092023201669  -1.6313206656978644e-05
389.5  0.0013302102038655458  -1.6308228948404757e-05
389.55  0.001330211533785449  -1.6303141653668135e-05
389.6  0.0013302132443157118  -1.6298006122614337e-05
389.65000000000003  0.0013302153869294714  -1.6292885366021924e-05
389.70000000000005  0.001330218006281861  -1.6287843648790938e-05
389.75  0.0013302211340969808  -1.6282945940626885e-05
389.8  0.0013302247835078258  -1.6278257185323706e-05
389.85  0.0013302289443650355  -1.6273841362401758e-05
389.90000000000003  0.0013302335800073502  -1.6269760296871863e-05
389.95000000000005  0.0013302386258672919  -1.6266072311682924e-05
390.0  0.0013302439901449119  -1.6262830695408905e-05
390.05  0.001330249556657115  -1.626008212719896e-05
390.1  0.0013302551897465121  -1.6257865140429555e-05
390.15000000000003  0.001330260740937736  -1.6256208714181763e-05
390.20000000000005  0.0013302660569488576  -1.6255131087246377e-05
390.25  0.0013302709884204574  -1.6254638893664045e-05
390.3  0.001330275398712194  -1.625472664965337e-05
390.35  0.0013302791720814769  -1.6255376651840318e-05
390.40000000000003  0.0013302822206180142  -1.6256559274730343e-05
390.45000000000005  0.0013302844893479339  -1.6258233673236474e-05
390.5  0.0013302859591423793  -1.626034885091022e-05
390.55  0.001330286647210719  -1.626284504448205e-05
390.6  0.0013302866051548962  -1.6265655361378454e-05
390.65000000000003  0.0013302859147853313  -1.626870759482285e-05
390.70000000000005  0.0013302846820605792  -1.6271926166323857e-05
390.75  0.0013302830296627439  -1.6275234116531882e-05
390.8  0.0013302810888152754  -1.6278555066942925e-05
390.85  0.001330278990997397  -1.628181510928881e-05
390.90000000000003  0.0013302768602012596  -1.628494455711664e-05
390.95000000000005  0.001330274806281572  -1.6287879495152516e-05
391.0  0.0013302729198626357  -1.6290563108485047e-05
391.05  0.0013302712691265948  -1.6292946715312263e-05
391.1  0.0013302698986001093  -1.6294990502804156e-05
391.15000000000003  0.0013302688299492527  -1.6296663960011924e-05
391.20000000000005  0.001330268064574387  -1.629794597016957e-05
391.25  0.0013302675876635521  -1.6298824622377637e-05
391.3  0.0013302673733318335  -1.629929675500978e-05
391.35  0.00133026739028344  -1.6299367292877862e-05
391.40000000000003  0.0013302676075000448  -1.629904844168339e-05
391.45000000000005  0.0013302679994628736  -1.6298358785889872e-05
391.5  0.0013302685504215828  -1.629732244928621e-05
391.55  0.0013302692573724153  -1.629596828854184e-05
391.6  0.0013302701314772984  -1.6294329268186857e-05
391.65000000000003  0.0013302711978032621  -1.6292442003139275e-05
391.70000000000005  0.0013302724933809016  -1.629034647576688e-05
391.75  0.001330274063740458  -1.6288085926625018e-05
391.8  0.0013302759581638973  -1.6285706851469173e-05
391.85  0.0013302782240664523  -1.6283258977117278e-05
391.90000000000003  0.0013302809009300182  -1.6280795205119228e-05
391.95000000000005  0.0013302840143269486  -1.627837134939047e-05
392.0  0.0013302875705528514  -1.6276045610356385e-05
392.05  0.0013302915524026578  -1.6273877763986304e-05
392.1  0.0013302959165092938  -1.627192799894255e-05
392.15000000000003  0.0013303005925891574  -1.6270255459850083e-05
392.20000000000005  0.0013303054847947251  -1.6268916530863954e-05
392.25  0.0013303104751700924  -1.6267962959404963e-05
392.3  0.001330315429058204  -1.6267439928839382e-05
392.35  0.001330320202095424  -1.626738419927996e-05
392.40000000000003  0.001330324648321086  -1.6267822460694316e-05
392.45000000000005  0.0013303286287687987  -1.626876996987459e-05
392.5  0.0013303320199061644  -1.6270229585293246e-05
392.55  0.0013303347212171978  -1.6272191255680356e-05
392.6  0.0013303366613463864  -1.62746320128722e-05
392.65000000000003  0.001330337802334447  -1.627751643322711e-05
392.70000000000005  0.0013303381415780875  -1.6280797589844783e-05
392.75  0.0013303377114235516  -1.628441842173355e-05
392.8  0.001330336576399613  -1.6288313481349214e-05
392.85  0.0013303348284088691  -1.6292410936917198e-05
392.90000000000003  0.0013303325802189346  -1.6296634800441658e-05
392.95000000000005  0.0013303299578624624  -1.6300907223675432e-05
393.0  0.001330327092527139  -1.630515082765016e-05
393.05  0.0013303241125679028  -1.630929090853494e-05
393.1  0.0013303211362776794  -1.6313257484687005e-05
393.15000000000003  0.0013303182659084255  -1.631698708026133e-05
393.20000000000005  0.0013303155833495764  -1.6320424198208142e-05
393.25  0.0013303131477302595  -1.6323522410382585e-05
393.3  0.0013303109949939294  -1.6326245068928142e-05
393.35  0.0013303091393878305  -1.632856560974266e-05
393.40000000000003  0.0013303075766112698  -1.633046747399956e-05
393.45000000000005  0.0013303062882771572  -1.6331943683225926e-05
393.5  0.001330305247225696  -1.63329961348817e-05
393.55  0.0013303044231783305  -1.6333634671465767e-05
393.6  0.0013303037882370409  -1.6333876046939846e-05
393.65000000000003  0.001330303321727028  -1.6333742854317767e-05
393.70000000000005  0.001330303013964804  -1.6333262530237886e-05
393.75  0.001330302868649897  -1.6332466492045817e-05
393.8  0.0013303029036388458  -1.633138950934553e-05
393.85  0.0013303031500591328  -1.6330069292535524e-05
393.90000000000003  0.0013303036498005607  -1.6328546311856454e-05
393.95000000000005  0.0013303044515739597  -1.6326863830822404e-05
394.0  0.0013303056058346962  -1.6325068011465793e-05
394.05  0.0013303071589810904  -1.632320805672739e-05
394.1  0.0013303091472958196  -1.6321336247952355e-05
394.15000000000003  0.001330311591151902  -1.6319507770912764e-05
394.20000000000005  0.0013303144900084695  -1.631778025644199e-05
394.25  0.0013303178186855795  -1.631621297300441e-05
394.3  0.0013303215253164758  -1.6314865648106493e-05
394.35  0.0013303255312860837  -1.631379697651929e-05
394.40000000000003  0.0013303297332673306  -1.631306282964351e-05
394.45000000000005  0.0013303340073264043  -1.6312714327060924e-05
394.5  0.0013303382148687755  -1.6312795836120734e-05
394.55  0.0013303422100407298  -1.6313343066540133e-05
394.6  0.0013303458480461484  -1.6314381373517314e-05
394.65000000000003  0.0013303489937571624  -1.6315924376262203e-05
394.70000000000005  0.001330351529941159  -1.6317973013472596e-05
394.75  0.001330353364458294  -1.6320515057972082e-05
394.8  0.0013303544358592733  -1.632352516830061e-05
394.85  0.001330354716939923  -1.632696543071876e-05
394.90000000000003  0.0013303542159752925  -1.63307864164033e-05
394.95000000000005  0.0013303529755674963  -1.6334928659650274e-05
395.0  0.0013303510692142845  -1.633932451146824e-05
395.05  0.0013303485959040933  -1.6343900273159016e-05
395.1  0.001330345673222249  -1.634857850069159e-05
395.15000000000003  0.0013303424294871858  -1.6353280411460854e-05
395.20000000000005  0.0013303389955987232  -1.6357928247850268e-05
395.25  0.0013303354972084174  -1.63624475222466e-05
395.3  0.0013303320477997301  -1.636676906152277e-05
395.35  0.0013303287431823876  -1.6370830741452877e-05
395.40000000000003  0.0013303256577357632  -1.6374578900612007e-05
395.45000000000005  0.0013303228426149978  -1.6377969338600526e-05
395.5  0.0013303203259365458  -1.6380967920500127e-05
395.55  0.0013303181148385495  -1.6383550751436775e-05
395.6  0.001330316199092167  -1.6385703989159556e-05
395.65000000000003  0.001330314555915506  -1.6387423294270272e-05
395.70000000000005  0.001330313155473657  -1.638871304458615e-05
395.75  0.0013303119665893592  -1.6389585315198878e-05
395.8  0.0013303109621091947  -1.6390058816713785e-05
395.85  0.0013303101234955605  -1.6390157794270188e-05
395.90000000000003  0.0013303094442128401  -1.638991105415346e-05
395.95000000000005  0.0013303089316633728  -1.6389351142297322e-05
396.0  0.0013303086074547056  -1.6388513750464364e-05
396.05  0.0013303085060065506  -1.6387437383156688e-05
396.1  0.0013303086715575753  -1.6386163216276176e-05
396.15000000000003  0.0013303091538223802  -1.6384735162793635e-05
396.20000000000005  0.001330310002634819  -1.6383200000293042e-05
396.25  0.0013303112619845532  -1.6381607494382047e-05
396.3  0.001330312963976005  -1.6380010387221657e-05
396.35  0.0013303151232000154  -1.6378464165507298e-05
396.40000000000003  0.001330317732053628  -1.637702651478216e-05
396.45000000000005  0.0013303207574966451  -1.63757564221736e-05
396.5  0.0013303241395838674  -1.637471292386392e-05
396.55  0.0013303277920295319  -1.6373953535448382e-05
396.6  0.0013303316048965193  -1.63735324300075e-05
396.65000000000003  0.0013303354492904718  -1.6373498481655883e-05
396.70000000000005  0.0013303391838004877  -1.6373893298678274e-05
396.75  0.001330342662228934  -1.637474936939823e-05
396.8  0.0013303457420612928  -1.6376088436608968e-05
396.85  0.0013303482930195072  -1.637792024431178e-05
396.90000000000003  0.001330350205019067  -1.638024171199588e-05
396.95000000000005  0.0013303513949379574  -1.6383036592668913e-05
397.0  0.0013303518115987583  -1.6386275665844605e-05
397.05  0.001330351438648744  -1.6389917419462456e-05
397.1  0.00133035029504939  -1.6393909235903762e-05
397.15000000000003  0.0013303484332203535  -1.6398188983702644e-05
397.20000000000005  0.0013303459349745367  -1.6402686962286206e-05
397.25  0.0013303429056191448  -1.6407328101595122e-05
397.3  0.001330339466713314  -1.6412034308131143e-05
397.35  0.0013303357480756173  -1.64167268703817e-05
397.40000000000003  0.0013303318796850942  -1.642132880840506e-05
397.45000000000005  0.001330327984083956  -1.6425767078615612e-05
397.5  0.0013303241698540964  -1.6429974521796906e-05
397.55  0.001330320526616808  -1.643389153133828e-05
397.6  0.001330317121861898  -1.6437467332806356e-05
397.65000000000003  0.0013303139997635576  -1.6440660866483985e-05
397.70000000000005  0.0013303111819327838  -1.6443441263701676e-05
397.75  0.0013303086699760903  -1.6445787899915148e-05
397.8  0.0013303064494958703  -1.6447690088807116e-05
397.85  0.0013303044951411542  -1.6449146455321155e-05
397.90000000000003  0.0013303027762099494  -1.6450164060185135e-05
397.95000000000005  0.0013303012622782689  -1.6450757361565057e-05
398.0  0.0013302999283641612  -1.6450947132585678e-05
398.05  0.001330298759184798  -1.645075940370517e-05
398.1  0.0013302977521084847  -1.645022452262325e-05
398.15000000000003  0.0013302969185880662  -1.6449376413265986e-05
398.20000000000005  0.0013302962839304888  -1.6448252068179117e-05
398.25  0.001330295885399024  -1.6446891266305805e-05
398.3  0.0013302957687920335  -1.6445336523844946e-05
398.35  0.0013302959837709042  -1.6443633152705495e-05
398.40000000000003  0.0013302965782804972  -1.644182938893401e-05
398.45000000000005  0.0013302975925390606  -1.6439976476622037e-05
398.5  0.001330299053090999  -1.6438128552031346e-05
398.55  0.0013303009674603382  -1.6436342301382758e-05
398.6  0.001330303319913192  -1.643467628749829e-05
398.65000000000003  0.0013303060687556135  -1.6433189909369856e-05
398.70000000000005  0.0013303091455299696  -1.643194204326904e-05
398.75  0.0013303124562725798  -1.6430989365035322e-05
398.8  0.0013303158848671456  -1.6430384479317528e-05
398.85  0.001330319298333755  -1.6430173962530582e-05
398.90000000000003  0.0013303225537307849  -1.6430396419275448e-05
398.95000000000005  0.0013303255061515723  -1.6431080723743247e-05
399.0  0.0013303280172532231  -1.6432244526064363e-05
399.05  0.001330329963639955  -1.643389314124222e-05
399.1  0.0013303312444487153  -1.6436018912474224e-05
399.15000000000003  0.0013303317875187955  -1.6438601050479265e-05
399.20000000000005  0.0013303315536896368  -1.644160602593057e-05
399.25  0.0013303305388546348  -1.64449884324752e-05
399.3  0.0013303287736630945  -1.6448692320434775e-05
399.35  0.001330326320888573  -1.6452652934635312e-05
399.40000000000003  0.0013303232707243665  -1.6456798739635935e-05
399.45000000000005  0.0013303197344140569  -1.646105369342444e-05
399.5  0.0013303158367247564  -1.6465339628500358e-05
399.55  0.0013303117078962328  -1.6469578623087562e-05
399.6  0.0013303074756940679  -1.6473695314771935e-05
399.65000000000003  0.0013303032581820935  -1.647761899895234e-05
399.70000000000005  0.0013302991577050834  -1.648128549016823e-05
399.75  0.0013302952565121349  -1.64846386297425e-05
399.8  0.001330291614268976  -1.6487631419973958e-05
399.85  0.0013302882675451785  -1.649022675006954e-05
399.90000000000003  0.0013302852311943003  -1.6492397707680052e-05
399.95000000000005  0.0013302825014107384  -1.649412749408943e-05
400.0  0.0013302800601099987  -1.6495408986547046e-05
400.05  0.0013302778801685582  -1.6496244015291655e-05
400.1  0.0013302759310415135  -1.649664242653814e-05
400.15000000000003  0.0013302741842373584  -1.649662101967618e-05
400.20000000000005  0.001330272618172544  -1.649620246797854e-05
400.25  0.0013302712219702179  -1.6495414321463365e-05
400.3  0.001330269997898735  -1.6494288133992504e-05
400.35  0.0013302689622179723  -1.6492858827560504e-05
400.40000000000003  0.001330268144369715  -1.6491164281220126e-05
400.45000000000005  0.0013302675845463146  -1.648924515127749e-05
400.5  0.0013302673298265602  -1.6487144876934268e-05
400.55  0.001330267429179829  -1.648490980141193e-05
400.6  0.001330267927721333  -1.6482589276531822e-05
400.65000000000003  0.001330268860712842  -1.6480235690892074e-05
400.70000000000005  0.001330270247827683  -1.647790428719112e-05
400.75  0.0013302720881723882  -1.647565268153247e-05
400.8  0.0013302743566044294  -1.6473540050312226e-05
400.85  0.0013302770016932483  -1.647162596497202e-05
400.90000000000003  0.0013302799456532083  -1.646996887532358e-05
400.95000000000005  0.0013302830863747806  -1.6468624359500033e-05
401.0  0.001330286301472232  -1.6467643179539728e-05
401.05  0.0013302894541807409  -1.6467069317425e-05
401.1  0.001330292400664337  -1.6466938069819225e-05
401.15000000000003  0.0013302949982289501  -1.6467274372604325e-05
401.20000000000005  0.001330297113814204  -1.6468091433752123e-05
401.25  0.0013302986320944718  -1.6469389804958027e-05
401.3  0.0013302994625604804  -1.647115690423201e-05
401.35  0.001330299545007997  -1.647336709264635e-05
401.40000000000003  0.001330298853021405  -1.647598222181935e-05
401.45000000000005  0.0013302973951634961  -1.6478952711542903e-05
401.5  0.0013302952138104034  -1.6482219051700995e-05
401.55  0.0013302923817694805  -1.6485713671287108e-05
401.6  0.0013302889969411449  -1.6489363080376376e-05
401.65000000000003  0.0013302851755280956  -1.6493090207111332e-05
401.70000000000005  0.001330281044320875  -1.6496816787231776e-05
401.75  0.0013302767326813783  -1.650046573892683e-05
401.8  0.0013302723648753118  -1.6503963395318668e-05
401.85  0.001330268053277758  -1.6507241535811666e-05
401.90000000000003  0.0013302638929848143  -1.6510239090959883e-05
401.95000000000005  0.0013302599581377175  -1.6512903518642818e-05
402.0  0.0013302563001655052  -1.651519175939085e-05
402.05  0.0013302529479639691  -1.6517070806519032e-05
402.1  0.0013302499099157312  -1.651851783493973e-05
402.15000000000003  0.0013302471774129685  -1.6519519968715107e-05
402.20000000000005  0.0013302447295364076  -1.652007372698026e-05
402.25  0.0013302425384370863  -1.6520184198180483e-05
402.3  0.0013302405748779542  -1.6519864040150187e-05
402.35  0.00133023881344369  -1.6519132410752822e-05
402.40000000000003  0.0013302372369919345  -1.6518013912448213e-05
402.45000000000005  0.0013302358399343355  -1.651653764667485e-05
402.5  0.0013302346300535235  -1.651473643834566e-05
402.55  0.0013302336287307605  -1.6512646292835432e-05
402.6  0.0013302328695227335  -1.651030609621019e-05
402.65000000000003  0.0013302323951995903  -1.6507757507190027e-05
402.70000000000005  0.001330232253460162  -1.6505045041369823e-05
402.75  0.0013302324916652267  -1.6502216188481232e-05
402.8  0.001330233151015243  -1.64993215213948e-05
402.85  0.0013302342606591139  -1.6496414636312548e-05
402.90000000000003  0.0013302358322514305  -1.6493551892776833e-05
402.95000000000005  0.001330237855479537  -1.6490791776899768e-05
403.0  0.001330240295010767  -1.648819397416653e-05
403.05  0.001330243089208928  -1.648581806770364e-05
403.1  0.0013302461508719488  -1.648372190647088e-05
403.15000000000003  0.001330249370029795  -1.648195978933161e-05
403.20000000000005  0.00133025261871216  -1.6480580482645273e-05
403.25  0.001330255757375877  -1.6479625259546737e-05
403.3  0.0013302586425654153  -1.6479126082670904e-05
403.35  0.0013302611352266186  -1.6479104011937426e-05
403.40000000000003  0.001330263109049156  -1.6479567996258008e-05
403.45000000000005  0.0013302644581639949  -1.6480514097469163e-05
403.5  0.0013302651036078772  -1.64819252116543e-05
403.55  0.0013302649980239624  -1.648377132028669e-05
403.6  0.0013302641282547513  -1.648601023237898e-05
403.65000000000003  0.0013302625156095343  -1.6488588822778237e-05
403.70000000000005  0.0013302602138385885  -1.6491444671846208e-05
403.75  0.0013302573049905758  -1.6494508044545596e-05
403.8  0.001330253893518787  -1.649770412182072e-05
403.85  0.0013302500991399088  -1.6500955363864863e-05
403.90000000000003  0.0013302460490105465  -1.650418390633328e-05
403.95000000000005  0.0013302418698775739  -1.6507313894691838e-05
404.0  0.0013302376807704276  -1.6510273653905488e-05
404.05  0.0013302335867818003  -1.6512997603949312e-05
404.1  0.001330229674367434  -1.6515427843745607e-05
404.15000000000003  0.00133022600846217  -1.6517515376552163e-05
404.20000000000005  0.001330222631493667  -1.6519220915545293e-05
404.25  0.0013302195643073026  -1.6520515274063338e-05
404.3  0.0013302168087777925  -1.652137936361531e-05
404.35  0.0013302143518006864  -1.6521803821261207e-05
404.40000000000003  0.0013302121702535835  -1.6521788339919738e-05
404.45000000000005  0.0013302102364203066  -1.6521340766314824e-05
404.5  0.0013302085234032615  -1.652047606463087e-05
404.55  0.0013302070100195016  -1.651921525074821e-05
404.6  0.0013302056847655178  -1.6517584363926786e-05
404.65000000000003  0.0013302045484952989  -1.6515613597757497e-05
404.70000000000005  0.0013302036155934678  -1.6513336624872734e-05
404.75  0.0013302029135197923  -1.651079015953065e-05
404.8  0.0013302024807424098  -1.6508013755855652e-05
404.85  0.001330202363224332  -1.650504980013536e-05
404.90000000000003  0.001330202609710137  -1.6501943642288478e-05
404.95000000000005  0.0013302032661918295  -1.6498743734848545e-05
405.0  0.001330204370005317  -1.6495501705869066e-05
405.05  0.001330205944077397  -1.649227224959093e-05
405.1  0.0013302079917878187  -1.6489112715892783e-05
405.15000000000003  0.001330210493021423  -1.6486082389339076e-05
405.20000000000005  0.0013302134017536171  -1.6483241387434534e-05
405.25  0.0013302166455429983  -1.648064922196268e-05
405.3  0.0013302201270714133  -1.6478363079329623e-05
405.35  0.0013302237277312656  -1.6476435900120547e-05
405.40000000000003  0.0013302273130956668  -1.6474914381913223e-05
405.45000000000005  0.0013302307399060019  -1.6473837036874196e-05
405.5  0.001330233864105855  -1.647323243707103e-05
405.55  0.001330236549267292  -1.647311774181806e-05
405.6  0.0013302386748244796  -1.647349763983638e-05
405.65000000000003  0.0013302401434141142  -1.647436374629333e-05
405.70000000000005  0.0013302408867620903  -1.647569452425349e-05
405.75  0.00133024086965409  -1.6477455700360244e-05
405.8  0.0013302400916640213  -1.647960121209629e-05
405.85  0.001330238586554748  -1.6482074589512256e-05
405.90000000000003  0.0013302364193938268  -1.6484810719869913e-05
405.95000000000005  0.0013302336816757789  -1.648773792498699e-05
406.0  0.0013302304848306604  -1.649078025521371e-05
406.05  0.0013302269527022792  -1.649385985008384e-05
406.1  0.001330223213586854  -1.6496899326627883e-05
406.15000000000003  0.0013302193924497753  -1.6499824063218385e-05
406.20000000000005  0.001330215603907238  -1.6502564266202393e-05
406.25  0.0013302119465109664  -1.6505056778739363e-05
406.3  0.0013302084986654718  -1.6507246543540056e-05
406.35  0.0013302053164427259  -1.6509087678250566e-05
406.40000000000003  0.0013302024333428273  -1.6510544130360198e-05
406.45000000000005  0.0013301998619116438  -1.6511589946355417e-05
406.5  0.0013301975969634752  -1.6512209128304945e-05
406.55  0.0013301956200609637  -1.651239515827415e-05
406.6  0.0013301939047667135  -1.65121502404917e-05
406.65000000000003  0.001330192422221367  -1.651148435184897e-05
406.70000000000005  0.0013301911464861749  -1.6510414181386307e-05
406.75  0.0013301900592145365  -1.6508962077605664e-05
406.8  0.0013301891532400138  -1.6507155065424066e-05
406.85  0.001330188434765585  -1.6505024043328843e-05
406.90000000000003  0.0013301879239718032  -1.6502603201792605e-05
406.95000000000005  0.0013301876539631551  -1.649992964789231e-05
407.0  0.0013301876681299251  -1.6497043331721866e-05
407.05  0.0013301880161187022  -1.649398708263375e-05
407.1  0.0013301887487130988  -1.6490806778084633e-05
407.15000000000003  0.0013301899120094771  -1.6487551511062764e-05
407.20000000000005  0.0013301915413967483  -1.648427362089893e-05
407.25  0.001330193655849327  -1.6481028518744705e-05
407.3  0.0013301962530086848  -1.647787419652375e-05
407.35  0.0013301993055977743  -1.6474870387186633e-05
407.40000000000003  0.0013302027595178032  -1.6472077353750698e-05
407.45000000000005  0.0013302065339250008  -1.6469554341241822e-05
407.5  0.001330210523416398  -1.646735775650914e-05
407.55  0.0013302146022460123  -1.646553920187728e-05
407.6  0.0013302186303663492  -1.6464143448796566e-05
407.65000000000003  0.001330222460888875  -1.6463206513792376e-05
407.70000000000005  0.0013302259484113336  -1.646275396969979e-05
407.75  0.0013302289576105075  -1.6462799551733597e-05
407.8  0.0013302313714125809  -1.6463344246420305e-05
407.85  0.0013302330981062051  -1.646437583335055e-05
407.90000000000003  0.0013302340768292435  -1.6465868950155875e-05
407.95000000000005  0.001330234281023624  -1.6467785693839243e-05
408.0  0.0013302337195399486  -1.647007670446427e-05
408.05  0.0013302324354079013  -1.6472682679672572e-05
408.1  0.0013302305023125305  -1.6475536265987407e-05
408.15000000000003  0.0013302280191652542  -1.647856421060467e-05
408.20000000000005  0.0013302251031635597  -1.648168968157611e-05
408.25  0.0013302218819767426  -1.6484834664410382e-05
408.3  0.0013302184856250044  -1.64879223211263e-05
408.35  0.0013302150387260762  -1.6490879209726805e-05
408.40000000000003  0.0013302116536662244  -1.6493637282120107e-05
408.45000000000005  0.0013302084251878598  -1.6496135582887215e-05
408.5  0.0013302054267317885  -1.649832159629429e-05
408.55  0.0013302027087285  -1.6500152191363375e-05
408.6  0.0013302002988611248  -1.6501594167660423e-05
408.65000000000003  0.0013301982041705588  -1.6502624380319094e-05
408.70000000000005  0.0013301964146990829  -1.6503229496566242e-05
408.75  0.0013301949082975407  -1.6503405438194046e-05
408.8  0.0013301936561188458  -1.6503156551483976e-05
408.85  0.001330192628269068  -1.6502494620673357e-05
408.90000000000003  0.0013301917991312261  -1.6501437803319026e-05
408.95000000000005  0.0013301911518881823  -1.65000095736545e-05
409.0  0.0013301906818508845  -1.6498237813312544e-05
409.05  0.001330190398312723  -1.649615404918114e-05
409.1  0.001330190324765656  -1.649379293436207e-05
409.15000000000003  0.001330190497455595  -1.6491191987437438e-05
409.20000000000005  0.0013301909623521183  -1.648839153983988e-05
409.25  0.0013301917707657803  -1.648543486011862e-05
409.3  0.001330192973969669  -1.648236832786892e-05
409.35  0.001330194617216826  -1.647924160006755e-05
409.40000000000003  0.0013301967336571234  -1.6476107610006595e-05
409.45000000000005  0.0013301993387045915  -1.6473022330308097e-05
409.5  0.0013302024253303278  -1.6470044199602294e-05
409.55  0.0013302059607649742  -1.6467233192923674e-05
409.6  0.0013302098850156122  -1.6464649515605793e-05
409.65000000000003  0.001330214111383397  -1.646235198088364e-05
409.70000000000005  0.001330218529128266  -1.6460396120604568e-05
409.75  0.0013302230081364272  -1.6458832197671354e-05
409.8  0.0013302274053604147  -1.64577031565292e-05
409.85  0.00133023157256244  -1.6457042756087836e-05
409.90000000000003  0.001330235364808154  -1.6456873912390675e-05
409.95000000000005  0.001330238649081288  -1.6457207432833926e-05
410.0  0.0013302413123251577  -1.6458041173018456e-05
410.05  0.0013302432683053853  -1.6459359720401062e-05
410.1  0.0013302444626995666  -1.646113458017508e-05
410.15000000000003  0.0013302448761038665  -1.646332490784215e-05
410.20000000000005  0.0013302445246384464  -1.6465878695254917e-05
410.25  0.0013302434582058394  -1.646873439460476e-05
410.3  0.0013302417565128663  -1.647182288854474e-05
410.35  0.0013302395232542715  -1.6475069691915603e-05
410.40000000000003  0.0013302368789047292  -1.647839731035855e-05
410.45000000000005  0.001330233952745668  -1.6481727653186017e-05
410.5  0.0013302308747465152  -1.648498435442749e-05
410.55  0.001330227767922518  -1.6488094973218467e-05
410.6  0.0013302247417377663  -1.6490992917919407e-05
410.65000000000003  0.0013302218870199444  -1.6493619077530687e-05
410.70000000000005  0.001330219272684776  -1.6495923074353008e-05
410.75  0.0013302169444459524  -1.6497864114345482e-05
410.8  0.0013302149254763146  -1.64994114309877e-05
410.85  0.0013302132188628183  -1.650054432485431e-05
410.90000000000003  0.00133021181155306  -1.6501251826164017e-05
410.95000000000005  0.001330210679352429  -1.650153206700616e-05
411.0  0.0013302097925223103  -1.6501391399556466e-05
411.05  0.001330209121409332  -1.6500843363168277e-05
411.1  0.0013302086416614736  -1.649990761311694e-05
411.15000000000003  0.0013302083385488815  -1.6498608875114814e-05
411.20000000000005  0.0013302082100084243  -1.6496976043398515e-05
411.25  0.0013302082681861385  -1.649504147561e-05
411.3  0.0013302085393103802  -1.6492840530815743e-05
411.35  0.0013302090619010374  -1.6490411353231615e-05
411.40000000000003  0.001330209883444495  -1.6487794869952444e-05
411.45000000000005  0.0013302110557699455  -1.6485034949658404e-05
411.5  0.0013302126294885957  -1.6482178608897917e-05
411.55  0.0013302146479525763  -1.647927614628901e-05
411.6  0.0013302171411977365  -1.647638112945815e-05
411.65000000000003  0.001330220120449003  -1.6473550104511452e-05
411.70000000000005  0.0013302235736493899  -1.647084194704516e-05
411.75  0.0013302274625005875  -1.64683168611898e-05
411.8  0.001330231721359364  -1.6466034987857258e-05
411.85  0.0013302362581987508  -1.646405471864194e-05
411.90000000000003  0.0013302409576797535  -1.6462430764672053e-05
411.95000000000005  0.0013302456862333218  -1.646121212325023e-05
412.0  0.001330250298799255  -1.6460440048997934e-05
412.05  0.0013302546468035674  -1.6460146195579448e-05
412.1  0.0013302585867523992  -1.6460351026122274e-05
412.15000000000003  0.0013302619888060528  -1.6461062610225114e-05
412.20000000000005  0.001330264744646269  -1.6462275895450548e-05
412.25  0.0013302667740361577  -1.646397247906026e-05
412.3  0.0013302680295481863  -1.6466120922454912e-05
412.35  0.0013302684990737267  -1.6468677570448918e-05
412.40000000000003  0.0013302682059721446  -1.6471587854488393e-05
412.45000000000005  0.0013302672068363523  -1.6474788003833672e-05
412.5  0.0013302655870937744  -1.6478207074643457e-05
412.55  0.001330263454853404  -1.648176921702953e-05
412.6  0.0013302609334560015  -1.6485396057942087e-05
412.65000000000003  0.0013302581534043053  -1.6489009115102293e-05
412.70000000000005  0.0013302552442535803  -1.6492532121851903e-05
412.75  0.0013302523271176239  -1.6495893171362985e-05
412.8  0.0013302495083292063  -1.6499026608250656e-05
412.85  0.0013302468746829489  -1.6501874584397237e-05
412.90000000000003  0.001330244490546641  -1.6504388234282264e-05
412.95000000000005  0.0013302423969681271  -1.650652845311591e-05
413.0  0.0013302406127238924  -1.650826624192221e-05
413.05  0.0013302391371215708  -1.6509582666576718e-05
413.1  0.0013302379542128305  -1.651046845726372e-05
413.15000000000003  0.0013302370379562308  -1.6510923296522966e-05
413.20000000000005  0.001330236357886361  -1.651095489254976e-05
413.25  0.0013302358847280553  -1.651057791334789e-05
413.3  0.0013302355954589893  -1.6509812898798134e-05
413.35  0.0013302354774222286  -1.6508685217747057e-05
413.40000000000003  0.0013302355310945866  -1.650722417272598e-05
413.45000000000005  0.0013302357713058605  -1.65054623441765e-05
413.5  0.0013302362267690365  -1.6503435138733057e-05
413.55  0.001330236937972305  -1.6501180636657254e-05
413.6  0.0013302379535784796  -1.6498739613210185e-05
413.65000000000003  0.0013302393255681878  -1.6496155720694544e-05
413.70000000000005  0.0013302411035779381  -1.6493475692947184e-05
413.75  0.0013302433287944821  -1.6490749500596216e-05
413.8  0.0013302460280070487  -1.6488030295106967e-05
413.85  0.0013302492082683576  -1.6485374079844143e-05
413.90000000000003  0.0013302528527206429  -1.6482839033106402e-05
413.95000000000005  0.001330256917979054  -1.648048444071815e-05
414.0  0.001330261333434536  -1.6478369278236896e-05
414.05  0.0013302660026453242  -1.6476550474986418e-05
414.1  0.001330270806817303  -1.64750809662495e-05
414.15000000000003  0.001330275610235105  -1.647400766225228e-05
414.20000000000005  0.0013302802672794651  -1.6473369428697407e-05
414.25  0.0013302846305444705  -1.647319526966028e-05
414.3  0.0013302885594592066  -1.6473502787510007e-05
414.35  0.0013302919287458406  -1.6474297044003698e-05
414.40000000000003  0.0013302946360493372  -1.6475569915089684e-05
414.45000000000005  0.0013302966081416771  -1.6477299938341293e-05
414.5  0.001330297805201107  -1.647945270978916e-05
414.55  0.0013302982228514853  -1.64819817919541e-05
414.6  0.0013302978918064623  -1.6484830082388012e-05
414.65000000000003  0.0013302968751788239  -1.64879315929158e-05
414.70000000000005  0.0013302952636977913  -1.64912135314127e-05
414.75  0.0013302931692510006  -1.6494598604412927e-05
414.8  0.0013302907172791664  -1.6498007441196304e-05
414.85  0.0013302880386624662  -1.6501361011537216e-05
414.90000000000003  0.0013302852617031408  -1.650458294659234e-05
414.95000000000005  0.0013302825048469927  -1.6507601677277686e-05
415.0  0.001330279870652215  -1.6510352295397352e-05
415.05  0.0013302774414160126  -1.6512778078672558e-05
415.1  0.0013302752766922088  -1.651483162608562e-05
415.15000000000003  0.001330273412823598  -1.6516475579231326e-05
415.20000000000005  0.001330271864365919  -1.6517682919115428e-05
415.25  0.0013302706272130607  -1.6518436865919288e-05
415.3  0.0013302696830315942  -1.6518730422571256e-05
415.35  0.0013302690045742154  -1.651856560299194e-05
415.40000000000003  0.00133026856135336  -1.65179524670723e-05
415.45000000000005  0.0013302683251797533  -1.6516908024407566e-05
415.5  0.0013302682750495573  -1.651545510363624e-05
415.55  0.0013302684009774647  -1.651362130893324e-05
415.6  0.001330268706464  -1.6511438120215e-05
415.65000000000003  0.0013302692093360418  -1.6508940235063674e-05
415.70000000000005  0.0013302699409489375  -1.6506165140831356e-05
415.75  0.0013302709437246628  -1.650315295319781e-05
415.8  0.0013302722672669594  -1.6499946463338915e-05
415.85  0.0013302739633028352  -1.649659129656755e-05
415.90000000000003  0.0013302760798836986  -1.6493136112640818e-05
415.95000000000005  0.0013302786552888241  -1.648963271454792e-05
416.0  0.001330281712154558  -1.6486135961268304e-05
416.05  0.0013302852523585217  -1.6482703396272173e-05
416.1  0.0013302892531363852  -1.6479394511700884e-05
416.15000000000003  0.0013302936648730839  -1.6476269638402937e-05
416.20000000000005  0.0013302984108289639  -1.6473388508724245e-05
416.25  0.0013303033889970383  -1.647080850465817e-05
416.3  0.001330308476014246  -1.646858273299278e-05
416.35  0.0013303135329752137  -1.6466758005892132e-05
416.40000000000003  0.0013303184127280779  -1.6465372933943613e-05
416.45000000000005  0.0013303229681612032  -1.6464456157682804e-05
416.5  0.0013303270608458553  -1.646402491639837e-05
416.55  0.0013303305693811314  -1.6464084026767095e-05
416.6  0.001330333396747904  -1.64646253364997e-05
416.65000000000003  0.0013303354761399768  -1.646562768227379e-05
416.70000000000005  0.0013303367747795854  -1.646705737001308e-05
416.75  0.0013303372954286954  -1.6468869146038186e-05
416.8  0.0013303370754912947  -1.6471007621529274e-05
416.85  0.001330336183833401  -1.6473409042544658e-05
416.90000000000003  0.0013303347155657207  -1.6476003391861305e-05
416.95000000000005  0.0013303327852726638  -1.647871662723184e-05
417.0  0.0013303305192272725  -1.6481473051755584e-05
417.05  0.001330328047208105  -1.6484197635394148e-05
417.1  0.0013303254946163637  -1.648681825705718e-05
417.15000000000003  0.0013303229754095605  -1.648926770502412e-05
417.20000000000005  0.0013303205864228526  -1.6491485428557907e-05
417.25  0.0013303184034234605  -1.6493418918779135e-05
417.3  0.0013303164791086354  -1.649502473793029e-05
417.35  0.0013303148431153499  -1.649626910604589e-05
417.40000000000003  0.001330313503905381  -1.6497128116090302e-05
417.45000000000005  0.0013303124522838303  -1.6497587537059127e-05
417.5  0.0013303116661336947  -1.6497642313847592e-05
417.55  0.0013303111159249019  -1.6497295756669997e-05
417.6  0.0013303107704575202  -1.6496558585402175e-05
417.65000000000003  0.0013303106023484549  -1.6495447855775195e-05
417.70000000000005  0.001330310592748014  -1.6493985891758768e-05
417.75  0.001330310734914836  -1.649219932220111e-05
417.8  0.001330311036313636  -1.649011829549067e-05
417.85  0.0013303115190857852  -1.6487775911432252e-05
417.90000000000003  0.0013303122188027298  -1.648520793394155e-05
417.95000000000005  0.0013303131816175765  -1.6482452721603216e-05
418.0  0.001330314459999319  -1.6479551351210038e-05
418.05  0.0013303161073848898  -1.6476547845239195e-05
418.1  0.0013303181721605764  -1.647348940028194e-05
418.15000000000003  0.0013303206914738427  -1.6470426474803372e-05
418.20000000000005  0.001330323685397713  -1.646741267269261e-05
418.25  0.0013303271519600768  -1.6464504286886226e-05
418.3  0.0013303310635541885  -1.6461759495373226e-05
418.35  0.0013303353650947025  -1.6459237167754104e-05
418.40000000000003  0.0013303399742073511  -1.6456995321422157e-05
418.45000000000005  0.0013303447835707675  -1.6455089312331582e-05
418.5  0.0013303496653267344  -1.6453569843263654e-05
418.55  0.0013303544773440046  -1.6452480940601713e-05
418.6  0.0013303590708930008  -1.6451858017456464e-05
418.65000000000003  0.0013303632991747624  -1.6451726156205054e-05
418.70000000000005  0.0013303670260840375  -1.6452098724756043e-05
418.75  0.0013303701345026737  -1.6452976433041977e-05
418.8  0.0013303725334881532  -1.645434685256528e-05
418.85  0.0013303741637640167  -1.64561844916498e-05
418.90000000000003  0.001330375001101835  -1.645845136383987e-05
418.95000000000005  0.001330375057331019  -1.6461098059232884e-05
419.0  0.0013303743789113641  -1.6464065252043024e-05
419.05  0.0013303730432175575  -1.6467285569744653e-05
419.1  0.0013303711528582503  -1.647068574057054e-05
419.15000000000003  0.0013303688285107474  -1.6474188916891725e-05
419.20000000000005  0.0013303662008779318  -1.647771706876546e-05
419.25  0.0013303634023631998  -1.6481193354647987e-05
419.3  0.0013303605591765669  -1.6484544362893182e-05
419.35  0.0013303577844025333  -1.6487702139900725e-05
419.40000000000003  0.0013303551725476342  -1.6490605909267393e-05
419.45000000000005  0.001330352795906415  -1.6493203463797262e-05
419.5  0.0013303507029313226  -1.649545214489612e-05
419.55  0.0013303489186318963  -1.6497319413482834e-05
419.6  0.0013303474468189269  -1.6498783003146143e-05
419.65000000000003  0.001330346273958837  -1.649983068545066e-05
419.70000000000005  0.0013303453741638478  -1.6500459719463907e-05
419.75  0.0013303447148614047  -1.6500676006665055e-05
419.8  0.0013303442626089357  -1.6500493076687032e-05
419.85  0.0013303439885519641  -1.6499930969156047e-05
419.90000000000003  0.0013303438730111945  -1.6499015151231838e-05
419.95000000000005  0.001330343908863199  -1.649777550678398e-05
420.0  0.0013303441033784434  -1.64962455189118e-05
420.05  0.0013303444783918216  -1.649446168322142e-05
420.1  0.0013303450687555877  -1.64924631682801e-05
420.15000000000003  0.0013303459192110269  -1.649029168249974e-05
420.20000000000005  0.0013303470798959336  -1.6487991542528347e-05
420.25  0.0013303486008420032  -1.6485609807764183e-05
420.3  0.0013303505259108356  -1.6483196386023408e-05
420.35  0.0013303528866692098  -1.648080402351837e-05
420.40000000000003  0.0013303556967375482  -1.647848805778234e-05
420.45000000000005  0.001330358947133803  -1.647630585859916e-05
420.5  0.0013303626030775231  -1.647431591397493e-05
420.55  0.0013303666026188436  -1.6472576570463913e-05
420.6  0.001330370857349086  -1.6471144456177596e-05
420.65000000000003  0.0013303752552138656  -1.647007267442408e-05
420.70000000000005  0.0013303796653658453  -1.646940884710902e-05
420.75  0.0013303839447307625  -1.646919317924297e-05
420.8  0.0013303879458533652  -1.6469456620971145e-05
420.85  0.001330391525432119  -1.647021928625743e-05
420.90000000000003  0.0013303945529232375  -1.647148923079368e-05
420.95000000000005  0.0013303969184878645  -1.647326166030077e-05
421.0  0.001330398539712556  -1.6475518637176887e-05
421.05  0.0013303993665344975  -1.647822930470966e-05
421.1  0.001330399384012128  -1.6481350605479918e-05
421.15000000000003  0.0013303986127121562  -1.648482850707424e-05
421.20000000000005  0.0013303971067288058  -1.648859961274297e-05
421.25  0.0013303949495286366  -1.649259314767692e-05
421.3  0.0013303922479447475  -1.6496733160247965e-05
421.35  0.0013303891248675182  -1.6500940912624203e-05
421.40000000000003  0.0013303857112010613  -1.650513727884833e-05
421.45000000000005  0.0013303821377405106  -1.650924510369575e-05
421.5  0.0013303785275769063  -1.6513191396014715e-05
421.55  0.0013303749895994988  -1.6516909293469786e-05
421.6  0.0013303716135294268  -1.6520339681659222e-05
421.65000000000003  0.0013303684668140524  -1.6523432473469096e-05
421.70000000000005  0.001330365593485466  -1.652614744255393e-05
421.75  0.0013303630149848929  -1.6528454667155733e-05
421.8  0.0013303607327621232  -1.6530334546909658e-05
421.85  0.001330358732315044  -1.6531777448353384e-05
421.90000000000003  0.0013303569882714555  -1.6532783033892376e-05
421.95000000000005  0.0013303554699874496  -1.6533359341552498e-05
422.0  0.00133035414718778  -1.6533521722382526e-05
422.05  0.0013303529950954626  -1.653329171336375e-05
422.1  0.0013303519986641917  -1.653269596541061e-05
422.15000000000003  0.0013303511554745634  -1.653176529330428e-05
422.20000000000005  0.001330350477140313  -1.6530533934125597e-05
422.25  0.0013303499890136975  -1.652903904008512e-05
422.3  0.0013303497282568157  -1.652732042339692e-05
422.35  0.0013303497403875622  -1.6525420512979237e-05
422.40000000000003  0.0013303500745798836  -1.6523384441074194e-05
422.45000000000005  0.0013303507780960235  -1.6521260208484235e-05
422.5  0.0013303518902812125  -1.6519098751009752e-05
422.55  0.00133035343666478  -1.6516953868355127e-05
422.6  0.0013303554236710445  -1.6514881883387955e-05
422.65000000000003  0.0013303578344542836  -1.6512940964542606e-05
422.70000000000005  0.0013303606263001624  -1.6511190103831526e-05
422.75  0.0013303637299203123  -1.6509687729387708e-05
422.8  0.0013303670508038462  -1.6508490046027668e-05
422.85  0.0013303704726705986  -1.6507649147808664e-05
422.90000000000003  0.0013303738628289196  -1.650721106783977e-05
422.95000000000005  0.0013303770791093347  -1.650721382174343e-05
423.0  0.001330379977878858  -1.6507685663242786e-05
423.05  0.0013303824225325196  -1.650864359145339e-05
423.1  0.001330384291805123  -1.6510092244820577e-05
423.15000000000003  0.0013303854872472073  -1.651202327246381e-05
423.20000000000005  0.0013303859392693501  -1.6514415194754687e-05
423.25  0.0013303856112863769  -1.6517233792748905e-05
423.3  0.001330384501622441  -1.6520432992048585e-05
423.35  0.0013303826430636303  -1.6523956210177395e-05
423.40000000000003  0.0013303801001182058  -1.6527738109165164e-05
423.45000000000005  0.0013303769642136723  -1.6531706648633998e-05
423.5  0.0013303733472772269  -1.653578535998194e-05
423.55  0.0013303693742026364  -1.6539895735243667e-05
423.6  0.0013303651748450343  -1.6543959634270967e-05
423.65000000000003  0.0013303608761492795  -1.654790158945804e-05
423.70000000000005  0.0013303565950224879  -1.6551650918384037e-05
423.75  0.0013303524324554952  -1.6555143582458443e-05
423.8  0.0013303484692935236  -1.6558323694021416e-05
423.85  0.0013303447638817096  -1.6561144645463148e-05
423.90000000000003  0.0013303413516893574  -1.6563569815473706e-05
423.95000000000005  0.0013303382467821261  -1.6565572875562053e-05
424.0  0.00133033544496672  -1.6567137675699934e-05
424.05  0.001330332928184548  -1.6568257791206142e-05
424.1  0.0013303306697540194  -1.6568935772109982e-05
424.15000000000003  0.0013303286399460898  -1.6569182193720312e-05
424.20000000000005  0.001330326811369818  -1.6569014564772047e-05
424.25  0.0013303251637117176  -1.6568456239648716e-05
424.3  0.0013303236874148655  -1.6567535404879278e-05
424.35  0.0013303223859642162  -1.656628419453572e-05
424.40000000000003  0.001330321276604643  -1.65647380585373e-05
424.45000000000005  0.001330320389394248  -1.6562935343117e-05
424.5  0.0013303197646723666  -1.6560917099722435e-05
424.55  0.0013303194491293148  -1.6558727103282598e-05
424.6  0.0013303194907585754  -1.6556411948681583e-05
424.65000000000003  0.0013303199331446292  -1.6554021174051557e-05
424.70000000000005  0.00133032080950552  -1.655160726136962e-05
424.75  0.001330322137054462  -1.6549225445852233e-05
424.8  0.0013303239121706307  -1.6546933227557393e-05
424.85  0.0013303261068771893  -1.6544789556497178e-05
424.90000000000003  0.001330328667009406  -1.6542853636026806e-05
424.95000000000005  0.0013303315123389021  -1.6541183433813186e-05
425.0  0.001330334538794106  -1.653983391483127e-05
425.05  0.0013303376226866275  -1.653885512233294e-05
425.1  0.001330340626720813  -1.6538290210553908e-05
425.15000000000003  0.001330343407391247  -1.653817358459632e-05
425.20000000000005  0.001330345823189822  -1.6538529241007217e-05
425.25  0.0013303477430651614  -1.653936943262662e-05
425.3  0.0013303490544066064  -1.6540693764266197e-05
425.35  0.0013303496699407923  -1.6542488755715186e-05
425.40000000000003  0.0013303495330321533  -1.65447279263988e-05
425.45000000000005  0.0013303486209100494  -1.654737238663325e-05
425.5  0.0013303469456166267  -1.6550371914539688e-05
425.55  0.001330344552622801  -1.655366648191988e-05
425.6  0.0013303415172303172  -1.655718811551974e-05
425.65000000000003  0.0013303379390917618  -1.65608630578049e-05
425.70000000000005  0.001330333935315261  -1.656461408625575e-05
425.75  0.0013303296327307652  -1.656836290898846e-05
425.8  0.0013303251599040143  -1.657203252133097e-05
425.85  0.0013303206395601842  -1.657554944129423e-05
425.90000000000003  0.0013303161819595917  -1.657884570770672e-05
425.95000000000005  0.0013303118796754233  -1.6581860581758954e-05
426.0  0.0013303078041455845  -1.6584541896490505e-05
426.05  0.001330304004126116  -1.6586847014820987e-05
426.1  0.0013303005060924557  -1.65887433502789e-05
426.15000000000003  0.0013302973164089362  -1.6590208503905902e-05
426.20000000000005  0.0013302944250145042  -1.6591230012574895e-05
426.25  0.0013302918101939529  -1.6591804783252237e-05
426.3  0.00133028944396564  -1.659193824000418e-05
426.35  0.001330287297620871  -1.659164335695326e-05
426.40000000000003  0.0013302853468558397  -1.659093957161878e-05
426.45000000000005  0.0013302835760935034  -1.6589851739492426e-05
426.5  0.001330281981605117  -1.658840918871622e-05
426.55  0.0013302805731535677  -1.6586644970590248e-05
426.6  0.0013302793740110547  -1.6584595327560187e-05
426.65000000000003  0.001330278419368322  -1.6582299389462235e-05
426.70000000000005  0.0013302777531839602  -1.657979908369501e-05
426.75  0.0013302774237738892  -1.657713920105773e-05
426.8  0.001330277478443457  -1.6574367516799973e-05
426.85  0.00133027795763069  -1.6571534861329435e-05
426.90000000000003  0.0013302788890209127  -1.656869505851921e-05
426.95000000000005  0.0013302802821841269  -1.6565904600731197e-05
427.0  0.0013302821242360016  -1.6563222022457965e-05
427.05  0.0013302843769503773  -1.6560706917564082e-05
427.1  0.0013302869756910824  -1.655841860223877e-05
427.15000000000003  0.0013302898303792494  -1.65564145112743e-05
427.20000000000005  0.001330292828531527  -1.6554748323925942e-05
427.25  0.0013302958402285998  -1.6553468019355247e-05
427.3  0.0013302987247376726  -1.6552613932993934e-05
427.35  0.0013303013382894575  -1.6552216951365808e-05
427.40000000000003  0.001330303542454954  -1.6552296977655873e-05
427.45000000000005  0.0013303052124907042  -1.655286175507027e-05
427.5  0.0013303062449522805  -1.6553906149064735e-05
427.55  0.001330306564020747  -1.6555411907382572e-05
427.6  0.0013303061260094159  -1.6557347962391808e-05
427.65000000000003  0.0013303049217182356  -1.6559671218129338e-05
427.70000000000005  0.0013303029764487745  -1.6562327814394033e-05
427.75  0.00133030034773027  -1.656525478723565e-05
427.8  0.0013302971209445966  -1.656838207541927e-05
427.85  0.0013302934032327538  -1.65716347329196e-05
427.90000000000003  0.0013302893162165097  -1.657493529972384e-05
427.95000000000005  0.0013302849881021948  -1.657820618089186e-05
428.0  0.0013302805458016765  -1.658137195469447e-05
428.05  0.001330276107688696  -1.658436152016888e-05
428.1  0.0013302717774864572  -1.6587109975418077e-05
428.15000000000003  0.0013302676397258188  -1.6589560168537437e-05
428.20000000000005  0.0013302637570451132  -1.659166388698753e-05
428.25  0.001330260169414264  -1.6593382635553852e-05
428.3  0.0013302568952696572  -1.6594687996377843e-05
428.35  0.0013302539343033933  -1.6595561604521784e-05
428.40000000000003  0.0013302512716362024  -1.659599474844865e-05
428.45000000000005  0.0013302488828761893  -1.6595987697190636e-05
428.5  0.001330246739630041  -1.6595548791713353e-05
428.55  0.0013302448149192033  -1.6594693418775074e-05
428.6  0.0013302430880526859  -1.6593442948120425e-05
428.65000000000003  0.001330241548502721  -1.6591823726445172e-05
428.70000000000005  0.001330240198466194  -1.658986623635436e-05
428.75  0.0013302390538819137  -1.6587604435665997e-05
428.8  0.0013302381438077306  -1.658507534847795e-05
428.85  0.0013302375081803651  -1.6582318871707154e-05
428.90000000000003  0.0013302371941377655  -1.6579377790375445e-05
428.95000000000005  0.0013302372511603774  -1.6576297888916468e-05
429.0  0.001330237725431965  -1.6573128084825385e-05
429.05  0.0013302386538842212  -1.6569920472463574e-05
429.1  0.0013302400584122996  -1.6566730181894634e-05
429.15000000000003  0.001330241940802749  -1.656361491685597e-05
429.20000000000005  0.0013302442788682323  -1.6560634204189264e-05
429.25  0.0013302470241796426  -1.6557848238867652e-05
429.3  0.001330250101740909  -1.655531642513904e-05
429.35  0.0013302534117227796  -1.6553095623017522e-05
429.40000000000003  0.0013302568332592911  -1.6551238221794895e-05
429.45000000000005  0.0013302602301086875  -1.6549790146967855e-05
429.5  0.001330263457801286  -1.6548788946523364e-05
429.55  0.0013302663717819651  -1.6548262049095983e-05
429.6  0.001330268835916543  -1.6548225361246718e-05
429.65000000000003  0.0013302707307114876  -1.6548682235790015e-05
429.70000000000005  0.0013302719605954088  -1.6549622953146675e-05
429.75  0.0013302724597013165  -1.6551024678598423e-05
429.8  0.0013302721956680952  -1.6552851954548223e-05
429.85  0.0013302711711795413  -1.655505768301832e-05
429.90000000000003  0.001330269423158423  -1.6557584555900915e-05
429.95000000000005  0.0013302670196811582  -1.6560366858364424e-05
430.0  0.0013302640548909857  -1.6563332563968806e-05
430.05  0.0013302606423836174  -1.6566405619126046e-05
430.1  0.0013302569075550686  -1.6569508335006057e-05
430.15000000000003  0.0013302529795794764  -1.6572563735830115e-05
430.20000000000005  0.001330248983615468  -1.6575497817446347e-05
430.25  0.0013302450338490359  -1.6578241591448184e-05
430.3  0.0013302412278383127  -1.6580732851492904e-05
430.35  0.001330237642578008  -1.6582917587044227e-05
430.40000000000003  0.0013302343324427014  -1.6584751010536355e-05
430.45000000000005  0.0013302313291123466  -1.6586198187572222e-05
430.5  0.0013302286433376758  -1.6587234243793398e-05
430.55  0.0013302262682987637  -1.6587844200113334e-05
430.6  0.0013302241841938007  -1.658802246277838e-05
430.65000000000003  0.0013302223635821852  -1.658777205119585e-05
430.70000000000005  0.0013302207769895344  -1.658710363854315e-05
430.75  0.0013302193982487121  -1.6586034496269848e-05
430.8  0.0013302182091424661  -1.6584587445109744e-05
430.85  0.0013302172029115403  -1.658278989939677e-05
430.90000000000003  0.0013302163863581763  -1.6580673082729723e-05
430.95000000000005  0.0013302157803299734  -1.657827146881504e-05
431.0  0.001330215418538905  -1.6575622461271447e-05
431.05  0.0013302153448156886  -1.657276629890472e-05
431.1  0.0013302156089693754  -1.656974614098691e-05
431.15000000000003  0.0013302162615695498  -1.6566608220095467e-05
431.20000000000005  0.0013302173480906443  -1.6563402000164098e-05
431.25  0.001330218902866531  -1.6560180187466826e-05
431.3  0.0013302209433966239  -1.655699851139925e-05
431.35  0.0013302234655283912  -1.6553915205684447e-05
431.40000000000003  0.0013302264399530437  -1.6550990112833893e-05
431.45000000000005  0.0013302298104555699  -1.6548283439823388e-05
431.5  0.0013302334941610642  -1.6545854163608088e-05
431.55  0.001330237383863247  -1.654375820266845e-05
431.6  0.001330241352422748  -1.6542046421630353e-05
431.65000000000003  0.0013302452589221273  -1.6540762621399625e-05
431.70000000000005  0.0013302489562278515  -1.6539941632091296e-05
431.75  0.0013302522993659791  -1.653960764245717e-05
431.8  0.0013302551541064184  -1.6539772868150106e-05
431.85  0.0013302574050612984  -1.6540436681446754e-05
431.90000000000003  0.0013302589627061478  -1.654158521092791e-05
431.95000000000005  0.001330259768702719  -1.654319148342324e-05
432.0  0.0013302597991735885  -1.6545216063577266e-05
432.05  0.0013302590656441868  -1.654760820010443e-05
432.1  0.001330257613601146  -1.6550307401758178e-05
432.15000000000003  0.001330255518841055  -1.6553245347018406e-05
432.20000000000005  0.0013302528818902148  -1.6556348074306176e-05
432.25  0.0013302498210057924  -1.6559538319441624e-05
432.3  0.0013302464643098746  -1.656273791518449e-05
432.35  0.0013302429417046064  -1.6565870138906093e-05
432.40000000000003  0.001330239377175562  -1.6568861905361218e-05
432.45000000000005  0.001330235882070258  -1.6571645752349543e-05
432.5  0.0013302325498107483  -1.6574161485523623e-05
432.55  0.0013302294523914004  -1.657635748291569e-05
432.6  0.0013302266388123653  -1.657819159661233e-05
432.65000000000003  0.001330224135489008  -1.657963164603221e-05
432.70000000000005  0.00133022194846003  -1.658065549205417e-05
432.75  0.001330220067120743  -1.6581250779580258e-05
432.8  0.0013302184690685709  -1.6581414316922238e-05
432.85  0.0013302171255997872  -1.658115123723497e-05
432.90000000000003  0.0013302160073266158  -1.6580474005977027e-05
432.95000000000005  0.0013302150894249627  -1.6579401341218253e-05
433.0  0.0013302143560531897  -1.6577957177633202e-05
433.05  0.0013302138035515753  -1.657616976632472e-05
433.1  0.0013302134421704942  -1.6574070939530503e-05
433.15000000000003  0.001330213296156397  -1.657169561896006e-05
433.20000000000005  0.001330213402173975  -1.656908158387618e-05
433.25  0.0013302138061912988  -1.656626945007627e-05
433.3  0.001330214559021818  -1.6563302775838076e-05
433.35  0.0013302157109173571  -1.6560228274663485e-05
433.40000000000003  0.0013302173056002448  -1.6557095944105143e-05
433.45000000000005  0.0013302193742498777  -1.6553959058901403e-05
433.5  0.0013302219299593295  -1.6550873892723643e-05
433.55  0.0013302249631858753  -1.6547899113875044e-05
433.6  0.0013302284386339119  -1.6545094808352655e-05
433.65000000000003  0.0013302322939528245  -1.6542521142452683e-05
433.70000000000005  0.0013302364404718771  -1.6540236702451043e-05
433.75  0.0013302407660418741  -1.6538296598419622e-05
433.8  0.001330245139860116  -1.6536750453434142e-05
433.85  0.0013302494190025379  -1.6535640379154682e-05
433.90000000000003  0.0013302534562305828  -1.6534999114661787e-05
433.95000000000005  0.0013302571084505208  -1.6534848407346887e-05
434.0  0.001330260245258012  -1.6535197786264827e-05
434.05  0.0013302627568023049  -1.6536043779968846e-05
434.1  0.0013302645604483965  -1.6537369621188536e-05
434.15000000000003  0.0013302656056429704  -1.6539145526319387e-05
434.20000000000005  0.0013302658766493549  -1.654132944631432e-05
434.25  0.0013302653929166683  -1.654386831104204e-05
434.3  0.0013302642071054307  -1.6546699696557516e-05
434.35  0.0013302624009471648  -1.6549753817131038e-05
434.40000000000003  0.0013302600792995155  -1.655295576233806e-05
434.45000000000005  0.0013302573629138436  -1.6556227862373645e-05
434.5  0.0013302543804686864  -1.6559492095954563e-05
434.55  0.0013302512605581174  -1.656267243064591e-05
434.6  0.0013302481241983179  -1.6565696969734383e-05
434.65000000000003  0.0013302450784297357  -1.6568499877785982e-05
434.70000000000005  0.0013302422114577206  -1.657102296943739e-05
434.75  0.001330239589608645  -1.657321692399036e-05
434.8  0.0013302372562546817  -1.6575042093821494e-05
434.85  0.0013302352326693251  -1.6576468912409903e-05
434.90000000000003  0.0013302335206282763  -1.6577477877049822e-05
434.95000000000005  0.0013302321064447738  -1.6578059201481665e-05
435.0  0.0013302309659999425  -1.657821213117542e-05
435.05  0.0013302300702931545  -1.657794405155518e-05
435.1  0.0013302293909912212  -1.6577269441678754e-05
435.15000000000003  0.001330228905501725  -1.6576208797058553e-05
435.20000000000005  0.00133022860110689  -1.657478759404488e-05
435.25  0.001330228477809271  -1.6573035395388096e-05
435.3  0.0013302285496594977  -1.657098517839951e-05
435.35  0.0013302288444218642  -1.656867287022992e-05
435.40000000000003  0.0013302294016075827  -1.6566137171119383e-05
435.45000000000005  0.0013302302690049869  -1.656341955827748e-05
435.5  0.0013302314979503327  -1.656056444452876e-05
435.55  0.0013302331377410192  -1.655761937436706e-05
435.6  0.0013302352296111872  -1.6554635159492822e-05
435.65000000000003  0.0013302378007689186  -1.6551665824422247e-05
435.70000000000005  0.0013302408590487075  -1.6548768263133142e-05
435.75  0.0013302443886432837  -1.6546001579234018e-05
435.8  0.0013302483474004088  -1.65434260246196e-05
435.85  0.001330252665972698  -1.6541101583066086e-05
435.90000000000003  0.0013302572490507358  -1.6539086247930332e-05
435.95000000000005  0.0013302619787071172  -1.6537434089172656e-05
436.0  0.0013302667196652387  -1.6536193201929002e-05
436.05  0.0013302713262104639  -1.653540371193262e-05
436.1  0.0013302756502324435  -1.6535095936705225e-05
436.15000000000003  0.0013302795498083123  -1.6535288835843294e-05
436.20000000000005  0.0013302828976775676  -1.6535988847166724e-05
436.25  0.0013302855889422902  -1.65371892184629e-05
436.3  0.0013302875473625176  -1.6538869819554677e-05
436.35  0.0013302887298026077  -1.654099751259683e-05
436.40000000000003  0.0013302891284103432  -1.654352701073176e-05
436.45000000000005  0.001330288770455182  -1.6546402223202973e-05
436.5  0.001330287715793584  -1.6549557981993218e-05
436.55  0.001330286052240317  -1.655292211135014e-05
436.6  0.0013302838892351844  -1.655641767977676e-05
436.65000000000003  0.0013302813503111041  -1.6559965405531208e-05
436.70000000000005  0.0013302785650369225  -1.65634860532167e-05
436.75  0.0013302756609849364  -1.6566902752745906e-05
436.8  0.001330272756420204  -1.657014312802976e-05
436.85  0.0013302699541782597  -1.6573141162858616e-05
436.90000000000003  0.0013302673371892756  -1.6575838728543333e-05
436.95000000000005  0.001330264965890234  -1.6578186733084564e-05
437.0  0.001330262877608705  -1.6580145875252396e-05
437.05  0.001330261087896786  -1.658168696936431e-05
437.1  0.0013302595935358466  -1.658279087374606e-05
437.15000000000003  0.0013302583769121167  -1.6583448076703698e-05
437.20000000000005  0.0013302574112763798  -1.6583657982071633e-05
437.25  0.0013302566664271263  -1.658342797300938e-05
437.3  0.0013302561142387102  -1.6582772373266918e-05
437.35  0.0013302557336298503  -1.6581711353001564e-05
437.40000000000003  0.00133025551446724  -1.6580269927893602e-05
437.45000000000005  0.0013302554601222543  -1.657847709326144e-05
437.5  0.0013302555884245645  -1.6576365198747896e-05
437.55  0.0013302559309532058  -1.6573969546790162e-05
437.6  0.0013302565306795055  -1.657132824701708e-05
437.65000000000003  0.001330257438159988  -1.6568482263465173e-05
437.70000000000005  0.0013302587065158545  -1.6565475613836145e-05
437.75  0.0013302603856576046  -1.6562355564523918e-05
437.8  0.0013302625161577216  -1.6559172743044778e-05
437.85  0.0013302651233178058  -1.6555981070271917e-05
437.90000000000003  0.0013302682119558274  -1.6552837369086804e-05
437.95000000000005  0.0013302717623917713  -1.6549800635653296e-05
438.0  0.001330275728077659  -1.6546930932862577e-05
438.05  0.0013302800351464113  -1.6544287907277943e-05
438.1  0.001330284584102003  -1.6541929041036176e-05
438.15000000000003  0.001330289253584744  -1.6539907659257527e-05
438.20000000000005  0.0013302939060527447  -1.6538270908634904e-05
438.25  0.0013302983950069906  -1.6537057765399405e-05
438.3  0.0013303025732491719  -1.653629722955178e-05
438.35  0.0013303063015742789  -1.6536006854766584e-05
438.40000000000003  0.0013303094571909214  -1.6536191661028457e-05
438.45000000000005  0.0013303119412473837  -1.653684355667508e-05
438.5  0.0013303136848567848  -1.6537941257140326e-05
438.55  0.0013303146531184911  -1.653945074192966e-05
438.6  0.0013303148468810596  -1.6541326228630498e-05
438.65000000000003  0.0013303143020737748  -1.654351157850671e-05
438.70000000000005  0.0013303130867158754  -1.6545942106709565e-05
438.75  0.0013303112958675855  -1.6548546693329514e-05
438.8  0.001330309044937611  -1.6551250070101628e-05
438.85  0.0013303064619423453  -1.6553975240592806e-05
438.90000000000003  0.001330303679290514  -1.655664587160168e-05
438.95000000000005  0.0013303008257644004  -1.6559188564568882e-05
439.0  0.0013302980193156055  -1.6561534950520736e-05
439.05  0.0013302953611671448  -1.6563623485531687e-05
439.1  0.0013302929316107211  -1.6565400917330437e-05
439.15000000000003  0.0013302907877611975  -1.656682335065033e-05
439.20000000000005  0.0013302889633120358  -1.6567856899647585e-05
439.25  0.0013302874701969932  -1.6568477934448102e-05
439.3  0.0013302863019165557  -1.6568672932723984e-05
439.35  0.0013302854381567943  -1.656843797976195e-05
439.40000000000003  0.0013302848502181322  -1.6567777980917853e-05
439.45000000000005  0.0013302845067619962  -1.6566705677599448e-05
439.5  0.0013302843793543675  -1.6565240553669176e-05
439.55  0.0013302844472991397  -1.656340772621264e-05
439.6  0.0013302847013858888  -1.656123692963358e-05
439.65000000000003  0.0013302851461866269  -1.6558761640091883e-05
439.70000000000005  0.0013302858007458232  -1.6556018453985663e-05
439.75  0.0013302866975652375  -1.65530466952889e-05
439.8  0.0013302878799613441  -1.6549888264047745e-05
439.85  0.0013302893979807065  -1.654658768800155e-05
439.90000000000003  0.0013302913031937027  -1.654319227503611e-05
439.95000000000005  0.001330293642770884  -1.6539752276021518e-05
440.0  0.0013302964533086583  -1.6536320951956248e-05
440.05  0.0013302997549545716  -1.653295440422263e-05
440.1  0.0013303035463385878  -1.6529711133766284e-05
440.15000000000003  0.0013303078008092253  -1.6526651225498763e-05
440.20000000000005  0.001330312464388154  -1.6523835149844087e-05
440.25  0.0013303174557200937  -1.6521322280851013e-05
440.3  0.0013303226681662939  -1.651916905675698e-05
440.35  0.0013303279739913083  -1.6517427040282006e-05
440.40000000000003  0.0013303332304155497  -1.65161409039201e-05
440.45000000000005  0.001330338287143879  -1.6515346515171524e-05
440.5  0.0013303429948242516  -1.6515069210574053e-05
440.55  0.0013303472138170066  -1.6515322443413374e-05
440.6  0.0013303508225622753  -1.6516106823392094e-05
440.65000000000003  0.0013303537249342659  -1.651740965466844e-05
440.70000000000005  0.0013303558559623722  -1.6519205001225626e-05
440.75  0.0013303571854812969  -1.6521454254510553e-05
440.8  0.0013303577194429975  -1.652410720806997e-05
440.85  0.0013303574987888654  -1.6527103549300766e-05
440.90000000000003  0.0013303565960180966  -1.6530374744390852e-05
440.95000000000005  0.001330355109743689  -1.6533846173529356e-05
441.0  0.001330353157701364  -1.653743945392611e-05
441.05  0.001330350868800087  -1.6541074840318204e-05
441.1  0.0013303483748312787  -1.654467360499303e-05
441.15000000000003  0.0013303458025110608  -1.654816027679099e-05
441.20000000000005  0.0013303432664207805  -1.6551464690540453e-05
441.25  0.0013303408633656244  -1.6554523720296952e-05
441.3  0.0013303386685180742  -1.65572827000674e-05
441.35  0.0013303367335435901  -1.6559696416441742e-05
441.40000000000003  0.0013303350867401704  -1.6561729724738432e-05
441.45000000000005  0.0013303337350659026  -1.6563357728308385e-05
441.5  0.0013303326677908535  -1.656456559303275e-05
441.55  0.0013303318613570488  -1.6565348017436553e-05
441.6  0.0013303312849598649  -1.6565708428684925e-05
441.65000000000003  0.0013303309063565955  -1.6565657992280956e-05
441.70000000000005  0.0013303306973674683  -1.6565214533696324e-05
441.75  0.0013303306385798054  -1.6564401449722585e-05
441.8  0.0013303307228698102  -1.6563246727599652e-05
441.85  0.0013303309574351685  -1.656178213037512e-05
441.90000000000003  0.0013303313641699463  -1.656004261540024e-05
441.95000000000005  0.0013303319783234096  -1.6558065992781403e-05
442.0  0.0013303328455494812  -1.6555892822100017e-05
442.05  0.0013303340175549287  -1.6553566464892235e-05
442.1  0.001330335546693248  -1.6551133270315747e-05
442.15000000000003  0.0013303374799122267  -1.6548642694844953e-05
442.20000000000005  0.0013303398525889884  -1.654614732456963e-05
442.25  0.0013303426827289654  -1.6543702660781604e-05
442.3  0.001330345966107472  -1.6541366597557774e-05
442.35  0.0013303496728133274  -1.653919851002622e-05
442.40000000000003  0.0013303537455693606  -1.6537258019810115e-05
442.45000000000005  0.0013303581001163503  -1.6535603399328255e-05
442.5  0.0013303626277277453  -1.6534289743574742e-05
442.55  0.001330367199796244  -1.6533366986403613e-05
442.6  0.001330371674217658  -1.653287789583392e-05
442.65000000000003  0.0013303759031407384  -1.6532856185513855e-05
442.70000000000005  0.0013303797415178218  -1.6533324868603697e-05
442.75  0.0013303830558127503  -1.6534294965896775e-05
442.8  0.001330385732173491  -1.653576465121217e-05
442.85  0.0013303876834382825  -1.653771888253451e-05
442.90000000000003  0.001330388854420383  -1.6540129573422847e-05
442.95000000000005  0.0013303892250393372  -1.654295625983502e-05
443.0  0.0013303888110807482  -1.6546147268438533e-05
443.05  0.0013303876625474316  -1.654964128228989e-05
443.1  0.001330385859747386  -1.655336929516464e-05
443.15000000000003  0.0013303835074822477  -1.6557256775787533e-05
443.20000000000005  0.0013303807278018621  -1.6561226032514218e-05
443.25  0.0013303776519463274  -1.6565198591891265e-05
443.3  0.0013303744121041096  -1.6569097559979e-05
443.35  0.001330371133620122  -1.6572849814110646e-05
443.40000000000003  0.0013303679282455551  -1.6576387987474856e-05
443.45000000000005  0.0013303648888868286  -1.657965212789093e-05
443.5  0.001330362086186958  -1.658259099854211e-05
443.55  0.001330359567114774  -1.6585162997947772e-05
443.6  0.0013303573555465589  -1.6587336645325964e-05
443.65000000000003  0.0013303554546892269  -1.6589090673289528e-05
443.70000000000005  0.00133035385101455  -1.659041374771895e-05
443.75  0.0013303525193151201  -1.6591303861697242e-05
443.8  0.0013303514283634112  -1.659176748001741e-05
443.85  0.001330350546663123  -1.6591818520010604e-05
443.90000000000003  0.001330349847782437  -1.659147727052718e-05
443.95000000000005  0.0013303493147811547  -1.6590769326065772e-05
444.0  0.0013303489433970459  -1.6589724658365988e-05
444.05  0.0013303487436678038  -1.6588376850811622e-05
444.1  0.0013303487398919254  -1.658676260033571e-05
444.15000000000003  0.0013303489688846742  -1.65849214091271e-05
444.20000000000005  0.0013303494766839447  -1.6582895561290827e-05
444.25  0.001330350313915943  -1.6580730186887497e-05
444.3  0.0013303515302330762  -1.657847342438157e-05
444.35  0.0013303531682325185  -1.6576176520855467e-05
444.40000000000003  0.0013303552573819938  -1.6573893761658303e-05
444.45000000000005  0.0013303578085017238  -1.6571682174310477e-05
444.5  0.0013303608092711757  -1.656960085551001e-05
444.55  0.001330364221281619  -1.6567709979729405e-05
444.6  0.0013303679789344212  -1.6566069424503015e-05
444.65000000000003  0.001330371990431312  -1.6564737080903202e-05
444.70000000000005  0.0013303761408799493  -1.6563766977284672e-05
444.75  0.0013303802973967846  -1.656320724959025e-05
444.8  0.001330384315879441  -1.6563098178264167e-05
444.85  0.0013303880489736013  -1.6563470334140704e-05
444.90000000000003  0.001330391354672388  -1.656434304166609e-05
444.95000000000005  0.0013303941048566723  -1.6565723216228944e-05
445.0  0.0013303961931117408  -1.6567604650314944e-05
445.05  0.0013303975412253  -1.6569967836175593e-05
445.1  0.0013303981038245427  -1.6572780294801066e-05
445.15000000000003  0.001330397870811133  -1.657599743922595e-05
445.20000000000005  0.001330396867408463  -1.6579563885910477e-05
445.25  0.0013303951518489133  -1.6583415179819046e-05
445.3  0.0013303928109181496  -1.6587479843518742e-05
445.35  0.0013303899537285362  -1.6591681648488242e-05
445.40000000000003  0.001330386704266025  -1.659594200400724e-05
445.45000000000005  0.0013303831933016664  -1.6600182355518893e-05
445.5  0.0013303795503025755  -1.660432650919027e-05
445.55  0.0013303758959821938  -1.6608302760391072e-05
445.6  0.0013303723360204016  -1.661204577461917e-05
445.65000000000003  0.0013303689563550023  -1.6615498122957368e-05
445.70000000000005  0.001330365820378883  -1.661861144172075e-05
445.75  0.0013303629681150281  -1.6621347187834338e-05
445.8  0.0013303604173221526  -1.6623676981137496e-05
445.85  0.0013303581663466181  -1.662558255246583e-05
445.90000000000003  0.0013303561983546378  -1.6627055330067963e-05
445.95000000000005  0.0013303544865240335  -1.662809573466865e-05
446.0  0.0013303529996893195  -1.662871226194829e-05
446.05  0.001330351707919248  -1.6628920423847034e-05
446.1  0.0013303505875370595  -1.662874167074704e-05
446.15000000000003  0.0013303496251560124  -1.6628202364434648e-05
446.20000000000005  0.0013303488203761692  -1.6627332904115694e-05
446.25  0.0013303481869019547  -1.662616705569431e-05
446.3  0.001330347752009256  -1.6624741514135164e-05
446.35  0.0013303475543462256  -1.6623095714733455e-05
446.40000000000003  0.0013303476402868578  -1.662127182321387e-05
446.45000000000005  0.001330348059064245  -1.6619314870063885e-05
446.5  0.0013303488571077514  -1.661727288470758e-05
446.55  0.0013303500720296688  -1.6615196979325527e-05
446.6  0.001330351726781685  -1.6613141214100592e-05
446.65000000000003  0.001330353824512172  -1.6611162198799023e-05
446.70000000000005  0.001330356344626297  -1.6609318356014622e-05
446.75  0.001330359240428913  -1.6607668819851144e-05
446.8  0.0013303624387309093  -1.660627199150859e-05
446.85  0.0013303658415132415  -1.6605183817704487e-05
446.90000000000003  0.0013303693296663906  -1.6604455876418353e-05
446.95000000000005  0.0013303727685947007  -1.66041333881596e-05
447.0  0.0013303760153476891  -1.6604253288371755e-05
447.05  0.0013303789267150002  -1.6604842480980736e-05
447.1  0.0013303813677487458  -1.660591640010125e-05
447.15000000000003  0.001330383219962632  -1.6607477970397608e-05
447.20000000000005  0.0013303843886464416  -1.6609517040807415e-05
447.25  0.0013303848086460637  -1.661201031757909e-05
447.3  0.001330384448193011  -1.661492183199732e-05
447.35  0.0013303833104920232  -1.66182039020241e-05
447.40000000000003  0.0013303814329076802  -1.6621798548717035e-05
447.45000000000005  0.0013303788839229198  -1.6625639281577366e-05
447.5  0.0013303757580735453  -1.662965322680684e-05
447.55  0.0013303721693409044  -1.6633763395156173e-05
447.6  0.0013303682435140767  -1.6637891115050792e-05
447.65000000000003  0.001330364110171081  -1.6641958407374478e-05
447.70000000000005  0.0013303598948907378  -1.6645890283591342e-05
447.75  0.001330355712278777  -1.664961682618408e-05
447.8  0.0013303516603203086  -1.6653074998402065e-05
447.85  0.0013303478164115724  -1.665621010468114e-05
447.90000000000003  0.001330344235302758  -1.6658976857041236e-05
447.95000000000005  0.0013303409489992825  -1.6661340019647375e-05
448.0  0.0013303379685174672  -1.666327465192196e-05
448.05  0.0013303352872287638  -1.6664765954325033e-05
448.1  0.0013303328854179465  -1.6665808761265224e-05
448.15000000000003  0.0013303307356171564  -1.666640675476532e-05
448.20000000000005  0.001330328808178629  -1.6666571486700986e-05
448.25  0.0013303270766132735  -1.6666321295668706e-05
448.3  0.0013303255221920256  -1.6665680207326354e-05
448.35  0.0013303241374416903  -1.6664676948055773e-05
448.40000000000003  0.0013303229282169134  -1.6663344093728757e-05
448.45000000000005  0.0013303219141659267  -1.6661717448898097e-05
448.5  0.0013303211275450515  -1.6659835685468123e-05
448.55  0.0013303206104534277  -1.6657740174579722e-05
448.6  0.0013303204107061846  -1.6655475013139468e-05
448.65000000000003  0.0013303205766578082  -1.665308715119245e-05
448.70000000000005  0.0013303211513795222  -1.6650626494382412e-05
448.75  0.0013303221667217216  -1.6648145901485847e-05
448.8  0.0013303236377146727  -1.664570096563691e-05
448.85  0.0013303255578830085  -1.6643349483707703e-05
448.90000000000003  0.001330327895914989  -1.664115059761659e-05
448.95000000000005  0.0013303305940616764  -1.6639163580040614e-05
449.0  0.0013303335685479034  -1.6637446294328652e-05
449.05  0.001330336712065913  -1.6636053400561636e-05
449.1  0.0013303398982669613  -1.663503443268856e-05
449.15000000000003  0.001330342988007046  -1.6634431836614174e-05
449.20000000000005  0.001330345836901758  -1.6634279119804923e-05
449.25  0.0013303483036531088  -1.66345992230288e-05
449.3  0.001330350258510133  -1.6635403231515648e-05
449.35  0.0013303515911805668  -1.6636689518788306e-05
449.40000000000003  0.0013303522175995637  -1.6638443366411644e-05
449.45000000000005  0.0013303520850133069  -1.664063710034606e-05
449.5  0.00133035117493345  -1.6643230741117724e-05
449.55  0.0013303495038018034  -1.664617313249146e-05
449.6  0.0013303471212966669  -1.6649403494366916e-05
449.65000000000003  0.0013303441064730478  -1.665285332662662e-05
449.70000000000005  0.0013303405620389013  -1.6656448593619592e-05
449.75  0.0013303366072751378  -1.6660112036934356e-05
449.8  0.0013303323701969935  -1.6663765578705126e-05
449.85  0.0013303279795385961  -1.666733267106891e-05
449.90000000000003  0.0013303235572179124  -1.6670740497125194e-05
449.95000000000005  0.0013303192118176356  -1.667392194508162e-05
450.0  0.00133031503355746  -1.6676817273638496e-05
450.05  0.001330311091022649  -1.6679375430639506e-05
450.1  0.0013303074298918484  -1.6681554953337134e-05
450.15000000000003  0.0013303040735461566  -1.6683324460727792e-05
450.20000000000005  0.0013303010254896725  -1.668466274636624e-05
450.25  0.0013302982732066035  -1.6685558494762055e-05
450.3  0.0013302957930834136  -1.6686009664093225e-05
450.35  0.001330293555896406  -1.6686022656398807e-05
450.40000000000003  0.001330291532375477  -1.6685611286229975e-05
450.45000000000005  0.001330289698314419  -1.6684795716411373e-05
450.5  0.0013302880388138193  -1.6683601410830617e-05
450.55  0.0013302865512632303  -1.6682058206420763e-05
450.6  0.0013302852468333956  -1.668019957543922e-05
450.65000000000003  0.0013302841503173598  -1.667806212055404e-05
450.70000000000005  0.0013302832983277816  -1.6675685278730638e-05
450.75  0.0013302827359904497  -1.6673111264770652e-05
450.8  0.0013302825123668255  -1.6670385134077504e-05
450.85  0.0013302826749689743  -1.6667554906361036e-05
450.90000000000003  0.0013302832638243797  -1.6664671628654495e-05
450.95000000000005  0.001330284305581291  -1.666178928381003e-05
451.0  0.0013302858081788447  -1.6658964444202793e-05
451.05  0.001330287756589236  -1.6656255603774567e-05
451.1  0.0013302901100897039  -1.6653722168051316e-05
451.15000000000003  0.0013302928013774425  -1.665142308695394e-05
451.20000000000005  0.0013302957377255653  -1.6649415213154748e-05
451.25  0.0013302988042412402  -1.6647751427996925e-05
451.3  0.0013303018690292777  -1.6646478691246407e-05
451.35  0.0013303047899821782  -1.664563610985037e-05
451.40000000000003  0.0013303074226799537  -1.6645253153739102e-05
451.45000000000005  0.0013303096288495761  -1.6645348162778475e-05
451.5  0.0013303112846941643  -1.6645927218299564e-05
451.55  0.0013303122884719748  -1.664698347313804e-05
451.6  0.0013303125667045656  -1.664849697730411e-05
451.65000000000003  0.00133031207852006  -1.6650435029376886e-05
451.70000000000005  0.0013303108178285869  -1.665275302400516e-05
451.75  0.0013303088131140345  -1.665539575548228e-05
451.8  0.0013303061249582862  -1.6658299135523008e-05
451.85  0.0013303028414824376  -1.666139220603811e-05
451.90000000000003  0.0013302990720769699  -1.6664599397074945e-05
451.95000000000005  0.0013302949400271734  -1.6667842886401566e-05
452.0  0.0013302905745381632  -1.667104497587806e-05
452.05  0.0013302861028598408  -1.6674130394180313e-05
452.1  0.0013302816430698916  -1.66770284114842e-05
452.15000000000003  0.0013302772980557805  -1.667967467992794e-05
452.20000000000005  0.0013302731510926877  -1.668201276205114e-05
452.25  0.0013302692632868654  -1.6683995265547036e-05
452.3  0.0013302656729534735  -1.668558458266039e-05
452.35  0.0013302623969108696  -1.6686753201403505e-05
452.40000000000003  0.0013302594334125466  -1.668748365711071e-05
452.45000000000005  0.0013302567664105502  -1.6687768092590546e-05
452.5  0.0013302543707160042  -1.6687607551944665e-05
452.55  0.0013302522175416597  -1.668701107725287e-05
452.6  0.0013302502799215367  -1.6685994647846732e-05
452.65000000000003  0.0013302485375405  -1.6684580143836933e-05
452.70000000000005  0.0013302469805506504  -1.6682794343514645e-05
452.75  0.0013302456120308404  -1.6680668094675322e-05
452.8  0.0013302444488974001  -1.6678235687789494e-05
452.85  0.0013302435211584758  -1.6675534466224816e-05
452.90000000000003  0.001330242869565599  -1.667260465727132e-05
452.95000000000005  0.001330242541817536  -1.6669489403933692e-05
453.0  0.0013302425876356868  -1.6666234878155153e-05
453.05  0.0013302430530712712  -1.6662890418288985e-05
453.1  0.001330243974521965  -1.665950856328082e-05
453.15000000000003  0.0013302453729802577  -1.665614486422932e-05
453.20000000000005  0.0013302472490316175  -1.6652857416713613e-05
453.25  0.001330249579067102  -1.66497060495954e-05
453.3  0.0013302523131641275  -1.6646751152403776e-05
453.35  0.0013302553748895118  -1.6644052172950325e-05
453.40000000000003  0.0013302586631867902  -1.664166582801248e-05
453.45000000000005  0.0013302620563137792  -1.6639644178821113e-05
453.5  0.0013302654176235653  -1.66380326275385e-05
453.55  0.0013302686027890827  -1.6636868004912624e-05
453.6  0.0013302714679828322  -1.6636176867463703e-05
453.65000000000003  0.0013302738783692433  -1.6635974102621894e-05
453.70000000000005  0.0013302757162584776  -1.6636261972358406e-05
453.75  0.0013302768882994002  -1.6637029620530865e-05
453.8  0.0013302773310960797  -1.6638253085227064e-05
453.85  0.001330277014861598  -1.663989585147963e-05
453.90000000000003  0.001330275944788215  -1.66419098930181e-05
453.95000000000005  0.0013302741600554383  -1.664423713054709e-05
454.0  0.0013302717306090397  -1.66468112871716e-05
454.05  0.0013302687519713748  -1.6649560010723215e-05
454.1  0.0013302653385436607  -1.6652407176398856e-05
454.15000000000003  0.0013302616159365913  -1.665527527357452e-05
454.20000000000005  0.0013302577129717637  -1.665808776780183e-05
454.25  0.0013302537539512122  -1.6660771327046118e-05
454.3  0.0013302498518087012  -1.666325784884838e-05
454.35  0.0013302461025799293  -1.6665486167184327e-05
454.40000000000003  0.0013302425816036794  -1.666740344660766e-05
454.45000000000005  0.001330239341617139  -1.6668966155236067e-05
454.5  0.0013302364127994466  -1.66701406317829e-05
454.55  0.0013302338046544061  -1.6670903257311057e-05
454.6  0.001330231509444779  -1.6671240232860084e-05
454.65000000000003  0.0013302295068155614  -1.6671147042219333e-05
454.70000000000005  0.0013302277691402047  -1.667062764829498e-05
454.75  0.0013302262670836203  -1.6669693507310795e-05
454.8  0.0013302249748868668  -1.666836251557947e-05
454.85  0.0013302238749011317  -1.666665795339178e-05
454.90000000000003  0.001330222960991408  -1.6664607545212816e-05
454.95000000000005  0.0013302222405100308  -1.6662242704948774e-05
455.0  0.0013302217346623513  -1.665959799409969e-05
455.05  0.001330221477227333  -1.665671083059229e-05
455.1  0.001330221511721259  -1.6653621427802816e-05
455.15000000000003  0.0013302218871951996  -1.6650372892067916e-05
455.20000000000005  0.0013302226530053445  -1.6647011402438948e-05
455.25  0.0013302238529693405  -1.664358636365435e-05
455.3  0.0013302255193863356  -1.6640150412226677e-05
455.35  0.0013302276674338573  -1.6636759183598685e-05
455.40000000000003  0.0013302302904817382  -1.6633470772478456e-05
455.45000000000005  0.0013302333567487335  -1.663034480738968e-05
455.5  0.0013302368077245154  -1.66274411716222e-05
455.55  0.0013302405585797748  -1.662481840083356e-05
455.6  0.0013302445006715732  -1.6622531818017133e-05
455.65000000000003  0.0013302485060600775  -1.662063153753425e-05
455.70000000000005  0.0013302524337647156  -1.6619160443535788e-05
455.75  0.0013302561373604181  -1.6618152298901174e-05
455.8  0.001330259473330729  -1.6617630092252375e-05
455.85  0.0013302623095759998  -1.6617604744372113e-05
455.90000000000003  0.0013302645333718574  -1.6618074247697545e-05
455.95000000000005  0.0013302660582092942  -1.6619023323629863e-05
456.0  0.0013302668289079578  -1.6620423584750676e-05
456.05  0.0013302668246639015  -1.662223424603456e-05
456.1  0.0013302660597631982  -1.6624403277701078e-05
456.15000000000003  0.0013302645819511473  -1.6626869023069054e-05
456.20000000000005  0.001330262468618003  -1.6629562144336823e-05
456.25  0.001330259821123362  -1.6632407823732615e-05
456.3  0.0013302567577398294  -1.6635328133068872e-05
456.35  0.0013302534058207381  -1.6638244415486032e-05
456.40000000000003  0.0013302498937904478  -1.6641079649111815e-05
456.45000000000005  0.0013302463435847323  -1.6643760629260853e-05
456.5  0.0013302428641132622  -1.6646219928094443e-05
456.55  0.0013302395461623014  -1.6648397517287283e-05
456.6  0.001330236459109234  -1.6650242055463345e-05
456.65000000000003  0.0013302336495613102  -1.6651711740639312e-05
456.70000000000005  0.001330231141936233  -1.6652774782949416e-05
456.75  0.0013302289408127247  -1.6653409448208457e-05
456.8  0.001330227034754277  -1.6653603751062103e-05
456.85  0.0013302254011978796  -1.665335482627648e-05
456.90000000000003  0.001330224011927993  -1.6652668072221597e-05
456.95000000000005  0.0013302228386293958  -1.6651556128530177e-05
457.0  0.0013302218580240877  -1.6650037815801812e-05
457.05  0.0013302210561329851  -1.664813710021743e-05
457.1  0.0013302204313259875  -1.664588218879676e-05
457.15000000000003  0.0013302199958605126  -1.6643304841311912e-05
457.20000000000005  0.0013302197757983467  -1.6640439888014743e-05
457.25  0.0013302198092834069  -1.6637325015121272e-05
457.3  0.001330220143287447  -1.66340007606362e-05
457.35  0.0013302208290880216  -1.663051065780381e-05
457.40000000000003  0.0013302219168124102  -1.662690142575842e-05
457.45000000000005  0.0013302234494801785  -1.6623223124190788e-05
457.5  0.0013302254570592207  -1.6619529114191207e-05
457.55  0.0013302279510235353  -1.6615875774301917e-05
457.6  0.0013302309199576118  -1.6612321875554147e-05
457.65000000000003  0.0013302343266100346  -1.6608927576780997e-05
457.70000000000005  0.0013302381068002053  -1.6605753059905607e-05
457.75  0.0013302421703430762  -1.660285686910497e-05
457.8  0.0013302464040824144  -1.660029398773094e-05
457.85  0.0013302506768650794  -1.6598113833178607e-05
457.90000000000003  0.0013302548462062155  -1.659635825478924e-05
457.95000000000005  0.00133025876612895  -1.6595059672143962e-05
458.0  0.0013302622956428043  -1.6594239499671706e-05
458.05  0.0013302653071897332  -1.6593906943650357e-05
458.1  0.0013302676944129382  -1.6594058260040873e-05
458.15000000000003  0.0013302693786177173  -1.6594676507198877e-05
458.20000000000005  0.00133027031343137  -1.6595731843941568e-05
458.25  0.0013302704872843979  -1.659718231485541e-05
458.3  0.0013302699235449834  -1.6598975116139574e-05
458.35  0.0013302686783207944  -1.66010482828818e-05
458.40000000000003  0.0013302668361204572  -1.6603332670646256e-05
458.45000000000005  0.0013302645037782863  -1.6605754205091983e-05
458.5  0.0013302618031210542  -1.6608236237850016e-05
458.55  0.0013302588630049689  -1.6610701929031086e-05
458.6  0.0013302558113283095  -1.661307657240083e-05
458.65000000000003  0.0013302527676545702  -1.6615289723572813e-05
458.70000000000005  0.0013302498369636758  -1.6617277088974724e-05
458.75  0.001330247104974429  -1.6618982095186678e-05
458.8  0.0013302446353101005  -1.662035706617563e-05
458.85  0.0013302424686362092  -1.6621364017683484e-05
458.90000000000003  0.0013302406237091114  -1.662197502491083e-05
458.95000000000005  0.001330239100135276  -1.6622172195439105e-05
459.0  0.0013302378825480157  -1.662194727858118e-05
459.05  0.0013302369456992032  -1.6621300993727964e-05
459.1  0.0013302362600520305  -1.6620242099475084e-05
459.15000000000003  0.0013302357972958868  -1.6618786354858652e-05
459.20000000000005  0.0013302355353518127  -1.661695543781665e-05
459.25  0.001330235462384184  -1.6614775907113164e-05
459.3  0.001330235579509705  -1.6612278322303514e-05
459.35  0.00133023590195747  -1.6609496557487623e-05
459.40000000000003  0.0013302364585708925  -1.6606467376122135e-05
459.45000000000005  0.001330237289670935  -1.660323023458109e-05
459.5  0.001330238443440187  -1.6599827302329353e-05
459.55  0.0013302399710929636  -1.6596303620538557e-05
459.6  0.0013302419212053388  -1.6592707289533643e-05
459.65000000000003  0.001330244333651968  -1.6589089585506453e-05
459.70000000000005  0.0013302472336737872  -1.6585504906506203e-05
459.75  0.001330250626581417  -1.6582010407148896e-05
459.8  0.0013302544935964412  -1.6578665318325446e-05
459.85  0.0013302587892925072  -1.6575529873482232e-05
459.90000000000003  0.001330263440916877  -1.657266387773454e-05
459.95000000000005  0.0013302683498117973  -1.6570124997107648e-05
460.0  0.0013302733949524057  -1.656796680816054e-05
460.05  0.0013302784383946754  -1.656623678563101e-05
460.1  0.001330283332351038  -1.656497432495237e-05
460.15000000000003  0.001330287927342643  -1.656420893751025e-05
460.20000000000005  0.0013302920808654392  -1.656395874313635e-05
460.25  0.0013302956658820606  -1.6564229368264344e-05
460.3  0.0013302985784877878  -1.6565013295728737e-05
460.35  0.0013303007441458352  -1.656628974884642e-05
460.40000000000003  0.0013303021219640073  -1.6568025087709804e-05
460.45000000000005  0.001330302706748669  -1.657017369725562e-05
460.5  0.0013303025286299924  -1.6572679355144368e-05
460.55  0.0013303016503433043  -1.6575476972763487e-05
460.6  0.001330300162410258  -1.6578494644373478e-05
460.65000000000003  0.0013302981766298333  -1.6581655919859764e-05
460.70000000000005  0.0013302958184245781  -1.65848821632791e-05
460.75  0.001330293218659862  -1.6588094943417384e-05
460.8  0.0013302905055849823  -1.659121830760251e-05
460.85  0.001330287797505323  -1.6594180889152057e-05
460.90000000000003  0.0013302851967102488  -1.6596917734386005e-05
460.95000000000005  0.0013302827850722094  -1.6599371811935903e-05
461.0  0.001330280621572356  -1.660149514108437e-05
461.05  0.0013302787418327374  -1.660324950831767e-05
461.1  0.0013302771595794694  -1.6604606778668467e-05
461.15000000000003  0.0013302758697991345  -1.6605548830345802e-05
461.20000000000005  0.0013302748532478398  -1.66060671145386e-05
461.25  0.0013302740818238695  -1.660616193780199e-05
461.3  0.0013302735243238733  -1.6605841549914547e-05
461.35  0.0013302731520339654  -1.6605121075296972e-05
461.40000000000003  0.001330272943707029  -1.660402144355866e-05
461.45000000000005  0.001330272889450842  -1.6602568395513166e-05
461.5  0.0013302729932169813  -1.6600791623622635e-05
461.55  0.0013302732737028459  -1.659872414039201e-05
461.6  0.0013302737635369041  -1.6596401890499302e-05
461.65000000000003  0.0013302745068132045  -1.65938636015816e-05
461.70000000000005  0.001330275555162067  -1.6591150844541872e-05
461.75  0.0013302769626485425  -1.658830819434168e-05
461.8  0.001330278779875065  -1.6585383431123282e-05
461.85  0.0013302810477926904  -1.658242763333262e-05
461.90000000000003  0.001330283791721537  -1.6579495077271027e-05
461.95000000000005  0.0013302870161108322  -1.6576642829374826e-05
462.0  0.0013302907005374258  -1.6573930005935522e-05
462.05  0.001330294797372206  -1.6571416635085753e-05
462.1  0.0013302992314120166  -1.6569162162875925e-05
462.15000000000003  0.0013303039016432914  -1.656722369748002e-05
462.20000000000005  0.0013303086851073893  -1.6565654028398782e-05
462.25  0.0013303134427034794  -1.6564499596042215e-05
462.3  0.0013303180265092308  -1.6563798529225203e-05
462.35  0.0013303222881311382  -1.6563578864008197e-05
462.40000000000003  0.0013303260874651193  -1.6563857081158904e-05
462.45000000000005  0.0013303293011676588  -1.6564637069941884e-05
462.5  0.0013303318302025312  -1.6565909563497614e-05
462.55  0.0013303336058397984  -1.6567652091240698e-05
462.6  0.0013303345936522542  -1.6569829459320046e-05
462.65000000000003  0.001330334795200322  -1.657239473379249e-05
462.70000000000005  0.0013303342472929247  -1.657529067011158e-05
462.75  0.0013303330188949654  -1.65784515223532e-05
462.8  0.0013303312059767024  -1.6581805151834306e-05
462.85  0.001330328924750387  -1.658527531071222e-05
462.90000000000003  0.0013303263038241717  -1.658878404997761e-05
462.95000000000005  0.0013303234759291817  -1.659225408550671e-05
463.0  0.001330320569876562  -1.6595611065082757e-05
463.05  0.0013303177033286116  -1.6598785626096126e-05
463.1  0.0013303149768997477  -1.6601715200858266e-05
463.15000000000003  0.0013303124700000917  -1.6604345438859624e-05
463.20000000000005  0.0013303102386343578  -1.6606631263069334e-05
463.25  0.0013303083152204037  -1.6608537533655812e-05
463.3  0.0013303067103314658  -1.661003926803036e-05
463.35  0.0013303054160908054  -1.661112148661865e-05
463.40000000000003  0.0013303044108734605  -1.6611778731477232e-05
463.45000000000005  0.0013303036647906094  -1.6612014282322445e-05
463.5  0.0013303031455061233  -1.66118391804102e-05
463.55  0.001330302823795834  -1.661127115588825e-05
463.6  0.0013303026784254044  -1.6610333540116877e-05
463.65000000000003  0.0013303026998884335  -1.6609054253758824e-05
463.70000000000005  0.0013303028927093446  -1.660746499553608e-05
463.75  0.0013303032761008186  -1.6605600613998905e-05
463.8  0.0013303038829215082  -1.6603498754108126e-05
463.85  0.001330304756998082  -1.6601199737157246e-05
463.90000000000003  0.0013303059490117988  -1.659874662036302e-05
463.95000000000005  0.001330307511247942  -1.6596185386177995e-05
464.0  0.0013303094916564651  -1.6593565113193838e-05
464.05  0.0013303119276602666  -1.6590938040409158e-05
464.1  0.00133031484027227  -1.6588359425267216e-05
464.15000000000003  0.001330318229045857  -1.658588708816633e-05
464.20000000000005  0.0013303220683181306  -1.6583580587486426e-05
464.25  0.0013303263052020214  -1.6581500041671802e-05
464.3  0.0013303308595588625  -1.6579704595050346e-05
464.35  0.001330335626125314  -1.6578250607064563e-05
464.40000000000003  0.0013303404787019574  -1.6577189679134094e-05
464.45000000000005  0.001330345276220449  -1.6576566623748056e-05
464.5  0.001330349870249912  -1.6576417522718898e-05
464.55  0.0013303541134359101  -1.6576768016829304e-05
464.6  0.0013303578681997572  -1.6577631899191867e-05
464.65000000000003  0.0013303610150597397  -1.6579010158582273e-05
464.70000000000005  0.0013303634598909346  -1.658089051594807e-05
464.75  0.0013303651395808807  -1.6583247455661675e-05
464.8  0.0013303660256016709  -1.6586042818796e-05
464.85  0.0013303661252596533  -1.658922685826114e-05
464.90000000000003  0.0013303654805209607  -1.659273974842371e-05
464.95000000000005  0.0013303641645541937  -1.6596513483630522e-05
465.0  0.0013303622762898546  -1.6600474016624858e-05
465.05  0.0013303599334541052  -1.660454359482251e-05
465.1  0.0013303572646624331  -1.6608643184329026e-05
465.15000000000003  0.001330354401209944  -1.6612694841023202e-05
465.20000000000005  0.001330351469174599  -1.661662396771149e-05
465.25  0.0013303485824527944  -1.6620361341554185e-05
465.3  0.0013303458372037104  -1.6623844851458114e-05
465.35  0.0013303433080534672  -1.6627020891771672e-05
465.40000000000003  0.0013303410462925393  -1.662984533203093e-05
465.45000000000005  0.0013303390800409342  -1.6632284097011472e-05
465.5  0.0013303374163051883  -1.663431333325026e-05
465.55  0.0013303360446153812  -1.6635919172530603e-05
465.6  0.0013303349418412437  -1.663709718554478e-05
465.65000000000003  0.0013303340777387977  -1.6637851533201492e-05
465.70000000000005  0.001330333420681389  -1.663819398245404e-05
465.75  0.0013303329430814725  -1.6638142783690388e-05
465.8  0.0013303326260227242  -1.6637721601831467e-05
465.85  0.0013303324627073094  -1.663695852395508e-05
465.90000000000003  0.0013303324604276863  -1.6635885262716735e-05
465.95000000000005  0.0013303326408930466  -1.6634536583013987e-05
466.0  0.001330333038862937  -1.663294998975487e-05
466.05  0.001330333699211569  -1.6631165645296115e-05
466.1  0.0013303346725900172  -1.662922645356748e-05
466.15000000000003  0.0013303360100812443  -1.662717826099631e-05
466.20000000000005  0.0013303377572275365  -1.66250700177089e-05
466.25  0.0013303399479294095  -1.662295381569905e-05
466.3  0.0013303425987738222  -1.6620884670625995e-05
466.35  0.0013303457042605372  -1.6618920029237727e-05
466.40000000000003  0.0013303492334428256  -1.661711887279325e-05
466.45000000000005  0.0013303531283395042  -1.6615540461867523e-05
466.5  0.0013303573043740257  -1.6614242748691022e-05
466.55  0.0013303616529345094  -1.6613280538669726e-05
466.6  0.0013303660459591847  -1.661270349926432e-05
466.65000000000003  0.0013303703422955916  -1.6612554147996963e-05
466.70000000000005  0.0013303743953880043  -1.6612865953792013e-05
466.75  0.0013303780617442628  -1.6613661682348953e-05
466.8  0.0013303812095161478  -1.661495209090446e-05
466.85  0.001330383726572289  -1.6616735058206907e-05
466.90000000000003  0.0013303855273510351  -1.661899522967334e-05
466.95000000000005  0.0013303865580315938  -1.662170417755359e-05
467.0  0.0013303867995533162  -1.6624821072862284e-05
467.05  0.001330386268298121  -1.6628293864031935e-05
467.1  0.001330385014390522  -1.6632060862248116e-05
467.15000000000003  0.0013303831177729343  -1.6636052690428946e-05
467.20000000000005  0.0013303806824146592  -1.6640194493312355e-05
467.25  0.0013303778291387366  -1.6644408298760265e-05
467.3  0.001330374687652347  -1.664861543612141e-05
467.35  0.001330371388419443  -1.6652738886544644e-05
467.40000000000003  0.001330368054998518  -1.665670553501863e-05
467.45000000000005  0.0013303647974233048  -1.6660448115712553e-05
467.5  0.0013303617070735108  -1.666390690821843e-05
467.55  0.0013303588533656045  -1.6667031035601004e-05
467.6  0.0013303562824295606  -1.6669779359780135e-05
467.65000000000003  0.0013303540177136532  -1.667212096847766e-05
467.70000000000005  0.0013303520624289899  -1.6674035259359936e-05
467.75  0.001330350403466301  -1.667551161839279e-05
467.8  0.0013303490163768025  -1.6676548805323425e-05
467.85  0.00133034787095397  -1.6677154062394776e-05
467.90000000000003  0.00133034693687278  -1.6677342074653315e-05
467.95000000000005  0.0013303461889040886  -1.6677133844855978e-05
468.0  0.001330345611234191  -1.667655561515553e-05
468.05  0.0013303452005405383  -1.6675637890022554e-05
468.1  0.0013303449675261016  -1.6674414666769614e-05
468.15000000000003  0.0013303449368312812  -1.667292289667143e-05
468.20000000000005  0.0013303451452482463  -1.6671202186987642e-05
468.25  0.001330345638432615  -1.666929473487927e-05
468.3  0.0013303464663193092  -1.6667245425883224e-05
468.35  0.0013303476776038645  -1.6665101991451435e-05
468.40000000000003  0.0013303493137577609  -1.6662915126291447e-05
468.45000000000005  0.0013303514030535836  -1.6660738464962296e-05
468.5  0.0013303539551429463  -1.6658628298912804e-05
468.55  0.0013303569566780605  -1.6656642976849048e-05
468.6  0.0013303603684440889  -1.6654841933563726e-05
468.65000000000003  0.0013303641243402557  -1.6653284369967506e-05
468.70000000000005  0.0013303681324192752  -1.6652027628282938e-05
468.75  0.0013303722780064412  -1.6651125320975074e-05
468.8  0.00133037642880774  -1.665062534411633e-05
468.85  0.001330380441643817  -1.665056791586646e-05
468.90000000000003  0.0013303841703725425  -1.6650983741288406e-05
468.95000000000005  0.0013303874743966371  -1.665189245084089e-05
469.0  0.0013303902271090899  -1.6653301404274848e-05
469.05  0.0013303923236213087  -1.6655204955745052e-05
469.1  0.0013303936871552134  -1.6657584212635625e-05
469.15000000000003  0.001330394273576755  -1.6660407332333275e-05
469.20000000000005  0.001330394073765911  -1.666363031243949e-05
469.25  0.0013303931135952155  -1.666719827779419e-05
469.3  0.0013303914515746572  -1.6671047155714883e-05
469.35  0.0013303891743939467  -1.667510570355546e-05
469.40000000000003  0.0013303863907054108  -1.6679297763674415e-05
469.45000000000005  0.001330383223708511  -1.6683544647574846e-05
469.5  0.0013303798031165611  -1.6687767564492148e-05
469.55  0.001330376257159415  -1.6691889969276327e-05
469.6  0.001330372705208611  -1.6695839730488217e-05
469.65000000000003  0.001330369251586244  -1.669955104834683e-05
469.70000000000005  0.0013303659809536525  -1.670296604029621e-05
469.75  0.0013303629555910168  -1.6706035958632026e-05
469.8  0.0013303602146237  -1.6708721967878645e-05
469.85  0.0013303577751961355  -1.6710995530684223e-05
469.90000000000003  0.0013303556353318128  -1.6712838372090933e-05
469.95000000000005  0.0013303537781878768  -1.671424207218058e-05
470.0  0.0013303521772232807  -1.6715207366169095e-05
470.05  0.0013303508018103721  -1.6715743197914714e-05
470.1  0.0013303496227621925  -1.6715865644513148e-05
470.15000000000003  0.0013303486172919115  -1.671559680720906e-05
470.20000000000005  0.0013303477729765187  -1.6714963739261277e-05
470.25  0.001330347090375051  -1.671399753189651e-05
470.3  0.0013303465840776448  -1.671273261183903e-05
470.35  0.0013303462821039839  -1.6711206254875466e-05
470.40000000000003  0.0013303462236678013  -1.670945837884579e-05
470.45000000000005  0.0013303464554667056  -1.6707531510408847e-05
470.5  0.0013303470267985386  -1.670547089345075e-05
470.55  0.0013303479838933478  -1.670332463804742e-05
470.6  0.0013303493638899726  -1.6701143791586536e-05
470.65000000000003  0.001330351189026057  -1.6698982229991998e-05
470.70000000000005  0.0013303534615100778  -1.6696896267676142e-05
470.75  0.001330356159625208  -1.6694943951149925e-05
470.8  0.0013303592354226117  -1.669318398960331e-05
470.85  0.0013303626143714416  -1.669167432820839e-05
470.90000000000003  0.0013303661970804521  -1.6690470461797643e-05
470.95000000000005  0.0013303698630781117  -1.6689623542824432e-05
471.0  0.0013303734764829054  -1.6689178412697555e-05
471.05  0.0013303768931707564  -1.668917168733792e-05
471.1  0.0013303799689259525  -1.6689630037951026e-05
471.15000000000003  0.0013303825679707268  -1.669056873929381e-05
471.20000000000005  0.0013303845712211422  -1.669199064084474e-05
471.25  0.001330385883600376  -1.669388559045299e-05
471.3  0.0013303864398325474  -1.669623036590893e-05
471.35  0.0013303862082679639  -1.6698989118317303e-05
471.40000000000003  0.0013303851924344268  -1.6702114319856157e-05
471.45000000000005  0.0013303834302207025  -1.6705548164883057e-05
471.5  0.0013303809907742369  -1.6709224339510353e-05
471.55  0.0013303779694060888  -1.6713070097050032e-05
471.6  0.0013303744809190648  -1.671700855329552e-05
471.65000000000003  0.0013303706519277839  -1.672096105996535e-05
471.70000000000005  0.0013303666127929595  -1.6724849589858396e-05
471.75  0.001330362489778497  -1.6728599020525165e-05
471.8  0.0013303583980447302  -1.6732139215739944e-05
471.85  0.0013303544359796445  -1.673540682775251e-05
471.90000000000003  0.001330350681210182  -1.673834677779775e-05
471.95000000000005  0.0013303471885619863  -1.6740913324847398e-05
472.0  0.0013303439899617414  -1.674307074603582e-05
472.05  0.0013303410962272047  -1.6744793591369012e-05
472.1  0.0013303385004423103  -1.6746066547952145e-05
472.15000000000003  0.0013303361825684938  -1.674688396106547e-05
472.20000000000005  0.0013303341148173348  -1.674724908661289e-05
472.25  0.0013303322672908488  -1.6747173107621994e-05
472.3  0.0013303306133465652  -1.6746674093777968e-05
472.35  0.0013303291342615354  -1.674577589105982e-05
472.40000000000003  0.0013303278227476808  -1.674450714717773e-05
472.45000000000005  0.0013303266850521723  -1.6742900472368582e-05
472.5  0.0013303257414372764  -1.6740991808366452e-05
472.55  0.00133032502498054  -1.673882005510279e-05
472.6  0.001330324578805396  -1.673642689070166e-05
472.65000000000003  0.0013303244519166238  -1.6733856801894736e-05
472.70000000000005  0.0013303246939719235  -1.6731157171277376e-05
472.75  0.0013303253494267755  -1.672837838519192e-05
472.8  0.0013303264515182856  -1.672557379864552e-05
472.85  0.001330328016605376  -1.6722799518283983e-05
472.90000000000003  0.0013303300394187979  -1.672011385478716e-05
472.95000000000005  0.0013303324896535255  -1.671757646202793e-05
473.0  0.0013303353103243706  -1.671524709651452e-05
473.05  0.001330338418116206  -1.671318409161588e-05
473.1  0.0013303417058443793  -1.6711442558768803e-05
473.15000000000003  0.0013303450469219025  -1.671007245849837e-05
473.20000000000005  0.001330348301616467  -1.6709116647430056e-05
473.25  0.0013303513246259704  -1.670860901186041e-05
473.3  0.0013303539734520115  -1.6708572854374332e-05
473.35  0.001330356116916477  -1.6709019613118047e-05
473.40000000000003  0.001330357643172194  -1.670994799348618e-05
473.45000000000005  0.0013303584665527082  -1.6711343602455282e-05
473.5  0.00133035853274216  -1.671317908745159e-05
473.55  0.0013303578218321751  -1.671541478297277e-05
473.6  0.0013303563490642042  -1.671799983864891e-05
473.65000000000003  0.0013303541632116562  -1.6720873771665173e-05
473.70000000000005  0.0013303513427406909  -1.6723968376198086e-05
473.75  0.0013303479901169888  -1.6727209877667347e-05
473.8  0.0013303442247182807  -1.6730521269103793e-05
473.85  0.0013303401749539018  -1.6733824694240527e-05
473.90000000000003  0.0013303359701911884  -1.6737043786167467e-05
473.95000000000005  0.0013303317331392942  -1.6740105860802335e-05
474.0  0.0013303275732520744  -1.6742943891970047e-05
474.05  0.001330323581588459  -1.674549817635865e-05
474.1  0.0013303198274729885  -1.6747717642266258e-05
474.15000000000003  0.001330316357112113  -1.6749560748103047e-05
474.20000000000005  0.0013303131941753694  -1.6750995987488393e-05
474.25  0.001330310342141059  -1.6752001980942298e-05
474.3  0.0013303077881545813  -1.6752567203171236e-05
474.35  0.0013303055079548827  -1.6752689379963466e-05
474.40000000000003  0.0013303034714044705  -1.6752374648339673e-05
474.45000000000005  0.0013303016480942266  -1.6751636550962293e-05
474.5  0.0013303000125457621  -1.6750494978132755e-05
474.55  0.0013302985485336579  -1.674897510876936e-05
474.6  0.0013302972521706579  -1.674710650869716e-05
474.65000000000003  0.001330296133478797  -1.6744922382525462e-05
474.70000000000005  0.0013302952163411924  -1.6742459068636007e-05
474.75  0.0013302945367392406  -1.673975575811862e-05
474.8  0.0013302941395231097  -1.6736854432509063e-05
474.85  0.0013302940738451653  -1.6733799917303515e-05
474.90000000000003  0.001330294387691813  -1.6730640021759505e-05
474.95000000000005  0.0013302951219143029  -1.6727425605127222e-05
475.0  0.0013302963042858339  -1.672421048609608e-05
475.05  0.0013302979440953592  -1.672105110408302e-05
475.1  0.0013303000278104865  -1.6718005861991758e-05
475.15000000000003  0.0013303025162295624  -1.6715134104586856e-05
475.20000000000005  0.0013303053434910357  -1.6712494771567465e-05
475.25  0.001330308418120972  -1.6710144738061347e-05
475.3  0.001330311626188374  -1.6708136960249392e-05
475.35  0.0013303148363911935  -1.6706518510625724e-05
475.40000000000003  0.0013303179067861344  -1.6705328625914672e-05
475.45000000000005  0.0013303206926556232  -1.6704596938300962e-05
475.5  0.0013303230549729414  -1.670434194631326e-05
475.55  0.001330324868763576  -1.6704569896059144e-05
475.6  0.0013303260307467343  -1.6705274085036565e-05
475.65000000000003  0.0013303264656424835  -1.6706434687784803e-05
475.70000000000005  0.0013303261306215003  -1.6708019089542274e-05
475.75  0.0013303250175916545  -1.6709982730271568e-05
475.8  0.0013303231531391544  -1.671227040593679e-05
475.85  0.0013303205961509128  -1.6714817973270744e-05
475.90000000000003  0.0013303174333571077  -1.671755437560355e-05
475.95000000000005  0.0013303137731662412  -1.672040388989984e-05
476.0  0.001330309738307948  -1.672328849040036e-05
476.05  0.0013303054579023835  -1.672613023156208e-05
476.1  0.0013303010595686646  -1.6728853551975552e-05
476.15000000000003  0.001330296662150148  -1.6731387386602695e-05
476.20000000000005  0.0013302923696464617  -1.6733667026182122e-05
476.25  0.001330288266691495  -1.67356356405346e-05
476.3  0.0013302844158934418  -1.6737245418962563e-05
476.35  0.0013302808571221314  -1.6738458328371866e-05
476.40000000000003  0.0013302776086713867  -1.6739246423940163e-05
476.45000000000005  0.0013302746701111083  -1.6739591806466995e-05
476.5  0.0013302720264744376  -1.6739486195314576e-05
476.55  0.0013302696533544864  -1.6738930235739974e-05
476.6  0.0013302675224158424  -1.6737932582478105e-05
476.65000000000003  0.0013302656068072188  -1.6736508859449095e-05
476.70000000000005  0.001330263886022501  -1.6734680613879078e-05
476.75  0.001330262349751076  -1.67324743205957e-05
476.8  0.001330261000408053  -1.6729920549749325e-05
476.85  0.0013302598541197878  -1.6727053328991198e-05
476.90000000000003  0.0013302589400709143  -1.6723909753984883e-05
476.95000000000005  0.0013302582982466402  -1.6720529827969057e-05
477.0  0.0013302579757330818  -1.6716956481008065e-05
477.05  0.0013302580218585431  -1.671323569169144e-05
477.1  0.001330258482570504  -1.6709416635568445e-05
477.15000000000003  0.001330259394499727  -1.6705551730448868e-05
477.20000000000005  0.0013302607792163392  -1.6701696461498758e-05
477.25  0.0013302626382226343  -1.6697908931002708e-05
477.3  0.001330264949138478  -1.6694249063793176e-05
477.35  0.0013302676635201533  -1.669077744697895e-05
477.40000000000003  0.0013302707065905898  -1.6687553836424785e-05
477.45000000000005  0.0013302739790382848  -1.6684635383013556e-05
477.5  0.0013302773608608485  -1.6682074711633975e-05
477.55  0.001330280717050899  -1.6679917905495557e-05
477.6  0.0013302839047368677  -1.6678202601346187e-05
477.65000000000003  0.0013302867812924955  -1.6676956259323002e-05
477.70000000000005  0.0013302892127697325  -1.6676194775606208e-05
477.75  0.0013302910820372073  -1.6675921485272702e-05
477.8  0.001330292295947673  -1.667612665551461e-05
477.85  0.0013302927909811125  -1.6676787486222797e-05
477.90000000000003  0.0013302925369275708  -1.6677868626456234e-05
477.95000000000005  0.0013302915383069775  -1.667932318600012e-05
478.0  0.0013302898334537202  -1.668109419018999e-05
478.05  0.0013302874913523747  -1.6683116408134193e-05
478.1  0.0013302846065236114  -1.6685318452768828e-05
478.15000000000003  0.0013302812923875805  -1.668762508038723e-05
478.20000000000005  0.0013302776736500146  -1.6689959567194436e-05
478.25  0.0013302738783419928  -1.669224606158171e-05
478.3  0.001330270030126269  -1.6694411814851032e-05
478.35  0.001330266241448183  -1.6696389202982198e-05
478.40000000000003  0.0013302626080148833  -1.6698117461555017e-05
478.45000000000005  0.0013302592049658393  -1.6699544070175967e-05
478.5  0.0013302560849542664  -1.670062573809613e-05
478.55  0.0013302532781568528  -1.6701328998747125e-05
478.6  0.0013302507941131232  -1.67016303795174e-05
478.65000000000003  0.001330248625134115  -1.670151621134151e-05
478.70000000000005  0.0013302467508863928  -1.6700982093791625e-05
478.75  0.0013302451437132825  -1.670003209970866e-05
478.8  0.0013302437741858726  -1.6698677805542374e-05
478.85  0.0013302426163717056  -1.6696937238685713e-05
478.90000000000003  0.0013302416523640558  -1.6694833821334393e-05
478.95000000000005  0.0013302408757050344  -1.6692395429898687e-05
479.0  0.0013302402933610255  -1.6689653633490936e-05
479.05  0.0013302399261137265  -1.6686643129097526e-05
479.1  0.0013302398073087494  -1.668340146265487e-05
479.15000000000003  0.001330239980033086  -1.6679968940869617e-05
479.20000000000005  0.0013302404929375813  -1.667638872762244e-05
479.25  0.0013302413950277373  -1.6672707016666477e-05
479.3  0.0013302427298280196  -1.6668973184038086e-05
479.35  0.0013302445294113715  -1.6665239799349557e-05
479.40000000000003  0.0013302468087943013  -1.666156240935819e-05
479.45000000000005  0.0013302495612248126  -1.6657999002520248e-05
479.5  0.001330252754830845  -1.665460909595494e-05
479.55  0.0013302563310106186  -1.665145248486025e-05
479.6  0.0013302602048212374  -1.6648587642009455e-05
479.65000000000003  0.001330264267440977  -1.664606987253033e-05
479.70000000000005  0.0013302683906790001  -1.664394932956027e-05
479.75  0.0013302724332109033  -1.664226899520348e-05
479.8  0.0013302762481643853  -1.6641062788673965e-05
479.85  0.0013302796914889344  -1.664035392243406e-05
479.90000000000003  0.0013302826304734958  -1.664015358751039e-05
479.95000000000005  0.00133028495174748  -1.6640460087168508e-05
480.0  0.0013302865681450809  -1.6641258480902662e-05
480.05  0.001330287423872493  -1.664252072891136e-05
480.1  0.001330287497582127  -1.6644206364386746e-05
480.15000000000003  0.001330286803136164  -1.6646263648316655e-05
480.20000000000005  0.0013302853880104437  -1.6648631151202557e-05
480.25  0.0013302833294832413  -1.665123968287274e-05
480.3  0.0013302807289725207  -1.6654014481128597e-05
480.35  0.0013302777049882307  -1.6656877555063323e-05
480.40000000000003  0.0013302743852637976  -1.6659750087541047e-05
480.45000000000005  0.001330270898730666  -1.6662554778297382e-05
480.5  0.001330267367924166  -1.666521805024617e-05
480.55  0.0013302639023908657  -1.666767201238058e-05
480.6  0.00133026059357565  -1.6669856123904597e-05
480.65000000000003  0.0013302575114789716  -1.6671718481053952e-05
480.70000000000005  0.0013302547032817392  -1.667321671998455e-05
480.75  0.001330252193897325  -1.667431850574158e-05
480.8  0.0013302499883149107  -1.6675001616925952e-05
480.85  0.001330248075426463  -1.667525364669085e-05
480.90000000000003  0.001330246432925659  -1.6675071412050927e-05
480.95000000000005  0.0013302450328006243  -1.667446010747203e-05
481.0  0.0013302438469217524  -1.6673432279068153e-05
481.05  0.001330242852191862  -1.6672006777111335e-05
481.1  0.0013302420348582592  -1.667020770700848e-05
481.15000000000003  0.001330241393573384  -1.6668063521950134e-05
481.20000000000005  0.0013302409409665429  -1.6665606290637504e-05
481.25  0.0013302407035587433  -1.666287122053644e-05
481.3  0.0013302407200478888  -1.6659896393432494e-05
481.35  0.0013302410380487159  -1.665672275514196e-05
481.40000000000003  0.0013302417095422984  -1.6653394218420323e-05
481.45000000000005  0.001330242785383443  -1.664995785262413e-05
481.5  0.0013302443093161625  -1.664646401518038e-05
481.55  0.0013302463119626963  -1.6642966316034657e-05
481.6  0.0013302488053430336  -1.6639521337367957e-05
481.65000000000003  0.001330251778410228  -1.6636188008706254e-05
481.70000000000005  0.0013302551940626685  -1.6633026631408614e-05
481.75  0.001330258987994576  -1.663009752431654e-05
481.8  0.0013302630695871378  -1.662745936388218e-05
481.85  0.0013302673249185268  -1.6625167287530546e-05
481.90000000000003  0.0013302716217497737  -1.662327090090805e-05
481.95000000000005  0.001330275816192859  -1.6621812267562973e-05
482.0  0.0013302797606052387  -1.662082404939064e-05
482.05  0.001330283312130069  -1.6620327931345124e-05
482.1  0.0013302863412213593  -1.6620333401419496e-05
482.15000000000003  0.0013302887395120503  -1.6620836988650222e-05
482.20000000000005  0.0013302904263720982  -1.6621822005245964e-05
482.25  0.0013302913536708645  -1.6623258814540986e-05
482.3  0.0013302915083413082  -1.6625105598810116e-05
482.35  0.0013302909125986822  -1.6627309618191615e-05
482.40000000000003  0.0013302896217754594  -1.6629808852921483e-05
482.45000000000005  0.0013302877200191002  -1.6632533997488846e-05
482.5  0.0013302853141953191  -1.6635410682017452e-05
482.55  0.0013302825265253883  -1.6638361816442068e-05
482.6  0.0013302794865613968  -1.664130998647092e-05
482.65000000000003  0.0013302763231086041  -1.664417975920081e-05
482.70000000000005  0.0013302731567597613  -1.6646899840010816e-05
482.75  0.0013302700935421724  -1.6649404956549613e-05
482.8  0.0013302672201429312  -1.6651637451081842e-05
482.85  0.0013302646009921558  -1.6653548476468064e-05
482.90000000000003  0.001330262277316524  -1.6655098806545162e-05
482.95000000000005  0.001330260268156767  -1.665625923347625e-05
483.0  0.0013302585731158711  -1.665701054974901e-05
483.05  0.0013302571765206291  -1.6657343211890115e-05
483.1  0.001330256052573369  -1.6657256638974178e-05
483.15000000000003  0.001330255170994338  -1.665675834790605e-05
483.20000000000005  0.0013302545026287146  -1.66558628946923e-05
483.25  0.0013302540245226865  -1.6654590807664137e-05
483.3  0.001330253724062484  -1.6652967565199323e-05
483.35  0.0013302536017614254  -1.6651022706833064e-05
483.40000000000003  0.0013302536725198254  -1.664878916556034e-05
483.45000000000005  0.0013302539651965806  -1.6646302814909476e-05
483.5  0.0013302545205263624  -1.6643602288910907e-05
483.55  0.0013302553875441645  -1.6640728998812654e-05
483.6  0.001330256618747494  -1.6637727293702487e-05
483.65000000000003  0.0013302582643981956  -1.6634644644475676e-05
483.70000000000005  0.001330260366425999  -1.663153178149679e-05
483.75  0.001330262952402067  -1.6628442631866033e-05
483.8  0.0013302660301465073  -1.662543398177807e-05
483.85  0.0013302695834756322  -1.6622564798035046e-05
483.90000000000003  0.001330273569496776  -1.661989516693683e-05
483.95000000000005  0.0013302779178235565  -1.661748488222608e-05
484.0  0.0013302825318717414  -1.6615391724686857e-05
484.05  0.0013302872922858365  -1.661366952314142e-05
484.1  0.001330292062321233  -1.661236612549347e-05
484.15000000000003  0.0013302966948370966  -1.6611521405499974e-05
484.20000000000005  0.0013303010404429536  -1.661116544392075e-05
484.25  0.0013303049561752185  -1.6611316999482362e-05
484.3  0.0013303083140395818  -1.6611982368242343e-05
484.35  0.0013303110087572608  -1.6613154715547297e-05
484.40000000000003  0.0013303129641002078  -1.6614813923397404e-05
484.45000000000005  0.0013303141373149138  -1.6616926971749256e-05
484.5  0.0013303145213086724  -1.6619448800365955e-05
484.55  0.0013303141444091482  -1.6622323664028187e-05
484.6  0.0013303130677791378  -1.6625486869825744e-05
484.65000000000003  0.0013303113807018037  -1.662886682074255e-05
484.70000000000005  0.0013303091941554944  -1.6632387280491353e-05
484.75  0.0013303066332084924  -1.6635969754714552e-05
484.8  0.0013303038288411285  -1.6639535872888314e-05
484.85  0.001330300909861466  -1.6643009698959297e-05
484.90000000000003  0.0013302979955205985  -1.6646319827582647e-05
484.95000000000005  0.0013302951893506961  -1.6649401248877965e-05
485.0  0.0013302925746584938  -1.6652196853300075e-05
485.05  0.0013302902119301453  -1.66546585793362e-05
485.1  0.0013302881382384136  -1.6656748142801383e-05
485.15000000000003  0.001330286368591484  -1.6658437363325476e-05
485.20000000000005  0.0013302848989911907  -1.6659708086016935e-05
485.25  0.001330283710863253  -1.6660551759061122e-05
485.3  0.0013302827763727691  -1.666096871545718e-05
485.35  0.0013302820641685168  -1.6660967240185345e-05
485.40000000000003  0.0013302815449828438  -1.6660562514115088e-05
485.45000000000005  0.0013302811966492553  -1.6659775523515663e-05
485.5  0.0013302810080487127  -1.6658632051820403e-05
485.55  0.0013302809816981903  -1.6657161817995743e-05
485.6  0.001330281134749306  -1.6655397825617578e-05
485.65000000000003  0.0013302814982722058  -1.6653375964244266e-05
485.70000000000005  0.0013302821149173871  -1.665113487032521e-05
485.75  0.0013302830350769112  -1.6648715964205857e-05
485.8  0.001330284311870011  -1.664616362299703e-05
485.85  0.0013302859953197455  -1.6643525385225664e-05
485.90000000000003  0.0013302881261997499  -1.6640852071301052e-05
485.95000000000005  0.0013302907300693657  -1.663819768036028e-05
486.0  0.0013302938120200755  -1.6635619011631862e-05
486.05  0.0013302973526220009  -1.663317493479403e-05
486.1  0.001330301305517219  -1.6630925275349403e-05
486.15000000000003  0.0013303055969571824  -1.6628929336756832e-05
486.20000000000005  0.0013303101274588045  -1.662724414855138e-05
486.25  0.0013303147755537315  -1.6625922493033823e-05
486.3  0.0013303194034648583  -1.6625010880393304e-05
486.35  0.0013303238643306188  -1.6624547566465716e-05
486.40000000000003  0.0013303280104725427  -1.6624560762421112e-05
486.45000000000005  0.0013303317020922907  -1.6625067165114546e-05
486.5  0.0013303348157167232  -1.6626070895209245e-05
486.55  0.001330337251755151  -1.662756291681219e-05
486.6  0.001330338940530392  -1.66295209719612e-05
486.65000000000003  0.001330339846354357  -1.663191006143238e-05
486.70000000000005  0.0013303399693024754  -1.663468340082873e-05
486.75  0.0013303393445698783  -1.663778385261889e-05
486.8  0.0013303380395146653  -1.664114574603402e-05
486.85  0.0013303361486166699  -1.6644696964856175e-05
486.90000000000003  0.0013303337867992468  -1.6648361266118766e-05
486.95000000000005  0.0013303310816853208  -1.665206066715644e-05
487.0  0.001330328165376745  -1.6655717825354247e-05
487.05  0.0013303251664457962  -1.6659258322816186e-05
487.1  0.0013303222026973334  -1.666261272666408e-05
487.15000000000003  0.0013303193752557075  -1.6665718387256275e-05
487.20000000000005  0.0013303167643492933  -1.666852086341388e-05
487.25  0.0013303144270381281  -1.6670975001460307e-05
487.3  0.0013303123969469243  -1.667304556155554e-05
487.35  0.001330310685922102  -1.6674707461118926e-05
487.40000000000003  0.001330309287340078  -1.6675945628380462e-05
487.45000000000005  0.0013303081807048952  -1.667675449655646e-05
487.5  0.0013303073370864757  -1.6677137231389653e-05
487.55  0.001330306724865878  -1.667710474686471e-05
487.6  0.0013303063152790306  -1.6676674637663633e-05
487.65000000000003  0.0013303060872719118  -1.6675870085259875e-05
487.70000000000005  0.0013303060312519284  -1.6674718849507965e-05
487.75  0.0013303061514204318  -1.6673252442973895e-05
487.8  0.0013303064664781858  -1.6671505500464516e-05
487.85  0.0013303070086472303  -1.6669515440385875e-05
487.90000000000003  0.0013303078210536103  -1.6667322329083612e-05
487.95000000000005  0.00133030895368834  -1.666496896054776e-05
488.0  0.0013303104582328043  -1.6662501043462332e-05
488.05  0.0013303123821666347  -1.665996738320016e-05
488.1  0.0013303147626316262  -1.6657419971028873e-05
488.15000000000003  0.0013303176205844347  -1.6654913862033526e-05
488.20000000000005  0.0013303209557459406  -1.665250671237001e-05
488.25  0.0013303247428473573  -1.6650258000839658e-05
488.3  0.0013303289295800947  -1.664822784803663e-05
488.35  0.00133033343652591  -1.6646475489669383e-05
488.40000000000003  0.0013303381592111498  -1.6645057481998898e-05
488.45000000000005  0.0013303429722390189  -1.66440257112103e-05
488.5  0.0013303477352697114  -1.6643425368891582e-05
488.55  0.0013303523004606181  -1.664329298415744e-05
488.6  0.0013303565208357155  -1.6643654693813807e-05
488.65000000000003  0.001330360258953282  -1.664452482051345e-05
488.70000000000005  0.0013303633951867702  -1.6645904888671183e-05
488.75  0.0013303658349919213  -1.664778311208175e-05
488.8  0.0013303675145773372  -1.665013443496652e-05
488.85  0.0013303684045082296  -1.6652921077069897e-05
488.90000000000003  0.0013303685110136565  -1.6656093580075856e-05
488.95000000000005  0.00133036787489261  -1.6659592310414723e-05
489.0  0.0013303665681200338  -1.6663349331365795e-05
489.05  0.0013303646884878979  -1.66672905677535e-05
489.1  0.001330362352713295  -1.667133813142499e-05
489.15000000000003  0.0013303596885975498  -1.667541275676297e-05
489.20000000000005  0.0013303568268491187  -1.6679436194947696e-05
489.25  0.0013303538932293883  -1.6683333481491746e-05
489.3  0.0013303510015990287  -1.6687034994122114e-05
489.35  0.0013303482483383844  -1.6690478210717205e-05
489.40000000000003  0.0013303457085499933  -1.6693609109683072e-05
489.45000000000005  0.0013303434341874457  -1.669638318312419e-05
489.5  0.0013303414541944788  -1.669876601793712e-05
489.55  0.001330339776500163  -1.670073347950253e-05
489.6  0.0013303383915875668  -1.6702271490510578e-05
489.65000000000003  0.001330337277278512  -1.6703375484732248e-05
489.70000000000005  0.0013303364042157317  -1.6704049578801766e-05
489.75  0.0013303357415734576  -1.6704305558705923e-05
489.8  0.0013303352624360648  -1.6704161794629975e-05
489.85  0.001330334948435828  -1.6703642128291694e-05
489.90000000000003  0.0013303347931814308  -1.6702774887966784e-05
489.95000000000005  0.0013303348042419886  -1.670159207828694e-05
490.0  0.0013303350034840628  -1.6700128774545415e-05
490.05  0.0013303354257355286  -1.6698422815717546e-05
490.1  0.0013303361158571788  -1.6696514689452154e-05
490.15000000000003  0.0013303371244522814  -1.6694447621700055e-05
490.20000000000005  0.001330338502510678  -1.669226774663184e-05
490.25  0.0013303402954691584  -1.6690024275949284e-05
490.3  0.0013303425371274972  -1.6687769531815696e-05
490.35  0.0013303452439535181  -1.6685558748109094e-05
490.40000000000003  0.0013303484103311196  -1.668344955726552e-05
490.45000000000005  0.001330352005169566  -1.6681501123124495e-05
490.5  0.0013303559703070258  -1.66797728951574e-05
490.55  0.0013303602209217965  -1.6678323034630843e-05
490.6  0.0013303646480746388  -1.667720656958727e-05
490.65000000000003  0.0013303691232889152  -1.6676473428631233e-05
490.70000000000005  0.001330373504897635  -1.667616641792954e-05
490.75  0.001330377645729729  -1.6676319319766132e-05
490.8  0.001330381401593029  -1.6676955246303256e-05
490.85  0.0013303846398921644  -1.6678085304096257e-05
490.90000000000003  0.0013303872477056105  -1.6679707731453758e-05
490.95000000000005  0.0013303891387116394  -1.6681807507642837e-05
491.0  0.0013303902583729807  -1.668435651666644e-05
491.05  0.0013303905870109601  -1.6687314194007872e-05
491.1  0.0013303901405150326  -1.669062868831818e-05
491.15000000000003  0.0013303889686657848  -1.6694238434456898e-05
491.20000000000005  0.001330387151228297  -1.669807409898725e-05
491.25  0.0013303847921523333  -1.6702060774247238e-05
491.3  0.0013303820123796183  -1.670612033888763e-05
491.35  0.0013303789418603136  -1.671017387638266e-05
491.40000000000003  0.0013303757113764308  -1.6714144052978126e-05
491.45000000000005  0.0013303724448454008  -1.6717957337591114e-05
491.5  0.0013303692526516592  -1.6721545997466997e-05
491.55  0.0013303662264723159  -1.6724849794163285e-05
491.6  0.001330363435942895  -1.6727817289790008e-05
491.65000000000003  0.001330360927293107  -1.673040677081523e-05
491.70000000000005  0.00133035872396764  -1.673258674691374e-05
491.75  0.0013303568290647183  -1.673433603999186e-05
491.8  0.0013303552292688913  -1.6735643491271046e-05
491.85  0.001330353899879845  -1.6736507340572924e-05
491.90000000000003  0.001330352810434741  -1.6736934348130384e-05
491.95000000000005  0.0013303519304084977  -1.6736938758138008e-05
492.0  0.0013303512344773642  -1.673654118221216e-05
492.05  0.0013303507069096533  -1.6735767512339743e-05
492.1  0.0013303503446710904  -1.673464794831568e-05
492.15000000000003  0.0013303501589991642  -1.673321622212105e-05
492.20000000000005  0.001330350175330207  -1.673150905575759e-05
492.25  0.0013303504315192857  -1.672956586981438e-05
492.3  0.0013303509745327675  -1.6727428706776043e-05
492.35  0.0013303518558140713  -1.6725142332027878e-05
492.40000000000003  0.0013303531257242577  -1.6722754394252084e-05
492.45000000000005  0.0013303548274716027  -1.672031555916009e-05
492.5  0.001330356991068391  -1.6717879485964168e-05
492.55  0.0013303596278042779  -1.6715502567044775e-05
492.6  0.0013303627257897144  -1.6713243329613417e-05
492.65000000000003  0.0013303662469981855  -1.6711161502805578e-05
492.70000000000005  0.0013303701261632365  -1.6709316688255107e-05
492.75  0.001330374271761376  -1.6707766750639788e-05
492.8  0.001330378569106734  -1.670656595052322e-05
492.85  0.001330382885426068  -1.670576296727746e-05
492.90000000000003  0.001330387076623765  -1.6705398923901288e-05
492.95000000000005  0.0013303909952384295  -1.6705505533352698e-05
493.0  0.0013303944990236067  -1.6706103532355878e-05
493.05  0.0013303974595040673  -1.670720145551766e-05
493.1  0.0013303997697996122  -1.6708794877133342e-05
493.15000000000003  0.0013304013511336431  -1.67108661478626e-05
493.20000000000005  0.001330402157501113  -1.6713384639693483e-05
493.25  0.0013304021781232545  -1.6716307534708698e-05
493.3  0.0013304014375244775  -1.6719581045258024e-05
493.35  0.0013303999932420692  -1.6723142086927465e-05
493.40000000000003  0.0013303979313796584  -1.6726920264777795e-05
493.45000000000005  0.0013303953604010153  -1.6730840108247248e-05
493.5  0.001330392403670049  -1.6734823436252797e-05
493.55  0.0013303891913552116  -1.673879176873757e-05
493.6  0.0013303858523320312  -1.6742668671648254e-05
493.65000000000003  0.0013303825067064873  -1.6746381924842872e-05
493.70000000000005  0.001330379259515394  -1.6749865456628494e-05
493.75  0.001330376196007346  -1.6753060948113303e-05
493.8  0.0013303733788086053  -1.67559190567075e-05
493.85  0.00133037084709689  -1.675840024441971e-05
493.90000000000003  0.0013303686177034237  -1.676047517662634e-05
493.95000000000005  0.0013303666879690302  -1.6762124741626886e-05
494.0  0.0013303650400010524  -1.6763339660030613e-05
494.05  0.0013303636458830551  -1.676411981964981e-05
494.1  0.0013303624733651694  -1.676447335840028e-05
494.15000000000003  0.0013303614914805012  -1.676441560805996e-05
494.20000000000005  0.0013303606756156754  -1.6763967993629197e-05
494.25  0.0013303600115908542  -1.6763156979251364e-05
494.3  0.001330359498391083  -1.676201315063729e-05
494.35  0.0013303591493318552  -1.676057049186468e-05
494.40000000000003  0.0013303589915474728  -1.675886592208411e-05
494.45000000000005  0.001330359063813589  -1.6756939043826354e-05
494.5  0.0013303594129007792  -1.6754832117779096e-05
494.55  0.0013303600886791502  -1.6752590145027008e-05
494.6  0.0013303611384361794  -1.6750261021219776e-05
494.65000000000003  0.0013303626008090005  -1.6747895579364148e-05
494.70000000000005  0.0013303644998720783  -1.6745547486733117e-05
494.75  0.0013303668399219494  -1.6743272858222072e-05
494.8  0.0013303696014411873  -1.6741129536723817e-05
494.85  0.0013303727386665565  -1.6739176027743153e-05
494.90000000000003  0.0013303761790916145  -1.673747007858138e-05
494.95000000000005  0.0013303798250651412  -1.6736066997798528e-05
495.0  0.0013303835574755714  -1.6735017756610454e-05
495.05  0.0013303872413238185  -1.673436703678369e-05
495.1  0.0013303907328444569  -1.67341513155145e-05
495.15000000000003  0.0013303938876644997  -1.6734397148249636e-05
495.20000000000005  0.0013303965693579147  -1.6735119729057433e-05
495.25  0.001330398657772663  -1.6736321869212e-05
495.3  0.0013304000564450975  -1.6737993426794778e-05
495.35  0.0013304006985194886  -1.6740111249649798e-05
495.40000000000003  0.0013304005507129507  -1.67426396350276e-05
495.45000000000005  0.001330399615012887  -1.674553126519826e-05
495.5  0.0013303979279800254  -1.6748728617620038e-05
495.55  0.0013303955577654994  -1.6752165737967165e-05
495.6  0.0013303925990890328  -1.6755770310702945e-05
495.65000000000003  0.0013303891666024198  -1.675946592660251e-05
495.70000000000005  0.0013303853872344959  -1.6763174451171867e-05
495.75  0.0013303813920616946  -1.6766818385227514e-05
495.8  0.0013303773084208175  -1.6770323112701786e-05
495.85  0.0013303732527965662  -1.6773618972224804e-05
495.90000000000003  0.0013303693250307914  -1.6776643041606755e-05
495.95000000000005  0.0013303656042221372  -1.6779340571808788e-05
496.0  0.0013303621465480468  -1.6781666066404072e-05
496.05  0.0013303589850684125  -1.6783583943555543e-05
496.1  0.0013303561314127734  -1.6785068782014544e-05
496.15000000000003  0.0013303535790939677  -1.67861052012497e-05
496.20000000000005  0.0013303513080988928  -1.6786687384646136e-05
496.25  0.0013303492902441718  -1.6786818344075418e-05
496.3  0.0013303474948555625  -1.6786508969841504e-05
496.35  0.0013303458942087484  -1.6785776985446424e-05
496.40000000000003  0.0013303444682701893  -1.6784645886068743e-05
496.45000000000005  0.0013303432083284143  -1.6783143961388524e-05
496.5  0.001330342119200929  -1.678130348321946e-05
496.55  0.0013303412198328527  -1.6779160090423526e-05
496.6  0.0013303405422187375  -1.6776752434930582e-05
496.65000000000003  0.0013303401287156295  -1.6774122004895443e-05
496.70000000000005  0.0013303400279474572  -1.6771313164872133e-05
496.75  0.0013303402896327424  -1.67683732665287e-05
496.8  0.0013303409587349286  -1.6765352744992578e-05
496.85  0.0013303420694195872  -1.6762305102656166e-05
496.90000000000003  0.0013303436393427336  -1.675928668019237e-05
496.95000000000005  0.001330345664809495  -1.675635612134838e-05
497.0  0.0013303481172642928  -1.6753573487591177e-05
497.05  0.0013303509414990904  -1.6750999031333084e-05
497.1  0.0013303540558827819  -1.6748691636676773e-05
497.15000000000003  0.0013303573546726828  -1.6746707015733602e-05
497.20000000000005  0.0013303607123773089  -1.674509575312242e-05
497.25  0.0013303639898999257  -1.6743901330541397e-05
497.3  0.0013303670420504279  -1.674315825209876e-05
497.35  0.0013303697258901306  -1.6742890396099445e-05
497.40000000000003  0.0013303719092754313  -1.6743109716050425e-05
497.45000000000005  0.0013303734789122217  -1.6743815368656435e-05
497.5  0.001330374347312468  -1.6744993325299904e-05
497.55  0.0013303744580753147  -1.6746616508234538e-05
497.6  0.0013303737891179038  -1.6748645431775106e-05
497.65000000000003  0.0013303723535724133  -1.675102934323581e-05
497.70000000000005  0.0013303701983193058  -1.675370777763066e-05
497.75  0.0013303674003101972  -1.675661248300706e-05
497.8  0.001330364060990646  -1.6759669595158163e-05
497.85  0.001330360299304076  -1.6762801982678536e-05
497.90000000000003  0.0013303562438468331  -1.676593165797198e-05
497.95000000000005  0.0013303520248172777  -1.6768982127058187e-05
498.0  0.0013303477663420497  -1.6771880617039202e-05
498.05  0.0013303435797898458  -1.6774560068956272e-05
498.1  0.0013303395585245582  -1.677696080346167e-05
498.15000000000003  0.0013303357744094643  -1.6779031847598638e-05
498.20000000000005  0.0013303322762705798  -1.6780731850708167e-05
498.25  0.0013303290902883886  -1.6782029590053948e-05
498.3  0.001330326222202007  -1.6782904053602395e-05
498.35  0.0013303236610087798  -1.6783344155109608e-05
498.40000000000003  0.0013303213837765294  -1.6783348125761865e-05
498.45000000000005  0.0013303193610885423  -1.6782922646190043e-05
498.5  0.0013303175626139152  -1.6782081816945596e-05
498.55  0.0013303159622907348  -1.6780846059445903e-05
498.6  0.0013303145427008463  -1.6779241033569483e-05
498.65000000000003  0.0013303132982279081  -1.6777296686386117e-05
498.70000000000005  0.0013303122367550853  -1.677504648308671e-05
498.75  0.0013303113797188204  -1.6772526857777967e-05
498.8  0.0013303107605577677  -1.6769776923029737e-05
498.85  0.0013303104215989005  -1.676683838967071e-05
498.90000000000003  0.001330310409665554  -1.6763755635571952e-05
498.95000000000005  0.0013303107707437476  -1.6760575860705362e-05
499.0  0.0013303115441453428  -1.6757349167890296e-05
499.05  0.0013303127566315564  -1.675412853548153e-05
499.1  0.001330314417063398  -1.6750969519740695e-05
499.15000000000003  0.001330316512059496  -1.6747929648725304e-05
499.20000000000005  0.0013303190031172163  -1.6745067472036398e-05
499.25  0.0013303218255334233  -1.6742441248498822e-05
499.3  0.0013303248893631655  -1.674010734560084e-05
499.35  0.0013303280824327576  -1.6738118405940734e-05
499.40000000000003  0.0013303312752879297  -1.6736521403084713e-05
499.45000000000005  0.001330334327774585  -1.6735355700257695e-05
499.5  0.001330337096774345  -1.673465126280759e-05
499.55  0.0013303394445615831  -1.673442711609956e-05
499.6  0.001330341247069237  -1.6734690164765852e-05
499.65000000000003  0.0013303424014787673  -1.6735434470723865e-05
499.70000000000005  0.0013303428325026215  -1.6736641017230016e-05
499.75  0.001330342496853337  -1.673827798661352e-05
499.8  0.0013303413855773748  -1.6740301546965897e-05
499.85  0.0013303395240666406  -1.674265710959865e-05
499.90000000000003  0.0013303369697809818  -1.6745280989291706e-05
499.95000000000005  0.001330333807888163  -1.6748102402261824e-05
500.0  0.0013303301452134188  -1.6751045687362167e-05
