0.05  0.010940181170836328  -3.003549682422203e-05
0.1  0.010931536401055642  -3.1122579686354993e-05
0.15000000000000002  0.010918826110025088  -3.220838401607281e-05
0.2  0.010902032345505613  -3.329909801903289e-05
0.25  0.010881142429056785  -3.439556934474577e-05
0.30000000000000004  0.010856149390831868  -3.549363696698008e-05
0.35000000000000003  0.010827052359247198  -3.6584934000746855e-05
0.4  0.0107938569067872  -3.765804295656103e-05
0.45  0.010756575382289899  -3.869984510480183e-05
0.5  0.01071522727546484  -3.9696890598481946e-05
0.55  0.010669839650458809  -4.063662944528621e-05
0.6000000000000001  0.010620447663428184  -4.150837690008469e-05
0.65  0.010567095158345335  -4.2303934815926373e-05
0.7000000000000001  0.010509835316408807  -4.301784078181338e-05
0.75  0.010448731320774122  -4.364726272536529e-05
0.8  0.010383856994597547  -4.4191598167638717e-05
0.8500000000000001  0.010315297376172119  -4.4651868970743184e-05
0.9  0.010243149211537354  -4.503002121220693e-05
0.9500000000000001  0.010167521369583817  -4.532824481401964e-05
1.0  0.010088535207080088  -4.5548420738934136e-05
1.05  0.010006324918194835  -4.5691790656259994e-05
1.1  0.009921037881413543  -4.575891369658037e-05
1.1500000000000001  0.009832834953302429  -4.574991917725806e-05
1.2000000000000002  0.009741890593137506  -4.5665001914950976e-05
1.25  0.009648392743974294  -4.5505039935112284e-05
1.3  0.009552542629746232  -4.527216984771619e-05
1.35  0.009454554871267389  -4.497019486843614e-05
1.4000000000000001  0.009354658123620541  -4.460480900998939e-05
1.4500000000000002  0.009253095872569648  -4.418367718149215e-05
1.5  0.009150126853820566  -4.371631964750207e-05
1.55  0.009046024900408785  -4.321364929580639e-05
1.6  0.008941078276081305  -4.2687085082774423e-05
1.6500000000000001  0.008835588523846673  -4.2147345876272686e-05
1.7000000000000002  0.008729868774234002  -4.1603146314911116e-05
1.75  0.00862424147525483  -4.1060030751529215e-05
1.8  0.008519035642983336  -4.0519563041135026e-05
1.85  0.008414583863979724  -3.997903122624112e-05
1.9000000000000001  0.008311219312015412  -3.943170548882465e-05
1.9500000000000002  0.00820927301448903  -3.886757904437933e-05
2.0  0.008109071550710164  -3.827444208868067e-05
2.0500000000000003  0.00801093527056004  -3.763908856878671e-05
2.1  0.00791517702441255  -3.694845218939823e-05
2.15  0.007822101336015219  -3.619049611111371e-05
2.2  0.007732003931965537  -3.5354747594766116e-05
2.25  0.007645171531168525  -3.4432477413650474e-05
2.3000000000000003  0.007561881756757575  -3.341660973103138e-05
2.35  0.0074824029928348985  -3.2301472467337675e-05
2.4000000000000004  0.007406994020812408  -3.108250911947741e-05
2.45  0.007335903324266566  -2.975608508586735e-05
2.5  0.007269368015635947  -2.831949547370028e-05
2.5500000000000003  0.007207612405936568  -2.6771215866400633e-05
2.6  0.007150846305460308  -2.51113615095908e-05
2.6500000000000004  0.007099263201560424  -2.3342257327269286e-05
2.7  0.007053038501045512  -2.1468983051713795e-05
2.75  0.0070123280251686146  -1.9499750190147515e-05
2.8000000000000003  0.006977266890000082  -1.7445992871089747e-05
2.85  0.0069479688220730395  -1.5322116086063566e-05
2.9000000000000004  0.006924525885667822  -1.314492776770345e-05
2.95  0.006907008544222052  -1.0932850631328623e-05
3.0  0.006895465944136198  -8.705048634763296e-06
3.0500000000000003  0.006889926304928001  -6.4806086420786166e-06
3.1  0.0068903973200836275  -4.277890736299162e-06
3.1500000000000004  0.006896866498047419  -2.114106294452905e-06
3.2  0.006909301393826347  -5.1234702023654586e-09
3.25  0.006927649700490732  2.034541262341758e-06
3.3000000000000003  0.006951839191352776  3.991611122271314e-06
3.35  0.006981777529195996  5.853896867683635e-06
3.4000000000000004  0.007017351991722301  7.610178658915922e-06
3.45  0.007058429201663577  9.250159864294448e-06
3.5  0.007104854970276131  1.0764501945478106e-05
3.5500000000000003  0.007156454333059697  1.2144980536644093e-05
3.6  0.007213031808357582  1.338486746769871e-05
3.6500000000000004  0.007274371948028015  1.4479605103635326e-05
3.7  0.007340240414308174  1.5427388152847283e-05
3.75  0.0074103857788009085  1.6228471782520305e-05
3.8000000000000003  0.0074845415703763945  1.6882927246773526e-05
3.85  0.007562428147541714  1.738926354005544e-05
3.9000000000000004  0.007643755071629394  1.7745448021044387e-05
3.95  0.007728223923920639  1.7950927471750245e-05
4.0  0.007815530547215305  1.800814221599936e-05
4.05  0.00790536652630161  1.7923037060134283e-05
4.1000000000000005  0.007997420510132691  1.770469924946154e-05
4.15  0.008091379879332564  1.736453595616592e-05
4.2  0.008186932859759908  1.6915394878587304e-05
4.25  0.008283770914038174  1.637086705069877e-05
4.3  0.008381591163733172  1.57448428777011e-05
4.3500000000000005  0.00848009862731855  1.5051282642107168e-05
4.4  0.008579008125302027  1.4304110966141766e-05
4.45  0.008678045770292785  1.3517142015362953e-05
4.5  0.00877695002416892  1.270396911752505e-05
4.55  0.008875472349433514  1.1877778701634175e-05
4.6000000000000005  0.008973377492619613  1.1051066983553554e-05
4.65  0.009070443432286121  1.023525615552605e-05
4.7  0.009166461025465242  9.44022720528401e-06
4.75  0.009261233398404765  8.67380060046307e-06
4.800000000000001  0.009354575146220243  7.941197866510622e-06
4.8500000000000005  0.009446311424159522  7.244512780382721e-06
4.9  0.009536277025416947  6.582219941413171e-06
4.95  0.009624315544312064  5.948749584736266e-06
5.0  0.009710278718570492  5.334158325217242e-06
5.050000000000001  0.009794026028768704  4.723930366892646e-06
5.1000000000000005  0.009875424600198295  4.098956535799692e-06
5.15  0.009954349399747759  3.435765517331979e-06
5.2  0.01003068365839116  2.707115495150315e-06
5.25  0.0101043194030893  1.883059527546665e-06
5.300000000000001  0.010175157956428836  9.325467560746843e-07
5.3500000000000005  0.010243110237346503  -1.7447096330245387e-07
5.4  0.010308096677913586  -1.4645630349567465e-06
5.45  0.01037004660473665  -2.958207455381193e-06
5.5  0.010428897036633723  -4.667357861734039e-06
5.550000000000001  0.0104845909879102  -6.593539677541265e-06
5.6000000000000005  0.010537075488412522  -8.726775863401743e-06
5.65  0.010586299598191441  -1.1045526955877925e-05
5.7  0.010632212697030765  -1.351768359118978e-05
5.75  0.01067476327233919  -1.610251268022299e-05
5.800000000000001  0.010713898325291168  -1.8753357257120868e-05
5.8500000000000005  0.010749563392554643  -2.1420822405243056e-05
5.9  0.010781703067549216  -2.4056128953685042e-05
5.95  0.010810261827603255  -2.6614302555999432e-05
6.0  0.010835184959062032  -2.9056920686311597e-05
6.050000000000001  0.01085641940789104  -3.1354215910580354e-05
6.1000000000000005  0.010873914420576144  -3.348637981827671e-05
6.15  0.010887621910770806  -3.544398147274096e-05
6.2  0.010897496595618616  -3.722751344653765e-05
6.25  0.010903496008332524  -3.884616349802512e-05
6.300000000000001  0.010905580498577455  -4.0315972922934426e-05
6.3500000000000005  0.010903713311681424  -4.165758531657157e-05
6.4  0.010897860810949374  -4.289381375429516e-05
6.45  0.010887992876845887  -4.404725962260082e-05
6.5  0.010874083482171337  -4.513819937493362e-05
6.550000000000001  0.010856111409792438  -4.6182918503087715e-05
6.6000000000000005  0.010834061057440473  -4.719262370551514e-05
6.65  0.010807923261045665  -4.817299886933301e-05
6.7  0.010777696063935535  -4.912438912521665e-05
6.75  0.01074338538259765  -5.004252020603842e-05
6.800000000000001  0.010705005560345622  -5.091960847406747e-05
6.8500000000000005  0.01066257982552686  -5.174569661839376e-05
6.9  0.010616140680271722  -5.251004595787243e-05
6.95  0.010565730250874462  -5.3202420685709606e-05
7.0  0.010511400630582807  -5.381412173096737e-05
7.050000000000001  0.010453214236140389  -5.4338673991905595e-05
7.1000000000000005  0.010391244184421543  -5.4772125344396155e-05
7.15  0.010325574682739617  -5.51129626935679e-05
7.2  0.010256301418363431  -5.536169480678598e-05
7.25  0.01018353192995247  -5.552019493801709e-05
7.300000000000001  0.01010738594550397  -5.559092721931996e-05
7.3500000000000005  0.01002799567051732  -5.557619403505953e-05
7.4  0.009945505991716432  -5.547753585495383e-05
7.45  0.009860074518916856  -5.529538738631715e-05
7.5  0.009771871367615752  -5.502903846851815e-05
7.550000000000001  0.009681078694618487  -5.467687526985676e-05
7.6000000000000005  0.009587890277740875  -5.423683467622826e-05
7.65  0.009492511565860309  -5.370701788261376e-05
7.7  0.009395160217515724  -5.3086451740446766e-05
7.75  0.009296066625232788  -5.237594544077954e-05
7.800000000000001  0.009195474011905555  -5.157882664637626e-05
7.8500000000000005  0.009093638100018788  -5.070125231328538e-05
7.9  0.008990826480098291  -4.9751914953614424e-05
7.95  0.008887317692563634  -4.874119487906261e-05
8.0  0.008783399987179107  -4.767997400559146e-05
8.05  0.008679369779798765  -4.657837523365637e-05
8.1  0.00857552989312367  -4.544466955132061e-05
8.15  0.00847218770692588  -4.4284527981451336e-05
8.200000000000001  0.008369653348813077  -4.3100705463854594e-05
8.25  0.008268238034733671  -4.189316709653835e-05
8.3  0.00816825261933074  -4.065959423406279e-05
8.35  0.008070006349439544  -3.939612674191375e-05
8.4  0.007973805771497127  -3.80981581440781e-05
8.450000000000001  0.007879953746909245  -3.676101884581648e-05
8.5  0.007788748548841445  -3.538042901668515e-05
8.55  0.007700483024334018  -3.39526688444157e-05
8.6  0.007615443795696388  -3.2474506077055426e-05
8.65  0.007533910445827912  -3.094300150390986e-05
8.700000000000001  0.007456154614291109  -2.935530721367249e-05
8.75  0.007382438945864902  -2.7708536269008332e-05
8.8  0.00731301586177245  -2.599977243983419e-05
8.85  0.007248126150462166  -2.4226259391095288e-05
8.9  0.007187997399079587  -2.2385755939108287e-05
8.950000000000001  0.007132842314343988  -2.0476998688008907e-05
9.0  0.007082857020615299  -1.850018936491471e-05
9.05  0.0070382194628367265  -1.645742461925931e-05
9.1  0.006999088049290573  -1.43530045565365e-05
9.15  0.006965600636556857  -1.2193576830604329e-05
9.200000000000001  0.006937873904977591  -9.988094207654996e-06
9.25  0.006916003109022911  -7.747585272092535e-06
9.3  0.006900062118119582  -5.4847493287504e-06
9.35  0.006890103607920602  -3.213396579150183e-06
9.4  0.006886159240341959  -9.477773243706082e-07
9.450000000000001  0.006888239686831209  1.2981216902571889e-06
9.5  0.006896334402506454  3.511202763994672e-06
9.55  0.0069104111454831784  5.679683627714256e-06
9.600000000000001  0.006930415329456411  7.793229967662971e-06
9.65  0.006956269357966073  9.842758571647544e-06
9.700000000000001  0.006987872105807123  1.1819955053649746e-05
9.75  0.007025098704040337  1.371662498268167e-05
9.8  0.007067800754985922  1.5524046829668916e-05
9.850000000000001  0.007115807038205378  1.7232504355671983e-05
9.9  0.007168924677833672  1.883114334566754e-05
9.950000000000001  0.007226940670000009  2.030826907732969e-05
10.0  0.007289623677467846  2.165218724869645e-05
10.05  0.007356726130390086  2.2852435158640944e-05
10.100000000000001  0.007427986670794145  2.3900375977142816e-05
10.15  0.007503132320462227  2.4788068360976318e-05
10.200000000000001  0.0075818798247892765  2.5506980200893152e-05
10.25  0.007663937352676895  2.604883939842543e-05
10.3  0.007749007022272828  2.64079833410938e-05
10.350000000000001  0.007836787018443193  2.6583417285652053e-05
10.4  0.007926972868912155  2.6579668753503276e-05
10.450000000000001  0.008019258484635744  2.6406459745736473e-05
10.5  0.008113337534105966  2.6077666506390966e-05
10.55  0.008208905292966518  2.5610060459028186e-05
10.600000000000001  0.008305660806745621  2.5022158132122135e-05
10.65  0.008403309104489828  2.4333332189204142e-05
10.700000000000001  0.00850156323437392  2.3563207487821708e-05
10.75  0.00860014596644473  2.2731278342566172e-05
10.8  0.008698791076058515  2.1856649360068276e-05
10.850000000000001  0.008797244193809759  2.0957822204671015e-05
10.9  0.008895263256428292  2.005247923154174e-05
10.950000000000001  0.008992618603371392  1.9157232107788274e-05
11.0  0.009089092770333197  1.828731609960199e-05
11.05  0.009184480048148006  1.7456221519089706e-05
11.100000000000001  0.00927858588984777  1.667525942591604e-05
11.15  0.00937122625174728  1.5953059428721948e-05
11.200000000000001  0.009462226947303302  1.5295000183091666e-05
11.25  0.009551423077065361  1.4702583123631812e-05
11.3  0.00963865857875739  1.4172775747933077e-05
11.350000000000001  0.00972378592325163  1.3697372272354881e-05
11.4  0.009806665960801835  1.3262448480494732e-05
11.450000000000001  0.009887167892245453  1.2848019296991058e-05
11.5  0.009965169309354628  1.2428030981981988e-05
11.55  0.010040556230264707  1.1970824847572395e-05
11.600000000000001  0.010113223057543363  1.144018390137874e-05
11.65  0.010183072403104823  1.0797008965990837e-05
11.700000000000001  0.01025001474889082  1.0001562781035307e-05
11.75  0.010313967944486073  9.016100476877445e-06
11.8  0.010374856570756557  7.8076184455765e-06
11.850000000000001  0.010432611223773654  6.350423796408199e-06
11.9  0.01048716779059104  4.628265179166908e-06
11.950000000000001  0.01053846676437158  2.6358438115688403e-06
12.0  0.010586452591556699  3.795973876894743e-07
12.05  0.010631073001843235  -2.122291590494874e-06
12.100000000000001  0.010672278271434046  -4.840655497954647e-06
12.15  0.010710020414702575  -7.736807889771507e-06
12.200000000000001  0.010744252365001723  -1.0764612314961959e-05
12.25  0.0107749272606828  -1.3873010861588365e-05
12.3  0.010801997978291745  -1.7008819557916585e-05
12.350000000000001  0.010825417042569577  -2.011955080633107e-05
12.4  0.010845136977868906  -2.3156021639879362e-05
12.450000000000001  0.010861111056262217  -2.6074556064314875e-05
12.5  0.010873294303203187  -2.883866494129223e-05
12.55  0.010881644587194778  -3.142015257357581e-05
12.600000000000001  0.010886123625079366  -3.379963119302426e-05
12.65  0.010886697753563827  -3.596644666982144e-05
12.700000000000001  0.010883338354278708  -3.7918056833968635e-05
12.75  0.01087602189181738  -3.965895125151529e-05
12.8  0.01086472962679234  -4.1199234115949286e-05
12.850000000000001  0.010849447155738167  -4.2553005031965917e-05
12.9  0.010830163966888046  -4.3736676030246664e-05
12.950000000000001  0.01080687318434332  -4.47673575053187e-05
13.0  0.010779571622988093  -4.566142761491473e-05
13.05  0.010748260206742822  -4.643337688855966e-05
13.100000000000001  0.010712944730237473  -4.709499564896329e-05
13.15  0.010673636888675793  -4.765494474711433e-05
13.200000000000001  0.010630355467747928  -4.8118722058304724e-05
13.25  0.01058312757237074  -4.8489003226113925e-05
13.3  0.010531989776529672  -4.876629221591923e-05
13.350000000000001  0.01047698909631568  -4.894977810646577e-05
13.4  0.010418183725339846  -4.903827248177557e-05
13.450000000000001  0.010355643519098347  -4.903109716504433e-05
13.5  0.010289450261628108  -4.892880152768682e-05
13.55  0.010219697783352973  -4.8733614535889606e-05
13.600000000000001  0.010146492019740938  -4.84495745111414e-05
13.65  0.010069951098609574  -4.808232846503669e-05
13.700000000000001  0.009990205522137356  -4.763865073956481e-05
13.75  0.009907398477223842  -4.7125779745940396e-05
13.8  0.009821686258185695  -4.6550696170810486e-05
13.850000000000001  0.009733238717234957  -4.5919467606190604e-05
13.9  0.00964223959641552  -4.5236766591291705e-05
13.950000000000001  0.009548886577651398  -4.450562655466374e-05
14.0  0.009453390950771239  -4.3727440403328914e-05
14.05  0.009355976982355435  -4.290216614123573e-05
14.100000000000001  0.00925688126872623  -4.202869081071717e-05
14.15  0.009156352297521876  -4.110531147536508e-05
14.200000000000001  0.009054650105554342  -4.013028923227832e-05
14.25  0.008952045712988434  -3.910240446017756e-05
14.3  0.008848820194083057  -3.802140185562314e-05
14.350000000000001  0.008745263488776703  -3.688819158467261e-05
14.4  0.008641673084459648  -3.570472260561669e-05
14.450000000000001  0.008538352610206409  -3.447354434709178e-05
14.5  0.008435610333438946  -3.3197162959706866e-05
14.55  0.008333757570968993  -3.187735268795045e-05
14.600000000000001  0.008233107074966812  -3.0514590256674273e-05
14.65  0.008133971474915954  -2.910774134634516e-05
14.700000000000001  0.008036661852650208  -2.765405053612049e-05
14.75  0.007941486502360148  -2.614940627164072e-05
14.8  0.00784874988940587  -2.4588805062111396e-05
14.850000000000001  0.007758751786856596  -2.2966911003203135e-05
14.9  0.007671786536104253  -2.1278598723753056e-05
14.950000000000001  0.007588142364977539  -1.951938735598582e-05
15.0  0.007508100704184343  -1.7685696321043212e-05
15.05  0.00743193544713796  -1.5774887377512286e-05
15.100000000000001  0.00735991210358335  -1.3785109305936418e-05
15.15  0.007292286799178994  -1.171500583737774e-05
15.200000000000001  0.007229305055583835  -9.563367857499165e-06
15.25  0.007171200252610639  -7.328819752252402e-06
15.3  0.00711819165767665  -5.009638466258194e-06
15.350000000000001  0.007070481929037007  -2.6038016056925047e-06
15.4  0.007028254052886254  -1.0933602076015507e-07
15.450000000000001  0.006991667793050597  2.4750146280533116e-06
15.5  0.006960855936929244  5.1488748126959016e-06
15.55  0.006935920878109562  7.909250116147908e-06
15.600000000000001  0.006916932264422153  1.074968733834366e-05
15.65  0.0069039264032881255  1.3659746243080953e-05
15.700000000000001  0.006896907773955757  1.662483151439587e-05
15.75  0.006895852441456061  1.9626331564976055e-05
15.8  0.006900712655537007  2.2641973260095585e-05
15.850000000000001  0.006911421705421635  2.564633973930404e-05
15.9  0.006927898216044623  2.8611568108297426e-05
15.950000000000001  0.006950049353567121  3.150826911186599e-05
16.0  0.006977772711522603  3.4306674131076414e-05
16.05  0.007010956888446049  3.697795265943558e-05
16.1  0.007049480983507133  3.9495584807867395e-05
16.150000000000002  0.007093213491914593  4.183649497070354e-05
16.2  0.007142011083139084  4.3981343258828186e-05
16.25  0.007195717068395216  4.5913796999080975e-05
16.3  0.007254159211960523  4.7619877332634844e-05
16.35  0.007317147877534789  4.90883831709488e-05
16.400000000000002  0.00738447539015743  5.0312100108210196e-05
16.45  0.007455916063938136  5.128891877850457e-05
16.5  0.007531226431129803  5.202219165631098e-05
16.55  0.007610145918606539  5.25202222937686e-05
16.6  0.007692398299095649  5.279521332153391e-05
16.650000000000002  0.007777693952213645  5.2862075384611405e-05
16.7  0.007865732734152982  5.2737363096330245e-05
16.75  0.007956207179059682  5.2438439825709336e-05
16.8  0.008048805775212435  5.1982862141060275e-05
16.85  0.00814321610565721  5.138792171779617e-05
16.900000000000002  0.00823912769186578  5.067028008859357e-05
16.95  0.008336234428812542  4.9845656637178945e-05
17.0  0.008434236556272007  4.892856541459998e-05
17.05  0.008532842167574523  4.793213096876784e-05
17.1  0.008631768306362236  4.686803164349105e-05
17.150000000000002  0.008730741738895492  4.574662157603213e-05
17.2  0.008829499506306298  4.4577265241892066e-05
17.25  0.008927789357632731  4.3368883100438515e-05
17.3  0.009025370147925375  4.21306667724438e-05
17.35  0.009122012276466753  4.0872883276369686e-05
17.400000000000002  0.009217498241515732  3.96076505086313e-05
17.45  0.009311623366806174  3.834952841355604e-05
17.5  0.009404196681052197  3.711575686057287e-05
17.55  0.009495041838642075  3.592599507853277e-05
17.6  0.009583997900983177  3.4801473406034433e-05
17.650000000000002  0.009670919772852307  3.376356547686764e-05
17.7  0.009755678100305037  3.283191414529637e-05
17.75  0.009838158446098163  3.202235010308332e-05
17.8  0.009918259628373848  3.134491586841063e-05
17.85  0.009995891240951545  3.080232731620215e-05
17.900000000000002  0.010070970537928395  3.0389142093231942e-05
17.95  0.01014341901966771  3.009175912146116e-05
18.0  0.010213159149523055  2.9889211665959348e-05
18.05  0.010280111640604703  2.9754613992159876e-05
18.1  0.010344193671544486  2.965706569093396e-05
18.150000000000002  0.010405318221565815  2.9563785855834157e-05
18.2  0.010463394512600891  2.9442268577126488e-05
18.25  0.010518329369398147  2.926229845660389e-05
18.3  0.010570029185994737  2.8997704332841386e-05
18.35  0.010618402141181519  2.8627757152406075e-05
18.400000000000002  0.010663360327714564  2.8138134748401118e-05
18.45  0.01070482151964504  2.7521399319631902e-05
18.5  0.010742710389707215  2.677697123435061e-05
18.55  0.010776959092652545  2.5910630163651456e-05
18.6  0.010807507229777916  2.4933621014232e-05
18.650000000000002  0.01083430129419426  2.3861470009191822e-05
18.7  0.010857293773370795  2.2712623838475793e-05
18.75  0.010876442133645985  2.1507040607216878e-05
18.8  0.010891707883566247  2.0264886315513435e-05
18.85  0.01090305586146698  1.900545901012212e-05
18.900000000000002  0.010910453846589663  1.774639840041655e-05
18.95  0.0109138725382734  1.6503201652461145e-05
19.0  0.010913285894825368  1.5289038038678424e-05
19.05  0.010908671756625214  1.4114819720470448e-05
19.1  0.010900012611701575  1.2989450301418122e-05
19.150000000000002  0.010887296343519422  1.192015258180397e-05
19.200000000000003  0.010870516817808741  1.091277256151981e-05
19.25  0.010849674188590458  9.971966347213529e-06
19.3  0.010824774855071169  9.101219030919547e-06
19.35  0.010795831084744193  8.30272593153746e-06
19.400000000000002  0.010762860413873764  7.577243262670382e-06
19.450000000000003  0.010725885009015498  6.9240362546274775e-06
19.5  0.010684931196330173  6.341009806199241e-06
19.55  0.010640029344184048  5.825039285469449e-06
19.6  0.010591214224491918  5.372447336310452e-06
19.650000000000002  0.010538525886297612  4.979493063561186e-06
19.700000000000003  0.010482010946524295  4.642695099097754e-06
19.75  0.010421724115014937  4.358869291266982e-06
19.8  0.010357729792960266  4.124909381770431e-06
19.85  0.010290103626107657  3.937495947892569e-06
19.900000000000002  0.010218933797150059  3.7929194580271514e-06
19.950000000000003  0.010144321754986608  3.6869900100666543e-06
20.0  0.010066382307667782  3.614984032488221e-06
20.05  0.009985243264476092  3.571801776507996e-06
20.1  0.009901044905899149  3.55246817816392e-06
20.150000000000002  0.009813939628998923  3.5528789217003865e-06
20.200000000000003  0.009724092031659295  3.570588973332302e-06
20.25  0.009631679456205446  3.605438967223231e-06
20.3  0.009536892807807644  3.659854119360579e-06
20.35  0.009439937380542673  3.7387495258351934e-06
20.400000000000002  0.009341033436054127  3.849097175972408e-06
20.450000000000003  0.00924041632716423  3.999268797501249e-06
20.5  0.009138336031384309  4.1982558418036576e-06
20.55  0.009035056067873446  4.454855709556421e-06
20.6  0.008930851914385647  4.776907625322826e-06
20.650000000000002  0.008826009146819925  5.170638379498604e-06
20.700000000000003  0.008720821516247215  5.6401582111935664e-06
20.75  0.008615589117163092  6.187146221321913e-06
20.8  0.008510616775544327  6.810741043887405e-06
20.85  0.008406212748765449  7.507609975964068e-06
20.900000000000002  0.008302687742676082  8.272155845920902e-06
20.950000000000003  0.008200354166614618  9.096840997187023e-06
21.0  0.008099525490818682  9.972610609571349e-06
21.05  0.008000515531367356  1.0889389425837204e-05
21.1  0.007903637499147876  1.1836633301167623e-05
21.150000000000002  0.007809202723743256  1.2803934953903239e-05
21.200000000000003  0.007717519069777346  1.3781676341970079e-05
21.25  0.007628889133496524  1.4761675457412252e-05
21.3  0.007543608333236013  1.573773822239607e-05
21.35  0.007461963020519238  1.6706006719410807e-05
21.400000000000002  0.007384228703933812  1.7665005977098256e-05
21.450000000000003  0.007310668419837626  1.8615370158613695e-05
21.5  0.007241531269288108  1.9559314604064764e-05
21.55  0.007177051123286645  2.049996852988321e-05
21.6  0.007117445483755409  2.1440712218284615e-05
21.650000000000002  0.007062914498441337  2.2384652499228315e-05
21.700000000000003  0.007013640145673688  2.3334302514659756e-05
21.75  0.006969785601800338  2.429141674623235e-05
21.8  0.006931494764980161  2.5256824822306857e-05
21.85  0.006898891901922088  2.6230104409161582e-05
21.900000000000002  0.006872081415582437  2.720911599380617e-05
21.950000000000003  0.006851147741505895  2.818974677048339e-05
22.0  0.006836155329232459  2.916629800661085e-05
22.05  0.006827148545991455  3.0132521638300787e-05
22.1  0.0068241513109742365  3.108279597645725e-05
22.150000000000002  0.00682716643624332  3.201288955575156e-05
22.200000000000003  0.0068361748452915325  3.292012390329753e-05
22.25  0.006851134888210817  3.3803086771589576e-05
22.3  0.006871981914779194  3.466116612071211e-05
22.35  0.006898628184262939  3.549413533206997e-05
22.400000000000002  0.006930963131368387  3.630190991058911e-05
22.450000000000003  0.006968853987122894  3.7084478511327065e-05
22.5  0.007012146739194321  3.784192523978223e-05
22.55  0.007060667378538772  3.8574423525920484e-05
22.6  0.007114223320408992  3.928210734924831e-05
22.650000000000002  0.007172604846843268  3.9964781259163264e-05
22.700000000000003  0.007235586436005881  4.0621479494168095e-05
22.75  0.007302927915029782  4.1249937102579275e-05
22.8  0.007374375448635924  4.1846089428186826e-05
22.85  0.00744966243728522  4.240372571868109e-05
22.900000000000002  0.0075285104434587415  4.291437875935436e-05
22.950000000000003  0.007610630290359284  4.336747782399355e-05
23.0  0.00769572348411807  4.375075020212341e-05
23.05  0.007783484061936339  4.40508109909576e-05
23.1  0.00787360084221652  4.4253853433745296e-05
23.150000000000002  0.007965759954211366  4.4346392010175526e-05
23.200000000000003  0.008059647487013323  4.4316042666997384e-05
23.25  0.008154952077516762  4.415228830065036e-05
23.3  0.008251367260195605  4.384714942607659e-05
23.35  0.008348593442683839  4.33957015843881e-05
23.400000000000002  0.008446339459520776  4.279641514282501e-05
23.450000000000003  0.008544323736882324  4.2051301125439316e-05
23.5  0.008642275151055617  4.1165844264243914e-05
23.55  0.008739933686285749  4.0148717899315375e-05
23.6  0.008837050994190559  3.90113038540466e-05
23.650000000000002  0.008933390925477194  3.7767058727849555e-05
23.700000000000003  0.009028730056408979  3.6430770897357006e-05
23.75  0.009122858189699774  3.501777068890142e-05
23.8  0.009215578754909543  3.3543195372386753e-05
23.85  0.009306708964874103  3.202141826500781e-05
23.900000000000002  0.009396079570768422  3.046571075756873e-05
23.950000000000003  0.009483534132308527  2.8888171045800145e-05
24.0  0.009568927838750706  2.7299915045200247e-05
24.05  0.00965212600815999  2.571145865663761e-05
24.1  0.009733002401994366  2.4133163113654058e-05
24.150000000000002  0.009811437555270409  2.257557260139567e-05
24.200000000000003  0.009887317427408303  2.1049435823344327e-05
24.25  0.009960532607767065  1.956528530827569e-05
24.3  0.01003097829757569  1.8132425839521687e-05
24.35  0.010098555161108339  1.675737777149551e-05
24.400000000000002  0.010163170913815488  1.5442164145426877e-05
24.450000000000003  0.010224742202484377  1.4182911400468635e-05
24.5  0.0102831960290071  1.2969142268946099e-05
24.55  0.010338469890876126  1.178397125178474e-05
24.6  0.010390510117837735  1.0605181811026548e-05
24.650000000000002  0.010439268491859572  9.406971423216106e-06
24.700000000000003  0.010484697841137168  8.16208371297283e-06
24.75  0.010526747669741824  6.844068822823389e-06
24.8  0.010565360930683974  5.429468997407977e-06
24.85  0.010600472759712893  3.899773506209028e-06
24.900000000000002  0.01063201146925515  2.243020259991062e-06
24.950000000000003  0.010659901540204119  4.5497341558851055e-07
25.0  0.010684067900754036  -1.4601508993095142e-06
25.05  0.010704440533482209  -3.489433898502272e-06
25.1  0.010720958452817573  -5.611532107666212e-06
25.150000000000002  0.010733572320408755  -7.79756196414866e-06
25.200000000000003  0.010742245326169896  -1.0012639636929165e-05
25.25  0.010746952363403362  -1.2218055100937028e-05
25.3  0.010747677883111335  -1.4373972560867916e-05
25.35  0.010744413069822415  -1.6442446238647233e-05
25.400000000000002  0.010737153082333892  -1.839045144024902e-05
25.450000000000003  0.010725894997928238  -2.019260418210883e-05
25.5  0.01071063681999759  -2.183325399062262e-05
25.55  0.010691377612160775  -2.3307700983905808e-05
25.6  0.01066811857600769  -2.4622412941502196e-05
25.650000000000002  0.01064086471274318  -2.579423585323601e-05
25.700000000000003  0.010609626679485458  -2.6848660300123963e-05
25.75  0.010574422531307182  -2.781723818917091e-05
25.8  0.0105352791391168  -2.873431471966106e-05
25.85  0.010492233121886267  -2.963335069536065e-05
25.900000000000002  0.010445331158100724  -3.054321255302924e-05
25.950000000000003  0.01039462964969308  -3.148487160685303e-05
26.0  0.010340193898959698  -3.246894693918489e-05
26.05  0.010282097101535798  -3.349444376194942e-05
26.1  0.010220419474611659  -3.454891169079573e-05
26.150000000000002  0.010155247733453401  -3.561005254480899e-05
26.200000000000003  0.010086674949940446  -3.664853644715382e-05
26.25  0.010014800737582286  -3.76315708482003e-05
26.3  0.009939731712401265  -3.852671768264653e-05
26.35  0.009861582178617052  -3.930543996884814e-05
26.400000000000002  0.009780474994104688  -3.99458668545576e-05
26.450000000000003  0.009696542563185914  -4.043440193078308e-05
26.5  0.009609927904152988  -4.0766000851823e-05
26.55  0.009520785770185215  -4.094321221005942e-05
26.6  0.009429283877115481  -4.097434316763656e-05
26.650000000000002  0.009335604284786655  -4.0871239091886394e-05
26.700000000000003  0.009239944792756877  -4.064711401948622e-05
26.75  0.0091425200385636  -4.031469174845635e-05
26.8  0.009043562060987888  -3.9884759593773826e-05
26.85  0.008943320272234486  -3.9365170901431624e-05
26.900000000000002  0.00884206084938726  -3.8760315807963346e-05
26.950000000000003  0.008740065535617077  -3.807108179247021e-05
27.0  0.00863762978466756  -3.729532398540749e-05
27.05  0.008535060205132717  -3.6428820446052104e-05
27.1  0.008432671387045718  -3.5466602986392224e-05
27.150000000000002  0.008330782340771895  -3.440446051931507e-05
27.200000000000003  0.008229712897062326  -3.324035501710201e-05
27.25  0.008129780468719433  -3.197549505152987e-05
27.3  0.0080312975266691  -3.061487299256723e-05
27.35  0.007934570010677416  -2.9167181684170726e-05
27.400000000000002  0.007839896717688  -2.7644141652165283e-05
27.450000000000003  0.007747569525172984  -2.60593631424003e-05
27.5  0.007657874150869585  -2.4426955736482858e-05
27.55  0.007571091061680922  -2.2760145428178728e-05
27.6  0.007487496139853658  -2.1070129933823503e-05
27.650000000000002  0.007407360792120484  -1.936535160111847e-05
27.700000000000003  0.007330951313578556  -1.765129915385229e-05
27.75  0.007258527451690196  -1.593084928345093e-05
27.8  0.0071903402632729554  -1.420505622147646e-05
27.85  0.007126629495643955  -1.247421877296844e-05
27.900000000000002  0.007067620800288883  -1.0739008315495089e-05
27.950000000000003  0.0070135230941603035  -9.001424174062666e-06
28.0  0.006964526360516123  -7.2653651001490125e-06
28.05  0.0069208001259398085  -5.536697330504791e-06
28.1  0.006882492710203036  -3.82281661173451e-06
28.150000000000002  0.006849731189517888  -2.1318048172319596e-06
28.200000000000003  0.006822621902909436  -4.713731658561083e-07
28.25  0.0068012512592124244  1.1521602952261741e-06
28.3  0.0067856865818250135  2.7346183461048706e-06
28.35  0.006775976769582382  4.274275376040523e-06
28.400000000000002  0.0067721526243989996  5.771684942187369e-06
28.450000000000003  0.0067742267715206  7.229095672486943e-06
28.5  0.00678219318236426  8.649613302349706e-06
28.55  0.006796026400149332  1.0036306548163862e-05
28.6  0.006815680627682149  1.1391473179141072e-05
28.650000000000002  0.006841088835104542  1.2716266884854733e-05
28.700000000000003  0.006872162016138609  1.4010756979903893e-05
28.75  0.006908788686615093  1.527416914787562e-05
28.8  0.006950834669137701  1.650472327413243e-05
28.85  0.006998143211869639  1.7698862787621315e-05
28.900000000000002  0.007050535621888552  1.8850792190662316e-05
28.950000000000003  0.0071078125539976  1.9953329428695027e-05
29.0  0.0071697556647859345  2.0999722122005913e-05
29.05  0.007236129113692504  2.1985272755936696e-05
29.1  0.0073066807199947586  2.290802117160194e-05
29.150000000000002  0.007381142974716716  2.376845685024449e-05
29.200000000000003  0.007459234207701402  2.456861371488804e-05
29.25  0.007540660123198631  2.531089274255218e-05
29.3  0.007625115795503093  2.5996887992327734e-05
29.35  0.007712288113801926  2.662645232609531e-05
29.400000000000002  0.0078018585995516055  2.7197157207063242e-05
29.450000000000003  0.007893506490361525  2.77042049075485e-05
29.5  0.007986911956251692  2.814077869779385e-05
29.55  0.008081759281564377  2.8498778038361233e-05
29.6  0.008177739848110484  2.8769871443069912e-05
29.650000000000002  0.00827455479276219  2.8946782348585164e-05
29.700000000000003  0.00837191724418605  2.9024677506456683e-05
29.75  0.008469554104410209  2.9002461851168696e-05
29.8  0.008567207577546263  2.8883721601554715e-05
29.85  0.00866463709171067  2.8676892079860843e-05
29.900000000000002  0.008761622284284704  2.8393756332712067e-05
29.950000000000003  0.008857965901146674  2.8045001532223906e-05
30.0  0.00895349182398382  2.7633278384741675e-05
30.05  0.009048033125625746  2.7149002973032743e-05
30.1  0.009141413506276046  2.6575555143821163e-05
30.150000000000002  0.009233434530243934  2.5902032606035355e-05
30.200000000000003  0.009323876587593347  2.5133385403672543e-05
30.25  0.00941250972021982  2.4291338310672542e-05
30.3  0.009499106792096753  2.3407703383508127e-05
30.35  0.009583455018493729  2.251479495737145e-05
30.400000000000002  0.009665364852322007  2.1636698343025593e-05
30.450000000000003  0.009744675937760976  2.0783548292405534e-05
30.5  0.009821259824176178  1.9949686789471805e-05
30.55  0.009895019316145556  1.9115523238866998e-05
30.6  0.00996588475836456  1.8252144139573938e-05
30.650000000000002  0.010033807984328912  1.7327316578659655e-05
30.700000000000003  0.010098754928837392  1.6311503077772952e-05
30.75  0.010160697991570121  1.5182762566505697e-05
30.8  0.010219609162605546  1.3929819877167305e-05
30.85  0.010275454701424137  1.2553029256100665e-05
30.900000000000002  0.010328191848711225  1.1063358271197095e-05
30.950000000000003  0.010377767708873293  9.479824675922862e-06
31.0  0.010424120122487533  7.82600274691337e-06
31.05  0.010467180091963561  6.1262732152262154e-06
31.1  0.010506875158847505  4.402438366342374e-06
31.150000000000002  0.010543133072061825  2.6711868871438867e-06
31.200000000000003  0.01057588513423001  9.42700487210226e-07
31.25  0.010605068748243325  -7.795208805105146e-07
31.3  0.010630628875379088  -2.497740920703753e-06
31.35  0.010652518327431911  -4.218263484185572e-06
31.400000000000002  0.010670697019968362  -5.9492886944432056e-06
31.450000000000003  0.010685130477661436  -7.698750113266867e-06
31.5  0.010695787976980922  -9.472477665678679e-06
31.55  0.010702640727022436  -1.1272924117203514e-05
31.6  0.010705660434834832  -1.3098558965712e-05
31.650000000000002  0.010704818494222916  -1.4943915665746265e-05
31.700000000000003  0.010700085910294425  -1.6800221006263666e-05
31.75  0.010691433950161602  -1.8656496818608675e-05
31.8  0.01067883538882958  -2.0500909267871707e-05
31.85  0.010662266118178356  -2.232203646841054e-05
31.900000000000002  0.010641706866704865  -2.41097951914054e-05
31.950000000000003  0.010617144816360675  -2.5855937110979235e-05
32.0  0.01058857492798201  -2.755413694568795e-05
32.050000000000004  0.010556000812787281  -2.91997442875601e-05
32.1  0.010519435065868431  -3.078930916472536e-05
32.15  0.010478899097672745  -3.2320028395012384e-05
32.2  0.010434422601879174  -3.3789274520210456e-05
32.25  0.010386042859050365  -3.519434192495905e-05
32.300000000000004  0.010333804107462373  -3.65324925607418e-05
32.35  0.010277757210246687  -3.780131319763007e-05
32.4  0.01021795979236528  -3.899928691942362e-05
32.45  0.010154476926060722  -4.012637983452774e-05
32.5  0.010087382384072578  -4.118442743429617e-05
32.550000000000004  0.01001676041429321  -4.21771366098699e-05
32.6  0.009942707858425267  -4.3109545253079744e-05
32.65  0.009865336314984378  -4.398689948542894e-05
32.7  0.009784773915889257  -4.481316074527689e-05
32.75  0.009701166146250533  -4.558962163715844e-05
32.800000000000004  0.009614675258936958  -4.63141318249248e-05
32.85  0.009525478449619412  -4.698104045350451e-05
32.9  0.0094337656513678  -4.75815011086182e-05
32.95  0.009339737845724408  -4.810380904035936e-05
33.0  0.009243606195708333  -4.853381934880433e-05
33.050000000000004  0.009145591766308074  -4.8855670186173774e-05
33.1  0.009045925457759132  -4.905288155987408e-05
33.15  0.008944847887623309  -4.910969122562052e-05
33.2  0.008842609099873822  -4.9012422713929985e-05
33.25  0.008739468078094479  -4.875070122209007e-05
33.300000000000004  0.008635692101979014  -4.8318366365516314e-05
33.35  0.008531556009025928  -4.771399221288332e-05
33.4  0.008427341423307394  -4.694100194959212e-05
33.45  0.008323336012821534  -4.600742376702878e-05
33.5  0.00821983282085924  -4.49253604725954e-05
33.550000000000004  0.008117129672752311  -4.3710244722682115e-05
33.6  0.008015528617562485  -4.237991750504721e-05
33.65  0.00791533534300238  -4.0953485635713933e-05
33.7  0.007816858496575936  -3.944986249082731e-05
33.75  0.007720408848055754  -3.7886077973575116e-05
33.800000000000004  0.007626298187610443  -3.627591195527614e-05
33.85  0.007534837769710874  -3.4629640331761366e-05
33.9  0.007446336163068501  -3.29550995713069e-05
33.95  0.007361096620854653  -3.1259387025244596e-05
34.0  0.0072794142879952116  -2.9550274363608086e-05
34.050000000000004  0.007201573504355767  -2.7836794223350477e-05
34.1  0.00712784525516772  -2.612890741042291e-05
34.15  0.00705848475486599  -2.443645717897785e-05
34.2  0.0069937293810661  -2.2767809979669817e-05
34.25  0.00693379750119695  -2.1128634979745432e-05
34.300000000000004  0.0068788887015929934  -1.9521105793175552e-05
34.35  0.006829185256402309  -1.7943585519456895e-05
34.4  0.006784853876762644  -1.639082250857126e-05
34.45  0.00674604664006697  -1.4854734994129114e-05
34.5  0.006712900532007603  -1.3325752936319513e-05
34.550000000000004  0.006685535681674685  -1.1794454194908445e-05
34.6  0.006664052761239831  -1.0253096502800825e-05
34.65  0.006648530148327624  -8.69669895672709e-06
34.7  0.006639021414156758  -7.1234991268760126e-06
34.75  0.00663555356160099  -5.5348040855631425e-06
34.800000000000004  0.006638126239680724  -3.934417678261328e-06
34.85  0.006646711978834301  -2.327944448280785e-06
34.9  0.006661257359491344  -7.222565051850267e-07
34.95  0.006681684884298814  8.748359095823963e-07
35.0  0.006707895178194994  2.4549223701851475e-06
35.050000000000004  0.0067397691540005316  4.00952342959368e-06
35.1  0.006777169944432813  5.5308663437815305e-06
35.15  0.006819944535251298  7.0128640425934686e-06
35.2  0.006867925112408559  8.452176328912817e-06
35.25  0.006920930156992324  9.849151249534425e-06
35.300000000000004  0.006978765249512598  1.120836317287617e-05
35.35  0.0070412234033577995  1.25384395962594e-05
35.4  0.007108084685485152  1.3851057298538193e-05
35.45  0.007179115089294476  1.51593622117329e-05
35.5  0.007254065004760254  1.6476260805419968e-05
35.550000000000004  0.007332667876586247  1.7812906930750682e-05
35.6  0.007414639618342405  1.9177480290883585e-05
35.65  0.007499679146655407  2.057421083163318e-05
35.7  0.00758747015263697  2.2002594474805354e-05
35.75  0.0076776840423063005  2.345683151958253e-05
35.800000000000004  0.007769983889838907  2.4925624494261492e-05
35.85  0.007864029192387857  2.6392503848400285e-05
35.9  0.007959481112421653  2.783677915672243e-05
35.95  0.008056007783165321  2.9235086612511617e-05
36.0  0.008153289216782007  3.056338608624385e-05
36.050000000000004  0.008251021409758582  3.179918981200582e-05
36.1  0.008348919352655769  3.2923772014549215e-05
36.15  0.008446718789871818  3.392410426862138e-05
36.2  0.008544176715774864  3.4794288442177274e-05
36.25  0.008641070716049946  3.553632404592666e-05
36.300000000000004  0.008737197353926737  3.616014427392524e-05
36.35  0.008832369860510574  3.668295110965787e-05
36.4  0.008926415411323456  3.712793301484511e-05
36.45  0.009019172242840897  3.752246187277557e-05
36.5  0.009110486794714996  3.7895889561561554e-05
36.550000000000004  0.009200211025381325  3.827713013902968e-05
36.6  0.009288200084783196  3.869227540099454e-05
36.65  0.00937431056988345  3.9162493323606306e-05
36.7  0.00945839958699378  3.9702414178052674e-05
36.75  0.009540324772171706  4.031912354120534e-05
36.800000000000004  0.00961994525808976  4.101178816527123e-05
36.85  0.009697123381308397  4.177189400514666e-05
36.9  0.009771726770066508  4.258405283120484e-05
36.95  0.009843630383244817  4.342728949972629e-05
37.0  0.009912718123888477  4.427669430097949e-05
37.050000000000004  0.009978883792572054  4.5105327762287935e-05
37.1  0.010042031289780578  4.5886241773983105e-05
37.15  0.010102074097289174  4.6594434897894154e-05
37.2  0.01015893417087757  4.720853368177016e-05
37.25  0.010212540458399635  4.7712003323824716e-05
37.300000000000004  0.010262827300217159  4.809373348008926e-05
37.35  0.01030973295339006  4.834790373471625e-05
37.4  0.01035319842042845  4.8473107684031425e-05
37.45  0.010393166691507987  4.847081388259566e-05
37.5  0.010429582441348815  4.834336390447106e-05
37.550000000000004  0.010462392154249323  4.809183101308393e-05
37.6  0.010491544600806145  4.771413515597823e-05
37.65  0.010516991592676907  4.72037725609524e-05
37.7  0.010538688958211983  4.6549386542308135e-05
37.75  0.010556597640174626  4.5735262189381624e-05
37.800000000000004  0.010570684743042555  4.474271974612161e-05
37.85  0.010580924352879658  4.355229306639802e-05
37.9  0.010587298040272121  4.214650933980599e-05
37.95  0.01058979505225642  4.0513045114768105e-05
38.0  0.010588412225169307  3.864796028520439e-05
38.050000000000004  0.01058315359077784  3.655855239975685e-05
38.1  0.010574029531742874  3.426525392726497e-05
38.15  0.010561055267762826  3.180208673335182e-05
38.2  0.010544248605798761  2.9215387405531365e-05
38.25  0.010523627299501449  2.6560713010601238e-05
38.300000000000004  0.010499206715362804  2.3898181403842808e-05
38.35  0.010470998508838151  2.1286941528115264e-05
38.400000000000006  0.010439010725839902  1.8779721834498706e-05
38.45  0.01040324934352992  1.6418358984200985e-05
38.5  0.010363720891497421  1.4230937384408411e-05
38.550000000000004  0.010320435565296177  1.2230782728955313e-05
38.6  0.01027341023096523  1.0417161680058656e-05
38.650000000000006  0.010222670910188282  8.777261621901796e-06
38.7  0.010168254618072102  7.288942504017511e-06
38.75  0.010110210644767175  5.923844201883147e-06
38.800000000000004  0.010048601451753651  4.650569507095204e-06
38.85  0.009983503324225828  3.437735905052297e-06
38.900000000000006  0.009915006843685556  2.2567136111246768e-06
38.95  0.00984321717040168  1.0839094498709953e-06
39.0  0.009768254086258154  -9.747919760530176e-08
39.050000000000004  0.009690251745909605  -1.296286245164801e-06
39.1  0.009609358128958061  -2.5128366679474724e-06
39.150000000000006  0.009525734294206238  -3.7391196562415895e-06
39.2  0.009439553607994818  -4.959715055202633e-06
39.25  0.009351001108111743  -6.153416380645685e-06
39.300000000000004  0.009260273131329589  -7.295385317127269e-06
39.35  0.009167577291418498  -8.359600450681342e-06
39.400000000000006  0.00907313286586148  -9.321324880808056e-06
39.45  0.008977171511597142  -1.0159154008533647e-05
39.5  0.008879937414547068  -1.0855540381197267e-05
39.550000000000004  0.008781684038712077  -1.139391038677655e-05
39.6  0.00868266522702742  -1.1753574072592718e-05
39.650000000000006  0.008583127909914912  -1.1912242817136481e-05
39.7  0.008483316858635598  -1.1860666678948866e-05
39.75  0.008383484921161376  -1.1613680245822042e-05
39.800000000000004  0.00828389824453507  -1.1207060929431323e-05
39.85  0.008184836542252395  -1.0687020878914723e-05
39.900000000000006  0.008086591097977571  -1.010029552301525e-05
39.95  0.007989461713846343  -9.487525233672103e-06
40.0  0.00789375323766148  -8.87991818202975e-06
40.050000000000004  0.007799772193535517  -8.298493774383378e-06
40.1  0.007707823892297636  -7.755131090476506e-06
40.150000000000006  0.007618210201213943  -7.254687863050291e-06
40.2  0.007531227968394621  -6.797528966215818e-06
40.25  0.007447167971781002  -6.3819221257099326e-06
40.300000000000004  0.0073663142049802295  -6.005920101539153e-06
40.35  0.0072889433007470045  -5.668531365882204e-06
40.400000000000006  0.007215323900327452  -5.370152951132697e-06
40.45  0.007145715806717809  -5.1123627753605545e-06
40.5  0.007080368837585688  -4.897244935568495e-06
40.550000000000004  0.007019521373065159  -4.726456018801376e-06
40.6  0.006963398638416971  -4.600247585524944e-06
40.650000000000006  0.006912210797026122  -4.516642426649e-06
40.7  0.006866150947500682  -4.470903761946116e-06
40.75  0.006825393126856765  -4.455379805383555e-06
40.800000000000004  0.006790090432509922  -4.4597591282684205e-06
40.85  0.006760373380627757  -4.471718313442539e-06
40.900000000000006  0.006736348610258344  -4.477886997272945e-06
40.95  0.006718098019033036  -4.465008604591322e-06
41.0  0.006705678379627824  -4.421146041103839e-06
41.050000000000004  0.006699121437203664  -4.336774095295497e-06
41.1  0.006698434430836954  -4.205615744019663e-06
41.150000000000006  0.0067036009250968165  -4.0251137692122445e-06
41.2  0.006714581796686083  -3.7964736208159727e-06
41.25  0.0067313162150655255  -3.5242579235011896e-06
41.300000000000004  0.006753722501082381  -3.215553673780946e-06
41.35  0.0067816988406069045  -2.8787753329405337e-06
41.400000000000006  0.0068151239363946235  -2.5222090082797494e-06
41.45  0.006853857749449206  -2.1524515882350053e-06
41.5  0.006897742485787155  -1.7729578178008489e-06
41.550000000000004  0.006946603928522818  -1.3829563431083091e-06
41.6  0.007000253118356997  -9.769933425237509e-07
41.650000000000006  0.007058488265208269  -5.452802306703158e-07
41.7  0.007121096657952661  -7.486819312025331e-08
41.75  0.007187856271482723  4.4848889920268703e-07
41.800000000000004  0.0072585367786413245  1.0380414235241898e-06
41.85  0.007332899794202225  1.703705483328874e-06
41.900000000000006  0.007410698453034133  2.4502157277241893e-06
41.95  0.00749167678936703  3.276379501354008e-06
42.0  0.007575569648663837  4.1758406902110864e-06
42.050000000000004  0.007662103864857442  5.139163043703101e-06
42.1  0.007751001066152273  6.156164657872698e-06
42.150000000000006  0.007841981521706396  7.216743510877974e-06
42.2  0.007934766722287868  8.308880338535189e-06
42.25  0.008029076983280772  9.415029767016841e-06
42.300000000000004  0.00812462253822719  1.0511259745661335e-05
42.35  0.008221093265425345  1.1572511652546385e-05
42.400000000000006  0.00831815591301839  1.2581272174377576e-05
42.45  0.008415462210425342  1.3533287785823276e-05
42.5  0.008512663646494797  1.4437106825040293e-05
42.550000000000004  0.008609426975191768  1.5308944307585065e-05
42.6  0.008705446743725384  1.616595667235309e-05
42.650000000000006  0.008800453444482968  1.702030670677529e-05
42.7  0.008894217193714252  1.7875341306973353e-05
42.75  0.008986547309899128  1.8724393251266165e-05
42.800000000000004  0.009077288398086986  1.9552041788605e-05
42.85  0.009166313820712615  2.0337118973460063e-05
42.900000000000006  0.00925351765309321  2.1056451026941052e-05
42.95  0.009338806313903568  2.168837074109071e-05
43.0  0.009422090983910785  2.221533458121094e-05
43.050000000000004  0.009503281675116434  2.262531740526972e-05
43.1  0.009582283452602414  2.2911941401173258e-05
43.150000000000006  0.009658994931065656  2.3073528290129203e-05
43.2  0.009733308837394447  2.3111445065476718e-05
43.25  0.009805114180322927  2.3028205282028796e-05
43.300000000000004  0.00987429941037517  2.2825765703580178e-05
43.35  0.009940755911153714  2.25043568115727e-05
43.400000000000006  0.010004381232644865  2.206206710732445e-05
43.45  0.010065081625135294  2.1495309653263216e-05
43.5  0.010122773613578877  2.0800239437835814e-05
43.550000000000004  0.01017738450074342  1.9975095726287043e-05
43.6  0.010228851748033842  1.902313998651815e-05
43.650000000000006  0.010277121212951856  1.7955259923675943e-05
43.7  0.0103221443598868  1.6790909984696415e-05
43.75  0.01036387480717631  1.5556629804073325e-05
43.800000000000004  0.010402264862107168  1.4282631992131349e-05
43.85  0.010437262891267313  1.2998709742543792e-05
43.900000000000006  0.010468812198322037  1.1730610522455665e-05
43.95  0.01049685156424199  1.0497563832050928e-05
44.0  0.01052131709220519  9.311224511773138e-06
44.050000000000004  0.010542144715435374  8.175965063398068e-06
44.1  0.010559272683170792  7.090205702237328e-06
44.150000000000006  0.010572643467603003  6.0483060140536606e-06
44.2  0.010582204765949899  5.042476986295737e-06
44.25  0.010587909546656133  4.064226978083962e-06
44.300000000000004  0.01058971533983867  3.105037935821866e-06
44.35  0.010587583141675329  2.156253599623344e-06
44.400000000000006  0.010581476362790238  1.2084733047680938e-06
44.45  0.010571360201513953  2.5094339533208814e-07
44.5  0.010557201674293222  -7.286364389793585e-07
44.550000000000004  0.010538970304858404  -1.7438312648735384e-06
44.6  0.010516639268594384  -2.809017043455944e-06
44.650000000000006  0.010490186828790557  -3.93904914588392e-06
44.7  0.010459598160500598  -5.148901439043858e-06
44.75  0.010424867717059735  -6.452700264246626e-06
44.800000000000004  0.01038600198634212  -7.86169796884561e-06
44.85  0.010343022162027085  -9.381327047261384e-06
44.900000000000006  0.010295966216520656  -1.1008070546512463e-05
44.95  0.01024489005780726  -1.2727151970641599e-05
45.0  0.010189867740671838  -1.451190261709587e-05
45.050000000000004  0.010130990988837385  -1.6325158353961668e-05
45.1  0.01006836841515834  -1.812242018175115e-05
45.150000000000006  0.010002124691677881  -1.9856122820545896e-05
45.2  0.009932399662749074  -2.1480291543161247e-05
45.25  0.009859347220515314  -2.295494756170449e-05
45.300000000000004  0.00978313371451491  -2.4249679967752668e-05
45.35  0.009703935700861494  -2.534586486986929e-05
45.400000000000006  0.009621936967370024  -2.6237203728627707e-05
45.45  0.009537325027307978  -2.692863146007131e-05
45.5  0.009450287673092387  -2.7434055585255357e-05
45.550000000000004  0.009361010590358107  -2.7773638029323845e-05
45.6  0.009269677094561895  -2.7971265059483897e-05
45.650000000000006  0.009176470484279668  -2.8052471984108164e-05
45.7  0.009081578445042336  -2.8042681545921547e-05
45.75  0.008985198018582281  -2.7965531429652014e-05
45.800000000000004  0.008887539496087145  -2.7841332850735604e-05
45.85  0.008788828220675025  -2.7685967086755512e-05
45.900000000000006  0.00868930413420434  -2.751048775835151e-05
45.95  0.008589219562510002  -2.7321413748969864e-05
46.0  0.00848883615547113  -2.712143295068778e-05
46.050000000000004  0.008388421986466492  -2.6910186383644268e-05
46.1  0.00828824945504245  -2.6684991687919632e-05
46.150000000000006  0.008188594025586561  -2.644159646919107e-05
46.2  0.008089733465414636  -2.6175071107509806e-05
46.25  0.007991947311892397  -2.588077575659069e-05
46.300000000000004  0.007895516484836423  -2.5555208477421035e-05
46.35  0.00780072300307533  -2.5196587678498178e-05
46.400000000000006  0.007707849704168419  -2.4805141794467885e-05
46.45  0.007617179827693001  -2.4383152208997563e-05
46.5  0.007528996348227169  -2.3934799068710805e-05
46.550000000000004  0.00744358100776784  -2.3465823381093755e-05
46.6  0.007361213055434758  -2.2982998985203002e-05
46.650000000000006  0.007282167739019315  -2.249342340524345e-05
46.7  0.007206714605737186  -2.2003658224647008e-05
46.75  0.007135115670530699  -2.1518778231273467e-05
46.800000000000004  0.0070676235325871  -2.1041421840005663e-05
46.85  0.007004479523658438  -2.0570962891572172e-05
46.900000000000006  0.006945911938891059  -2.010295098000762e-05
46.95  0.006892134378031172  -1.962896159636114e-05
47.0  0.006843344211203325  -1.9136934831453527e-05
47.050000000000004  0.006799721173287868  -1.861200056762748e-05
47.1  0.00676142608965948  -1.8037707364189765e-05
47.150000000000006  0.00672859974020351  -1.739749955404909e-05
47.2  0.006701361873444204  -1.667624427101203e-05
47.25  0.006679810382895898  -1.586160285327023e-05
47.300000000000004  0.006664020662170972  -1.4945074484169632e-05
47.35  0.006654045168896967  -1.3922609412337295e-05
47.400000000000006  0.006649913228816447  -1.2794772157255344e-05
47.45  0.006651631085952758  -1.1566504223986407e-05
47.5  0.0066591821624651945  -1.0246580267066774e-05
47.550000000000004  0.006672527463645597  -8.846872199811655e-06
47.6  0.006691606081970487  -7.381521061050175e-06
47.650000000000006  0.006716335814614133  -5.866068587460826e-06
47.7  0.0067466139485397895  -4.31656803661318e-06
47.75  0.006782318226525424  -2.7487183035456464e-06
47.800000000000004  0.006823307903768233  -1.1771194621140282e-06
47.85  0.006869424732919937  3.852460300264279e-07
47.900000000000006  0.00692049376037887  1.9272798334938576e-06
47.95  0.0069763239411313955  3.439848885870165e-06
48.0  0.007036708674509914  4.915773742850723e-06
48.050000000000004  0.007101426384561825  6.349777487182493e-06
48.1  0.0071702412386663444  7.738401439930193e-06
48.150000000000006  0.0072429040516168285  9.079861608347671e-06
48.2  0.007319153378541009  1.0373812865118705e-05
48.25  0.007398716764401677  1.1621004195283456e-05
48.300000000000004  0.00748131210224881  1.2822832397212973e-05
48.35  0.007566649069007889  1.3980836419459764e-05
48.400000000000006  0.007654430643749231  1.5096207012051838e-05
48.45  0.007744354741110097  1.616938886051627e-05
48.5  0.007836115998364878  1.7199831040966605e-05
48.550000000000004  0.00792940774232299  1.818591918561651e-05
48.6  0.008023924142657594  1.91250979505385e-05
48.650000000000006  0.008119362533463764  2.0014152749062468e-05
48.7  0.00821542585250238  2.0849608290281247e-05
48.75  0.00831182512295187  2.1628195200231027e-05
48.800000000000004  0.008408281873803198  2.2347280783927052e-05
48.85  0.008504530364214596  2.3005145862687384e-05
48.900000000000006  0.008600319486037091  2.360105983948651e-05
48.95  0.008695414241111997  2.4135190243915692e-05
49.0  0.008789596688530129  2.4608480382451827e-05
49.050000000000004  0.008882666232268207  2.5022669980319885e-05
49.1  0.008974439127396688  2.538042005547519e-05
49.150000000000006  0.009064747230170329  2.5685103233973628e-05
49.2  0.00915343629383514  2.5939850888831874e-05
49.25  0.009240364214479477  2.614613697560428e-05
49.300000000000004  0.009325399347077691  2.6302629329567774e-05
49.35  0.00940841874250467  2.6404681695639712e-05
49.400000000000006  0.009489306257379919  2.644437113934959e-05
49.45  0.009567950682849321  2.641090993761424e-05
49.5  0.009644244088085032  2.629133933015194e-05
49.550000000000004  0.009718080529210135  2.6071457691000244e-05
49.6  0.009789355221211719  2.5736925485733472e-05
49.650000000000006  0.00985796421032654  2.527445278411562e-05
49.7  0.00992380451211555  2.467295414988985e-05
49.75  0.009986774626559176  2.392456565768417e-05
49.800000000000004  0.010046775313580166  2.3025444343122773e-05
49.85  0.010103710509299885  2.1976299350216643e-05
49.900000000000006  0.010157488281491683  2.078263233337207e-05
49.95  0.010208021742890023  1.9454690620605094e-05
50.0  0.010255229848176691  1.8007162623175992e-05
50.050000000000004  0.010299037988805167  1.645866154270151e-05
50.1  0.010339378295843686  1.4831029770199956e-05
50.150000000000006  0.010376189609521067  1.3148474759670732e-05
50.2  0.01040941715715139  1.1436563112237644e-05
50.25  0.010439012036269658  9.721142956627854e-06
50.300000000000004  0.010464930596255705  8.027278557123626e-06
50.35  0.010487133796526821  6.378252463255725e-06
50.400000000000006  0.010505586634040092  4.7946607920636495e-06
50.45  0.010520257704007642  3.293622541500177e-06
50.5  0.010531118909795984  1.8881476322985708e-06
50.550000000000004  0.010538145307322826  5.867296329534404e-07
50.6  0.010541315057450262  -6.067773757759352e-07
50.650000000000006  0.010540609476234551  -1.69297925600774e-06
50.7  0.010536013201795476  -2.6765023154386044e-06
50.75  0.010527514512852963  -3.5653792109464276e-06
50.800000000000004  0.010515105818041891  -4.370334770318512e-06
50.85  0.010498784296634246  -5.104010342234038e-06
50.900000000000006  0.010478552643607371  -5.780150786442837e-06
50.95  0.010454419841763325  -6.412777283311644e-06
51.0  0.010426401858700706  -7.015373628127528e-06
51.050000000000004  0.01039452218174252  -7.60013068574581e-06
51.1  0.010358812137646188  -8.177297847931977e-06
51.150000000000006  0.010319310976607833  -8.75467516256432e-06
51.2  0.010276065728423354  -9.337262619375904e-06
51.25  0.010229130866335406  -9.927079303592327e-06
51.300000000000004  0.010178567849205008  -1.0523175374887173e-05
51.35  0.010124444653717942  -1.1121865989214353e-05
51.400000000000006  0.010066835433456302  -1.171720524930236e-05
51.45  0.01000582042071918  -1.2301686426510457e-05
51.5  0.0099414861202793  -1.286709710509506e-05
51.550000000000004  0.009873925768974074  -1.3405398388389113e-05
51.6  0.009803239996590132  -1.3909499971893537e-05
51.650000000000006  0.009729537625408468  -1.437385463357731e-05
51.7  0.009652936541218224  -1.4794830882192714e-05
51.75  0.009573564558114325  -1.5170856140065396e-05
51.800000000000004  0.009491560225686894  -1.5502343500963207e-05
51.85  0.009407073545872151  -1.579142277216247e-05
51.900000000000006  0.009320266524243668  -1.6041510650189293e-05
51.95  0.009231313412192618  -1.625677041562058e-05
52.0  0.009140400506439253  -1.6441528929713627e-05
52.050000000000004  0.00904772554073701  -1.6599725653691854e-05
52.1  0.00895349693323806  -1.6734439488249676e-05
52.150000000000006  0.008857933226938598  -1.6847511950848613e-05
52.2  0.008761262889148646  -1.6939332881533788e-05
52.25  0.00866372435868739  -1.700891966165629e-05
52.300000000000004  0.008565566055695608  -1.705435728094273e-05
52.35  0.008467046080006571  -1.7073487821948798e-05
52.400000000000006  0.008368431474499534  -1.7064601560915713e-05
52.45  0.008269997087594431  -1.702689456955148e-05
52.5  0.008172024142796457  -1.6960589241245237e-05
52.550000000000004  0.008074798632254451  -1.686675803105699e-05
52.6  0.007978609647260503  -1.67469817144438e-05
52.650000000000006  0.007883747760667026  -1.6602994884989385e-05
52.7  0.007790503564509402  -1.64364337613641e-05
52.75  0.007699166426362139  -1.624873307632692e-05
52.800000000000004  0.007610023469438963  -1.60411494399449e-05
52.85  0.00752335872634019  -1.5814842439359057e-05
52.900000000000006  0.007439452378031673  -1.5570933379534285e-05
52.95  0.0073585799741738315  -1.5310480034371693e-05
53.0  0.007281011539514316  -1.5034339800421001e-05
53.050000000000004  0.00720701049596775  -1.4742928600146076e-05
53.1  0.007136832364972881  -1.4435914895117361e-05
53.150000000000006  0.007070723263592196  -1.4111916835359986e-05
53.2  0.007008918259559226  -1.3768280735619546e-05
53.25  0.006951639686145514  -1.3401011052782342e-05
53.300000000000004  0.006899095531416393  -1.3004898823537628e-05
53.35  0.006851478003107681  -1.2573857503606228e-05
53.400000000000006  0.006808962334751913  -1.2101432914669572e-05
53.45  0.006771705850486423  -1.1581417929272268e-05
53.5  0.006739847257853881  -1.1008477299815279e-05
53.550000000000004  0.006713506107077991  -1.0378679372208546e-05
53.6  0.0066927823480340525  -9.689852108253039e-06
53.650000000000006  0.006677755916530987  -8.941726112466447e-06
53.7  0.006668486288311936  -8.135865683731082e-06
53.75  0.00666501196425681  -7.275411491970944e-06
53.800000000000004  0.006667349887838601  -6.364676672774368e-06
53.85  0.006675494834857066  -5.40865318210078e-06
53.900000000000006  0.006689418848144552  -4.412493786509509e-06
53.95  0.006709070807814509  -3.381037114359153e-06
54.0  0.006734376227310195  -2.318439345199504e-06
54.050000000000004  0.006765237349423118  -1.2279631877072474e-06
54.1  0.00680153358640005  -1.1195167668788857e-07
54.150000000000006  0.006843122311610947  1.0280119691138368e-06
54.2  0.006889839972626721  2.1907819436727624e-06
54.25  0.006941503458674991  3.3752094679919883e-06
54.300000000000004  0.006997911629009026  4.579642939081952e-06
54.35  0.0070588469020070104  5.80143298356544e-06
54.400000000000006  0.007124076817935324  7.036506400868956e-06
54.45  0.007193355518283681  8.27906650473858e-06
54.5  0.007266425126593201  9.521461848452585e-06
54.550000000000004  0.007343017056088452  1.0754243509174458e-05
54.6  0.007422853294340802  1.196641153939189e-05
54.650000000000006  0.007505647720779796  1.3145834844272428e-05
54.7  0.007591107499898292  1.4279814021116853e-05
54.75  0.0076789345692606275  1.535574517124132e-05
54.800000000000004  0.007768827227077413  1.636183713575695e-05
54.85  0.007860481828248988  1.7287834091169494e-05
54.900000000000006  0.007953594602192277  1.8125687953647642e-05
54.95  0.00804786359409404  1.8870109129650135e-05
55.0  0.008142990710227685  1.951891765506784e-05
55.050000000000004  0.00823868382459872  2.0073130030044135e-05
55.1  0.008334658882260159  2.0536743440328838e-05
55.150000000000006  0.008430641923392858  2.0916218430116077e-05
55.2  0.008526370942472298  2.121971400759045e-05
55.25  0.008621597487524588  2.1456187128863155e-05
55.300000000000004  0.008716087900510414  2.163451815341659e-05
55.35  0.008809624106601327  2.1762813920181882e-05
55.400000000000006  0.008902003891324143  2.1847905945863462e-05
55.45  0.008993040678369535  2.189486969050456e-05
55.5  0.009082562935500553  2.1906389571214992e-05
55.550000000000004  0.009170413371338258  2.1882103096547678e-05
55.6  0.009256447950734444  2.18183050902437e-05
55.650000000000006  0.009340534622059804  2.1708229099715052e-05
55.7  0.009422551696210583  2.1542792734658578e-05
55.75  0.009502385967332725  2.131155720052836e-05
55.800000000000004  0.009579930755981842  2.1003709463807346e-05
55.85  0.009655084057460257  2.0608961618384188e-05
55.900000000000006  0.00972774695112813  2.0118313627293575e-05
55.95  0.009797822384194192  1.9524658084180646e-05
56.0  0.009865214383635374  1.8823216777407344e-05
56.050000000000004  0.009929827698011451  1.801179831093541e-05
56.1  0.009991567837682938  1.7090872635238975e-05
56.150000000000006  0.010050341450964659  1.606347098036119e-05
56.2  0.010106056953482396  1.4934946175440321e-05
56.25  0.010158625344621168  1.3712668209604216e-05
56.300000000000004  0.010207961188452054  1.2405757086228596e-05
56.35  0.010253983755446562  1.1024952238063996e-05
56.400000000000006  0.010296618254063765  9.582645245629465e-06
56.45  0.010335796924516472  8.092928011295111e-06
56.5  0.01037145962344332  6.571389961089648e-06
56.550000000000004  0.010403553563537327  5.034584265049864e-06
56.6  0.010432032179406157  3.4994040900409372e-06
56.650000000000006  0.010456853487468012  1.982642895781525e-06
56.7  0.010477978467788068  5.007914042681013e-07
56.75  0.010495369863126672  -9.300627421701939e-07
56.800000000000004  0.010508991566016382  -2.2944176106304044e-06
56.85  0.010518808600544643  -3.577752877959436e-06
56.900000000000006  0.010524787623611679  -4.767173496815981e-06
56.95  0.010526897830333412  -5.852239117564134e-06
57.0  0.010525112121334355  -6.825839124478823e-06
57.050000000000004  0.010519408382883087  -7.684947944109972e-06
57.1  0.010509770737065709  -8.43112891999175e-06
57.150000000000006  0.010496190627669665  -9.070706764655563e-06
57.2  0.010478667630750824  -9.614565995702363e-06
57.25  0.010457209919187065  -1.0077567809182883e-05
57.300000000000004  0.010431834369387286  -1.0477618348054934e-05
57.35  0.010402566369221298  -1.0834451218096132e-05
57.400000000000006  0.010369439436811853  -1.1168196673043098e-05
57.45  0.010332494760254517  -1.1497823235349148e-05
57.5  0.010291780723340032  -1.1839581837793985e-05
57.550000000000004  0.01024735243422209  -1.2205644471647072e-05
57.6  0.010199271257921605  -1.2603157418370929e-05
57.650000000000006  0.010147604384785895  -1.3033885816176252e-05
57.7  0.010092424524448251  -1.3494514927385782e-05
57.75  0.01003380984002709  -1.3977537967444712e-05
57.800000000000004  0.00997184418920794  -1.447255992628992e-05
57.85  0.009906617646464836  -1.4967799791228804e-05
57.900000000000006  0.009838227204527497  -1.5451563408279186e-05
57.95  0.009766777537706883  -1.591348897442741e-05
58.0  0.009692381749999713  -1.6345428836499304e-05
58.050000000000004  0.009615162081092381  -1.6741902581058356e-05
58.1  0.00953525058334929  -1.7100123358398727e-05
58.150000000000006  0.00945278979563653  -1.741965805196835e-05
58.2  0.009367933420612783  -1.770182980626589e-05
58.25  0.009280846951545567  -1.7948995261962097e-05
58.300000000000004  0.009191708096196566  -1.816381737102813e-05
58.35  0.009100706805507994  -1.8348649574079256e-05
58.400000000000006  0.009008044819738851  -1.8505162096091324e-05
58.45  0.008913934814369386  -1.863430645588907e-05
58.5  0.008818599315978407  -1.873659940710574e-05
58.550000000000004  0.008722269558610699  -1.8812581571113135e-05
58.6  0.008625184422183227  -1.8863263021728267e-05
58.650000000000006  0.008527589549491923  -1.8890425291832605e-05
58.7  0.008429736672512633  -1.8896713925765836e-05
58.75  0.008331883087639873  -1.888549881312782e-05
58.800000000000004  0.008234291224064268  -1.886045229398234e-05
58.85  0.008137228391616297  -1.882467867547419e-05
58.900000000000006  0.008040966942464766  -1.8779257497503613e-05
58.95  0.007945784922557816  -1.872157391615965e-05
59.0  0.007851966625640076  -1.8644510960998e-05
59.050000000000004  0.007759802012860354  -1.8537398324758928e-05
59.1  0.007669584604766435  -1.838844425239357e-05
59.150000000000006  0.007581608462584495  -1.818750160444554e-05
59.2  0.007496165125188113  -1.7928128302789595e-05
59.25  0.007413541009114819  -1.7608520218424424e-05
59.300000000000004  0.007334015401911984  -1.723138520926879e-05
59.35  0.007257858984474559  -1.6803027625826748e-05
59.400000000000006  0.007185332743931338  -1.633195399464978e-05
59.45  0.007116687107813805  -1.5827310055754437e-05
59.5  0.007052161133767321  -1.5297439648194016e-05
59.550000000000004  0.006991981646666439  -1.4748789057253173e-05
59.6  0.006936362281625762  -1.4185275324668206e-05
59.650000000000006  0.0068855024292965705  -1.3608140700323451e-05
59.7  0.006839586116102959  -1.301623999780908e-05
59.75  0.006798780899737069  -1.2406647604919272e-05
59.800000000000004  0.0067632368743502855  -1.177542369338309e-05
59.85  0.006733085845914049  -1.1118369673577852e-05
59.900000000000006  0.006708440702209617  -1.043164533985421e-05
59.95  0.006689394970092056  -9.71218437588067e-06
60.0  0.006676022508439981  -8.95789871863549e-06
60.050000000000004  0.006668377243413332  -8.167704457011006e-06
60.1  0.006666492852452355  -7.341428804303195e-06
60.150000000000006  0.006670382342722658  -6.479653658555794e-06
60.2  0.006680037522434054  -5.5835284815169885e-06
60.25  0.00669542841218459  -4.6545680340749634e-06
60.300000000000004  0.006716502677923974  -3.6944467446849014e-06
60.35  0.00674318519084036  -2.7048093540715995e-06
60.400000000000006  0.006775377825688613  -1.6871293527977425e-06
60.45  0.006812959583788244  -6.426532985157097e-07
60.5  0.006855787075798944  4.275348715403703e-07
60.550000000000004  0.006903695343317492  1.5223144488669583e-06
60.6  0.00695649895471871  2.6402073352322723e-06
60.650000000000006  0.007013993290439052  3.7789762907851207e-06
60.7  0.007075955938366848  4.935200628644427e-06
60.75  0.007142148152676891  6.10389969580008e-06
60.800000000000004  0.00721231639152443  7.278280669644505e-06
60.85  0.007286194012914803  8.449683566257742e-06
60.900000000000006  0.007363503216629717  9.607769411322203e-06
60.95  0.007443957237736628  1.0740945366231138e-05
61.0  0.007527262667880803  1.1836970554556882e-05
61.050000000000004  0.007613121707180932  1.2883658002362563e-05
61.1  0.007701234181021732  1.3869579422288855e-05
61.150000000000006  0.007791299253178787  1.4784696144417224e-05
61.2  0.007883016868342434  1.5620873078147833e-05
61.25  0.007976089023294193  1.637225724124387e-05
61.300000000000004  0.008070220989150445  1.7035510179877357e-05
61.35  0.008165122597173167  1.7609888074138052e-05
61.400000000000006  0.008260509664777092  1.809716196352949e-05
61.45  0.008356105588428748  1.85013564646288e-05
61.5  0.008451643071704797  1.8828290405384104e-05
61.550000000000004  0.008546865899686156  1.9084937849942772e-05
61.6  0.008641530628626593  1.9278680213208734e-05
61.650000000000006  0.008735408027582946  1.941656435884434e-05
61.7  0.0088282841070782  1.9504669014234533e-05
61.75  0.008919960636489751  1.9547608521595412e-05
61.800000000000004  0.009010255158554376  1.954811998063061e-05
61.85  0.009099000577595204  1.95066972838778e-05
61.900000000000006  0.00918604437192394  1.9421356794349314e-05
61.95  0.00927124740790394  1.928766842117698e-05
62.0  0.009354482331469717  1.9099093994434887e-05
62.050000000000004  0.009435631594202111  1.8847560603144748e-05
62.1  0.009514585251751324  1.8524152808261312e-05
62.150000000000006  0.00959123871345777  1.8119827865095934e-05
62.2  0.009665490630093608  1.762609911577979e-05
62.25  0.009737241092349191  1.7035659540405107e-05
62.300000000000004  0.009806390286837663  1.6342918378735283e-05
62.35  0.009872837722581096  1.554441666836266e-05
62.400000000000006  0.009936482097265446  1.4639096148000098e-05
62.45  0.009997221823795541  1.3628412922014295e-05
62.5  0.010054956181057612  1.2516296100359154e-05
62.550000000000004  0.01010958697356202  1.1308947397972631e-05
62.6  0.010161020476292667  1.0014473102967222e-05
62.650000000000006  0.010209169335006063  8.642361893378257e-06
62.7  0.010253954050088408  7.202881034460661e-06
62.75  0.010295303756443209  5.706542123234392e-06
62.800000000000004  0.010333156230448254  4.163837202745239e-06
62.85  0.01036745730396888  2.585408387276944e-06
62.900000000000006  0.010398160006647741  9.82661989200607e-07
62.95  0.01042522373684016  -6.313792615675769e-07
63.0  0.010448613623741856  -2.2413419763682245e-06
63.050000000000004  0.010468300066519113  -3.829214837389374e-06
63.1  0.01048425829695377  -5.37465797919735e-06
63.150000000000006  0.01049646778166864  -6.8558648090702356e-06
63.2  0.010504911372259756  -8.250821408793096e-06
63.25  0.010509574260231089  -9.538779415916105e-06
63.300000000000004  0.01051044291476495  -1.0701777071985122e-05
63.35  0.010507504228524303  -1.1726068210998059e-05
63.400000000000006  0.010500745075299509  -1.2603320080042623e-05
63.45  0.010490152420451234  -1.3331439963516e-05
63.5  0.010475714044304424  -1.3914914251263617e-05
63.550000000000004  0.010457419845104045  -1.4364594790907206e-05
63.6  0.010435263586151631  -1.4696935113186862e-05
63.650000000000006  0.010409244866091634  -1.4932745327958343e-05
63.7  0.010379371043211273  -1.5095589432226464e-05
63.75  0.01034565884631786  -1.520998576730482e-05
63.800000000000004  0.010308135461546724  -1.52995873536813e-05
63.85  0.01026683898336388  -1.538551471277341e-05
63.900000000000006  0.010221818235567313  -1.5484993029100727e-05
63.95  0.010173132080164982  -1.5610409481430966e-05
64.0  0.01012084842110254  -1.576885844073147e-05
64.05  0.010065043149252873  -1.5962201414029356e-05
64.10000000000001  0.010005799232165304  -1.618763289226735e-05
64.15  0.009943206070739683  -1.6438671135861614e-05
64.2  0.009877359198024276  -1.670642626768681e-05
64.25  0.009808360359467642  -1.698099047991475e-05
64.3  0.009736317959673009  -1.7252792841516252e-05
64.35000000000001  0.009661347825036188  -1.751376803817669e-05
64.4  0.009583574214132303  -1.7758229105233864e-05
64.45  0.00950313097584553  -1.7983364963566327e-05
64.5  0.00942016272540164  -1.818929620920955e-05
64.55  0.009334825902673163  -1.8378669923601618e-05
64.60000000000001  0.009247289587564532  -1.855587997325798e-05
64.65  0.009157735955257191  -1.8726088911225516e-05
64.7  0.009066360280717545  -1.8894234733039e-05
64.75  0.008973370474411532  -1.9064150888048647e-05
64.8  0.00887898622397969  -1.9237858043317935e-05
64.85000000000001  0.00878343791130545  -1.9415086988849087e-05
64.9  0.008686965486245965  -1.959314852784856e-05
64.95  0.008589817321963508  -1.97672681979954e-05
65.0  0.00849224894069363  -1.993137087829413e-05
65.05  0.008394521548986414  -2.007910451969924e-05
65.10000000000001  0.008296900488981662  -2.020480168798977e-05
65.15  0.00819965384608242  -2.0304136607817896e-05
65.2  0.008103051446196878  -2.037438652085068e-05
65.25  0.008007364361785665  -2.041436630740462e-05
65.3  0.007912864906446462  -2.0424185477158656e-05
65.35000000000001  0.007819826955374263  -2.040496675108049e-05
65.4  0.007728526318132279  -2.0358613562191177e-05
65.45  0.007639240865547634  -2.0287642373850328e-05
65.5  0.007552250167703748  -2.01950330303313e-05
65.55  0.007467834512267277  -2.0084044653125144e-05
65.60000000000001  0.00738627331374987  -1.9957978919307613e-05
65.65  0.007307843019014283  -1.9819879117846114e-05
65.7  0.007232814685038637  -1.9672167014432043e-05
65.75  0.007161451481079855  -1.951627506792318e-05
65.8  0.007094006374278937  -1.935235163781272e-05
65.85000000000001  0.007030720175850266  -1.9179076740793157e-05
65.9  0.0069718200283844945  -1.899359880288461e-05
65.95  0.006917518332919414  -1.879159885918502e-05
66.0  0.006868012048314196  -1.8567483462833573e-05
66.05  0.006823482254270118  -1.83146972296284e-05
66.10000000000001  0.00678409384239572  -1.8026131031275172e-05
66.15  0.006749995195674376  -1.7694593037490884e-05
66.2  0.006721317744479281  -1.731329783681013e-05
66.25  0.00669817531296311  -1.6876312186016525e-05
66.3  0.006680663199375266  -1.6378893080067786e-05
66.35000000000001  0.00666885699698624  -1.5817669198137698e-05
66.4  0.006662811231181923  -1.5190649331741972e-05
66.45  0.006662557929354541  -1.4497081035535684e-05
66.5  0.006668105261563044  -1.3737213708316642e-05
66.55  0.0066794364130339755  -1.2912029946454551e-05
66.60000000000001  0.006696508873064191  -1.2022998684756996e-05
66.65  0.006719254323340961  -1.1071884639418683e-05
66.7  0.006747579245520677  -1.0060642041844247e-05
66.75  0.006781366208978078  -8.991439223287417e-06
66.8  0.0068204755922791375  -7.866868818599415e-06
66.85000000000001  0.006864747391552225  -6.690344555710228e-06
66.9  0.0069140028653912715  -5.466591114297206e-06
66.95  0.006968045960810224  -4.20208388262546e-06
67.0  0.007026664601901333  -2.9053265544519314e-06
67.05  0.0070896319512315405  -1.586923129296223e-06
67.10000000000001  0.007156707716538471  -2.594532521691432e-07
67.15  0.007227639524895802  1.0628143451914939e-06
67.2  0.007302164351783624  2.364328159444405e-06
67.25  0.007380009997959135  3.6287600387647394e-06
67.3  0.0074608965974963335  4.839612908437381e-06
67.35000000000001  0.007544538098337831  5.980930804225082e-06
67.4  0.007630643665355689  7.038107853513124e-06
67.45  0.007718919002268885  7.998768690175667e-06
67.5  0.0078090676436453664  8.853640312004185e-06
67.55  0.007900792306871149  9.597304706495881e-06
67.60000000000001  0.007993796392038493  1.0228733092911874e-05
67.65  0.008087785679896943  1.0751515084066117e-05
67.7  0.008182470219297806  1.1173699418746142e-05
67.75  0.008277566336829793  1.1507193881180377e-05
67.8  0.008372798668209228  1.176674288035968e-05
67.85000000000001  0.008467902103476399  1.196859735244733e-05
67.9  0.008562623540295487  1.212913242476086e-05
67.95  0.008656723343560529  1.2263861905002547e-05
68.0  0.00874997636162152  1.2387276523062527e-05
68.05  0.008842172255406813  1.2512984189779975e-05
68.10000000000001  0.008933115134985275  1.2652281296716118e-05
68.15  0.009022623208735762  1.2810728138613824e-05
68.2  0.00911052899890068  1.2985473789619322e-05
68.25  0.009196679478323488  1.3165253491772729e-05
68.3  0.009280935348484974  1.3332216471483937e-05
68.35000000000001  0.009363169517651374  1.3464263917513201e-05
68.4  0.009443265220827488  1.353728496919321e-05
68.45  0.009521114106707043  1.3527094033828627e-05
68.5  0.009596614446149905  1.3410989095415877e-05
68.55  0.009669669528693463  1.3168898025927926e-05
68.60000000000001  0.009740186273572406  1.2784128998153127e-05
68.65  0.009808074056288174  1.2243806454078997e-05
68.7  0.009873243746418497  1.153916338888221e-05
68.75  0.0099356069926109  1.0665940298909394e-05
68.8  0.009995075872264515  9.6251199255549e-06
68.85000000000001  0.010051563058877918  8.423978063958942e-06
68.9  0.010104982534906392  7.07695953239077e-06
68.95  0.010155250549400714  5.6056005280957685e-06
69.0  0.01020228628868253  4.037034147779943e-06
69.05  0.010246011974090318  2.4013499328967187e-06
69.10000000000001  0.010286352607764972  7.286149686258279e-07
69.15  0.010323235852016322  -9.536339074035764e-07
69.2  0.01035659240308045  -2.6219601799571846e-06
69.25  0.010386356915100443  -4.2575642712576405e-06
69.3  0.010412469278446555  -5.845956822696243e-06
69.35000000000001  0.01043487592904249  -7.376072390785866e-06
69.4  0.010453530850179417  -8.839140347413046e-06
69.45  0.010468396017965736  -1.02275998318479e-05
69.5  0.010479441191874052  -1.1534309503306478e-05
69.55  0.010486643087119033  -1.2752175197135261e-05
69.60000000000001  0.010489984109611994  -1.3874198268906728e-05
69.65  0.010489450946332529  -1.4893917339023182e-05
69.7  0.010485033321863343  -1.580618082349221e-05
69.75  0.010476723184075755  -1.6608132026354673e-05
69.8  0.010464514498682949  -1.730025200172688e-05
69.85000000000001  0.010448403709838214  -1.7887273233723373e-05
69.9  0.010428390816387766  -1.8378738325554875e-05
69.95  0.010404480963734135  -1.8789018553552333e-05
70.0  0.010376686372404744  -1.9136721309198552e-05
70.05  0.010345028284045939  -1.94435294433319e-05
70.10000000000001  0.010309538472045306  -1.973260406793455e-05
70.15  0.010270259867827342  -2.0026744021925573e-05
70.2  0.010227246092899964  -2.0346500686809644e-05
70.25  0.010180560097586605  -2.0708394916627587e-05
70.3  0.01013027243559977  -2.1123366476193245e-05
70.35000000000001  0.010076459721811218  -2.1595654449814625e-05
70.4  0.010019203580127617  -2.2122363542187425e-05
70.45  0.009958590142183518  -2.269391768517982e-05
70.5  0.0098947100360011  -2.3295436644370268e-05
70.55  0.009827658765645658  -2.3908853269960177e-05
70.60000000000001  0.00975753739884818  -2.4515405183113635e-05
70.65  0.009684453509109639  -2.5098077037625034e-05
70.7  0.009608522293231999  -2.564360449452203e-05
70.75  0.0095298677944234  -2.6143726999178543e-05
70.8  0.009448624202063941  -2.6595541239364015e-05
70.85000000000001  0.009364937168211379  -2.7000996720783232e-05
70.9  0.009278965011107986  -2.736573901742497e-05
70.95  0.009190879630482963  -2.769762310183556e-05
71.0  0.009100866974681134  -2.8005238255519833e-05
71.05  0.009009126956006508  -2.8296715111170395e-05
71.10000000000001  0.008915872789498434  -2.857894400873139e-05
71.15  0.008821329845675395  -2.8857150856272683e-05
71.2  0.008725734206153395  -2.9134703383870553e-05
71.25  0.008629331098697639  -2.941304100957374e-05
71.3  0.008532373336402263  -2.969164480463358e-05
71.35000000000001  0.00843511987258511  -2.9968018561066667e-05
71.4  0.008337834567469568  -3.0237730536705018e-05
71.45  0.008240785213097032  -3.0494605741434842e-05
71.5  0.00814424278996358  -3.073112667560329e-05
71.55  0.0080484808763997  -3.093903703790131e-05
71.60000000000001  0.007953775104221334  -3.1110091808325054e-05
71.65  0.007860402551535884  -3.123686646547076e-05
71.7  0.007768640995312144  -3.131352175548431e-05
71.75  0.007678767988807199  -3.133641495040924e-05
71.8  0.007591059758053307  -3.130446916297637e-05
71.85000000000001  0.007505789930840515  -3.121927132207737e-05
71.9  0.007423228128403313  -3.108495140359516e-05
71.95  0.007343638452278909  -3.0907974278880765e-05
72.0  0.007267277893637753  -3.069702094986938e-05
72.05  0.007194394737760744  -3.0463048276105616e-05
72.10000000000001  0.007125227267542413  -3.0219123079174023e-05
72.15  0.007060003491710282  -2.997847980414772e-05
72.2  0.006998942386233449  -2.9748990517686427e-05
72.25  0.0069422553493162665  -2.952652039664072e-05
72.3  0.006890145677024501  -2.9293974039127437e-05
72.35000000000001  0.006842805821651338  -2.9027185731991725e-05
72.4  0.006800413851344359  -2.8702279801951523e-05
72.45  0.006763130442836361  -2.8300813136195953e-05
72.5  0.0067310970423434075  -2.781230402831739e-05
72.55  0.00670443518914364  -2.723481374174926e-05
72.60000000000001  0.006683246647224569  -2.6574188499500256e-05
72.65  0.006667613905126129  -2.58423861393397e-05
72.7  0.00665760067157588  -2.505523406904113e-05
72.75  0.006653252115040823  -2.4229959815704944e-05
72.8  0.006654594712917869  -2.338282918262086e-05
72.85000000000001  0.006661635682810993  -2.2527184023164582e-05
72.9  0.006674362063586591  -2.1672087525416716e-05
72.95  0.006692739587761239  -2.0821669662611966e-05
73.0  0.006716711530335114  -1.9975146158605676e-05
73.05  0.00674619773563379  -1.912740065357178e-05
73.10000000000001  0.00678109400505735  -1.826997479434124e-05
73.15  0.006821271968785591  -1.7392291107668707e-05
73.2  0.00686657949662044  -1.6482954459485374e-05
73.25  0.006916841652717554  -1.553103516875214e-05
73.3  0.00697186217663797  -1.4527305522255192e-05
73.35000000000001  0.007031425464829937  -1.3465437490172567e-05
73.4  0.007095298961148311  -1.234311802867813e-05
73.45  0.007163235700686697  -1.1162914750272658e-05
73.5  0.007234976635172335  -9.93266036803818e-06
73.55  0.0073102524875084006  -8.66521033837825e-06
73.60000000000001  0.0073887851412015905  -7.3775949047584515e-06
73.65  0.007470288735284691  -6.089728374531498e-06
73.7  0.007554470659046903  -4.822904189354102e-06
73.75  0.007641032612832393  -3.5982909878539587e-06
73.8  0.007729671884926945  -2.4355847847663292e-06
73.85000000000001  0.007820082976778376  -1.3519081951873195e-06
73.9  0.007911959652836037  -3.6100713467533625e-07
73.95  0.008004997395658148  5.272326038526661e-07
74.0  0.008098896139997593  1.3069839221000594e-06
74.05  0.008193363079293256  1.9765477990585722e-06
74.10000000000001  0.008288115289541306  2.5385977663946736e-06
74.15  0.008382881873385888  3.0007632281584504e-06
74.2  0.008477405396079829  3.375772720614116e-06
74.25  0.00857144283041543  3.679610869485326e-06
74.3  0.008664766631591582  3.927869988582685e-06
74.35000000000001  0.008757165946884948  4.132684147140992e-06
74.4  0.00884844716877422  4.301563975014508e-06
74.45  0.008938433396813241  4.437491995251778e-06
74.5  0.009026963071430449  4.539444567178801e-06
74.55  0.00911388819656333  4.603046042504888e-06
74.60000000000001  0.009199072413056186  4.621322288827548e-06
74.65  0.009282389054199935  4.5855400372861445e-06
74.7  0.009363719262275937  4.486093258290654e-06
74.75  0.009442950236698121  4.313371710768513e-06
74.8  0.009519973687752696  4.058525383621083e-06
74.85000000000001  0.009594684564237288  3.7140472408752863e-06
74.9  0.009666980104183846  3.2741345743052444e-06
74.95  0.009736759232812694  2.7348328720011006e-06
75.0  0.009803922305897411  2.093998118983323e-06
75.05  0.009868371169115419  1.3511326785994755e-06
75.10000000000001  0.009930009475754295  5.071638669296288e-07
75.15  0.009988743182171701  -4.3575928578111486e-07
75.2  0.010044481131098449  -1.474385365021811e-06
75.25  0.010097135635218694  -2.6043461337276853e-06
75.3  0.010146622978864834  -3.819975480490978e-06
75.35000000000001  0.010192863767411554  -5.113965589385867e-06
75.4  0.010235783075046379  -6.476922146461926e-06
75.45  0.010275310368286314  -7.896933781230318e-06
75.5  0.010311379221855719  -9.359289891052364e-06
75.55  0.010343926890520178  -1.0846457558502252e-05
75.60000000000001  0.010372893828953306  -1.2338385789933881e-05
75.65  0.01039822325962432  -1.3813161624964993e-05
75.7  0.01041986088710507  -1.5248002042996472e-05
75.75  0.010437754860152026  -1.6620520995052513e-05
75.8  0.010451856101182882  -1.7910157738565834e-05
75.85000000000001  0.01046211913799663  -1.9099605614378824e-05
75.9  0.010468503534547036  -2.0176062577014413e-05
75.95  0.01047097586783752  -2.1132149011309267e-05
76.0  0.01046951192904594  -2.1966393102235756e-05
76.05  0.010464098551717208  -2.268324334724638e-05
76.10000000000001  0.010454734400103489  -2.3292613137061322e-05
76.15  0.010441429335009297  -2.380898904374084e-05
76.2  0.010424202510820421  -2.4250145627527178e-05
76.25  0.010403079830772162  -2.4635524554292645e-05
76.3  0.010378091522376754  -2.4984381398600056e-05
76.35000000000001  0.010349270388436516  -2.5313872978009095e-05
76.4  0.01031665094976726  -2.563731835702333e-05
76.45  0.01028026941892465  -2.5962892347370654e-05
76.5  0.010240164299030389  -2.6292982068276508e-05
76.55  0.010196377369341309  -2.6624337863243687e-05
76.60000000000001  0.010148954870751466  -2.6949003093278023e-05
76.65  0.010097948794839022  -2.7255878276064122e-05
76.7  0.010043418236850503  -2.7532693566004917e-05
76.75  0.009985430769314825  -2.776811273179919e-05
76.80000000000001  0.00992406376813158  -2.7953669700595308e-05
76.85000000000001  0.009859405611342738  -2.8085262610173075e-05
76.9  0.00979155666477868  -2.8163996251070146e-05
76.95  0.009720629964057589  -2.819627042802947e-05
77.0  0.009646751497883403  -2.8193141268055555e-05
77.05000000000001  0.00957006000103035  -2.8169096850481435e-05
77.10000000000001  0.00949070621184158  -2.814046532655262e-05
77.15  0.009408851659647478  -2.812370506397395e-05
77.2  0.00932466719596535  -2.81338075459097e-05
77.25  0.009238331613687045  -2.8182983975235624e-05
77.30000000000001  0.009150030734370526  -2.8279733389020708e-05
77.35000000000001  0.00905995721467183  -2.8428337929976143e-05
77.4  0.008968311031920695  -2.8628818117681278e-05
77.45  0.008875300304331937  -2.887735810212332e-05
77.5  0.008781141986234205  -2.916711740763358e-05
77.55000000000001  0.008686062107824959  -2.9489233980482553e-05
77.60000000000001  0.008590295482343573  -2.983379980899359e-05
77.65  0.008494085005928114  -3.0190663377265033e-05
77.7  0.008397680713016917  -3.054999878533503e-05
77.75  0.00830133866949031  -3.090264924829412e-05
77.80000000000001  0.008205319741615293  -3.124030821983407e-05
77.85000000000001  0.008109888324952564  -3.155561214862405e-05
77.9  0.008015311155226496  -3.1842191402427115e-05
77.95  0.00792185629690675  -3.209469775171632e-05
78.0  0.00782979235781309  -3.2308808476736435e-05
78.05000000000001  0.007739387940619383  -3.248120028199019e-05
78.10000000000001  0.007650911291348804  -3.2609481460270576e-05
78.15  0.007564630033524368  -3.2692069829844216e-05
78.2  0.007480810823626297  -3.272801391046152e-05
78.25  0.007399718763136498  -3.271677299246505e-05
78.30000000000001  0.0073216164589283055  -3.265799241765371e-05
78.35000000000001  0.007246762707316043  -3.2551322793006985e-05
78.4  0.0071754108522214  -3.2396324521753125e-05
78.45  0.007107806916489493  -3.2192474189970086e-05
78.5  0.007044187636083425  -3.1939263329106804e-05
78.55000000000001  0.0069847785448299525  -3.163635293678397e-05
78.60000000000001  0.006929792242367713  -3.128372147154575e-05
78.65  0.006879426933584631  -3.0881746966023836e-05
78.7  0.006833865280786254  -3.0431194743754333e-05
78.75  0.0067932735661218775  -2.9933116838208704e-05
78.80000000000001  0.0067578011188985845  -2.938869700759911e-05
78.85000000000001  0.006727579925006694  -2.8799092367482918e-05
78.9  0.006702724315482704  -2.816532061524357e-05
78.95  0.006683330634958729  -2.748822291400967e-05
79.0  0.00666947681169487  -2.6768507008472364e-05
79.05000000000001  0.006661221786219873  -2.6006847600664217e-05
79.10000000000001  0.006658604804212458  -2.5204002171987817e-05
79.15  0.006661644627092335  -2.4360898849828556e-05
79.2  0.0066703387493855576  -2.3478664563054124e-05
79.25  0.006684662731677565  -2.25585812489333e-05
79.30000000000001  0.006704569758622858  -2.1601981937424843e-05
79.35000000000001  0.006729990510042416  -2.061012172600669e-05
79.4  0.006760833391156804  -1.9584075345942983e-05
79.45  0.006796985114840394  -1.8524717240697465e-05
79.5  0.006838311578399895  -1.743282745317547e-05
79.55000000000001  0.006884658940298761  -1.6309339485528342e-05
79.60000000000001  0.0069358547874150715  -1.5155709759176655e-05
79.65  0.006991709296728198  -1.3974350604367508e-05
79.7  0.007052016330448034  -1.2769042634040738e-05
79.75  0.007116554445189381  -1.154523878336532e-05
79.80000000000001  0.007185087825177718  -1.0310189725366527e-05
79.85000000000001  0.007257367157494846  -9.072852139532125e-06
79.9  0.007333130462220431  -7.843583146636124e-06
79.95  0.00741210389498097  -6.633666207271404e-06
80.0  0.007494002578239083  -5.454731087574911e-06
80.05000000000001  0.007578531591069883  -4.318119978986905e-06
80.10000000000001  0.007665387320373454  -3.234245018220546e-06
80.15  0.00775425938926363  -2.2119905411843165e-06
80.2  0.007844833287541517  -1.2582223997143543e-06
80.25  0.007936793654685944  -3.774639983948413e-07
80.30000000000001  0.008029827989144834  4.282182237818454e-07
80.35000000000001  0.008123630454564887  1.1591189636673407e-06
80.4  0.008217905443983943  1.8176936740374915e-06
80.45  0.008312370605463353  2.4085294986785403e-06
80.5  0.008406759032763722  2.938734388725289e-06
80.55000000000001  0.008500820334652404  3.4182504693401538e-06
80.60000000000001  0.008594320730673875  3.85873471513251e-06
80.65  0.008687042961359016  4.2707620027088445e-06
80.7  0.008778786382221102  4.661175159693917e-06
80.75  0.008869366649589858  5.031974915064219e-06
80.80000000000001  0.008958614537602931  5.380458262844141e-06
80.85000000000001  0.009046374117606053  5.699889535673366e-06
80.9  0.009132500762654833  5.980354204174228e-06
80.95  0.009216859297835259  6.2097027962929815e-06
81.0  0.009299322440665185  6.374554325807072e-06
81.05000000000001  0.009379769572843848  6.461319581030176e-06
81.10000000000001  0.009458085837540998  6.4571817812622055e-06
81.15  0.009534161525279177  6.350959769110472e-06
81.2  0.009607891684298344  6.133791705415602e-06
81.25  0.00967917587406568  5.79960567289852e-06
81.30000000000001  0.009747917975618199  5.345364166263995e-06
81.35000000000001  0.009814025977221157  4.771074916562204e-06
81.4  0.009877411676630182  4.079588309883437e-06
81.45  0.009937990284640492  3.276256619186879e-06
81.5  0.009995679961444855  2.3685479236555185e-06
81.55000000000001  0.01005040135144903  1.3656992626120825e-06
81.60000000000001  0.01010207719825796  2.784660391187677e-07
81.65  0.010150632098407473  -8.810288100077519e-07
81.7  0.01019599239531048  -2.0993646992059016e-06
81.75  0.010238086193756163  -3.361835252121569e-06
81.80000000000001  0.010276843479007685  -4.652456741861277e-06
81.85000000000001  0.010312196299096396  -5.954040273737225e-06
81.9  0.01034407893939387  -7.248380492891816e-06
81.95  0.010372428031313934  -8.516607799371858e-06
82.0  0.010397182593602613  -9.739743971849793e-06
82.05000000000001  0.010418284069927322  -1.0899474035174112e-05
82.10000000000001  0.010435676447345936  -1.1979111274508994e-05
82.15  0.010449306507564095  -1.2964674761135723e-05
82.2  0.010459124249651355  -1.3845929110037845e-05
82.25  0.010465083517098971  -1.4617206396638539e-05
82.30000000000001  0.01046714281604811  -1.52778647352659e-05
82.35000000000001  0.010465266261581924  -1.5832310743864363e-05
82.4  0.010459424581886687  -1.6289586942776208e-05
82.45  0.010449596146265505  -1.6662588725843802e-05
82.5  0.010435768024444283  -1.6967022548015754e-05
82.55000000000001  0.010417937098748047  -1.722024168597481e-05
82.60000000000001  0.010396111225423338  -1.7440098202469257e-05
82.65  0.010370310360546614  -1.764392546764283e-05
82.7  0.010340567437909932  -1.7847716725289223e-05
82.75  0.010306928664541576  -1.8065505030912405e-05
82.80000000000001  0.010269452888071457  -1.8308889751369602e-05
82.85000000000001  0.010228209884566904  -1.8586623930486664e-05
82.9  0.010183277775281148  -1.8904202847680175e-05
82.95  0.010134740140102622  -1.9263461542899695e-05
83.0  0.010082683548185816  -1.966226807235753e-05
83.05000000000001  0.010027196039493655  -2.0094452816674267e-05
83.10000000000001  0.00996836669451559  -2.0550092830235725e-05
83.15  0.009906286142404368  -2.101616974587934e-05
83.2  0.009841047794544037  -2.147752173149413e-05
83.25  0.009772749598660598  -2.1917988111912564e-05
83.30000000000001  0.009701496078486008  -2.232167778589986e-05
83.35000000000001  0.009627400386314452  -2.2674304326300915e-05
83.4  0.0095505861245392  -2.2964478234673998e-05
83.45  0.009471188774082784  -2.3184776982390875e-05
83.5  0.009389356620578892  -2.3332395711333153e-05
83.55000000000001  0.009305251126708984  -2.340921536597034e-05
83.60000000000001  0.009219046736667348  -2.3421217365311197e-05
83.65  0.009130930118298502  -2.337735215586142e-05
83.7  0.009041098942698726  -2.3288144558769263e-05
83.75  0.00894976043855449  -2.3164381609120894e-05
83.80000000000001  0.00885713000360436  -2.3016133003958187e-05
83.85000000000001  0.008763430063522083  -2.285217368496694e-05
83.9  0.008668889241124952  -2.2679759987651086e-05
83.95  0.008573741810829169  -2.250468179027353e-05
84.0  0.008478227350620633  -2.233150784084142e-05
84.05000000000001  0.00838259044910916  -2.216394531201214e-05
84.10000000000001  0.00828708030537166  -2.200525539173245e-05
84.15  0.008191950104605675  -2.18586691478662e-05
84.2  0.008097456155472894  -2.1727694103668853e-05
84.25  0.008003856945740254  -2.1616073324931492e-05
84.30000000000001  0.007911412521288467  -2.152698649590154e-05
84.35000000000001  0.007820384710367813  -2.1461166863071635e-05
84.4  0.007731038214614702  -2.1414464303567248e-05
84.45  0.007643641580393372  -2.1376575079616682e-05
84.5  0.007558466833648866  -2.1332314141796098e-05
84.55000000000001  0.007475787572583083  -2.126476407351378e-05
84.60000000000001  0.00739587626204634  -2.1158486484583354e-05
84.65  0.007319001546639724  -2.1001642524519126e-05
84.7  0.007245425985762423  -2.0786864923170575e-05
84.75  0.007175404233290796  -2.0511165700493078e-05
84.80000000000001  0.007109181501400613  -2.0175210420554776e-05
84.85000000000001  0.007046992140943554  -1.9782229824307827e-05
84.9  0.006989058257539564  -1.9336805383763586e-05
84.95  0.006935588359664208  -1.8843753087910418e-05
85.0  0.006886776092722807  -1.830728725724824e-05
85.05000000000001  0.006842799140094049  -1.7730559275203265e-05
85.10000000000001  0.006803818343394025  -1.7115566911596536e-05
85.15  0.006769977047247428  -1.6463357370719153e-05
85.2  0.006741400634123684  -1.577440864808283e-05
85.25  0.006718196184203617  -1.5049057643560292e-05
85.30000000000001  0.006700452176814839  -1.4287845764862957e-05
85.35000000000001  0.006688238150658475  -1.34916861273666e-05
85.4  0.006681604275768129  -1.2661814375797151e-05
85.45  0.006680580842477618  -1.179954987205955e-05
85.5  0.006685177713704258  -1.0905952696774685e-05
85.55000000000001  0.006695383808365108  -9.981495591767492e-06
85.60000000000001  0.006711166681130485  -9.025875893063168e-06
85.65  0.006732472250204243  -8.038068779351804e-06
85.7  0.006759224723121308  -7.016653878776301e-06
85.75  0.006791326794149105  -5.960343181194649e-06
85.80000000000001  0.006828660198758333  -4.868561572804425e-06
85.85000000000001  0.0068710866317380406  -3.7419524122413346e-06
85.9  0.006918448879400056  -2.5827705154438003e-06
85.95  0.006970571935987267  -1.3951700799567553e-06
86.0  0.0070272639577931  -1.8536128773390897e-07
86.05000000000001  0.007088317058388251  1.0384316823821444e-06
86.10000000000001  0.007153508036823247  2.26625621197988e-06
86.15  0.00722259912978049  3.486936130921987e-06
86.2  0.0072953388351887785  4.6887110097316325e-06
86.25  0.00737146281966006  5.859899415906159e-06
86.30000000000001  0.007450694926871759  6.989489698603337e-06
86.35000000000001  0.007532748349489336  8.067600638888872e-06
86.4  0.007617327087625102  9.085801131840529e-06
86.45  0.007704127847326506  1.0037314756207459e-05
86.5  0.007792842481627602  1.0917145620356218e-05
86.55000000000001  0.007883160941465548  1.1722145613607273e-05
86.60000000000001  0.007974774549419479  1.2451020871975646e-05
86.65  0.008067379316178902  1.3104265169600357e-05
86.7  0.008160679022553517  1.3684005662710677e-05
86.75  0.00825438786258841  1.4193745311534082e-05
86.80000000000001  0.008348232537578232  1.4637991252830163e-05
86.85000000000001  0.0084419537729341  1.5021776546052268e-05
86.9  0.008535307286532326  1.5350113088106676e-05
86.95  0.00862806426805986  1.5627436253461925e-05
87.0  0.008720011441550437  1.58571088602487e-05
87.05000000000001  0.008810950772942987  1.604106937451491e-05
87.10000000000001  0.008900698856272444  1.6179705903555548e-05
87.15  0.008989086002458962  1.627195440257785e-05
87.2  0.009075955065546185  1.631547838823109e-05
87.25  0.009161160087200476  1.6306727133209095e-05
87.30000000000001  0.009244564891681451  1.6240830839938617e-05
87.35000000000001  0.009326041728984415  1.6111519849791698e-05
87.4  0.009405469979474865  1.5911271726657617e-05
87.45  0.009482734922660347  1.5631713947526193e-05
87.5  0.009557726617875652  1.526418313497094e-05
87.55000000000001  0.009630338977198262  1.4800349405064249e-05
87.60000000000001  0.0097004691076457  1.4232840826380637e-05
87.65  0.009768016951738314  1.3555813344380563e-05
87.7  0.00983288520017692  1.2765422920163615e-05
87.75  0.009894979413903177  1.1860169611017771e-05
87.80000000000001  0.00995420827756334  1.0841101108847091e-05
87.85000000000001  0.01001048390711477  9.711877480525584e-06
87.9  0.010063722151190248  8.47870777288328e-06
87.95  0.01011384284482607  7.1501796889248666e-06
88.0  0.010160769987961145  5.737003721184212e-06
88.05000000000001  0.0102044318402945  4.251688583383589e-06
88.10000000000001  0.010244760950571263  2.708168806548028e-06
88.15  0.010281694158713106  1.1214150279648387e-06
88.2  0.010315172605924605  -4.929390984395162e-07
88.25  0.010345141761523007  -2.118925810475123e-06
88.30000000000001  0.010371551450315394  -3.7405249182336896e-06
88.35000000000001  0.010394355876565535  -5.341938832036706e-06
88.4  0.010413513673145768  -6.9079363887457446e-06
88.45  0.010428987992171755  -8.424313797816723e-06
88.5  0.010440746585868368  -9.878428452358188e-06
88.55000000000001  0.010448761778336346  -1.1259685964737946e-05
88.60000000000001  0.010453010263957181  -1.2559866991660952e-05
88.65  0.01045347276344351  -1.3773249959107711e-05
88.7  0.010450133646802851  -1.489655603062152e-05
88.75  0.010442980648677228  -1.5928770887578822e-05
88.80000000000001  0.010432004783643749  -1.6870885674697915e-05
88.85000000000001  0.01041720054215622  -1.7725584856254803e-05
88.9  0.010398566389409551  -1.849690720299316e-05
88.95  0.010376105503652217  -1.9189902754292282e-05
89.0  0.010349826620617389  -1.9810302006308533e-05
89.05000000000001  0.01031974483007951  -2.0364202243288225e-05
89.10000000000001  0.010285882198478698  -2.085776600567419e-05
89.15  0.010248268146001539  -2.1296928481248636e-05
89.2  0.010206939571738623  -2.1687116751771727e-05
89.25  0.010161940790386683  -2.203299043397319e-05
89.30000000000001  0.010113323407536349  -2.2338235594283477e-05
89.35000000000001  0.010061146293832209  -2.2605475175517272e-05
89.4  0.010005475811382612  -2.2836370520281038e-05
89.45  0.009946386389451216  -2.303196372369767e-05
89.5  0.009883961430540137  -2.3193248844981137e-05
89.55000000000001  0.009818294373162496  -2.3321870745910555e-05
89.60000000000001  0.009749489625824745  -2.3420778535199988e-05
89.65  0.009677663099453006  -2.349465722543488e-05
89.7  0.009602942218413702  -2.3550024106746032e-05
89.75  0.00952546550838232  -2.3594963054754563e-05
89.80000000000001  0.009445382027451453  -2.3638525827925072e-05
89.85000000000001  0.009362850939370015  -2.3689840694835744e-05
89.9  0.009278041424683484  -2.375701238347689e-05
89.95  0.009191132951751375  -2.384598513159211e-05
90.0  0.009102315753461935  -2.3959593232161893e-05
90.05000000000001  0.009011791246747013  -2.409702056820031e-05
90.10000000000001  0.008919772133360867  -2.4253816439461386e-05
90.15  0.008826482008595836  -2.4422476236476162e-05
90.2  0.008732154425411046  -2.4593448699620943e-05
90.25  0.008637031492817075  -2.4756347265255348e-05
90.30000000000001  0.008541362194246747  -2.4901138719433094e-05
90.35000000000001  0.008445400629987885  -2.5019118466646576e-05
90.4  0.008349404356588278  -2.510356093313886e-05
90.45  0.008253632974378498  -2.5150028987444953e-05
90.5  0.008158347062637461  -2.51563936041916e-05
90.55000000000001  0.008063807475638065  -2.512263998025558e-05
90.60000000000001  0.007970274942081378  -2.505052416986532e-05
90.65  0.007878009895252624  -2.4943120630993118e-05
90.7  0.0077872724803573  -2.4804311229214887e-05
90.75  0.007698322692702027  -2.463829160189199e-05
90.80000000000001  0.0076114205736688536  -2.444915579049948e-05
90.85000000000001  0.007526826347933513  -2.4240596935113202e-05
90.9  0.007444800362445613  -2.40157413041346e-05
90.95  0.007365602689683559  -2.377709640711088e-05
91.0  0.007289492282136337  -2.3526564201070034e-05
91.05000000000001  0.007216725629397  -2.3265467202859464e-05
91.10000000000001  0.007147554957633174  -2.2994551862477442e-05
91.15  0.007082226082617558  -2.2713958147071047e-05
91.2  0.0070209760603312625  -2.242316529285686e-05
91.25  0.0069640307911925485  -2.2120932784278493e-05
91.30000000000001  0.0069116027457097  -2.180525294617606e-05
91.35000000000001  0.006863888964415147  -2.1473325313628692e-05
91.4  0.006821069436047581  -2.112156068531819e-05
91.45  0.006783305905127323  -2.0745620821657373e-05
91.5  0.006750741098046024  -2.0340489864552722e-05
91.55000000000001  0.006723498298831022  -1.9900561735519817e-05
91.60000000000001  0.006701681176541114  -1.941972430968526e-05
91.65  0.006685373751697095  -1.889143573083571e-05
91.7  0.006674640379207025  -1.8308816346931455e-05
91.75  0.006669525645760854  -1.766481673386617e-05
91.80000000000001  0.006670054133494497  -1.6952523571643255e-05
91.85000000000001  0.006676230049619586  -1.616561566576495e-05
91.9  0.006688036752831654  -1.5298934165714664e-05
91.95  0.0067054362344127795  -1.4349097848637204e-05
92.0  0.0067283686301944975  -1.331507790269355e-05
92.05000000000001  0.006756751839060708  -1.2198656736945212e-05
92.10000000000001  0.006790481307291442  -1.1004739981218624e-05
92.15  0.006829430026520237  -9.741557399052037e-06
92.2  0.006873448833690601  -8.420811570463879e-06
92.25  0.0069223672034615805  -7.05771745147103e-06
92.30000000000001  0.006975994708414362  -5.670667287412075e-06
92.35000000000001  0.007034122975737386  -4.280258352651307e-06
92.4  0.0070965276213927515  -2.907764795091204e-06
92.45  0.007162969839680651  -1.5734240218390893e-06
92.5  0.007233197777072662  -2.9487492324552786e-07
92.55000000000001  0.007306947943186649  9.140548807239871e-07
92.60000000000001  0.007383946767482561  2.0440934342103057e-06
92.65  0.007463912293011458  3.090741944091989e-06
92.7  0.007546555980756349  4.0539859604828845e-06
92.75  0.007631584616826843  4.937596402354535e-06
92.80000000000001  0.007718702320696596  5.748166945251382e-06
92.85000000000001  0.007807612633813335  6.494043629707129e-06
92.9  0.007898020635562303  7.184273325132117e-06
92.95  0.00798963500072379  7.827661716750355e-06
93.0  0.008082169898215672  8.432004875291824e-06
93.05000000000001  0.008175346648510707  9.003530092152016e-06
93.10000000000001  0.008268895106676527  9.54656429635639e-06
93.15  0.008362554784105906  1.006347281397275e-05
93.2  0.00845607570619728  1.0554966723219685e-05
93.25  0.008549218915131992  1.1020805711503788e-05
93.30000000000001  0.008641756503781206  1.1460484463815983e-05
93.35000000000001  0.008733471381245708  1.1873082742601341e-05
93.4  0.008824157362452154  1.2256150412340023e-05
93.45  0.008913619842836399  1.26046841056693e-05
93.5  0.00900167660283852  1.2911065652869994e-05
93.55000000000001  0.009088158222947926  1.3165797507415955e-05
93.60000000000001  0.009172907996418659  1.335848552489392e-05
93.65  0.00925578145669922  1.3478719725163973e-05
93.7  0.00933664563477458  1.351672876363087e-05
93.75  0.009415378110948829  1.3463795307518196e-05
93.80000000000001  0.0094918659070667  1.3312466456348547e-05
93.85000000000001  0.009566004278060165  1.305661757399542e-05
93.9  0.009637695473786737  1.2691436917456429e-05
93.95  0.009706847531837707  1.2213388663576952e-05
94.0  0.009773373138064975  1.162018771879307e-05
94.05000000000001  0.009837188571248002  1.0910798012740966e-05
94.10000000000001  0.00989821274563028  1.0085466465936054e-05
94.15  0.009956366378036059  9.145811786732641e-06
94.2  0.0100115713299112  8.094983845661563e-06
94.25  0.010063750205298075  6.93789975714797e-06
94.30000000000001  0.010112826293825736  5.681529270677563e-06
94.35000000000001  0.010158723898195367  4.335153602972686e-06
94.4  0.010201368974589928  2.910497662012109e-06
94.45  0.010240689897742222  1.4216860241700889e-06
94.5  0.010276618174239792  -1.149275993594395e-07
94.55000000000001  0.010309089092545028  -1.6810306443662624e-06
94.60000000000001  0.010338042357781636  -3.2568435963562147e-06
94.65  0.010363422625072359  -4.821959657585689e-06
94.7  0.010385179792029464  -6.356458155333557e-06
94.75  0.010403269019508658  -7.842051745606927e-06
94.80000000000001  0.010417650549194975  -9.26301791010506e-06
94.85000000000001  0.010428289422540784  -1.0606765026348616e-05
94.9  0.010435155193884663  -1.1864020297542601e-05
94.95  0.010438221686045577  -1.3028724584209796e-05
95.0  0.010437466806768736  -1.409775899473832e-05
95.05000000000001  0.010432872443947173  -1.5070632660230519e-05
95.10000000000001  0.010424424472457144  -1.594923208717678e-05
95.15  0.010412112930262802  -1.6737672206029927e-05
95.2  0.010395932427093565  -1.7442223703837738e-05
95.25  0.01037588279910644  -1.80712481268637e-05
95.30000000000001  0.010351969940992774  -1.863505904166211e-05
95.35000000000001  0.010324206692964067  -1.9145633725849775e-05
95.4  0.010292613660222494  -1.9616112906273218e-05
95.45  0.010257219874088683  -2.0060048629561337e-05
95.5  0.010218063238011915  -2.049041565315955e-05
95.55000000000001  0.010175190727665291  -2.0918507838167303e-05
95.60000000000001  0.010128658346662288  -2.1352953025860212e-05
95.65  0.010078530903454765  -2.179910625654131e-05
95.7  0.010024881756871237  -2.2258965739795516e-05
95.75  0.009967792700977722  -2.2731535924839808e-05
95.80000000000001  0.009907354063939007  -2.3213406859957274e-05
95.85000000000001  0.009843664943703492  -2.3699354429749348e-05
95.9  0.009776833426762742  -2.4182909762276147e-05
95.95  0.009706976695110626  -2.465694439039068e-05
96.0  0.009634221035538132  -2.5114305721833822e-05
96.05000000000001  0.009558701813861807  -2.554844963422223e-05
96.10000000000001  0.009480563473653045  -2.5953929932050503e-05
96.15  0.009399959593966487  -2.632660967274889e-05
96.2  0.009317052986573253  -2.66635574651997e-05
96.25  0.009232015762464726  -2.6962689940033867e-05
96.30000000000001  0.00914502928917926  -2.7222283337083777e-05
96.35000000000001  0.009056283990676026  -2.7440517658183932e-05
96.4  0.008965978991442126  -2.761522636823807e-05
96.45  0.00887432165240426  -2.7743968445628597e-05
96.5  0.008781527056231607  -2.782441954003209e-05
96.55000000000001  0.008687817460663293  -2.785495082972643e-05
96.60000000000001  0.008593421724086567  -2.783519598677752e-05
96.65  0.008498574752721057  -2.7766444409366835e-05
96.7  0.008403516976127953  -2.7651766160180563e-05
96.75  0.008308493799820004  -2.7495839755785037e-05
96.80000000000001  0.008213754991517122  -2.7304556698097978e-05
96.85000000000001  0.008119553988406879  -2.7084559775622763e-05
96.9  0.008026147120561513  -2.684288846818253e-05
96.95  0.007933792728547495  -2.6586876040196517e-05
97.0  0.007842750155141513  -2.632438514528471e-05
97.05000000000001  0.0077532786567179185  -2.6064326662131484e-05
97.10000000000001  0.0076656364809942175  -2.58170471213052e-05
97.15  0.007580080740375682  -2.5593542678051466e-05
97.2  0.007496868936350237  -2.5402259785881133e-05
97.25  0.007416262018541526  -2.5244225090811632e-05
97.30000000000001  0.007338526664603537  -2.5110474833770205e-05
97.35000000000001  0.007263934037651944  -2.4984535745133173e-05
97.4  0.007192754996426736  -2.4847675954668068e-05
97.45  0.007125254007492695  -2.468330605714693e-05
97.5  0.007061683747193429  -2.4479234352990173e-05
97.55000000000001  0.007002281184026624  -2.422818988222896e-05
97.60000000000001  0.00694726516733638  -2.392730360751187e-05
97.65  0.0068968352798500585  -2.357702865987405e-05
97.7  0.006851171655612222  -2.3179806565846904e-05
97.75  0.006810435454993433  -2.2738705688617603e-05
97.80000000000001  0.006774769687641101  -2.2256212791857585e-05
97.85000000000001  0.006744300090503086  -2.1733308344389562e-05
97.9  0.006719135810328605  -2.1168899850633627e-05
97.95  0.0066993697098773055  -2.0559636792745387e-05
98.0  0.006685078206946948  -1.9900084674641155e-05
98.05000000000001  0.006676320645402985  -1.9183194764705725e-05
98.10000000000001  0.006673138276352714  -1.8400980315404137e-05
98.15  0.006675552990845574  -1.7545310480799984e-05
98.2  0.006683565981517416  -1.6608749804429805e-05
98.25  0.006697156515836735  -1.558538068217044e-05
98.30000000000001  0.006716280980873947  -1.44715561178732e-05
98.35000000000001  0.006740872310579889  -1.3266552161045712e-05
98.4  0.006770839844953995  -1.1973112075419507e-05
98.45  0.006806069620912836  -1.0597875890576039e-05
98.5  0.006846425094125346  -9.151648882179807e-06
98.55000000000001  0.006891748349506412  -7.649380722550428e-06
98.60000000000001  0.0069418618748690614  -6.109679093076737e-06
98.65  0.006996570787106953  -4.553784037549492e-06
98.7  0.007055665087526692  -3.0041471593630276e-06
98.75  0.00711892143070553  -1.482885881866965e-06
98.80000000000001  0.007186104153164456  -1.0331694780005236e-08
98.85000000000001  0.00725696568591525  1.3962074459951706e-06
98.9  0.007331246743674397  2.723390680120581e-06
98.95  0.007408676777553768  3.962414735113674e-06
99.0  0.007488975082809892  5.109146394869898e-06
99.05000000000001  0.007571852704205196  6.1637973290901846e-06
99.10000000000001  0.007657015000205748  7.130186550879922e-06
99.15  0.0077441645487423775  8.01470458528035e-06
99.2  0.007833004052437842  8.825146255512896e-06
99.25  0.007923238989093043  9.569595510904951e-06
99.30000000000001  0.008014579878813759  1.0255521176506827e-05
99.35000000000001  0.008106744144705406  1.0889187204849851e-05
99.4  0.008199457603973762  1.1475408719956542e-05
99.45  0.008292455633054141  1.201763677306523e-05
99.5  0.008385484014220726  1.2518343289353847e-05
99.55000000000001  0.008478299426974464  1.297958951326572e-05
99.60000000000001  0.008570669573013326  1.3403428672565367e-05
99.65  0.00866237312181146  1.3791663044294254e-05
99.7  0.008753199867073846  1.414489500349354e-05
99.75  0.0088429512569835  1.4461515478504858e-05
99.80000000000001  0.008931440981306906  1.4737291571488455e-05
99.85000000000001  0.009018495224029546  1.4965614028784114e-05
99.9  0.009103952485353527  1.5138113796842917e-05
99.95  0.009187663077049324  1.5245398375390504e-05
100.0  0.009269488408873795  1.527777248789787e-05
100.05000000000001  0.009349300135540774  1.5225874355257878e-05
100.10000000000001  0.009426979194413088  1.508119203545384e-05
100.15  0.009502414756393898  1.4836446880793998e-05
100.2  0.009575503124602175  1.4485851337429197e-05
100.25  0.009646146621565838  1.4025261845704474e-05
100.30000000000001  0.009714252502755467  1.345224995863743e-05
100.35000000000001  0.009779731933634241  1.2766113356515912e-05
100.4  0.009842499071431986  1.1967845205762498e-05
100.45  0.009902470293237903  1.1060072164315768e-05
100.5  0.00995956360631909  1.004697092564504e-05
100.55000000000001  0.010013698272405079  8.934186178604288e-06
100.60000000000001  0.010064794666837427  7.728769621156794e-06
100.65  0.010112774367940171  6.43913571349865e-06
100.7  0.010157560444465476  5.075022293868193e-06
100.75  0.010199077908061557  3.6474639777658545e-06
100.80000000000001  0.010237254310666674  2.1687951934472513e-06
100.85000000000001  0.010272020459952201  6.526766928924198e-07
100.9  0.01030331122168491  -8.858971896875885e-07
100.95  0.010331066359667414  -2.430689689166389e-06
101.0  0.010355231319769816  -3.964491108815591e-06
101.05000000000001  0.010375757838637895  -5.469609409720134e-06
101.10000000000001  0.010392604254812374  -6.928586282872457e-06
101.15  0.01040573539642237  -8.325099886277319e-06
101.2  0.010415121988880179  -9.644956572653168e-06
101.25  0.01042073970831145  -1.0877017457192692e-05
101.30000000000001  0.010422568167147372  -1.201389147045284e-05
101.35000000000001  0.010420590130322054  -1.3052276660404899e-05
101.4  0.010414791138762841  -1.3992923630022253e-05
101.45  0.010405159576932683  -1.4840287520895396e-05
101.5  0.010391687137727599  -1.5601986433417332e-05
101.55000000000001  0.01037436960824565  -1.62881809032637e-05
101.60000000000001  0.010353207887657059  -1.691093916424651e-05
101.65  0.010328209141935956  -1.7483586897784503e-05
101.7  0.010299387991345856  -1.801999486665176e-05
101.75  0.01026676760527832  -1.8533744314999944e-05
101.80000000000001  0.010230380551867198  -1.9037137635672066e-05
101.85000000000001  0.01019026923160854  -1.9540109364472068e-05
101.9  0.01014648573694761  -2.004923227808346e-05
101.95  0.010099091079811502  -2.0567111753826402e-05
102.0  0.010048153963888026  -2.109237614765806e-05
102.05000000000001  0.009993749552531869  -2.162021788520294e-05
102.10000000000001  0.009935958752004186  -2.2143248184300163e-05
102.15  0.00987486828722869  -2.2652440806465937e-05
102.2  0.00981057149546148  -2.3138068287445086e-05
102.25  0.009743169544463977  -2.3590631091933472e-05
102.30000000000001  0.009672772744368112  -2.400178009633488e-05
102.35000000000001  0.009599501699940442  -2.4365165578602334e-05
102.4  0.009523488157470957  -2.4677085176376627e-05
102.45  0.009444875483390944  -2.4936806691336126e-05
102.5  0.009363818768862324  -2.514650116936214e-05
102.55000000000001  0.009280484591473483  -2.5310789698354546e-05
102.60000000000001  0.00919505049371183  -2.5435971001298626e-05
102.65  0.00910770425417874  -2.55290516661727e-05
102.7  0.009018643025988114  -2.5596736418035252e-05
102.75  0.008928072430188358  -2.5644557770176414e-05
102.80000000000001  0.008836205739078614  -2.567631533663313e-05
102.85000000000001  0.008743263310960259  -2.5693917614058752e-05
102.9  0.008649472369113476  -2.569759774717462e-05
102.95  0.008555067083081192  -2.568638045639632e-05
103.0  0.008460288779954191  -2.5658660052859832e-05
103.05000000000001  0.008365386015425285  -2.5612779103518416e-05
103.10000000000001  0.008270614216049781  -2.554753346419465e-05
103.15  0.00817623467578361  -2.5462568441473553e-05
103.2  0.008082512841340778  -2.5358654804941223e-05
103.25  0.007989716014774249  -2.523786473376046e-05
103.30000000000001  0.007898110756472815  -2.5103726760864143e-05
103.35000000000001  0.007807960334656823  -2.496148096015453e-05
103.4  0.007719522589393291  -2.481844885712426e-05
103.45  0.00763304875552055  -2.468403717415893e-05
103.5  0.0075487842503318275  -2.4568019840975392e-05
103.55000000000001  0.007466972364936903  -2.4475952468000275e-05
103.60000000000001  0.0073878595353706585  -2.4404036286324662e-05
103.65  0.007311698141662834  -2.4338549496533754e-05
103.7  0.007238744466188271  -2.4260656220611245e-05
103.75  0.007169253566836676  -2.415233654194303e-05
103.80000000000001  0.007103473871287664  -2.400021789071251e-05
103.85000000000001  0.00704164288695827  -2.379693938340426e-05
103.9  0.006983984229812801  -2.3540788762452835e-05
103.95  0.006930705765277104  -2.323433355870272e-05
104.0  0.0068819986086440365  -2.288257246810838e-05
104.05000000000001  0.006838036763557312  -2.2491001203467683e-05
104.10000000000001  0.006798977197104139  -2.2063894611564558e-05
104.15  0.006764960150890787  -2.1603030389754965e-05
104.2  0.00673610950185368  -2.1106997741054135e-05
104.25  0.0067125330133803954  -2.057111619096603e-05
104.30000000000001  0.0066943223421601855  -1.9987879961059514e-05
104.35000000000001  0.006681552711939527  -1.9347791736217223e-05
104.4  0.0066742822262105626  -1.864043942689517e-05
104.45  0.0066725508528457135  -1.785568288645475e-05
104.5  0.006676379170141761  -1.6984842500092608e-05
104.55000000000001  0.006685767010200351  -1.6021800533170956e-05
104.60000000000001  0.006700692171720096  -1.4963920789865588e-05
104.65  0.006721109396963923  -1.3812663717972307e-05
104.7  0.006746949788821853  -1.257376992742544e-05
104.75  0.006778120754120454  -1.1256962925956692e-05
104.80000000000001  0.006814506436881934  -9.875258171029344e-06
104.85000000000001  0.006855968534672232  -8.444056658843413e-06
104.9  0.006902347396055427  -6.980188264469872e-06
104.95  0.006953463327039487  -5.5010019874969035e-06
105.0  0.007009118050241711  -4.023549347794622e-06
105.05000000000001  0.007069096265370781  -2.563889128638755e-06
105.10000000000001  0.0071331672619040975  -1.1365357973399984e-06
105.15  0.0072010865386515615  2.4593439788403367e-07
105.2  0.007272597402049467  1.5731182773289727e-06
105.25  0.0073474325575141105  2.836872761157596e-06
105.30000000000001  0.0074253157642512925  4.031274979285194e-06
105.35000000000001  0.00750596365008912  5.15248387541105e-06
105.4  0.007589087744952621  6.198534806730809e-06
105.45  0.007674396706581439  7.169093393880691e-06
105.5  0.007761598623625854  8.06518236828778e-06
105.55000000000001  0.007850403224906207  8.888885699272262e-06
105.60000000000001  0.007940523827866352  9.64304312052551e-06
105.65  0.008031678923027894  1.0330962023342814e-05
105.7  0.008123593380076597  1.0956169603560096e-05
105.75  0.008215999349410778  1.1522225933423553e-05
105.80000000000001  0.008308637007977931  1.2032631239178962e-05
105.85000000000001  0.008401255316424161  1.249091636995262e-05
105.9  0.008493612835243618  1.2901083463841182e-05
105.95  0.008585478303109354  1.3268338377805667e-05
106.0  0.008676630444945203  1.3599229928930597e-05
106.05000000000001  0.00876685731975457  1.3900028272130028e-05
106.10000000000001  0.00885595667763378  1.4174054286200057e-05
106.15  0.008943737715916725  1.4420127911354107e-05
106.2  0.00903002286912972  1.463280212475258e-05
106.25  0.009114648634560437  1.4803507082106651e-05
106.30000000000001  0.009197465490977368  1.4921821312298202e-05
106.35000000000001  0.009278337248364415  1.4976581106562155e-05
106.4  0.00935714003240292  1.495676093250144e-05
106.45  0.00943376099974742  1.4852117404646043e-05
106.5  0.009508096854504117  1.4653614367913094e-05
106.55000000000001  0.009580052237016263  1.4353673575280157e-05
106.60000000000001  0.009649538067414514  1.3946329259375822e-05
106.65  0.009716469938324864  1.3427350104626e-05
106.7  0.009780766647278963  1.2794334512895556e-05
106.75  0.009842348946938083  1.204677068316353e-05
106.80000000000001  0.009901138570112362  1.1186074825284448e-05
106.85000000000001  0.009957057564958127  1.0215629567661258e-05
106.9  0.010010027953893975  9.14083651877586e-06
106.95  0.010059971705246909  7.96917970633695e-06
107.0  0.010106810985746952  6.710272712193128e-06
107.05000000000001  0.010150468653797422  5.3758419796015105e-06
107.10000000000001  0.01019086895765617  3.9795893755898535e-06
107.15  0.010227938401378688  2.5368770981950708e-06
107.2  0.01026160672344236  1.0641998585823038e-06
107.25  0.010291807909035236  -4.215335857012123e-07
107.30000000000001  0.010318481153291516  -1.90382179541117e-06
107.35000000000001  0.010341571720052978  -3.367369915703163e-06
107.4  0.010361031662197474  -4.798737057929681e-06
107.45  0.010376820341722295  -6.186720584133479e-06
107.5  0.010388904609395191  -7.522411710995206e-06
107.55000000000001  0.010397258458759634  -8.798954320971178e-06
107.60000000000001  0.010401862092246757  -1.0011152780606244e-05
107.65  0.010402700623778518  -1.1155098597489803e-05
107.7  0.010399762836067767  -1.2227904757779391e-05
107.75  0.01039304032355336  -1.322755050932111e-05
107.80000000000001  0.01038252710817851  -1.4152806032905701e-05
107.85000000000001  0.010368219660494185  -1.5003187300125166e-05
107.9  0.01035011725184608  -1.5778900463514913e-05
107.95  0.010328222584750957  -1.648076470967383e-05
108.0  0.010302542641305281  -1.7110127775630778e-05
108.05000000000001  0.010273089669659074  -1.7668803682673316e-05
108.10000000000001  0.010239882207267896  -1.8159059707464603e-05
108.15  0.010202946022758959  -1.858365549075178e-05
108.2  0.01016231488185311  -1.8945920051397674e-05
108.25  0.010118031094119437  -1.9249849888364527e-05
108.30000000000001  0.010070145839945546  -1.95001983199683e-05
108.35000000000001  0.01001871933300989  -1.970252224687377e-05
108.4  0.009963820915692714  -1.986317390224437e-05
108.45  0.009905529179188414  -1.998924030174409e-05
108.5  0.009843932168985369  -2.008842539091783e-05
108.55000000000001  0.009779127707227182  -2.0168853557519692e-05
108.60000000000001  0.009711223834020524  -2.0238774633936848e-05
108.65  0.00964033933576294  -2.0306171614796062e-05
108.7  0.009566604310726638  -2.0378290892272456e-05
108.75  0.009490160679305071  -2.0461134872166654e-05
108.80000000000001  0.00941116248684033  -2.055900037034417e-05
108.85000000000001  0.00932977587930511  -2.0674153429573536e-05
108.9  0.009246178704794446  -2.0806694379887665e-05
108.95  0.009160559754947842  -2.0954636094687404e-05
109.0  0.009073117732971536  -2.1114183535279024e-05
109.05000000000001  0.008984060131219914  -2.1280157347614023e-05
109.10000000000001  0.008893602229661027  -2.1446481188667234e-05
109.15  0.008801966254282244  -2.160667581687171e-05
109.2  0.008709380537781882  -2.1754326803241006e-05
109.25  0.00861607862489163  -2.188348741509279e-05
109.30000000000001  0.008522298498584805  -2.1988984928025003e-05
109.35000000000001  0.008428282084290233  -2.2066622164296585e-05
109.4  0.00833427499362494  -2.2113294788258118e-05
109.45  0.008240526358610629  -2.2127056517368497e-05
109.5  0.008147288564346645  -2.210713299738042e-05
109.55000000000001  0.00805481673443803  -2.205383357522853e-05
109.60000000000001  0.007963367933361902  -2.1968311114882653e-05
109.65  0.007873200124930299  -2.1852169734638322e-05
109.7  0.007784570981557427  -2.1706986341501146e-05
109.75  0.007697736707284821  -2.153387295725108e-05
109.80000000000001  0.007612951030940012  -2.1333189782396237e-05
109.85000000000001  0.00753046440873543  -2.1104440542975255e-05
109.9  0.007450523408107123  -2.084635317455053e-05
109.95  0.007373370238075954  -2.055712225073858e-05
110.0  0.007299242363575495  -2.0234740338900068e-05
110.05000000000001  0.007228372115650273  -1.9877320530938474e-05
110.10000000000001  0.007160986208706335  -1.9483314594489016e-05
110.15  0.007097305093203679  -1.9051560439529682e-05
110.2  0.007037542096626373  -1.8581138081685216e-05
110.25  0.00698190233933961  -1.8071056772384574e-05
110.30000000000001  0.006930581451157297  -1.7519830121774217e-05
110.35000000000001  0.0068837641450934335  -1.6925025206754257e-05
110.4  0.006841622724628184  -1.628289693637379e-05
110.45  0.006804315609497642  -1.5588222935495714e-05
110.5  0.0067719859630849515  -1.4834431945064054e-05
110.55000000000001  0.006744760493830232  -1.4014073761370952e-05
110.60000000000001  0.006722748476077842  -1.3119616068972601e-05
110.65  0.006706040995054698  -1.214448219600816e-05
110.7  0.006694710383128474  -1.1084179681824979e-05
110.75  0.006688809795530977  -9.93733809134378e-06
110.80000000000001  0.006688372874229946  -8.706486415714887e-06
110.85000000000001  0.006693413458740652  -7.3984458284418446e-06
110.9  0.006703925314695712  -6.024279811767193e-06
110.95  0.006719881864113559  -4.598816021641874e-06
111.0  0.006741235917085008  -3.1398204724829245e-06
111.05000000000001  0.006767919424123044  -1.6669621149128558e-06
111.10000000000001  0.0067998432979736  -2.0073786571132564e-07
111.15  0.006836897403459686  1.2385093696731698e-06
111.2  0.006878950861962432  2.631467106967477e-06
111.25  0.0069258527901084  3.960722731518742e-06
111.30000000000001  0.006977433439207277  5.211687891055105e-06
111.35000000000001  0.007033505509803839  6.373472474836402e-06
111.4  0.007093865376378695  7.4394943829564745e-06
111.45  0.00715829408879347  8.407669891846505e-06
111.5  0.0072265581424999625  9.280167002150418e-06
111.55000000000001  0.007298410056441012  1.0062796892221356e-05
111.60000000000001  0.007373588836379201  1.0764145980758893e-05
111.65  0.007451820484570152  1.1394554445592095e-05
111.7  0.007532818813933368  1.1965050820726315e-05
111.75  0.007616286859261301  1.2486349692728498e-05
111.80000000000001  0.007701919093704267  1.2967999546287041e-05
111.85000000000001  0.0077894044672680365  1.3417734964989229e-05
111.9  0.007878430060803238  1.3841056345207524e-05
111.95  0.00796868499648672  1.4241042171301158e-05
112.0  0.008059864217000022  1.4618390902361758e-05
112.05000000000001  0.008151671822139099  1.4971683099001612e-05
112.10000000000001  0.00824382377836801  1.529784979745982e-05
112.15  0.008336049934784854  1.5592806664023843e-05
112.2  0.008428095355354805  1.5852179731297255e-05
112.25  0.008519721021983605  1.607203092876496e-05
112.30000000000001  0.008610703997551872  1.624946967543721e-05
112.35000000000001  0.008700837158733007  1.638301568477842e-05
112.4  0.008789928607946985  1.6472607621946415e-05
112.45  0.00887780086949862  1.651923046201904e-05
112.5  0.00896428996349652  1.652424376997861e-05
112.55000000000001  0.00904924441594478  1.6488596857200774e-05
112.60000000000001  0.009132524219815169  1.6412136228237202e-05
112.65  0.009213999737876058  1.6293141530766295e-05
112.7  0.009293550543182044  1.6128133360484896e-05
112.75  0.009371064211439807  1.5911928594329943e-05
112.80000000000001  0.00944643508894786  1.563788745150572e-05
112.85000000000001  0.009519563063881017  1.52982901250738e-05
112.9  0.009590352383824406  1.4884788746187025e-05
112.95  0.009658710590010765  1.4388899946648776e-05
113.0  0.009724547651677195  1.3802524778750678e-05
113.05000000000001  0.00978777534714563  1.3118488840433558e-05
113.10000000000001  0.009848306877719116  1.2331090745796586e-05
113.15  0.009906056672398765  1.14366370864229e-05
113.2  0.009960940344455015  1.04339225103963e-05
113.25  0.01001287477610424  9.32459580096612e-06
113.30000000000001  0.010061778321985423  8.113351684258064e-06
113.35000000000001  0.010107571119433015  6.8079126607491035e-06
113.4  0.010150175485560922  5.4188094411344465e-06
113.45  0.010189516386135026  3.959008183925729e-06
113.5  0.010225521966729961  2.4434498735589174e-06
113.55000000000001  0.010258124129753549  8.885614478232363e-07
113.60000000000001  0.010287259127770548  -6.882276082941921e-07
113.65  0.01031286813774853  -2.268971039140612e-06
113.7  0.010334897773917478  -3.835733526292875e-06
113.75  0.010353300472739637  -5.371197825543378e-06
113.80000000000001  0.010368034656289715  -6.859354050269546e-06
113.85000000000001  0.010379064585636564  -8.28621078813845e-06
113.9  0.01038635989088338  -9.640378579513364e-06
113.95  0.01038989491064301  -1.0913309453875307e-05
114.0  0.010389648092904819  -1.2099061292890685e-05
114.05000000000001  0.010385601684410621  -1.3193681993889685e-05
114.10000000000001  0.010377741793184007  -1.4194525780831559e-05
114.15  0.010366058740947398  -1.5099878751384402e-05
114.2  0.010350547524972248  -1.5909127914270003e-05
114.25  0.010331208226952014  -1.6623440747691538e-05
114.30000000000001  0.01030804630370443  -1.7246691327164695e-05
114.35000000000001  0.01028107278563481  -1.778626871780256e-05
114.4  0.010250304472043042  -1.8253446524875346e-05
114.45  0.010215764245695397  -1.8663139217353693e-05
114.5  0.010177481603176976  -1.9033009448326113e-05
114.55000000000001  0.01013549344144321  -1.9381986166705022e-05
114.60000000000001  0.01008984509841632  -1.972833786103173e-05
114.65  0.01004059160624299  -2.0087544595054687e-05
114.7  0.00998779902148247  -2.04703380728053e-05
114.75  0.009931545516477888  -2.0881399886787185e-05
114.80000000000001  0.009871921770689608  -2.1319166222489258e-05
114.85000000000001  0.009809030395034618  -2.1776780653519122e-05
114.9  0.009742984705237868  -2.2243743936121145e-05
114.95  0.009673907537779452  -2.270775505438043e-05
115.0  0.009601930589100614  -2.3156508273821384e-05
115.05000000000001  0.009527194287675796  -2.357935938569549e-05
115.10000000000001  0.00944984792047529  -2.396872777086888e-05
115.15  0.009370049701196741  -2.4321048378912475e-05
115.2  0.009287966585863125  -2.4637113110526972e-05
115.25  0.00920377379739295  -2.4921752765128e-05
115.30000000000001  0.00911765413196995  -2.5182954535978143e-05
115.35000000000001  0.00902979715918329  -2.5430626797781384e-05
115.4  0.008940398431645935  -2.5675267632917605e-05
115.45  0.008849658834126022  -2.59267578146306e-05
115.5  0.008757784228078169  -2.619341151426912e-05
115.55000000000001  0.008664985542032844  -2.648131759594183e-05
115.60000000000001  0.008571479372426298  -2.6793966386384353e-05
115.65  0.00847748901057787  -2.713220917214341e-05
115.7  0.008383245668715358  -2.7494604573229293e-05
115.75  0.00828898959847027  -2.7878088107390463e-05
115.80000000000001  0.008194970792523145  -2.827877414115685e-05
115.85000000000001  0.008101449011893788  -2.8692673149344797e-05
115.9  0.008008692983787946  -2.9116179918688763e-05
115.95  0.007916978749575702  -2.954627750013405e-05
116.0  0.007826587277125256  -2.998048061849255e-05
116.05000000000001  0.007737801577063457  -3.041662047314552e-05
116.10000000000001  0.007650903625934281  -3.085257468552448e-05
116.15  0.007566171400602024  -3.128593416446111e-05
116.2  0.00748387630302617  -3.171345234622825e-05
116.25  0.007404281243137933  -3.213003710349052e-05
116.30000000000001  0.007327639636586945  -3.252731235383474e-05
116.35000000000001  0.007254195422286653  -3.289253397960799e-05
116.4  0.00718418374956685  -3.320891499222716e-05
116.45  0.007117831480128925  -3.3457317496918305e-05
116.5  0.00705535684537009  -3.3618316121585996e-05
116.55000000000001  0.006996968377022361  -3.367398535551948e-05
116.60000000000001  0.006942863590390521  -3.360926689819098e-05
116.65  0.006893227706382584  -3.3412859127770666e-05
116.7  0.006848232459096764  -3.307761035751611e-05
116.75  0.006808034950197263  -3.2600493962293804e-05
116.80000000000001  0.006772776523839752  -3.1982306709115035e-05
116.85000000000001  0.006742581682983114  -3.122724713802026e-05
116.9  0.00671755712304131  -3.0342506039684892e-05
116.95  0.006697791005770362  -2.9337935447905874e-05
117.0  0.006683352618820275  -2.822578732328671e-05
117.05000000000001  0.006674292557506472  -2.7020452058851716e-05
117.10000000000001  0.006670643467528763  -2.5738066155938237e-05
117.15  0.006672421171228716  -2.4395843106083936e-05
117.2  0.00667962581124031  -2.301109552802947e-05
117.25  0.006692242584699658  -2.1600102418021146e-05
117.30000000000001  0.006710241696419679  -2.0177080496220516e-05
117.35000000000001  0.006733577300233104  -1.8753483994431455e-05
117.4  0.006762185367830211  -1.7337740100019254e-05
117.45  0.006795980664956776  -1.593539906266182e-05
117.5  0.0068348534219603895  -1.4549565573295005e-05
117.55000000000001  0.006878666735734454  -1.318142943600584e-05
117.60000000000001  0.00692725579718294  -1.183079348674726e-05
117.65  0.006980429427097134  -1.0496649799537793e-05
117.7  0.0070379734860433725  -9.177915706537324e-06
117.75  0.007099655159329561  -7.874333217331382e-06
117.80000000000001  0.007165227160546633  -6.587371048457185e-06
117.85000000000001  0.0072344313012060665  -5.320895624164455e-06
117.9  0.007307001289155073  -4.081426556411663e-06
117.95  0.007382664865917946  -2.8779026373908466e-06
118.0  0.007461145473699824  -1.7209966914138875e-06
118.05000000000001  0.007542163628949693  -6.221021797608735e-07
118.10000000000001  0.007625438135683076  4.078396227776369e-07
118.15  0.0077106872307884525  1.359493971618687e-06
118.2  0.007797629720061431  2.22611055217824e-06
118.25  0.007885986135555717  3.0042063356515748e-06
118.30000000000001  0.00797547992646493  3.6938848837117184e-06
118.35000000000001  0.008065838692394894  4.2987782549637544e-06
118.4  0.008156795469885084  4.825658396623281e-06
118.45  0.008248090070786175  5.283847454861877e-06
118.5  0.008339470424727664  5.684659171199732e-06
118.55000000000001  0.008430693766381621  6.0410523807322135e-06
118.60000000000001  0.008521527441386269  6.36711393770666e-06
118.65  0.008611749432275915  6.676411278378834e-06
118.7  0.008701149176055526  6.979278767723693e-06
118.75  0.008789528794415568  7.2806547899083715e-06
118.80000000000001  0.00887670402280062  7.579461888436122e-06
118.85000000000001  0.008962504329753446  7.86911878540807e-06
118.9  0.009046772356132467  8.138541414149806e-06
118.95  0.009129362981458312  8.373328172283479e-06
119.0  0.009210142209565042  8.557018538824348e-06
119.05000000000001  0.009288985950851172  8.672351536266528e-06
119.10000000000001  0.009365778732481483  8.702452236406203e-06
119.15  0.009440412368192756  8.631881846421416e-06
119.2  0.009512784633641583  8.447505166445051e-06
119.25  0.009582798004859465  8.139154496164171e-06
119.30000000000001  0.009650358525498167  7.700084914492515e-06
119.35000000000001  0.009715374872196182  7.127217016678887e-06
119.4  0.009777757677513696  6.421166165526087e-06
119.45  0.009837419144149491  5.586076585858207e-06
119.5  0.00989427294053484  4.62929733817838e-06
119.55000000000001  0.009948234324637274  3.5609518857769098e-06
119.60000000000001  0.00999922044210119  2.3934672467266975e-06
119.65  0.010047150737105137  1.1411163259890005e-06
119.7  0.010091947407710494  -1.8039387807369274e-07
119.75  0.010133535868587971  -1.554271661522073e-06
119.80000000000001  0.010171845206970766  -2.962938344960108e-06
119.85000000000001  0.010206808595877338  -4.38832705923305e-06
119.9  0.010238363594895918  -5.812248645127436e-06
119.95  0.010266452279861771  -7.216860378480825e-06
120.0  0.010291021190662593  -8.585231561988371e-06
120.05000000000001  0.010312021142342054  -9.901977656335563e-06
120.10000000000001  0.010329406975983266  -1.1153922227234434e-05
120.15  0.010343137298147415  -1.2330720408216673e-05
120.2  0.010353174212887582  -1.3425352218973562e-05
120.25  0.010359483075702176  -1.4434404008627176e-05
120.30000000000001  0.010362032364139195  -1.5358105354004662e-05
120.35000000000001  0.010360793771258467  -1.6200124706599553e-05
120.4  0.010355742580914248  -1.6967135134773362e-05
120.45  0.010346858312130119  -1.7668184055846706e-05
120.5  0.01033412555001784  -1.8313946038961405e-05
120.55000000000001  0.010317534849730251  -1.8915970411506367e-05
120.60000000000001  0.010297083637823  -1.9486032643918096e-05
120.65  0.0102727771213132  -2.0035660298726656e-05
120.7  0.01024462928137256  -2.0575827847636622e-05
120.75  0.010212664006102422  -2.1116721637650012e-05
120.80000000000001  0.010176916257880112  -2.166742831821938e-05
120.85000000000001  0.010137432922436612  -2.2235454530203856e-05
120.9  0.010094272880374745  -2.2826126953186693e-05
120.95  0.01004750610525116  -2.344201567649639e-05
121.0  0.009997212092395617  -2.4082449241237476e-05
121.05000000000001  0.009943478202000176  -2.474310336586679e-05
121.10000000000001  0.009886398319571115  -2.5415818602709107e-05
121.15  0.009826071911614366  -2.6089012143566782e-05
121.2  0.009762603530352167  -2.674880629276952e-05
121.25  0.00969610293904232  -2.7380555894230687e-05
121.30000000000001  0.009626685855569602  -2.797037468905988e-05
121.35000000000001  0.009554475030440763  -2.8506435917635753e-05
121.4  0.009479601317544752  -2.897996175582837e-05
121.45  0.009402204524510505  -2.938586982620199e-05
121.5  0.00932243399179229  -2.972306005322408e-05
121.55000000000001  0.00924044893977691  -2.9994340743362336e-05
121.60000000000001  0.009156418639367597  -3.020602196282343e-05
121.65  0.009070522447352122  -3.0367244182471832e-05
121.7  0.008982949729145347  -3.048913389738177e-05
121.75  0.008893899679452054  -3.058387386665759e-05
121.80000000000001  0.008803581047860276  -3.066377353100794e-05
121.85000000000001  0.00871221175657922  -3.074040449309914e-05
121.9  0.008620018370637802  -3.082383246503873e-05
121.95  0.008527235386501632  -3.092195804093636e-05
122.0  0.008434104335367894  -3.10399964239446e-05
122.05000000000001  0.008340872725360606  -3.118014704285686e-05
122.10000000000001  0.008247792844519352  -3.1341496933613864e-05
122.15  0.008155120434048814  -3.152018493674763e-05
122.2  0.00806311328000121  -3.170982350420811e-05
122.25  0.007972029821337875  -3.1902139369898096e-05
122.30000000000001  0.00788212787366797  -3.2087752987759906e-05
122.35000000000001  0.007793663558523265  -3.225699232974631e-05
122.4  0.007706890510468645  -3.240064889173126e-05
122.45  0.007622059379065499  -3.251060415991015e-05
122.5  0.007539417575452309  -3.258026821449222e-05
122.55000000000001  0.0074592091656437536  -3.260480289414392e-05
122.60000000000001  0.007381674786118018  -3.2581147192289775e-05
122.65  0.00730705144709218  -3.2507897122586484e-05
122.7  0.0072355720970555745  -3.2385109101465495e-05
122.75  0.007167464855803849  -3.2214103378394305e-05
122.80000000000001  0.007102951880330404  -3.1997339747292886e-05
122.85000000000001  0.00704224790416022  -3.173836838884238e-05
122.9  0.006985558620777427  -3.144158247207131e-05
122.95  0.0069330793550926575  -3.1110924704538796e-05
123.0  0.006884994780940543  -3.074645719666049e-05
123.05000000000001  0.00684148005945328  -3.0339715844875945e-05
123.10000000000001  0.006802701936757981  -2.9872293851500486e-05
123.15  0.006768817009567263  -2.9320154935279355e-05
123.2  0.0067399667386234385  -2.8660054797192012e-05
123.25  0.006716271975671757  -2.7874212221776364e-05
123.30000000000001  0.006697829476558441  -2.6952713733587574e-05
123.35000000000001  0.006684710889502723  -2.5894359615161234e-05
123.4  0.006676963591267569  -2.4706440488418798e-05
123.45  0.006674612545461787  -2.3403692124740366e-05
123.5  0.006677662496307743  -2.2006616380349717e-05
123.55000000000001  0.006686100005080494  -2.0539383157755538e-05
123.60000000000001  0.00669989500294409  -1.9027569481758235e-05
123.65  0.006719001688638479  -1.7496003907082418e-05
123.7  0.006743358744829587  -1.5966964379706967e-05
123.75  0.006772888955893999  -1.4458934341041605e-05
123.80000000000001  0.006807498382780895  -1.2986046045219677e-05
123.85000000000001  0.006847075297268318  -1.1558215763184077e-05
123.9  0.006891489098909484  -1.0181813776953555e-05
123.95  0.006940589423282582  -8.86058157912563e-06
124.0  0.006994205596622853  -7.596494205804457e-06
124.05000000000001  0.007052146529801167  -6.390377514632964e-06
124.10000000000001  0.007114201121241638  -5.242251133660623e-06
124.15  0.007180139238435942  -4.151476447557988e-06
124.2  0.007249713307209763  -3.1168163955005666e-06
124.25  0.007322660457159923  -2.1364987980282544e-06
124.30000000000001  0.007398705106928609  -1.2083435006431714e-06
124.35000000000001  0.007477561849346417  -3.2997207752487884e-07
124.4  0.007558938494527911  5.009212986680639e-07
124.45  0.0076425391296120315  1.2862839346826275e-06
124.5  0.007728067054850387  2.0274593980480987e-06
124.55000000000001  0.007815227463592667  2.725035236690734e-06
124.60000000000001  0.007903729757184397  3.3788187404570814e-06
124.65  0.007993289429907078  3.987950592786267e-06
124.7  0.008083629519563772  4.5511382901640975e-06
124.75  0.008174481675359  5.066963258207572e-06
124.80000000000001  0.008265586922616535  5.534208643710929e-06
124.85000000000001  0.00835669620652903  5.9521964457612455e-06
124.9  0.008447570788946212  6.321183859201795e-06
124.95  0.008537982506726384  6.6428169160703445e-06
125.0  0.008627713841848177  6.920299776078965e-06
125.05000000000001  0.008716557976941406  7.157665379589896e-06
125.10000000000001  0.008804319295951619  7.358234198642995e-06
125.15  0.008890814393566818  7.523311484978214e-06
125.2  0.008975873002210265  7.651762713466801e-06
125.25  0.009059338346289105  7.74021627027264e-06
125.30000000000001  0.009141066914291868  7.783487102083308e-06
125.35000000000001  0.009220927791885833  7.775026693590181e-06
125.4  0.009298801632664121  7.707356369939207e-06
125.45  0.009374579305785658  7.572489588016183e-06
125.5  0.009448160280532091  7.362351155101326e-06
125.55000000000001  0.009519450853214019  7.069190059126833e-06
125.60000000000001  0.009588362353276937  6.6859828078276825e-06
125.65  0.009654809472299825  6.206819095602838e-06
125.7  0.009718708840712915  5.627244686794994e-06
125.75  0.009779977939982126  4.944536304187975e-06
125.80000000000001  0.009838534401562272  4.157901756494604e-06
125.85000000000001  0.009894295711839581  3.2686111589200044e-06
125.9  0.009947179303269734  2.2800658568511226e-06
125.95  0.009997102968413565  1.1978110404459087e-06
126.0  0.010043985499397372  2.9505528913183714e-08
126.05000000000001  0.010087747443284176  -1.2151297637528176e-06
126.10000000000001  0.01012831187572933  -2.524374029648816e-06
126.15  0.010165605117611672  -3.884594341302267e-06
126.2  0.010199557341779214  -5.280400230470258e-06
126.25  0.010230103041968936  -6.694924681520858e-06
126.30000000000001  0.010257181365538695  -8.110289806665557e-06
126.35000000000001  0.01028073633810983  -9.50828317076993e-06
126.4  0.01030071701416508  -1.0871216580024888e-05
126.45  0.010317077569151872  -1.2182883855719702e-05
126.5  0.010329777326838954  -1.3429486795496885e-05
126.55000000000001  0.01033878071994741  -1.4600375014205645e-05
126.60000000000001  0.010344057209630629  -1.5688469157558224e-05
126.65  0.010345581200569925  -1.6690304633271077e-05
126.7  0.010343331969684774  -1.7605717113107003e-05
126.75  0.01033729360811624  -1.8437264320105113e-05
126.80000000000001  0.010327454993299599  -1.9189522892228396e-05
126.85000000000001  0.01031380984591571  -1.986840342362683e-05
126.9  0.010296356939057397  -2.0480575264969358e-05
126.95  0.010275100502166727  -2.1033010807454293e-05
127.0  0.010250050804890424  -2.153261631551397e-05
127.05000000000001  0.010221224843107477  -2.1985919478517282e-05
127.10000000000001  0.010188647025385671  -2.2398795865211405e-05
127.15  0.010152349755769941  -2.2776233333690287e-05
127.2  0.010112373825723992  -2.31221557120247e-05
127.25  0.010068768572637908  -2.343933664948309e-05
127.30000000000001  0.010021591821321478  -2.3729420610997172e-05
127.35000000000001  0.00997090967751436  -2.3993051679257013e-05
127.4  0.009916796268905695  -2.4230096845332338e-05
127.45  0.009859333542236927  -2.4439938197289793e-05
127.5  0.009798611224034451  -2.4621812048535013e-05
127.55000000000001  0.00973472702021042  -2.4775177668719945e-05
127.60000000000001  0.009667787076437359  -2.4900102129440595e-05
127.65  0.009597906654566196  -2.499765419540866e-05
127.7  0.009525210918974519  -2.507026489387722e-05
127.75  0.009449835709266117  -2.5121960973256213e-05
127.80000000000001  0.009371928189402585  -2.5158395828063366e-05
127.85000000000001  0.00929164727611926  -2.518666967345845e-05
127.9  0.009209163771534534  -2.521497651673502e-05
127.95  0.009124660169914619  -2.525212260228921e-05
128.0  0.009038330162203755  -2.530696284429214e-05
128.05  0.008950377897870917  -2.5387819370473105e-05
128.1  0.00886101707110695  -2.5501961713624358e-05
128.15  0.00877046988921102  -2.5655215600179173e-05
128.20000000000002  0.008678965970122635  -2.58517241201601e-05
128.25  0.008586741213502955  -2.6093825180058577e-05
128.3  0.008494036698289457  -2.638196750453283e-05
128.35  0.00840109767320049  -2.6714618471786987e-05
128.4  0.008308172664777567  -2.7088179579015136e-05
128.45000000000002  0.008215512647123932  -2.7496927893375148e-05
128.5  0.008123370225100936  -2.793301099726061e-05
128.55  0.008031998825781806  -2.8386565146753182e-05
128.6  0.007941651910883567  -2.8846025889817072e-05
128.65  0.007852582235471809  -2.9298647446807477e-05
128.70000000000002  0.007765041182113734  -2.9731183119150808e-05
128.75  0.0076792781870239435  -3.0130642725662932e-05
128.8  0.0075955402539597495  -3.0485020984289776e-05
128.85  0.007514071530669898  -3.078388071372503e-05
128.9  0.0074351129095508416  -3.1018701607035836e-05
128.95000000000002  0.0073589016176081575  -3.1182962880294805e-05
129.0  0.007285670766303473  -3.12719769881426e-05
129.05  0.007215648837569596  -3.1282516989742286e-05
129.1  0.007149059092053654  -3.121230591380975e-05
129.15  0.007086118887744757  -3.1059460369335876e-05
129.20000000000002  0.0070270388903525645  -3.082198877778306e-05
129.25  0.00697202214853722  -3.0497435896033423e-05
129.3  0.006921263017511508  -3.00827250493387e-05
129.35  0.006874945946691477  -2.9574187973740948e-05
129.4  0.00683324417335879  -2.8967743799697725e-05
129.45000000000002  0.006796318370362849  -2.8259194421246706e-05
129.5  0.006764315282352636  -2.744459835913982e-05
129.55  0.006737366371252582  -2.6520662706419692e-05
129.6  0.0067155865027861625  -2.5485075091174738e-05
129.65  0.006699072751569047  -2.4336697688824237e-05
129.70000000000002  0.006687903463238753  -2.3075564200109394e-05
129.75  0.006682137739135712  -2.1702664781943866e-05
129.8  0.006681815436571901  -2.021957410442947e-05
129.85  0.006686957564389999  -1.8628056349168284e-05
129.9  0.006697566651168867  -1.6929837404599236e-05
129.95000000000002  0.006713626428403688  -1.5126744961455058e-05
130.0  0.0067351001770032904  -1.3221367552580291e-05
130.05  0.0067619274380150175  -1.121825527978322e-05
130.1  0.006794019472664799  -9.125473973542853e-06
130.15  0.006831254682496596  -6.956083727249931e-06
130.20000000000002  0.006873475763285015  -4.729005793431285e-06
130.25  0.006920490195435008  -2.4689289559604416e-06
130.3  0.006972074647868389  -2.052911117470492e-07
130.35  0.007027982477441038  2.0293562044139987e-06
130.4  0.007087952535768733  4.201273697578254e-06
130.45000000000002  0.007151717429530677  6.277523192800096e-06
130.5  0.007219010011211724  8.227867891672794e-06
130.55  0.007289567625035327  1.0026455588084177e-05
130.6  0.007363134146144992  1.1653165431603329e-05
130.65  0.007439460141185807  1.3094524191548732e-05
130.70000000000002  0.0075183016420254595  1.4344134745967033e-05
130.75  0.00759941809231563  1.540260362920808e-05
130.8  0.007682570011845383  1.6277004825430542e-05
130.85  0.007767516848725428  1.697996362121909e-05
130.9  0.007854015370859313  1.752847632622498e-05
130.95000000000002  0.007941818800104687  1.794259812005162e-05
131.0  0.008030676730338061  1.8244133632276296e-05
131.05  0.008120335719998904  1.845542667519742e-05
131.1  0.008210540386820179  1.8598230700578043e-05
131.15  0.008301034947684104  1.8692513461997377e-05
131.20000000000002  0.008391565335225615  1.8755153293130023e-05
131.25  0.008481881929356345  1.879886767735811e-05
131.3  0.008571742558180911  1.8831823694110023e-05
131.35  0.008660915250296048  1.8857960126675778e-05
131.4  0.0087491804226686  1.8877675398611813e-05
131.45000000000002  0.008836332433620125  1.888854264689516e-05
131.5  0.008922180526949252  1.8885888075761512e-05
131.55  0.009006549207297793  1.8863210179218887e-05
131.6  0.009089278095421828  1.8812495476234798e-05
131.65  0.00917022132563848  1.872451114251031e-05
131.70000000000002  0.009249246557428363  1.8589141208769495e-05
131.75  0.009326233679499444  1.839580337948742e-05
131.8  0.009401073296407141  1.8133950519849178e-05
131.85  0.009473665095425639  1.7793631288308324e-05
131.9  0.009543916180417878  1.7366062353097565e-05
131.95000000000002  0.009611739444261861  1.684415752457764e-05
132.0  0.009677052042683428  1.6222960245813397e-05
132.05  0.009739774030233518  1.5499918896767516e-05
132.1  0.009799827218853018  1.4674949012089984e-05
132.15  0.009857134312083333  1.3750279247667052e-05
132.20000000000002  0.009911618343634278  1.273014042408873e-05
132.25  0.00996320242072336  1.16203953019802e-05
132.3  0.010011809757352857  1.0428211547681147e-05
132.35  0.010057363969092036  9.161845217786109e-06
132.4  0.01009978958325879  7.830547579627025e-06
132.45000000000002  0.010139012706564948  6.4445601057520735e-06
132.5  0.010174961782609158  5.01513339088409e-06
132.55  0.010207568358321373  3.5545041860793307e-06
132.6  0.010236767789876384  2.075783481691628e-06
132.65  0.010262499864387781  5.927285114241162e-07
132.70000000000002  0.0102847093582566  -8.806053880465988e-07
132.75  0.010303346560923249  -2.330314013868936e-06
132.8  0.010318367739993662  -3.743162522656963e-06
132.85  0.010329735446409178  -5.107121776945986e-06
132.9  0.010337418553033361  -6.411848319205506e-06
132.95000000000002  0.010341392006430788  -7.64903489307831e-06
133.0  0.010341636372069914  -8.812589752359742e-06
133.05  0.010338137312070759  -9.89863475978401e-06
133.1  0.01033088515115885  -1.0905332639152898e-05
133.15  0.010319874649128143  -1.1832576067885632e-05
133.20000000000002  0.010305105018581104  -1.2681590656975647e-05
133.25  0.010286580153639747  -1.34545130481017e-05
133.3  0.010264308994301601  -1.4154002628215686e-05
133.35  0.01023830594070825  -1.4782929798448364e-05
133.4  0.010208591244506003  -1.5344162580901237e-05
133.45000000000002  0.010175191332590944  -1.5840448895993755e-05
133.5  0.01013813905402136  -1.6274375800667264e-05
133.55  0.01009747388582636  -1.6648399571630334e-05
133.6  0.010053242169974011  -1.696494381717614e-05
133.65  0.01000549745201066  -1.7226540059223366e-05
133.70000000000002  0.009954300959679876  -1.74359735390184e-05
133.75  0.009899722211796674  -1.7596401411659824e-05
133.8  0.009841839701198996  -1.7711426127038705e-05
133.85  0.00978074156914828  -1.7785121763303108e-05
133.9  0.009716526190527597  -1.782201314927807e-05
133.95000000000002  0.009649302617485159  -1.7827007182356154e-05
134.0  0.00957919086601143  -1.7805293655261413e-05
134.05  0.00950632205140339  -1.7762255523792108e-05
134.1  0.00943083838722637  -1.7703418371367843e-05
134.15  0.009352893071154281  -1.763442853111857e-05
134.20000000000002  0.009272650089729427  -1.7561017032338823e-05
134.25  0.009190283968055178  -1.7488903706287143e-05
134.3  0.009105979461389361  -1.742362226254979e-05
134.35  0.009019931155121643  -1.7370282093849966e-05
134.4  0.008932342925349028  -1.7333304299920506e-05
134.45000000000002  0.008843427229484203  -1.7316171300639467e-05
134.5  0.008753404240875253  -1.7321221508449047e-05
134.55  0.008662500877401282  -1.7349504715413492e-05
134.6  0.00857094977888708  -1.7400690353191696e-05
134.65  0.008478988284614068  -1.7473008031842254e-05
134.70000000000002  0.00838685745386954  -1.7563223891452003e-05
134.75  0.008294801153786939  -1.7666692167900534e-05
134.8  0.008203065219338567  -1.7777521318322098e-05
134.85  0.00811189667501193  -1.788886699336328e-05
134.9  0.008021543002518249  -1.799333641823244e-05
134.95000000000002  0.007932251449788836  -1.8083455498963793e-05
135.0  0.007844268400280954  -1.815212106291649e-05
135.05  0.0077578388401049435  -1.8192962420226147e-05
135.1  0.007673205955074123  -1.8200561179232554e-05
135.15  0.007590610862033495  -1.817051075088836e-05
135.20000000000002  0.007510292433571272  -1.8099323765000176e-05
135.25  0.007432487125696035  -1.7984217736218892e-05
135.3  0.007357428702445292  -1.7822832909985255e-05
135.35  0.00728534778523001  -1.76129539029012e-05
135.4  0.0072164711976658216  -1.735230951773722e-05
135.45000000000002  0.007151021096001617  -1.7038498730866818e-05
135.5  0.007089213889301056  -1.6669036793176035e-05
135.55  0.007031258976773318  -1.62414782926563e-05
135.6  0.006977357351040731  -1.575356809544801e-05
135.65  0.006927700136784756  -1.5203376343789767e-05
135.70000000000002  0.006882467156803195  -1.4589386401026795e-05
135.75  0.006841825608826254  -1.39105271429064e-05
135.8  0.0068059288863832855  -1.3166165054704254e-05
135.85  0.00677491554485623  -1.2356089452153714e-05
135.9  0.006748908399847413  -1.1480525131637188e-05
135.95000000000002  0.006728013715981671  -1.0540199731714e-05
136.0  0.00671232044158065  -9.536474562376329e-06
136.05  0.006701899469047973  -8.471526319952431e-06
136.1  0.00669680291062951  -7.348559159449989e-06
136.15  0.006697063378427449  -6.172015727851558e-06
136.20000000000002  0.0067026932662969385  -4.947739710276822e-06
136.25  0.0067136840586559865  -3.683034083934512e-06
136.3  0.006730005728473956  -2.386575192646114e-06
136.35  0.0067516063107992495  -1.0681868906530496e-06
136.4  0.006778411738401668  2.614759705499029e-07
136.45000000000002  0.006810326004442925  1.5912731253210409e-06
136.5  0.006847231675229979  2.9099063776499055e-06
136.55  0.006888990727506624  4.2061993368761715e-06
136.6  0.006935445647208969  5.469319774675299e-06
136.65  0.00698642070404413  6.68895979042289e-06
136.70000000000002  0.007041723312332121  7.855502600450718e-06
136.75  0.00710114540985848  8.960199185999375e-06
136.8  0.007164464818097936  9.995364158887639e-06
136.85  0.007231446571610051  1.0954579780000658e-05
136.9  0.007301844223332927  1.1832877959096255e-05
136.95000000000002  0.007375401147588989  1.2626870097922373e-05
137.0  0.007451851875149481  1.333481437565683e-05
137.05  0.007530923506038253  1.3956629132645875e-05
137.1  0.007612337245294712  1.4493867121552521e-05
137.15  0.007695810085725897  1.4949663639042261e-05
137.20000000000002  0.007781056629884009  1.5328668076800207e-05
137.25  0.007867791012977653  1.5636969570433635e-05
137.3  0.007955728869934193  1.5882044618117077e-05
137.35  0.00804458929487605  1.607280189103893e-05
137.4  0.008134096748929235  1.6219842776968596e-05
137.45000000000002  0.008223982795897351  1.633587173228954e-05
137.5  0.00831398737908071  1.643543208333625e-05
137.55  0.008403859592860644  1.6532622662299204e-05
137.6  0.008493358787322021  1.663725973421187e-05
137.65  0.008582256659190508  1.6752127927174457e-05
137.70000000000002  0.00867033946133462  1.6872577599075127e-05
137.75  0.008757409205834111  1.6987616108715324e-05
137.8  0.00884328366127702  1.708160828006675e-05
137.85  0.008927795493779003  1.713624202842492e-05
137.9  0.009010790975415933  1.7132553710946158e-05
137.95000000000002  0.009092128611875288  1.7052776454002746e-05
138.0  0.00917167790354692  1.6881800273312085e-05
138.05  0.009249318303096339  1.6608119183025815e-05
138.1  0.009324938337463472  1.6224241330941307e-05
138.15  0.009398434818140664  1.5726619937942823e-05
138.20000000000002  0.009469712043251087  1.5115215128168944e-05
138.25  0.009538680889120355  1.4392829905495024e-05
138.3  0.009605257698174649  1.3564369344309881e-05
138.35  0.009669362903381499  1.263614753369789e-05
138.4  0.009730919406730317  1.1615333320017349e-05
138.45000000000002  0.009789850849754792  1.0509598080834756e-05
138.5  0.009846080032092898  9.326990945800689e-06
138.55  0.009899527787103752  8.076011401866595e-06
138.6  0.009950112571793507  6.765794680898106e-06
138.65  0.00999775087332342  5.406292273043819e-06
138.70000000000002  0.010042358331184333  4.00834015032047e-06
138.75  0.010083851314552325  2.5835576342840673e-06
138.8  0.010122148645392669  1.1440825550841706e-06
138.85  0.010157173205957309  -2.978101034565125e-07
138.9  0.010188853257183762  -1.730151864576914e-06
138.95000000000002  0.010217123384333653  -3.1417321218385625e-06
139.0  0.010241925051938532  -4.522497370552247e-06
139.05  0.010263206783105435  -5.863843078578514e-06
139.1  0.010280923984172165  -7.158754730825366e-06
139.15  0.010295038421619804  -8.401774783856602e-06
139.20000000000002  0.010305517353510929  -9.588807399017253e-06
139.25  0.010312332374578358  -1.0716800626874168e-05
139.3  0.010315458150675081  -1.1783367333263676e-05
139.35  0.010314871300160362  -1.2786449069571079e-05
139.4  0.01031054964104645  -1.3724147184176826e-05
139.45000000000002  0.010302471927928308  -1.4594806094946943e-05
139.5  0.010290618151851129  -1.5397360998524756e-05
139.55  0.010274970477995684  -1.61318851329733e-05
139.6  0.010255514886097722  -1.6800204677517724e-05
139.65  0.010232243493405211  -1.7406402607203925e-05
139.70000000000002  0.010205157361686278  -1.795701074792499e-05
139.75  0.010174269325687574  -1.8460698410806547e-05
139.8  0.010139606138806639  -1.892738820133194e-05
139.85  0.010101209262458933  -1.9367003541653806e-05
139.9  0.01005913408032734  -1.978828398144607e-05
139.95000000000002  0.010013447951788084  -2.0198050776582214e-05
140.0  0.009964227889643709  -2.060099355198847e-05
140.05  0.009911558624218103  -2.0999778306621104e-05
140.1  0.009855531529556916  -2.139520448122574e-05
140.15  0.009796244482308437  -2.1786216901037663e-05
140.20000000000002  0.00973380228586586  -2.216985041851949e-05
140.25  0.00966831706447034  -2.254147819307313e-05
140.3  0.009599908385611013  -2.2895598647112947e-05
140.35  0.009528703488394963  -2.322693332778255e-05
140.4  0.009454837996712248  -2.353140169698636e-05
140.45000000000002  0.009378456928674842  -2.3806697784366074e-05
140.5  0.009299715471780334  -2.405243051226661e-05
140.55  0.009218779124677093  -2.426992754783731e-05
140.6  0.009135823151645604  -2.4461826840364048e-05
140.65  0.009051031578304829  -2.463157240091033e-05
140.70000000000002  0.008964596054663036  -2.4782924839576352e-05
140.75  0.008876714879328645  -2.491955376496844e-05
140.8  0.008787592379950039  -2.5044748345355576e-05
140.85  0.00869743871437835  -2.516127854905665e-05
140.9  0.008606470035335767  -2.5271422484537493e-05
140.95000000000002  0.008514908873079218  -2.5377140667765204e-05
141.0  0.00842298452156902  -2.54803455632921e-05
141.05  0.008330933200139425  -2.558317469038275e-05
141.1  0.00823899783381017  -2.5688153572097014e-05
141.15  0.008147427391748247  -2.579817666817637e-05
141.20000000000002  0.008056475804135614  -2.5916306508380496e-05
141.25  0.00796640055144096  -2.6045434051914154e-05
141.3  0.007877461068945723  -2.6187854108109178e-05
141.35  0.007789917112610732  -2.6344820513103364e-05
141.4  0.007704027203880935  -2.6516158058219933e-05
141.45000000000002  0.007620047224138973  -2.6700000200774996e-05
141.5  0.00753822917220695  -2.689269659627235e-05
141.55  0.007458820047244175  -2.7088913808838232e-05
141.6  0.007382060799831645  -2.7281948134275625e-05
141.65  0.007308185307649918  -2.7464271641832603e-05
141.70000000000002  0.0072374193604116364  -2.7628301147327792e-05
141.75  0.007169979697940972  -2.776724644567279e-05
141.8  0.007106073277439383  -2.7875589775255868e-05
141.85  0.007045897163118093  -2.7948346590397252e-05
141.9  0.006989639607949582  -2.797844839947163e-05
141.95000000000002  0.006937482464622792  -2.795345527824515e-05
142.0  0.006889603497525328  -2.785474558689744e-05
142.05  0.006846176226126259  -2.7660440954812387e-05
142.1  0.006807366759940081  -2.734976524116873e-05
142.15  0.006773329430852315  -2.6906370450399722e-05
142.20000000000002  0.0067442030656905275  -2.6320004788824413e-05
142.25  0.006720108514465382  -2.5586894654772986e-05
142.3  0.006701147248962804  -2.4709321486413557e-05
142.35  0.006687400679847963  -2.3694741258855126e-05
142.4  0.006678929931871613  -2.255467244242214e-05
142.45000000000002  0.0066757759052139915  -2.130350741791992e-05
142.5  0.006677959485362595  -1.995735885589684e-05
142.55  0.006685481782411521  -1.853303000643486e-05
142.6  0.006698324294848272  -1.704718272348972e-05
142.65  0.006716448922643713  -1.5515744202566654e-05
142.70000000000002  0.006739797803814002  -1.3953564401178932e-05
142.75  0.006768293013173  -1.2374324605682303e-05
142.8  0.0068018362627833675  -1.0790677161358132e-05
142.85  0.006840308869098639  -9.214552104821578e-06
142.9  0.0068835722784240765  -7.657516779891098e-06
142.95000000000002  0.006931469210526834  -6.131044103215832e-06
143.0  0.006983825079604648  -4.646548620387125e-06
143.05  0.007040449182298081  -3.2150973103403884e-06
143.1  0.007101135422892666  -1.8468001896887644e-06
143.15  0.007165662767692335  -5.500187937160813e-07
143.20000000000002  0.007233795787747233  6.693708578892655e-07
143.25  0.007305285549141912  1.8084357163207797e-06
143.3  0.0073798709421164  2.8672455107676503e-06
143.35  0.007457280426411368  3.84854387394481e-06
143.4  0.00753723411965194  4.757129416152733e-06
143.45000000000002  0.007619446138455046  5.599084745772152e-06
143.5  0.007703627096157071  6.3809938125730885e-06
143.55  0.007789486657623011  7.10926669856053e-06
143.6  0.0078767360488574  7.789651803349903e-06
143.65  0.007965090423299832  8.426967094340201e-06
143.70000000000002  0.0080542710012525  9.025049068565013e-06
143.75  0.00814400691797483  9.586920573155638e-06
143.8  0.008234036718383545  1.0115183627706679e-05
143.85  0.008324109416944312  1.0612537319336515e-05
143.9  0.008413985093002707  1.1082049435098091e-05
143.95000000000002  0.008503435210261383  1.1526729421932734e-05
144.0  0.008592243015499969  1.1948522868931411e-05
144.05  0.008680204122208202  1.2347457299256207e-05
144.1  0.008767126998848592  1.2721402258214144e-05
144.15  0.00885283309195561  1.306631210190322e-05
144.20000000000002  0.008937156556840924  1.337665583917314e-05
144.25  0.009019943690613806  1.3645870828191149e-05
144.3  0.009101052155118607  1.3866791650864914e-05
144.35  0.009180350048882426  1.4032033928672728e-05
144.4  0.009257714875989566  1.4134302695840551e-05
144.45000000000002  0.009333032456141869  1.416659464986257e-05
144.5  0.009406195826749664  1.4122288727068178e-05
144.55  0.009477104193934008  1.3995158386313292e-05
144.6  0.009545661955373898  1.3779359951658708e-05
144.65  0.009611777791343914  1.3469443776145439e-05
144.70000000000002  0.009675363836020115  1.3060436639576746e-05
144.75  0.009736334953412812  1.2548044353101943e-05
144.8  0.009794608147493559  1.192899944443874e-05
144.85  0.00985010213401993  1.1201534214426235e-05
144.9  0.009902737091761322  1.0365917343493295e-05
144.95000000000002  0.009952434600589241  9.424968818757306e-06
145.0  0.009999117762449052  8.384457505682491e-06
145.05  0.010042711485155875  7.2532926554176285e-06
145.1  0.0100831428942323  6.043454742007314e-06
145.15  0.010120341827839753  4.769649790415774e-06
145.20000000000002  0.010154241374812514  3.448691088074835e-06
145.25  0.010184778424955973  2.098636762817412e-06
145.3  0.010211894187325748  7.377545844842034e-07
145.35  0.010235534622234508  -6.165736435759099e-07
145.4  0.010255650763507877  -1.9488751426359116e-06
145.45000000000002  0.010272198944853041  -3.246405736534352e-06
145.5  0.01028514092013921  -4.499646293314885e-06
145.55  0.010294443817631688  -5.702377002314002e-06
145.6  0.010300079891124022  -6.8512970131223e-06
145.65  0.010302026124924209  -7.945271157958826e-06
145.70000000000002  0.010300263828993858  -8.984388729850488e-06
145.75  0.010294778365795176  -9.969048602023202e-06
145.8  0.010285559100657383  -1.0899242685436395e-05
145.85  0.010272599606158153  -1.1774142685839755e-05
145.9  0.01025589810218801  -1.2592029337710911e-05
145.95000000000002  0.010235458069410508  -1.3350532123401975e-05
146.0  0.010211288928768443  -1.4047086575063036e-05
146.05  0.010183406655452407  -1.467948631060018e-05
146.1  0.010151834220176167  -1.524639250782205e-05
146.15  0.010116601814808977  -1.5747679799439685e-05
146.20000000000002  0.01007774688309438  -1.61845680701883e-05
146.25  0.010035314014653388  -1.655956139382818e-05
146.3  0.009989354792220448  -1.6876253143973078e-05
146.35  0.009939927733158068  -1.7139081522498465e-05
146.4  0.009887098474973821  -1.7353127212814228e-05
146.45000000000002  0.009830940291554482  -1.7523998375968304e-05
146.5  0.009771534943469832  -1.7657784939635704e-05
146.55  0.009708973786869855  -1.776103565810019e-05
146.6  0.009643359004432125  -1.7840714553012448e-05
146.65  0.009574804786447528  -1.790410336517336e-05
146.70000000000002  0.009503438290085417  -1.795862805977784e-05
146.75  0.009429400221432283  -1.801160276311391e-05
146.8  0.009352844893413953  -1.806988759921911e-05
146.85  0.009273939669714825  -1.8139446177706113e-05
146.9  0.009192863814824523  -1.822482386198347e-05
146.95000000000002  0.009109806875186567  -1.8328646268148322e-05
147.0  0.009024966820528469  -1.8451287485683747e-05
147.05  0.008938548249270348  -1.859084153751084e-05
147.1  0.008850760948990961  -1.874346202514846e-05
147.15  0.00876181899490467  -1.890404391892892e-05
147.20000000000002  0.008671940412536924  -1.9067132730657617e-05
147.25  0.008581347298700854  -1.9227877235118125e-05
147.3  0.008490266205665146  -1.938281943808495e-05
147.35  0.008398928553921369  -1.9530366003836943e-05
147.4  0.008307570865213245  -1.96708904799751e-05
147.45000000000002  0.00821643467484033  -1.9806494787816804e-05
147.5  0.008125766059728722  -1.9940479156090458e-05
147.55  0.00803581479268631  -2.0076587657576147e-05
147.6  0.007946833190209189  -2.0218137817628293e-05
147.65  0.007859074757409329  -2.0367182857591543e-05
147.70000000000002  0.007772792751486579  -2.0523858543257097e-05
147.75  0.007688238796933178  -2.0686025225663082e-05
147.8  0.007605661679085807  -2.084925627355018e-05
147.85  0.00752530639200095  -2.1007162549829832e-05
147.9  0.007447413449926234  -2.1151978859688585e-05
147.95000000000002  0.007372218416987362  -2.1275286932690595e-05
148.0  0.007299951571732022  -2.1368729968471116e-05
148.05  0.007230837609151478  -2.1424591876782988e-05
148.1  0.007165095293376725  -2.1436162110809015e-05
148.15  0.0071029369965728275  -2.139785871173132e-05
148.20000000000002  0.007044568083382279  -2.1305124919628376e-05
148.25  0.006990186130332054  -2.1154145003804382e-05
148.3  0.006939980002840036  -2.0941439624627034e-05
148.35  0.006894128827508771  -2.0663413361106197e-05
148.4  0.006852800886818227  -2.0315942241484968e-05
148.45000000000002  0.0068161524427297684  -1.989409145495416e-05
148.5  0.006784326485821838  -1.9392035582177866e-05
148.55  0.006757451413296778  -1.880322125493351e-05
148.6  0.0067356396572221065  -1.8120777373389414e-05
148.65  0.0067189863089674425  -1.7338145596614886e-05
148.70000000000002  0.006707567814237631  -1.644986943934429e-05
148.75  0.0067014408286407475  -1.5452447985735094e-05
148.8  0.006700641302286819  -1.4345134545602216e-05
148.85  0.006705183810448217  -1.3130551087360934e-05
148.9  0.006715061099032711  -1.1815014035945774e-05
148.95000000000002  0.00673024379390491  -1.0408524746063895e-05
149.0  0.006750680246675005  -8.924443894105817e-06
149.05  0.0067762965426416185  -7.3789257851615085e-06
149.1  0.006806996731514841  -5.7902224823577495e-06
149.15  0.0068426633329001585  -4.177964221052454e-06
149.20000000000002  0.00688315814416998  -2.5624954956770875e-06
149.25  0.006928323361607857  -9.643115221164453e-07
149.3  0.006977982989371209  5.964092287378148e-07
149.35  0.0070319444386294635  2.100233303822747e-06
149.4  0.007090000172775462  3.5289168428760685e-06
149.45000000000002  0.0071519292826223825  4.865877226527131e-06
149.5  0.007217498933524694  6.096673903238088e-06
149.55  0.007286465672674142  7.209466480683923e-06
149.6  0.007358576630447436  8.195401046570907e-06
149.65  0.007433570686239628  9.048863611727238e-06
149.70000000000002  0.007511179678323721  9.767549912574705e-06
149.75  0.007591129730789801  1.0352328198825368e-05
149.8  0.007673142753864835  1.0806903774992417e-05
149.85  0.00775693814867604  1.113732930973066e-05
149.9  0.00784223471166712  1.1351442380649176e-05
149.95000000000002  0.007928752693542073  1.1458335085852726e-05
150.0  0.008016215934523743  1.146794663212935e-05
150.05  0.008104353970228679  1.1390827001242394e-05
150.1  0.008192903983416884  1.1238072456493431e-05
150.15  0.008281612468949288  1.1021383332244238e-05
150.20000000000002  0.008370236478883821  1.0753145734332998e-05
150.25  0.008458544356053092  1.0446419132265043e-05
150.3  0.008546316089755692  1.011471310535915e-05
150.35  0.008633343678662628  9.771406563633838e-06
150.4  0.008719431499359491  9.428834934917027e-06
150.45000000000002  0.008804396290163621  9.097288759657412e-06
150.5  0.00888806688867022  8.784055892860282e-06
150.55  0.008970284129932456  8.49258409654946e-06
150.6  0.009050900867430798  8.221876353157917e-06
150.65  0.009129781868081556  7.966243631523136e-06
150.70000000000002  0.009206803437413431  7.71550340822225e-06
150.75  0.00928185273125008  7.455628175439931e-06
150.8  0.009354826767818233  7.169759348243225e-06
150.85  0.009425631188739063  6.839447268478134e-06
150.9  0.009494178820859726  6.445973951075893e-06
150.95000000000002  0.00956038809099486  5.971644770491526e-06
151.0  0.009624181376616126  5.4009539631503725e-06
151.05  0.00968548342114981  4.7215288240226556e-06
151.1  0.009744219959698227  3.924782901820476e-06
151.15  0.00980031667637856  3.0062566728654075e-06
151.20000000000002  0.00985369856280879  1.9656573675986174e-06
151.25  0.009904289684029406  8.066385163743958e-07
151.3  0.009952013306292053  -4.636171591654901e-07
151.35  0.009996792316766685  -1.8349427932696924e-06
151.4  0.01003854985786104  -3.2947971301551465e-06
151.45000000000002  0.010077210097932963  -4.828883956840466e-06
151.5  0.010112699062065054  -6.421738613696221e-06
151.55  0.010144945458006992  -8.057258768729225e-06
151.6  0.010173881459104375  -9.719179421677166e-06
151.65  0.010199443423791504  -1.1391507346820812e-05
151.70000000000002  0.010221572520591055  -1.305893933163961e-05
151.75  0.010240215204304993  -1.4707277730498584e-05
151.8  0.010255323481789274  -1.6323810666166946e-05
151.85  0.010266854943344443  -1.7897591888142717e-05
151.9  0.010274772601602502  -1.941958055532449e-05
151.95000000000002  0.010279044621289193  -2.088265319146471e-05
152.0  0.010279644023922754  -2.228153061347884e-05
152.05  0.010276548434524701  -2.361265373653772e-05
152.1  0.010269739927365192  -2.4874015386377125e-05
152.15  0.010259205028831375  -2.606494424495083e-05
152.20000000000002  0.01024493493538936  -2.718584616526121e-05
152.25  0.01022692598746383  -2.8237922142825875e-05
152.3  0.010205180392277071  -2.9222884987332585e-05
152.35  0.010179707116618815  -3.0142685096491287e-05
152.4  0.010150522823716462  -3.0999240885168196e-05
152.45000000000002  0.01011765274663875  -3.1794180421986346e-05
152.5  0.010081131414243626  -3.2528639695396186e-05
152.55  0.01004100313094175  -3.32031625275531e-05
152.6  0.009997322135760205  -3.3817708666026636e-05
152.65  0.009950152459451331  -3.4371768752864494e-05
152.70000000000002  0.009899567587482177  -3.486459376550733e-05
152.75  0.009845650065517072  -3.529553395959524e-05
152.8  0.009788491151604389  -3.5664456368948846e-05
152.85  0.009728190547741622  -3.597216280421698e-05
152.9  0.00966485618902262  -3.6220682489978915e-05
152.95000000000002  0.009598604056846843  -3.641332715543571e-05
153.0  0.00952955800417762  -3.6554462078898964e-05
153.05  0.009457849612191632  -3.6649035542048804e-05
153.1  0.00938361811299075  -3.6701991638821634e-05
153.15  0.009307010417075054  -3.671773223816342e-05
153.20000000000002  0.009228181307035871  -3.669977481805987e-05
153.25  0.009147293919248824  -3.665071041533094e-05
153.3  0.009064520269586072  -3.657244146540395e-05
153.35  0.008980041010272803  -3.646638365400824e-05
153.4  0.008894045498271146  -3.6333786433816905e-05
153.45000000000002  0.008806732153771434  -3.617635572130136e-05
153.5  0.008718308397225491  -3.5996713088403246e-05
153.55  0.008628990312598473  -3.579854852153027e-05
153.60000000000002  0.008539002067292556  -3.558646856748178e-05
153.65  0.008448575104525092  -3.536557605580025e-05
153.70000000000002  0.008357947175664005  -3.514085284148624e-05
153.75  0.008267361291861518  -3.491644561209737e-05
153.8  0.008177064631338677  -3.469497727436593e-05
153.85000000000002  0.008087307389946601  -3.4477013656258675e-05
153.9  0.007998341552701398  -3.426080189675364e-05
153.95000000000002  0.007910419588745745  -3.404234671718483e-05
154.0  0.007823793099519425  -3.381581161772466e-05
154.05  0.0077387114682773124  -3.357416090776093e-05
154.10000000000002  0.007655420572328987  -3.330991583197785e-05
154.15  0.007574161633788489  -3.3015883002027645e-05
154.20000000000002  0.007495170289007463  -3.2685732640995434e-05
154.25  0.007418675935899524  -3.2314357645923527e-05
154.3  0.007344901373285418  -3.189799063403048e-05
154.35000000000002  0.007274062685899375  -3.143408868510494e-05
154.4  0.007206369298647514  -3.092103911929459e-05
154.45000000000002  0.0071420241240123476  -3.0357776509595093e-05
154.5  0.0070812237147775976  -2.9743405510300218e-05
154.55  0.007024158321512793  -2.9076896358085545e-05
154.60000000000002  0.0069710117652435  -2.8356880542834076e-05
154.65  0.006921961062148019  -2.7581542826539007e-05
154.70000000000002  0.006877175766893527  -2.674859513034695e-05
154.75  0.006836817032259341  -2.58553240156286e-05
154.8  0.006801036407024966  -2.489871164676405e-05
154.85000000000002  0.006769974413333876  -2.3875634413425484e-05
154.9  0.006743758965662343  -2.278314864856214e-05
154.95000000000002  0.006722503708971106  -2.1618877655199888e-05
155.0  0.006706306356400376  -2.038150497024765e-05
155.05  0.00669524710076535  -1.9071348810613403e-05
155.10000000000002  0.006689387165527716  -1.769094664740083e-05
155.15  0.006688767550306972  -1.624553331516779e-05
155.20000000000002  0.006693408012715958  -1.4743283091138948e-05
155.25  0.006703306321738349  -1.3195228305644719e-05
155.3  0.006718437822352367  -1.1614851444880276e-05
155.35000000000002  0.006738755351323617  -1.0017431088659384e-05
155.4  0.006764189529764701  -8.4192625329664e-06
155.45000000000002  0.006794649435033756  -6.836866792717216e-06
155.5  0.006830023618778332  -5.286263484076342e-06
155.55  0.006870181393917088  -3.78233646799573e-06
155.60000000000002  0.006914974284596877  -2.338291651541956e-06
155.65  0.006964237498958632  -9.652042746405565e-07
155.70000000000002  0.007017791253003643  3.2831308413486493e-07
155.75  0.007075441787070303  1.5362242180419842e-06
155.8  0.0071369819742851445  2.6548232567421542e-06
155.85000000000002  0.007202191530905259  3.682042373368726e-06
155.9  0.0072708370089959035  4.616419797224588e-06
155.95000000000002  0.007342671914468485  5.456114127704195e-06
156.0  0.007417437370699495  6.19847985295774e-06
156.05  0.0074948636784462385  6.840433182144698e-06
156.10000000000002  0.007574672834281203  7.379312449925086e-06
156.15  0.007656581674521  7.813694764414437e-06
156.20000000000002  0.007740305101503871  8.143857290801323e-06
156.25  0.007825558938038366  8.371956180239328e-06
156.3  0.007912062271424427  8.502095343399077e-06
156.35000000000002  0.007999539366286782  8.540380609529431e-06
156.4  0.008087721166819242  8.494955852736267e-06
156.45000000000002  0.008176346426217423  8.37590517956352e-06
156.5  0.008265162586030494  8.194938831097346e-06
156.55  0.008353926515009541  7.9648410164971e-06
156.60000000000002  0.008442405159168019  7.698698871356714e-06
156.65  0.008530376115585948  7.408970829000281e-06
156.70000000000002  0.008617628127530728  7.10648536410545e-06
156.75  0.008703961496476528  6.799482002067125e-06
156.8  0.008789188403552185  6.492814201997563e-06
156.85000000000002  0.008873133121163718  6.187422689727214e-06
156.9  0.00895563208057501  5.880153654493844e-06
156.95000000000002  0.00903653375837774  5.563945619061428e-06
157.0  0.009115698362149014  5.2283550224709735e-06
157.05  0.00919299731691775  4.860345509760441e-06
157.10000000000002  0.009268312556583603  4.44524085404234e-06
157.15  0.009341535618241735  3.967744606762111e-06
157.20000000000002  0.00941256654924906  3.4129489105333815e-06
157.25  0.009481312661286004  2.7672723198759954e-06
157.3  0.009547687184021849  2.0192798426652442e-06
157.35000000000002  0.00961160788247863  1.1603470517550937e-06
157.4  0.009672995712356735  1.8513416759674328e-07
157.45000000000002  0.00973177359577908  -9.081523588137727e-07
157.5  0.00978786540143501  -2.1177102358066634e-06
157.55  0.009841195202749889  -3.4382851940685733e-06
157.60000000000002  0.009891686856799406  -4.861482610257143e-06
157.65  0.009939263908556609  -6.3762145158012824e-06
157.70000000000002  0.009983849799041926  -7.969239666889285e-06
157.75  0.010025368337739817  -9.625750608436334e-06
157.8  0.010063744386246663  -1.1329970219669351e-05
157.85000000000002  0.010098904689425875  -1.3065735199284794e-05
157.9  0.01013077878166601  -1.4817055082187649e-05
157.95000000000002  0.010159299884007333  -1.6568635354672785e-05
158.0  0.01018440569492175  -1.8306350927017047e-05
158.05  0.010206038990262106  -2.001765649550481e-05
158.10000000000002  0.010224147993603848  -2.169190708895704e-05
158.15  0.010238686528851838  -2.3320544344437873e-05
158.20000000000002  0.010249614009491457  -2.4897108660040125e-05
158.25  0.010256895345060423  -2.641707052900479e-05
158.3  0.010260500840634774  -2.787751568606769e-05
158.35000000000002  0.010260406131637794  -2.9276743342847368e-05
158.4  0.010256592162955349  -3.061383878682653e-05
158.45000000000002  0.01024904520958244  -3.188827286373866e-05
158.5  0.010237756950707997  -3.309956810444317e-05
158.55  0.010222724625551195  -3.4247058205550784e-05
158.60000000000002  0.010203951289751198  -3.5329751930924704e-05
158.65  0.010181446166163177  -3.634629226773302e-05
158.70000000000002  0.010155225071410645  -3.729499510851286e-05
158.75  0.010125310897254776  -3.817396140581293e-05
158.8  0.010091734107425344  -3.8981258916778796e-05
158.85000000000002  0.01005453318956069  -3.971516090647109e-05
158.9  0.010013755007095025  -4.0374419122192156e-05
158.95000000000002  0.009969455026430717  -4.095853501009149e-05
159.0  0.009921697438087133  -4.146797892669064e-05
159.05  0.009870555225799956  -4.1904323683586794e-05
159.10000000000002  0.009816110229045397  -4.2270282928691916e-05
159.15  0.009758453209233508  -4.25696356674982e-05
159.20000000000002  0.009697683905209756  -4.2807012140583215e-05
159.25  0.00963391105601835  -4.298753607470958e-05
159.3  0.009567252366722661  -4.3116351549289786e-05
159.35000000000002  0.009497834395671314  -4.3198104400681204e-05
159.4  0.009425792366829808  -4.323648412392593e-05
159.45000000000002  0.009351269971375807  -4.323395011086111e-05
159.5  0.009274419290590225  -4.3191840348223916e-05
159.55  0.009195400571122517  -4.311075816650474e-05
159.60000000000002  0.009114381821023521  -4.299037400101909e-05
159.65  0.009031539104826358  -4.282976173478695e-05
159.70000000000002  0.008947056692207706  -4.26283582243749e-05
159.75  0.008861127180825268  -4.23866573785459e-05
159.8  0.008773951640810405  -4.21066733875838e-05
159.85000000000002  0.008685739636959693  -4.1792140111809466e-05
159.9  0.008596709055964658  -4.144839528806529e-05
159.95000000000002  0.008507085695860723  -4.108194806727736e-05
160.0  0.008417102601995782  -4.06997801560617e-05
160.05  0.008326999151659213  -4.0308481978732134e-05
160.10000000000002  0.008237019893054719  -3.991336435782305e-05
160.15  0.008147413157737  -3.9517695279867305e-05
160.20000000000002  0.008058429502905562  -3.9122192306308894e-05
160.25  0.00797032007578622  -3.872486260567735e-05
160.3  0.007883335005306882  -3.832122669214364e-05
160.35000000000002  0.007797721927320601  -3.7904886647250705e-05
160.4  0.007713724740814517  -3.746833013578348e-05
160.45000000000002  0.0076315826632155255  -3.700383380638315e-05
160.5  0.007551529619504513  -3.650433328078249e-05
160.55  0.007473793962100173  -3.5964135475128874e-05
160.60000000000002  0.007398598461674455  -3.537936728945317e-05
160.65  0.00732616046274945  -3.4748096396874254e-05
160.70000000000002  0.00725669208748992  -3.407012338102205e-05
160.75  0.007190400383317008  -3.334651087413521e-05
160.8  0.007127487325676429  -3.257896232025163e-05
160.85000000000002  0.007068149604576663  -3.176918253266446e-05
160.9  0.007012578147165603  -3.091834067614736e-05
160.95000000000002  0.006960957356764304  -3.0026715562655035e-05
161.0  0.00691346408246679  -2.909355399824734e-05
161.05  0.006870266367975151  -2.811713457226562e-05
161.10000000000002  0.006831522053230657  -2.7094997439218048e-05
161.15  0.006797377314663452  -2.6024277274644376e-05
161.20000000000002  0.006767965229048883  -2.490207191614526e-05
161.25  0.006743404432248328  -2.372579903601819e-05
161.3  0.006723797923055193  -2.2493526397599476e-05
161.35000000000002  0.006709232039769746  -2.120428865181537e-05
161.4  0.006699775611285074  -1.985841443473875e-05
161.45000000000002  0.006695479257369007  -1.8457878263720345e-05
161.5  0.006696374791253669  -1.7006659425240442e-05
161.55  0.006702474670541789  -1.5511046590212222e-05
161.60000000000002  0.006713771458175498  -1.3979800369371838e-05
161.65  0.006730237294143586  -1.2424093335361009e-05
161.70000000000002  0.006751823429144271  -1.0857188604559438e-05
161.75  0.0067784599124970325  -9.293884142575332e-06
161.8  0.0068100555403597975  -7.749810710185128e-06
161.85000000000002  0.006846498155397314  -6.240696473322257e-06
161.9  0.006887655346088714  -4.781698337272893e-06
161.95000000000002  0.006933375526135407  -3.3868668505652204e-06
162.0  0.006983489307409432  -2.0687793755670825e-06
162.05  0.007037811039950973  -8.383492981385102e-07
162.10000000000002  0.007096140388604035  2.9520952440477373e-07
162.15  0.007158263842476265  1.3243195196621218e-06
162.20000000000002  0.007223956091855422  2.2429691829532557e-06
162.25  0.007292981248979941  3.0467336204455584e-06
162.3  0.0073650939383447835  3.732936365622925e-06
162.35000000000002  0.007440040310402238  4.300913293738541e-06
162.4  0.0075175590329248695  4.752272137020554e-06
162.45000000000002  0.007597382320551454  5.091043101342508e-06
162.5  0.007679237064754405  5.323656878358114e-06
162.55  0.007762846122188334  5.458720858696561e-06
162.60000000000002  0.00784792982404246  5.506588089180616e-06
162.65  0.007934207775579485  5.478748106428657e-06
162.70000000000002  0.00802140100630292  5.387112166473342e-06
162.75  0.0081092344738594  5.243292769234383e-06
162.8  0.008197439780190736  5.058002932956583e-06
162.85000000000002  0.008285757863453497  4.840735514438039e-06
162.9  0.008373941510334226  4.599707088754323e-06
162.95000000000002  0.008461757430709729  4.341843541851988e-06
163.0  0.008548987538149793  4.072676480646427e-06
163.05  0.008635429310262982  3.796143106788161e-06
163.10000000000002  0.008720895353752854  3.514337126242857e-06
163.15  0.008805212403976186  3.2272713212341987e-06
163.20000000000002  0.00888822000224203  2.932699648776948e-06
163.25  0.008969769070582043  2.626034922966745e-06
163.3  0.009049720557130107  2.3003913955965783e-06
163.35000000000002  0.009127944257029817  1.946771590407518e-06
163.4  0.009204317838160388  1.5544029088242027e-06
163.45000000000002  0.009278726042166528  1.1112161844404155e-06
163.5  0.009351059992731277  6.044483743334938e-07
163.55  0.009421216526959297  2.1352230724810386e-08
163.60000000000002  0.009489097490236487  -6.499970676509298e-07
163.65  0.009554608994070355  -1.4198332440224399e-06
163.70000000000002  0.009617660690154031  -2.295866798178926e-06
163.75  0.009678165128499512  -3.2826365890497947e-06
163.8  0.00973603724755236  -4.381174063186537e-06
163.85000000000002  0.009791194018551316  -5.589026954604198e-06
163.9  0.009843554247704526  -6.900594771848473e-06
163.95000000000002  0.009893038519193183  -8.307668349478399e-06
164.0  0.00993956925659031  -9.800051936605066e-06
164.05  0.009983070885937612  -1.1366167927253177e-05
164.10000000000002  0.010023470088743883  -1.2993579164893836e-05
164.15  0.010060696139413653  -1.466939985941728e-05
164.20000000000002  0.010094681317906336  -1.6380599020259298e-05
164.25  0.010125361366036064  -1.8114224238048502e-05
164.3  0.010152675935664466  -1.9857586580245283e-05
164.35000000000002  0.010176568972995294  -2.1598441216767263e-05
164.4  0.01019698898860329  -2.3325175015609228e-05
164.45000000000002  0.010213889181309934  -2.5026987024645715e-05
164.5  0.010227227415269532  -2.6694031089821153e-05
164.55  0.010236966086093043  -2.8317492160699503e-05
164.60000000000002  0.010243071941370599  -2.988959104813117e-05
164.65  0.01024551593616806  -3.140353364516215e-05
164.70000000000002  0.010244273209007324  -3.285342303947233e-05
164.75  0.010239323245356272  -3.423415793677609e-05
164.8  0.01023065024744008  -3.5541351871131256e-05
164.85000000000002  0.010218243669753588  -3.6771303181262164e-05
164.9  0.010202098840448925  -3.79210250970248e-05
164.95000000000002  0.010182217592088951  -3.8988316117869376e-05
165.0  0.010158608853685061  -3.9971830320579275e-05
165.05  0.010131289183872324  -4.0871111528331704e-05
165.10000000000002  0.010100283242450742  -4.168656602960382e-05
165.15  0.010065624193485735  -4.2419364296050264e-05
165.20000000000002  0.010027354021195856  -4.307128150360233e-05
165.25  0.009985523740924335  -4.3644501071547675e-05
165.3  0.0099401935056258  -4.414141484073869e-05
165.35000000000002  0.009891432630345316  -4.456445988614561e-05
165.4  0.009839319560174151  -4.491603328790893e-05
165.45000000000002  0.009783941795437411  -4.519850591009207e-05
165.5  0.00972539578698153  -4.541431939543497e-05
165.55  0.009663786813003443  -4.556612216890749e-05
165.60000000000002  0.009599228827149194  -4.5656878921885e-05
165.65  0.009531844251190528  -4.568989629398965e-05
165.70000000000002  0.009461763718302811  -4.566875545970024e-05
165.75  0.009389125886234303  -4.559721722813898e-05
165.8  0.00931407749077525  -4.547932081432431e-05
165.85000000000002  0.009236772901375813  -4.5319467075931674e-05
165.9  0.009157373713437398  -4.512181471943823e-05
165.95000000000002  0.00907604923486597  -4.489008796472675e-05
166.0  0.008992976692487553  -4.462793057064519e-05
166.05  0.008908341474245516  -4.4339169330710224e-05
166.10000000000002  0.00882233738839487  -4.4027907772144554e-05
166.15  0.00873516679047041  -4.3698497404484355e-05
166.20000000000002  0.00864704050746646  -4.335540973759137e-05
166.25  0.008558177530814323  -4.300301505800773e-05
166.3  0.008468804478404668  -4.264526730799108e-05
166.35000000000002  0.008379154847275567  -4.228530700928291e-05
166.4  0.008289468081499529  -4.19250354008097e-05
166.45000000000002  0.008199988457603637  -4.15647533902284e-05
166.5  0.008110963766374147  -4.1202961553985065e-05
166.55  0.008022643787247171  -4.083638657730709e-05
166.60000000000002  0.00793527861078508  -4.046025632552202e-05
166.65  0.007849116923241911  -4.006880848360733e-05
166.70000000000002  0.0077644043896269305  -3.9655975151370445e-05
166.75  0.007681382259854147  -3.921613224787084e-05
166.8  0.00760028631160925  -3.874476956531055e-05
166.85000000000002  0.007521346227125348  -3.8238942621887374e-05
166.9  0.007444785422178952  -3.769741621582115e-05
166.95000000000002  0.007370821245434192  -3.7120481669473916e-05
167.0  0.007299665415657856  -3.650950245050107e-05
167.05  0.007231524542133341  -3.586630165895101e-05
167.10000000000002  0.007166600561278395  -3.519252708923464e-05
167.15  0.007105090927768691  -3.448910981635687e-05
167.20000000000002  0.00704718843565476  -3.3755889030693035e-05
167.25  0.006993080613605377  -3.299142638009571e-05
167.3  0.006942948718574652  -3.2192985888190834e-05
167.35000000000002  0.006896966423353848  -3.1356629739092296e-05
167.4  0.006855298334787258  -3.047738592499494e-05
167.45000000000002  0.006818098481057846  -2.9549467214191026e-05
167.5  0.006785508874374707  -2.8566547402040225e-05
167.55  0.0067576582037923464  -2.7522117134564863e-05
167.60000000000002  0.006734660665483717  -2.6409939647553635e-05
167.65  0.006716614909754325  -2.5224610120930182e-05
167.70000000000002  0.006703603073222681  -2.396220050464025e-05
167.75  0.006695689873442068  -2.2620952039608092e-05
167.8  0.00669292176844938  -2.120196017814306e-05
167.85000000000002  0.006695326205806951  -1.970977486024669e-05
167.9  0.006702910990464122  -1.81528149819303e-05
167.95000000000002  0.006715663789768959  -1.6543484625460392e-05
168.0  0.006733551780107648  -1.4897902075036262e-05
168.05  0.006756521437364505  -1.323521814199263e-05
168.10000000000002  0.0067844984883563665  -1.1576586581365387e-05
168.15  0.006817388060983739  -9.943919106586278e-06
168.20000000000002  0.006855075079178807  -8.35858630617173e-06
168.25  0.006897424928119531  -6.840215582698249e-06
168.3  0.006944284368169512  -5.405703183882731e-06
168.35000000000002  0.006995482622156351  -4.068523644505689e-06
168.4  0.0070508325275877425  -2.8384011467344643e-06
168.45000000000002  0.007110131648742044  -1.7213714613112404e-06
168.5  0.007173163272224519  -7.201783594547553e-07
168.55  0.007239697252593421  1.6513728740669923e-07
168.60000000000002  0.007309490749927838  9.366070153046314e-07
168.65  0.007382289021956538  1.5977509584362723e-06
168.70000000000002  0.007457826549527332  2.153065667458665e-06
168.75  0.0075358287785876835  2.607585146191352e-06
168.8  0.007616014589837953  2.9665241132828353e-06
168.85000000000002  0.007698099336744354  3.2350274336085926e-06
168.9  0.007781798095348589  3.418048853886533e-06
168.95000000000002  0.00786682874627644  3.5203718857466576e-06
169.0  0.007952914609708674  3.5468108662703787e-06
169.05  0.00803978649249879  3.50260521415432e-06
169.10000000000002  0.008127184148432689  3.3938801100562107e-06
169.15  0.008214857236280276  3.2279769504896713e-06
169.20000000000002  0.00830256589046464  3.0135057607640523e-06
169.25  0.008390081031322221  2.7600763711901547e-06
169.3  0.00847718451493045  2.4777413949900816e-06
169.35000000000002  0.00856366918018187  2.176222850811007e-06
169.4  0.008649338827315545  1.8640159312001468e-06
169.45000000000002  0.008734008155358578  1.547478236407429e-06
169.5  0.00881750267963102  1.230026326559273e-06
169.55  0.008899658635258084  9.115612710586e-07
169.60000000000002  0.008980322855972271  5.882123623147196e-07
169.65  0.009059352606657122  2.5242904870477104e-07
169.70000000000002  0.009136615340822022  -1.0660327011212362e-07
169.75  0.00921198834730642  -5.022803406491962e-07
169.8  0.009285358245880022  -9.497015696486897e-07
169.85000000000002  0.009356620296628378  -1.4646751533528194e-06
169.9  0.009425677504131754  -2.0626822671160824e-06
169.95000000000002  0.009492439522031458  -2.7578770723167252e-06
170.0  0.009556821390980418  -3.56219760893351e-06
170.05  0.00961874216868857  -4.484647809772594e-06
170.10000000000002  0.009678123537656421  -5.5307848848546735e-06
170.15  0.009734888496764831  -6.70242222467252e-06
170.20000000000002  0.009788960240681457  -7.997541008667964e-06
170.25  0.009840261300959986  -9.41039486107669e-06
170.3  0.00988871297417706  -1.0931784039094957e-05
170.35000000000002  0.009934235015959216  -1.2549458289384006e-05
170.4  0.009976745557606331  -1.4248581675603256e-05
170.45000000000002  0.010016161225080273  -1.6012184715114547e-05
170.5  0.010052397520668234  -1.7821566072360662e-05
170.55  0.010085369639875046  -1.9656684228200336e-05
170.60000000000002  0.010114993957978628  -2.149665798052133e-05
170.65  0.010141190322434468  -2.3320511333142823e-05
170.70000000000002  0.010163884992854332  -2.5108219713145732e-05
170.75  0.010183013704630348  -2.6841972490607082e-05
170.8  0.010198524126988823  -2.8507437472556546e-05
170.85000000000002  0.010210377096822702  -3.0094765676432197e-05
170.9  0.010218546384140494  -3.159912602152162e-05
170.95000000000002  0.010223017179914848  -3.3020667022546266e-05
171.0  0.010223783804300692  -3.436391346805367e-05
171.05  0.010220847230404485  -3.563669486376769e-05
171.10000000000002  0.010214212926613583  -3.68487627050634e-05
171.15  0.010203889327265877  -3.801028312372924e-05
171.20000000000002  0.010189887045652197  -3.913039724247455e-05
171.25  0.01017221878911005  -4.021602224023963e-05
171.3  0.010150899826327345  -4.127101405577714e-05
171.35000000000002  0.010125948798378345  -4.229575502036734e-05
171.4  0.010097388675241733  -4.3287186774915284e-05
171.45000000000002  0.010065247708415692  -4.423926554347985e-05
171.5  0.010029560280759213  -4.514376337672944e-05
171.55  0.009990367600370252  -4.5991290625177895e-05
171.60000000000002  0.009947718231936043  -4.6772393477358144e-05
171.65  0.009901668493646577  -4.747859020099281e-05
171.70000000000002  0.009852282754415959  -4.8103233211758116e-05
171.75  0.009799633655772185  -4.864210538161163e-05
171.8  0.009743802272049034  -4.909368622712108e-05
171.85000000000002  0.00968487821600615  -4.945905850955022e-05
171.9  0.009622959713955204  -4.9741464662668996e-05
171.95000000000002  0.009558153696342022  -4.994558342939711e-05
172.0  0.009490575921753144  -5.007668025259594e-05
172.05  0.009420351112325897  -5.013983329972702e-05
172.10000000000002  0.0093476131025754  -5.013940800178569e-05
172.15  0.009272505127221348  -5.007895528086103e-05
172.20000000000002  0.009195179965499982  -4.996161255959316e-05
172.25  0.009115799406938217  -4.979011112013136e-05
172.3  0.009034534610087006  -4.9566744450583555e-05
172.35000000000002  0.008951566221238307  -4.929400951673715e-05
172.4  0.00886708416689519  -4.897516364214682e-05
172.45000000000002  0.008781287485038022  -4.8614498347650167e-05
172.5  0.008694384090729793  -4.821734872289174e-05
172.55  0.008606590429641988  -4.778986344220493e-05
172.60000000000002  0.008518130996001431  -4.733857027683411e-05
172.65  0.00842923769413136  -4.686979230292218e-05
172.70000000000002  0.00834014901421681  -4.638899589047561e-05
172.75  0.008251108975573693  -4.590017312291817e-05
172.8  0.008162365795728502  -4.540536801555009e-05
172.85000000000002  0.00807417028511834  -4.490444694949396e-05
172.9  0.007986774017779672  -4.439518349297481e-05
172.95000000000002  0.007900427368801258  -4.3873668616206e-05
173.0  0.007815377547212607  -4.333498728115743e-05
173.05  0.007731866789243725  -4.2774044865604e-05
173.10000000000002  0.00765013089796476  -4.218639564177426e-05
173.15  0.007570398302774908  -4.1568918062874216e-05
173.20000000000002  0.007492889751668209  -4.0920201615962594e-05
173.25  0.007417818641216914  -4.024056203720689e-05
173.3  0.0073453918601833115  -3.9531674932796865e-05
173.35000000000002  0.007275810917605663  -3.8795899967204584e-05
173.4  0.007209273081123669  -3.8035436051128396e-05
173.45000000000002  0.00714597226957062  -3.725148031298131e-05
173.5  0.0070860995021630666  -3.644355426524034e-05
173.55  0.00702984278778661  -3.560911927625662e-05
173.60000000000002  0.006977386430033225  -3.474354432197252e-05
173.65  0.006928909810013782  -3.3840426041176745e-05
173.70000000000002  0.006884585772255871  -3.2892206426306586e-05
173.75  0.006844578769061962  -3.189099229019894e-05
173.8  0.0068090429186733  -3.0829459756976555e-05
173.85000000000002  0.006778120115505612  -2.9701726895602933e-05
173.9  0.006751938302389184  -2.850409397467612e-05
173.95000000000002  0.00673060997880978  -2.7235577158397686e-05
174.0  0.006714230990191924  -2.5898195699553146e-05
174.05  0.006702879604753648  -2.4497005191217244e-05
174.10000000000002  0.006696615842567608  -2.3039892028538814e-05
174.15  0.0066954809849955835  -2.1537160224573098e-05
174.20000000000002  0.006699497173617093  -2.0000956431505797e-05
174.25  0.006708667021425948  -1.844459899376817e-05
174.3  0.0067229731950371845  -1.6881895576922216e-05
174.35000000000002  0.006742377960874933  -1.5326537336202807e-05
174.4  0.0067668227275523955  -1.3791642337941194e-05
174.45000000000002  0.006796227658884156  -1.2289487822910488e-05
174.5  0.00683049145595269  -1.083142647276253e-05
174.55  0.0068694914109007675  -9.42794168062471e-06
174.60000000000002  0.0069130838214140865  -8.088766996909107e-06
174.65  0.00696110481772788  -6.822976271106615e-06
174.70000000000002  0.007013371604449402  -5.638962072096938e-06
174.75  0.007069684067868667  -4.544272305439098e-06
174.8  0.007129826639931029  -3.54533882058688e-06
174.85000000000002  0.0071935702649000436  -2.64716527501184e-06
174.9  0.007260674326847501  -1.8530362539339478e-06
174.95000000000002  0.007330888462735805  -1.1642834100889026e-06
175.0  0.007403954261508741  -5.801288666007311e-07
175.05  0.007479606900884098  -9.763872975942085e-08
175.10000000000002  0.0075575767940672615  2.8816514686909523e-07
175.15  0.0076375913148581795  5.839996121486548e-07
175.20000000000002  0.0077193766497210175  7.978249608910144e-07
175.25  0.007802659771918541  9.382324403561915e-07
175.3  0.007887170416904683  1.013888207155698e-06
175.35000000000002  0.007972642963948236  1.0331582493963498e-06
175.4  0.00805881830391748  1.0039046192231751e-06
175.45000000000002  0.008145445570348036  9.33483988496781e-07
175.5  0.008232283492067838  8.288653621893764e-07
175.55  0.008319101310869971  6.967236555318753e-07
175.60000000000002  0.008405679310748416  5.434191003879911e-07
175.65  0.008491809007934802  3.748041465698488e-07
175.70000000000002  0.008577293045309534  1.95833562226297e-07
175.75  0.008661944849218377  1.0004276822705906e-08
175.8  0.008745588130439155  -1.8129500287244874e-07
175.85000000000002  0.008828056319922267  -3.7940109940305807e-07
175.9  0.008909192010786306  -5.88824167979145e-07
175.95000000000002  0.008988846448694247  -8.174247690402226e-07
176.0  0.009066879091698203  -1.0762783007060018e-06
176.05  0.009143157238489168  -1.3792286007994854e-06
176.10000000000002  0.009217555699035108  -1.7421572411153763e-06
176.15  0.009289956466141284  -2.1820143579893937e-06
176.20000000000002  0.009360248345048418  -2.71567601370979e-06
176.25  0.009428326510262226  -3.3587119325495925e-06
176.3  0.009494091977908617  -4.124167333553636e-06
176.35000000000002  0.009557450995499261  -5.021481196082172e-06
176.4  0.009618314363837994  -6.055667589283471e-06
176.45000000000002  0.009676596729261702  -7.226859881564422e-06
176.5  0.009732215903119578  -8.530262646512295e-06
176.55  0.00978509226334422  -9.956498003818123e-06
176.60000000000002  0.009835148281735007  -1.14922853671537e-05
176.65  0.009882308213910434  -1.3121360665012984e-05
176.70000000000002  0.00992649798203443  -1.4825524147570014e-05
176.75  0.009967645264499137  -1.6585705704320476e-05
176.8  0.010005679780376402  -1.8382956876564998e-05
176.85000000000002  0.010040533727990927  -2.0199311310240408e-05
176.9  0.0100721423157212  -2.2018480084458673e-05
176.95000000000002  0.010100444310726271  -2.3826360444863425e-05
177.0  0.010125382526766272  -2.5611343217282485e-05
177.05  0.010146904180473872  -2.736440754402582e-05
177.10000000000002  0.010164961071570881  -2.9078997411385758e-05
177.15  0.010179509580922308  -3.0750690169162864e-05
177.20000000000002  0.010190510522933594  -3.2376693525267904e-05
177.25  0.01019792893024378  -3.395524180369215e-05
177.3  0.010201733870279827  -3.548499364134378e-05
177.35000000000002  0.010201898379306401  -3.6964539042714254e-05
177.4  0.01019839956690172  -3.8392089864123576e-05
177.45000000000002  0.010191218914063728  -3.976536708866099e-05
177.5  0.01018034276489441  -4.108164291294393e-05
177.55  0.010165762987323327  -4.2337873764461424e-05
177.60000000000002  0.010147477748785319  -4.353086769072509e-05
177.65  0.010125492333568319  -4.465743338053392e-05
177.70000000000002  0.010099819936655232  -4.5714467204230344e-05
177.75  0.010070482385010182  -4.669896736032507e-05
177.8  0.010037510741509121  -4.760800611910654e-05
177.85000000000002  0.010000945741967426  -4.843871702024512e-05
177.9  0.009960838017213255  -4.918835322114065e-05
177.95000000000002  0.009917248080392037  -4.985445069929584e-05
178.0  0.009870246099455589  -5.0435091115467704e-05
178.05  0.009819911499116476  -5.092921901668563e-05
178.10000000000002  0.009766332449086628  -5.133693396206326e-05
178.15  0.009709605304474185  -5.16596603159673e-05
178.20000000000002  0.00964983406244646  -5.190012212736448e-05
178.25  0.009587129880388989  -5.2062091599366835e-05
178.3  0.009521610680848348  -5.214994088942717e-05
178.35000000000002  0.009453400876511647  -5.216810021698569e-05
178.4  0.009382631294278968  -5.212056608156852e-05
178.45000000000002  0.009309439403186938  -5.201076324110156e-05
178.5  0.009233969598416204  -5.18419247058372e-05
178.55  0.009156373594587775  -5.161672497885038e-05
178.60000000000002  0.009076811380742055  -5.133712367522777e-05
178.65  0.008995451938414337  -5.100520384193574e-05
178.70000000000002  0.008912473853447865  -5.062393681825796e-05
178.75  0.008828065749144836  -5.019771047831612e-05
178.8  0.008742426349363728  -4.973258957352539e-05
178.85000000000002  0.008655764104910965  -4.923626189803997e-05
178.9  0.008568296391349988  -4.8717657161191886e-05
178.95000000000002  0.008480248343080456  -4.81862723102425e-05
179.0  0.008391851431074456  -4.76512855068887e-05
179.05  0.00830334191405089  -4.712058124759207e-05
179.10000000000002  0.00821495929038238  -4.6599842288396344e-05
179.15  0.008126944853576661  -4.609187077927329e-05
179.20000000000002  0.00803954041838485  -4.5596266710693226e-05
179.25  0.00795298725289324  -4.5109524983149466e-05
179.3  0.007867525228405555  -4.462552367458095e-05
179.35000000000002  0.007783392169153038  -4.4136300819753404e-05
179.4  0.007700823350579074  -4.363298340873406e-05
179.45000000000002  0.007620051086310272  -4.3106723509532386e-05
179.5  0.007541304370059715  -4.254950299332396e-05
179.55  0.007464808556134059  -4.195470136471742e-05
179.60000000000002  0.0073907850560803725  -4.131736980580797e-05
179.65  0.007319451028044982  -4.0634206227606116e-05
179.70000000000002  0.0072510190379668875  -3.99032817663032e-05
179.75  0.00718569666959327  -3.9123615078142944e-05
179.8  0.007123686059784534  -3.829470795887999e-05
179.85000000000002  0.007065183340989879  -3.741614107468015e-05
179.9  0.007010377981867933  -3.648729160723476e-05
179.95000000000002  0.006959452030891693  -3.550719186956436e-05
180.0  0.006912579284270449  -3.447451205467668e-05
180.05  0.006869924401687059  -3.338763081393885e-05
180.10000000000002  0.0068316419781748235  -3.224476269063929e-05
180.15  0.006797875575296174  -3.104412440210638e-05
180.20000000000002  0.0067687567123703345  -2.9784131856867826e-05
180.25  0.006744403802588868  -2.846363952793819e-05
180.3  0.006724920999398646  -2.7082247898469916e-05
180.35000000000002  0.0067103969098414  -2.564069390862343e-05
180.4  0.006700903149474205  -2.4141306182879958e-05
180.45000000000002  0.006696492771251568  -2.2588466428229584e-05
180.5  0.006697198688575512  -2.098898977399294e-05
180.55  0.006703032289849477  -1.9352332689801635e-05
180.60000000000002  0.006713982463618219  -1.769055809019756e-05
180.65  0.006730015202838814  -1.6018033897036804e-05
180.70000000000002  0.006751073846774928  -1.4350912013284409e-05
180.75  0.006777079880689341  -1.2706491828713325e-05
180.8  0.006807934111073298  -1.1102572877011987e-05
180.85000000000002  0.0068435180147446125  -9.556867854186623e-06
180.9  0.006883695102897216  -8.086503580337224e-06
180.95000000000002  0.006928312211408804  -6.707574182718146e-06
181.0  0.006977200692903474  -5.434672564385075e-06
181.05  0.007030177533354387  -4.280360832169753e-06
181.10000000000002  0.0070870464463247155  -3.254620111846695e-06
181.15  0.007147598991297649  -2.3643806855289982e-06
181.20000000000002  0.007211615738201045  -1.6132342233112306e-06
181.25  0.007278867495403803  -1.0013662142153987e-06
181.3  0.007349116613528533  -5.256689702561663e-07
181.35000000000002  0.007422118350369148  -1.7997196603676899e-07
181.4  0.00749762225658702  4.463981015545316e-08
181.45000000000002  0.007575373544150577  1.5941930761126594e-07
181.5  0.00765511442800758  1.774736080314431e-07
181.55  0.007736585465355368  1.1323860676053362e-07
181.60000000000002  0.007819526935535474  -1.8051299995642687e-08
181.65  0.007903680293287994  -2.0088530567266826e-07
181.70000000000002  0.007988789671181995  -4.1999359571735046e-07
181.75  0.008074603312401101  -6.608495934804103e-07
181.8  0.008160874819981168  -9.101303294112135e-07
181.85000000000002  0.008247364230271163  -1.1561529960343127e-06
181.9  0.008333838948033103  -1.3893281388397457e-06
181.95000000000002  0.008420074552332167  -1.6026300070731513e-06
182.0  0.00850585547378226  -1.7920521015605054e-06
182.05  0.008590975543438965  -1.9570008357073663e-06
182.10000000000002  0.008675238412866734  -2.100578130202535e-06
182.15  0.008758457854568257  -2.2297023553907746e-06
182.20000000000002  0.008840457963149145  -2.354999285715954e-06
182.25  0.008921073263611544  -2.4904051859669978e-06
182.3  0.009000148726626356  -2.65248328427832e-06
182.35000000000002  0.009077539705325564  -2.859507814532416e-06
182.4  0.009153111807446334  -3.1303990800671347e-06
182.45000000000002  0.00922674068612515  -3.4836050268815887e-06
182.5  0.009298311687232911  -3.936022885916894e-06
182.55  0.009367719262368197  -4.502039127610615e-06
182.60000000000002  0.00943486608050412  -5.192744223515751e-06
182.65  0.009499661845653571  -6.015362279337679e-06
182.70000000000002  0.00956202190583887  -6.972924991930274e-06
182.75  0.009621865785066842  -8.06420880059455e-06
182.8  0.009679115786982807  -9.28392735667577e-06
182.85000000000002  0.00973369581386711  -1.0623139107632399e-05
182.9  0.009785530518782233  -1.2069815284459195e-05
182.95000000000002  0.009834544858966066  -1.3609511886224432e-05
183.0  0.00988066405323533  -1.5226093703205347e-05
183.05  0.009923813891607007  -1.6902469261417974e-05
183.10000000000002  0.009963921313177629  -1.8621306789243444e-05
183.15  0.010000915153247891  -2.0365708833897464e-05
183.20000000000002  0.010034726957255626  -2.2119826569028005e-05
183.25  0.010065291763522433  -2.3869394838722625e-05
183.3  0.010092548764092643  -2.5602165155090565e-05
183.35000000000002  0.010116441765217678  -2.730820586321702e-05
183.4  0.010136919396697188  -2.8980033171018338e-05
183.45000000000002  0.01015393506539891  -3.061254457341738e-05
183.5  0.010167446700532715  -3.220274848112172e-05
183.55  0.010177416384196374  -3.374931225337809e-05
183.60000000000002  0.010183809995715241  -3.5251977255234396e-05
183.65  0.010186597006655189  -3.671091002800031e-05
183.70000000000002  0.01018575053296227  -3.812606969743849e-05
183.75  0.01018124769431384  -3.949667107534656e-05
183.8  0.010173070268410675  -4.082080981073499e-05
183.85000000000002  0.01016120556431914  -4.209528962099297e-05
183.9  0.010145647381638081  -4.331566171199444e-05
183.95000000000002  0.010126396901080525  -4.4476468671017366e-05
184.0  0.010103463388866325  -4.557166560919957e-05
184.05  0.01007686467172765  -4.659515503399876e-05
184.10000000000002  0.010046627405423073  -4.754134256758075e-05
184.15  0.010012787189787185  -4.840562163645221e-05
184.20000000000002  0.009975388581672111  -4.918471999352518e-05
184.25  0.009934485035633624  -4.987687659866277e-05
184.3  0.00989013878427648  -5.04818536650109e-05
184.35000000000002  0.009842420669087592  -5.100081177119698e-05
184.4  0.009791409948061236  -5.143607783094101e-05
184.45000000000002  0.009737194113925169  -5.1790835024295664e-05
184.5  0.00967986875086928  -5.2068777578167616e-05
184.55  0.009619537444929086  -5.227378380663136e-05
184.60000000000002  0.00955631174276078  -5.2409644065238255e-05
184.65  0.009490311128500246  -5.2479856717293824e-05
184.70000000000002  0.00942166296784951  -5.2487507395727085e-05
184.75  0.009350502382725428  -5.243526182662411e-05
184.8  0.00927697210916333  -5.23254948619726e-05
184.85000000000002  0.009201222492479023  -5.2160659298448737e-05
184.9  0.009123411161489596  -5.1943696429956036e-05
184.95000000000002  0.00904370265574514  -5.167758751148377e-05
185.0  0.008962268828387602  -5.13651287420141e-05
185.05  0.008879288894710936  -5.100912669349365e-05
185.10000000000002  0.008794949587509019  -5.0612419467028084e-05
185.15  0.008709445393350775  -5.017783546969485e-05
185.20000000000002  0.008622978701101848  -4.970819898876841e-05
185.25  0.008535759772980388  -4.92064110265597e-05
185.3  0.008448006490248045  -4.867557302223794e-05
185.35000000000002  0.008359943875963772  -4.8119081872994154e-05
185.4  0.008271803427142751  -4.754061579053373e-05
185.45000000000002  0.008183822283079241  -4.694395961265232e-05
185.5  0.00809624223428488  -4.633267504414622e-05
185.55  0.008009308566409606  -4.570968097453562e-05
185.60000000000002  0.007923268742765128  -4.5076845345021786e-05
185.65  0.007838370941511543  -4.443468450829991e-05
185.70000000000002  0.00775486249164792  -4.378222867325541e-05
185.75  0.007672988294731831  -4.311706586050321e-05
185.8  0.0075929893444379205  -4.243554409398574e-05
185.85000000000002  0.007515101460125826  -4.173309983105349e-05
185.9  0.0074395543276502465  -4.100466774347761e-05
185.95000000000002  0.007366570891180077  -4.024511026343442e-05
186.0  0.007296367085825245  -3.944960571948945e-05
186.05  0.007229151850333777  -3.86139534864793e-05
186.10000000000002  0.007165127314677541  -3.773477782673213e-05
186.15  0.0071044890244977964  -3.680963040926944e-05
186.20000000000002  0.007047426049128312  -3.583700735592216e-05
186.25  0.006994120823830743  -3.481630912828289e-05
186.3  0.006944748607863599  -3.374777646184618e-05
186.35000000000002  0.006899476502534218  -3.263241426731809e-05
186.4  0.006858462059594676  -3.14718788678626e-05
186.45000000000002  0.006821851620593924  -3.026831986152597e-05
186.5  0.006789778616884791  -2.9024200305946758e-05
186.55  0.006762362083170387  -2.7742128064499234e-05
186.60000000000002  0.006739705576586898  -2.642473671432186e-05
186.65  0.006721896566947241  -2.5074656088242505e-05
186.70000000000002  0.006709006223806667  -2.3694603123095507e-05
186.75  0.006701089423389451  -2.2287595741622556e-05
186.8  0.006698184768328923  -2.0857256165281594e-05
186.85000000000002  0.006700314458796088  -1.9408146999107895e-05
186.9  0.006707483943012817  -1.7946082164365153e-05
186.95000000000002  0.006719681364491603  -1.6478363131048106e-05
187.0  0.006736876886991807  -1.5013898901106331e-05
187.05  0.006759022013158362  -1.3563180961205692e-05
187.10000000000002  0.006786049024579617  -1.213810174926936e-05
187.15  0.006817870663521082  -1.0751621097285554e-05
187.20000000000002  0.006854380150521871  -9.417303080128362e-06
187.25  0.006895451591819944  -8.148755001395742e-06
187.3  0.006940940761625088  -6.958994836639103e-06
187.35000000000002  0.006990686156227495  -5.859775944270699e-06
187.4  0.007044510169134819  -4.86091726613497e-06
187.45000000000002  0.0071022202404492155  -3.969715413283338e-06
187.5  0.007163609869671098  -3.190529988575641e-06
187.55  0.007228459456679032  -2.524607504720806e-06
187.60000000000002  0.007296537030113877  -1.97014759634211e-06
187.65  0.007367598994533682  -1.5225685258352657e-06
187.70000000000002  0.007441391067218321  -1.1749271817460418e-06
187.75  0.007517649583704206  -9.184631211456203e-07
187.8  0.007596103314305059  -7.432285420663713e-07
187.85000000000002  0.007676475832223839  -6.38735575489892e-07
187.9  0.007758488327362774  -5.945362084710723e-07
187.95000000000002  0.007841862635533298  -6.006674898827711e-07
188.0  0.007926324204596095  -6.479292395516684e-07
188.05  0.008011604752296819  -7.280024527492638e-07
188.10000000000002  0.00809744444964251  -8.334552343136959e-07
188.15  0.008183593552180797  -9.577077914033115e-07
188.20000000000002  0.008269813485499655  -1.095037933733705e-06
188.25  0.008355877446595463  -1.2406747103052942e-06
188.3  0.008441570563303469  -1.3909201209560967e-06
188.35000000000002  0.008526689696836256  -1.5432576764533984e-06
188.4  0.008611043116179096  -1.6965365156791317e-06
188.45000000000002  0.008694450093352348  -1.8512560684925885e-06
188.5  0.00877674034940288  -2.009916416378459e-06
188.55  0.008857753404905562  -2.177359625490692e-06
188.60000000000002  0.008937337952588836  -2.3609995033825975e-06
188.65  0.009015351348113834  -2.5708560827623686e-06
188.70000000000002  0.009091659261593433  -2.8193494989634018e-06
188.75  0.009166135467685878  -3.1208457813985076e-06
188.8  0.009238661696074695  -3.4909764169893515e-06
188.85000000000002  0.009309127435373054  -3.945771819484271e-06
188.9  0.009377429586768186  -4.5006648536716635e-06
188.95000000000002  0.009443471896327884  -5.169442193992303e-06
189.0  0.009507164150077076  -5.963238126242215e-06
189.05  0.009568421178774971  -6.88966610016479e-06
189.10000000000002  0.00962716176916639  -7.952170995485059e-06
189.15  0.009683307601607911  -9.149667258878274e-06
189.20000000000002  0.009736782329467869  -1.04765068846379e-05
189.25  0.00978751088853274  -1.1922791676633523e-05
189.3  0.009835419082705488  -1.3475000909240855e-05
189.35000000000002  0.00988043345176325  -1.5116857984216469e-05
189.4  0.009922481398307172  -1.6830329138362886e-05
189.45000000000002  0.009961491531434916  -1.8596642100614692e-05
189.5  0.009997394171420036  -2.039722863870254e-05
189.55  0.010030121949662355  -2.2214526153989343e-05
189.60000000000002  0.010059610429694384  -2.4032604469955765e-05
189.65  0.01008579867654865  -2.5837605441575418e-05
189.70000000000002  0.010108629724387799  -2.7617995223342827e-05
189.75  0.010128050927850438  -2.936463188931637e-05
189.8  0.010144014203667487  -3.1070653104014174e-05
189.85000000000002  0.010156476169406223  -3.273119752999924e-05
189.9  0.010165398193351924  -3.4342996065378125e-05
189.95000000000002  0.010170746391429265  -3.5903895758036144e-05
190.0  0.010172491620145642  -3.741238743931986e-05
190.05  0.010170609507582085  -3.8867194696142854e-05
190.10000000000002  0.010165080555941206  -4.026695849330581e-05
190.15  0.010155890357819993  -4.1610028224285135e-05
190.20000000000002  0.010143029973869415  -4.2894345232995525e-05
190.25  0.010126496485199765  -4.41173877924914e-05
190.3  0.010106293671856701  -4.5276157033011436e-05
190.35000000000002  0.010082432726939865  -4.6367211985684396e-05
190.4  0.010054932911674542  -4.738677812723739e-05
190.45000000000002  0.010023822071755036  -4.833094277174243e-05
190.5  0.009989136959561508  -4.9195925693564214e-05
190.55  0.009950923341685694  -4.99783951099805e-05
190.60000000000002  0.00990923591139759  -5.0675788253708405e-05
190.65  0.009864138058765874  -5.1286584931294654e-05
190.70000000000002  0.00981570156918361  -5.181048215199852e-05
190.75  0.009764006333242217  -5.2248438347571686e-05
190.8  0.00970914013736033  -5.260257007292613e-05
190.85000000000002  0.009651198540903062  -5.2875900759598825e-05
190.9  0.00959028481732713  -5.307197207568768e-05
190.95000000000002  0.009526509942637101  -5.319435971256883e-05
191.0  0.009459992616395036  -5.324619831198408e-05
191.05  0.009390859335682823  -5.32298444341002e-05
191.10000000000002  0.009319244642895973  -5.31468543537659e-05
191.15  0.009245291368697704  -5.299848248049655e-05
191.20000000000002  0.00916915046451726  -5.278574142791309e-05
191.25  0.009090981545472197  -5.2509209596581364e-05
191.3  0.009010953201436562  -5.2169802270697414e-05
191.35000000000002  0.008929243037597297  -5.176957103267705e-05
191.4  0.008846037713428189  -5.131217924275531e-05
191.45000000000002  0.00876153280335315  -5.0803036149797844e-05
191.5  0.008675932447501516  -5.0249107388321935e-05
191.55  0.008589448828441492  -4.965846026356469e-05
191.60000000000002  0.008502301511073266  -4.903963897629702e-05
191.65  0.008414716663268216  -4.840097234550655e-05
191.70000000000002  0.008326926168579373  -4.774989481369566e-05
191.75  0.008239166649134886  -4.709235050098841e-05
191.8  0.008151678409601536  -4.6432364225424986e-05
191.85000000000002  0.00806470429820849  -4.577184547761516e-05
191.9  0.007978488486298887  -4.511064994277052e-05
191.95000000000002  0.007893275195564372  -4.4446882684034996e-05
192.0  0.0078093074316523525  -4.3777380446028235e-05
192.05  0.007726825789257274  -4.3098276197761344e-05
192.10000000000002  0.007646067380069045  -4.240554256108772e-05
192.15  0.007567264915951639  -4.169542916246832e-05
192.20000000000002  0.0074906459641002  -4.096474073347764e-05
192.25  0.007416432370893647  -4.0210937949907104e-05
192.3  0.007344839828155196  -3.943207455323226e-05
192.35000000000002  0.007276077540851668  -3.862661345729834e-05
192.4  0.007210347954581109  -3.7793180481599374e-05
192.45000000000002  0.007147846510135109  -3.693031303871429e-05
192.5  0.007088761402354762  -3.603625311643164e-05
192.55  0.007033273327823563  -3.5108819145535e-05
192.60000000000002  0.0069815552042642665  -3.414537284010916e-05
192.65  0.006933771831730138  -3.314288139590031e-05
192.70000000000002  0.006890079457593555  -3.209806222863902e-05
192.75  0.006850625214999713  -3.100758877656893e-05
192.8  0.006815546419433747  -2.9868338009956463e-05
192.85000000000002  0.00678496972524136  -2.8677674027608196e-05
192.9  0.006759010166733766  -2.7433777401253095e-05
192.95000000000002  0.00673777013044719  -2.613602905872635e-05
193.0  0.006721338314720394  -2.478542568810276e-05
193.05  0.0067097887244010985  -2.3384955809497134e-05
193.10000000000002  0.006703179722998704  -2.1939841486918423e-05
193.15  0.006701553140336132  -2.0457573027557876e-05
193.20000000000002  0.006704933431121213  -1.8947724616765957e-05
193.25  0.006713326895601492  -1.7421600567737547e-05
193.3  0.006726720990881827  -1.5891793013146815e-05
193.35000000000002  0.0067450837667893  -1.4371728223819525e-05
193.4  0.006768363448301728  -1.2875254233186821e-05
193.45000000000002  0.00679648816274802  -1.1416291991728624e-05
193.5  0.0068293657957212124  -1.0008549624850376e-05
193.55  0.006866883979099059  -8.665283814134911e-06
193.60000000000002  0.0069089102596409276  -7.399073563235722e-06
193.65  0.006955292527890488  -6.221553552221037e-06
193.70000000000002  0.007005859788177916  -5.143067317887533e-06
193.75  0.007060423335388872  -4.172256902989791e-06
193.8  0.007118778355644019  -3.3156607635714706e-06
193.85000000000002  0.00718070588241555  -2.577403009629594e-06
193.9  0.007245974968709809  -1.959022408208494e-06
193.95000000000002  0.007314344904600859  -1.4594345672598194e-06
194.0  0.007385567297916564  -1.0749909707584925e-06
194.05  0.00745938785675005  -7.99615357583059e-07
194.10000000000002  0.00753554781387718  -6.250204447699563e-07
194.15  0.007613785094619897  -5.410021480729051e-07
194.20000000000002  0.00769383545272008  -5.35800860944192e-07
194.25  0.007775433804331818  -5.965302416059928e-07
194.3  0.007858315879008582  -7.096834009921442e-07
194.35000000000002  0.007942220137590475  -8.616925376660797e-07
194.4  0.008026889763746893  -1.0394745117300606e-06
194.45000000000002  0.00811207452295975  -1.230948320312021e-06
194.5  0.008197532351498074  -1.4255265410188894e-06
194.55  0.00828303060234262  -1.6145479773613038e-06
194.60000000000002  0.008368346936215526  -1.7916502028943166e-06
194.65  0.008453269881557562  -1.95309382526576e-06
194.70000000000002  0.008537599100609014  -2.0980403157496935e-06
194.75  0.00862114540229402  -2.2287739621201143e-06
194.8  0.008703730541312819  -2.3508388537385024e-06
194.85000000000002  0.008785186831146354  -2.473036770371885e-06
194.9  0.008865356583512524  -2.6072255092832888e-06
194.95000000000002  0.008944091398301452  -2.7678856845451974e-06
195.0  0.009021251376606653  -2.9714674224995936e-06
195.05  0.009096704377886244  -3.235559829069494e-06
195.10000000000002  0.009170325439023547  -3.5779401004244917e-06
195.15  0.00924199640059704  -4.015562543461745e-06
195.20000000000002  0.009311605683532351  -4.563552423559469e-06
195.25  0.00937904809206756  -5.23427853540348e-06
195.3  0.009444224518982447  -6.036581695028711e-06
195.35000000000002  0.009507041483273807  -6.975230790865118e-06
195.4  0.009567410505685756  -8.050667038153326e-06
195.45000000000002  0.009625247388813303  -9.259069847372044e-06
195.5  0.009680471493439903  -1.0592732897711164e-05
195.55  0.009733005093433465  -1.2040695227542795e-05
195.60000000000002  0.009782772863598445  -1.3589538781772006e-05
195.65  0.009829701521147411  -1.5224249492201525e-05
195.70000000000002  0.009873719615342523  -1.6929042909805937e-05
195.75  0.009914757451281103  -1.868807169916085e-05
195.8  0.009952747136023104  -2.0485961564845608e-05
195.85000000000002  0.009987622736557743  -2.230816195072717e-05
195.9  0.010019320531961275  -2.4141137969921076e-05
195.95000000000002  0.010047779330534707  -2.597245437825462e-05
196.0  0.010072940819605917  -2.7790809195035793e-05
196.05  0.010094749924335452  -2.9586068234327857e-05
196.10000000000002  0.01011315515824367  -3.134932758715559e-05
196.15  0.010128108941683315  -3.307299141695335e-05
196.20000000000002  0.010139567859415666  -3.475081787105444e-05
196.25  0.010147492845906315  -3.637787868621698e-05
196.3  0.010151849320650504  -3.795040298247427e-05
196.35000000000002  0.010152607321142867  -3.946551566625568e-05
196.4  0.010149741690841058  -4.092090934733728e-05
196.45000000000002  0.010143232380803318  -4.231449088508883e-05
196.5  0.010133064905255878  -4.3644035385487256e-05
196.55  0.010119230938405119  -4.4906892792004876e-05
196.60000000000002  0.010101728983385096  -4.609981960827862e-05
196.65  0.01008056502832929  -4.7219009380703865e-05
196.70000000000002  0.010055753117019464  -4.826034958960626e-05
196.75  0.010027315780587383  -4.921986638962578e-05
196.8  0.009995284305166247  -5.009426336325481e-05
196.85000000000002  0.009959698837635457  -5.0881424849924124e-05
196.9  0.00992060835496812  -5.158075025112953e-05
196.95000000000002  0.009878070538969528  -5.219322365397481e-05
197.0  0.009832151605766793  -5.2721186754100356e-05
197.05  0.00978292614915353  -5.316785006478064e-05
197.10000000000002  0.00973047705497532  -5.3536638033272676e-05
197.15  0.009674895505645384  -5.383048176760308e-05
197.20000000000002  0.009616281027905392  -5.405116269573443e-05
197.25  0.009554741505916875  -5.419881898607018e-05
197.3  0.009490393145490796  -5.427172071892174e-05
197.35000000000002  0.009423360451262684  -5.426655905284192e-05
197.4  0.00935377602955777  -5.417961088218459e-05
197.45000000000002  0.009281780430037433  -5.4007539898898436e-05
197.5  0.009207522398254061  -5.374807759323362e-05
197.55  0.00913115890489304  -5.340136003178172e-05
197.60000000000002  0.00905285510182332  -5.2971071232982164e-05
197.65  0.008972784208473295  -5.2464927200890425e-05
197.70000000000002  0.0088911272371722  -5.189434158908618e-05
197.75  0.008808072582612753  -5.127336137409049e-05
197.8  0.00872381557350469  -5.0617181188541215e-05
197.85000000000002  0.008638558066045915  -4.99406074264098e-05
197.9  0.00855250809639168  -4.9256752144874165e-05
197.95000000000002  0.008465879564330803  -4.857609988536026e-05
198.0  0.008378891903131866  -4.7905985715123975e-05
198.05  0.00829176968594858  -4.7250467557291186e-05
198.10000000000002  0.008204742131722838  -4.6610540666632304e-05
198.15  0.008118042477782856  -4.59845973297115e-05
198.20000000000002  0.008031907178343949  -4.5369023781286075e-05
198.25  0.007946574910548666  -4.475884009801812e-05
198.3  0.007862285413348255  -4.4148293863218086e-05
198.35000000000002  0.0077792782151493226  -4.3531328918450934e-05
198.4  0.00769779132443614  -4.2901880088713e-05
198.45000000000002  0.007618059974458803  -4.2253992322841794e-05
198.5  0.007540315521459576  -4.1581812979288036e-05
198.55  0.007464784575479827  -4.087954167702282e-05
198.60000000000002  0.007391688393076228  -4.014142507006375e-05
198.65  0.007321242506526113  -3.936185050833486e-05
198.70000000000002  0.007253656516736823  -3.85355476475584e-05
198.75  0.007189133945989266  -3.76578717911383e-05
198.8  0.007127872043898826  -3.672511640560152e-05
198.85000000000002  0.007070061467453353  -3.573478347773152e-05
198.9  0.007015885800519784  -3.4685742282499326e-05
198.95000000000002  0.006965520917792871  -3.357822415195764e-05
199.0  0.006919134230483431  -3.2413626851905205e-05
199.05  0.006876883871664092  -3.119415626005398e-05
199.10000000000002  0.006838917870484576  -2.992238756449344e-05
199.15  0.006805373338859175  -2.8600853843298386e-05
199.20000000000002  0.006776375663931269  -2.7231766792876323e-05
199.25  0.0067520376681083  -2.581694592216234e-05
199.3  0.006732458670160603  -2.4357992042538406e-05
199.35000000000002  0.006717723371031066  -2.2856697688999923e-05
199.4  0.006707900518896133  -2.131563981965454e-05
199.45000000000002  0.006703041388419552  -1.973885419136109e-05
199.5  0.006703178216317119  -1.8132465758939038e-05
199.55  0.006708322813632379  -1.650515184467091e-05
199.60000000000002  0.006718465583259463  -1.486833873893523e-05
199.65  0.006733575106137646  -1.3236082822323618e-05
199.70000000000002  0.006753598340902689  -1.1624652894357824e-05
199.75  0.006778461362560549  -1.0051882610312143e-05
199.8  0.006808070494007547  -8.536393156952909e-06
199.85000000000002  0.006842313660559214  -7.096789750614634e-06
199.9  0.006881061816223023  -5.750898505806484e-06
199.95000000000002  0.00692417033665375  -4.515052246500988e-06
200.0  0.00697148029870699  -3.403393109061844e-06
200.05  0.007022819572186626  -2.4271931891406854e-06
200.10000000000002  0.007078003689728843  -1.594278427602214e-06
200.15  0.007136836532494598  -9.086641320817795e-07
200.20000000000002  0.007199110932013588  -3.704518179967241e-07
200.25  0.0072646093129919345  2.4032626062521706e-08
200.3  0.007333104474022767  2.819095474254636e-07
200.35000000000002  0.007404360547868059  4.1327070582573754e-07
200.4  0.007478134148378124  4.3059914014649986e-07
200.45000000000002  0.007554175706809426  3.481340772992482e-07
200.5  0.007632230999784192  1.8124493926823302e-07
200.55  0.0077120428565658344  -5.4121943768135764e-08
200.60000000000002  0.007793353003304474  -3.418841639603849e-07
200.65  0.007875903962939329  -6.661605556767758e-07
200.70000000000002  0.007959440904190946  -1.0115596116131942e-06
200.75  0.008043713349742163  -1.3634662404924896e-06
200.8  0.008128476671113563  -1.7083372790981758e-06
200.85000000000002  0.008213493247340962  -2.0340540807790137e-06
200.9  0.008298533222467566  -2.330384340041414e-06
200.95000000000002  0.008383374989324503  -2.5895298896187134e-06
201.0  0.00846780556694506  -2.8067312629277474e-06
201.05  0.008551620982497884  -2.9808815741834605e-06
201.10000000000002  0.008634626721210533  -3.1150555385481933e-06
201.15  0.008716638252316167  -3.216836780821911e-06
201.20000000000002  0.008797481569659583  -3.2983370607663298e-06
201.25  0.008876993628960266  -3.375838639357443e-06
201.3  0.008955022545258474  -3.4690458362866876e-06
201.35000000000002  0.009031427433736569  -3.599990850298929e-06
201.4  0.009106077836404283  -3.7916906501283876e-06
201.45000000000002  0.009178852783954495  -4.06668727119396e-06
201.5  0.009249639662411494  -4.445618381423557e-06
201.55  0.009318333107428897  -4.945956932056525e-06
201.60000000000002  0.009384834075688894  -5.58102524994083e-06
201.65  0.009449049083339784  -6.359342486428223e-06
201.70000000000002  0.009510889481295515  -7.2843270385544e-06
201.75  0.009570270649095068  -8.35435102406039e-06
201.8  0.009627111110357755  -9.563125367710313e-06
201.85000000000002  0.009681331689489984  -1.0900369956055415e-05
201.9  0.009732854856111028  -1.2352689204408597e-05
201.95000000000002  0.009781604348926047  -1.3904550619157709e-05
202.0  0.009827505093570514  -1.5539256600784262e-05
202.05  0.009870483373513962  -1.723980746219011e-05
202.10000000000002  0.009910467183858938  -1.898958070010518e-05
202.15  0.00994738668920317  -2.077279212186059e-05
202.20000000000002  0.00998117471499375  -2.2574749467642923e-05
202.25  0.010011767217222828  -2.4381948206823876e-05
202.3  0.01003910369114412  -2.618208362269399e-05
202.35000000000002  0.010063127498399509  -2.7964050491496853e-05
202.4  0.0100837861127968  -2.971797393739213e-05
202.45000000000002  0.010101031296255447  -3.143528131694753e-05
202.5  0.01011481920966218  -3.310879260765202e-05
202.55  0.01012511045925409  -3.4732783442207964e-05
202.60000000000002  0.010131870100160605  -3.630297255068798e-05
202.65  0.010135067650435009  -3.781640484859404e-05
202.70000000000002  0.010134677180602987  -3.927123238514188e-05
202.75  0.010130677533417402  -4.066642218593579e-05
202.8  0.010123052708198644  -4.200143121356219e-05
202.85000000000002  0.010111792408155329  -4.327588481729445e-05
202.9  0.010096892696187448  -4.44892926906747e-05
202.95000000000002  0.0100783566620193  -4.564084568719552e-05
203.0  0.010056194997281645  -4.6729337939280386e-05
203.05  0.01003042640711611  -4.7753224852386495e-05
203.10000000000002  0.010001077838104961  -4.87107687437278e-05
203.15  0.00996818453907556  -4.960018701876478e-05
203.20000000000002  0.009931789984122386  -5.041972699532874e-05
203.25  0.009891945695093503  -5.116763090399996e-05
203.3  0.009848711013026567  -5.184200280319314e-05
203.35000000000002  0.00980215287705561  -5.244062833241791e-05
203.4  0.009752345671855619  -5.2960821117951595e-05
203.45000000000002  0.009699371200106058  -5.339937419597392e-05
203.5  0.00964331882302267  -5.3752674659915346e-05
203.55  0.009584285757150828  -5.401699426023199e-05
203.60000000000002  0.009522377424076108  -5.418891594425913e-05
203.65  0.00945770772017515  -5.426584192703366e-05
203.70000000000002  0.00939039918722685  -5.4246548579956616e-05
203.75  0.009320583257630449  -5.4131867544460905e-05
203.8  0.009248399985851415  -5.392529242095258e-05
203.85000000000002  0.009173997621363821  -5.363251595428528e-05
203.9  0.009097532788639864  -5.326100013942117e-05
203.95000000000002  0.009019170060622665  -5.281981674940871e-05
204.0  0.00893908166912455  -5.231913232004667e-05
204.05  0.008857447323944823  -5.1769467028039985e-05
204.10000000000002  0.008774454069186633  -5.1180929672508106e-05
204.15  0.008690296197129624  -5.056258223027536e-05
204.20000000000002  0.008605175227214105  -4.992202388499855e-05
204.25  0.008519299922620068  -4.926521838869856e-05
204.3  0.00843288628052448  -4.859653565303078e-05
204.35000000000002  0.008346157405886557  -4.791894004121518e-05
204.4  0.00825934316108219  -4.723424051878398e-05
204.45000000000002  0.008172679480596771  -4.654332293010977e-05
204.5  0.008086407269604978  -4.584630652433332e-05
204.55  0.008000770884056055  -4.514260312528167e-05
204.60000000000002  0.007916016292693203  -4.443088970823793e-05
204.65  0.007832389101025272  -4.370902982909915e-05
204.70000000000002  0.007750132647283113  -4.2973999638228e-05
204.75  0.007669486362647191  -4.2221884529967915e-05
204.8  0.007590684536074602  -4.144800757026684e-05
204.85000000000002  0.007513955543604857  -4.064722168589891e-05
204.9  0.0074395215080616806  -3.981434108505229e-05
204.95000000000002  0.0073675982780741466  -3.894462475958614e-05
205.0  0.007298395579660448  -3.8034196514111314e-05
205.05  0.007232117199291337  -3.7080312564707234e-05
205.10000000000002  0.007168961082868115  -3.60814430342229e-05
205.15  0.007109119262454177  -3.5037181982983604e-05
205.20000000000002  0.007052777551974908  -3.3948037372034504e-05
205.25  0.0070001149712200115  -3.2815178427766245e-05
205.3  0.006951302870077324  -3.164020904476113e-05
205.35000000000002  0.006906503766582188  -3.042500864969168e-05
205.4  0.006865869975513197  -2.9171660907251184e-05
205.45000000000002  0.006829542161318768  -2.788246549557065e-05
205.5  0.0067976479805642274  -2.6560004767317566e-05
205.55  0.006770300970976391  -2.5207232739522825e-05
205.60000000000002  0.006747599793593841  -2.3827563723663545e-05
205.65  0.006729627852025312  -2.2424948130494852e-05
205.70000000000002  0.006716453219127497  -2.100393471421159e-05
205.75  0.0067081287272997645  -1.9569727205418338e-05
205.8  0.006704692050262334  -1.8128240845479553e-05
205.85000000000002  0.006706165633293816  -1.6686153038552008e-05
205.9  0.006712556397398111  -1.5250937808931423e-05
205.95000000000002  0.006723855216977762  -1.3830877557979014e-05
206.0  0.0067400362344260615  -1.2435043345078285e-05
206.05  0.006761056125149469  -1.107322583719747e-05
206.10000000000002  0.00678685345364809  -9.755793471507446e-06
206.15  0.006817348255241619  -8.493458392426854e-06
206.20000000000002  0.0068524419478176515  -7.296949725130212e-06
206.25  0.006892017628490085  -6.176615898319688e-06
206.3  0.006935940732062067  -5.141976370952718e-06
206.35000000000002  0.006984059945114732  -4.2012350025225815e-06
206.4  0.007036208222963263  -3.360793872726839e-06
206.45000000000002  0.007092203749782978  -2.624844533387424e-06
206.5  0.007151850699627343  -1.9951192191639637e-06
206.55  0.007214939719877018  -1.4708526009676078e-06
206.60000000000002  0.007281248192165751  -1.048946481430151e-06
206.65  0.0073505404961085735  -7.242673598152784e-07
206.70000000000002  0.0074225686405817  -4.89978037928262e-07
206.75  0.007497073642608545  -3.378400976210806e-07
206.8  0.007573787847408802  -2.584949717600001e-07
206.85000000000002  0.00765243805737177  -2.4177117499372275e-07
206.9  0.0077327490676131665  -2.7705297496376864e-07
206.95000000000002  0.007814447138392433  -3.537016132720936e-07
207.0  0.007897263039901735  -4.614802670721793e-07
207.05  0.007980934467657097  -5.909355609082302e-07
207.10000000000002  0.00806520777958959  -7.337342154308319e-07
207.15  0.008149839110359155  -8.829490300164136e-07
207.20000000000002  0.00823459493598026  -1.0331395001550477e-06
207.25  0.00831925224389866  -1.180224589053293e-06
207.3  0.008403598549918099  -1.3214425182719815e-06
207.35000000000002  0.008487431783623954  -1.4554466825348922e-06
207.4  0.008570560010139533  -1.5825044580177567e-06
207.45000000000002  0.008652801082166454  -1.7047845493043702e-06
207.5  0.008733982330093818  -1.8266660084818704e-06
207.55  0.00881394034863189  -1.954985552661659e-06
207.60000000000002  0.00889252089770087  -2.0991436313957392e-06
207.65  0.008969578899068166  -2.2710016810004985e-06
207.70000000000002  0.009044978468381586  -2.484533010153001e-06
207.75  0.009118592892463862  -2.7552355370771977e-06
207.8  0.009190304458400373  -3.099352420963396e-06
207.85000000000002  0.009260004056083376  -3.532964206272299e-06
207.9  0.009327590508770708  -4.0710241265797374e-06
207.95000000000002  0.009392969643058604  -4.726413214660204e-06
208.0  0.009456053168961755  -5.5090936391678385e-06
208.05  0.009516757472941357  -6.425437443181064e-06
208.10000000000002  0.009575002436994608  -7.477792480308687e-06
208.15  0.009630710397506756  -8.664314554825448e-06
208.20000000000002  0.009683805345587347  -9.979071844329504e-06
208.25  0.009734212434354676  -1.141241317297258e-05
208.3  0.009781857799517547  -1.295156658574125e-05
208.35000000000002  0.009826668642447587  -1.4581411779049011e-05
208.4  0.009868573493886467  -1.628535050100565e-05
208.45000000000002  0.00990750257373935  -1.8046183438747932e-05
208.5  0.009943388176891697  -1.984691028813784e-05
208.55  0.009976165033875372  -2.167139803789764e-05
208.60000000000002  0.010005770610349268  -2.3504887176079126e-05
208.65  0.01003214532883863  -2.533432458549271e-05
208.70000000000002  0.01005523272824585  -2.7148524643147175e-05
208.75  0.010074979604462997  -2.8938171149928634e-05
208.8  0.010091336173394527  -3.0695682752897475e-05
208.85000000000002  0.010104256274091146  -3.2414965969509776e-05
208.9  0.01011369761351643  -3.4091084040261095e-05
208.95000000000002  0.010119622055686594  -3.571988282169171e-05
209.0  0.01012199595914241  -3.7297624591543435e-05
209.05  0.01012079055712566  -3.882067866646608e-05
209.10000000000002  0.010115982372058158  -4.02853007317974e-05
209.15  0.01010755367245254  -4.1687502475033325e-05
209.20000000000002  0.010095492977510782  -4.30229840177416e-05
209.25  0.010079795572463548  -4.428710524769755e-05
209.3  0.010060463976274909  -4.547491315071753e-05
209.35000000000002  0.010037508329675739  -4.658126275658005e-05
209.4  0.010010946708193792  -4.76010425870257e-05
209.45000000000002  0.009980805375803165  -4.8529486356141364e-05
209.5  0.009947118978863842  -4.936253490496823e-05
209.55  0.0099099306619627  -5.0097195131903106e-05
209.60000000000002  0.00986929209020869  -5.073183674932923e-05
209.65  0.009825263399101933  -5.126638220333928e-05
209.70000000000002  0.009777913134679152  -5.170236109869516e-05
209.75  0.009727318237469657  -5.2042787160726325e-05
209.8  0.009673564064666976  -5.229182238783481e-05
209.85000000000002  0.009616744420112459  -5.245426578461453e-05
209.9  0.009556961619661044  -5.2534986502876094e-05
209.95000000000002  0.009494326614407599  -5.2538612154608204e-05
210.0  0.009428958844243256  -5.2469535120163555e-05
210.05  0.009360986395448141  -5.233140982703799e-05
210.10000000000002  0.009290546343684591  -5.2126931737701785e-05
210.15  0.009217784560329388  -5.185829735526637e-05
210.20000000000002  0.009142855555846957  -5.152788563395073e-05
210.25  0.009065922335027591  -5.113883140346418e-05
210.3  0.00898715619049241  -5.0695389477617165e-05
210.35000000000002  0.008906736445500486  -5.020305344960441e-05
210.4  0.008824850174617664  -4.966842226862505e-05
210.45000000000002  0.008741691914905763  -4.909883969786824e-05
210.5  0.008657463358997444  -4.850186936468177e-05
210.55  0.008572373012380218  -4.788469817532672e-05
210.60000000000002  0.008486635795267924  -4.7253568134253736e-05
210.65  0.008400472552590299  -4.661333566246558e-05
210.70000000000002  0.008314109432052103  -4.596723099077184e-05
210.75  0.008227777115110909  -4.531680920024428e-05
210.8  0.00814170988614885  -4.4662050176675044e-05
210.85000000000002  0.008056144532596182  -4.4001577458048265e-05
210.9  0.007971319106965564  -4.333296259042898e-05
210.95000000000002  0.00788747162082418  -4.265308030089825e-05
211.0  0.007804838752458559  -4.1958475418587385e-05
211.05  0.007723654636949438  -4.1245690741083074e-05
211.10000000000002  0.007644149791115135  -4.051150409836914e-05
211.15  0.007566550213572396  -3.975304641024694e-05
211.20000000000002  0.007491076682177595  -3.896780746863101e-05
211.25  0.0074179442477925895  -3.8153562155998074e-05
211.3  0.007347361906765867  -3.730825498128384e-05
211.35000000000002  0.007279532420601095  -3.642986404153051e-05
211.4  0.007214652244812869  -3.551625982124173e-05
211.45000000000002  0.00715291152806371  -3.456509500010332e-05
211.5  0.007094494125429664  -3.3573767595744886e-05
211.55  0.007039577552575215  -3.253947791931655e-05
211.60000000000002  0.006988332808236057  -3.145937379593656e-05
211.65  0.006940924006419952  -3.033076122617395e-05
211.70000000000002  0.006897507784192483  -2.9151348324332857e-05
211.75  0.006858232479184243  -2.791949149718231e-05
211.8  0.006823237099974956  -2.663442503649647e-05
211.85000000000002  0.006792650140958211  -2.5296468512846645e-05
211.9  0.006766588315134065  -2.3907212583926767e-05
211.95000000000002  0.006745155291864549  -2.2469682339235777e-05
212.0  0.006728440526670177  -2.098846906497307e-05
212.05  0.0067165182478321935  -1.9469813346358487e-05
212.10000000000002  0.006709446626262321  -1.792161656042885e-05
212.15  0.006707267111290226  -1.6353353903250188e-05
212.20000000000002  0.00671000388347341  -1.477587257981449e-05
212.25  0.006717663366768425  -1.3201092561378864e-05
212.3  0.006730233743738423  -1.1641655748118572e-05
212.35000000000002  0.00674768442928769  -1.0110575022658671e-05
212.4  0.006769965490909609  -8.620928737028943e-06
212.45000000000002  0.006797007049940492  -7.185629741007695e-06
212.5  0.006828718760151366  -5.817265904685554e-06
212.55  0.006864989536653202  -4.527970818928141e-06
212.60000000000002  0.006905687738476119  -3.329262227662202e-06
212.65  0.0069506619392837145  -2.23179532966095e-06
212.70000000000002  0.0069997422808174056  -1.2450215202358115e-06
212.75  0.007052742288106994  -3.7680636470418353e-07
212.8  0.007109460972005542  3.6690643592297663e-07
212.85000000000002  0.007169685026152761  9.82326095527817e-07
212.9  0.00723319095087285  1.4679435842054246e-06
212.95000000000002  0.007299746997686083  1.824602305471138e-06
213.0  0.007369114887307292  2.055547338962683e-06
213.05  0.007441051296666156  2.166457174049129e-06
213.10000000000002  0.007515309145479027  2.1654389504149772e-06
213.15  0.007591638744965096  2.062963499600892e-06
213.20000000000002  0.007669788881437029  1.871720687675461e-06
213.25  0.0077495078871620444  1.6063791621190852e-06
213.3  0.007830544730428646  1.2832254799504197e-06
213.35000000000002  0.007912650152258303  9.196362987153801e-07
213.4  0.007995577854908724  5.333814760324744e-07
213.45000000000002  0.00807908569440211  1.4186121955089191e-07
213.5  0.00816293681263102  -2.3867134637123587e-07
213.55  0.008246900702125866  -5.939536494855511e-07
213.60000000000002  0.008330754226135873  -9.125826881608789e-07
213.65  0.008414282595898711  -1.1868197862817916e-06
213.70000000000002  0.00849728028383755  -1.4132731169863783e-06
213.75  0.00857955183687946  -1.5933970188629045e-06
213.8  0.00866091254890006  -1.7337346831646045e-06
213.85000000000002  0.008741188954563547  -1.8458389157768597e-06
213.9  0.008820219111542005  -1.9458335712400237e-06
213.95000000000002  0.008897852650068604  -2.05361632220182e-06
214.0  0.00897395059118342  -2.1917436236426906e-06
214.05  0.009048384954907514  -2.3840895436057214e-06
214.10000000000002  0.009121038178106753  -2.654413335342487e-06
214.15  0.009191802308403071  -3.0249684327991397e-06
214.20000000000002  0.009260577842601326  -3.515254658879131e-06
214.25  0.009327271990483058  -4.140979391089222e-06
214.3  0.009391796199797197  -4.913257670720547e-06
214.35000000000002  0.009454063181206031  -5.838071178158274e-06
214.4  0.00951398436904289  -6.916042101514982e-06
214.45000000000002  0.009571469042544155  -8.142596519443746e-06
214.5  0.00962642551478084  -9.508503491568802e-06
214.55  0.009678763492333195  -1.1000660980737205e-05
214.60000000000002  0.009728396264654424  -1.2602998177816599e-05
214.65  0.009775241980003166  -1.4297434216256618e-05
214.70000000000002  0.009819224006389347  -1.606487032681199e-05
214.75  0.009860270696855949  -1.788617083101968e-05
214.8  0.00989831487195357  -1.974304784166617e-05
214.85000000000002  0.009933293224067757  -2.1618753431952104e-05
214.9  0.009965145752083796  -2.3498510816261493e-05
214.95000000000002  0.009993815282135584  -2.5369660981780472e-05
215.0  0.010019247109903068  -2.722155139265367e-05
215.05  0.010041388783543997  -2.9045238953918732e-05
215.10000000000002  0.010060190027149994  -3.083309747798629e-05
215.15  0.01007560279356409  -3.257841238113168e-05
215.20000000000002  0.010087581432349644  -3.42750261674274e-05
215.25  0.010096082966887151  -3.591707919015387e-05
215.3  0.010101067492520453  -3.7498876222799835e-05
215.35000000000002  0.010102498721157739  -3.9014893567827285e-05
215.4  0.010100344697996975  -4.045991165491318e-05
215.45000000000002  0.010094578705000521  -4.1829213020222e-05
215.5  0.010085180327740903  -4.311875069400423e-05
215.55  0.010072136586815229  -4.4325203308479996e-05
215.60000000000002  0.010055442976346148  -4.544589832503017e-05
215.65  0.010035104265073973  -4.647866515990533e-05
215.70000000000002  0.010011134976872473  -4.742171992849975e-05
215.75  0.009983559531859823  -4.827366150450176e-05
215.8  0.009952412079652681  -4.9033600019942806e-05
215.85000000000002  0.009917736087550328  -4.9701377448877076e-05
215.9  0.009879583764328341  -5.027779735093455e-05
215.95000000000002  0.009838015419279422  -5.0764766878362534e-05
216.0  0.009793098881359182  -5.116527900264814e-05
216.05  0.009744909124587597  -5.148321489127687e-05
216.10000000000002  0.00969352820838038  -5.172299000380302e-05
216.15  0.009639045502376943  -5.18890857135258e-05
216.20000000000002  0.009581558055595464  -5.198553137158386e-05
216.25  0.009521171055825093  -5.201541927143957e-05
216.3  0.009457998244020546  -5.1980937821501216e-05
216.35000000000002  0.009392161711491796  -5.188394268307684e-05
216.4  0.009323792195996088  -5.172562196680172e-05
216.45000000000002  0.009253029458614967  -5.150674427689541e-05
216.5  0.009180022197550586  -5.122840066413716e-05
216.55  0.009104927851674754  -5.089261292166323e-05
216.60000000000002  0.00902791228491641  -5.050269780185338e-05
216.65  0.008949149331748202  -5.006333898109914e-05
216.70000000000002  0.008868820236980223  -4.958034205825963e-05
216.75  0.00878711307007327  -4.906010869956515e-05
216.8  0.00870422219915518  -4.850894463641778e-05
216.85000000000002  0.008620347871738262  -4.793237060375636e-05
216.9  0.008535695900483621  -4.7334614328949674e-05
216.95000000000002  0.008450477414059299  -4.671841087072632e-05
217.0  0.0083649086009488  -4.608513508760302e-05
217.05  0.008279210338975657  -4.543517670355016e-05
217.10000000000002  0.008193607645022027  -4.4768409586604124e-05
217.15  0.008108328923312046  -4.408461166241286e-05
217.20000000000002  0.008023605011041088  -4.338373002421041e-05
217.25  0.007939668061759863  -4.266593560104401e-05
217.3  0.007856750348003504  -4.1931459584522784e-05
217.35000000000002  0.007775083077580033  -4.118024482389384e-05
217.4  0.007694895306510971  -4.041148880389045e-05
217.45000000000002  0.007616413017900963  -3.962320195138726e-05
217.5  0.007539858420440779  -3.8811926621226674e-05
217.55  0.007465449487172421  -3.797274063670122e-05
217.60000000000002  0.007393399707811324  -3.709960147415269e-05
217.65  0.007323917985975141  -3.618598899197922e-05
217.70000000000002  0.007257208589147386  -3.522571987118255e-05
217.75  0.00719347105186224  -3.4213768957855465e-05
217.8  0.007132899941758303  -3.3146936728389386e-05
217.85000000000002  0.007075684430601949  -3.202423808790287e-05
217.9  0.0070220076602126105  -3.084694776881507e-05
217.95000000000002  0.006972045930867936  -2.961830747220132e-05
218.0  0.006925967751913713  -2.8342968917815203e-05
218.05  0.006883932789293045  -2.702630162807909e-05
218.10000000000002  0.0068460907384405535  -2.5673715636705487e-05
218.15  0.006812580150325457  -2.4290133057662984e-05
218.20000000000002  0.006783527234133795  -2.2879702327803193e-05
218.25  0.006759044647163263  -2.1445798977522295e-05
218.3  0.006739230272923159  -1.9991305543773407e-05
218.35000000000002  0.006724165991615736  -1.851911107350242e-05
218.4  0.006713916475799149  -1.703271887561541e-05
218.45000000000002  0.006708528097450531  -1.553682030696925e-05
218.5  0.006708028078565954  -1.4037701317318067e-05
218.55  0.006712424027073665  -1.2543393590981925e-05
218.60000000000002  0.006721703950516966  -1.1063546444650504e-05
218.65  0.00673583673744239  -9.609058825455551e-06
218.70000000000002  0.006754772989289428  -8.191559026574189e-06
218.75  0.006778446024780819  -6.822842419808377e-06
218.8  0.006806772879036053  -5.514369234722502e-06
218.85000000000002  0.006839655155253287  -4.276895997986171e-06
218.9  0.006876979626082212  -3.12027842695244e-06
218.95000000000002  0.006918618520830292  -2.0534259169369905e-06
219.0  0.006964429474718917  -1.084321890095201e-06
219.05  0.007014255166613924  -2.200188413445252e-07
219.10000000000002  0.007067922773715848  5.334449388226494e-07
219.15  0.007125243526891034  1.1712401148330285e-06
219.20000000000002  0.007186012777544654  1.690062568867221e-06
219.25  0.007250010948282576  2.0885230939431723e-06
219.3  0.007317005472969452  2.3675028280213464e-06
219.35000000000002  0.007386753491215864  2.530369461566187e-06
219.4  0.007459004876505867  2.5830214633279806e-06
219.45000000000002  0.007533505201124008  2.533797185110768e-06
219.5  0.007609998376356136  2.393298924691019e-06
219.55  0.007688228849128487  2.1741606797055535e-06
219.60000000000002  0.007767943340309911  1.8907629576443523e-06
219.65  0.007848892167639381  1.5588717169775132e-06
219.70000000000002  0.007930830216667836  1.1951660833087722e-06
219.75  0.008013517627256462  8.166222463624212e-07
219.8  0.008096720274563651  4.3975440981773123e-07
219.85000000000002  0.008180210138684125  7.979904528517597e-08
219.9  0.008263765606052041  -2.5008801522524786e-07
219.95000000000002  0.008347171697219963  -5.39665486071302e-07
220.0  0.008430220319492292  -7.824415965330362e-07
220.05  0.008512710676364454  -9.763899675062362e-07
220.10000000000002  0.008594449870715969  -1.1244389564733543e-06
220.15  0.008675253664845922  -1.2346492647282662e-06
220.20000000000002  0.008754947313775647  -1.3200216504936479e-06
220.25  0.008833366348233732  -1.3979152637621261e-06
220.3  0.008910357162067048  -1.4891007976770005e-06
220.35000000000002  0.008985777265494911  -1.6165206606175993e-06
220.4  0.00905949509275479  -1.803870291742558e-06
220.45000000000002  0.009131389299998717  -2.0741357929419485e-06
220.5  0.009201347584963568  -2.448223979341219e-06
220.55  0.009269265214579348  -2.943809135135401e-06
220.60000000000002  0.009335043584106206  -3.5744902226826007e-06
220.65  0.009398589118020433  -4.349294010154366e-06
220.70000000000002  0.009459812623877357  -5.272500926856174e-06
220.75  0.009518628957162498  -6.343744553894308e-06
220.8  0.009574956738256722  -7.558339886039091e-06
220.85000000000002  0.00962871794451723  -8.907800824761811e-06
220.9  0.00967983737057055  -1.0380494737179852e-05
220.95000000000002  0.009728242066086903  -1.1962371376589286e-05
221.0  0.009773860876291271  -1.3637704840527095e-05
221.05  0.009816624170498126  -1.53897928993556e-05
221.10000000000002  0.009856463790319146  -1.7201571506084756e-05
221.15  0.009893313197262246  -1.9056121639573673e-05
221.20000000000002  0.009927107761525153  -2.093706989514476e-05
221.25  0.009957785117981344  -2.2828908770341242e-05
221.3  0.009985285517062025  -2.4717265659202818e-05
221.35000000000002  0.010009552121091676  -2.6589134353353657e-05
221.4  0.010030531235701027  -2.8433065869823095e-05
221.45000000000002  0.01004817249526041  -3.0239302389784033e-05
221.5  0.01006242902718817  -3.1999827397609976e-05
221.55  0.010073257613155466  -3.370830322499475e-05
221.60000000000002  0.010080618866493835  -3.5359878814176336e-05
221.65  0.010084477459392963  -3.695087400950701e-05
221.70000000000002  0.010084802444732727  -3.8478377699299164e-05
221.75  0.0100815677066658  -3.993982320786399e-05
221.8  0.010074752545316715  -4.1332613293358565e-05
221.85000000000002  0.01006434236646463  -4.265384342219783e-05
221.9  0.01005032940613282  -4.390014504736093e-05
221.95000000000002  0.010032713390659129  -4.506766070483505e-05
222.0  0.010011502038111249  -4.6152162773602486e-05
222.05  0.009986711349386045  -4.7149317214412946e-05
222.10000000000002  0.009958365700969833  -4.805505695151874e-05
222.15  0.009926497794630703  -4.886598678509458e-05
222.20000000000002  0.009891148524462373  -4.957972858993303e-05
222.25  0.009852366818549778  -5.019513411003687e-05
222.3  0.009810209515570795  -5.0712329203231907e-05
222.35000000000002  0.009764741338533264  -5.113260012124005e-05
222.4  0.009716035016141248  -5.145816657684639e-05
222.45000000000002  0.009664171533212971  -5.169187815528644e-05
222.5  0.009609240383176544  -5.183686764977484e-05
222.55  0.009551339701172678  -5.189624563027495e-05
222.60000000000002  0.009490576322149162  -5.187298584878925e-05
222.65  0.009427065560167498  -5.1770242935726996e-05
222.70000000000002  0.009360930933043273  -5.159139282919207e-05
222.75  0.009292304165659706  -5.133974581735199e-05
222.8  0.009221324714160893  -5.101899049541798e-05
222.85000000000002  0.009148139623749073  -5.0633655306067833e-05
222.9  0.00907290357781824  -5.0189254846268766e-05
222.95000000000002  0.008995779017234085  -4.9692154343914885e-05
223.0  0.008916936317805569  -4.9149219599119494e-05
223.05  0.00883655399611058  -4.856734146102055e-05
223.10000000000002  0.008754818883776785  -4.795295023576653e-05
223.15  0.008671926188291464  -4.7311634234236454e-05
223.20000000000002  0.00858807936600466  -4.664793075054757e-05
223.25  0.00850348976902468  -4.596530429111189e-05
223.3  0.008418376045766802  -4.5266298667911146e-05
223.35000000000002  0.00833296326482316  -4.4552799301278556e-05
223.4  0.008247481768509748  -4.3826309344904303e-05
223.45000000000002  0.00816216581192182  -4.3088157937136125e-05
223.5  0.008077252069766415  -4.233957956405319e-05
223.55  0.007992978109720286  -4.15816282289345e-05
223.60000000000002  0.007909580936399714  -4.081493358754969e-05
223.65  0.00782729569563733  -4.0039356005181105e-05
223.70000000000002  0.007746354600287323  -3.925363632301929e-05
223.75  0.0076669861060599444  -3.84551530743341e-05
223.8  0.007589414338615285  -3.7639883284531464e-05
223.85000000000002  0.007513858746982656  -3.6802622699761774e-05
223.9  0.007440533933512525  -3.593746064385899e-05
223.95000000000002  0.007369649595009579  -3.503843434780888e-05
224.0  0.00730141050171758  -3.4100243262358366e-05
224.05  0.007236016438817892  -3.311890766373692e-05
224.10000000000002  0.007173662044824024  -3.2092272170880794e-05
224.15  0.0071145364825474615  -3.1020256791562486e-05
224.20000000000002  0.007058822885428745  -2.9904786216285012e-05
224.25  0.007006697568598933  -2.8749398405367906e-05
224.3  0.00695832904152998  -2.7558611795988324e-05
224.35000000000002  0.006913876891677528  -2.6337178316889587e-05
224.4  0.006873490627192439  -2.5089358130912926e-05
224.45000000000002  0.006837308570584339  -2.381834091781924e-05
224.5  0.006805456900370292  -2.2525912085167482e-05
224.55  0.0067780489167382895  -2.12124246623027e-05
224.60000000000002  0.00675518455185798  -1.9877090697483886e-05
224.65  0.006736950073934855  -1.851854906262228e-05
224.70000000000002  0.0067234178691150046  -1.7135613007596017e-05
224.75  0.006714646149759723  -1.5728078951444367e-05
224.8  0.006710678447126323  -1.4297483246472693e-05
224.85000000000002  0.006711542795675743  -1.2847703956678019e-05
224.9  0.006717250604562665  -1.1385329338513516e-05
224.95000000000002  0.006727795342017879  -9.919744871450627e-06
225.0  0.0067431512823858866  -8.462920289497943e-06
225.05  0.006763272618365423  -7.028921959376572e-06
225.10000000000002  0.006788093183700498  -5.6332294984539484e-06
225.15  0.006817526876960116  -4.2919679418990325e-06
225.20000000000002  0.006851468692980952  -3.0211553599436772e-06
225.25  0.006889796157182616  -1.8360269910188177e-06
225.3  0.0069323709239669275  -7.504552931325456e-07
225.35000000000002  0.006979040289936464  2.235649697372983e-07
225.4  0.007029638447967356  1.076406998065727e-06
225.45000000000002  0.007083987408901744  1.8012501640297115e-06
225.5  0.007141897594627312  2.3943983689701944e-06
225.55  0.007203168198152219  2.8554505645186635e-06
225.60000000000002  0.007267587474934633  3.187345837724586e-06
225.65  0.007334933130987146  3.3963133691915435e-06
225.70000000000002  0.007404972927704084  3.491723450419279e-06
225.75  0.0074774655848321376  3.4858001711470488e-06
225.8  0.007552162048811435  3.3931532978453442e-06
225.85000000000002  0.00762880716978123  3.230116665876234e-06
225.9  0.007707141763794248  3.0139235945156185e-06
225.95000000000002  0.007786904949083294  2.761788807496253e-06
226.0  0.007867836586531013  2.489985507504016e-06
226.05  0.007949679651221335  2.2129996534748985e-06
226.10000000000002  0.008032182397284338  1.9428415504343555e-06
226.15  0.008115100205739374  1.688589335312757e-06
226.20000000000002  0.008198197023597625  1.4561746179096374e-06
226.25  0.008281246378523772  1.2483621027833307e-06
226.3  0.008364032045045936  1.0648722601082401e-06
226.35000000000002  0.008446348462652634  9.025993413742654e-07
226.4  0.008528000990881817  7.558854360973283e-07
226.45000000000002  0.008608806068204997  6.168249746167187e-07
226.5  0.008688591324160526  4.7558297086384825e-07
226.55  0.008767195670544244  3.2071469062144593e-07
226.60000000000002  0.008844469364699122  1.394855246832495e-07
226.65  0.008920274001981825  -8.179535225358206e-08
226.70000000000002  0.008994482357615968  -3.574097223810874e-07
226.75  0.009066977962869125  -7.018238707684403e-07
226.8  0.009137654270798032  -1.1292404875613246e-06
226.85000000000002  0.009206413247178805  -1.6531122626783668e-06
226.9  0.009273163262097909  -2.28562288343838e-06
226.95000000000002  0.009337816364809038  -3.037145857500765e-06
227.0  0.009400285443897916  -3.915706587757812e-06
227.05  0.009460482160571385  -4.926499679344068e-06
227.10000000000002  0.009518316402803687  -6.071509605153161e-06
227.15  0.009573697237586856  -7.349235189235183e-06
227.20000000000002  0.00962653459679344  -8.75450168486454e-06
227.25  0.009676740862314358  -1.027838640557427e-05
227.3  0.009724231958576354  -1.1908331538156126e-05
227.35000000000002  0.009768927971963947  -1.3628522215928126e-05
227.4  0.009810753466664622  -1.542055893605993e-05
227.45000000000002  0.009849637635401167  -1.7264385582216962e-05
227.5  0.009885514343552362  -1.9139380262604846e-05
227.55  0.009918322074445964  -2.1025486649288327e-05
227.60000000000002  0.009948003765878913  -2.2904261453307138e-05
227.65  0.009974506524792091  -2.4759735182826128e-05
227.70000000000002  0.009997781220993365  -2.657901101470245e-05
227.75  0.010017781986228606  -2.8352550694494016e-05
227.8  0.010034465664082386  -3.0074127040440996e-05
227.85000000000002  0.010047791273271116  -3.174046406366966e-05
227.9  0.010057719571483346  -3.3350623065040125e-05
227.95000000000002  0.010064212831618324  -3.4905222868373135e-05
228.0  0.010067234943329683  -3.640560043750939e-05
228.05  0.010066751915055686  -3.7853016433335234e-05
228.10000000000002  0.010062732787222377  -3.924798896052903e-05
228.15  0.010055150894221572  -4.058980233356389e-05
228.20000000000002  0.01004398533216307  -4.187619704060825e-05
228.25  0.010029222422155832  -4.310323547292093e-05
228.3  0.010010856957179065  -4.426535530039845e-05
228.35000000000002  0.009988893087548184  -4.5355620793736175e-05
228.4  0.009963344788650194  -4.63661570311327e-05
228.45000000000002  0.009934235934057935  -4.728873120550602e-05
228.5  0.009901600056504013  -4.811542330431375e-05
228.55  0.009865479923280015  -4.8839300573319114e-05
228.60000000000002  0.00982592708846354  -4.945500390753163e-05
228.65  0.009783001598730107  -4.9959186556490376e-05
228.70000000000002  0.009736771967421488  -5.035077072701707e-05
228.75  0.00968731537286627  -5.0630986727297304e-05
228.8  0.0096347179294458  -5.080320436155635e-05
228.85000000000002  0.009579074936468264  -5.087263694463316e-05
228.9  0.009520490990307063  -5.084605023906483e-05
228.95000000000002  0.009459079501540634  -5.073156818195228e-05
229.0  0.009394962317158022  -5.0538297328242915e-05
229.05  0.009328269433700851  -5.02756747818266e-05
229.10000000000002  0.009259138331845967  -4.9952973783363006e-05
229.15  0.009187713410538874  -4.9578976146880604e-05
229.20000000000002  0.009114145704001842  -4.916162216794313e-05
229.25  0.009038592907174936  -4.870763779539984e-05
229.3  0.008961219689491182  -4.8222211656341474e-05
229.35000000000002  0.008882198227797993  -4.770879173491867e-05
229.4  0.008801708841073515  -4.7169059178392786e-05
229.45000000000002  0.008719940570006189  -4.660311876790789e-05
229.5  0.00863709152825986  -4.600991284133487e-05
229.55  0.008553368874433653  -4.538782132133899e-05
229.60000000000002  0.008468988317362059  -4.4735370671579705e-05
229.65  0.008384173156396578  -4.405193455570031e-05
229.70000000000002  0.008299152916403374  -4.3338269291974933e-05
229.75  0.008214161663290667  -4.2596747798199967e-05
229.8  0.008129436123989411  -4.183121878630643e-05
229.85000000000002  0.008045213754519671  -4.1046501078934164e-05
229.9  0.007961730900951257  -4.024761754032381e-05
229.95000000000002  0.007879221182864347  -3.9438935882993584e-05
230.0  0.00779791419643685  -3.86233953933516e-05
230.05  0.007718034601332998  -3.780197546742558e-05
230.10000000000002  0.007639801617897741  -3.697350455100936e-05
230.15  0.007563428904309492  -3.613483214676998e-05
230.20000000000002  0.007489124730181751  -3.5281318480991515e-05
230.25  0.007417092335703019  -3.4407541774733716e-05
230.3  0.007347530359927322  -3.3508082742279376e-05
230.35000000000002  0.0072806332288395436  -3.2578227948406196e-05
230.4  0.0072165914043151825  -3.161445220132164e-05
230.45000000000002  0.007155591415812138  -3.061459610733724e-05
230.5  0.007097815632539442  -2.9577732580238152e-05
230.55  0.007043441769214238  -2.8503787812385045e-05
230.60000000000002  0.006992642147203423  -2.7393023909326064e-05
230.65  0.006945582757679266  -2.6245507879300393e-05
230.70000000000002  0.006902422186165684  -2.5060690756211027e-05
230.75  0.0068633104559077274  -2.383719735392502e-05
230.8  0.00682838783925526  -2.25728943015997e-05
230.85000000000002  0.0067977836816967  -2.1265260831511582e-05
230.9  0.006771615281636443  -1.9912022800241054e-05
230.95000000000002  0.006749986856937141  -1.8511944213422774e-05
231.0  0.006732988601090929  -1.7065627044793306e-05
231.05  0.00672069582456674  -1.557616634612348e-05
231.10000000000002  0.006713168185330895  -1.404954122223103e-05
231.15  0.006710448998759428  -1.249467687962382e-05
231.20000000000002  0.006712564601481837  -1.0923173198385957e-05
231.25  0.0067195237408356106  -9.348747896185959e-06
231.3  0.006731316966572453  -7.786478759046501e-06
231.35000000000002  0.006747916011545851  -6.251951477710144e-06
231.4  0.006769273163912365  -4.760429830025405e-06
231.45000000000002  0.006795320662795553  -3.326156964975945e-06
231.5  0.006825970200974987  -1.9618662290144055e-06
231.55  0.0068611126635979465  -6.785365806131744e-07
231.60000000000002  0.006900618226863954  5.146135978245233e-07
231.65  0.006944336886702955  1.6099346344094673e-06
231.70000000000002  0.0069920994501306245  2.601022244998999e-06
231.75  0.007043719063000148  3.482351079256085e-06
231.8  0.007098993389466067  4.2489777298535215e-06
231.85000000000002  0.007157707449683716  4.896428816056782e-06
231.9  0.007219636863044106  5.42083868229844e-06
231.95000000000002  0.0072845510382340785  5.819315001729206e-06
232.0  0.007352215875458828  6.090452687841342e-06
232.05  0.0074223957524615376  6.2349111894985535e-06
232.10000000000002  0.007494854793719296  6.255976646446096e-06
232.15  0.007569357560660538  6.16002307966467e-06
232.20000000000002  0.007645669328559795  5.956781989466797e-06
232.25  0.007723556086066719  5.659348116694557e-06
232.3  0.007802784377129648  5.283886920288531e-06
232.35000000000002  0.00788312112993592  4.849044369638152e-06
232.4  0.007964333653978996  4.375087109702967e-06
232.45000000000002  0.00804618998274184  3.882833866848964e-06
232.5  0.008128459663714883  3.392476926879612e-06
232.55  0.008210914969650778  2.9223892663932113e-06
232.60000000000002  0.00829333241391593  2.4879645022777463e-06
232.65  0.008375494448658724  2.100554144821945e-06
232.70000000000002  0.008457191218961643  1.7666116522857284e-06
232.75  0.008538222210021266  1.4871395655374729e-06
232.8  0.008618397619725455  1.257499608232882e-06
232.85000000000002  0.008697539331213932  1.0676061058005336e-06
232.9  0.008775481423598807  9.02488627063296e-07
232.95000000000002  0.008852070218240294  7.431880857118302e-07
233.0  0.008927163908229337  5.67925870276575e-07
233.05  0.009000631857493523  3.534543506568443e-07
233.10000000000002  0.009072353677126822  7.647575365851185e-08
233.15  0.009142218194243292  -2.8498780864512195e-07
233.20000000000002  0.00921012243022127  -7.503790158007166e-07
233.25  0.009275970702901799  -1.3356262685321099e-06
233.3  0.009339673958815922  -2.0524522304636345e-06
233.35000000000002  0.009401149411058636  -2.9079965142010566e-06
233.4  0.009460320473681233  -3.904758736441353e-06
233.45000000000002  0.009517116775238558  -5.040843930004709e-06
233.5  0.009571473616358496  -6.310451279335182e-06
233.55  0.009623329772033645  -7.704473784030813e-06
233.60000000000002  0.009672622907460529  -9.211043961273272e-06
233.65  0.009719284082090905  -1.0816048566873646e-05
233.70000000000002  0.009763235141867384  -1.2503874383724407e-05
233.75  0.009804391161585914  -1.425836298758613e-05
233.8  0.009842665661855243  -1.606352363589764e-05
233.85000000000002  0.009877975004540206  -1.7903789566675687e-05
233.9  0.009910240573111934  -1.9764045986010836e-05
233.95000000000002  0.009939389251494929  -2.1629718464553526e-05
234.0  0.009965353096167823  -2.3487042321827755e-05
234.05  0.009988068820456338  -2.5323487175651215e-05
234.10000000000002  0.010007477414382137  -2.712823396012859e-05
234.15  0.01002352403381798  -2.8892575696704223e-05
234.20000000000002  0.010036158173586524  -3.0610123759969896e-05
234.25  0.010045334061713686  -3.227673715741572e-05
234.3  0.010051011177277152  -3.389015169382784e-05
234.35000000000002  0.01005315479861102  -3.54493611123152e-05
234.4  0.01005173651418094  -3.695386665961877e-05
234.45000000000002  0.01004673466044258  -3.8402933198037396e-05
234.5  0.01003813467834518  -3.979496226945759e-05
234.55  0.010025929379028159  -4.1127041382088926e-05
234.60000000000002  0.010010119096977476  -4.2394695491708e-05
234.65  0.009990711725168152  -4.3591862616838464e-05
234.70000000000002  0.009967722663468504  -4.4711114410768666e-05
234.75  0.009941174741684003  -4.574411762505858e-05
234.8  0.009911098185776599  -4.6682283817719026e-05
234.85000000000002  0.009877530674028032  -4.751751355584121e-05
234.9  0.009840517500891977  -4.82429287398149e-05
234.95000000000002  0.009800111860740375  -4.8853506216103637e-05
235.0  0.009756375252379055  -4.934656776822349e-05
235.05  0.009709377948923308  -4.972208436733087e-05
235.10000000000002  0.00965919938257957  -4.998271403189957e-05
235.15  0.009605928284051938  -5.013350767818793e-05
235.20000000000002  0.009549662668317024  -5.018126824090845e-05
235.25  0.009490509411211068  -5.0134211184958604e-05
235.3  0.009428583074407793  -5.000172324742904e-05
235.35000000000002  0.009364005712914757  -4.9792956784436774e-05
235.4  0.009296906722641409  -4.951612428634178e-05
235.45000000000002  0.009227422763508727  -4.917827767666101e-05
235.5  0.009155698038701442  -4.8785236715777745e-05
235.55  0.009081884761630203  -4.834168285535753e-05
235.60000000000002  0.009006143595525137  -4.785137761805107e-05
235.65  0.008928643898513201  -4.731742288439162e-05
235.70000000000002  0.008849563715537625  -4.6742492884160495e-05
235.75  0.00876908954241681  -4.612902256553034e-05
235.8  0.008687415892898214  -4.5479386965997144e-05
235.85000000000002  0.00860474467362462  -4.4796101987725166e-05
235.9  0.00852128436936479  -4.408203614853241e-05
235.95000000000002  0.00843724905585991  -4.334059570499653e-05
236.0  0.008352857289389351  -4.2575849017469906e-05
236.05  0.008268330961014814  -4.179253224515473e-05
236.10000000000002  0.008183894221331867  -4.099586790099856e-05
236.15  0.008099772557461277  -4.019117128305122e-05
236.20000000000002  0.008016192058619115  -3.9383280429127143e-05
236.25  0.007933378865558012  -3.857590156683097e-05
236.3  0.00785155876272698  -3.777099818912758e-05
236.35000000000002  0.007770956829978235  -3.696835207225771e-05
236.4  0.007691797050458729  -3.616539046774097e-05
236.45000000000002  0.007614301798864954  -3.5357317946300764e-05
236.5  0.007538691187744006  -3.453753659501548e-05
236.55  0.007465182293216949  -3.3698288987821786e-05
236.60000000000002  0.007393988318852051  -3.283141286537698e-05
236.65  0.007325317790393613  -3.1929082569521206e-05
236.70000000000002  0.007259373873310149  -3.098443671090801e-05
236.75  0.007196353860979047  -2.9992028557767587e-05
236.8  0.007136448828524795  -2.8948067128103004e-05
236.85000000000002  0.007079843403154236  -2.7850452815542552e-05
236.9  0.007026715566097255  -2.66986483248618e-05
236.95000000000002  0.006977236383777876  -2.5493445817317678e-05
237.0  0.006931569570610499  -2.423669626111673e-05
237.05  0.00688987080021834  -2.2931067331670703e-05
237.10000000000002  0.006852286704105675  -2.157988274373889e-05
237.15  0.006818953543327351  -2.0187068943481192e-05
237.20000000000002  0.006789995599212002  -1.8757211368892753e-05
237.25  0.006765523382914206  -1.729569750916079e-05
237.3  0.006745631817484056  -1.580889140553128e-05
237.35000000000002  0.006730398593384786  -1.4304260659965306e-05
237.4  0.006719882914431101  -1.2790380216330386e-05
237.45000000000002  0.0067141248199875615  -1.1276760132820747e-05
237.5  0.006713145183524146  -9.773486862315018e-06
237.55  0.006716946360378198  -8.290729894512496e-06
237.60000000000002  0.0067255133242937375  -6.838218823167519e-06
237.65  0.006738815034098185  -5.424810324777084e-06
237.70000000000002  0.006756805731625019  -4.0582407140851485e-06
237.75  0.0067794258893527515  -2.7451145469514063e-06
237.8  0.006806602590037698  -1.491128093775596e-06
237.85000000000002  0.006838249225226394  -3.0148380494502757e-07
237.9  0.006874264557623809  8.185806703988234e-07
237.95000000000002  0.006914531380342603  1.8632651628040122e-06
238.0  0.006958915178885936  2.825825056794673e-06
238.05  0.007007263309157659  3.6984672941879714e-06
238.10000000000002  0.007059405128388694  4.472589155819275e-06
238.15  0.007115153207973369  5.139321080887561e-06
238.20000000000002  0.007174305381040049  5.690268249810309e-06
238.25  0.0072366471782910596  6.118336080603131e-06
238.3  0.007301954256007586  6.418550235934915e-06
238.35000000000002  0.00736999459550516  6.58881625989225e-06
238.4  0.007440530409238319  6.630573053648824e-06
238.45000000000002  0.007513319771386527  6.549269744600813e-06
238.5  0.007588118027504137  6.354574211175435e-06
238.55  0.007664679059159655  6.0602450257381835e-06
238.60000000000002  0.00774275647273435  5.683652097080089e-06
238.65  0.007822104755135686  5.244976177004098e-06
238.70000000000002  0.00790248041639648  4.766146359498524e-06
238.75  0.007983643123145307  4.269593954584866e-06
238.8  0.008065356819275612  3.7769085508705094e-06
238.85000000000002  0.008147390827169726  3.3074907172305634e-06
238.9  0.008229520894332189  2.8773130374808514e-06
238.95000000000002  0.008311530118261365  2.4978973378026554e-06
239.0  0.00839320973195946  2.1755841634996014e-06
239.05  0.008474359798212809  1.9111439455262098e-06
239.10000000000002  0.00855478984469863  1.699753202051739e-06
239.15  0.008634319429247469  1.531329028723527e-06
239.20000000000002  0.008712778596587522  1.3911948532493472e-06
239.25  0.00879000817281065  1.261034019412938e-06
239.3  0.00886585984478427  1.1200627021420518e-06
239.35000000000002  0.008940195983620197  9.463253788768986e-07
239.4  0.009012889179013571  7.180017736122178e-07
239.45000000000002  0.00908382146072638  4.1461733388260103e-07
239.5  0.009152883224811621  1.806481440492022e-08
239.55  0.009219971967894112  -4.86631383397918e-07
239.60000000000002  0.009284991032322186  -1.110847146971768e-06
239.65  0.00934784859672742  -1.8621868914829855e-06
239.70000000000002  0.009408457039965427  -2.744561646620521e-06
239.75  0.009466732612168221  -3.7584470578531598e-06
239.8  0.009522595204893522  -4.901264582380222e-06
239.85000000000002  0.009575968014239804  -6.167847784503163e-06
239.9  0.009626777012251031  -7.550955182490456e-06
239.95000000000002  0.009674950279954138  -9.041781193305773e-06
240.0  0.009720417327092234  -1.063041009412467e-05
240.05  0.009763108529364874  -1.230616218920798e-05
240.10000000000002  0.009802954783940897  -1.405780230412585e-05
240.15  0.009839887431246135  -1.58736141313176e-05
240.20000000000002  0.00987383842854167  -1.7741373198144444e-05
240.25  0.009904740715579776  -1.9648264034946006e-05
240.3  0.009932528698183498  -2.158079133341514e-05
240.35000000000002  0.009957138784544892  -2.352474079328496e-05
240.4  0.009978509933253476  -2.5465242407788122e-05
240.45000000000002  0.009996584197378124  -2.738697359600215e-05
240.5  0.010011307261570587  -2.9274514123095257e-05
240.55  0.010022628968660175  -3.111283088118984e-05
240.60000000000002  0.010030503838148498  -3.288784516530123e-05
240.65  0.010034891598296196  -3.458702534875062e-05
240.70000000000002  0.010035757758703235  -3.619993515371423e-05
240.75  0.010033074228122354  -3.771864403845564e-05
240.8  0.010026819952843432  -3.91378993115026e-05
240.85000000000002  0.01001698152880713  -4.0455001506138094e-05
240.9  0.010003553728065046  -4.166939666395179e-05
240.95000000000002  0.00998653988232369  -4.278206971614094e-05
241.0  0.009965952088453467  -4.379487111466469e-05
241.05  0.00994181123664312  -4.4709917601851614e-05
241.10000000000002  0.009914146890442148  -4.5529178254131986e-05
241.15  0.009882997058854561  -4.6254293512334325e-05
241.20000000000002  0.009848407902566702  -4.688659918815235e-05
241.25  0.009810433432189205  -4.7427282542818276e-05
241.3  0.009769135284121433  -4.7877588903858935e-05
241.35000000000002  0.009724582619378783  -4.823898806970795e-05
241.4  0.009676852061562179  -4.851321135744879e-05
241.45000000000002  0.009626027568797591  -4.870215353458955e-05
241.5  0.009572200221262135  -4.88076898442841e-05
241.55  0.00951546763995106  -4.883158634220308e-05
241.60000000000002  0.009455934284220676  -4.877573415411729e-05
241.65  0.009393711779605528  -4.864176677405198e-05
241.70000000000002  0.009328918290812884  -4.8431091435444906e-05
241.75  0.009261678592996168  -4.8145381821962306e-05
241.8  0.009192124357380635  -4.778693561074216e-05
241.85000000000002  0.0091203944399688  -4.735886892178109e-05
241.9  0.00904663519396564  -4.686519688052309e-05
241.95000000000002  0.008971000875045054  -4.6310839188181905e-05
242.0  0.008893654217878815  -4.570157999878232e-05
242.05  0.008814767173221352  -4.5044005169559934e-05
242.10000000000002  0.00873452158641944  -4.4345408636908555e-05
242.15  0.008653109457497048  -4.36136146932408e-05
242.20000000000002  0.008570732539931106  -4.285667573646533e-05
242.25  0.008487601308462187  -4.208246557899406e-05
242.3  0.008403933509967019  -4.129821977747978e-05
242.35000000000002  0.008319952541488467  -4.051008035174821e-05
242.4  0.008235885850739297  -3.972269774098063e-05
242.45000000000002  0.008151963487464265  -3.8938913103478095e-05
242.5  0.008068416870617285  -3.815952357677956e-05
242.55  0.00798547777944598  -3.738314334919489e-05
242.60000000000002  0.007903377531029512  -3.660619577900883e-05
242.65  0.00782234628689672  -3.5823083665526193e-05
242.70000000000002  0.0077426124354716104  -3.502658257621955e-05
242.75  0.0076644020051641094  -3.420846735745907e-05
242.8  0.007587938072006176  -3.336031772958088e-05
242.85000000000002  0.0075134401362477975  -3.2474401723639456e-05
242.9  0.0074411234577837805  -3.154451415730255e-05
242.95000000000002  0.007371198367578607  -3.0566638358007085e-05
243.0  0.00730386959387418  -2.9539313382432756e-05
243.05  0.007239335637429898  -2.8463635954215594e-05
243.10000000000002  0.007177788206548472  -2.734289751524777e-05
243.15  0.007119411707612138  -2.618193173110469e-05
243.20000000000002  0.007064382780338053  -2.4986301761794e-05
243.25  0.007012869856427802  -2.3761475633384114e-05
243.3  0.006965032719331687  -2.251212723720442e-05
243.35000000000002  0.006921022047162877  -2.1241668505808587e-05
243.4  0.006880978923286075  -1.995206842801064e-05
243.45000000000002  0.006845034307018718  -1.8643958969986324e-05
243.5  0.0068133084657078955  -1.7316981683033035e-05
243.55  0.006785910374060432  -1.5970295615279473e-05
243.60000000000002  0.006762937084901185  -1.4603149705731633e-05
243.65  0.006744473074962705  -1.3215429011857316e-05
243.70000000000002  0.006730589578639749  -1.1808108442220257e-05
243.75  0.006721343939025844  -1.0383580100255364e-05
243.8  0.006716779016101342  -8.945853630721236e-06
243.85000000000002  0.0067169226874451  -7.500650552581267e-06
243.9  0.006721787448088114  -6.0554205978925946e-06
243.95000000000002  0.0067313700677768  -4.6193047232089404e-06
244.0  0.006745651227595565  -3.2030601949353777e-06
244.05  0.006764595071486437  -1.8189460742421478e-06
244.10000000000002  0.0067881486797480494  -4.805417082565298e-07
244.15  0.006816241555584968  7.97544642835578e-07
244.20000000000002  0.006848785252949015  2.000111860276746e-06
244.25  0.006885673243360406  3.1119541713314e-06
244.3  0.006926781044647686  4.1185880553668815e-06
244.35000000000002  0.006971966562376487  5.007096778856313e-06
244.4  0.007021070568967789  5.7670399162074404e-06
244.45000000000002  0.007073917278127907  6.391322123663179e-06
244.5  0.007130315037487204  6.876888641247037e-06
244.55  0.007190057230513219  7.225128757352056e-06
244.60000000000002  0.007252923533056826  7.441908686262095e-06
244.65  0.007318681683983694  7.537214207777685e-06
244.70000000000002  0.00738708986126838  7.524447552124519e-06
244.75  0.007457899598100368  7.419472410183283e-06
244.8  0.007530858982919121  7.239525276805613e-06
244.85000000000002  0.007605715747185007  7.002109409946684e-06
244.9  0.007682219831740674  6.7239711505993e-06
244.95000000000002  0.007760125171251821  6.420245207552196e-06
245.0  0.007839190679633883  6.103834602743577e-06
245.05  0.007919180623600443  5.785056098879048e-06
245.10000000000002  0.007999864658471339  5.471550350980475e-06
245.15  0.008081017773821416  5.168410379035714e-06
245.20000000000002  0.008162420312064295  4.878446762683607e-06
245.25  0.008243858125172795  4.602520350125619e-06
245.3  0.008325122864853459  4.339890527953869e-06
245.35000000000002  0.008406012412040387  4.088516313887056e-06
245.4  0.00848633147694445  3.845257763361255e-06
245.45000000000002  0.008565892367566127  3.605962057638324e-06
245.5  0.00864451587085518  3.365447618545141e-06
245.55  0.008722032149328384  3.1174206046893533e-06
245.60000000000002  0.00879828153851286  2.854372970979022e-06
245.65  0.00887311514586724  2.5675118022163684e-06
245.70000000000002  0.008946395184417566  2.246758905117173e-06
245.75  0.009017994996680972  1.880846709410588e-06
245.8  0.009087798746895573  1.4575233275657677e-06
245.85000000000002  0.009155700794696513  9.638682873283126e-07
245.9  0.009221604802617345  3.867091958183495e-07
245.95000000000002  0.00928542267125796  -2.8687827789424956e-07
246.0  0.009347073435856907  -1.0690037167572752e-06
246.05  0.009406482282664308  -1.9703430297554963e-06
246.10000000000002  0.009463579824925673  -2.9994976489151282e-06
246.15  0.009518301645287278  -4.162391251123078e-06
246.20000000000002  0.009570587733260116  -5.46176327988133e-06
246.25  0.00962038081020535  -6.896764929958889e-06
246.3  0.009667622298422805  -8.462607254486734e-06
246.35000000000002  0.009712246330743602  -1.0150301349392633e-05
246.4  0.009754175419905559  -1.1946770625941546e-05
246.45000000000002  0.009793321655246687  -1.3835496180904868e-05
246.5  0.009829592587041958  -1.579734670799607e-05
246.55  0.009862897536223325  -1.7811255976418328e-05
246.60000000000002  0.009893151599387702  -1.985484829165842e-05
246.65  0.00992027728812344  -2.190523832609522e-05
246.70000000000002  0.009944204717813602  -2.3940058824795964e-05
246.75  0.009964871114469653  -2.5938592992379794e-05
246.8  0.009982220098755372  -2.788281039899519e-05
246.85000000000002  0.009996201007274367  -2.9758112774643823e-05
246.9  0.010006768386595912  -3.1553657756984026e-05
246.95000000000002  0.010013881713292271  -3.326222037740973e-05
247.0  0.01001750535155745  -3.487965253605504e-05
247.05  0.010017608737845206  -3.6404078956527825e-05
247.10000000000002  0.01001416676289917  -3.783500134743558e-05
247.15  0.010007160304919289  -3.9172470318550886e-05
247.20000000000002  0.00999657684412495  -4.041644356931196e-05
247.25  0.009982411071118785  -4.156639508620079e-05
247.3  0.009964665403870088  -4.262119729370408e-05
247.35000000000002  0.00994335035184108  -4.357926462279087e-05
247.4  0.009918484703607509  -4.443890560731272e-05
247.45000000000002  0.009890095551409328  -4.519878939604292e-05
247.5  0.009858218198159775  -4.5858411010645555e-05
247.55  0.009822896023502321  -4.641845133914034e-05
247.60000000000002  0.009784180420560628  -4.6880964718548534e-05
247.65  0.009742130918167393  -4.72493647367099e-05
247.70000000000002  0.009696815477865106  -4.7528191638723e-05
247.75  0.009648310819036467  -4.772267768985809e-05
247.8  0.009596702742514895  -4.7838210868584406e-05
247.85000000000002  0.009542086363083116  -4.7879865822417356e-05
247.9  0.009484565686579025  -4.7852192751048536e-05
247.95000000000002  0.0094242534820249  -4.7759056626279256e-05
248.0  0.009361271159089017  -4.760347460053148e-05
248.05  0.009295748278060567  -4.738771389721916e-05
248.10000000000002  0.009227821991149228  -4.711354670712504e-05
248.15  0.009157636578695172  -4.678255245871169e-05
248.20000000000002  0.009085343185797925  -4.639640857598041e-05
248.25  0.009011099795257084  -4.5957116800334155e-05
248.3  0.008935071398950643  -4.546712699911628e-05
248.35000000000002  0.00885743027559874  -4.492934916242104e-05
248.4  0.008778356255283356  -4.4347067477734786e-05
248.45000000000002  0.00869803685084107  -4.372378553899359e-05
248.5  0.008616667167064778  -4.306304242344299e-05
248.55  0.008534449545380572  -4.2368248580347344e-05
248.60000000000002  0.008451592936795652  -4.164257718374343e-05
248.65  0.00836831203353276  -4.0888914391275864e-05
248.70000000000002  0.008284826225988876  -4.010984892725078e-05
248.75  0.008201358463767315  -3.9307668064912894e-05
248.8  0.008118134085885968  -3.848433220325641e-05
248.85000000000002  0.0080353796650965  -3.764142011574353e-05
248.9  0.007953321898445078  -3.678006800713249e-05
248.95000000000002  0.007872186562981696  -3.590095914800295e-05
249.0  0.007792197543724087  -3.500441513370287e-05
249.05  0.007713575943139983  -3.4090581437155496e-05
249.10000000000002  0.00763653928476173  -3.3159645971167445e-05
249.15  0.007561300831063184  -3.221200960873166e-05
249.20000000000002  0.007488069044165199  -3.124833712426206e-05
249.25  0.007417047213404875  -3.026945036847089e-05
249.3  0.00734843326613577  -2.9276073142210857e-05
249.35000000000002  0.00728241975490788  -2.826848420372934e-05
249.4  0.007219193971360816  -2.7246157243807293e-05
249.45000000000002  0.007158938098028625  -2.6207461089416717e-05
249.5  0.007101829292631288  -2.514947676484865e-05
249.55  0.007048039620898396  -2.406797518575793e-05
249.60000000000002  0.006997735799557502  -2.2957590924333135e-05
249.65  0.00695107874223716  -2.1812205645376352e-05
249.70000000000002  0.006908222909779842  -2.0625517474098304e-05
249.75  0.0068693154722584936  -1.9391738558982517e-05
249.8  0.006834495301624958  -1.8106338290795867e-05
249.85000000000002  0.0068038918298389634  -1.6766740291089645e-05
249.9  0.006777623823011799  -1.537289213830613e-05
249.95000000000002  0.00675579812648555  -1.3927638587171781e-05
250.0  0.006738508427876619  -1.2436838924336738e-05
250.05  0.006725834067364235  -1.0909204666443254e-05
250.10000000000002  0.006717838900383822  -9.355888318250111e-06
250.15  0.006714570195710129  -7.789899732108208e-06
250.20000000000002  0.0067160575444114145  -6.225453433386633e-06
250.25  0.00672231176859684  -4.6773518008012245e-06
250.3  0.0067333238538515965  -3.16047865802944e-06
250.35000000000002  0.006749063990790531  -1.689424583944353e-06
250.4  0.006769480888914905  -2.782079058619021e-07
250.45000000000002  0.006794501576863359  1.0599784941453857e-06
250.5  0.0068240318856007  2.3130527648507617e-06
250.55  0.006857957711292238  3.470376489604826e-06
250.60000000000002  0.006896146980626359  4.523102364096993e-06
250.65  0.006938452034849369  5.464479764059335e-06
250.70000000000002  0.006984711990952055  6.290057003674922e-06
250.75  0.007034754608420936  6.997722162606839e-06
250.8  0.007088397316019508  7.5875491699714745e-06
250.85000000000002  0.007145447328828616  8.061491175334596e-06
250.9  0.0072057011861499844  8.423034917000911e-06
250.95000000000002  0.007268944432842185  8.676916572908415e-06
251.0  0.007334952251486907  8.828924926256662e-06
251.05  0.007403491443966385  8.885753387627034e-06
251.10000000000002  0.00747432348632629  8.854844032025617e-06
251.15  0.0075472078801713674  8.744182605160139e-06
251.20000000000002  0.007621904954156807  8.562047328416523e-06
251.25  0.0076981776077157385  8.316789170625044e-06
251.3  0.007775791988431438  8.01674895008336e-06
251.35000000000002  0.00785451745417624  7.670359092261276e-06
251.4  0.00793412628251567  7.286378697822786e-06
251.45000000000002  0.008014393511144378  6.874135104163516e-06
251.5  0.00809509713170126  6.443635653407398e-06
251.55  0.008176018697920704  6.005456713097789e-06
251.60000000000002  0.008256944274106425  5.570376446188413e-06
251.65  0.008337665556521053  5.148761311314316e-06
251.70000000000002  0.008417981002381673  4.749750982813897e-06
251.75  0.008497696873724439  4.3803334470846975e-06
251.8  0.008576628148293968  4.0444306673115905e-06
251.85000000000002  0.00865459925946972  3.742111170451011e-06
251.9  0.008731444631248402  3.4690318050337147e-06
251.95000000000002  0.008807008981009265  3.21619292206176e-06
252.0  0.00888114737757909  2.9700625821980233e-06
252.05  0.008953725062394783  2.71308501019383e-06
252.10000000000002  0.009024617052923567  2.4245448984879666e-06
252.15  0.009093707549626375  2.081723887493726e-06
252.20000000000002  0.009160889179789217  1.6612629502501256e-06
252.25  0.009226062135031798  1.1406287157110365e-06
252.3  0.009289133277023923  4.995721705098883e-07
252.35000000000002  0.009350015285940129  -2.7853304903632743e-07
252.4  0.009408625918592954  -1.2055805146948264e-06
252.45000000000002  0.009464887449932045  -2.2879430345719816e-06
252.5  0.009518726399035362  -3.526083770546028e-06
252.55  0.00957007366021599  -4.914620883204124e-06
252.60000000000002  0.009618865110282926  -6.442863155271301e-06
252.65  0.009665042521488386  -8.095781171115071e-06
252.70000000000002  0.00970855393993746  -9.855290235651775e-06
252.75  0.009749351631160849  -1.1701573435394643e-05
252.8  0.009787385794902454  -1.3614108499320289e-05
252.85000000000002  0.00982259606493648  -1.557246336319651e-05
252.9  0.00985490744949777  -1.755737013551237e-05
252.95000000000002  0.00988423429535323  -1.955187693086838e-05
253.0  0.009910487988563907  -2.1541721072009027e-05
253.05  0.009933582931309734  -2.3514815422248352e-05
253.10000000000002  0.009953439520119723  -2.54604202390096e-05
253.15  0.009969985288902937  -2.7368466635579884e-05
253.20000000000002  0.009983155347069544  -2.9229179396898484e-05
253.25  0.009992892649068818  -3.10329457253777e-05
253.3  0.009999148266548213  -3.277032376521543e-05
253.35000000000002  0.010001881682789659  -3.443212103311894e-05
253.4  0.010001061070257859  -3.6009516044658015e-05
253.45000000000002  0.009996663504612029  -3.749421538892318e-05
253.5  0.009988675083760182  -3.887864397664847e-05
253.55  0.009977090925110708  -4.0156162474613055e-05
253.60000000000002  0.009961915014128662  -4.132129378681254e-05
253.65  0.009943159897934071  -4.2369940003093376e-05
253.70000000000002  0.009920846254762677  -4.329958213644809e-05
253.75  0.009895002405114879  -4.410945913058394e-05
253.8  0.009865663850590643  -4.480071061411058e-05
253.85000000000002  0.00983287291427942  -4.537643837514794e-05
253.9  0.009796678532787921  -4.5841625072009666e-05
253.95000000000002  0.009757136266339467  -4.620289088236941e-05
254.0  0.009714308583507766  -4.646811929249296e-05
254.05  0.00966826533239136  -4.6645951535217175e-05
254.10000000000002  0.009619084212916934  -4.674510212438566e-05
254.15  0.009566851322934137  -4.677334886046372e-05
254.20000000000002  0.009511661275239268  -4.673708905258924e-05
254.25  0.009453616913700086  -4.6642021271653606e-05
254.3  0.009392830065817823  -4.6491981982183515e-05
254.35000000000002  0.0093294217050061  -4.628886173251487e-05
254.4  0.00926352199171172  -4.603323235471933e-05
254.45000000000002  0.009195270275576057  -4.572499605744599e-05
254.5  0.009124814804511286  -4.53640044303182e-05
254.55  0.00905231205831537  -4.4950529412068636e-05
254.60000000000002  0.008977925845081612  -4.4485488080925074e-05
254.65  0.008901826428112915  -4.3970445693067706e-05
254.70000000000002  0.008824189886814215  -4.3407518930966435e-05
254.75  0.008745197758471268  -4.27992958583606e-05
254.8  0.008665036894834048  -4.2148818504638785e-05
254.85000000000002  0.008583899439349164  -4.145960639345246e-05
254.9  0.008501982852714774  -4.073567613082257e-05
254.95000000000002  0.008419489909104693  -3.998152304805501e-05
255.0  0.008336628580570587  -3.920202325864175e-05
255.05  0.008253611754101378  -3.840221935605794e-05
255.10000000000002  0.008170656736506035  -3.758699118608127e-05
255.15  0.008087984509916584  -3.676065046789396e-05
255.20000000000002  0.008005818741374493  -3.5926527865503405e-05
255.25  0.007924384629424776  -3.508664861767128e-05
255.3  0.007843907677441782  -3.424155100076226e-05
255.35000000000002  0.007764612457915352  -3.339024050634134e-05
255.4  0.007686721438195262  -3.253027783010126e-05
255.45000000000002  0.007610453918774596  -3.16579902896053e-05
255.5  0.007536025136221424  -3.0768762545425045e-05
255.55  0.0074636455891221145  -2.9857347845016597e-05
255.60000000000002  0.007393520635082524  -2.891815387179538e-05
255.65  0.007325850373129439  -2.7945480019031737e-05
255.70000000000002  0.007260829777288225  -2.693371200445757e-05
255.75  0.007198648991497545  -2.587750934746643e-05
255.8  0.007139493648573261  -2.4772035963258402e-05
255.85000000000002  0.007083545058709869  -2.3613263554625436e-05
255.9  0.007030980120039323  -2.2398343935301295e-05
255.95000000000002  0.00698197082989748  -2.1126024827842528e-05
256.0  0.006936683325071967  -1.979706237993568e-05
256.05  0.006895276441998785  -1.8414562898093443e-05
256.1  0.006857899847428995  -1.698417951445705e-05
256.15000000000003  0.006824691851578895  -1.5514103439485592e-05
256.2  0.006795777087071119  -1.4014812340183613e-05
256.25  0.0067712642980164595  -1.2498566383335554e-05
256.3  0.006751244508653337  -1.0978678837000056e-05
256.35  0.006735789810824873  -9.468627281839507e-06
256.40000000000003  0.006724952915720292  -7.981104545530026e-06
256.45  0.006718767479361343  -6.5271331308467605e-06
256.5  0.0067172490728916205  -5.11537766917041e-06
256.55  0.006720396563084935  -3.751776215526049e-06
256.6  0.006728193617177214  -2.4395673520424275e-06
256.65000000000003  0.006740610058382604  -1.1797175630569225e-06
256.7  0.006757602869597767  2.8324953499968396e-08
256.75  0.00677911674632369  1.1856833532708392e-06
256.8  0.006805084208701691  2.2930683385890346e-06
256.85  0.006835425371439162  3.3499046598644267e-06
256.90000000000003  0.006870047511481432  4.35369457742107e-06
256.95  0.0069088445561493106  5.29972006913236e-06
257.0  0.006951696556698386  6.181148816347719e-06
257.05  0.006998469139131214  6.9895477118510425e-06
257.1  0.00704901285736769  7.715717713810876e-06
257.15000000000003  0.007103162375117484  8.350673174027622e-06
257.2  0.007160735542808535  8.88657476752827e-06
257.25  0.007221532683180674  9.317490922164108e-06
257.3  0.00728533660825708  9.639935315411676e-06
257.35  0.007351913854839447  9.853172164333332e-06
257.40000000000003  0.007421017278529419  9.959297187588809e-06
257.45  0.007492389706607486  9.963112265167553e-06
257.5  0.007565768110153035  9.871833550521159e-06
257.55  0.0076408877820959824  9.694696086845017e-06
257.6  0.007717486158691549  9.44252644455802e-06
257.65000000000003  0.0077953060714062074  9.127342626171263e-06
257.7  0.007874098311251316  8.762012115671261e-06
257.75  0.007953623435260616  8.359962934989374e-06
257.8  0.008033652789354268  7.934904165268286e-06
257.85  0.008113968793728783  7.500482107630597e-06
257.90000000000003  0.00819436462728371  7.069800458455219e-06
257.95  0.008274643504947575  6.654778636119266e-06
258.0  0.008354617745230726  6.265374662066022e-06
258.05  0.008434107822685031  5.9087286396511634e-06
258.1  0.008512941569808554  5.588320339478889e-06
258.15000000000003  0.008590953604490316  5.303271212983495e-06
258.2  0.008667984981271918  5.047923829106666e-06
258.25  0.008743883041019689  4.811803822823094e-06
258.3  0.00881850143755393  4.5800178247704074e-06
258.35  0.008891700326195233  4.334076365088592e-06
258.40000000000003  0.008963346704130935  4.0530674362304584e-06
258.45  0.00903331487653935  3.715059638266196e-06
258.5  0.009101486987031511  3.2985897339248558e-06
258.55  0.009167753522043597  2.784077514071563e-06
258.6  0.009232013689426156  2.1550183767889437e-06
258.65000000000003  0.009294175566988241  1.3988480604609836e-06
258.7  0.009354155881418193  5.074357153821504e-07
258.75  0.009411879188491235  -5.22790352727681e-07
258.8  0.009467276124981987  -1.6910463964776645e-06
258.85  0.009520280474542637  -2.9926663578016074e-06
258.90000000000003  0.009570825325426623  -4.419783276253583e-06
258.95  0.009618839557173908  -5.9621710698991876e-06
259.0  0.009664246343532978  -7.608146989321968e-06
259.05  0.009706964326466077  -9.345306718841653e-06
259.1  0.00974691041122018  -1.1160876427326568e-05
259.15000000000003  0.00978400254841074  -1.3041690798548599e-05
259.2  0.0098181616041  -1.4973995310315273e-05
259.25  0.009849312307344454  -1.6943276412279296e-05
259.3  0.009877383637177831  -1.8934231450991208e-05
259.35  0.009902308986682228  -2.0930908133959404e-05
259.40000000000003  0.009924026303291318  -2.2916997151498693e-05
259.45  0.009942478285905687  -2.4876237555859292e-05
259.5  0.009957612639680112  -2.6792879671976944e-05
259.55  0.00996938234077507  -2.8652138739364824e-05
259.6  0.009977745849435117  -3.044058225520046e-05
259.65000000000003  0.009982667251820308  -3.214643526148132e-05
259.7  0.009984116362383246  -3.375982678814048e-05
259.75  0.009982068829688755  -3.527300212506352e-05
259.8  0.009976506273768311  -3.6680492088622076e-05
259.85  0.009967416460886213  -3.7979187802270476e-05
259.90000000000003  0.009954793505200937  -3.916824891508879e-05
259.95  0.009938638084648425  -4.024879852386337e-05
260.0  0.009918957663515256  -4.122342288649624e-05
260.05  0.00989576671510335  -4.209555828851995e-05
260.1  0.009869086939030613  -4.286887882462548e-05
260.15000000000003  0.00983894747831338  -4.354679449764446e-05
260.2  0.009805385175241915  -4.413214069768206e-05
260.25  0.009768444948416638  -4.462710012877293e-05
260.3  0.009728180326578227  -4.503334096515222e-05
260.35  0.009684653994659384  -4.5352281877487384e-05
260.40000000000003  0.009637938155737082  -4.558543625447545e-05
260.45  0.009588114649311669  -4.5734802423514414e-05
260.5  0.009535274486039119  -4.580272608917253e-05
260.55  0.009479517926178932  -4.5792132064799876e-05
260.6  0.009420954389567967  -4.570654358873641e-05
260.65000000000003  0.009359701847706028  -4.554976309730332e-05
260.7  0.009295886517718718  -4.532573824988808e-05
260.75  0.009229642571396806  -4.5038428394300676e-05
260.8  0.00916111176038881  -4.469170850471953e-05
260.85  0.009090442974408265  -4.42893340450149e-05
260.90000000000003  0.009017791791251858  -4.383496271693559e-05
260.95  0.008943320084009264  -4.333221657779067e-05
261.0  0.00886719572636056  -4.2784755132397004e-05
261.05  0.008789592407010965  -4.21963293455073e-05
261.1  0.00871068954056935  -4.157079677252416e-05
261.15000000000003  0.008630672252069076  -4.091208303076289e-05
261.2  0.008549731407382001  -4.0224084014303144e-05
261.25  0.008468063650635543  -3.951050602619063e-05
261.3  0.008385871421280881  -3.8774648739729185e-05
261.35  0.008303362926731873  -3.801917426564161e-05
261.40000000000003  0.00822075199418608  -3.724590992021497e-05
261.45  0.008138257693513961  -3.645569479234697e-05
261.5  0.00805610365171465  -3.5648257686223334e-05
261.55  0.00797451703180212  -3.482214225538782e-05
261.6  0.007893727205963614  -3.397474808128809e-05
261.65000000000003  0.007813964211638977  -3.310253828937273e-05
261.7  0.007735457114308672  -3.2201403860410696e-05
261.75  0.007658432415860001  -3.1267140632931675e-05
261.8  0.007583112644432145  -3.0295979242439693e-05
261.85  0.007509715220182851  -2.9285089029170424e-05
261.90000000000003  0.0074384516271917035  -2.8232960442862912e-05
261.95  0.007369526886854278  -2.7139583093967843e-05
262.0  0.0073031393023579964  -2.6006404348208665e-05
262.05  0.007239480380183336  -2.4836128690487148e-05
262.1  0.007178734795726911  -2.3632450776144202e-05
262.15000000000003  0.007121080290326431  -2.239980627176226e-05
262.2  0.007066687437711458  -2.114318202277165e-05
262.25  0.007015719275559532  -1.986797101853505e-05
262.3  0.006968330835035193  -1.8579824401077934e-05
262.35  0.006924668606550416  -1.728444720931242e-05
262.40000000000003  0.006884869979510847  -1.5987306840974932e-05
262.45  0.006849062691656251  -1.4693256548558483e-05
262.5  0.006817364314864606  -1.3406106170742276e-05
262.55  0.00678988179056627  -1.212820396570413e-05
262.6  0.006766711010783574  -1.0860117076436608e-05
262.65000000000003  0.0067479364287634114  -9.600500934533269e-06
262.7  0.006733630674626278  -8.346229143034213e-06
262.75  0.0067238541439842365  -7.0928225766467315e-06
262.8  0.0067186545298522395  -5.835170933001361e-06
262.85  0.006718066277686953  -4.568488322161825e-06
262.90000000000003  0.006722109949477215  -3.289400812800736e-06
262.95  0.00673079148124358  -1.9970333367184808e-06
263.0  0.0067441013306092585  -6.939493832449301e-07
263.05  0.0067620135491376285  6.131994975100812e-07
263.1  0.006784484838033962  1.913439432945886e-06
263.15000000000003  0.006811453651260166  3.1917359684033693e-06
263.2  0.0068428394152985714  4.4297624952848304e-06
263.25  0.006878541932675295  5.607108322567913e-06
263.3  0.00691844102260801  6.7027995049508685e-06
263.35  0.006962396432978201  7.696981229603455e-06
263.40000000000003  0.007010248076789653  8.57258814485264e-06
263.45  0.007061816710248163  9.316796078305598e-06
263.5  0.007116905217377589  9.92206738461157e-06
263.55  0.007175300645563767  1.038667042579886e-05
263.6  0.0072367770137579035  1.071463558096392e-05
263.65000000000003  0.007301098698782211  1.0915186941019766e-05
263.7  0.007368023975070883  1.1001742998447457e-05
263.75  0.00743730818177386  1.0990615643577155e-05
263.8  0.00750870613825103  1.089955630591555e-05
263.85  0.00758197378446177  1.0746305892236025e-05
263.90000000000003  0.007656869340668328  1.0547301555191787e-05
263.95  0.007733154311338233  1.0316666933054289e-05
264.0  0.007810594452968805  1.0065569187028238e-05
264.05  0.007888960643587534  9.801977573125507e-06
264.1  0.00796802954338086  9.530803660156278e-06
264.15000000000003  0.008047583981346602  9.254349366182681e-06
264.2  0.008127413084200709  8.97294830228931e-06
264.25  0.00820731223079328  8.68566543531723e-06
264.3  0.008287082947240367  8.390923220262208e-06
264.35  0.008366532852339974  8.086954762439197e-06
264.40000000000003  0.00844547571630395  7.772035872662811e-06
264.45  0.008523731639795442  7.444483904200366e-06
264.5  0.008601127351411907  7.102431756877308e-06
264.55  0.008677496629329463  6.743431568999565e-06
264.6  0.008752680829657047  6.363992500859337e-06
264.65000000000003  0.008826529478564629  5.95916480820696e-06
264.7  0.008898900871057453  5.52226494990901e-06
264.75  0.008969662602443775  5.04481252016114e-06
264.8  0.009038691941962818  4.51671023852081e-06
264.85  0.009105875960335408  3.926653652634694e-06
264.90000000000003  0.009171111347904428  3.262718555623643e-06
264.95  0.009234303895754633  2.5130455839195205e-06
265.0  0.009295367647724604  1.6665379341866842e-06
265.05  0.009354223776233477  7.135141889080365e-07
265.1  0.009410799301107874  -3.5370882252597837e-07
265.15000000000003  0.009465025845457603  -1.5403202405472104e-06
265.2  0.00951683867129403  -2.8486313105692684e-06
265.25  0.009566176220565681  -4.2778350969966336e-06
265.3  0.009612980230805642  -5.8239454365194865e-06
265.35  0.009657196007697075  -7.4799363524145946e-06
265.40000000000003  0.009698771491521718  -9.23603137885128e-06
265.45  0.009737653166250523  -1.1079995228211617e-05
265.5  0.009773778931375439  -1.2997371762166097e-05
265.55  0.009807072722729371  -1.4971919944645637e-05
265.6  0.009837446146292535  -1.6986314245879955e-05
265.65000000000003  0.009864805827568206  -1.9022607677658554e-05
265.7  0.009889060911162498  -2.1062241089939366e-05
265.75  0.009910127614018266  -2.3085995013121457e-05
265.8  0.009927931091068268  -2.5074270985385228e-05
265.85  0.009942405808329925  -2.7007772467550656e-05
265.90000000000003  0.009953495284440927  -2.8868442692479177e-05
265.95  0.009961151644133472  -3.064044152186262e-05
266.0  0.009965335189901283  -3.231095769360484e-05
266.05  0.009966014083532222  -3.3870718561555634e-05
266.1  0.009963164160264564  -3.5314131785431825e-05
266.15000000000003  0.009956768848841785  -3.663905583721222e-05
266.2  0.009946819146604934  -3.784625646890862e-05
266.25  0.00993331360951765  -3.893864816600518e-05
266.3  0.009916258345427899  -3.9920441248735606e-05
266.35  0.009895667005618152  -4.079632482794011e-05
266.40000000000003  0.009871560763242979  -4.157080968470299e-05
266.45  0.00984396828689922  -4.2247825768700324e-05
266.5  0.009812925759947992  -4.283061706558428e-05
266.55  0.00977847703985419  -4.332190911986994e-05
266.6  0.009740674063169516  -4.3724273381133266e-05
266.65000000000003  0.009699577427754532  -4.4040572568788e-05
266.7  0.009655256897184222  -4.4274313429886025e-05
266.75  0.009607791824543816  -4.442954118399035e-05
266.8  0.00955727022266933  -4.4510740315172445e-05
266.85  0.009503788215272372  -4.4523699989437874e-05
266.90000000000003  0.009447450798714585  -4.447407061557427e-05
266.95  0.009388370857221098  -4.436669247552305e-05
267.0  0.009326668722869375  -4.420536188466518e-05
267.05  0.009262471999264475  -4.399255358348489e-05
267.1  0.00919591545351214  -4.372934260297901e-05
267.15000000000003  0.009127140937223577  -4.341562128641577e-05
267.2  0.009056297304670809  -4.305058325572125e-05
267.25  0.00898354028279209  -4.263336261518097e-05
267.3  0.008909032262286554  -4.2163666363057245e-05
267.35  0.008832942019528958  -4.1642248030547536e-05
267.40000000000003  0.00875544439092299  -4.1071122635880604e-05
267.45  0.008676719942248508  -4.045347558975505e-05
267.5  0.00859695469885642  -3.979328506748293e-05
267.55  0.00851633996072617  -3.909475297359698e-05
267.6  0.008435072196381708  -3.836167264871915e-05
267.65000000000003  0.008353353006952186  -3.759686824086206e-05
267.7  0.008271389113343968  -3.680183261053033e-05
267.75  0.00818939226709093  -3.5976660761908794e-05
267.8  0.008107578965746726  -3.512031745098888e-05
267.85  0.008026169891017104  -3.423120055589784e-05
267.90000000000003  0.007945389018477382  -3.3307912780446955e-05
267.95  0.007865462395470018  -3.235009465762607e-05
268.0  0.007786616667805512  -3.1359116996119914e-05
268.05  0.007709077470753919  -3.0338449478089487e-05
268.1  0.007633067791421667  -2.9293590003183885e-05
268.15000000000003  0.007558806405759453  -2.8231528929765707e-05
268.2  0.00748650650140857  -2.7159824988498294e-05
268.25  0.007416374594316532  -2.6085463763075982e-05
268.3  0.007348609821275593  -2.501372381881425e-05
268.35  0.007283403652713625  -2.3947271907355945e-05
268.40000000000003  0.007220940014015997  -2.288564727890542e-05
268.45  0.007161395724959409  -2.1825208292499038e-05
268.5  0.00710494112385665  -2.0759545968455266e-05
268.55  0.007051740726098509  -1.9680283694227982e-05
268.6  0.007001953748172581  -1.8578101403712623e-05
268.65000000000003  0.006955734350260494  -1.7443802275298816e-05
268.7  0.006913231514669599  -1.6269262065304193e-05
268.75  0.006874588540323898  -1.5048147320671706e-05
268.8  0.006839942168886252  -1.3776349135846917e-05
268.85  0.006809421396237687  -1.2452147112741895e-05
268.90000000000003  0.006783146057356491  -1.107617801103326e-05
268.95  0.006761225267964309  -9.651308816788244e-06
269.0  0.006743755773980878  -8.182506450693802e-06
269.05  0.006730820231491713  -6.676770939637404e-06
269.1  0.006722485430130229  -5.143159946989197e-06
269.15000000000003  0.006718800488222817  -3.5928804131232644e-06
269.2  0.0067197950958985155  -2.039370272136174e-06
269.25  0.006725477955419591  -4.982612516248978e-07
269.3  0.0067358356302800355  1.0128835971854348e-06
269.35  0.006750832005922549  2.475127454685686e-06
269.40000000000003  0.006770408473864054  3.869019821585706e-06
269.45  0.0067944848217660146  5.175683670206351e-06
269.5  0.006822960693635429  6.377982975565548e-06
269.55  0.006855717434865538  7.4615962040482725e-06
269.6  0.006892620147202872  8.415847722288264e-06
269.65000000000003  0.006933519815536226  9.234224636131257e-06
269.7  0.006978255402842832  9.914574273248948e-06
269.75  0.007026655855978803  1.04589942864099e-05
269.8  0.007078542041682976  1.087342605475592e-05
269.85  0.00713372867522043  1.1166977477651156e-05
269.90000000000003  0.007192026255695434  1.1351039202637119e-05
269.95  0.007253242834052862  1.1438294584460952e-05
270.0  0.007317185186975515  1.144173578008444e-05
270.05  0.007383658899548321  1.137378619118808e-05
270.1  0.007452467163595442  1.1245623817456396e-05
270.15000000000003  0.007523408629903732  1.1066804178325438e-05
270.2  0.00759627504715773  1.0845237680527385e-05
270.25  0.007670849457673346  1.0587489119055027e-05
270.3  0.007746905458537516  1.0299279101885196e-05
270.35  0.007824207712620913  9.98602557722379e-06
270.40000000000003  0.007902513667244364  9.653279754524278e-06
270.45  0.00798157627946285  9.306956869235853e-06
270.5  0.008061147429962844  8.953329150047503e-06
270.55  0.008140981652065216  8.598815554837633e-06
270.6  0.00822083980359992  8.249621396608928e-06
270.65000000000003  0.008300492363985506  7.911258933313165e-06
270.7  0.008379722124721243  7.587974733664924e-06
270.75  0.00845832614419334  7.282143885120008e-06
270.8  0.008536116939656247  6.993726622535482e-06
270.85  0.008612922945137996  6.719872286095339e-06
270.90000000000003  0.008688588280980979  6.454714202517896e-06
270.95  0.008762971894390629  6.1893631387543145e-06
271.0  0.00883594615061784  5.912092713901091e-06
271.05  0.008907394981652493  5.608713171603483e-06
271.1  0.008977211744163435  5.263124793028742e-06
271.15000000000003  0.009045296977971462  4.858027971398574e-06
271.2  0.009111556263919431  4.375753517737062e-06
271.25  0.009175898363416009  3.7991631727410816e-06
271.3  0.009238233783470443  3.1125620101212618e-06
271.35  0.009298473855333042  2.302569041085749e-06
271.40000000000003  0.009356530357007406  1.3589067053978589e-06
271.45  0.009412315644507193  2.750760337761379e-07
271.5  0.009465743211697495  -9.511449092387949e-07
271.55  0.009516728597090893  -2.3174593387344326e-06
271.6  0.009565190563444771  -3.817111977859779e-06
271.65000000000003  0.009611052493618601  -5.439248834750582e-06
271.7  0.009654243988305689  -7.169553727893987e-06
271.75  0.009694702617810426  -8.991128681679884e-06
271.8  0.009732375370624876  -1.088554192402308e-05
271.85  0.009767218246926227  -1.2833862925243818e-05
271.90000000000003  0.009799191414298653  -1.4817397272651459e-05
271.95  0.009828249495182928  -1.681803955464869e-05
272.0  0.00985433291653951  -1.88187034938369e-05
272.05  0.00987736784350016  -2.080396468220443e-05
272.1  0.00989727362432291  -2.2760151379560294e-05
272.15000000000003  0.009913970710166989  -2.4674646987090402e-05
272.2  0.009927385338379365  -2.6535055558937902e-05
272.25  0.009937451508474596  -2.8328801954049592e-05
272.3  0.00994411169033426  -3.004332765074547e-05
272.35  0.009947317153849276  -3.1666774053257334e-05
272.40000000000003  0.009947028285150457  -3.318890410581612e-05
272.45  0.009943214978598194  -3.4601973489835634e-05
272.5  0.009935857063896351  -3.5901299024166045e-05
272.55  0.009924944660217847  -3.708536937203105e-05
272.6  0.00991047833344813  -3.815547908193137e-05
272.65000000000003  0.009892468972852  -3.911498404799407e-05
272.7  0.00987093737637109  -3.9968351604901065e-05
272.75  0.00984591359074492  -4.0720223042350095e-05
272.8  0.0098174360934185  -4.137470648301423e-05
272.85  0.00978555095823401  -4.1935049487437955e-05
272.90000000000003  0.009750311214395185  -4.240373450154328e-05
272.95  0.009711776533976542  -4.278293376927588e-05
273.0  0.009670013089048132  -4.3075126606073725e-05
273.05  0.009625093415661697  -4.328364873692949e-05
273.1  0.009577096871719216  -4.34128688120239e-05
273.15000000000003  0.009526109504572406  -4.346809741111243e-05
273.2  0.009472223468591138  -4.345560470788886e-05
273.25  0.009415538120485947  -4.3381520842333364e-05
273.3  0.009356160494284227  -4.3251153694913624e-05
273.35  0.009294205769210757  -4.306843134895693e-05
273.40000000000003  0.009229797703074168  -4.2835506023268676e-05
273.45  0.009163068849223473  -4.25527235119743e-05
273.5  0.009094160484020113  -4.2218985248801524e-05
273.55  0.009023222254595054  -4.183240236324749e-05
273.6  0.008950411620818086  -4.139108462238051e-05
273.65000000000003  0.008875893197976298  -4.089389246154848e-05
273.7  0.008799838113525773  -4.034098530574174e-05
273.75  0.008722423471785794  -3.97340346219837e-05
273.8  0.00864383198184265  -3.907605710579533e-05
273.85  0.00856425176024588  -3.83709389397432e-05
273.90000000000003  0.008483876273974296  -3.7622804343766586e-05
273.95  0.00840290433759201  -3.68354047439069e-05
274.0  0.008321540045054119  -3.601169384171202e-05
274.05  0.008239992517684421  -3.515370281365489e-05
274.1  0.00815847537058342  -3.426275837376761e-05
274.15000000000003  0.008077205851271297  -3.334004277421187e-05
274.2  0.007996403704434642  -3.238739431858363e-05
274.25  0.007916289885626013  -3.14080962362054e-05
274.3  0.007837085267306492  -3.0407366386761498e-05
274.35  0.007759009461179984  -2.9392315787613905e-05
274.40000000000003  0.007682279831874361  -2.837125459405084e-05
274.45  0.007607110732498122  -2.7352400992516967e-05
274.5  0.0075337129697257265  -2.634225087340179e-05
274.55  0.0074622934985666915  -2.534399889127486e-05
274.6  0.00739305534354448  -2.4356399707533167e-05
274.65000000000003  0.007326197720257527  -2.3373344185216502e-05
274.7  0.007261916282945697  -2.2384269713000965e-05
274.75  0.007200403380106154  -2.1375361465082134e-05
274.8  0.0071418481490912985  -2.0331342867608632e-05
274.85  0.007086436237768813  -1.9237542515176147e-05
274.90000000000003  0.00703434899290431  -1.8081908760281275e-05
274.95  0.006985762079210655  -1.6856684023809893e-05
275.0  0.00694084360692219  -1.555950754548527e-05
275.05  0.006899751925865396  -1.4193811206789348e-05
275.1  0.0068626332913732414  -1.2768495735992253e-05
275.15000000000003  0.006829619641474953  -1.1296969247133738e-05
275.2  0.0068008267398891415  -9.795711999034706e-06
275.25  0.006776352893570269  -8.282607482438332e-06
275.3  0.006756278365810418  -6.775288205253501e-06
275.35  0.006740665499361299  -5.289710178692927e-06
275.40000000000003  0.006729559447310714  -3.839116468414826e-06
275.45  0.006722989308767838  -2.433478545620388e-06
275.5  0.006720969403469107  -1.079425766950408e-06
275.55  0.006723500425322404  2.1940217175633976e-07
275.6  0.006730570285136704  1.4616995416505338e-06
275.65000000000003  0.006742154545426062  2.6476783012834173e-06
275.7  0.0067582164398212324  3.7782303322184557e-06
275.75  0.0067787065359305974  4.854186016956489e-06
275.8  0.006803562146745543  5.8757450081754655e-06
275.85  0.006832706632790128  6.842095348530681e-06
275.90000000000003  0.006866048756735959  7.751192729897475e-06
275.95  0.006903482230349734  8.59966901271181e-06
276.0  0.006944885526211091  9.382864277342083e-06
276.05  0.006990121966045251  1.009499444721482e-05
276.1  0.007039040097108723  1.072945262306128e-05
276.15000000000003  0.007091474401775477  1.1279221508286453e-05
276.2  0.007147246401227512  1.173738001657493e-05
276.25  0.007206166178446473  1.209769565939517e-05
276.3  0.007268034210867354  1.2355278955695348e-05
276.35  0.007332643165340531  1.2507242256467644e-05
276.40000000000003  0.0073997791336909684  1.2553283464472452e-05
276.45  0.007469221927068357  1.2496124802061447e-05
276.5  0.007540744532942046  1.2341762297597061e-05
276.55  0.007614112352808711  1.2099512218982118e-05
276.6  0.0076890830023392765  1.1781859820279182e-05
276.65000000000003  0.007765407218339736  1.1404091397116873e-05
276.7  0.007842831009591591  1.0983663585961435e-05
276.75  0.007921098840639464  1.0539300869079869e-05
276.8  0.007999957437781624  1.0089879493972344e-05
276.85  0.008079159737677172  9.653197100932049e-06
276.90000000000003  0.008158468547826155  9.244730872917304e-06
276.95  0.008237659592260997  8.876498296487502e-06
277.0  0.008316523694160378  8.556131039009996e-06
277.05  0.008394867926601404  8.286233311772735e-06
277.1  0.008472515682633349  8.064070704592757e-06
277.15000000000003  0.008549305763859656  7.88162192297105e-06
277.2  0.00862509070865754  7.72599315918953e-06
277.25  0.008699734651245648  7.5801578021167905e-06
277.3  0.008773111022828463  7.423956908120396e-06
277.35  0.008845100372801805  7.235281492084302e-06
277.40000000000003  0.008915588510217117  6.991357193245361e-06
277.45  0.008984465079548606  6.6700516764059206e-06
277.5  0.009051622618798685  6.251120779508565e-06
277.55  0.00911695609396544  5.717306138825322e-06
277.6  0.009180362855053416  5.055198705855608e-06
277.65000000000003  0.009241742925014642  4.2558030106433915e-06
277.7  0.00930099950918804  3.3147709169402523e-06
277.75  0.009358039600219432  2.2323034641126593e-06
277.8  0.009412774556538068  1.0127471854795613e-06
277.85  0.009465120554298097  -3.360580835245808e-07
277.90000000000003  0.009514998857631327  -1.8035935261259686e-06
277.95  0.009562335907877317  -3.377527353497044e-06
278.0  0.009607063299210995  -5.04451966321719e-06
278.05  0.009649117781524458  -6.790886330396641e-06
278.1  0.009688441478288769  -8.603092966249972e-06
278.15000000000003  0.009724982484544004  -1.0468088397494913e-05
278.2  0.009758695694506846  -1.2373496470977893e-05
278.25  0.009789542679550192  -1.4307636437897918e-05
278.3  0.009817487997618968  -1.6259244124887763e-05
278.35  0.009842490289448926  -1.8216888167706322e-05
278.40000000000003  0.009864492701155747  -2.0168620298188235e-05
278.45  0.009883421326252056  -2.2102244208785568e-05
278.5  0.009899192935294666  -2.400548135103647e-05
278.55  0.00991172473202655  -2.5865566431535513e-05
278.6  0.00992094079739824  -2.7668838582472668e-05
278.65000000000003  0.009926775069252327  -2.9400888998503443e-05
278.7  0.009929172422763331  -3.104733044880669e-05
278.75  0.009928088973780638  -3.259496116268589e-05
278.8  0.00992349212823653  -3.403299862583228e-05
278.85  0.009915360577213001  -3.5354053746184824e-05
278.90000000000003  0.009903684275545954  -3.655458524553563e-05
278.95  0.009888464351715691  -3.763472331360272e-05
279.0  0.00986971285312447  -3.85975258326513e-05
279.05  0.009847452238613302  -3.944787534025873e-05
279.1  0.009821714573146716  -4.019131196418424e-05
279.15000000000003  0.00979254046475369  -4.0833076883584386e-05
279.2  0.009759977933583283  -4.137754705270262e-05
279.25  0.00972408148389907  -4.182811941568988e-05
279.3  0.00968491147048188  -4.218746234056339e-05
279.35  0.009642533717098545  -4.2457947550764005e-05
279.40000000000003  0.009597019741677638  -4.264177037968379e-05
279.45  0.009548446303441045  -4.2741121666969335e-05
279.5  0.009496895853192784  -4.275954738156795e-05
279.55  0.009442458718672778  -4.2700622963333074e-05
279.6  0.009385233885315189  -4.2567585902042385e-05
279.65000000000003  0.00932533020962795  -4.236338669943553e-05
279.7  0.009262867514212025  -4.2090713157535e-05
279.75  0.00919797712546953  -4.1752174781962106e-05
279.8  0.00913080164347884  -4.1350662952644525e-05
279.85  0.00906149391507946  -4.088977740322969e-05
279.90000000000003  0.008990215403776326  -4.0374154169949244e-05
279.95  0.008917134311311732  -3.980954310524715e-05
280.0  0.00884242384345565  -3.920255435504112e-05
280.05  0.008766260930302142  -3.856009765738311e-05
280.1  0.0086888255576439  -3.788863468251968e-05
280.15000000000003  0.008610300704889625  -3.719341516848688e-05
280.2  0.008530872756187063  -3.647787071671201e-05
280.25  0.008450732162418704  -3.574329854908605e-05
280.3  0.008370074085571971  -3.4988917573176305e-05
280.35  0.008289098781941413  -3.421232322858271e-05
280.40000000000003  0.008208011566910346  -3.341028449077173e-05
280.45  0.008127022303847613  -3.2579754700570424e-05
280.5  0.00804634447843966  -3.171889651746793e-05
280.55  0.007966194038039411  -3.082784088500822e-05
280.6  0.007886788216165664  -2.9908953563584206e-05
280.65000000000003  0.007808344514477969  -2.8966505434418623e-05
280.7  0.007731079937041477  -2.8005779507586253e-05
280.75  0.0076552104935048056  -2.7031798612162284e-05
280.8  0.007580950916182595  -2.604797820064971e-05
280.85  0.007508514486317172  -2.5055058378277096e-05
280.90000000000003  0.007438112838148065  -2.4050626979598212e-05
280.95  0.00736995558770764  -2.3029393549387332e-05
281.0  0.007304249659315467  -2.198415481236983e-05
281.05  0.007241198231161447  -2.0907249252805554e-05
281.1  0.00718099929692676  -1.9792213140336892e-05
281.15000000000003  0.007123843923201017  -1.863529550243479e-05
281.2  0.00706991433827157  -1.7436511181113132e-05
281.25  0.007019382047050651  -1.6200017579891e-05
281.3  0.006972406200137659  -1.4933751835823227e-05
281.35  0.006929132410331846  -1.3648403790523538e-05
281.40000000000003  0.006889692130713526  -1.2355898969969337e-05
281.45  0.006854202627331846  -1.1067635476839764e-05
281.5  0.006822767506752304  -9.792770445882562e-06
281.55  0.006795477677403496  -8.536855390438815e-06
281.6  0.0067724125615887054  -7.301051259396955e-06
281.65000000000003  0.00675364135385015  -6.082038951829738e-06
281.7  0.00673922412272331  -4.8726265139780195e-06
281.75  0.006729212570785343  -3.6629534073394743e-06
281.8  0.006723650306195274  -2.442110514578335e-06
281.85  0.006722572532847993  -1.1999440629074146e-06
281.90000000000003  0.006726005125228899  7.119302826735744e-08
281.95  0.006733963112604605  1.3749368875839155e-06
282.0  0.006746448649746941  2.709803310510168e-06
282.05  0.006763448597911446  4.068581454455609e-06
282.1  0.006784931892847392  5.438286688508339e-06
282.15000000000003  0.0068108469401040265  6.800671609130047e-06
282.2  0.006841119349502493  8.133233437475616e-06
282.25  0.006875650373132107  9.410607227679925e-06
282.3  0.006914316375070046  1.0606232240872068e-05
282.35  0.006956969524509204  1.169419236943333e-05
282.40000000000003  0.007003439724898393  1.2651101161495848e-05
282.45  0.007053537618873161  1.3457845355542644e-05
282.5  0.007107058398819595  1.4100984322462388e-05
282.55  0.007163786123850552  1.4573654489894387e-05
282.6  0.007223498247906041  1.4875913954530264e-05
282.65000000000003  0.00728596999339631  1.5014550170890053e-05
282.7  0.007350978004111413  1.500242609463218e-05
282.75  0.007418302552556575  1.4857440829794001e-05
282.8  0.007487727800551997  1.4601183661957094e-05
282.85  0.007559040286399222  1.425740290483811e-05
282.90000000000003  0.007632026495144991  1.3850449358882669e-05
282.95  0.0077064705848681825  1.3403842821141017e-05
283.0  0.007782153075982193  1.29390591342836e-05
283.05  0.007858850850876398  1.247457607643122e-05
283.1  0.007936338406785188  1.2025178574245229e-05
283.15000000000003  0.008014390042913001  1.1601511199767134e-05
283.2  0.008092782529297411  1.1209867387473713e-05
283.25  0.008171297802508661  1.085221008773132e-05
283.3  0.00824972532965981  1.0526424023244895e-05
283.35  0.008327863900383294  1.0226794372202911e-05
283.40000000000003  0.008405522722434174  9.944675335984683e-06
283.45  0.008482521826577081  9.66927469394865e-06
283.5  0.008558691916751363  9.388480487743572e-06
283.55  0.00863387386178393  9.089669386577513e-06
283.6  0.008707918008716085  8.760426326028825e-06
283.65000000000003  0.008780683465975912  8.389107012416585e-06
283.7  0.008852037466384296  7.965206280500482e-06
283.75  0.00892185486319532  7.47953652242897e-06
283.8  0.008990017749936264  6.924244125842368e-06
283.85  0.009056415151044734  6.292695886267149e-06
283.90000000000003  0.009120942713603988  5.579277268944223e-06
283.95  0.00918350233764459  4.779162366138888e-06
284.0  0.009244001706713752  3.888120362247561e-06
284.05  0.009302353705968444  2.902410209094923e-06
284.1  0.009358475741246337  1.8187948190380413e-06
284.15000000000003  0.009412289002421727  6.346854453217527e-07
284.2  0.009463717738386617  -6.515952895829857e-07
284.25  0.00951268862843515  -2.0404547339866183e-06
284.3  0.009559130343449476  -3.5306020335263655e-06
284.35  0.009602973390606333  -5.118590155014668e-06
284.40000000000003  0.009644150322722483  -6.798397508497664e-06
284.45  0.009682596397187021  -8.561148361384808e-06
284.5  0.009718250795583777  -1.0395068788656765e-05
284.55  0.009751058407417338  -1.2285739421703372e-05
284.6  0.009780971590636869  -1.4216641318139476e-05
284.65000000000003  0.009807949985712645  -1.616985565668496e-05
284.7  0.009831955493642942  -1.8126662470660518e-05
284.75  0.009852942530893407  -2.006809333141546e-05
284.8  0.009870850599940702  -2.197594459064615e-05
284.85  0.009885606341459926  -2.3834004527479986e-05
284.90000000000003  0.009897132415948492  -2.562848818638132e-05
284.95  0.009905355710561774  -2.7347649446734954e-05
285.0  0.009910211709508704  -2.8981333707538134e-05
285.05  0.00991164600514157  -3.0520924205116245e-05
285.1  0.00990961457972118  -3.195965899039235e-05
285.15000000000003  0.009904083823794874  -3.3293077520501494e-05
285.2  0.009895030666430589  -3.4519323213797156e-05
285.25  0.0098824428645569  -3.563909659201954e-05
285.3  0.00986631933384764  -3.665518950158991e-05
285.35  0.009846670338631923  -3.757168094988444e-05
285.40000000000003  0.009823517377208758  -3.839298113024151e-05
285.45  0.009796892675885337  -3.912294597207422e-05
285.5  0.009766838357412287  -3.976423707924067e-05
285.55  0.009733405532522114  -4.031802068269597e-05
285.6  0.00969665350298466  -4.078402252929304e-05
285.65000000000003  0.009656649050948235  -4.1160847572000986e-05
285.7  0.009613466001139735  -4.144645285615073e-05
285.75  0.009567184891029833  -4.163903683742733e-05
285.8  0.009517893021043715  -4.173756940598129e-05
285.85  0.009465685063491767  -4.174183860664832e-05
285.90000000000003  0.009410663279137527  -4.165299182293809e-05
285.95  0.009352937818149899  -4.147388127526054e-05
286.0  0.00929262674198509  -4.1209107222127794e-05
286.05  0.009229855675347667  -4.086485485554561e-05
286.1  0.009164757158630823  -4.044860789801562e-05
286.15000000000003  0.0090974698408034  -3.996879212512299e-05
286.2  0.009028137691761418  -3.943438004172144e-05
286.25  0.008956909414001369  -3.8854487566272245e-05
286.3  0.00888393821151854  -3.823797661629752e-05
286.35  0.008809382053792182  -3.759302215063582e-05
286.40000000000003  0.008733404486781034  -3.692656971931712e-05
286.45  0.008656175865518359  -3.624367728068397e-05
286.5  0.008577874667021434  -3.554688713190682e-05
286.55  0.008498688436474713  -3.483588764248806e-05
286.6  0.008418814023970243  -3.4107670306241615e-05
286.65000000000003  0.008338456989773344  -3.3357214180113606e-05
286.7  0.008257830246927746  -3.257858045973368e-05
286.75  0.008177152138777666  -3.1766214185768494e-05
286.8  0.008096644212223  -3.0916221473443955e-05
286.85  0.008016528967333372  -3.002738539628288e-05
286.90000000000003  0.007937027862953298  -2.9101717402093194e-05
286.95  0.007858359819454494  -2.8144410536962058e-05
287.0  0.007780740366534427  -2.7163159217478846e-05
287.05  0.0077043814375324605  -2.616694844275003e-05
287.1  0.007629491660123313  -2.516455110336008e-05
287.15000000000003  0.007556276899868125  -2.416304692461066e-05
287.2  0.0074849408121337516  -2.3166673010063184e-05
287.25  0.007415685209984434  -2.2176249467491165e-05
287.3  0.007348710099244831  -2.1189280070636282e-05
287.35  0.007284213277531265  -2.0200659340327734e-05
287.40000000000003  0.007222389471341022  -1.920380026180995e-05
287.45  0.007163429069207293  -1.819192016994003e-05
287.5  0.007107516582085438  -1.7159188949266657e-05
287.55  0.007054829011671018  -1.6101475043761432e-05
287.6  0.00700553432486921  -1.5016522782436417e-05
287.65000000000003  0.006959790213259856  -1.3903533234127124e-05
287.7  0.006917743271506254  -1.2762269306128119e-05
287.75  0.006879528661545783  -1.1591947106134316e-05
287.8  0.006845270223864618  -1.0390258634844155e-05
287.85  0.006815080874843809  -9.15285352219891e-06
287.90000000000003  0.0067890630356063  -7.873507423133087e-06
287.95  0.0067673088160374985  -6.545051306182121e-06
288.0  0.006749899743087517  -5.160947286865636e-06
288.05  0.006736905946632409  -3.71722523183468e-06
288.1  0.006728384858660972  -2.2143932321322476e-06
288.15000000000003  0.006724379604072568  -6.589169326460335e-07
288.2  0.0067249173265253506  9.360633587108865e-07
288.25  0.0067300076814181455  2.550948527277592e-06
288.3  0.006739641666647872  4.160810520932279e-06
288.35  0.006753790888774795  5.737260719946486e-06
288.40000000000003  0.006772407302918753  7.250784466626693e-06
288.45  0.006795423426142033  8.673223593650473e-06
288.5  0.006822752988372658  9.98007684498489e-06
288.55  0.006854291936184559  1.11523390314524e-05
288.6  0.006889919640044109  1.2177677260399892e-05
288.65000000000003  0.006929500109440418  1.3050840337572916e-05
288.7  0.00697288304567533  1.3773319269319563e-05
288.75  0.007019904710494234  1.4352343336681194e-05
288.8  0.007070388870120136  1.4799354674941406e-05
288.85  0.007124148320954614  1.5128209607595486e-05
288.90000000000003  0.007180987427373556  1.53534152529128e-05
288.95  0.0072407055899962585  1.5488647427617707e-05
289.0  0.007303100838851712  1.55456631733888e-05
289.05  0.007367972332970402  1.5533623283181816e-05
289.1  0.007435120892658437  1.5458828175734995e-05
289.15000000000003  0.0075043476274975  1.5324898319337493e-05
289.2  0.007575451540102774  1.5133404386836705e-05
289.25  0.007648227165253747  1.4884848329785754e-05
289.3  0.00772246297212413  1.4579801716313115e-05
289.35  0.007797940840123033  1.4219982916205588e-05
289.40000000000003  0.007874436611176662  1.3809075202090956e-05
289.45  0.007951721534603327  1.3353154459089672e-05
289.5  0.008029564353912558  1.2860685126655125e-05
289.55  0.008107733797915118  1.2342118243505527e-05
289.6  0.008186001284699302  1.1809177903791228e-05
289.65000000000003  0.008264143671680407  1.1273949480184754e-05
289.7  0.008341945877695506  1.074788104140083e-05
289.75  0.00841920320424816  1.0240783593922446e-05
289.8  0.008495723226074258  9.759901074894969e-06
289.85  0.008571327169806544  9.309127526541033e-06
289.90000000000003  0.008645850719277707  8.888437319511042e-06
289.95  0.008719144202183712  8.493570312710978e-06
290.0  0.008791072148581417  8.116000393152777e-06
290.05  0.008861512261076131  7.743201352536678e-06
290.1  0.008930353890195229  7.359195232695958e-06
290.15000000000003  0.008997496154866157  6.9453426555698275e-06
290.2  0.009062845869166575  6.481324717229513e-06
290.25  0.00912631544033149  5.9462612201005365e-06
290.3  0.009187820907802662  5.3198972809284396e-06
290.35  0.009247280278805161  4.583783443361692e-06
290.40000000000003  0.009304612268655827  3.722380895499314e-06
290.45  0.009359735496631383  2.724026061372437e-06
290.5  0.009412568150599451  1.5816882714165487e-06
290.55  0.009463028121757616  2.9346609648476423e-07
290.6  0.009511033597872642  -1.1372068538747742e-06
290.65000000000003  0.009556504058241273  -2.701655936874383e-06
290.7  0.00959936155733427  -4.386363968967963e-06
290.75  0.009639532178199267  -6.173674208681807e-06
290.8  0.00967694759936255  -8.042774160990158e-06
290.85  0.009711546786381609  -9.970899045808318e-06
290.90000000000003  0.009743277736336407  -1.1934662998854972e-05
290.95  0.009772098711783198  -1.391139816528065e-05
291.0  0.009797977270230816  -1.5880319529593984e-05
291.05  0.009820884529601254  -1.7823288587319415e-05
291.1  0.009840784699698558  -1.9725209893516916e-05
291.15000000000003  0.00985762634353398  -2.157446291979341e-05
291.2  0.009871342701564745  -2.3363181943587722e-05
291.25  0.009881859505659184  -2.5086567816879355e-05
291.3  0.009889103205791054  -2.674133728543183e-05
291.35  0.009893006040404474  -2.8324213550442888e-05
291.40000000000003  0.00989350854509348  -2.9831037498061005e-05
291.45  0.009890560964488579  -3.125657728298916e-05
291.5  0.009884124401429911  -3.2594867770948984e-05
291.55  0.00987417191998107  -3.383982345707209e-05
291.6  0.009860689512118798  -3.498588005269929e-05
291.65000000000003  0.009843676747731163  -3.602849717028993e-05
291.7  0.009823146934230382  -3.696444597989011e-05
291.75  0.009799126674680803  -3.7791872854552895e-05
291.8  0.009771654895517118  -3.851018587737886e-05
291.85  0.009740781603570692  -3.9119877716806844e-05
291.90000000000003  0.009706566461441635  -3.962240387729769e-05
291.95  0.009669077066122488  -4.00201017799879e-05
292.0  0.009628387265734978  -4.031612412428999e-05
292.05  0.009584575929767743  -4.051460079959966e-05
292.1  0.009537725432448668  -4.0620450069537534e-05
292.15000000000003  0.009487921514343585  -4.063899737125496e-05
292.2  0.009435253656797572  -4.0575876479998304e-05
292.25  0.00937981588308488  -4.043682777427345e-05
292.3  0.009321707895047545  -4.022741721315165e-05
292.35  0.009261036319185234  -3.9952796947538086e-05
292.40000000000003  0.00919791586601975  -3.9617571937790324e-05
292.45  0.009132470260515512  -3.92257910014329e-05
292.5  0.009064832868374628  -3.8781052090072524e-05
292.55  0.008995147020809184  -3.828668304901921e-05
292.6  0.00892356609602658  -3.774593628355093e-05
292.65000000000003  0.008850253396917637  -3.716213912098877e-05
292.7  0.008775381792180185  -3.653876720416185e-05
292.75  0.008699133057069531  -3.587940841532192e-05
292.8  0.008621696928787503  -3.5187602399767114e-05
292.85  0.008543270035102492  -3.44666084663862e-05
292.90000000000003  0.00846405492898094  -3.371920972494121e-05
292.95  0.008384259357074701  -3.294767929256795e-05
293.0  0.008304095675253082  -3.2153970474007066e-05
293.05  0.00822378015666424  -3.1340083605976995e-05
293.1  0.008143531904964519  -3.0508490746966115e-05
293.15000000000003  0.008063571226070453  -2.966247372297569e-05
293.2  0.007984117507638428  -2.8806264485500505e-05
293.25  0.007905386901121504  -2.7944943558446615e-05
293.3  0.007827590298687665  -2.7084078999071404e-05
293.35  0.007750932118867276  -2.622908925028474e-05
293.40000000000003  0.0076756102370970246  -2.5384348186811536e-05
293.45  0.00760181708818171  -2.4552128129812154e-05
293.5  0.007529741646290987  -2.3731572317130916e-05
293.55  0.007459571772459232  -2.2917958580074032e-05
293.6  0.007391496366171104  -2.2102500076896718e-05
293.65000000000003  0.007325706841867928  -2.1272823047227095e-05
293.7  0.007262397598848736  -2.0414112402672264e-05
293.75  0.007201765316557203  -1.951075964578661e-05
293.8  0.007144007088379952  -1.8548239043856133e-05
293.85  0.0070893176069875725  -1.751490285663275e-05
293.90000000000003  0.007037885789596521  -1.640341186279383e-05
293.95  0.006989891311931216  -1.5211578588779361e-05
294.0  0.0069455014980674586  -1.3942499591495065e-05
294.05  0.006904868921703967  -1.2603994650171745e-05
294.1  0.006868129927094687  -1.1207504953530306e-05
294.15000000000003  0.006835404100310092  -9.766688690770303e-06
294.2  0.006806794552972029  -8.295980950535378e-06
294.25  0.006782388762773538  -6.80935626367051e-06
294.3  0.006762259666688654  -5.3194559131406355e-06
294.35  0.00674646671511752  -3.837141184068096e-06
294.40000000000003  0.0067350566586183  -2.3714352223314863e-06
294.45  0.006728063941703029  -9.297466421902506e-07
294.5  0.006725510687938774  4.817610145486626e-07
294.55  0.006727406349319932  1.857781264046935e-06
294.6  0.0067337471592846245  3.193547317235574e-06
294.65000000000003  0.00674451555815489  4.484630061089588e-06
294.7  0.006759679752570018  5.726867663007283e-06
294.75  0.006779193521026886  6.916407961396928e-06
294.8  0.0068029962936884975  8.049808711119654e-06
294.85  0.0068310134558225806  9.124124045592211e-06
294.90000000000003  0.00686315676783604  1.0136910621650531e-05
294.95  0.006899324760584254  1.1086121537391677e-05
295.0  0.0069394029664538335  1.196991661675138e-05
295.05  0.006983263917609071  1.2786443025826901e-05
295.1  0.007030766994750838  1.3533605205165748e-05
295.15000000000003  0.007081758330800766  1.4208830678862644e-05
295.2  0.00713607092614369  1.4808877756702366e-05
295.25  0.007193524893074011  1.532974930837026e-05
295.3  0.007253927535308464  1.5766737867590278e-05
295.35  0.007317073125633246  1.6114597126312577e-05
295.40000000000003  0.007382742728229574  1.6367870475339563e-05
295.45  0.007450704722485127  1.6521442373010527e-05
295.5  0.007520716495755273  1.6571322466165818e-05
295.55  0.007592527304872303  1.6515561086078478e-05
295.6  0.0076658819439704064  1.635512905161592e-05
295.65000000000003  0.007740524737161067  1.6094601951608004e-05
295.7  0.007816203421509828  1.574253087403426e-05
295.75  0.007892672586474848  1.5311429101816887e-05
295.8  0.007969696442243322  1.481734877902849e-05
295.85  0.008047050795787502  1.4279057026001136e-05
295.90000000000003  0.008124524204707861  1.371685977292166e-05
295.95  0.00820191835045335  1.3151166135151629e-05
296.0  0.008279047732014544  1.2600918472783507e-05
296.05  0.008355738825493363  1.2082023844937611e-05
296.1  0.00843182887809506  1.1605921099748552e-05
296.15000000000003  0.008507164511283749  1.1178425002487163e-05
296.2  0.008581600299776095  1.0798984580046569e-05
296.25  0.008654997473416139  1.0460455695411274e-05
296.3  0.008727222859091374  1.0149436411983225e-05
296.35  0.008798148135444182  9.847150099976003e-06
296.40000000000003  0.00886764942075635  9.530795442665239e-06
296.45  0.008935607158274097  9.175235300505913e-06
296.5  0.009001906214671444  8.75485570436732e-06
296.55  0.009066436091182338  8.245406001809964e-06
296.6  0.009129091156931977  7.625649266756382e-06
296.65000000000003  0.009189770832914555  6.878691555847734e-06
296.7  0.009248379673951035  5.992898366221081e-06
296.75  0.009304827313603124  4.962347072970689e-06
296.8  0.00935902826450265  3.7868147321887244e-06
296.85  0.009410901611638623  2.47135577200027e-06
296.90000000000003  0.009460370673063719  1.0255627893854656e-06
296.95  0.00950736270036337  -5.373853526115675e-07
297.0  0.009551808665807609  -2.2017857200925804e-06
297.05  0.009593643170329087  -3.950482879825641e-06
297.1  0.009632804529209022  -5.765856887402451e-06
297.15000000000003  0.009669235138948244  -7.630655531362367e-06
297.2  0.009702882232561291  -9.528632265895107e-06
297.25  0.009733698940185725  -1.144498571335715e-05
297.3  0.009761644899299265  -1.3366597596284627e-05
297.35  0.009786684447171144  -1.5282007469476223e-05
297.40000000000003  0.009808780170746139  -1.7181073596198055e-05
297.45  0.009827883353648242  -1.9054589662110732e-05
297.5  0.009843928572957898  -2.0894237914583823e-05
297.55  0.009856837576207665  -2.2692470828138188e-05
297.6  0.009866528523325356  -2.4441732395067996e-05
297.65000000000003  0.009872923993908139  -2.613342664805458e-05
297.7  0.009875955535853699  -2.7757389130729208e-05
297.75  0.00987556577854917  -2.930214562613539e-05
297.8  0.009871709437485058  -3.075582394369343e-05
297.85  0.009864353909033752  -3.2107406640071566e-05
297.90000000000003  0.009853479676817198  -3.334794574370043e-05
297.95  0.009839080510289599  -3.447140309231019e-05
298.0  0.009821163342039228  -3.5474936658680596e-05
298.05  0.009799747713402097  -3.635864622788657e-05
298.1  0.00977486478363129  -3.712492627297429e-05
298.15000000000003  0.009746556088790673  -3.7777639960725615e-05
298.2  0.009714872213230162  -3.8321367342520105e-05
298.25  0.009679871277732514  -3.876091483998547e-05
298.3  0.009641617341281026  -3.9101135404396256e-05
298.35  0.009600179831621595  -3.9346454363554335e-05
298.40000000000003  0.009555632519061986  -3.9501087626227875e-05
298.45  0.009508053056329764  -3.956947181649002e-05
298.5  0.009457523961353725  -3.955567045198322e-05
298.55  0.009404133861853146  -3.946356896576605e-05
298.6  0.009347979045034833  -3.929695768838492e-05
298.65000000000003  0.009289165021967302  -3.905953553604298e-05
298.7  0.009227807851085979  -3.8754945333344836e-05
298.75  0.009164034973604553  -3.838689289179592e-05
298.8  0.009097985381006545  -3.795933988274912e-05
298.85  0.009029809029403566  -3.747673485993266e-05
298.90000000000003  0.008959665536050015  -3.694421087486624e-05
298.95  0.00888772238318985  -3.636766148416845e-05
299.0  0.008814153023748432  -3.575365502835002e-05
299.05  0.008739135335522117  -3.510921877805808e-05
299.1  0.008662850771402334  -3.4441575522885314e-05
299.15000000000003  0.008585484322439852  -3.37579140122544e-05
299.2  0.008507225133459912  -3.3065218221371857e-05
299.25  0.008428267401238036  -3.237011568825195e-05
299.3  0.00834881108978849  -3.1678694959339984e-05
299.35  0.008269062027153135  -3.099626527144004e-05
299.40000000000003  0.008189231152104954  -3.0327053832002657e-05
299.45  0.00810953296819473  -2.9673888461667455e-05
299.5  0.008030183477252206  -2.9037924284352526e-05
299.55  0.007951397987941092  -2.8418424032865154e-05
299.6  0.007873389234150643  -2.7812566481414536e-05
299.65000000000003  0.007796366167367376  -2.7215267641616185e-05
299.7  0.00772053362071502  -2.6619039873098838e-05
299.75  0.00764609282453953  -2.601396776070335e-05
299.8  0.007573242548476295  -2.5387905366967153e-05
299.85  0.007502180509097071  -2.4726980919346397e-05
299.90000000000003  0.0074331046208264626  -2.4016460390241882e-05
299.95  0.007366213693478505  -2.3241962567186636e-05
300.0  0.007301707307178383  -2.2390930068420507e-05
300.05  0.007239784749345541  -2.1454194938180152e-05
300.1  0.0071806430423995244  -2.042740959341726e-05
300.15000000000003  0.0071244742547412875  -1.9312059030382966e-05
300.2  0.007071462439519562  -1.8115786660380945e-05
300.25  0.007021780619852043  -1.685186024123137e-05
300.3  0.006975588224643578  -1.553775455762514e-05
300.35  0.006933029294857112  -1.4193014906877303e-05
300.40000000000003  0.006894231640707066  -1.2836726583027848e-05
300.45  0.006859306975515948  -1.148499039964967e-05
300.5  0.006828351912958232  -1.014883055729318e-05
300.55  0.0068014496037383885  -8.832900698604528e-06
300.6  0.006778671708003827  -7.535195095952577e-06
300.65000000000003  0.00676008037016995  -6.247778031309649e-06
300.7  0.006745729883195201  -4.958367471547481e-06
300.75  0.0067356677714940135  -3.6524770261624665e-06
300.8  0.006729935086129322  -2.315762886375396e-06
300.85  0.006728565804957766  -9.362582124107096e-07
300.90000000000003  0.0067315853612778115  4.937264606421948e-07
300.95  0.006739008468131479  1.97618842361396e-06
301.0  0.006750836521334869  3.506622135742296e-06
301.05  0.006767054931277962  5.07388197232164e-06
301.1  0.006787630732485915  6.660709439371802e-06
301.15000000000003  0.006812510735143168  8.244829578608203e-06
301.2  0.006841620348236578  9.800457303008023e-06
301.25  0.006874863076961036  1.1300016561857351e-05
301.3  0.006912120684037202  1.2715863519805285e-05
301.35  0.00695325415371087  1.4021855938085229e-05
301.40000000000003  0.0069981056904991346  1.519468327913589e-05
301.45  0.007046501774124841  1.621491089554513e-05
301.5  0.007098256771396515  1.70677131862836e-05
301.55  0.0071531761926899185  1.774330147817538e-05
301.6  0.007211058888914675  1.823709553900395e-05
301.65000000000003  0.007271698205978875  1.854971710096049e-05
301.7  0.007334882674222647  1.8686880493755364e-05
301.75  0.007400396808560824  1.8659207559954388e-05
301.8  0.007468022238489082  1.8481929849808782e-05
301.85  0.007537539062126226  1.8174403597651047e-05
301.90000000000003  0.007608727199227273  1.7759367825372466e-05
301.95  0.007681367559688696  1.7261914485107448e-05
302.0  0.007755242944830137  1.670819237799195e-05
302.05  0.00783013868095519  1.6123932180163e-05
302.1  0.007905843030299465  1.5532934147371513e-05
302.15000000000003  0.00798214745927119  1.4955667602397357e-05
302.2  0.008058846866483371  1.4408109504278961e-05
302.25  0.008135739861613814  1.3900922420026326e-05
302.3  0.008212629142478538  1.34390422842111e-05
302.35  0.008289321957270657  1.3021707559790932e-05
302.40000000000003  0.008365630602132522  1.2642918026461089e-05
302.45  0.008441372929566933  1.2292273710223401e-05
302.5  0.008516372895855575  1.1956105618001262e-05
302.55  0.008590461200947547  1.1618773657047161e-05
302.6  0.008663476039662391  1.1263979374005407e-05
302.65000000000003  0.008735263920563664  1.0875941880847811e-05
302.7  0.008805680458173745  1.0440327031912972e-05
302.75  0.00887459102194265  9.94487596008413e-06
302.8  0.008941871133658297  9.37972521247935e-06
302.85  0.009007406533048275  8.737439077669833e-06
302.90000000000003  0.009071092867559957  8.012793071369634e-06
302.95  0.00913283499960165  7.202367760522654e-06
303.0  0.009192545967057134  6.304038041531255e-06
303.05  0.009250145678009275  5.316466129405861e-06
303.1  0.009305559457143401  4.238701632361568e-06
303.15000000000003  0.009358716577220802  3.069951235537774e-06
303.2  0.009409548906498021  1.8095300344694626e-06
303.25  0.009457989795073066  4.5698396812912033e-07
303.3  0.009503973303120722  -9.87615727768206e-07
303.35  0.009547433832901471  -2.5231941264865695e-06
303.40000000000003  0.009588306186563724  -4.147023182300026e-06
303.45  0.009626526073983024  -5.853993096515321e-06
303.5  0.009662031143995914  -7.636001509632239e-06
303.55  0.009694762570804163  -9.48169959757436e-06
303.6  0.009724666787102912  -1.1376725443781006e-05
303.65000000000003  0.009751695906047946  -1.3304336348760267e-05
303.7  0.00977580443887114  -1.5246196162764888e-05
303.75  0.009796941670264753  -1.7183196771849945e-05
303.8  0.009815044485648902  -1.9096478440665522e-05
303.85  0.00983003747336697  -2.0968525508255116e-05
303.90000000000003  0.00984184026339801  -2.2783705912879835e-05
303.95  0.009850375940400969  -2.452814642569743e-05
304.0  0.00985557637536513  -2.6189502136522717e-05
304.05  0.009857384453715388  -2.775703368732219e-05
304.1  0.009855754611109975  -2.92220045088833e-05
304.15000000000003  0.009850652763045115  -3.057819904407724e-05
304.2  0.0098420561385909  -3.182232574111796e-05
304.25  0.00982995313735158  -3.295411089916274e-05
304.3  0.009814343130861495  -3.397599954335429e-05
304.35  0.009795236069213335  -3.489251825116931e-05
304.40000000000003  0.009772651819273294  -3.570942851709142e-05
304.45  0.009746619333186265  -3.643280882601541e-05
304.5  0.009717175763764747  -3.7068231113118685e-05
304.55  0.009684365473289566  -3.762022601826686e-05
304.6  0.009648239209215351  -3.8092026804491055e-05
304.65000000000003  0.009608853182343592  -3.848504546331455e-05
304.7  0.009566268179008613  -3.880029921962226e-05
304.75  0.009520551542268826  -3.9038510390822414e-05
304.8  0.009471777839839383  -3.9200407364544824e-05
304.85  0.00942003042700107  -3.9287727348400874e-05
304.90000000000003  0.009365403267174409  -3.9304088771707116e-05
304.95  0.009308002319122025  -3.925573132081275e-05
305.0  0.009247946173272164  -3.915198421632509e-05
305.05  0.009185365881027453  -3.900525584397276e-05
305.1  0.009120404138940432  -3.883039372733699e-05
305.15000000000003  0.009053214123457434  -3.8643472556210514e-05
305.2  0.008983958248061632  -3.846022592734368e-05
305.25  0.008912806952723971  -3.8294359853446625e-05
305.3  0.008839937538120181  -3.815600748067434e-05
305.35  0.008765533036739562  -3.805055173395989e-05
305.40000000000003  0.008689781157131569  -3.797798101006427e-05
305.45  0.008612873377404144  -3.7932897066519526e-05
305.5  0.008535004244813448  -3.7905207690783595e-05
305.55  0.008456370889637238  -3.7881396291799085e-05
305.6  0.00837717269916902  -3.7846178038501466e-05
305.65000000000003  0.008297611052139144  -3.778431946743977e-05
305.7  0.008217889014270138  -3.768235505003725e-05
305.75  0.008138210937253303  -3.752994617159754e-05
305.8  0.008058781975460115  -3.732068742686524e-05
305.85  0.007979807600003396  -3.705224767123584e-05
305.90000000000003  0.007901493198160785  -3.6725846180928236e-05
305.95  0.007824043837280036  -3.634518097547704e-05
306.0  0.007747664260828236  -3.5915037609046395e-05
306.05  0.007672559103497746  -3.5439878492206616e-05
306.1  0.0075989331987550935  -3.492269959295439e-05
306.15000000000003  0.007526991765994557  -3.436435524022595e-05
306.2  0.007456940241141886  -3.3763461829885385e-05
306.25  0.007388983571835597  -3.31168894484841e-05
306.3  0.007323324909404032  -3.2420698979288774e-05
306.35  0.007260163755463515  -3.167126367186025e-05
306.40000000000003  0.007199693751522424  -3.086626566877765e-05
306.45  0.007142100396840653  -3.0005267627246477e-05
306.5  0.007087559003146032  -2.9089673139313918e-05
306.55  0.007036233154822039  -2.812208059895184e-05
306.6  0.006988273845953768  -2.7105202191520775e-05
306.65000000000003  0.006943819324948931  -2.604060994424053e-05
306.7  0.006902995558290184  -2.4927600738152088e-05
306.75  0.00686591712876137  -2.376246654261271e-05
306.8  0.0068326882909836816  -2.2538379737969138e-05
306.85  0.006803403901394892  -2.1245969696326207e-05
306.90000000000003  0.006778150032242051  -1.987454275087756e-05
306.95  0.006757004207840452  -1.8413795576827536e-05
307.0  0.006740035323586707  -1.6855794077996538e-05
307.05  0.006727303373715748  -1.519694238326257e-05
307.1  0.006718859085261869  -1.3439651891230736e-05
307.15000000000003  0.006714743457313113  -1.1593452900090378e-05
307.20000000000005  0.006714987107275378  -9.675376240297198e-06
307.25  0.00671960931941034  -7.70952111281656e-06
307.3  0.006728616766912645  -5.72579818250642e-06
307.35  0.006742001956571953  -3.7579371927557722e-06
307.40000000000003  0.006759741499335753  -1.8409630584389328e-06
307.45000000000005  0.006781794353001379  -8.441609816374856e-09
307.5  0.006808100227897497  1.7101559633479516e-06
307.55  0.006838578415625358  3.29164490383077e-06
307.6  0.006873127403192833  4.720643809028103e-06
307.65000000000003  0.006911625657959886  5.990321920493428e-06
307.70000000000005  0.006953933729304062  7.1023806476643785e-06
307.75  0.00699989729474361  8.066292241145671e-06
307.8  0.007049350246725355  8.897831551519042e-06
307.85  0.0071021168314205655  9.61702306556464e-06
307.90000000000003  0.007158012481092026  1.024574431413335e-05
307.95000000000005  0.007216843814747653  1.0805302319882232e-05
308.0  0.007278408582180423  1.1314300975052112e-05
308.05  0.007342496043415708  1.1787044181166403e-05
308.1  0.0074088878883431025  1.2232591983236646e-05
308.15000000000003  0.007477359597684431  1.2654500738887083e-05
308.20000000000005  0.0075476820885264475  1.305122098992259e-05
308.25  0.007619623495770399  1.3417045011786003e-05
308.3  0.007692950966611396  1.3743428283401969e-05
308.35  0.007767432369102122  1.402048389129278e-05
308.40000000000003  0.00784283783729476  1.4238459064787135e-05
308.45000000000005  0.007918941102514348  1.4389034798806727e-05
308.5  0.007995520597614474  1.4466319598187813e-05
308.55  0.008072360355743142  1.4467429291256395e-05
308.6  0.008149250751173762  1.4392599727551163e-05
308.65000000000003  0.008225989179423892  1.4244900939883679e-05
308.70000000000005  0.008302380840923796  1.4029724618959736e-05
308.75  0.00837823973898657  1.3754195650210762e-05
308.8  0.00845338979082797  1.3426570250937626e-05
308.85  0.008527665806389757  1.3055626314802026e-05
308.90000000000003  0.008600914144334537  1.2650024082777448e-05
308.95000000000005  0.008672992963620367  1.221759905527264e-05
309.0  0.008743772034583198  1.1764565980646726e-05
309.05  0.008813132097333105  1.1294671707304901e-05
309.1  0.008880963799218057  1.080839839221754e-05
309.15000000000003  0.008947166284237723  1.03023474752451e-05
309.20000000000005  0.009011645538523527  9.76893023382111e-06
309.25  0.00907431264060651  9.19646527725757e-06
309.3  0.009135082093143565  8.56972776217508e-06
309.35  0.00919387038938205  7.870922032047464e-06
309.40000000000003  0.009250594918966107  7.080997546182634e-06
309.45000000000005  0.009305173275389836  6.181199330046434e-06
309.5  0.009357522995213795  5.154719622979653e-06
309.55  0.009407561731819128  3.988293769587354e-06
309.6  0.009455207837921174  2.6735744428295395e-06
309.65000000000003  0.009500381290291847  1.2081413984674512e-06
309.70000000000005  0.009543004850874292  -4.0394537596473624e-07
309.75  0.00958300536567731  -2.1520848907115315e-06
309.8  0.00962031517216952  -4.019559029440242e-06
309.85  0.009654873630135997  -5.984413888685493e-06
309.90000000000003  0.009686628648583181  -8.020762768972863e-06
309.95000000000005  0.009715537492457314  -1.0100427141009237e-05
310.0  0.009741565104742774  -1.219472293960259e-05
310.05  0.009764677982303035  -1.4276143474902948e-05
310.1  0.0097848347973026  -1.631985349797354e-05
310.15000000000003  0.009801979962317194  -1.830503931016333e-05
310.20000000000005  0.009816045258323983  -2.0215731755092117e-05
310.25  0.009826957058265178  -2.2040568188882055e-05
310.3  0.009834643362914359  -2.377171845434662e-05
310.35  0.00983903809597007  -2.540366353156095e-05
310.40000000000003  0.00984008325352342  -2.6932279937795484e-05
310.45000000000005  0.00983773011127845  -2.835435558874708e-05
310.5  0.009831940196425765  -2.9667483891508103e-05
310.55  0.009822686216194965  -3.087017072269185e-05
310.6  0.009809952831087694  -3.196195518008159e-05
310.65000000000003  0.009793737066550168  -3.294342269306852e-05
310.70000000000005  0.00977404824034005  -3.381607497359633e-05
310.75  0.009750907518893287  -3.4582070228606515e-05
310.8  0.009724347323090705  -3.524394142326637e-05
310.85  0.009694410531688694  -3.5804410969179536e-05
310.90000000000003  0.009661149424430363  -3.6266124540351625e-05
310.95000000000005  0.009624624414394439  -3.663145100592879e-05
311.0  0.009584903967058734  -3.690345902853239e-05
311.05  0.009542064890358887  -3.708498987286144e-05
311.1  0.009496191409510635  -3.7178776144889124e-05
311.15000000000003  0.009447374725266564  -3.718822908914899e-05
311.20000000000005  0.009395712295224486  -3.7117769662742045e-05
311.25  0.009341307053959745  -3.697281502584227e-05
311.3  0.009284266988958286  -3.675950599980582e-05
311.35  0.009224705231553686  -3.6484314891875824e-05
311.40000000000003  0.009162740566298372  -3.615366849044935e-05
311.45000000000005  0.00909849815224097  -3.577363527301933e-05
311.5  0.009032110264394929  -3.5349683423292665e-05
311.55  0.008963716928109131  -3.488651802039413e-05
311.6  0.008893466379686066  -3.438798627340479e-05
311.65000000000003  0.008821515346006593  -3.3857019186334506e-05
311.70000000000005  0.00874802918741847  -3.329558970012637e-05
311.75  0.008673181955895597  -3.2704705940752324e-05
311.8  0.008597156383749121  -3.20844976866263e-05
311.85  0.008520143757523137  -3.143447988931298e-05
311.90000000000003  0.00844234356584291  -3.0754072114108654e-05
311.95000000000005  0.008363962760321617  -3.004339706313369e-05
312.0  0.008285214481898458  -2.9304269689836916e-05
312.05  0.008206316210286347  -2.8541154845075865e-05
312.1  0.008127487445542743  -2.776177598836688e-05
312.15000000000003  0.008048947187373952  -2.6977065011116132e-05
312.20000000000005  0.007970911603289289  -2.620029737607975e-05
312.25  0.007893592287448417  -2.5445471966795193e-05
312.3  0.00781719538923152  -2.4725184543921653e-05
312.35  0.0077419217063514935  -2.404838073487395e-05
312.40000000000003  0.007667967652540777  -2.341843975002267e-05
312.45000000000005  0.007595526813675204  -2.2831993268717298e-05
312.5  0.00752479164903922  -2.2278744645397494e-05
312.55  0.0074559548541088885  -2.17423688692492e-05
312.6  0.007389209978195617  -2.12023583053783e-05
312.65000000000003  0.007324751065042461  -2.0636476305276274e-05
312.70000000000005  0.007262771325176443  -2.002333966913913e-05
312.75  0.007203461071111875  -1.934464046031725e-05
312.8  0.007147005291151434  -1.8586644413074746e-05
312.85  0.007093581287831696  -1.7740803747855905e-05
312.90000000000003  0.007043356756315119  -1.680352611108912e-05
312.95000000000005  0.006996488538304984  -1.5775304697116585e-05
313.0  0.0069531220959725085  -1.4659515572408593e-05
313.05  0.006913391580874659  -1.3461209923007873e-05
313.1  0.006877420272181172  -1.2186184826239184e-05
313.15000000000003  0.0068453210963428796  -1.084052364051915e-05
313.20000000000005  0.006817196921703648  -9.430641211599333e-06
313.25  0.006793140399404049  -7.963716044601733e-06
313.3  0.006773233255422142  -6.4482936760195666e-06
313.35  0.006757545063593395  -4.8948064703462434e-06
313.40000000000003  0.006746131651791899  -3.3157845924694736e-06
313.45000000000005  0.006739033404486512  -1.7256285707392016e-06
313.5  0.0067362737924999685  -1.3995815858544925e-07
313.55  0.006737858445957634  1.4253328091706687e-06
313.6  0.00674377497302832  2.9551490695782058e-06
313.65000000000003  0.00675399356167527  4.436225629431324e-06
313.70000000000005  0.006768468228138157  5.857975795034542e-06
313.75  0.006787138442352106  7.213057807103305e-06
313.8  0.00680993083842866  8.497592019286138e-06
313.85  0.00683676082837837  9.710972193757251e-06
313.90000000000003  0.006867534129883743  1.0855238677330479e-05
313.95000000000005  0.0069021483704067715  1.1934055568478541e-05
314.0  0.0069404948380765675  1.295144490000904e-05
314.05  0.006982460024366522  1.3910500081285729e-05
314.1  0.007027926149969563  1.4812290561576547e-05
314.15000000000003  0.007076769924843632  1.5655103248226492e-05
314.20000000000005  0.007128859507209435  1.6434082880918612e-05
314.25  0.007184050525475964  1.7141311686653837e-05
314.3  0.007242182411482148  1.776635431545981e-05
314.35  0.0073030760197069465  1.8297230929570664e-05
314.40000000000003  0.007366532975971769  1.872171587666389e-05
314.45000000000005  0.007432336731197641  1.9028829990692482e-05
314.5  0.0075002550154941346  1.9210391108639284e-05
314.55  0.007570043276324637  1.9262462036584546e-05
314.6  0.00764144867446283  1.9186425089962568e-05
314.65000000000003  0.007714214295167936  1.8989303508224545e-05
314.70000000000005  0.007788083373291875  1.868314537967655e-05
314.75  0.007862803377074753  1.828377395368085e-05
314.8  0.007938129706453419  1.7809430724830536e-05
314.85  0.008013828732949327  1.727958959746101e-05
314.90000000000003  0.0080896800321771  1.671392830157315e-05
314.95000000000005  0.008165477802533936  1.6131373021656697e-05
315.0  0.0082410315271838  1.5549172839373723e-05
315.05  0.008316165947075689  1.4981997347892544e-05
315.1  0.008390720401072357  1.4441079688902042e-05
315.15000000000003  0.008464547579402735  1.3933449688006257e-05
315.20000000000005  0.008537511766265136  1.3461325643360671e-05
315.25  0.008609486710781964  1.302176947469915e-05
315.3  0.00868035331749408  1.2606716044903323e-05
315.35  0.008749997365398613  1.220343755204335e-05
315.40000000000003  0.008818307459188683  1.1795426363629418e-05
315.45000000000005  0.008885173395504754  1.1363613393152758e-05
315.5  0.008950485083758048  1.0887796918480058e-05
315.55  0.009014132101547934  1.0348130331689543e-05
315.6  0.009076003901794694  9.726512226636264e-06
315.65000000000003  0.00913599062350965  9.007741378654103e-06
315.70000000000005  0.009193984385203358  8.180333969999035e-06
315.75  0.009249880866502656  7.236943156247556e-06
315.8  0.009303580930107046  6.174374474242392e-06
315.85  0.009354992030143183  4.9932497074563906e-06
315.90000000000003  0.009404029194715604  3.697428185138742e-06
315.95000000000005  0.009450615454442422  2.2933314623387095e-06
316.0  0.00949468170569264  7.89315362044159e-07
316.05  0.009536166113805299  -8.048055916698573e-07
316.1  0.009575013253712555  -2.478043804202909e-06
316.15000000000003  0.009611173246366109  -4.218372138003253e-06
316.20000000000005  0.009644601158949488  -6.012799732473227e-06
316.25  0.009675256778478986  -7.847508443266759e-06
316.3  0.009703104329737807  -9.708141705928505e-06
316.35  0.009728110719449803  -1.1580252269859876e-05
316.40000000000003  0.009750240374438415  -1.3449814927032993e-05
316.45000000000005  0.009769447032395719  -1.530375682420161e-05
316.5  0.009785667642494195  -1.713052899124746e-05
316.55  0.009798823926206495  -1.8920387551163712e-05
316.6  0.00980883043770818  -2.0664903280199547e-05
316.65000000000003  0.009815603439401051  -2.2355936809482675e-05
316.70000000000005  0.009819067142992601  -2.3984789754164947e-05
316.75  0.009819157265180798  -2.5541952507442184e-05
316.8  0.009815822948340158  -2.7017464035532302e-05
316.85  0.009809027825516755  -2.8401692013124377e-05
316.90000000000003  0.00979875058115542  -2.9686274638013713e-05
316.95000000000005  0.009784985083927476  -3.086497173292175e-05
317.0  0.009767740004531993  -3.193420750839393e-05
317.05  0.009747037833715052  -3.289314396027538e-05
317.1  0.009722913389867627  -3.374324062901394e-05
317.15000000000003  0.009695411986252702  -3.448748825509622e-05
317.20000000000005  0.009664587310627672  -3.512955279195938e-05
317.25  0.009630499466350771  -3.5673106938668026e-05
317.3  0.009593214203499309  -3.6121381974750084e-05
317.35  0.009552800909521496  -3.647644822235839e-05
317.40000000000003  0.009509332177790026  -3.673888638073923e-05
317.45000000000005  0.00946288458691194  -3.6908107066879105e-05
317.5  0.009413539596357318  -3.6982941421334666e-05
317.55  0.009361384700842074  -3.696235415724971e-05
317.6  0.009306514696241193  -3.684619177485605e-05
317.65000000000003  0.009249032843222132  -3.663584189731658e-05
317.70000000000005  0.009189051734312795  -3.633468074959646e-05
317.75  0.009126693753169421  -3.594822260686003e-05
317.8  0.009062091123835055  -3.5483929492178096e-05
317.85  0.008995385619457001  -3.4950702330061434e-05
317.90000000000003  0.008926728041124219  -3.4358157393850664e-05
317.95000000000005  0.008856277593194607  -3.371584342419084e-05
318.0  0.008784201263251471  -3.303257653715702e-05
318.05  0.00871067326887973  -3.23160589809751e-05
318.1  0.008635874588521856  -3.157288168783982e-05
318.15000000000003  0.008559992563582822  -3.080891338510372e-05
318.20000000000005  0.00848322052112979  -3.002996471892754e-05
318.25  0.008405757327494604  -2.9242512453840635e-05
318.3  0.008327806748526062  -2.8454214219960824e-05
318.35  0.008249576488895391  -2.767396612601437e-05
318.40000000000003  0.008171276861030533  -2.6911367830402432e-05
318.45000000000005  0.008093119164537732  -2.617561941798511e-05
318.5  0.008015313964435847  -2.547401949773969e-05
318.55  0.007938069532404966  -2.4810339462974445e-05
318.6  0.007861590744700999  -2.4183414221215422e-05
318.65000000000003  0.007786078662825688  -2.3586294049536315e-05
318.70000000000005  0.007711730855841245  -2.3006204024414716e-05
318.75  0.0076387423291389206  -2.2425400898497894e-05
318.8  0.007567306770974381  -2.1822863869663197e-05
318.85  0.0074976177501816475  -2.1176599247025423e-05
318.90000000000003  0.007429869513680541  -2.0466179459106182e-05
318.95000000000005  0.007364257131375644  -1.9675088301988243e-05
319.0  0.007300975871728112  -1.8792524662889806e-05
319.05  0.007240219811273454  -1.7814439192912252e-05
319.1  0.007182179790143918  -1.674369257109412e-05
319.15000000000003  0.007127040942689929  -1.5589325108231124e-05
319.20000000000005  0.00707498012434525  -1.4365056524463621e-05
319.25  0.0070261635644684765  -1.3087270054003821e-05
319.3  0.006980745018513909  -1.1772806601785515e-05
319.35  0.006938864610600254  -1.0436902369441017e-05
319.40000000000003  0.006900648430740163  -9.091564728917907e-06
319.45000000000005  0.006866208803410967  -7.744586197787383e-06
319.5  0.006835645036332758  -6.399280168655995e-06
319.55  0.006809044389742739  -5.054892843045847e-06
319.6  0.006786482988001309  -3.707529183980214e-06
319.65000000000003  0.006768026427640042  -2.351372280022766e-06
319.70000000000005  0.0067537299149226645  -9.799651451617977e-07
319.75  0.006743637912521081  4.126486016867994e-07
319.8  0.006737783437746159  1.83104824924356e-06
319.85  0.0067361872614843605  3.277845821717931e-06
319.90000000000003  0.006738857266426327  4.753322910918497e-06
319.95000000000005  0.006745788138906855  6.255197570254109e-06
320.0  0.006756961432670451  7.778427160370104e-06
320.05  0.006772345896091931  9.314990573331783e-06
320.1  0.006791897846587833  1.0853661147945931e-05
320.15000000000003  0.0068155613713349935  1.2379845300579515e-05
320.20000000000005  0.00684326827175211  1.3875587347304799e-05
320.25  0.006874937905071366  1.5319839755503467e-05
320.3  0.006910477255572273  1.668910591645451e-05
320.35  0.006949781435257287  1.7958555059814205e-05
320.40000000000003  0.006992734251833433  1.9103620029238282e-05
320.45000000000005  0.007039207912280726  2.0101929223326746e-05
320.5  0.007089061136963129  2.093529382270776e-05
320.55  0.00714213607653527  2.159144218942134e-05
320.6  0.007198255490338053  2.2065247570908018e-05
320.65000000000003  0.0072572217295758  2.2359287642137377e-05
320.70000000000005  0.007318818270702593  2.248366478367866e-05
320.75  0.007382813567997378  2.245509350649509e-05
320.8  0.007448966367342057  2.2295351748210863e-05
320.85  0.007517031454412421  2.202928690014237e-05
320.90000000000003  0.007586764961616692  2.16826336718043e-05
320.95000000000005  0.00765792864715505  2.1279921172915495e-05
321.0  0.007730292851015901  2.084271795291558e-05
321.05  0.007803638072036982  2.038839569370081e-05
321.1  0.007877755294514573  1.992950070421888e-05
321.15000000000003  0.007952445317868966  1.947372681889325e-05
321.20000000000005  0.008027517404459871  1.9024397082935346e-05
321.25  0.008102787570088709  1.8581302080418626e-05
321.3  0.008178076817208403  1.8141726128012056e-05
321.35  0.008253209566973011  1.7701512388704323e-05
321.40000000000003  0.008328012476400387  1.7256040789218634e-05
321.45000000000005  0.00840231375740037  1.680100897087894e-05
321.5  0.008475943079392227  1.6332938246634732e-05
321.55  0.008548732098983165  1.584936582297016e-05
321.6  0.008620515591863923  1.534872942136789e-05
321.65000000000003  0.008691133084693048  1.4830005350295834e-05
321.70000000000005  0.008760430812448861  1.4292197149402379e-05
321.75  0.008828263771419874  1.3733777699551512e-05
321.8  0.008894497610185955  1.315217490137451e-05
321.85  0.008959010108818874  1.254336781152791e-05
321.90000000000003  0.009021692040829182  1.1901633979915528e-05
321.95000000000005  0.009082447281459755  1.1219467244584632e-05
322.0  0.009141192113391927  1.0487672521931885e-05
322.05  0.009197853775383751  9.695637451360083e-06
322.1  0.009252368378888808  8.831777649645068e-06
322.15000000000003  0.009304678382858138  7.884149872892242e-06
322.20000000000005  0.009354729877187471  6.841215188893849e-06
322.25  0.009402469964873445  5.692710846087131e-06
322.3  0.009447844530424035  4.430567803251584e-06
322.35  0.009490796639879498  3.0498059678414003e-06
322.40000000000003  0.009531265750621434  1.549333691696943e-06
322.45000000000005  0.009569187842473724  -6.744315562371306e-08
322.5  0.009604496527441086  -1.7923119066796588e-06
322.55  0.009637125100853915  -3.6123397261309467e-06
322.6  0.00966700925303238  -5.5103974861463395e-06
322.65000000000003  0.009694089594367355  -7.466080062943701e-06
322.70000000000005  0.009718312227561875  -9.456896050704773e-06
322.75  0.009739625308300005  -1.1459548889021515e-05
322.8  0.009757972090187443  -1.3451214525764286e-05
322.85  0.009773285666799924  -1.5410782208877704e-05
322.90000000000003  0.009785490614633494  -1.7319717306205357e-05
322.95000000000005  0.009794510092566506  -1.916214235096507e-05
323.0  0.009800272969407702  -2.092438476814334e-05
323.05  0.009802718021546697  -2.259459007220359e-05
323.1  0.00980179551762415  -2.416271007543227e-05
323.15000000000003  0.009797467443756216  -2.5620827498345974e-05
323.20000000000005  0.00978970724841562  -2.6963614061290957e-05
323.25  0.009778499489564703  -2.8188708162446633e-05
323.3  0.009763839478664448  -2.9296859405318474e-05
323.35  0.009745732954966264  -3.0291721174915615e-05
323.40000000000003  0.009724195911298911  -3.1179197079338886e-05
323.45000000000005  0.009699254648333665  -3.196642842299355e-05
323.5  0.009670945825136999  -3.26606819135927e-05
323.55  0.009639316216260302  -3.3268288447440474e-05
323.6  0.009604422936549114  -3.3793991263043646e-05
323.65000000000003  0.009566333037873232  -3.4240672927133684e-05
323.70000000000005  0.009525121776117676  -3.460843593724374e-05
323.75  0.009480871667559041  -3.489505626849094e-05
323.8  0.009433671846158426  -3.509699070760168e-05
323.85  0.009383617554286995  -3.521047151697593e-05
323.90000000000003  0.009330809836861029  -3.523264320313056e-05
323.95000000000005  0.009275355366851683  -3.516258932436405e-05
324.0  0.009217366289025688  -3.500206781868839e-05
324.05  0.009156960039958428  -3.475581645326783e-05
324.1  0.009094259173782041  -3.443139475667791e-05
324.15000000000003  0.009029391239408236  -3.403860116071199e-05
324.20000000000005  0.008962488766200507  -3.358855645418461e-05
324.25  0.00889368942143352  -3.30926068981359e-05
324.3  0.008823136417309897  -3.2561249702748064e-05
324.35  0.008750979223616513  -3.2003315983835924e-05
324.40000000000003  0.00867737456822027  -3.142561353897667e-05
324.45000000000005  0.008602487619673728  -3.083313185496228e-05
324.5  0.008526493154609358  -3.0229757809855955e-05
324.55  0.008449576457085526  -2.9619275351973646e-05
324.6  0.008371933702238158  -2.9006299399299115e-05
324.65000000000003  0.008293771637673123  -2.8396788542035464e-05
324.70000000000005  0.008215306479681782  -2.7797896769897075e-05
324.75  0.00813676208112963  -2.721712288498947e-05
324.8  0.008058367581233728  -2.66609354419849e-05
324.85  0.007980354864436575  -2.6133202239133096e-05
324.90000000000003  0.007902956187978713  -2.5633798405432794e-05
324.95000000000005  0.007826402263106028  -2.5157731427683963e-05
325.0  0.007750920912498616  -2.4695011378995023e-05
325.05  0.007676736248019599  -2.423134873846659e-05
325.1  0.0076040681948699625  -2.3749608591512566e-05
325.15000000000003  0.007533132145481927  -2.323178864058821e-05
325.20000000000005  0.007464138545012114  -2.2661177533783016e-05
325.25  0.007397292265688938  -2.2024328447936015e-05
325.3  0.007332791705200934  -2.131250586614872e-05
325.35  0.007270827642497013  -2.0522328735871415e-05
325.40000000000003  0.007211581967518315  -1.965546499995254e-05
325.45000000000005  0.007155226444384162  -1.8717396646018636e-05
325.5  0.007101921677933829  -1.7715469380001174e-05
325.55  0.007051816410172419  -1.6656621433231094e-05
325.6  0.007005047189683315  -1.5545266925148516e-05
325.65000000000003  0.00696173836685351  -1.4381779433670355e-05
325.70000000000005  0.006922002304288679  -1.3161895733169405e-05
325.75  0.00688593969009204  -1.1877163149982238e-05
325.8  0.006853639905781478  -1.0516336188631616e-05
325.85  0.006825181479006007  -9.067444662521515e-06
325.90000000000003  0.006800632685729623  -7.520145590578892e-06
325.95000000000005  0.0067800523288879125  -5.867954597194426e-06
326.0  0.0067634906299933245  -4.110019645708476e-06
326.05  0.006750990077591102  -2.2522144547135494e-06
326.1  0.0067425860239124875  -3.0745829733487177e-07
326.15000000000003  0.00673830684151621  1.704702471770114e-06
326.20000000000005  0.0067381735430326285  3.7591092187646534e-06
326.25  0.006742198886118606  5.826413287643332e-06
326.3  0.006750386074190776  7.874724138622907e-06
326.35  0.00676272719067238  9.871332529824735e-06
326.40000000000003  0.00677920150053146  1.178438120108909e-05
326.45000000000005  0.0067997737657741215  1.3584368564995164e-05
326.5  0.006824392765155777  1.5245394771825939e-05
326.55  0.006852990335154881  1.6746097278087446e-05
326.6  0.006885481389761571  1.807026494823678e-05
326.65000000000003  0.006921765269525392  1.9207176512358774e-05
326.70000000000005  0.006961728181894185  2.015175913906435e-05
326.75  0.007005245658381549  2.0904647233308085e-05
326.8  0.007052183714410934  2.1472119847410672e-05
326.85  0.007102398261115212  2.1865806089913753e-05
326.90000000000003  0.007155733523878206  2.2102065154336658e-05
326.95000000000005  0.007212020673298258  2.22010230680942e-05
327.0  0.007271077463574003  2.2185312658166926e-05
327.05  0.0073327090312300626  2.2078595624258422e-05
327.1  0.007396709587093317  2.1903971845242285e-05
327.15000000000003  0.007462864591485776  2.1682424271898284e-05
327.20000000000005  0.007530953035050705  2.1431478366559904e-05
327.25  0.007600749554584489  2.1164239689333312e-05
327.3  0.007672026238575993  2.088892684484537e-05
327.35  0.007744554087592704  2.060895497293682e-05
327.40000000000003  0.007818104170894066  2.032354663274636e-05
327.45000000000005  0.007892448567266525  2.0028773138733548e-05
327.5  0.007967361203975195  1.971888437465168e-05
327.55  0.008042618724570677  1.938776388999924e-05
327.6  0.008118001515195  1.9030330064070716e-05
327.65000000000003  0.008193294979561793  1.864369724283327e-05
327.70000000000005  0.008268291091703902  1.822793345571147e-05
327.75  0.008342790184787272  1.7786308738260372e-05
327.8  0.008416602848997885  1.732499664018271e-05
327.85  0.00848955174471984  1.6852262275527733e-05
327.90000000000003  0.008561473114440934  1.6377243477426086e-05
327.95000000000005  0.008632217795692478  1.5908478700543253e-05
328.0  0.008701651595121044  1.5452350216555985e-05
328.05  0.008769654961912838  1.5011624675383546e-05
328.1  0.008836121980021962  1.4584275763037982e-05
328.15000000000003  0.008900958773062176  1.4162747824786841e-05
328.20000000000005  0.00896408146388511  1.3733775274972711e-05
328.25  0.009025413852455349  1.32788168829117e-05
328.3  0.0090848849957459  1.277509864208714e-05
328.35  0.00914242688992729  1.219718724738074e-05
328.40000000000003  0.009197972444077534  1.1518939962700415e-05
328.45000000000005  0.009251453882676147  1.0715620501896814e-05
328.5  0.009302801656067502  9.765972713665019e-06
328.55  0.009351943913237319  8.654074157664129e-06
328.6  0.009398806545133108  7.370811419847165e-06
328.65000000000003  0.009443313731991282  5.914850409534321e-06
328.70000000000005  0.009485388881196908  4.293022877170103e-06
328.75  0.009524955839625721  2.5200967843497467e-06
328.8  0.009561940302093376  6.179350524411976e-07
328.85  0.009596271395003558  -1.3859153892343202e-06
328.90000000000003  0.00962788343438541  -3.460112200310987e-06
328.95000000000005  0.009656717741732414  -5.571731026618472e-06
329.0  0.009682723981545394  -7.688592135802381e-06
329.05  0.00970585965736668  -9.781441059089863e-06
329.1  0.009726085887727635  -1.1825703026156092e-05
329.15000000000003  0.009743359454772513  -1.3802635773044655e-05
329.20000000000005  0.009757625644872325  -1.5699879292524188e-05
329.25  0.009768817684891514  -1.7511249441295563e-05
329.3  0.00977686279953388  -1.9235485192362976e-05
329.35  0.00978168977997796  -2.08742062066765e-05
329.40000000000003  0.009783234309875329  -2.2429820864296463e-05
329.45000000000005  0.009781441708329876  -2.3903960976515205e-05
329.5  0.009776268152459435  -2.52966546966095e-05
329.55  0.009767681264912518  -2.6606203296135726e-05
329.6  0.009755660468090843  -2.7829595328588476e-05
329.65000000000003  0.009740197216052056  -2.8963207760724146e-05
329.70000000000005  0.009721295178279864  -3.000347566251225e-05
329.75  0.009698970473866274  -3.0947311809253995e-05
329.8  0.009673251795320807  -3.1792290222307744e-05
329.85  0.009644179976354054  -3.2536505818977545e-05
329.90000000000003  0.009611807065502463  -3.317836826687382e-05
329.95000000000005  0.009576196445289887  -3.371744593976559e-05
330.0  0.009537420343017586  -3.415362911708373e-05
330.05  0.009495557812449092  -3.448647825228186e-05
330.1  0.009450693815064182  -3.471582794721812e-05
330.15000000000003  0.009402918360875697  -3.4842376212150926e-05
330.20000000000005  0.009352325923684054  -3.486824234784965e-05
330.25  0.00929901518914043  -3.479745182865679e-05
330.3  0.009243089099692396  -3.463621434315824e-05
330.35  0.0091846551461707  -3.439287018512199e-05
330.40000000000003  0.009123825843570941  -3.407748225859316e-05
330.45000000000005  0.009060719327665182  -3.370114174204112e-05
330.5  0.00899546005087002  -3.3275101974166784e-05
330.55  0.008928179590094967  -3.2809890315620006e-05
330.6  0.00885901758228201  -3.2314552640213386e-05
330.65000000000003  0.008788122759430556  -3.179616623611895e-05
330.70000000000005  0.008715653985023847  -3.1259725820379216e-05
330.75  0.008641781137801351  -3.070843467820206e-05
330.8  0.008566685679186042  -3.014434116757233e-05
330.85  0.008490560750360615  -2.956919152800164e-05
330.90000000000003  0.008413610637111778  -2.898532032016495e-05
330.95000000000005  0.008336049462933134  -2.8396387556285706e-05
331.0  0.008258099053952167  -2.780780122561249e-05
331.05  0.008179986073028512  -2.722671159469408e-05
331.1  0.008101938718876003  -2.6661535152761072e-05
331.15000000000003  0.008024183430050992  -2.6121054353543696e-05
331.20000000000005  0.007946942063534052  -2.5613211065036312e-05
331.25  0.007870429954225728  -2.514378563885268e-05
331.3  0.007794855100546717  -2.471521834924695e-05
331.35  0.007720418500172148  -2.432581150769737e-05
331.40000000000003  0.007647315459836587  -2.396946522783652e-05
331.45000000000005  0.007575737511333995  -2.3635991434262893e-05
331.5  0.00750587443500019  -2.3311944296916225e-05
331.55  0.007437915878301278  -2.298182159885371e-05
331.6  0.007372052149647911  -2.2629438416612262e-05
331.65000000000003  0.007308473957882252  -2.223924297750569e-05
331.70000000000005  0.007247371109695854  -2.1797340243453412e-05
331.75  0.0071889304003810404  -2.1292035468526864e-05
331.8  0.0071333330880847656  -2.07138219916643e-05
331.85  0.007080752399977255  -2.0054894068865466e-05
331.90000000000003  0.007031351477519241  -1.9308415698560693e-05
331.95000000000005  0.006985282025990913  -1.846786978840973e-05
332.0  0.006942683713261125  -1.7526803525538486e-05
332.05  0.0069036841765165256  -1.647915187043702e-05
332.1  0.006868399415563224  -1.5320140709462368e-05
332.15000000000003  0.006836934310316461  -1.4047601704625447e-05
332.20000000000005  0.006809383019006705  -1.2663370270086294e-05
332.25  0.006785829094838432  -1.1174384174742093e-05
332.3  0.006766345232731169  -9.593187424953901e-06
332.35  0.006750992643557493  -7.937669203922144e-06
332.40000000000003  0.006739820165917998  -6.23001082453131e-06
332.45000000000005  0.006732863300092242  -4.494976627319647e-06
332.5  0.006730143370146591  -2.7578069329424582e-06
332.55  0.006731667010348673  -1.0420547322931228e-06
332.6  0.006737426051853167  6.322792896845191e-07
332.65000000000003  0.006747397724314076  2.2500575637060826e-06
332.70000000000005  0.006761545033714454  3.801618729627098e-06
332.75  0.00677981718081606  5.282666126658334e-06
332.8  0.006802149946988351  6.693527617058003e-06
332.85  0.006828466128218317  8.03795542284859e-06
332.90000000000003  0.0068586763000731184  9.321651457852172e-06
332.95000000000005  0.0068926802660606405  1.0550715190755264e-05
333.0  0.006930369199523209  1.1730245082980048e-05
333.05  0.0069716277170926814  1.2863320140188575e-05
333.1  0.0070163345866911106  1.3950462901570636e-05
333.15000000000003  0.007064361311222842  1.4989510711701484e-05
333.20000000000005  0.007115569136909436  1.5975757117546434e-05
333.25  0.007169805857674556  1.6902277446407037e-05
333.3  0.007226903585978347  1.7760403496197317e-05
333.35  0.007286677977444268  1.8540305131405984e-05
333.40000000000003  0.007348928844196061  1.9231615516063126e-05
333.45000000000005  0.007413441858663715  1.9824063902247424e-05
333.5  0.007479991039722366  2.0308133002533706e-05
333.55  0.0075483417615021245  2.0675770849928828e-05
333.6  0.00761825405899127  2.0921157718886093e-05
333.65000000000003  0.007689486033673983  2.1041491999931e-05
333.70000000000005  0.0077617971811195  2.1037727201657166e-05
333.75  0.007834951469018738  2.0915150979551854e-05
333.8  0.007908720011423391  2.068366478042421e-05
333.85  0.007982883225851256  2.035763678309922e-05
333.90000000000003  0.008057232421001714  1.9955262558665803e-05
333.95000000000005  0.008131570806969877  1.9497435293477905e-05
334.0  0.008205713922927894  1.9006179726461677e-05
334.05  0.008279489485036335  1.8502780143963235e-05
334.1  0.008352736706463009  1.800583910594335e-05
334.15000000000003  0.008425305214517106  1.75295481626807e-05
334.20000000000005  0.008497053741486394  1.7082393985881568e-05
334.25  0.008567848759869396  1.6666428489120456e-05
334.3  0.00863756319245974  1.627714905626388e-05
334.35  0.008706075288147716  1.59039692684092e-05
334.40000000000003  0.008773267724054786  1.553120550080251e-05
334.45000000000005  0.008839026972295676  1.5139454244533804e-05
334.5  0.008903242947681468  1.4707197266161041e-05
334.55  0.008965808915568967  1.421246390400531e-05
334.6  0.009026621593938234  1.3634403402732617e-05
334.65000000000003  0.009085581362808216  1.2954654191877934e-05
334.70000000000005  0.009142592513255773  1.2158423921222562e-05
334.75  0.00919756350347065  1.1235227818164185e-05
334.8  0.009250407207816828  1.0179275287106558e-05
334.85  0.009301041144685284  8.989528918302356e-06
334.90000000000003  0.00934938765722159  7.669482406919516e-06
334.95000000000005  0.00939537400103676  6.226713476873181e-06
335.0  0.009438932278108344  4.67227816384745e-06
335.05  0.009479999169984168  3.020018390713853e-06
335.1  0.009518515489507186  1.2858328268047854e-06
335.15000000000003  0.0095544256881568  -5.130793888022575e-07
335.20000000000005  0.009587677565303475  -2.35901926624063e-06
335.25  0.009618222420076712  -4.23464074923055e-06
335.3  0.009646015657244026  -6.123810886608354e-06
335.35  0.009671017333918354  -8.01237274871716e-06
335.40000000000003  0.009693191308061205  -9.88868246064698e-06
335.45000000000005  0.009712501158223957  -1.1743785996683828e-05
335.5  0.009728902773507114  -1.3571190081044359e-05
335.55  0.009742337779871341  -1.5366342044873712e-05
335.6  0.009752733404311768  -1.7125799664658285e-05
335.65000000000003  0.009760009064809987  -1.8845899497552255e-05
335.70000000000005  0.00976408480058909  -2.0521175505274294e-05
335.75  0.009764887622629047  -2.2143205109082497e-05
335.8  0.009762355160218242  -2.370036039493077e-05
335.85  0.009756437495923257  -2.5178521405318307e-05
335.90000000000003  0.009747098043956057  -2.6562525215310554e-05
335.95000000000005  0.009734313956946752  -2.783798474827252e-05
336.0  0.009718076288149712  -2.8993049779141175e-05
336.05  0.00969839004226433  -3.0019688326034288e-05
336.1  0.009675274214324592  -3.091423287226682e-05
336.15000000000003  0.009648761642213712  -3.167722178249127e-05
336.20000000000005  0.00961889818184668  -3.231262846164511e-05
336.25  0.009585741716509586  -3.282722683983704e-05
336.3  0.009549361446208925  -3.322986932455878e-05
336.35  0.009509834669773842  -3.3529179782293386e-05
336.40000000000003  0.009467244981301363  -3.3732879968742243e-05
336.45000000000005  0.009421681135337413  -3.3847592619113954e-05
336.5  0.009373236262914763  -3.387871214327212e-05
336.55  0.009322007645309315  -3.3830521784336664e-05
336.6  0.009268096994512793  -3.3706518879128634e-05
336.65000000000003  0.00921161109827608  -3.350983744074481e-05
336.70000000000005  0.009152662674459137  -3.3243678315031206e-05
336.75  0.009091371275777539  -3.291169332105683e-05
336.8  0.009027864117016945  -3.251826113655341e-05
336.85  0.00896227677018121  -3.206860094959808e-05
336.90000000000003  0.008894753699696688  -3.156872662735622e-05
336.95000000000005  0.008825448617108341  -3.10252998250145e-05
337.0  0.00875452465308814  -3.0445455157207508e-05
337.05  0.00868215436627114  -2.983665922044995e-05
337.1  0.00860851958577822  -2.9206649303775126e-05
337.15000000000003  0.00853381098820534  -2.856347572834486e-05
337.20000000000005  0.008458227225595928  -2.7915653699677938e-05
337.25  0.008381973440248752  -2.7272372788845704e-05
337.3  0.008305259135525333  -2.6643610627192733e-05
337.35  0.008228295567018455  -2.6039939303572964e-05
337.40000000000003  0.008151293000668226  -2.547185825015443e-05
337.45000000000005  0.008074458291374004  -2.494862532417217e-05
337.5  0.007997993216242533  -2.4476733591773764e-05
337.55  0.007922093859192325  -2.405832117386526e-05
337.6  0.007846951135004799  -2.3689869898538046e-05
337.65000000000003  0.007772752302631143  -2.3361531890511326e-05
337.70000000000005  0.0076996831251253655  -2.3057326960981184e-05
337.75  0.007627930202275764  -2.275628910473246e-05
337.8  0.007557682972244143  -2.24344302267368e-05
337.85  0.007489134956574191  -2.206721734140748e-05
337.90000000000003  0.007422483965022437  -2.1632164000644424e-05
337.95000000000005  0.007357931150131036  -2.1111107316129797e-05
338.0  0.007295678987599097  -2.0491800081104037e-05
338.05  0.007235928428358814  -1.9768598963154978e-05
338.1  0.007178875570422914  -1.8942224361621142e-05
338.15000000000003  0.007124708229849792  -1.8018748563605852e-05
338.20000000000005  0.007073602763959755  -1.700809865134215e-05
338.25  0.007025721464414672  -1.5922423907493496e-05
338.3  0.006981210789739017  -1.4774661045497956e-05
338.35  0.006940200582445296  -1.3577523348577034e-05
338.40000000000003  0.006902804245520526  -1.2342977933152455e-05
338.45000000000005  0.006869119693471546  -1.1082114560340613e-05
338.5  0.006839230776830855  -9.80518626318801e-06
338.55  0.006813208871723809  -8.5215717297537e-06
338.6  0.006791114411048325  -7.2394777862405815e-06
338.65000000000003  0.0067729982242619585  -5.965323839288766e-06
338.70000000000005  0.0067589026034421155  -4.7028963383028706e-06
338.75  0.006748862033165899  -3.452472963340924e-06
338.8  0.0067429035411985735  -2.2101607904301427e-06
338.85  0.006741046644468623  -9.676863412955018e-07
338.90000000000003  0.006743302867928151  2.8717835465953333e-07
338.95000000000005  0.00674967482096516  1.5694674463778273e-06
339.0  0.006760154863548131  2.8951805152829187e-06
339.05  0.006774723478940817  4.27888576440162e-06
339.1  0.006793347566963896  5.7310030696643735e-06
339.15000000000003  0.00681597898148027  7.255089620223224e-06
339.20000000000005  0.006842553730888219  8.845498263013391e-06
339.25  0.006872992222073085  1.0485795943499517e-05
339.3  0.006907200596086268  1.2148350141998062e-05
339.35  0.006945072577146629  1.3795424940165749e-05
339.40000000000003  0.006986490776708586  1.5381843160012357e-05
339.45000000000005  0.007031326634171167  1.6858860416384872e-05
339.5  0.007079439063041256  1.817862144389283e-05
339.55  0.007130672657417673  1.929855576394811e-05
339.6  0.007184856445128464  2.018522009277205e-05
339.65000000000003  0.007241803800609331  2.0817244440203322e-05
339.70000000000005  0.007301313664241076  2.1187143445989034e-05
339.75  0.007363172889327889  2.1301856605733413e-05
339.8  0.007427159386256304  2.1181998215497792e-05
339.85  0.007493045706553623  2.0859919352521132e-05
339.90000000000003  0.007560602749383999  2.037679224747429e-05
339.95000000000005  0.0076296033258682755  1.9779008853286825e-05
340.0  0.0076998253633782255  1.911422100245197e-05
340.05  0.007771054573948336  1.8427346256915486e-05
340.1  0.007843086435358717  1.775686504788456e-05
340.15000000000003  0.007915727340586251  1.713176896238418e-05
340.20000000000005  0.007988794750837611  1.656959180104949e-05
340.25  0.008062116114453278  1.6075995402838962e-05
340.3  0.00813552637091923  1.5646126673743383e-05
340.35  0.008208864388893265  1.5267282989135825e-05
340.40000000000003  0.008281969451580887  1.4921865684555465e-05
340.45000000000005  0.008354679014057884  1.4589803507590344e-05
340.5  0.008426828212649623  1.4250314918931184e-05
340.55  0.008498250821459129  1.388332083431938e-05
340.6  0.008568781102468507  1.3470798217534528e-05
340.65000000000003  0.008638256113257133  1.2998123122901184e-05
340.70000000000005  0.00870651819971719  1.2455247849968673e-05
340.75  0.008773417487676769  1.1837500541513946e-05
340.8  0.008838814182235885  1.1145858811500975e-05
340.85  0.008902580451768154  1.0386637289430502e-05
340.90000000000003  0.008964601677082611  9.570600653648366e-06
340.95000000000005  0.009024776893867383  8.711578966247291e-06
341.0  0.009083018342108718  7.82471840949203e-06
341.05  0.009139250130223152  6.924539031117617e-06
341.1  0.009193406108843873  6.02299179059492e-06
341.15000000000003  0.009245427134223959  5.127713291280425e-06
341.20000000000005  0.009295257982547126  4.240675428654616e-06
341.25  0.009342844238458204  3.357416696070622e-06
341.3  0.009388129491253868  2.467005624036144e-06
341.35  0.00943105311862916  1.5528147060001266e-06
341.40000000000003  0.00947154885928201  5.94074663329462e-07
341.45000000000005  0.009509544296624343  -4.31933215780202e-07
341.5  0.009544961294155926  -1.5472714895369645e-06
341.55  0.009577717351503683  -2.7706135936883022e-06
341.6  0.009607727787625335  -4.114707593828489e-06
341.65000000000003  0.009634908598890286  -5.5843702119157425e-06
341.70000000000005  0.00965917977838274  -7.175317233784507e-06
341.75  0.009680468808121605  -8.874037361611902e-06
341.8  0.009698713952556951  -1.0658748508862891e-05
341.85  0.009713866855308187  -1.2501294080907518e-05
341.90000000000003  0.009725893578857827  -1.4369694356609469e-05
341.95000000000005  0.009734772667342727  -1.6230984238679038e-05
342.0  0.009740489172102032  -1.80539642868166e-05
342.05  0.009743026312888117  -1.981155888937739e-05
342.1  0.009742359715122039  -2.1482447430731566e-05
342.15000000000003  0.009738457864752768  -2.3051545772535072e-05
342.20000000000005  0.009731287073029634  -2.4509251265709165e-05
342.25  0.009720816741997013  -2.5849966914659582e-05
342.3  0.009707022699279862  -2.7070586041001538e-05
342.35  0.009689888753399177  -2.816938214801693e-05
342.40000000000003  0.00966940742672885  -2.9145461012855142e-05
342.45000000000005  0.009645580776445539  -2.9998620154458276e-05
342.5  0.009618421907125016  -3.0729358220805324e-05
342.55  0.009587956981894189  -3.133903586283032e-05
342.6  0.009554226712400884  -3.1830157980181595e-05
342.65000000000003  0.00951728668227499  -3.220620659055946e-05
342.70000000000005  0.009477206460356012  -3.247139627473201e-05
342.75  0.009434067778547998  -3.26304740062123e-05
342.8  0.009387962960544402  -3.268832951184542e-05
342.85  0.00933899375098746  -3.2649778136209905e-05
342.90000000000003  0.009287270259082006  -3.251967743153157e-05
342.95000000000005  0.00923291001623631  -3.230338388615108e-05
343.0  0.009176037222732128  -3.20073520552576e-05
343.05  0.009116782227198163  -3.163958804718412e-05
343.1  0.009055281241717256  -3.120972318412614e-05
343.15000000000003  0.008991676268952897  -3.072861569000062e-05
343.20000000000005  0.00892611518390001  -3.0207541977381195e-05
343.25  0.008858751880667481  -2.965717414374233e-05
343.3  0.008789746352153828  -2.9086620735318024e-05
343.35  0.008719264544225617  -2.8502779235377287e-05
343.40000000000003  0.00864747786574779  -2.791014195740773e-05
343.45000000000005  0.008574562326652359  -2.731107568308708e-05
343.5  0.008500697390949018  -2.6706465165397796e-05
343.55  0.00842606473272473  -2.609649558414805e-05
343.6  0.008350847127496994  -2.5481301983771318e-05
343.65000000000003  0.008275227687458312  -2.4861259699951534e-05
343.70000000000005  0.008199389582912912  -2.4236806256032616e-05
343.75  0.008123516308313417  -2.3607826769430478e-05
343.8  0.008047792457524358  -2.297277262900586e-05
343.85  0.007972404872148602  -2.2327785705332164e-05
343.90000000000003  0.007897543948223801  -2.1666127549093292e-05
343.95000000000005  0.007823404817071163  -2.0978156008096674e-05
344.0  0.007750188058665301  -2.0251971390507202e-05
344.05  0.007678099659845068  -1.9474709813765535e-05
344.1  0.007607350072863746  -1.8634306457040705e-05
344.15000000000003  0.007538152380014014  -1.772144204262246e-05
344.20000000000005  0.00747071970458219  -1.6731330669865316e-05
344.25  0.0074052621349173404  -1.566500338418175e-05
344.3  0.0073419835224665195  -1.4529809653383313e-05
344.35  0.007281078538519519  -1.3339002807957016e-05
344.40000000000003  0.007222730322618448  -1.2110441358095464e-05
344.45000000000005  0.0071671089563199635  -1.0864574504737436e-05
344.5  0.007114370878456551  -9.621983180599036e-06
344.55  0.007064659237479633  -8.400817417250096e-06
344.6  0.007018105074163466  -7.214495167387947e-06
344.65000000000003  0.00697482912087257  -6.069996746950631e-06
344.70000000000005  0.0069349438801290155  -4.966988182608637e-06
344.75  0.006898555591515272  -3.8978552585318356e-06
344.8  0.006865765724760408  -2.848589052579943e-06
344.85  0.006836671712451706  -1.8003562200977575e-06
344.90000000000003  0.006811366766878031  -7.315310495382064e-07
344.95000000000005  0.00678993879761919  3.8003094291568113e-07
345.0  0.0067724686071405854  1.5546678745972487e-06
345.05  0.006759027652320455  2.8087139737508063e-06
345.1  0.006749675687958  4.152640443400199e-06
345.15000000000003  0.006744458560520302  5.5897527207290775e-06
345.20000000000005  0.006743406371788438  7.115574008277352e-06
345.25  0.0067465322128418565  8.717907943244761e-06
345.3  0.0067538316129840325  1.0377464511742893e-05
345.35  0.00676528274181756  1.2068879714610886e-05
345.40000000000003  0.006780847283453812  1.37619689104334e-05
345.45000000000005  0.006800471774693514  1.5423125546484956e-05
345.5  0.00682408906315803  1.701687231014579e-05
345.55  0.006851619464016774  1.8507603446530434e-05
345.6  0.006882971272608999  1.9861504292255814e-05
345.65000000000003  0.006918040532913762  2.104856220714943e-05
345.70000000000005  0.006956710259001003  2.2044528034943452e-05
345.75  0.006998849539725286  2.2832643505163036e-05
345.8  0.007044313027503535  2.34049448446511e-05
345.85  0.007092941186979713  2.376299817341013e-05
345.90000000000003  0.0071445614551005985  2.3917970015103426e-05
345.95000000000005  0.0071989902523731655  2.3889969207085785e-05
346.0  0.007256035632209772  2.370663515201183e-05
346.05  0.007315500263908882  2.340099931388583e-05
346.1  0.007377184410156045  2.30087064558194e-05
346.15000000000003  0.007440888592390879  2.2564762418051e-05
346.20000000000005  0.007506415712558947  2.210013639631944e-05
346.25  0.0075735723928753  2.1638796328097036e-05
346.3  0.0076421692129780665  2.119581425423894e-05
346.35  0.00771201968651135  2.0776764920291006e-05
346.40000000000003  0.007782938294451469  2.0378141293228108e-05
346.45000000000005  0.00785473821399723  1.99884690393352e-05
346.5  0.00792722933319544  1.9590053999643265e-05
346.55  0.008000216939041353  1.9161384871318685e-05
346.6  0.008073501294329946  1.868006062449353e-05
346.65000000000003  0.008146878212217944  1.8125922110925987e-05
346.70000000000005  0.008220140672941035  1.7483978471277254e-05
346.75  0.00829308143784279  1.6746732474473123e-05
346.8  0.008365496487456374  1.5915594155764755e-05
346.85  0.00843718898662201  1.5001205809694219e-05
346.90000000000003  0.008507973379509459  1.4022654531972047e-05
346.95000000000005  0.008577679156882604  1.3005686251144705e-05
347.0  0.008646153839560172  1.1980138366908545e-05
347.05  0.00871326479447154  1.0976879760552289e-05
347.1  0.008778899631864602  1.0024590003846483e-05
347.15000000000003  0.008842965105282943  9.146721615803221e-06
347.20000000000005  0.008905384622207874  8.358965991737193e-06
347.25  0.008966094633412039  7.66748600056952e-06
347.3  0.009025040279877381  7.068096009220797e-06
347.35  0.009082170738416006  6.546473085251889e-06
347.40000000000003  0.009137434724963926  6.0793772325060295e-06
347.45000000000005  0.009190776580228092  5.636752002059939e-06
347.5  0.009242133281097102  5.184483236503841e-06
347.55  0.009291432616130245  4.687522649303662e-06
347.6  0.009338592640317393  4.113043529504802e-06
347.65000000000003  0.009383522386358754  3.4332890322924566e-06
347.70000000000005  0.009426123673061552  2.6278089242969725e-06
347.75  0.009466293736179847  1.6848746074920267e-06
347.8  0.009503928332906569  6.019722996414851e-07
347.85  0.0095389249387236  -6.146387143514192e-07
347.90000000000003  0.009571185685648485  -1.9512098466130058e-06
347.95000000000005  0.009600619791208059  -3.3884138510707687e-06
348.0  0.009627145360498982  -4.903580345854601e-06
348.05  0.009650690576787396  -6.47292770619864e-06
348.1  0.009671194405106151  -8.073510664251617e-06
348.15000000000003  0.009688606987556705  -9.684703381429918e-06
348.20000000000005  0.009702889844214548  -1.1289142762478864e-05
348.25  0.00971401567580552  -1.2873145802223817e-05
348.3  0.009721966931233075  -1.442669002855072e-05
348.35  0.009726731853994888  -1.5943080258063195e-05
348.40000000000003  0.009728297836838611  -1.741838364928283e-05
348.45000000000005  0.009726645047406382  -1.885061012864212e-05
348.5  0.00972174497098065  -2.023851808128421e-05
348.55  0.009713565080963198  -2.1580022661913626e-05
348.6  0.009702076082350866  -2.2870556789678853e-05
348.65000000000003  0.00968725776363782  -2.410198678987234e-05
348.70000000000005  0.009669102089093641  -2.5262491567523e-05
348.75  0.00964761402579433  -2.63374094759462e-05
348.8  0.009622811059622148  -2.731075365857183e-05
348.85  0.009594722400026944  -2.816704588891986e-05
348.90000000000003  0.009563388789020615  -2.8893321075211837e-05
348.95000000000005  0.009528862692638307  -2.948112895375239e-05
349.0  0.009491207438185415  -2.9927744685246536e-05
349.05  0.009450495226991045  -3.023621374832469e-05
349.1  0.00940680634074314  -3.0414608631541877e-05
349.15000000000003  0.009360227901464692  -3.047476720734282e-05
349.20000000000005  0.009310853511983946  -3.0431333983143845e-05
349.25  0.009258783927290236  -3.0300580297415024e-05
349.3  0.009204127446864743  -3.0099144396230552e-05
349.35  0.009147000088865853  -2.9842850528733743e-05
349.40000000000003  0.009087525544627946  -2.9545685954455092e-05
349.45000000000005  0.00902583494171399  -2.9219008355015853e-05
349.5  0.008962066478207988  -2.887103595026053e-05
349.55  0.008896365011575794  -2.8506646502908467e-05
349.6  0.008828881703240086  -2.8127484249287394e-05
349.65000000000003  0.008759773808925307  -2.7732344439831134e-05
349.70000000000005  0.008689204644775782  -2.7317781807298523e-05
349.75  0.008617343676780374  -2.6878875585764834e-05
349.8  0.008544366620910453  -2.6410073189270602e-05
349.85  0.00847045542069079  -2.590602293662171e-05
349.90000000000003  0.00839579797970682  -2.5362296072265383e-05
349.95000000000005  0.008320587575427196  -2.4775900874473977e-05
350.0  0.008245021967940525  -2.414551597100869e-05
350.05  0.0081693022928508  -2.3471418983850543e-05
350.1  0.008093631859214245  -2.275514674880846e-05
350.15000000000003  0.00801821497383347  -2.199897734889504e-05
350.20000000000005  0.007943255894037531  -2.1205364598042083e-05
350.25  0.00786895797486038  -2.037647012338301e-05
350.3  0.007795523033941984  -1.951391317859695e-05
350.35  0.0077231509070419  -1.8618806898267065e-05
350.40000000000003  0.007652039101240085  -1.7692084973113025e-05
350.45000000000005  0.007582382410396977  -1.673503901407886e-05
350.5  0.007514372379985691  -1.5749911859963986e-05
350.55  0.0074481965856030945  -1.4740371547272135e-05
350.6  0.007384037765256431  -1.3711717327681487e-05
350.65000000000003  0.0073220728992382505  -1.2670703496486214e-05
350.70000000000005  0.007262472370061765  -1.1624917139951477e-05
350.75  0.007205399349119457  -1.0581737930170632e-05
350.8  0.007151009540328735  -9.547022227117813e-06
350.85  0.00709945135848809  -8.523740250785189e-06
350.90000000000003  0.007050866525442829  -7.510821925077299e-06
350.95000000000005  0.007005390940016298  -6.502445176067567e-06
351.0  0.0069631555828720566  -5.4879553247858526e-06
351.05  0.006924287227729677  -4.452538257123662e-06
351.1  0.006888908804735165  -3.3786555400600237e-06
351.15000000000003  0.006857139295852692  -2.2480800574231943e-06
351.20000000000005  0.006829093043734505  -1.0442311212073789e-06
351.25  0.00680487839724139  2.455371044469178e-07
351.3  0.006784595703811071  1.6280130754131103e-06
351.35  0.006768334767626856  3.1028271438992484e-06
351.40000000000003  0.006756171991585137  4.661933645523415e-06
351.45000000000005  0.006748167488669033  6.289920573143138e-06
351.5  0.006744362482256058  7.965071954799909e-06
351.55  0.00674477730680499  9.660998932013102e-06
351.6  0.0067494102640738565  1.1348584794680651e-05
351.65000000000003  0.006758237497977162  1.299797641091871e-05
351.70000000000005  0.006771213941448039  1.458040540974694e-05
351.75  0.006788275243860296  1.606972371113386e-05
351.8  0.006809340402161971  1.744363173152968e-05
351.85  0.006834314665561369  1.8684613696600248e-05
351.90000000000003  0.006863092254834774  1.978057399962541e-05
351.95000000000005  0.0068955585696472655  2.0725134969615727e-05
352.0  0.006931591778608578  2.151756173600483e-05
352.05  0.006971063866120823  2.216231622318953e-05
352.1  0.0070138412808013  2.2668280671242335e-05
352.15000000000003  0.007059785297611112  2.3047720925490656e-05
352.20000000000005  0.007108752110409252  2.3315066530058497e-05
352.25  0.007160592558780349  2.3485592806153913e-05
352.3  0.007215151376111974  2.357413501395282e-05
352.35  0.007272266196775194  2.3593996894155847e-05
352.40000000000003  0.00733176715742877  2.3556130238231362e-05
352.45000000000005  0.007393477592210191  2.3468464346453852e-05
352.5  0.007457214948598763  2.3335218921960746e-05
352.55  0.007522790921367284  2.3156295596388797e-05
352.6  0.007590010997104163  2.2927046211059447e-05
352.65000000000003  0.007658674072758489  2.263865188926834e-05
352.70000000000005  0.007728572505156184  2.22792108824031e-05
352.75  0.0077994927066097185  2.183549386988549e-05
352.8  0.007871216350841875  2.129517122914829e-05
352.85  0.007943522212308273  2.064918711422735e-05
352.90000000000003  0.008016188575497008  1.9893897082039398e-05
352.95000000000005  0.008088996089004255  1.903263462239148e-05
353.0  0.0081617308956596  1.8076486037043987e-05
353.05  0.008234187811627859  1.704416602730847e-05
353.1  0.00830617329520846  1.5960993621125214e-05
353.15000000000003  0.008377507951840259  1.4857071250777173e-05
353.20000000000005  0.00844802835294421  1.3764851541230431e-05
353.25  0.008517587998379678  1.2716331066574672e-05
353.3  0.00858605732103869  1.1740143436132925e-05
353.35  0.008653322713974426  1.0858835311253011e-05
353.40000000000003  0.008719284650765994  1.0086597912388767e-05
353.45000000000005  0.0087838550613617  9.427694959008197e-06
353.5  0.008846954206190888  8.875776836654444e-06
353.55  0.008908507345304639  8.414191418092407e-06
353.6  0.008968441518599846  8.017288936868017e-06
353.65000000000003  0.009026682732754381  7.652592947752361e-06
353.70000000000005  0.009083153791248008  7.283609931362887e-06
353.75  0.009137772920382004  6.872991516812493e-06
353.8  0.009190453249768343  6.3857323935104904e-06
353.85  0.009241103116432482  5.792079196375696e-06
353.90000000000003  0.009289627081633127  5.0698526925678825e-06
353.95000000000005  0.009335927484485695  4.205953179315897e-06
354.0  0.009379906318365834  3.1969158257451975e-06
354.05  0.009421467205233989  2.048492574428943e-06
354.1  0.009460517250816678  7.743497901646843e-07
354.15000000000003  0.009496968588665746  -6.059285898733755e-07
354.20000000000005  0.009530739473133126  -2.069271567507553e-06
354.25  0.009561754853407527  -3.5916878396686862e-06
354.3  0.0095899464365496  -5.150656895194178e-06
354.35  0.009615252329389617  -6.727051353058221e-06
354.40000000000003  0.009637616447691129  -8.30637250982069e-06
354.45000000000005  0.009656987973496432  -9.87918146410841e-06
354.5  0.009673321174840075  -1.1440710266241393e-05
354.55  0.009686575813313877  -1.2989750073637072e-05
354.6  0.009696718064757854  -1.452703851512893e-05
354.65000000000003  0.009703721256457428  -1.6053492054831224e-05
354.70000000000005  0.009707564921753096  -1.756868687567845e-05
354.75  0.009708230769881669  -1.9069910020788132e-05
354.8  0.009705696757255829  -2.0551848181958662e-05
354.85  0.009699933962250438  -2.2006603820128767e-05
354.90000000000003  0.009690909880268014  -2.3423548016776038e-05
354.95000000000005  0.009678596006762734  -2.478891709941105e-05
355.0  0.009662974764374771  -2.6085653801455925e-05
355.05  0.009644043141713254  -2.729405052785811e-05
355.1  0.009621813221194353  -2.8393351573053216e-05
355.15000000000003  0.009596310748278982  -2.936391810989775e-05
355.20000000000005  0.009567572994462583  -3.0189166396151037e-05
355.25  0.00953564690407721  -3.0857096789176804e-05
355.3  0.009500587833499823  -3.136174095839365e-05
355.35  0.009462459815667814  -3.1704077425304754e-05
355.40000000000003  0.009421333859596885  -3.189171594032111e-05
355.45000000000005  0.009377286262824872  -3.193738908479721e-05
355.5  0.009330399160365495  -3.185752387240508e-05
355.55  0.00928076121849718  -3.1670802384772117e-05
355.6  0.009228468307746589  -3.1396677936024994e-05
355.65000000000003  0.009173623996322428  -3.1053965584440166e-05
355.70000000000005  0.009116339790735  -3.065959148148552e-05
355.75  0.009056735183783422  -3.0227572867350146e-05
355.8  0.008994937635367274  -2.9768299652378282e-05
355.85  0.008931082598249257  -2.9288189912172358e-05
355.90000000000003  0.00886531363778863  -2.878977256245249e-05
355.95000000000005  0.008797782627368508  -2.827218896802078e-05
356.0  0.008728649944742511  -2.7732037062867283e-05
356.05  0.00865808455718629  -2.716444647579313e-05
356.1  0.008586263874471586  -2.65642670572137e-05
356.15000000000003  0.008513373264572167  -2.5927249356620802e-05
356.20000000000005  0.008439605159109322  -2.52510720699359e-05
356.25  0.008365157738517232  -2.453605158655323e-05
356.3  0.008290233285841836  -2.3785397132501936e-05
356.35  0.008215036377674642  -2.300494366128493e-05
356.40000000000003  0.008139772116516404  -2.2202388917376672e-05
356.45000000000005  0.008064644604711436  -2.1386168944049107e-05
356.5  0.00798985581384722  -2.0564184957427207e-05
356.55  0.007915604925735797  -1.974262259357357e-05
356.6  0.007842088119122435  -1.8925093442161797e-05
356.65000000000003  0.007769498676089758  -1.8112261731802232e-05
356.70000000000005  0.007698027231835103  -1.7302000165504205e-05
356.75  0.007627861989075864  -1.649000871901659e-05
356.8  0.0075591887572082185  -1.5670734991652827e-05
356.85  0.007492190744095  -1.4838367642106807e-05
356.90000000000003  0.007427048103778067  -1.3987658893519007e-05
356.95000000000005  0.007363937312168854  -1.3114376462210143e-05
357.0  0.007303030493615061  -1.221528554160612e-05
357.05  0.0072444948431140705  -1.1287690701332567e-05
357.1  0.007188492267898474  -1.0328684222003837e-05
357.15000000000003  0.007135179314035378  -9.334337133167341e-06
357.20000000000005  0.007084707371362619  -8.299121273732792e-06
357.25  0.007037223070220191  -7.2158315983038155e-06
357.3  0.006992868718981663  -6.076168523612478e-06
357.35  0.006951782586487047  -4.871962510663261e-06
357.40000000000003  0.006914098825191921  -3.596842761774396e-06
357.45000000000005  0.006879946870822851  -2.2480113279279106e-06
357.5  0.006849450212062579  -8.277230300403065e-07
357.55  0.006822724494784208  6.558723212969865e-07
357.6  0.006799875069617275  2.188720430794416e-06
357.65000000000003  0.006780994281596448  3.751698839690269e-06
357.70000000000005  0.006766158860788625  5.3221689111982235e-06
357.75  0.006755427684801905  6.876039394287633e-06
357.8  0.006748840142436855  8.390093112659013e-06
357.85  0.006746415365633832  9.844282662568301e-06
357.90000000000003  0.006748152584353403  1.1223671849848224e-05
357.95000000000005  0.006754032678465527  1.251968783799427e-05
358.0  0.00676402060851635  1.3730393583322216e-05
358.05  0.006778068004422624  1.4859681515167899e-05
358.1  0.006796115136323163  1.5915594708079297e-05
358.15000000000003  0.006818091858292956  1.690820440553229e-05
358.20000000000005  0.006843917608028657  1.7847483730812443e-05
358.25  0.006873500915267916  1.8741477032120256e-05
358.3  0.006906739143960974  1.9594926601457014e-05
358.35  0.006943519339817323  2.040847194219249e-05
358.40000000000003  0.00698372067394507  2.1178553477257515e-05
358.45000000000005  0.007027217714551564  2.1898087121059888e-05
358.5  0.007073882422537295  2.255770502826899e-05
358.55  0.007123583125079008  2.3147081953486268e-05
358.6  0.007176180862671093  2.365596095239808e-05
358.65000000000003  0.007231525143283977  2.407484208482839e-05
358.70000000000005  0.00728945091925342  2.439546848853649e-05
358.75  0.007349777481742559  2.461121838906073e-05
358.8  0.007412309127353226  2.471744748029762e-05
358.85  0.007476837136398568  2.471179670690535e-05
358.90000000000003  0.007543142587126576  2.459447661272667e-05
358.95000000000005  0.007610999602142388  2.4368529615478048e-05
359.0  0.007680178706584644  2.4040052912033675e-05
359.05  0.007750450060861404  2.3618330216008803e-05
359.1  0.00782158640124592  2.3115794805138925e-05
359.15000000000003  0.007893365582180588  2.2547758084381937e-05
359.20000000000005  0.007965572648443435  2.1931863458058675e-05
359.25  0.008038001368366854  2.1287234764675244e-05
359.3  0.008110455202305782  2.0633322930167145e-05
359.35  0.00818274776585178  1.998854420557726e-05
359.40000000000003  0.008254702883195492  1.936886339685949e-05
359.45000000000005  0.008326154326213173  1.8786475220842847e-05
359.5  0.008396945337909769  1.8248727131735437e-05
359.55  0.008466928043133818  1.775741236939915e-05
359.6  0.008535962844312205  1.730852127823613e-05
359.65000000000003  0.008603917866927165  1.6892486161350936e-05
359.70000000000005  0.008670668472714974  1.6494908191655826e-05
359.75  0.008736096835829535  1.6097699872107024e-05
359.8  0.008800091564629513  1.5680517613520234e-05
359.85  0.008862547331553436  1.5222317315920404e-05
359.90000000000003  0.008923364467465719  1.470286369228466e-05
359.95000000000005  0.008982448485090787  1.4104051658166364e-05
360.0  0.009039709518322177  1.3410936601761041e-05
360.05  0.009095061692690662  1.2612418175884288e-05
360.1  0.009148422465226135  1.1701570970489525e-05
360.15000000000003  0.009199711987449337  1.067565417333476e-05
360.20000000000005  0.009248852548877938  9.535859897980738e-06
360.25  0.009295768147944408  8.286871294328612e-06
360.3  0.009340384212993819  6.936295028967473e-06
360.35  0.009382627466939714  5.494019758728777e-06
360.40000000000003  0.009422425905939866  3.971543106899155e-06
360.45000000000005  0.009459708854908766  2.381311196943543e-06
360.5  0.009494407078115417  7.361214124339746e-07
360.55  0.009526452949596222  -9.513617925537421e-07
360.6  0.009555780727873346  -2.6689350646216613e-06
360.65000000000003  0.009582327041147495  -4.405011787545396e-06
360.70000000000005  0.009606031725227117  -6.148630253414097e-06
360.75  0.009626839134904235  -7.889367778250701e-06
360.8  0.009644699954545921  -9.617214321984432e-06
360.85  0.00965957325400095  -1.132245679224281e-05
360.90000000000003  0.009671427840002134  -1.299565309853807e-05
360.95000000000005  0.009680240956267693  -1.4627800887221985e-05
361.0  0.009685992618496939  -1.6210798002105235e-05
361.05  0.009688657522280226  -1.7738194697230186e-05
361.1  0.00968820086476593  -1.92058555853008e-05
361.15000000000003  0.009684581969667684  -2.0611751627416783e-05
361.20000000000005  0.009677762159153173  -2.1954689110712192e-05
361.25  0.00966771125504843  -2.323283176717678e-05
361.3  0.009654410686736307  -2.4442876222707747e-05
361.35  0.00963785400758669  -2.5580016151542505e-05
361.40000000000003  0.009618046114479709  -2.6638358073013787e-05
361.45000000000005  0.009595002117115151  -2.7611505929775908e-05
361.5  0.00956874623153732  -2.8493288800534438e-05
361.55  0.00953931096814399  -2.9278568504211012e-05
361.6  0.00950673802441231  -2.9963632705017922e-05
361.65000000000003  0.009471077894461468  -3.054653499286044e-05
361.70000000000005  0.00943238847575014  -3.1026986625894e-05
361.75  0.009390734923430009  -3.1406164769247695e-05
361.8  0.009346189634270103  -3.1686469688297574e-05
361.85  0.009298832255468393  -3.1871177136857544e-05
361.90000000000003  0.009248749842867497  -3.19640850874693e-05
361.95000000000005  0.009196037188824805  -3.1969217989353285e-05
362.0  0.009140797273141332  -3.189062954634115e-05
362.05  0.009083141764050758  -3.1732348314689144e-05
362.1  0.00902319150132515  -3.14985162504288e-05
362.15000000000003  0.008961076908228699  -3.119373071434802e-05
362.20000000000005  0.00889693827922581  -3.082350894503484e-05
362.25  0.008830925870298023  -3.0394712470671816e-05
362.3  0.00876319969705116  -2.9915756667188414e-05
362.35  0.008693928958581485  -2.93964787687301e-05
362.40000000000003  0.008623291063341521  -2.8847612981254846e-05
362.45000000000005  0.00855147031590564  -2.8279912292077126e-05
362.5  0.00847865640361983  -2.770304916405808e-05
362.55  0.008405042871397352  -2.712448948135467e-05
362.6  0.008330825771181183  -2.6548554105474538e-05
362.65000000000003  0.008256202619910849  -2.5975867864582656e-05
362.70000000000005  0.008181371711365848  -2.5403333320358484e-05
362.75  0.0081065317295076  -2.482466009041365e-05
362.8  0.00803188154245564  -2.423136073179628e-05
362.85  0.007957620036034745  -2.361402633282683e-05
362.90000000000003  0.007883945856784069  -2.2963637202432993e-05
362.95000000000005  0.007811056963539828  -2.2272660105951853e-05
363.0  0.007739149942905514  -2.1535747847916175e-05
363.05  0.007668419117400599  -2.0749959038392088e-05
363.1  0.00759905554089521  -1.9914506654544083e-05
363.15000000000003  0.00753124602508517  -1.903012565300606e-05
363.20000000000005  0.007465172353782007  -1.8098222645823492e-05
363.25  0.007401010811801806  -1.712001384974809e-05
363.3  0.007338932091580428  -1.6095859917518957e-05
363.35  0.007279101553798367  -1.5024959681718137e-05
363.40000000000003  0.007221679741785834  -1.390548609128573e-05
363.45000000000005  0.007166822997170157  -1.2735157894627517e-05
363.5  0.007114683994126042  -1.1512145966394551e-05
363.55  0.007065412017244392  -1.023613164590269e-05
363.6  0.007019152860478878  -8.909278616906912e-06
363.65000000000003  0.006976048302993359  -7.536875971844715e-06
363.70000000000005  0.0069362351945360355  -6.127483644585082e-06
363.75  0.006899844247153146  -4.692532291015159e-06
363.8  0.006866998667861648  -3.2454475052002006e-06
363.85  0.006837812763703533  -1.8004488695764007e-06
363.90000000000003  0.006812390619076666  -3.7121254614286346e-07
363.95000000000005  0.006790824918620035  1.0303990256837077e-06
364.0  0.006773195979498561  2.3953486809845913e-06
364.05  0.006759571030161427  3.7180286470861548e-06
364.1  0.0067500037338818755  4.996368823386616e-06
364.15000000000003  0.006744533925820492  6.23144378016404e-06
364.20000000000005  0.006743187498125322  7.426660818787319e-06
364.25  0.0067459763426093566  8.58667591936732e-06
364.3  0.0067528982580462036  9.716218673460543e-06
364.35  0.0067639367414595915  1.0819005843169484e-05
364.40000000000003  0.006779060600385056  1.1896886780233213e-05
364.45000000000005  0.006798223356247889  1.2949306013925946e-05
364.5  0.006821362487969907  1.3973102554076154e-05
364.55  0.006848398715938822  1.4962602804863309e-05
364.6  0.006879235752331012  1.5909938173954854e-05
364.65000000000003  0.0069137611863217706  1.680555081077586e-05
364.70000000000005  0.00695184913498966  1.7638920934295494e-05
364.75  0.006993364427652234  1.839956874537741e-05
364.8  0.0070381664882121974  1.9078231658139458e-05
364.85  0.007086110406280534  1.9667863365477323e-05
364.90000000000003  0.007137044410399389  2.0164097237918393e-05
364.95000000000005  0.007190805530372863  2.0565170026288754e-05
365.0  0.0072472160588195784  2.0871581405221768e-05
365.05  0.007306082413077799  2.1085717054664227e-05
365.1  0.0073671966508108925  2.1211504446437764e-05
365.15000000000003  0.007430340018160171  2.12540954735846e-05
365.20000000000005  0.007495287547011042  2.121957349800705e-05
365.25  0.007561812732170574  2.111470244650915e-05
365.3  0.007629691564649004  2.094674044319083e-05
365.35  0.007698705524576868  2.072332155679224e-05
365.40000000000003  0.007768643427815929  2.0452378830865708e-05
365.45000000000005  0.007839302223704415  2.014206241181259e-05
365.5  0.00791048696527902  1.9800608596061036e-05
365.55  0.00798201023439828  1.9436134572638523e-05
365.6  0.008053691302587495  1.9056355802948622e-05
365.65000000000003  0.008125355257192364  1.8668236095758817e-05
365.70000000000005  0.008196832277318926  1.8277590454888824e-05
365.75  0.008267957208655165  1.7888678360565832e-05
365.8  0.008338569511656239  1.7503833528860566e-05
365.85  0.008408513563665215  1.7123169554300574e-05
365.90000000000003  0.008477639218386476  1.6744397438464403e-05
365.95000000000005  0.00854580247751855  1.636279179308056e-05
366.0  0.008612866116978646  1.5971336334887014e-05
366.05  0.00867870013035197  1.5561062240956874e-05
366.1  0.0087431818945055  1.512157037073371e-05
366.15000000000003  0.008806196017231684  1.464170817057467e-05
366.20000000000005  0.008867633881967516  1.4110354247001964e-05
366.25  0.00892739295542086  1.3517244812157037e-05
366.3  0.008985375972372946  1.2853760613889994e-05
366.35  0.009041490153063448  1.2113580608736935e-05
366.40000000000003  0.009095646629606859  1.129310219805046e-05
366.45000000000005  0.009147760245225706  1.039153919268789e-05
366.5  0.00919774982102315  9.410640586609026e-06
366.55  0.009245538842561922  8.354028175174807e-06
366.6  0.00929105633021303  7.226234958774525e-06
366.65000000000003  0.009334237507214026  6.031625943998325e-06
366.70000000000005  0.009375023867380983  4.773453114058925e-06
366.75  0.009413362413863776  3.4532890985915853e-06
366.8  0.009449204129098476  2.0709916810919454e-06
366.85  0.00948250200844178  6.252126671215516e-07
366.90000000000003  0.009513209132422335  -8.856695932917893e-07
366.95000000000005  0.009541277235714058  -2.462407456018891e-06
367.0  0.009566656106029883  -4.103766884877149e-06
367.05  0.009589293994567712  -5.805619437630153e-06
367.1  0.009609139071336831  -7.560350954522605e-06
367.15000000000003  0.009626141770288272  -9.356655894901322e-06
367.20000000000005  0.009640257520576546  -1.1179763116997588e-05
367.25  0.009651448644044448  -1.3012098364210952e-05
367.3  0.00965968330628981  -1.4834351628291578e-05
367.35  0.009664929991211314  -1.6626894893126412e-05
367.40000000000003  0.009667149983530916  -1.8371408007433622e-05
367.45000000000005  0.009666294319802097  -2.005223544521148e-05
367.5  0.009662308348382387  -2.1656738085921487e-05
367.55  0.009655139836291465  -2.3174554915872193e-05
367.6  0.009644745362798265  -2.4596566875969796e-05
367.65000000000003  0.009631093458777048  -2.591429348944329e-05
367.70000000000005  0.009614165453488279  -2.7119901172772536e-05
367.75  0.0095939552579522  -2.820663365504988e-05
367.8  0.009570468884995333  -2.916939695954374e-05
367.85  0.009543723997191339  -3.0005370511239326e-05
367.90000000000003  0.009513749213360987  -3.07150386759249e-05
367.95000000000005  0.009480584450385444  -3.1302612006289084e-05
368.0  0.009444281440963424  -3.177457156252622e-05
368.05  0.009404903118109556  -3.213931758257183e-05
368.1  0.009362523614604086  -3.24064233541733e-05
368.15000000000003  0.009317228067077483  -3.258551977698763e-05
368.20000000000005  0.009269111982676943  -3.268526406943325e-05
368.25  0.009218280329140542  -3.271263121223414e-05
368.3  0.009164846603650564  -3.26726535880405e-05
368.35  0.0091089321118286  -3.2568614112070506e-05
368.40000000000003  0.009050665555328883  -3.24025797490602e-05
368.45000000000005  0.008990182887198713  -3.2176094094229314e-05
368.5  0.008927627307535095  -3.1890845732834494e-05
368.55  0.008863149244973454  -3.154916082472553e-05
368.6  0.008796906199924981  -3.11542252192801e-05
368.65000000000003  0.008729062392258508  -3.0710035631614733e-05
368.70000000000005  0.008659788207227924  -3.0221141780819114e-05
368.75  0.008589259465642117  -2.9692247043038857e-05
368.8  0.008517656587241955  -2.9127743394840044e-05
368.85  0.008445163737116963  -2.8531272571316363e-05
368.90000000000003  0.00837196803106613  -2.790540301971408e-05
368.95000000000005  0.008298258855113604  -2.725147961380182e-05
369.0  0.00822422731329676  -2.6569670592662477e-05
369.05  0.00815006574533953  -2.5859205889751033e-05
369.1  0.008075967215055813  -2.5118754715420966e-05
369.15000000000003  0.008002124883062288  -2.434686231487554e-05
369.20000000000005  0.00792873122597062  -2.3542359674359943e-05
369.25  0.007855977147102216  -2.2704654695086167e-05
369.3  0.00778405111632702  -2.1833822993039375e-05
369.35  0.007713138521294489  -2.0930465694290213e-05
369.40000000000003  0.007643421375078659  -1.999537813429445e-05
369.45000000000005  0.007575078414442127  -1.9029136293792398e-05
369.5  0.007508285491992461  -1.803171962921332e-05
369.55  0.007443216093329579  -1.7002258869859906e-05
369.6  0.007380041835226776  -1.593896187672357e-05
369.65000000000003  0.007318932872366908  -1.4839248447522966e-05
369.70000000000005  0.007260058176979318  -1.3700104847992079e-05
369.75  0.007203585641221531  -1.2518627969222664e-05
369.8  0.007149681904778415  -1.1292673746608263e-05
369.85  0.007098511787660916  -1.0021490926853996e-05
369.90000000000003  0.007050237262634891  -8.706238256232561e-06
369.95000000000005  0.007005015997522338  -7.350326527763235e-06
370.0  0.006962999581792266  -5.959547625874486e-06
370.05  0.006924331608196399  -4.5419615276024265e-06
370.1  0.006889145805193623  -3.107534261450038e-06
370.15000000000003  0.006857564403464175  -1.6675418309452498e-06
370.20000000000005  0.0068296968768261634  -2.337762426625172e-07
370.25  0.0068056391373164  1.1823744341674806e-06
370.3  0.0067854731951667215  2.5708633335527543e-06
370.35  0.006769267218904699  3.923805177547429e-06
370.40000000000003  0.006757075859759  5.236047942472443e-06
370.45000000000005  0.0067489406647420515  6.505404294157297e-06
370.5  0.00674489039996437  7.732502082195647e-06
370.55  0.00674494112602956  8.920269939750676e-06
370.6  0.006749095927661802  1.0073132691137066e-05
370.65000000000003  0.006757344292377322  1.119602573530035e-05
370.70000000000005  0.00676966120835658  1.2293345236707839e-05
370.75  0.00678600610718873  1.3367945256363884e-05
370.8  0.006806321861448539  1.4420281048497157e-05
370.85  0.006830534202841304  1.5447787118737674e-05
370.90000000000003  0.006858552148091751  1.6444579515427488e-05
370.95000000000005  0.006890270114236242  1.74015896467724e-05
371.0  0.006925571888120054  1.8307211713849806e-05
371.05  0.006964335209502774  1.914836843807438e-05
371.1  0.0070064345066013205  1.9911644549213406e-05
371.15000000000003  0.007051740136250694  2.0584134863263404e-05
371.20000000000005  0.007100114926570893  2.1154003046457903e-05
371.25  0.0071514102861819084  2.1611023459395586e-05
371.3  0.007205463654750397  2.1947279282266562e-05
371.35  0.0072620978833336045  2.215794037472254e-05
371.40000000000003  0.0073211223320277866  2.2241929865313908e-05
371.45000000000005  0.007382335160996933  2.220232883551283e-05
371.5  0.00744552626805668  2.2046450181988698e-05
371.55  0.007510480418731527  2.1785572179702187e-05
371.6  0.007576980227605564  2.143435803972658e-05
371.65000000000003  0.007644808758180163  2.101001030457994e-05
371.70000000000005  0.00771375160801001  2.053123002012162e-05
371.75  0.007783598440053975  2.0017068294614093e-05
371.8  0.007854144003750911  1.9485765473862265e-05
371.85  0.00792518873581566  1.8953669887543416e-05
371.90000000000003  0.00799653903621243  1.84343165154994e-05
371.95000000000005  0.008068007322443366  1.793773610885265e-05
372.0  0.00813941199094332  1.74700521931893e-05
372.05  0.008210577405051708  1.7033388253972888e-05
372.1  0.008281333979332318  1.662606232799535e-05
372.15000000000003  0.008351518379434889  1.624301629875661e-05
372.20000000000005  0.008420973809964658  1.5876415275763465e-05
372.25  0.008489550329386458  1.5516354520767643e-05
372.3  0.008557105130577745  1.5151620818721244e-05
372.35  0.008623502734737108  1.4770460791839543e-05
372.40000000000003  0.008688615058133068  1.436131113479554e-05
372.45000000000005  0.00875232133737952  1.3913451851440684e-05
372.5  0.008814507935046593  1.3417549046781073e-05
372.55  0.008875068075115854  1.2866052573469953e-05
372.6  0.008933901557013013  1.2253411541247579e-05
372.65000000000003  0.008990914479153306  1.1576080498454906e-05
372.70000000000005  0.009046018988534622  1.0832323743977617e-05
372.75  0.009099133050693757  1.0021858784963144e-05
372.8  0.009150180211171428  9.14539216647114e-06
372.85  0.00919908931127372  8.20410847233391e-06
372.90000000000003  0.009245794126304191  7.1991793411475675e-06
372.95000000000005  0.009290232904832805  6.131359417981969e-06
373.0  0.009332347795795934  5.000725608908787e-06
373.05  0.009372084155850849  3.8065976993851606e-06
373.1  0.009409389744932693  2.547659408237406e-06
373.15000000000003  0.009444213852287706  1.2222747877614363e-06
373.20000000000005  0.00947650643586285  -1.7103552022485234e-07
373.25  0.009506217389907996  -1.6330090292344891e-06
373.3  0.009533296079425215  -3.162993100110181e-06
373.35  0.009557691289942626  -4.7582849497502655e-06
373.40000000000003  0.009579351727438052  -6.413539190939213e-06
373.45000000000005  0.00959822716199154  -8.120344411343466e-06
373.5  0.0096142701793535  -9.867062764187699e-06
373.55  0.00962743813874127  -1.1638994079726978e-05
373.6  0.009637694174473771  -1.341888811611804e-05
373.65000000000003  0.009645005287628756  -1.518780693806451e-05
373.70000000000005  0.009649336484023288  -1.6926335789845237e-05
373.75  0.009650643948356285  -1.861605149753593e-05
373.8  0.00964887336045683  -2.0240800841216536e-05
373.85  0.009643965523156304  -2.178711567775189e-05
373.90000000000003  0.009635864933667129  -2.324371102808378e-05
373.95000000000005  0.009624526369370029  -2.4600757122440353e-05
374.0  0.009609918139043364  -2.584953388140383e-05
374.05  0.009592022970961872  -2.6982577414069548e-05
374.1  0.009570837794089427  -2.799414110399273e-05
374.15000000000003  0.009546373177446495  -2.8880792224129242e-05
374.20000000000005  0.00951865255428584  -2.9642302518037332e-05
374.25  0.009487711498770778  -3.028247934770046e-05
374.3  0.009453597834177586  -3.0807967062396015e-05
374.35  0.009416371569210831  -3.1227703473284146e-05
374.40000000000003  0.009376104873789239  -3.1552180648541616e-05
374.45000000000005  0.009332881924802512  -3.179212796913101e-05
374.5  0.009286798189559107  -3.195714751549492e-05
374.55  0.009237959177877309  -3.205461750744703e-05
374.6  0.009186479018464214  -3.208907911139993e-05
374.65000000000003  0.0091324792450881  -3.20622196162415e-05
374.70000000000005  0.009076087974476142  -3.197342263395914e-05
374.75  0.009017439443573682  -3.182071823499318e-05
374.8  0.008956673778133046  -3.160188961948393e-05
374.85  0.008893936867057651  -3.131550446801625e-05
374.90000000000003  0.008829380234826852  -3.0961705760060505e-05
374.95000000000005  0.00876316081960754  -3.0542657352500104e-05
375.0  0.008695440605990189  -3.00625901626341e-05
375.05  0.008626386112723457  -2.952746702932325e-05
375.1  0.008556167764493014  -2.8944361994511938e-05
375.15000000000003  0.008484959189827678  -2.8320698196494628e-05
375.20000000000005  0.008412936513964091  -2.766349206928988e-05
375.25  0.008340277719306122  -2.6978729198176144e-05
375.3  0.008267162120651626  -2.6270954880662778e-05
375.35  0.00819376999260173  -2.55431049104716e-05
375.40000000000003  0.008120282361429153  -2.4796551047491767e-05
375.45000000000005  0.008046880937362891  -2.4031300898149835e-05
375.5  0.007973748150007395  -2.324627937179538e-05
375.55  0.0079010672446513  -2.2439623926219798e-05
375.6  0.007829022384370166  -2.1608932740548353e-05
375.65000000000003  0.007757798705559928  -2.0751413440363456e-05
375.70000000000005  0.007687582288881635  -1.9863909812868323e-05
375.75  0.007618560008313895  -1.894283864188482e-05
375.8  0.0075509192196411635  -1.798412416563301e-05
375.85  0.007484847269310236  -1.6983238771950335e-05
375.90000000000003  0.007420530848137379  -1.593544024348892e-05
375.95000000000005  0.007358155253170174  -1.4836256305236176e-05
376.0  0.007297903613754453  -1.3682203033162198e-05
376.05  0.007239956099737612  -1.2471640431956273e-05
376.1  0.007184489087242214  -1.1205608644949482e-05
376.15000000000003  0.007131674217553672  -9.888470435790326e-06
376.20000000000005  0.007081677289483837  -8.528204987824489e-06
376.25  0.007034656985481617  -7.136249252671512e-06
376.3  0.0069907634991554415  -5.726853817870308e-06
376.35  0.006950137178107886  -4.3159899288421e-06
376.40000000000003  0.0069129073144451846  -2.919907781923271e-06
376.45000000000005  0.006879191196801493  -1.553507323034382e-06
376.5  0.006849093485696132  -2.2872544209820817e-07
376.55  0.006822705915063069  1.0468433674789719e-06
376.6  0.006800107276857506  2.2708810148227414e-06
376.65000000000003  0.006781363617618165  3.4466679055484736e-06
376.70000000000005  0.0067665285899621876  4.582700316277377e-06
376.75  0.006755643916121755  5.691580242847443e-06
376.8  0.00674873989610933  6.788270745856573e-06
376.85  0.006745835859781011  7.8879324374504e-06
376.90000000000003  0.006746940429826559  9.003622971490561e-06
376.95000000000005  0.006752051466453238  1.0144161140518704e-05
377.0  0.006761155647121861  1.1312438894050287e-05
377.05  0.006774227817592563  1.2504407762065801e-05
377.1  0.006791230517179153  1.370889372720665e-05
377.15000000000003  0.0068121142929733055  1.4908317287823877e-05
377.20000000000005  0.006836819216455221  1.608027767362876e-05
377.25  0.006865277072873163  1.7199745613987946e-05
377.3  0.00689741253728213  1.8241376873390372e-05
377.35  0.0069331417773323386  1.9181465038319513e-05
377.40000000000003  0.0069723687080803474  1.9999377301022456e-05
377.45000000000005  0.007014980724259975  2.0678625881772547e-05
377.5  0.00706084570359066  2.1207725138092668e-05
377.55  0.007109811049000011  2.158081847997652e-05
377.6  0.007161704663838945  2.179797710271859e-05
377.65000000000003  0.007216337383377958  2.1865104108786325e-05
377.70000000000005  0.007273506329584588  2.1793455719465053e-05
377.75  0.007332998699924199  2.1598855752749762e-05
377.8  0.007394595579510326  2.130069648900761e-05
377.85  0.007458075461847417  2.092080354720014e-05
377.90000000000003  0.007523217250720887  2.048222521289446e-05
377.95000000000005  0.0075898025968413625  2.0008000484211103e-05
378.0  0.0076576175090421325  1.9519962737532823e-05
378.05  0.007726453267490361  1.9037639543327314e-05
378.1  0.007796106735993207  1.8577310763324913e-05
378.15000000000003  0.007866380205624192  1.8151282785486525e-05
378.20000000000005  0.007937080921049552  1.7767429962471498e-05
378.25  0.008008020478026946  1.742905160402944e-05
378.3  0.008079014302574107  1.7135070030228193e-05
378.35  0.008149881392090412  1.6880545109083327e-05
378.40000000000003  0.008220444436492554  1.6657432354889456e-05
378.45000000000005  0.00829053036418776  1.6455483154896985e-05
378.5  0.008359971286895328  1.6263178262648854e-05
378.55  0.008428605759830302  1.6068594061415216e-05
378.6  0.008496280227486372  1.5860122741051722e-05
378.65000000000003  0.008562850490784917  1.5626997179040535e-05
378.70000000000005  0.008628183023362775  1.535960061088969e-05
378.75  0.008692155982604859  1.5049564334254807e-05
378.8  0.008754659785477573  1.4689673015419288e-05
378.85  0.008815597137791101  1.4273615322096637e-05
378.90000000000003  0.008874882424665977  1.3795640312509299e-05
378.95000000000005  0.008932440413600005  1.3250190656714873e-05
379.0  0.008988204308373009  1.2631582914801377e-05
379.05  0.009042113302675615  1.1933797718949988e-05
379.1  0.009094109880785916  1.1150421122336886e-05
379.15000000000003  0.009144137172401826  1.0274752937789723e-05
379.20000000000005  0.009192136667016768  9.300078898084601e-06
379.25  0.009238046525692767  8.22009050063666e-06
379.3  0.00928180062772964  7.029426028289615e-06
379.35  0.009323328390621298  5.724287793806332e-06
379.40000000000003  0.009362555305064456  4.303074005513078e-06
379.45000000000005  0.0093994040423048  2.7669662663514443e-06
379.5  0.009433795942984078  1.120425608115072e-06
379.55  0.009465652695300909  -6.284499817091391e-07
379.6  0.009494898047131398  -2.4677660564765695e-06
379.65000000000003  0.009521459454747501  -4.38192434603622e-06
379.70000000000005  0.009545269633654024  -6.351992182861014e-06
379.75  0.009566268035850829  -8.356352000961158e-06
379.8  0.009584402288955914  -1.0371609070206335e-05
379.85  0.009599629497886265  -1.237368337637622e-05
379.90000000000003  0.009611916828444913  -1.4338984755507235e-05
379.95000000000005  0.009621239947299853  -1.6245609596965657e-05
380.0  0.00962757773566603  -1.8074550826138015e-05
380.05  0.009630904176068  -1.981087777321343e-05
380.1  0.009631182442121689  -2.1444599419579924e-05
380.15000000000003  0.009628365992936937  -2.29706232481652e-05
380.20000000000005  0.009622405435454999  -2.4387528617998914e-05
380.25  0.009613256039695373  -2.569571542997023e-05
380.3  0.00960088271808413  -2.689579855805838e-05
380.35  0.00958526238186094  -2.7987714682039015e-05
380.40000000000003  0.009566384766764175  -2.8970545281158478e-05
380.45000000000005  0.009544252621068961  -2.9842932591888876e-05
380.5  0.00951888183935109  -3.0604040753367945e-05
380.55  0.00949030103104866  -3.1254230708507504e-05
380.6  0.009458550490493222  -3.1795379002266436e-05
380.65000000000003  0.009423682659299274  -3.223161858800803e-05
380.70000000000005  0.009385761952633888  -3.256900357133608e-05
380.75  0.009344864392584884  -3.281474039412726e-05
380.8  0.009301077209613437  -3.297620487343906e-05
380.85  0.00925449822059388  -3.305993109170892e-05
380.90000000000003  0.009205234885564042  -3.3070834804341845e-05
380.95000000000005  0.00915340306877218  -3.3011885705318434e-05
381.0  0.009099125651964109  -3.28842938089235e-05
381.05  0.009042531206794109  -3.268812683453804e-05
381.1  0.008983752895886793  -3.242318863352476e-05
381.15000000000003  0.008922927683377517  -3.208994985018086e-05
381.20000000000005  0.008860195872079743  -3.169032469551176e-05
381.25  0.00879570093618853  -3.122813978909139e-05
381.3  0.008729589588455884  -3.070919981723153e-05
381.35  0.008662012032076019  -3.014091373642526e-05
381.40000000000003  0.008593122354948315  -2.9531540785304042e-05
381.45000000000005  0.00852307901397855  -2.888920674317549e-05
381.5  0.008452045345344793  -2.822088141220311e-05
381.55  0.008380190030561719  -2.7531505624880856e-05
381.6  0.008307687439706406  -2.6823427990508912e-05
381.65000000000003  0.008234717773285483  -2.6096257009684235e-05
381.70000000000005  0.008161466943123714  -2.5347158423158452e-05
381.75  0.008088126158355094  -2.457153556239997e-05
381.8  0.008014891212329825  -2.3763948489846813e-05
381.85  0.007941961509994756  -2.2919090494571802e-05
381.90000000000003  0.007869538919633242  -2.2032647960846398e-05
381.95000000000005  0.0077978265510907025  -2.1101908802999022e-05
382.0  0.007727027552204918  -2.0126043610370865e-05
382.05  0.007657343994914166  -1.910605141163993e-05
382.1  0.007588975899138954  -1.8044432161668653e-05
382.15000000000003  0.007522120410168795  -1.6944705721561304e-05
382.20000000000005  0.007456971098074458  -1.581092080592317e-05
382.25  0.00739371729774321  -1.464728187691955e-05
382.3  0.0073325433908301325  -1.3457971722606817e-05
382.35  0.007273627950239858  -1.224718096594988e-05
382.40000000000003  0.007217142699249894  -1.1019289202630457e-05
382.45000000000005  0.007163251280462902  -9.779083939594205e-06
382.5  0.007112107902811613  -8.531874597953325e-06
382.55  0.007063856032905873  -7.283374353637893e-06
382.6  0.007018627375151484  -6.039276096810217e-06
382.65000000000003  0.006976541403693911  -4.804518981630212e-06
382.70000000000005  0.006937705636497854  -3.5823279167889684e-06
382.75  0.00690221666919721  -2.373217427756198e-06
382.8  0.006870161789394223  -1.1742222517193894e-06
382.85  0.006841620870010707  2.1393889018907133e-08
382.90000000000003  0.0068166681785612904  1.223757039282343e-06
382.95000000000005  0.006795373723347238  2.4452661811386417e-06
383.0  0.006777803844393606  3.698867774754728e-06
383.05  0.006764020922366618  4.996004119563631e-06
383.1  0.006754082281056937  6.344596160018313e-06
383.15000000000003  0.006748038574793247  7.747351968438792e-06
383.20000000000005  0.006745932059763413  9.200503537498076e-06
383.25  0.0067477949933081715  1.0692992146982367e-05
383.3  0.006753648097463829  1.2206255295989479e-05
383.35  0.0067634989575563065  1.3714889842093364e-05
383.40000000000003  0.006777340594592663  1.5188309587254906e-05
383.45000000000005  0.006795150794717536  1.6593176949348988e-05
383.5  0.00681689238232497  1.7896162639674046e-05
383.55  0.006842513586455812  1.9066573871037327e-05
383.6  0.006871947274982979  2.0078514288009138e-05
383.65000000000003  0.0069051088979436605  2.0912452549964773e-05
383.70000000000005  0.006941894256195803  2.155629037704734e-05
383.75  0.006982178334949356  2.200605826945734e-05
383.8  0.007025815707888998  2.2266221174817535e-05
383.85  0.0070726423500081775  2.2349466177488687e-05
383.90000000000003  0.007122478422895676  2.2275882864568358e-05
383.95000000000005  0.007175131584957523  2.2071559406976148e-05
384.0  0.007230400464990897  2.1766727817840285e-05
384.05  0.0072880780255255755  2.1393647154931718e-05
384.1  0.007347954592892765  2.0984409610052095e-05
384.15000000000003  0.007409820353720373  2.0568842165392e-05
384.20000000000005  0.0074734671547467225  2.0172667503036557e-05
384.25  0.0075386895245151  1.9816065461467472e-05
384.3  0.007605284943547555  1.9512733085852492e-05
384.35  0.007673053493003101  1.92694853091521e-05
384.40000000000003  0.007741797096385492  1.908639090838864e-05
384.45000000000005  0.007811318621566063  1.8957401477481897e-05
384.5  0.007881421125863786  1.8871400030828225e-05
384.55  0.007951907506725654  1.8813573377749032e-05
384.6  0.00802258075676755  1.8766993592220255e-05
384.65000000000003  0.008093244915602654  1.871426732106511e-05
384.70000000000005  0.008163706697915699  1.8639085084056637e-05
384.75  0.008233777680863126  1.8527512416527565e-05
384.8  0.008303276833950154  1.83689082296195e-05
384.85  0.008372033087601177  1.81564026481874e-05
384.90000000000003  0.008439887606152517  1.7886917954931087e-05
384.95000000000005  0.008506695467546727  1.7560766378688048e-05
385.0  0.00857232653994668  1.7180895686393606e-05
385.05  0.008636665456506008  1.6751882367949536e-05
385.1  0.008699610700801379  1.6278793493390896e-05
385.15000000000003  0.00876107291201383  1.5766044522567346e-05
385.20000000000005  0.00882097258960141  1.5216377830415315e-05
385.25  0.008879237431033006  1.4630079208911268e-05
385.3  0.008935799590429309  1.4004517070935212e-05
385.35  0.008990593171560205  1.3334042623831193e-05
385.40000000000003  0.009043552231633098  1.2610239288734806e-05
385.45000000000005  0.009094609480272966  1.1822454293605484e-05
385.5  0.00914369571901431  1.0958513793345467e-05
385.55  0.009190739902712481  1.0005539371604932e-05
385.6  0.009235669583542501  8.95083257897883e-06
385.65000000000003  0.009278411481793966  7.782833374460303e-06
385.70000000000005  0.00931889201627473  6.492158413604938e-06
385.75  0.009357037766726677  5.072682283374229e-06
385.8  0.009392775948263113  3.5225630561591666e-06
385.85  0.009426035000983126  1.8450681242280741e-06
385.90000000000003  0.009456745354885283  4.904711859738683e-08
385.95000000000005  0.009484840364740024  -1.851067548226286e-06
386.0  0.009510257359704549  -3.835769939606852e-06
386.05  0.009532938762173489  -5.881447484522998e-06
386.1  0.009552833263073058  -7.96170344650395e-06
386.15000000000003  0.009569896988351177  -1.004891658735674e-05
386.20000000000005  0.009584094322279517  -1.211590663909615e-05
386.25  0.009595397480635485  -1.4137556885255771e-05
386.3  0.00960378340382379  -1.6092232918808645e-05
386.35  0.009609227365375159  -1.7962841732870154e-05
386.40000000000003  0.009611695851474882  -1.97373701241879e-05
386.45000000000005  0.009611143832105574  -2.1408656550321182e-05
386.5  0.009607518761510758  -2.297320074610244e-05
386.55  0.009600768157284677  -2.4429310708572003e-05
386.6  0.00959084631102772  -2.577533723835005e-05
386.65000000000003  0.009577718324120157  -2.7008592920407948e-05
386.70000000000005  0.009561361920076134  -2.812508543116669e-05
386.75  0.009541768001958856  -2.9119912788787267e-05
386.8  0.009518940555327983  -2.9988074829494494e-05
386.85  0.009492896364010158  -3.072561567392224e-05
386.90000000000003  0.009463665298365006  -3.1331470371031806e-05
386.95000000000005  0.009431289739487037  -3.180741824686172e-05
387.0  0.009395823416121992  -3.215790105250192e-05
387.05  0.009357330998401634  -3.239021739624774e-05
387.1  0.00931588797312622  -3.2513981360501365e-05
387.15000000000003  0.009271580473248341  -3.254015682834248e-05
387.20000000000005  0.00922450493632991  -3.248001519347126e-05
387.25  0.009174767451770625  -3.2344264891718194e-05
387.3  0.009122482744797895  -3.2142496397429636e-05
387.35  0.009067772902628186  -3.1882958634794264e-05
387.40000000000003  0.009010766065838498  -3.157258013068503e-05
387.45000000000005  0.008951595321616594  -3.121711093115046e-05
387.5  0.008890397958376317  -3.082127275374066e-05
387.55  0.008827315144508385  -3.0388832075122238e-05
387.6  0.008762492008000491  -2.9922568175291113e-05
387.65000000000003  0.008696078020088926  -2.9424161031700867e-05
387.70000000000005  0.008628227553345282  -2.889404498002797e-05
387.75  0.008559100490846707  -2.8331282778000343e-05
387.8  0.008488862791058214  -2.7733520491467757e-05
387.85  0.00841768692927045  -2.709709442696515e-05
387.90000000000003  0.008345752138876337  -2.6417361338465152e-05
387.95000000000005  0.008273244379436991  -2.5689304562469873e-05
388.0  0.008200355963614354  -2.4908430115982835e-05
388.05  0.008127284810601274  -2.407189355995898e-05
388.1  0.008054233350554604  -2.317969971221108e-05
388.15000000000003  0.007981407143588613  -2.223573617370364e-05
388.20000000000005  0.007909013284066997  -2.1248368703902892e-05
388.25  0.007837258636956126  -2.023036129372906e-05
388.3  0.007766347933918724  -1.919799479184034e-05
388.35  0.00769648177985919  -1.8169419959228795e-05
388.40000000000003  0.007627854692563449  -1.7162458017985314e-05
388.45000000000005  0.0075606533776918375  -1.6192204433528953e-05
388.5  0.007495055472059291  -1.526884118511112e-05
388.55  0.007431228948740203  -1.4396021942630192e-05
388.6  0.0073693322839603875  -1.3570105494435301e-05
388.65000000000003  0.007309515365144129  -1.2780404992354526e-05
388.70000000000005  0.0072519210336081915  -1.2010484719844688e-05
388.75  0.007196687107696823  -1.1240337950577208e-05
388.8  0.007143948662171927  -1.0449025980183895e-05
388.85  0.007093840232698468  -9.6171724635269e-06
388.90000000000003  0.00704649753383259  -8.728741496005215e-06
388.95000000000005  0.00700205831800974  -7.771804830076906e-06
389.0  0.006960662193948983  -6.738388531969309e-06
389.05  0.006922449474824904  -5.623799807401654e-06
389.1  0.006887559288337087  -4.425921269320209e-06
389.15000000000003  0.006856127201962606  -3.144825533244148e-06
389.20000000000005  0.006828282568871187  -1.782837428945342e-06
389.25  0.006804145751221383  -3.449751801341703e-07
389.3  0.006783825341856355  1.1604104130728282e-06
389.35  0.006767415491578008  2.721037715767586e-06
389.40000000000003  0.006754993445289239  4.3203790798672315e-06
389.45000000000005  0.006746617368512585  5.937805742300262e-06
389.5  0.0067423245373709265  7.549298270328319e-06
389.55  0.006742129999914335  9.128722474617465e-06
389.6  0.0067460258777594356  1.0649547778833441e-05
389.65000000000003  0.006753981617805833  1.2086813552694212e-05
389.70000000000005  0.00676594565444851  1.341910213146169e-05
389.75  0.006781848862096473  1.4630279158120028e-05
389.8  0.006801609566544948  1.571080343254117e-05
389.85  0.006825138748347404  1.6658424869078662e-05
389.90000000000003  0.006852343414118896  1.7478096354076625e-05
389.95000000000005  0.006883127060477771  1.8181024033161513e-05
390.0  0.006917387984572842  1.878301077644445e-05
390.05  0.006955017072934324  1.9302445452760513e-05
390.1  0.006995896236791856  1.9758273194859008e-05
390.15000000000003  0.00703989782550072  2.016813223238721e-05
390.20000000000005  0.007086884829285385  2.0546749159119803e-05
390.25  0.007136711508468677  2.090468615287839e-05
390.3  0.007189224103130181  2.1247547721351972e-05
390.35  0.007244261382554094  2.1575719931224386e-05
390.40000000000003  0.007301654919348293  2.188464925484047e-05
390.45000000000005  0.007361229093238449  2.2165608347009082e-05
390.5  0.007422800933231498  2.240685594604526e-05
390.55  0.007486179973940498  2.259507078595829e-05
390.6  0.007551168318607329  2.2716916719086164e-05
390.65000000000003  0.00761756107223184  2.2760582387405237e-05
390.70000000000005  0.007685147254410085  2.2717136473762053e-05
390.75  0.007753711237912416  2.258155923534127e-05
390.8  0.007823034690226884  2.235335571708464e-05
390.85  0.007892898936042215  2.2036707059026315e-05
390.90000000000003  0.007963087613231518  2.164016069235692e-05
390.95000000000005  0.00803338945006207  2.117590986817617e-05
391.0  0.008103600969247346  2.0658754932880387e-05
391.05  0.008173528954414028  2.0104852843999146e-05
391.1  0.008242992538678554  1.953036632840931e-05
391.15000000000003  0.008311824775209557  1.895012262827145e-05
391.20000000000005  0.00837987356337562  1.8376379941535653e-05
391.25  0.008447001837996442  1.7817787470493902e-05
391.3  0.008513086982768566  1.727861579435696e-05
391.35  0.008578019498768541  1.6758322770448818e-05
391.40000000000003  0.00864170102932783  1.6251494940452816e-05
391.45000000000005  0.008704041903286995  1.5748167360849963e-05
391.5  0.008764958411577517  1.5234495371514754e-05
391.55  0.008824370070596669  1.4693734342579004e-05
391.6  0.008882197136878477  1.4107465296497823e-05
391.65000000000003  0.008938358615843724  1.3456980628942633e-05
391.70000000000005  0.008992770953303383  1.2724716933017126e-05
391.75  0.009045347516708966  1.1895600329407361e-05
391.8  0.009095998875091259  1.0958168416570124e-05
391.85  0.009144633787159833  9.905358227971884e-06
391.90000000000003  0.009191160725256185  8.73489762128452e-06
391.95000000000005  0.009235489717028362  7.449296687976903e-06
392.0  0.00927753427439449  6.055487471894809e-06
392.05  0.009317213186334612  4.564191022043824e-06
392.1  0.009354451976227592  2.9890950967591972e-06
392.15000000000003  0.009389183864415167  1.3459149025821219e-06
392.20000000000005  0.009421350130797871  -3.4858835155511503e-07
392.25  0.009450899847330253  -2.07754067796422e-06
392.3  0.009477789056746854  -3.824754995848662e-06
392.35  0.009501979597614351  -5.5753406159241005e-06
392.40000000000003  0.009523437864976312  -7.316109403168293e-06
392.45000000000005  0.009542133803755487  -9.035796489837122e-06
392.5  0.009558040296855573  -1.0725121674020246e-05
392.55  0.009571132721960276  -1.237672313178886e-05
392.6  0.009581387776494577  -1.398500091849264e-05
392.65000000000003  0.009588780236188536  -1.5545892365239788e-05
392.70000000000005  0.009593277460395419  -1.705655873065134e-05
392.75  0.009594834524655284  -1.851489238851167e-05
392.8  0.009593394394428429  -1.9918686775275783e-05
392.85  0.009588894118152655  -2.126446650185035e-05
392.90000000000003  0.009581273399518437  -2.254639219825164e-05
392.95000000000005  0.009570481565055517  -2.3755813755326668e-05
393.0  0.00955648155631952  -2.4881709951964277e-05
393.05  0.009539251505161668  -2.591183759472385e-05
393.1  0.009518784836345592  -2.683426012676339e-05
393.15000000000003  0.00949508954545119  -2.7638861442768022e-05
393.20000000000005  0.009468188094606839  -2.8319421421883614e-05
393.25  0.009438116848778107  -2.8875469019849794e-05
393.3  0.00940492383332047  -2.9310813401649837e-05
393.35  0.009368668311918956  -2.963323179776017e-05
393.40000000000003  0.00932942045708089  -2.9853654048044718e-05
393.45000000000005  0.009287260914604908  -2.9984573832193093e-05
393.5  0.009242280253482903  -3.003832514158135e-05
393.55  0.009194578239296949  -3.002561029741613e-05
393.6  0.00914426295157483  -2.995451368175514e-05
393.65000000000003  0.009091449855449739  -2.9830105458576185e-05
393.70000000000005  0.009036260973173551  -2.9654617703044575e-05
393.75  0.00897882426037928  -2.942806999201454e-05
393.8  0.008919273241663892  -2.9149132150421433e-05
393.85  0.008857746932955804  -2.8816009180147057e-05
393.90000000000003  0.0087943900211367  -2.8427193567019236e-05
393.95000000000005  0.008729353221579413  -2.798197384392786e-05
394.0  0.00866279370003174  -2.748064583726902e-05
394.05  0.008594875426499008  -2.6924445511636973e-05
394.1  0.008525769321757628  -2.6315292899532442e-05
394.15000000000003  0.008455653063856716  -2.5655476165131173e-05
394.20000000000005  0.008384710452940529  -2.494741240876054e-05
394.25  0.00831313028957103  -2.4193610877970865e-05
394.3  0.00824110481015114  -2.3396912530645168e-05
394.35  0.00816882779496219  -2.2560989869306152e-05
394.40000000000003  0.008096492512269007  -2.169098175495479e-05
394.45000000000005  0.008024289705347224  -2.07940494623085e-05
394.5  0.007952405852036291  -1.9879622263406476e-05
394.55  0.007881021915955723  -1.895915733474852e-05
394.6  0.007810312800970515  -1.8045357447704222e-05
394.65000000000003  0.0077404476886243105  -1.7150932947200095e-05
394.70000000000005  0.007671591334972797  -1.6287081345422567e-05
394.75  0.007603906210999411  -1.5461886945406625e-05
394.8  0.007537555124885001  -1.4678831144111957e-05
394.85  0.007472703783301953  -1.3935609742469537e-05
394.90000000000003  0.007409522737218735  -1.3223508079088925e-05
394.95000000000005  0.007348188314105263  -1.2527582440838668e-05
395.0  0.007288882370195568  -1.182777641583376e-05
395.05  0.007231790912068386  -1.1100914516732645e-05
395.1  0.007177101764941405  -1.0323322205867655e-05
395.15000000000003  0.007125001496313048  -9.47367079361482e-06
395.20000000000005  0.007075671836039861  -8.53557224567814e-06
395.25  0.0070292859364443246  -7.499493087403955e-06
395.3  0.006986004903410812  -6.3637075764824455e-06
395.35  0.006945975038816155  -5.134191530008376e-06
395.40000000000003  0.006909326132897494  -3.823537451345332e-06
395.45000000000005  0.006876170933937729  -2.4491489641169678e-06
395.5  0.0068466056801509065  -1.0310990856439315e-06
395.55  0.00682071140077339  4.0994457619211047e-07
395.6  0.006798555582358357  1.8544292510546225e-06
395.65000000000003  0.006780193760236678  3.285136367097334e-06
395.70000000000005  0.006765670675348849  4.687930179193276e-06
395.75  0.00675502078389921  6.05215322531122e-06
395.8  0.006748268061863712  7.370812972675009e-06
395.85  0.00674542519297919  8.640654684570525e-06
395.90000000000003  0.006746492399479429  9.862136397739484e-06
395.95000000000005  0.006751456396254725  1.1039248107762605e-05
396.0  0.006760290124829702  1.2179065991290257e-05
396.05  0.0067729539784995435  1.3290930947910879e-05
396.1  0.006789398823554011  1.4385239240636134e-05
396.15000000000003  0.006809569971819339  1.5472001187847577e-05
396.20000000000005  0.006833410079449176  1.6559373156488492e-05
396.25  0.006860859187319738  1.765223600932659e-05
396.3  0.006891851964305706  1.8750821422243818e-05
396.35  0.0069263137995607404  1.984953976428338e-05
396.40000000000003  0.0069641573705826005  2.093631750070621e-05
396.45000000000005  0.007005280412798533  2.199269771168844e-05
396.5  0.007049564707142913  2.2994790386304837e-05
396.55  0.0070968760170688795  2.3915012862643327e-05
396.6  0.007147064670489368  2.4724440663833293e-05
396.65000000000003  0.007199966554707572  2.5395493423611475e-05
396.70000000000005  0.007255404385633482  2.590462965166905e-05
396.75  0.007313189176135906  2.6234722416234753e-05
396.8  0.007373121857840603  2.6376837581104943e-05
396.85  0.0074349950246103  2.6331227987689697e-05
396.90000000000003  0.007498594791754561  2.6107465234820435e-05
396.95000000000005  0.007563702788478369  2.5723733701560835e-05
397.0  0.007630098284041162  2.520539773513001e-05
397.05  0.00769756041941973  2.4583021772680347e-05
397.1  0.007765870490654123  2.3890052707976492e-05
397.15000000000003  0.007834814207230232  2.3160365620198158e-05
397.20000000000005  0.007904183825633657  2.242586575779119e-05
397.25  0.007973780038108213  2.171433526680942e-05
397.3  0.008043413490141609  2.1047681666973502e-05
397.35  0.008112905814803648  2.044068715035124e-05
397.40000000000003  0.008182090110832542  1.990031532394646e-05
397.45000000000005  0.008250810849589124  1.9425616982024747e-05
397.5  0.008318923253305407  1.9008238568393442e-05
397.55  0.008386292232412253  1.863347180012571e-05
397.6  0.008452791011531234  1.8281740494080265e-05
397.65000000000003  0.008518299606120348  1.793038869524974e-05
397.70000000000005  0.008582703325282605  1.7555599190308932e-05
397.75  0.008645891471782801  1.713425318426579e-05
397.8  0.008707756384156252  1.6645556966497835e-05
397.85  0.008768192912079309  1.6072306123682052e-05
397.90000000000003  0.008827098346393608  1.5401716764137454e-05
397.95000000000005  0.008884372756263612  1.4625804079432672e-05
398.0  0.00893991962949035  1.37413286504156e-05
398.05  0.008993646676375488  1.274936780976431e-05
398.1  0.009045466634219226  1.1654597325868307e-05
398.15000000000003  0.009095297892784685  1.0464387255184781e-05
398.20000000000005  0.009143064766696886  9.187829017866655e-06
398.25  0.009188697289048909  7.834812032689977e-06
398.3  0.009232130491244044  6.415247864281216e-06
398.35  0.009273303237269517  4.938506042377604e-06
398.40000000000003  0.009312156764367797  3.4130910830158136e-06
398.45000000000005  0.009348633134367039  1.846567104378027e-06
398.5  0.009382673822111314  2.457150891007622e-07
398.55  0.00941421866879314  -1.383121057134159e-06
398.6  0.00944320541057507  -3.0335690784397498e-06
398.65000000000003  0.00946956994356538  -4.698736160612319e-06
398.70000000000005  0.009493247399826179  -6.37078495127309e-06
398.75  0.009514174002425983  -8.040659936678314e-06
398.8  0.009532289537697993  -9.698027478942174e-06
398.85  0.00954754009366738  -1.1331450333491025e-05
398.90000000000003  0.009559880418956983  -1.2928771697661406e-05
398.95000000000005  0.009569274841956242  -1.4477679207823597e-05
399.0  0.009575695464032322  -1.5966432196257308e-05
399.05  0.009579117258591627  -1.7384684792615796e-05
399.1  0.009579512273212808  -1.8724196327530444e-05
399.15000000000003  0.009576847001459235  -1.9979107397970962e-05
399.20000000000005  0.00957108487725318  -2.1145610473738362e-05
399.25  0.009562191699854325  -2.2221269939636348e-05
399.3  0.009550140555958314  -2.3204475459975316e-05
399.35  0.009534914618018482  -2.409424504752041e-05
399.40000000000003  0.00951650808396352  -2.489022727590115e-05
399.45000000000005  0.009494926148003175  -2.5592756652124692e-05
399.5  0.009470184519069138  -2.620292326880212e-05
399.55  0.009442309370478866  -2.672344791032906e-05
399.6  0.009411337390648769  -2.7159160955763612e-05
399.65000000000003  0.009377314850279098  -2.7515269749413643e-05
399.70000000000005  0.00934029766288143  -2.7796727598319874e-05
399.75  0.009300351493143396  -2.8007741894591508e-05
399.8  0.009257551838296098  -2.8151127539941006e-05
399.85  0.009211984093323754  -2.8227873292511523e-05
399.90000000000003  0.009163743521908761  -2.823711989533116e-05
399.95000000000005  0.009112935054797898  -2.8176592235488084e-05
400.0  0.009059672870394083  -2.8043409356245166e-05
400.05  0.009004079759341744  -2.7835096525756552e-05
400.1  0.008946286331425078  -2.7550566859164296e-05
400.15000000000003  0.008886430157792866  -2.7190859737875403e-05
400.20000000000005  0.008824654946962805  -2.6759490383310475e-05
400.25  0.008761109844901336  -2.626236594289579e-05
400.3  0.008695948913076972  -2.5707325362677904e-05
400.35  0.008629330797278598  -2.5103421487080257e-05
400.40000000000003  0.00856141856385818  -2.4460094486658667e-05
400.45000000000005  0.008492379642699232  -2.3786385608888047e-05
400.5  0.008422385796052033  -2.309032541623628e-05
400.55  0.008351613026093243  -2.2378609454625962e-05
400.6  0.008280241340523931  -2.165660724427888e-05
400.65000000000003  0.008208454314152278  -2.0928640971263493e-05
400.70000000000005  0.00813643838768075  -2.0198390579878843e-05
400.75  0.008064381861803853  -1.9469256131481678e-05
400.8  0.007992473610197458  -1.874452088383028e-05
400.85  0.007920901633612351  -1.802719432004626e-05
400.90000000000003  0.007849851710644652  -1.7319497083707483e-05
400.95000000000005  0.007779506461525983  -1.6622072780582516e-05
401.0  0.007710045082041997  -1.5933092380670474e-05
401.05  0.0076416438650821475  -1.5247467828940678e-05
401.1  0.007574477422849215  -1.4556418751478968e-05
401.15000000000003  0.007508720347967183  -1.3847594184931946e-05
401.20000000000005  0.007444548930002367  -1.3105861526467812e-05
401.25  0.00738214248224118  -1.2314732718836796e-05
401.3  0.007321683881528138  -1.1458249181021506e-05
401.35  0.007263359044727772  -1.0523051000176642e-05
401.40000000000003  0.007207355239779839  -9.500311580052131e-06
401.45000000000005  0.007153858338962777  -8.387195957004215e-06
401.5  0.007103049323479559  -7.187543976030591e-06
401.55  0.007055100494731284  -5.911621338927654e-06
401.6  0.007010171904331534  -4.574954596996838e-06
401.65000000000003  0.00696840848156682  -3.1964384410331787e-06
401.70000000000005  0.0069299382140778215  -1.7960407593600707e-06
401.75  0.006894871535325285  -3.92486417385241e-07
401.8  0.0068633018580555195  9.987227063644337e-07
401.85  0.006835307016601995  2.366684849637252e-06
401.90000000000003  0.006810951272329575  3.705735878077067e-06
401.95000000000005  0.006790287499507226  5.015348088116335e-06
402.0  0.006773359191740861  6.299410488033635e-06
402.05  0.006760202000730223  7.5650779457873575e-06
402.1  0.0067508446219033584  8.821389682049977e-06
402.15000000000003  0.006745308961467751  1.0077841064721558e-05
402.20000000000005  0.006743609644445495  1.1343056952550794e-05
402.25  0.006745753049722985  1.2623661670818472e-05
402.3  0.006751736191086102  1.3923382382743418e-05
402.35  0.006761545932682857  1.5242367848558662e-05
402.40000000000003  0.006775159186999329  1.657667151227944e-05
402.45000000000005  0.006792544561918435  1.7917888177527708e-05
402.5  0.006813664946164125  1.9253051229389214e-05
402.55  0.006838479106648322  2.0564961045008048e-05
402.6  0.006866940163432353  2.1832991774672797e-05
402.65000000000003  0.0068989906811305025  2.3034253405597287e-05
402.70000000000005  0.006934556268069612  2.4144992633435082e-05
402.75  0.006973540026998588  2.5142190192123014e-05
402.8  0.0070158193514500465  2.600526785577048e-05
402.85  0.007061245622715134  2.6717725714118175e-05
402.90000000000003  0.007109646687830358  2.7268512724515863e-05
402.95000000000005  0.007160831488749655  2.7652973207533308e-05
403.0  0.007214595888991417  2.787325979803108e-05
403.05  0.007270728689979533  2.793815468928622e-05
403.1  0.007329017011944975  2.7862310096132564e-05
403.15000000000003  0.007389250501404996  2.766499757709819e-05
403.20000000000005  0.007451224110379595  2.7368520816304112e-05
403.25  0.007514739434263045  2.699647682625101e-05
403.3  0.0075796047878550835  2.6572037797654525e-05
403.35  0.00764563432400301  2.6116396719690504e-05
403.40000000000003  0.007712646554073585  2.564749213206689e-05
403.45000000000005  0.007780462639435467  2.517909266145259e-05
403.5  0.007848904789555432  2.4720278049393738e-05
403.55  0.00791779501836915  2.4275310862401196e-05
403.6  0.007986954424375301  2.384385574777073e-05
403.65000000000003  0.00805620310641856  2.342148944025615e-05
403.70000000000005  0.008125360765898568  2.3000462377729363e-05
403.75  0.008194247956676155  2.257068842652992e-05
403.8  0.008262687846084242  2.2120922727004957e-05
403.85  0.008330508289867807  2.1640039051254224e-05
403.90000000000003  0.008397544003086621  2.1118257948843912e-05
403.95000000000005  0.00846363861058624  2.054814828056462e-05
404.0  0.00852864639222761  1.9925259039428413e-05
404.05  0.008592433583879209  1.924830432797206e-05
404.1  0.008654879140298524  1.8518890162914433e-05
404.15000000000003  0.008715874906179623  1.7740832242984383e-05
404.20000000000005  0.008775325177917832  1.6919160302978057e-05
404.25  0.008833145669366747  1.6058935388083776e-05
404.3  0.008889261930677426  1.5164036345683915e-05
404.35  0.008943607325817109  1.4236097604372729e-05
404.40000000000003  0.008996120735611336  1.327377300999915e-05
404.45000000000005  0.009046744187386076  1.2272454419599464e-05
404.5  0.009095420609471026  1.1224506562900059e-05
404.55  0.009142091878663643  1.012000239307372e-05
404.6  0.009186697293145096  8.947871553466612e-06
404.65000000000003  0.009229172570998404  7.69732692977825e-06
404.70000000000005  0.009269449429303772  6.359406915132087e-06
404.75  0.00930745574075469  4.92845326250126e-06
404.8  0.009343116213452879  3.403342293381994e-06
404.85  0.00937635350841107  1.7883120540294236e-06
404.90000000000003  0.00940708969860567  9.328041888824484e-08
404.95000000000005  0.009435247973044864  -1.6663874051287293e-06
405.0  0.009460754497102073  -3.470644644382101e-06
405.05  0.009483540354515527  -5.2959894672987475e-06
405.1  0.009503543502640655  -7.117026098644713e-06
405.15000000000003  0.009520710642289983  -8.908191142441894e-06
405.20000000000005  0.009534998770128464  -1.0645463778767398e-05
405.25  0.009546375876891864  -1.2307898427881454e-05
405.3  0.00955481982246491  -1.3878881821412415e-05
405.35  0.009560314336406688  -1.5347084560059598e-05
405.40000000000003  0.009562842391851654  -1.6707026723823778e-05
405.45000000000005  0.009562379884485911  -1.7959020637306106e-05
405.5  0.00955889363889947  -1.9108208628695463e-05
405.55  0.009552344767514969  -2.0162717558577065e-05
405.6  0.00954269455441706  -2.1131441109525956e-05
405.65000000000003  0.009529909630749959  -2.2022082831734158e-05
405.70000000000005  0.009513965298885908  -2.283978771143321e-05
405.75  0.009494847354344556  -2.3586416356418527e-05
405.8  0.009472552816479397  -2.4260326230939847e-05
405.85  0.009447091233341936  -2.4857855513138768e-05
405.90000000000003  0.009418486334124208  -2.5375547700289066e-05
405.95000000000005  0.009386776313148954  -2.581052456290658e-05
406.0  0.009352014057549292  -2.6161157630987492e-05
406.05  0.009314266375797606  -2.64274283229788e-05
406.1  0.009273612602110612  -2.6610968948917383e-05
406.15000000000003  0.009230142981608005  -2.6714909044875025e-05
406.20000000000005  0.009183957035479981  -2.674353169882565e-05
406.25  0.009135162062825435  -2.6701801785306734e-05
406.3  0.009083871912889889  -2.6594873660786358e-05
406.35  0.009030206104747352  -2.6427682238947827e-05
406.40000000000003  0.008974289303799794  -2.6204674444488175e-05
406.45000000000005  0.008916251127449145  -2.5929684913765103e-05
406.5  0.008856226204106412  -2.5605933849701025e-05
406.55  0.008794354371336827  -2.523609882140639e-05
406.6  0.008730780905612391  -2.4822418137234046e-05
406.65000000000003  0.00866565668800797  -2.436680067436638e-05
406.70000000000005  0.008599138236790538  -2.3870919722328583e-05
406.75  0.008531387582306964  -2.333627412977307e-05
406.8  0.00846257198243824  -2.2764217298890464e-05
406.85  0.008392863495196547  -2.215596460617302e-05
406.90000000000003  0.008322438459062973  -2.1512589335073526e-05
406.95000000000005  0.008251476926889566  -2.0835017038231096e-05
407.0  0.008180162043699916  -2.012401841074756e-05
407.05  0.0081086793539616  -1.9380177894758285e-05
407.1  0.00803721605920948  -1.8603831875150387e-05
407.15000000000003  0.007965960248356472  -1.7795008228020134e-05
407.20000000000005  0.007895100148327538  -1.6953398291087765e-05
407.25  0.00782482345461693  -1.6078382442207688e-05
407.3  0.007755316764233474  -1.5169127399097643e-05
407.35  0.0076867651157173965  -1.4224756549298697e-05
407.40000000000003  0.0076193516302985416  -1.3244587443239295e-05
407.45000000000005  0.007553257218150566  -1.2228430556391313e-05
407.5  0.007488660302802361  -1.1176942576856384e-05
407.55  0.007425736515779622  -1.0092009447832698e-05
407.6  0.0073646583133302485  -8.977091008405826e-06
407.65000000000003  0.007305594481228359  -7.837419240862915e-06
407.70000000000005  0.007248709518094866  -6.679911431097881e-06
407.75  0.0071941629265921  -5.512684806232041e-06
407.8  0.007142108479525539  -4.344152241530615e-06
407.85  0.0070926935512322774  -3.181789599697733e-06
407.90000000000003  0.007046058610529043  -2.030769685674888e-06
407.95000000000005  0.007002336955749852  -8.927270946680203e-07
408.0  0.006961654735866793  2.3507440766499508e-07
408.05  0.006924131241555904  1.3599612394900808e-06
408.1  0.006889879371736431  2.4933515846080386e-06
408.15000000000003  0.006859006105818414  3.6495454208411803e-06
408.20000000000005  0.006831612785358664  4.843927247634632e-06
408.25  0.006807795040944625  6.090824042718206e-06
408.3  0.006787642238126129  7.401330145283018e-06
408.35  0.0067712363492136406  8.781417456725915e-06
408.40000000000003  0.006758650212226528  1.0230609120067248e-05
408.45000000000005  0.006749945219785749  1.1741413930474295e-05
408.5  0.006745168578086824  1.329959872323968e-05
408.55  0.006744350386716216  1.4885235277510908e-05
408.6  0.0067475009396531106  1.6474320909823832e-05
408.65000000000003  0.006754608857293342  1.8040669515971577e-05
408.70000000000005  0.006765640845098312  1.9557733576151602e-05
408.75  0.00678054379852115  2.100010995076189e-05
408.8  0.006799249192638471  2.2344720664901705e-05
408.85  0.006821678190410088  2.3571852984736824e-05
408.90000000000003  0.006847745013772614  2.466614538984041e-05
408.95000000000005  0.006877357310763805  2.561733257586381e-05
409.0  0.006910414489408403  2.6420527659812163e-05
409.05  0.006946805899941896  2.7076056253190883e-05
409.1  0.006986410023264457  2.7588999440984075e-05
409.15000000000003  0.007029094821778079  2.7968546202278218e-05
409.20000000000005  0.007074718912146468  2.8227185366370605e-05
409.25  0.007123133124209832  2.8379761561313402e-05
409.3  0.007174182056138267  2.8442432006837082e-05
409.35  0.007227705331399553  2.8431566939815555e-05
409.40000000000003  0.007283538381444075  2.836265089966397e-05
409.45000000000005  0.007341512693995432  2.8249263180785264e-05
409.5  0.007401455576979575  2.8102227071005136e-05
409.55  0.007463189590850891  2.792901199886998e-05
409.6  0.007526531875671481  2.773344645794499e-05
409.65000000000003  0.007591293624682521  2.7515758206205214e-05
409.70000000000005  0.007657279927738549  2.7272930496044222e-05
409.75  0.0077242901421386515  2.6999354194632205e-05
409.8  0.007792118872515109  2.6687739041673762e-05
409.85  0.007860557558133235  2.6330213325543855e-05
409.90000000000003  0.007929396578804818  2.591950819110219e-05
409.95000000000005  0.007998427729889662  2.5450106064964763e-05
410.0  0.008067446894162415  2.4919230155658153e-05
410.05  0.008136256726892386  2.432755634267543e-05
410.1  0.008204669172351416  2.367953854505589e-05
410.15000000000003  0.008272507640680748  2.2983270802284602e-05
410.20000000000005  0.00833960868201162  2.2249873986807988e-05
410.25  0.008405823029465687  2.14924556308042e-05
410.3  0.008471015945086898  2.072473828217116e-05
410.35  0.008535066870941323  1.9959498803775082e-05
410.40000000000003  0.008597868452812508  1.920699250355364e-05
410.45000000000005  0.008659325051144976  1.8473540500069456e-05
410.5  0.008719350875612077  1.776044454171758e-05
410.55  0.008777867889627807  1.7063362351766236e-05
410.6  0.008834803637812529  1.6372234891588038e-05
410.65000000000003  0.008890089144926887  1.567181099754966e-05
410.70000000000005  0.00894365701285832  1.494275152406205e-05
410.75  0.008995439814482137  1.4163215892791993e-05
410.8  0.009045368857788033  1.3310766464329863e-05
410.85  0.00909337336479571  1.2364390029454879e-05
410.90000000000003  0.009139380079554714  1.1306425093716626e-05
410.95000000000005  0.009183313291811351  1.012419052709375e-05
411.0  0.009225095233854036  8.811152650722284e-06
411.05  0.00926464677595554  7.367543602972931e-06
411.1  0.009301888321523982  5.8004249036292275e-06
411.15000000000003  0.00933674080064641  4.1232572048366536e-06
411.20000000000005  0.009369126691649824  2.355072259443458e-06
411.25  0.009398971055304704  5.193370781046419e-07
411.3  0.009426202602888865  -1.3574273973632053e-06
411.35  0.009450754805970584  -3.247220901774318e-06
411.40000000000003  0.009472567005673295  -5.122243723335001e-06
411.45000000000005  0.009491585465552132  -6.9565374773389814e-06
411.5  0.00950776433872504  -8.727410160186749e-06
411.55  0.009521066467479997  -1.0416497096505899e-05
411.6  0.00953146369010233  -1.2010388782639605e-05
411.65000000000003  0.009538935911869799  -1.3500846675949568e-05
411.70000000000005  0.009543467958711842  -1.488468768688371e-05
411.75  0.009545044055437851  -1.6163388300329354e-05
411.8  0.009543642039197347  -1.7342334144679958e-05
411.85  0.009539231010361112  -1.842954608360755e-05
411.90000000000003  0.009531774156110054  -1.9433858231455208e-05
411.95000000000005  0.009521234687472646  -2.0362924006934154e-05
412.0  0.009507581580153624  -2.1221690800575866e-05
412.05  0.009490793375570704  -2.2011751943672926e-05
412.1  0.009470860086350417  -2.273156355547378e-05
412.15000000000003  0.009447783829560448  -2.3377355183622534e-05
412.20000000000005  0.00942157898930512  -2.3944482361120556e-05
412.25  0.009392274293464157  -2.442920712069508e-05
412.3  0.009359912297469977  -2.4830422911426684e-05
412.35  0.009324547457647447  -2.514930650492266e-05
412.40000000000003  0.009286246010032813  -2.538908821575419e-05
412.45000000000005  0.009245085381925342  -2.5554707304706357e-05
412.5  0.00920115310199466  -2.5652094509414727e-05
412.55  0.00915454553713662  -2.5687342002196867e-05
412.6  0.009105366680309427  -2.5665957489280115e-05
412.65000000000003  0.009053727153752106  -2.5592321528228147e-05
412.70000000000005  0.008999743533370387  -2.5469397214672012e-05
412.75  0.008943538041152652  -2.529867726500056e-05
412.8  0.008885238588515025  -2.5080311316331286e-05
412.85  0.00882497908401294  -2.481333954608701e-05
412.90000000000003  0.008762899881919108  -2.4495972060394026e-05
412.95000000000005  0.008699148246157497  -2.4125886600910022e-05
413.0  0.00863387871536362  -2.3700540793869267e-05
413.05  0.008567253279825217  -2.3217506580188325e-05
413.1  0.008499441299187912  -2.2674838432056262e-05
413.15000000000003  0.008430619095423243  -2.2071469295071515e-05
413.20000000000005  0.008360969185821413  -2.1407600268741736e-05
413.25  0.008290679171481064  -2.0685036388996457e-05
413.3  0.008219940342352062  -1.990742178562395e-05
413.35  0.00814894609297811  -1.90803190553864e-05
413.40000000000003  0.00807789026714351  -1.8211076542324347e-05
413.45000000000005  0.008006965577094223  -1.7308462736608137e-05
413.5  0.007936362236629635  -1.638208141258971e-05
413.55  0.00786626688643638  -1.5441592870628842e-05
413.6  0.007796861835088154  -1.4495775302462288e-05
413.65000000000003  0.007728324615668145  -1.3551482564145162e-05
413.70000000000005  0.007660827832156406  -1.2612599281852337e-05
413.75  0.007594539215890008  -1.167914813904471e-05
413.8  0.007529621768428063  -1.074676013763312e-05
413.85  0.007466233895885241  -9.806780372284317e-06
413.90000000000003  0.0074045295692504376  -8.847284621733925e-06
413.95000000000005  0.007344658747168529  -7.855098186946538e-06
414.0  0.0072867683962332015  -6.818481865844126e-06
414.05  0.007231004236321118  -5.729654058077134e-06
414.1  0.007177512845300133  -4.586167053431955e-06
414.15000000000003  0.0071264433363082465  -3.3906171094796937e-06
414.20000000000005  0.007077947863298417  -2.1489751980176133e-06
414.25  0.007032180682037006  -8.683901656461843e-07
414.3  0.006989296037704084  4.446606248785329e-07
414.35  0.006949445449165506  1.785358715770796e-06
414.40000000000003  0.006912774937849898  3.1505952820228584e-06
414.45000000000005  0.006879422552581022  4.538315427277957e-06
414.5  0.006849516321607228  5.946494024287407e-06
414.55  0.006823172583049713  7.372060460030703e-06
414.6  0.006800494551861112  8.81002310376871e-06
414.65000000000003  0.006781570979158992  1.0252975556565942e-05
414.70000000000005  0.006766474816299937  1.1691098849311254e-05
414.75  0.006755261879283055  1.3112690613429324e-05
414.8  0.006747969580425071  1.4505152209990787e-05
414.85  0.006744615842307201  1.585627097661472e-05
414.90000000000003  0.006745198351077172  1.7155571242913914e-05
414.95000000000005  0.006749694383806702  1.839545383889873e-05
415.0  0.006758061614642987  1.9571814932321453e-05
415.05  0.006770240521751152  2.0683917980700208e-05
415.1  0.006786158943074372  2.1733532696060297e-05
415.15000000000003  0.0068057383846815145  2.272368718471877e-05
415.20000000000005  0.006828899993680603  2.3657572627582935e-05
415.25  0.006855567418115963  2.4537881116976503e-05
415.3  0.0068856655457589615  2.5366369359787307e-05
415.35  0.006919116658837814  2.6143378143625777e-05
415.40000000000003  0.006955836260560311  2.686736738546365e-05
415.45000000000005  0.0069957298566794245  2.7534669801502332e-05
415.5  0.007038690928857526  2.8139539556833534e-05
415.55  0.0070845998817782325  2.867445807470046e-05
415.6  0.007133323677735288  2.91306373020173e-05
415.65000000000003  0.007184715926965917  2.949867105230025e-05
415.70000000000005  0.007238617280128709  2.9769291911633086e-05
415.75  0.007294856046733708  2.9934187811376675e-05
415.8  0.00735324902370534  2.99868227613848e-05
415.85  0.007413602554553416  2.992320160267113e-05
415.90000000000003  0.007475713853538106  2.9742519408344976e-05
415.95000000000005  0.007539372625653308  2.9447637840207143e-05
416.0  0.007604363003647767  2.9045333220456474e-05
416.05  0.007670465803062354  2.8546270457393915e-05
416.1  0.007737461052770155  2.796467556600299e-05
416.15000000000003  0.007805130695072577  2.7317699734240158e-05
416.20000000000005  0.007873261299411558  2.6624493712094263e-05
416.25  0.007941646622174893  2.590504759163177e-05
416.3  0.008010089845703023  2.5178888018288123e-05
416.35  0.008078405339041063  2.4463748574731213e-05
416.40000000000003  0.008146419819333763  2.377433320065376e-05
416.45000000000005  0.008213972849739373  2.312128251016922e-05
416.5  0.008280916672927649  2.25104311722e-05
416.55  0.00834711543890734  2.1942412533634438e-05
416.6  0.008412443938836271  2.141263593265736e-05
416.65000000000003  0.008476786002893923  2.091164026423691e-05
416.70000000000005  0.00854003275719913  2.0425803888844142e-05
416.75  0.008602080947578217  1.9938352478138702e-05
416.8  0.008662831513358435  1.9430564344196197e-05
416.85  0.008722188537749807  1.8883057082573787e-05
416.90000000000003  0.008780058626807785  1.82770483384681e-05
416.95000000000005  0.008836350693891708  1.7595498253354106e-05
417.0  0.008890976068574046  1.6824061146922263e-05
417.05  0.008943848816684374  1.5951798393217048e-05
417.1  0.008994886146710785  1.4971627637500677e-05
417.15000000000003  0.009044008780310371  1.3880502147861584e-05
417.20000000000005  0.009091141181886784  1.2679332015893957e-05
417.25  0.009136211574746282  1.1372679866556463e-05
417.3  0.009179151710230805  9.968280138425481e-06
417.35  0.00921989639099307  8.476436764938884e-06
417.40000000000003  0.009258382780700559  6.9093523507872235e-06
417.45000000000005  0.009294549578844218  5.280438886203757e-06
417.5  0.009328336180510124  3.6036575400932825e-06
417.55  0.009359681944478351  1.892935603158744e-06
417.6  0.009388525689704705  1.6170994142719348e-07
417.65000000000003  0.00941480551427426  -1.577372534388434e-06
417.70000000000005  0.009438458988291182  -3.312588442743647e-06
417.75  0.009459423757311007  -5.033106012102374e-06
417.8  0.00947763858798039  -6.72880853119277e-06
417.85  0.009493044858672054  -8.390026059336762e-06
417.90000000000003  0.009505588434833233  -1.0007248132452124e-05
417.95000000000005  0.009515221759035578  -1.1570896277226007e-05
418.0  0.009521905785603668  -1.3071242910242275e-05
418.05  0.009525611063725056  -1.4498568196798115e-05
418.1  0.009526316979124367  -1.5843620771209946e-05
418.15000000000003  0.009524008485573537  -1.7098353892791876e-05
418.20000000000005  0.009518671218691084  -1.8256744727385523e-05
418.25  0.00951028784081422  -1.931535656359894e-05
418.3  0.009498838251442612  -2.0273332729087288e-05
418.35  0.009484303349816953  -2.113180866978877e-05
418.40000000000003  0.009466669656962665  -2.1893036252869523e-05
418.45000000000005  0.009445932621960064  -2.255952997151301e-05
418.5  0.009422098231108615  -2.3133489888366727e-05
418.55  0.00939518347624524  -2.3616697599029563e-05
418.6  0.00936521686227421  -2.401126371119854e-05
418.65000000000003  0.00933223791214719  -2.4320419966582463e-05
418.70000000000005  0.009296296609276474  -2.454809025101832e-05
418.75  0.009257453743384624  -2.4698861774410065e-05
418.8  0.009215781018877508  -2.477787266690017e-05
418.85  0.00917136101269563  -2.479036908041598e-05
418.90000000000003  0.009124286971169675  -2.474116073619835e-05
418.95000000000005  0.00907466239599339  -2.463414282772216e-05
419.0  0.00902260043172146  -2.4471986245754853e-05
419.05  0.00896822311846003  -2.425605312307149e-05
419.1  0.008911660591573087  -2.3986550595480413e-05
419.15000000000003  0.008853050295413362  -2.366288773986336e-05
419.20000000000005  0.008792536244787118  -2.3284162536174894e-05
419.25  0.00873026833902274  -2.2849692609939685e-05
419.3  0.00866640171716924  -2.2359510524275273e-05
419.35  0.008601096139834322  -2.181476450403521e-05
419.40000000000003  0.008534515390722721  -2.1217990728991288e-05
419.45000000000005  0.00846682670337786  -2.0573242332106826e-05
419.5  0.00839820023404347  -1.988606421027969e-05
419.55  0.008328808614914678  -1.9163304521454e-05
419.6  0.008258826624416377  -1.841277554378851e-05
419.65000000000003  0.008188430985133612  -1.7642809962693207e-05
419.70000000000005  0.008117800249866365  -1.6861768630242306e-05
419.75  0.008047114688193219  -1.6077538680844e-05
419.8  0.007976556065257396  -1.5297035996273825e-05
419.85  0.00790630722393136  -1.452570881942888e-05
419.90000000000003  0.007836551436534868  -1.3767046557096258e-05
419.95000000000005  0.007767471568544609  -1.302212100216299e-05
420.0  0.0076992491756291345  -1.2289204886842678e-05
420.05  0.007632063706244268  -1.156352414791115e-05
420.1  0.007566091980861002  -1.0837208126086735e-05
420.15000000000003  0.007501508058534465  -1.0099508536961232e-05
420.20000000000005  0.007438483491745694  -9.337348119980454e-06
420.25  0.0073771878577211306  -8.536215218061882e-06
420.3  0.007317789387230566  -7.681361181350427e-06
420.35  0.007260455491262361  -6.7592044012134445e-06
420.40000000000003  0.007205352997595401  -5.758789560752745e-06
420.45000000000005  0.007152647943947897  -4.673100409590108e-06
420.5  0.007102504825329356  -3.5000063929151656e-06
420.55  0.007055085268234781  -2.242674589807988e-06
420.6  0.007010546192018395  -9.093884267912375e-07
420.65000000000003  0.006969037596824442  4.871727388705019e-07
420.70000000000005  0.0069307001792021814  1.931058347731141e-06
420.75  0.006895663008430737  3.40440000775207e-06
420.8  0.006864041490851714  4.888813560511812e-06
420.85  0.006835935807488654  6.366691965347444e-06
420.90000000000003  0.0068114299374194675  7.822285959901795e-06
420.95000000000005  0.006790591297381132  9.242547801696873e-06
421.0  0.006773470975805274  1.0617763679705411e-05
421.05  0.00676010451796949  1.1942004604959025e-05
421.1  0.006750513182875687  1.3213404185528858e-05
421.15000000000003  0.006744705527271997  1.4434234250263629e-05
421.20000000000005  0.006742679099737215  1.5610707076341e-05
421.25  0.0067444219883345344  1.6752405229947788e-05
421.3  0.00674991401656762  1.7871243075770946e-05
421.35  0.006759127593690941  1.8979898438674537e-05
421.40000000000003  0.006772028625640502  2.00897187731229e-05
421.45000000000005  0.006788578258094914  2.120825419541449e-05
421.5  0.0068087358609929234  2.2336877640430322e-05
421.55  0.006832462037041232  2.3469267985901165e-05
421.6  0.006859718866085616  2.4591365301156575e-05
421.65000000000003  0.006890465629268851  2.5682682411387465e-05
421.70000000000005  0.006924651355416133  2.6718381220736494e-05
421.75  0.0069622071690395755  2.7671682213911102e-05
421.8  0.007003040553970396  2.8516402557104183e-05
421.85  0.0070470321843832465  2.922940299095648e-05
421.90000000000003  0.007094035217180749  2.979267130894311e-05
421.95000000000005  0.007143876809585553  3.0194814699379915e-05
422.0  0.0071963616374112575  3.0431850951580583e-05
422.05  0.007251277057576845  3.050729791598108e-05
422.1  0.007308399305455314  3.043162858007755e-05
422.15000000000003  0.0073674999112995935  3.0221202031988708e-05
422.20000000000005  0.007428351518822578  2.9896805851026364e-05
422.25  0.007490732499653511  2.948195833092749e-05
422.3  0.007554430064266431  2.900112001014483e-05
422.35  0.007619241848378319  2.8477961643037843e-05
422.40000000000003  0.007684976145686934  2.7933828553743117e-05
422.45000000000005  0.007751451071350489  2.7386512721523507e-05
422.5  0.007818492991052367  2.684940017485218e-05
422.55  0.007885934564646518  2.6331025485427038e-05
422.6  0.007953612744744747  2.5835034391582456e-05
422.65000000000003  0.008021367025744647  2.5360520786891684e-05
422.70000000000005  0.008089038166145713  2.4902680923702934e-05
422.75  0.008156467524098328  2.4453715002376704e-05
422.8  0.008223497056287507  2.400388786590617e-05
422.85  0.008289969947527471  2.3542635465422652e-05
422.90000000000003  0.008355731776574529  2.3059592284792176e-05
422.95000000000005  0.008420632077956723  2.2545431261367653e-05
423.0  0.008484526125774433  2.1992443401755876e-05
423.05  0.008547276745805627  2.139482612594876e-05
423.1  0.008608755959031683  2.0748687813452273e-05
423.15000000000003  0.008668846278796324  2.00518028222911e-05
423.20000000000005  0.008727441522951957  1.9303173180570353e-05
423.25  0.008784447040394496  1.8502478643881054e-05
423.3  0.008839779296562558  1.764950015203072e-05
423.35  0.00889336483119333  1.674359643849574e-05
423.40000000000003  0.008945138668053632  1.578331688774742e-05
423.45000000000005  0.008995042310276015  1.4766219464363024e-05
423.5  0.009043021496552422  1.3688928840676616e-05
423.55  0.009089023914204096  1.254743007811118e-05
423.6  0.009132997061589297  1.1337558345939575e-05
423.65000000000003  0.009174886431332113  1.0055616477315076e-05
423.70000000000005  0.009214634152565343  8.699035442308437e-06
423.75  0.009252178182608754  7.266996876625499e-06
423.8  0.009287452083318049  5.760952452537689e-06
423.85  0.009320385367581393  4.184992024025134e-06
423.90000000000003  0.009350904358958512  2.5460300830344783e-06
423.95000000000005  0.009378933473226447  8.537960956589214e-07
424.0  0.009404396804799537  -8.793705667070935e-07
424.05  0.009427219882056324  -2.638903834043925e-06
424.1  0.009447331452077193  -4.408537674550102e-06
424.15000000000003  0.009464665176720576  -6.1709223097638645e-06
424.20000000000005  0.009479161161923332  -7.90826479894713e-06
424.25  0.009490767287476073  -9.602947372926216e-06
424.3  0.009499440341440072  -1.1238114588838055e-05
424.35  0.009505146932706056  -1.2798246978904645e-05
424.40000000000003  0.009507863973966042  -1.4269744163032928e-05
424.45000000000005  0.009507578188539348  -1.5641535463176967e-05
424.5  0.009504283833532612  -1.690571704871718e-05
424.55  0.009497978301362127  -1.8058138338406115e-05
424.6  0.009488656934418447  -1.9098713553344726e-05
424.65000000000003  0.009476309994497435  -2.0031133027587886e-05
424.70000000000005  0.009460923823841838  -2.0861783894972387e-05
424.75  0.009442485210226061  -2.159805297052714e-05
424.8  0.009420986307928796  -2.2246445444883653e-05
424.85  0.00939642833443644  -2.2811013240517195e-05
424.90000000000003  0.009368823612656499  -2.3292617004711083e-05
424.95000000000005  0.009338196931758077  -2.368996407239375e-05
425.0  0.009304586424371115  -2.4001032246665085e-05
425.05  0.009268043013618405  -2.4223134914981773e-05
425.1  0.00922863025574931  -2.435412134392361e-05
425.15000000000003  0.009186424069958826  -2.439360407215431e-05
425.20000000000005  0.009141512132422376  -2.434358417985092e-05
425.25  0.009093992965116714  -2.4208572634744035e-05
425.3  0.009043974776840345  -2.3995307924736656e-05
425.35  0.00899157417717453  -2.3712172936060477e-05
425.40000000000003  0.008936914934992298  -2.3368427564202553e-05
425.45000000000005  0.008880126951987765  -2.2973387412813234e-05
425.5  0.008821345562402117  -2.2535679467993622e-05
425.55  0.008760711182133094  -2.2062682025261577e-05
425.6  0.00869836924374553  -2.156021231758245e-05
425.65000000000003  0.008634470289934226  -2.1032474336112266e-05
425.70000000000005  0.008569170087095589  -2.048223013639191e-05
425.75  0.00850262965841896  -1.9911121301903837e-05
425.8  0.008435015176917138  -1.9320052401615434e-05
425.85  0.008366497685605944  -1.8709548197629326e-05
425.90000000000003  0.008297252645983983  -1.8080012170263227e-05
425.95000000000005  0.008227459354551884  -1.7431851347138833e-05
426.0  0.008157300279010137  -1.6765473496905868e-05
426.05  0.008086960353663384  -1.6081192420891284e-05
426.1  0.008016626253652386  -1.5379080842542e-05
426.15000000000003  0.007946485655765258  -1.4658796397069149e-05
426.20000000000005  0.007876726494485725  -1.3919405301460674e-05
426.25  0.007807536223053911  -1.3159234249976139e-05
426.3  0.007739101097009411  -1.2375778842392763e-05
426.35  0.0076716055150442206  -1.1565693538310916e-05
426.40000000000003  0.00760523146258057  -1.0724894602161753e-05
426.45000000000005  0.00754015808324872  -9.848815634883954e-06
426.5  0.00747656136128546  -8.932830010706102e-06
426.55  0.007414613868839987  -7.972808467898318e-06
426.6  0.007354484519828267  -6.965742573055463e-06
426.65000000000003  0.007296338274289899  -5.910327163012037e-06
426.70000000000005  0.007240335754762028  -4.807378678641226e-06
426.75  0.007186632755120112  -3.6599871274761055e-06
426.8  0.007135379654661808  -2.473339953009685e-06
426.85  0.0070867207892055875  -1.2542202254599099e-06
426.90000000000003  0.007040793841995734  -1.0258800552760336e-08
426.95000000000005  0.006997729308173873  1.250925673908461e-06
427.0  0.006957650075730814  2.5225517060528575e-06
427.05  0.006920671146258349  3.7993372129658082e-06
427.1  0.006886899492446193  5.077913068062258e-06
427.15000000000003  0.00685643402991898  6.356953673833864e-06
427.20000000000005  0.006829365673256832  7.637028763999073e-06
427.25  0.006805777435564092  8.920207254550628e-06
427.3  0.0067857445184494  1.0209474419737146e-05
427.35  0.006769334333564636  1.150804992928502e-05
427.40000000000003  0.006756606380826682  1.2818689988615976e-05
427.45000000000005  0.006747611872468028  1.4143031308703826e-05
427.5  0.006742392970763079  1.5481020692349414e-05
427.55  0.006740981527658516  1.683046737132813e-05
427.6  0.006743397298455887  1.8186734035922823e-05
427.65000000000003  0.006749645787531393  1.9542533366131125e-05
427.70000000000005  0.006759716222149022  2.0887739459674704e-05
427.75  0.006773580606994555  2.220911589698016e-05
427.8  0.006791194962904236  2.3490003303379157e-05
427.85  0.006812502845001831  2.4710337450426454e-05
427.90000000000003  0.006837439069056378  2.5847570852669183e-05
427.95000000000005  0.00686593059464771  2.6878644442280534e-05
428.0  0.006897893746034559  2.7782416433419797e-05
428.05  0.006933229998211669  2.854183092218486e-05
428.1  0.0069718230256713715  2.9145525745912e-05
428.15000000000003  0.007013538190164409  2.958884111386319e-05
428.20000000000005  0.007058224273371904  2.98742026155993e-05
428.25  0.007105716704564709  3.0010853846007816e-05
428.3  0.0071558414742412535  3.0013980516080007e-05
428.35  0.007208419030636192  2.9903352748369206e-05
428.40000000000003  0.007263267598164551  2.970166579731625e-05
428.45000000000005  0.007320205533394192  2.9432762303501822e-05
428.5  0.007379052528936159  2.911989300651404e-05
428.55  0.007439629659554291  2.8784143760463187e-05
428.6  0.007501758447276281  2.8443130745123135e-05
428.65000000000003  0.007565259280508477  2.8110026362401886e-05
428.70000000000005  0.007629949647465858  2.7792946613791866e-05
428.75  0.007695642701731068  2.749472342419202e-05
428.8  0.007762146608638523  2.721308964336234e-05
428.85  0.007829264921249456  2.6941289017551403e-05
428.90000000000003  0.007896797983242906  2.666906904689242e-05
428.95000000000005  0.007964545160049213  2.638396318000414e-05
429.0  0.008032307591265475  2.6072738268705037e-05
429.05  0.008099891127396305  2.572285738707461e-05
429.1  0.008167109150126564  2.532379989931382e-05
429.15000000000003  0.00823378504545303  2.4868095473269654e-05
429.20000000000005  0.00829975417311678  2.4351958290909886e-05
429.25  0.008364865238590605  2.3775451482524664e-05
429.3  0.008428981019754752  2.314217116746522e-05
429.35  0.008491978437226235  2.2458499605758698e-05
429.40000000000003  0.008553747995030996  2.173252566856739e-05
429.45000000000005  0.008614192655801529  2.0972767327404543e-05
429.5  0.008673226245694617  2.018684684456663e-05
429.55  0.008730771510677356  1.938026609512197e-05
429.6  0.00878675796973348  1.8555424820974515e-05
429.65000000000003  0.008841119725185777  1.7711009106888692e-05
429.70000000000005  0.008893793392417458  1.6841837062934012e-05
429.75  0.0089447162915367  1.5939189562766537e-05
429.8  0.008993825003992333  1.4991589099389847e-05
429.85  0.009041054356467768  1.3985936387228284e-05
429.90000000000003  0.009086336852063087  1.2908874869378452e-05
429.95000000000005  0.009129602526724399  1.1748229976538359e-05
430.0  0.009170779173372026  1.0494369464043355e-05
430.05  0.009209792851123291  9.141348208418032e-06
430.1  0.009246568588060803  7.687730609211947e-06
430.15000000000003  0.00928103119122754  6.1370264378307e-06
430.20000000000005  0.009313106092255049  4.4977218507386555e-06
430.25  0.009342720173106115  2.782920775386501e-06
430.3  0.009369802525454624  1.0096416086656652e-06
430.35  0.00939428511518  -8.021605746449504e-07
430.40000000000003  0.009416103345500703  -2.6307590076928682e-06
430.45000000000005  0.009435196525976124  -4.453903995745414e-06
430.5  0.009451508269819057  -6.250040759404765e-06
430.55  0.009464986860710116  -7.999383644124967e-06
430.6  0.009475585646427233  -9.684753918779969e-06
430.65000000000003  0.009483263532052963  -1.1292124901590464e-05
430.70000000000005  0.009487985653511345  -1.2810860112595385e-05
430.75  0.009489724267600648  -1.4233662060240063e-05
430.8  0.009488459734517412  -1.5556275249171855e-05
430.85  0.00948418115980807  -1.6777008622168767e-05
430.90000000000003  0.009476885895167514  -1.7896138479538003e-05
430.95000000000005  0.00946657706735243  -1.8915207830359863e-05
431.0  0.00945325929150001  -1.9836184882573834e-05
431.05  0.00943693469641777  -2.0660562370065936e-05
431.1  0.009417602155475093  -2.13887518645239e-05
431.15000000000003  0.009395260774228458  -2.202013617993788e-05
431.20000000000005  0.009369916674823087  -2.2554246828668e-05
431.25  0.009341586066446791  -2.299081160474506e-05
431.3  0.00931029592753434  -2.3328817106434883e-05
431.35  0.009276084752188633  -2.3567306029882598e-05
431.40000000000003  0.009239002282855692  -2.3706564391834608e-05
431.45000000000005  0.009199108924645543  -2.3749126057281745e-05
431.5  0.009156475298022063  -2.370036023269694e-05
431.55  0.009111182037625835  -2.3568484587350216e-05
431.6  0.009063319762078553  -2.3364002265660663e-05
431.65000000000003  0.009012989074484263  -2.3098703741780922e-05
431.70000000000005  0.008960300461687581  -2.2784468740041808e-05
431.75  0.00890537399753049  -2.24321228083631e-05
431.8  0.00884833881718004  -2.205054387595482e-05
431.85  0.008789332410420925  -2.164612786006418e-05
431.90000000000003  0.008728499827325967  -2.1222639869704332e-05
431.95000000000005  0.008665992889874935  -2.0781394642168492e-05
432.0  0.008601969482876578  -2.0321657954857326e-05
432.05  0.008536592962838895  -1.984115251340979e-05
432.1  0.008470031691576025  -1.9336566336746975e-05
432.15000000000003  0.008402458679482314  -1.880400673359129e-05
432.20000000000005  0.008334051285960934  -1.823940036114652e-05
432.25  0.008264990884770024  -1.763886591878755e-05
432.3  0.008195462392428559  -1.6999080159223e-05
432.35  0.008125653585807299  -1.6317634138349873e-05
432.40000000000003  0.00805575418512063  -1.5593349499181154e-05
432.45000000000005  0.007985954726358078  -1.4826507083249617e-05
432.5  0.007916445284179029  -1.4018930151377474e-05
432.55  0.007847414141724221  -1.3173870468930203e-05
432.6  0.007779046532701716  -1.2295686060871245e-05
432.65000000000003  0.0077115235817012805  -1.1389360735236369e-05
432.70000000000005  0.007645021545757164  -1.0459956976858473e-05
432.75  0.007579711428270167  -9.5120984193994e-06
432.8  0.007515758990007551  -8.549558744182443e-06
432.85  0.007453325114460576  -7.575004520301613e-06
432.90000000000003  0.007392566413410162  -6.589901451736118e-06
432.95000000000005  0.007333635911044775  -5.594549050434862e-06
433.0  0.0072766836485606105  -4.58817521150712e-06
433.05  0.007221857096171621  -3.56902991164354e-06
433.1  0.007169301315212361  -2.534445583048887e-06
433.15000000000003  0.00711915887639988  -1.4808518683185437e-06
433.20000000000005  0.007071569594848596  -4.03764695028527e-07
433.25  0.007026670161658951  7.021897401701607e-07
433.3  0.006984593733206613  1.8431351905493857e-06
433.35  0.006945469497440296  3.025620832258067e-06
433.40000000000003  0.006909422195627055  4.256079707969142e-06
433.45000000000005  0.006876571550190356  5.5400877033605e-06
433.5  0.0068470315397751134  6.881492967497863e-06
433.55  0.006820909472277349  8.281522874746575e-06
433.6  0.006798304826945838  9.73798724330015e-06
433.65000000000003  0.006779307868866848  1.124469966467156e-05
433.70000000000005  0.006763998075722703  1.2791222126809622e-05
433.75  0.006752442434772819  1.4362991386072735e-05
433.8  0.006744693669186592  1.5941846712833848e-05
433.85  0.006740788449693382  1.7506936816350526e-05
433.90000000000003  0.006740745658291939  1.9035924840411756e-05
433.95000000000005  0.006744564832893709  2.0506345955182463e-05
434.0  0.006752225098194205  2.1896915825178713e-05
434.05  0.006763685231470412  2.3188576959017382e-05
434.1  0.006778885845652127  2.436516455347643e-05
434.15000000000003  0.006797754300318143  2.5413817639702955e-05
434.20000000000005  0.00682021114470459  2.6325515013178594e-05
434.25  0.006846174819695829  2.7095966392575922e-05
434.3  0.006875562022501523  2.7726491841384852e-05
434.35  0.006908284543298091  2.8224261469107626e-05
434.40000000000003  0.0069442454754394655  2.8601695723949635e-05
434.45000000000005  0.006983336863185758  2.887524784570951e-05
434.5  0.007025439175425188  2.9063820595902944e-05
434.55  0.007070422063845066  2.9186986568190242e-05
434.6  0.007118145654387531  2.9263177408511263e-05
434.65000000000003  0.007168461733303774  2.9308037130889676e-05
434.70000000000005  0.007221214424677615  2.9333127290652193e-05
434.75  0.007276240250070564  2.9345119251250264e-05
434.8  0.007333367761466693  2.9345531739634872e-05
434.85  0.0073924171374020325  2.9330996712493812e-05
434.90000000000003  0.007453200129346578  2.929400797445172e-05
434.95000000000005  0.007515520606435688  2.9224106787353784e-05
435.0  0.00757917578143735  2.9109392455481438e-05
435.05  0.007643958024731892  2.893814551762973e-05
435.1  0.00770965705405971  2.8700342573141356e-05
435.15000000000003  0.007776062289431537  2.83889108273962e-05
435.20000000000005  0.007842965219445915  2.8000633219786457e-05
435.25  0.007910161667576994  2.7536643763099772e-05
435.3  0.007977453884442195  2.7002480024104907e-05
435.35  0.008044652421667856  2.640770393453013e-05
435.40000000000003  0.008111577739695258  2.576513129221581e-05
435.45000000000005  0.008178061487925978  2.5089731781593492e-05
435.5  0.008243947392681632  2.439728545633309e-05
435.55  0.008309091693664656  2.3702901682098952e-05
435.6  0.00837336308648774  2.301952777756524e-05
435.65000000000003  0.00843664216393628  2.2356594650870656e-05
435.70000000000005  0.00849882039105994  2.1718946933072835e-05
435.75  0.008559798691054582  2.1106178121438823e-05
435.8  0.008619485760347153  2.051244797128212e-05
435.85  0.008677796262630783  1.992680793574888e-05
435.90000000000003  0.008734649063447897  1.9334007208636006e-05
435.95000000000005  0.008789965658807915  1.871570587990006e-05
436.0  0.008843668924183621  1.8051981309314115e-05
436.05  0.008895682262382026  1.7322970722367774e-05
436.1  0.00894592917348092  1.6510469187454807e-05
436.15000000000003  0.008994333215585168  1.5599322527678675e-05
436.20000000000005  0.009040818271991683  1.4578497628491198e-05
436.25  0.00908530901084953  1.3441759297792822e-05
436.3  0.009127731417336301  1.2187927181734232e-05
436.35  0.009168013284417603  1.0820727687394149e-05
436.40000000000003  0.00920608456760034  9.348297502884835e-06
436.45000000000005  0.009241877539847787  7.782432164296436e-06
436.5  0.009275326724890976  6.137691858136146e-06
436.55  0.009306368638836974  4.430469850230642e-06
436.6  0.009334941417498011  2.678104325431205e-06
436.65000000000003  0.009360984431005852  8.98090954444887e-07
436.70000000000005  0.00938443798386365  -8.925632720667702e-07
436.75  0.009405243182882661  -2.6778191591930004e-06
436.8  0.009423342041448636  -4.442903710763926e-06
436.85  0.009438677870175959  -6.17443098440233e-06
436.90000000000003  0.00945119596965029  -7.860376125143913e-06
436.95000000000005  0.009460844599267357  -9.489957661537233e-06
437.0  0.009467576170313472  -1.1053485303212917e-05
437.05  0.009471348610729673  -1.2542219596124643e-05
437.1  0.009472126858984558  -1.3948276121025613e-05
437.15000000000003  0.009469884443528193  -1.5264589744781298e-05
437.20000000000005  0.009464605060205265  -1.648494532082933e-05
437.25  0.00945628391972526  -1.7604081455809934e-05
437.3  0.00944492837518861  -1.861785643081522e-05
437.35  0.009430557069712254  -1.952340834550961e-05
437.40000000000003  0.009413196883185293  -2.0319264220216717e-05
437.45000000000005  0.00939287767597969  -2.1005483869298957e-05
437.5  0.0093696274790467  -2.1584731478937966e-05
437.55  0.009343470690677504  -2.20629574706329e-05
437.6  0.009314427925544263  -2.244683710232874e-05
437.65000000000003  0.009282520711288553  -2.2742932601427836e-05
437.70000000000005  0.009247776511533938  -2.295717952543916e-05
437.75  0.009210232028981592  -2.3094483294823218e-05
437.8  0.009169934964269506  -2.3158796106869007e-05
437.85  0.00912694482269266  -2.3153514432319632e-05
437.90000000000003  0.009081333292393298  -2.3081936111678125e-05
437.95000000000005  0.009033184446427606  -2.2947584817307535e-05
438.0  0.0089825947901791  -2.2754316587095172e-05
438.05  0.008929673061521443  -2.2506210837653195e-05
438.1  0.00887453970111986  -2.220728857311901e-05
438.15000000000003  0.008817326004087574  -2.1861114585831935e-05
438.20000000000005  0.008758173065078888  -2.1470372926590233e-05
438.25  0.008697230669814232  -2.1036551682638842e-05
438.3  0.00863465625482135  -2.0559881794663794e-05
438.35  0.008570613998442299  -2.0039612995672996e-05
438.40000000000003  0.00850527405122129  -1.94746014761507e-05
438.45000000000005  0.008438811870772098  -1.886408275358253e-05
438.5  0.008371407599937571  -1.8208452974255957e-05
438.55  0.008303245401513084  -1.750987907311881e-05
438.6  0.008234512651864931  -1.677258445916815e-05
438.65000000000003  0.008165398932634956  -1.6002729478231073e-05
438.70000000000005  0.008096094819511766  -1.5207902629584242e-05
438.75  0.008026790518679206  -1.4396306622780381e-05
438.8  0.007957674446604135  -1.357576666833541e-05
438.85  0.007888931870046625  -1.275270212756357e-05
438.90000000000003  0.007820743709828952  -1.1931183636859967e-05
438.95000000000005  0.007753285564229427  -1.1112160625994066e-05
439.0  0.00768672694369487  -1.0292910572735017e-05
439.05  0.0076212306798286115  -9.466773752386358e-06
439.1  0.007556952515681158  -8.623334171484121e-06
439.15000000000003  0.007494041011728453  -7.749324632470099e-06
439.20000000000005  0.007432638084544472  -6.830476824505389e-06
439.25  0.007372880575434541  -5.854133848558941e-06
439.3  0.007314903003547821  -4.811832667932367e-06
439.35  0.00725884109714074  -3.7007887865726256e-06
439.40000000000003  0.007204835175903665  -2.523664013481677e-06
439.45000000000005  0.007153032384316784  -1.2868746091545962e-06
439.5  0.0071035872081028  1.6666766995672113e-09
439.55  0.007056660296657534  1.3344365526337025e-06
439.6  0.007012415998134504  2.7052610821354967e-06
439.65000000000003  0.006971019105818758  4.109283347644185e-06
439.70000000000005  0.006932631220030043  5.542228217305795e-06
439.75  0.006897406998029111  6.999373951402559e-06
439.8  0.006865490494914153  8.474578318151138e-06
439.85  0.006837011777525215  9.959603263731135e-06
439.90000000000003  0.006812083988153224  1.1443881075123815e-05
439.95000000000005  0.006790801019130259  1.2914748804532102e-05
440.0  0.006773235909695966  1.435807382264571e-05
440.05  0.006759440032352417  1.5759139514403756e-05
440.1  0.006749443100153581  1.7103640398309152e-05
440.15000000000003  0.006743254017811612  1.8378639087336124e-05
440.20000000000005  0.006740862694393323  1.9573386805751228e-05
440.25  0.006742243125161009  2.0679994796105168e-05
440.3  0.006747358120915913  2.1694013160580816e-05
440.35  0.006756165496407183  2.2614950028457023e-05
440.40000000000003  0.006768624063948001  2.3446585451534832e-05
440.45000000000005  0.0067846966959002305  2.4196738578402962e-05
440.5  0.006804348943826779  2.487626857939145e-05
440.55  0.006827544396622372  2.5497534143887422e-05
440.6  0.006854239216641559  2.607280646077548e-05
440.65000000000003  0.006884377500275178  2.6612970186001302e-05
440.70000000000005  0.006917887899824237  2.7126555149178713e-05
440.75  0.006954681345485814  2.7619019184090576e-05
440.8  0.0069946496777176315  2.809223337384352e-05
440.85  0.00703766519095456  2.8544185035648702e-05
440.90000000000003  0.007083581208842091  2.8968955901010183e-05
440.95000000000005  0.0071322337508591925  2.9357041384549688e-05
441.0  0.007183444151585485  2.9696049427775015e-05
441.05  0.007237022291787767  2.9971759788734086e-05
441.1  0.0072927700174766005  3.0169470416063513e-05
441.15000000000003  0.007350484368930063  3.0275525667283903e-05
441.20000000000005  0.007409960366358096  3.0278892388114614e-05
441.25  0.007470993238681285  3.0172609916281917e-05
441.3  0.0075333800942846176  2.995491520482471e-05
441.35  0.007596921104554799  2.9629874345138768e-05
441.40000000000003  0.0076614202932611866  2.9207425747261966e-05
441.45000000000005  0.007726686019415667  2.87028158851423e-05
441.5  0.007792531256185501  2.813547865643035e-05
441.55  0.007858773786177463  2.7527474539114657e-05
441.6  0.007925236409301619  2.6901651288127066e-05
441.65000000000003  0.007991747209964178  2.6279708261267794e-05
441.70000000000005  0.008058139886555966  2.5680349714466944e-05
441.75  0.008124254115248157  2.511770473286312e-05
441.8  0.008189935903999695  2.4600164812117202e-05
441.85  0.00825503789539227  2.4129743418498167e-05
441.90000000000003  0.008319419592694596  2.370200664563109e-05
441.95000000000005  0.008382947501575467  2.3306567831826915e-05
442.0  0.008445495193878584  2.292808314628365e-05
442.05  0.00850694330840425  2.254763422088796e-05
442.1  0.00856717950409568  2.214434567692978e-05
442.15000000000003  0.008626098371416167  2.169706644300704e-05
442.20000000000005  0.008683601293220957  2.1185947609173138e-05
442.25  0.008739596235408952  2.059377480524654e-05
442.3  0.008793997445032443  1.990695398599985e-05
442.35  0.00884672503730947  1.9116098042190202e-05
442.40000000000003  0.008897704463852726  1.821621060463878e-05
442.45000000000005  0.008946865875044152  1.720650442087622e-05
442.5  0.008994143400069668  1.6089917330345827e-05
442.55  0.009039474359923892  1.4872408931135538e-05
442.6  0.009082798427459036  1.3562137755417333e-05
442.65000000000003  0.00912405676076495  1.2168620242152495e-05
442.70000000000005  0.00916319114825876  1.0701959896233928e-05
442.75  0.00920014320364999  9.172219071560605e-06
442.8  0.00923485364899566  7.588991509089532e-06
442.85  0.009267261740335065  5.961210951607158e-06
442.90000000000003  0.009297304909936022  4.297191786884381e-06
442.95000000000005  0.009324918700182648  2.6048543373491606e-06
443.0  0.00935003703784761  8.920619668199311e-07
443.05  0.009372592860873984  -8.330072467727216e-07
443.1  0.00939251908408309  -2.5615248841399205e-06
443.15000000000003  0.009409749871338694  -4.283768385533792e-06
443.20000000000005  0.009424222166922399  -5.9889959148698876e-06
443.25  0.00943587742362826  -7.665441699012608e-06
443.3  0.009444663443219151  -9.300431705623336e-06
443.35  0.009450536240718895  -1.088062778833027e-05
443.40000000000003  0.00945346182344314  -1.2392415209814069e-05
443.45000000000005  0.00945341764642621  -1.3822451669307625e-05
443.5  0.009450393183509008  -1.515839291793129e-05
443.55  0.009444388649198011  -1.6389770378034912e-05
443.6  0.00943541105543207  -1.7508877554241042e-05
443.65000000000003  0.009423468261123724  -1.8511405190092856e-05
443.70000000000005  0.009408563748799557  -1.9396526589728262e-05
443.75  0.009390696002649138  -2.0166981674115077e-05
443.8  0.009369862521254109  -2.0828417680548322e-05
443.85  0.009346063089343517  -2.138606638031474e-05
443.90000000000003  0.009319304182163816  -2.1843966656012005e-05
443.95000000000005  0.009289601780997372  -2.2205018500357596e-05
444.0  0.0092569825881385  -2.247120995103788e-05
444.05  0.009221484709268066  -2.2644191182337697e-05
444.1  0.009183158327566436  -2.2725955447091304e-05
444.15000000000003  0.009142066485028362  -2.2719381918106058e-05
444.20000000000005  0.009098285776723895  -2.262848631102325e-05
444.25  0.009051906636461998  -2.2458348745928946e-05
444.3  0.009003032966306775  -2.2214793639450624e-05
444.35  0.008951781068570759  -2.190393604564394e-05
444.40000000000003  0.008898278041007278  -2.1531707512435453e-05
444.45000000000005  0.008842659892071992  -2.1103469123431427e-05
444.5  0.008785069624101697  -2.0623807540127062e-05
444.55  0.008725655479298856  -2.0096570321655345e-05
444.6  0.008664569491602752  -1.9525126863263276e-05
444.65000000000003  0.008601966442254836  -1.891277393551073e-05
444.70000000000005  0.00853800327209689  -1.8263166967625887e-05
444.75  0.008472838945337513  -1.7580658075832947e-05
444.8  0.008406634684840231  -1.6870454026525536e-05
444.85  0.008339554430223994  -1.6138554074835784e-05
444.90000000000003  0.008271765334688283  -1.5391480382037733e-05
444.95000000000005  0.008203438117371047  -1.4635858092198342e-05
445.0  0.00813474712415986  -1.387791981189696e-05
445.05  0.008065870023846893  -1.3123009976630371e-05
445.1  0.007996987150074096  -1.2375145747615053e-05
445.15000000000003  0.007928280567379941  -1.1636651066954391e-05
445.20000000000005  0.007859932982203235  -1.090784007160549e-05
445.25  0.0077921266199014756  -1.0186713590323774e-05
445.3  0.007725042161073134  -9.468663352693491e-06
445.35  0.0076588578090884835  -8.746249281485552e-06
445.40000000000003  0.007593748527109763  -8.009199249555222e-06
445.45000000000005  0.007529885452789718  -7.244830052440736e-06
445.5  0.0074674355194240165  -6.4390310161259914e-06
445.55  0.00740656137830248  -5.57775490367658e-06
445.6  0.007347421756818412  -4.648742540102195e-06
445.65000000000003  0.007290172270399227  -3.6430796197155232e-06
445.70000000000005  0.0072349664979280675  -2.5562006364694616e-06
445.75  0.007181956991792686  -1.3881651372901738e-06
445.8  0.007131295866822451  -1.4331845969342194e-07
445.85  0.007083134697575536  1.1703801249656677e-06
445.90000000000003  0.007037623614490082  2.542102566190208e-06
445.95000000000005  0.006994909658058702  3.958851677762267e-06
446.0  0.0069551345762113945  5.406122269823256e-06
446.05  0.006918432318490384  6.8685814166109345e-06
446.1  0.006884926503012291  8.330807095011327e-06
446.15000000000003  0.006854728117378515  9.778071833520847e-06
446.20000000000005  0.00682793367077372  1.1197118176849692e-05
446.25  0.006804623958105398  1.2576866911625301e-05
446.3  0.006784863528857481  1.390901141829435e-05
446.35  0.0067687008719775725  1.5188463704471584e-05
446.40000000000003  0.006756169264203769  1.64136153745914e-05
446.45000000000005  0.006747288234677615  1.758635563824691e-05
446.5  0.006742065706755481  1.871177677279515e-05
446.55  0.00674050104968754  1.9797518116016924e-05
446.6  0.006742589245235487  2.085277083620551e-05
446.65000000000003  0.006748325637877533  2.188705843055613e-05
446.70000000000005  0.006757709380134814  2.290893387416747e-05
446.75  0.006770743229707275  2.3924654320142193e-05
446.8  0.0067874290806171685  2.4936868296798198e-05
446.85  0.006807761016354526  2.594351739468408e-05
446.90000000000003  0.006831718368263702  2.6937265063879547e-05
446.95000000000005  0.006859260316019543  2.7905630907535286e-05
447.0  0.0068903224535404135  2.8831816936996057e-05
447.05  0.006924815155840128  2.969611031745352e-05
447.1  0.006962623423537469  3.0477702434638206e-05
447.15000000000003  0.007003607910701126  3.115671500401032e-05
447.20000000000005  0.007047606947929626  3.1716186073209106e-05
447.25  0.0070944395006516375  3.214378621415153e-05
447.3  0.007143909057347586  3.2433087535521684e-05
447.35  0.007195808349763603  3.25842584063177e-05
447.40000000000003  0.007249924581098537  3.2604105726108364e-05
447.45000000000005  0.007306044602808589  3.250545675622979e-05
447.5  0.007363959400882889  3.2305961181834574e-05
447.55  0.007423467381881725  3.202646751747541e-05
447.6  0.00748437619981931  3.168916572725161e-05
447.65000000000003  0.007546503127827555  3.131569876289692e-05
447.70000000000005  0.007609674189402054  3.092543797894705e-05
447.75  0.007673722400105177  3.05340885530154e-05
447.8  0.007738485525350411  3.015274183650522e-05
447.85  0.007803803744694304  2.9787426078785814e-05
447.90000000000003  0.007869517569363261  2.943914841295635e-05
447.95000000000005  0.007935466300314751  2.910438635477221e-05
448.0  0.008001487220100072  2.877594300846682e-05
448.05  0.008067415598873175  2.844403522666547e-05
448.1  0.008133085487221105  2.8097480503222225e-05
448.15000000000003  0.008198331177815026  2.7724867628236076e-05
448.20000000000005  0.008262989158792332  2.7315609610951425e-05
448.25  0.008326900355681038  2.6860793187627044e-05
448.3  0.008389912450153539  2.635376100544146e-05
448.35  0.008451882068334042  2.5790384187471314e-05
448.40000000000003  0.008512676646412766  2.5169009509487784e-05
448.45000000000005  0.008572175807464723  2.4490100905921993e-05
448.5  0.008630272122945263  2.3755633202432645e-05
448.55  0.008686871185841653  2.2968326541388524e-05
448.6  0.008741890983604055  2.2130832263754102e-05
448.65000000000003  0.008795260618756118  2.1244987210795847e-05
448.70000000000005  0.008846918480209867  2.031123945106633e-05
448.75  0.008896810012074714  1.9328319501533034e-05
448.8  0.00894488525425833  1.8293196500315865e-05
448.85  0.008991096346222974  1.7201319872414892e-05
448.90000000000003  0.009035395186048768  1.604710495414428e-05
448.95000000000005  0.00907773141825627  1.4824598097323731e-05
449.0  0.009118050891484344  1.3528253502401528e-05
449.05  0.009156294681508529  1.2153752035855173e-05
449.1  0.009192398725997409  1.0698789975937182e-05
449.15000000000003  0.009226294067325082  9.163764765482584e-06
449.20000000000005  0.00925790764566517  7.552283745702124e-06
449.25  0.009287163545291426  5.871434335006429e-06
449.3  0.009313984571110864  4.131785641099633e-06
449.35  0.009338294017532018  2.347128320739952e-06
449.40000000000003  0.009360017494965183  5.339878001654485e-07
449.45000000000005  0.009379084696166037  -1.2890445231415558e-06
449.5  0.00939543100372496  -3.1021141260929095e-06
449.55  0.009408998866316869  -4.884981716220165e-06
449.6  0.009419738926008375  -6.6179094381700464e-06
449.65000000000003  0.009427610932347494  -8.282494003434713e-06
449.70000000000005  0.009432584450297012  -9.862402430626175e-06
449.75  0.00943463920924387  -1.1343982679765671e-05
449.8  0.009433764643183348  -1.2716746749892922e-05
449.85  0.009429957883060947  -1.3973743930625815e-05
449.90000000000003  0.009423219689811533  -1.5111797217724217e-05
449.95000000000005  0.009413549137319272  -1.6131405202892627e-05
450.0  0.009400939649053853  -1.7035960617984374e-05
450.05  0.009385378938327221  -1.783019502808917e-05
450.1  0.00936685259798192  -1.8518256929026968e-05
450.15000000000003  0.00934534986958497  -1.9102649495748658e-05
450.20000000000005  0.009320869223208276  -1.9584565360442934e-05
450.25  0.009293419813937023  -1.99633696619796e-05
450.3  0.009263023120382366  -2.0237267455202844e-05
450.35  0.009229713865657617  -2.04049078903521e-05
450.40000000000003  0.009193540239894394  -2.046681553937681e-05
450.45000000000005  0.009154563856450314  -2.0426354761401798e-05
450.5  0.00911285953606677  -2.0290039310567683e-05
450.55  0.009068514879163556  -2.0067157341686266e-05
450.6  0.009021629536010574  -1.976886817724207e-05
450.65000000000003  0.00897231410108091  -1.94070426684878e-05
450.70000000000005  0.008920688643363435  -1.899312264039212e-05
450.75  0.008866881006475768  -1.8537207928273055e-05
450.8  0.008811025096421118  -1.804749550224679e-05
450.85  0.008753259379271367  -1.75301132592183e-05
450.90000000000003  0.008693725753375053  -1.698930918340701e-05
450.95000000000005  0.008632568876799872  -1.6427877824398885e-05
451.0  0.008569935955219123  -1.5847661821159635e-05
451.05  0.008505976934329862  -1.5249978862582613e-05
451.1  0.008440844991500423  -1.463588227693015e-05
451.15000000000003  0.008374697186600399  -1.4006232383195773e-05
451.20000000000005  0.008307695111302651  -1.336161323296255e-05
451.25  0.008240005379670056  -1.2702169274774847e-05
451.3  0.008171799843786952  -1.2027446270951925e-05
451.35  0.008103255480284026  -1.1336302319980595e-05
451.40000000000003  0.008034553953815938  -1.0626926556857785e-05
451.45000000000005  0.007965880906515446  -9.896979240385605e-06
451.5  0.007897425028936002  -9.143837424742923e-06
451.55  0.007829376950474441  -8.364899203395781e-06
451.6  0.007761927974867532  -7.557886240051376e-06
451.65000000000003  0.007695268694718546  -6.721098191842677e-06
451.70000000000005  0.007629587546569772  -5.853602069358498e-06
451.75  0.007565069396732095  -4.9553509449469785e-06
451.8  0.007501894260034398  -4.027209382771063e-06
451.85  0.007440236242668154  -3.070860339568458e-06
451.90000000000003  0.007380262793826125  -2.08858440619146e-06
451.95000000000005  0.00732213433955356  -1.0829160448919126e-06
452.0  0.007266004315910082  -5.6215876894520134e-08
452.05  0.0072120195349401044  9.89744143849334e-07
452.1  0.0071603207668273685  2.054062586718227e-06
452.15000000000003  0.007111043391103935  3.1367753858503907e-06
452.20000000000005  0.007064317939250202  4.23871442764095e-06
452.25  0.007020270393669573  5.36125451296555e-06
452.3  0.006979022206964483  6.506065772540334e-06
452.35  0.00694069006366774  7.67495334720017e-06
452.40000000000003  0.006905385427061022  8.869813368167693e-06
452.45000000000005  0.006873213932159109  1.0092681036738662e-05
452.5  0.00684427468325198  1.1345802066007334e-05
452.55  0.006818659489932627  1.2631636066422263e-05
452.6  0.00679645204788634  1.3952721771325788e-05
452.65000000000003  0.00677772705193941  1.5311382875490315e-05
452.70000000000005  0.006762549233712072  1.6709286125884615e-05
452.75  0.006750972346380172  1.8146867786733455e-05
452.8  0.00674303820614364  1.962265496505941e-05
452.85  0.006738776113999841  2.1132520652810725e-05
452.90000000000003  0.0067382032708116395  2.266890620709738e-05
452.95000000000005  0.0067413268113407174  2.4220102980169133e-05
453.0  0.006748147231458151  2.5769853845858767e-05
453.05  0.006758661348311615  2.72976219862084e-05
453.1  0.006772862247693013  2.877964543657159e-05
453.15000000000003  0.006790735441462865  3.0190554782954142e-05
453.20000000000005  0.006812253009055991  3.15052570911903e-05
453.25  0.006837368172359656  3.27009006334443e-05
453.3  0.006866011693521043  3.3758764722875814e-05
453.35  0.006898090344880758  3.466588901532615e-05
453.40000000000003  0.006933487186977255  3.541625609613459e-05
453.45000000000005  0.00697206333487647  3.601137061605655e-05
453.5  0.0070136609823545516  3.6460137544825207e-05
453.55  0.007058107485301006  3.677802493863163e-05
453.6  0.0071052201977979505  3.698557409636096e-05
453.65000000000003  0.007154811561450387  3.710637933712944e-05
453.70000000000005  0.007206693808262598  3.716472706746825e-05
453.75  0.007260682652720592  3.7183156708875897e-05
453.8  0.007316599531481222  3.71802400820142e-05
453.85  0.00737427223189606  3.7168851853927045e-05
453.90000000000003  0.007433534035305173  3.715513786890696e-05
453.95000000000005  0.007494221716804573  3.7138290700139554e-05
454.0  0.007556172875100881  3.7111130417288274e-05
454.05  0.007619223120532862  3.70613924072562e-05
454.1  0.007683203630474202  3.6973545156768774e-05
454.15000000000003  0.00774793949279066  3.683089902810072e-05
454.20000000000005  0.007813249109217237  3.66177432174227e-05
454.25  0.00787894475544924  3.632126505452502e-05
454.3  0.007944834246216698  3.5933055310651116e-05
454.35  0.008010723541649795  3.545006906024737e-05
454.40000000000003  0.00807642003489584  3.4874971232627626e-05
454.45000000000005  0.00814173618626033  3.42158520735842e-05
454.5  0.00820649313389981  3.348535734747524e-05
454.55  0.00827052392447878  3.269933429382593e-05
454.6  0.008333676060208843  3.1875140089168925e-05
454.65000000000003  0.00839581313665735  3.102979127626771e-05
454.70000000000005  0.008456815443329867  3.017814712824304e-05
454.75  0.008516579510672414  2.933131544371028e-05
454.8  0.008575016695725007  2.8495440424601195e-05
454.85  0.008632050983896617  2.7670985099965608e-05
454.90000000000003  0.008687616243103581  2.685257110168573e-05
454.95000000000005  0.008741653201789976  2.6029389118963584e-05
455.0  0.008794106427259085  2.5186141388653998e-05
455.05  0.008844921552562172  2.430442802259296e-05
455.1  0.00889404294818278  2.336444594314993e-05
455.15000000000003  0.008941411977232541  2.234683431957523e-05
455.20000000000005  0.008986965914051348  2.1234482944757173e-05
455.25  0.00903063753608928  2.00141265312354e-05
455.3  0.009072355331460424  1.867757521890376e-05
455.35  0.009112044221860256  1.7222478773668344e-05
455.40000000000003  0.009149626672970479  1.5652577435053567e-05
455.45000000000005  0.009185024041154517  1.3977439878320196e-05
455.5  0.009218157990867767  1.2211736677664402e-05
455.55  0.009248951835155561  1.037416027248537e-05
455.6  0.009277331705725388  8.486142858202528e-06
455.65000000000003  0.009303227506220589  6.5705071783246165e-06
455.70000000000005  0.009326573615161518  4.650158538386298e-06
455.75  0.009347309324151856  2.746920864336069e-06
455.8  0.009365379041229166  8.806108056260469e-07
455.85  0.009380732340248218  -9.315786247407405e-07
455.90000000000003  0.009393323975620281  -2.6753534929903256e-06
455.95000000000005  0.009403113992545648  -4.339280733987813e-06
456.0  0.009410068037796076  -5.914520799439369e-06
456.05  0.009414157884779567  -7.394447372403724e-06
456.1  0.00941536199173535  -8.774264924747874e-06
456.15000000000003  0.009413665619698443  -1.0050707745894551e-05
456.20000000000005  0.009409059807583789  -1.1221871614450166e-05
456.25  0.009401538742969421  -1.2287149022293511e-05
456.3  0.009391096135270543  -1.324705420950595e-05
456.35  0.009377722561247413  -1.410263051972191e-05
456.40000000000003  0.009361405666226907  -1.485444376239121e-05
456.45000000000005  0.00934213323126979  -1.5501570020422044e-05
456.5  0.009319898897039162  -1.6041494044253225e-05
456.55  0.009294705908558056  -1.6470824221290973e-05
456.6  0.009266568127442589  -1.6785651946689684e-05
456.65000000000003  0.0092355112500353  -1.698302778732253e-05
456.70000000000005  0.00920157296191755  -1.706259496896951e-05
456.75  0.009164802598812995  -1.702785144554628e-05
456.8  0.009125260917965915  -1.688686893774102e-05
456.85  0.009083020162964972  -1.6652245524844554e-05
456.90000000000003  0.009038164334883653  -1.6340194177735858e-05
456.95000000000005  0.00899078945732571  -1.5968899549552885e-05
457.0  0.008941003601090965  -1.5556464512087217e-05
457.05  0.00888892650295023  -1.5118836551585023e-05
457.1  0.008834688744202793  -1.4668075917861128e-05
457.15000000000003  0.008778430576638985  -1.4211249129462736e-05
457.20000000000005  0.008720300531298585  -1.3750112956787858e-05
457.25  0.00866045392541043  -1.3281607443172752e-05
457.3  0.008599051352217498  -1.2799030721028032e-05
457.35  0.008536257224186751  -1.229365195893668e-05
457.40000000000003  0.00847223844038925  -1.1756458679499703e-05
457.45000000000005  0.008407163263536466  -1.1179738259952138e-05
457.5  0.008341200498068663  -1.055825698988059e-05
457.55  0.008274519035465173  -9.889902399435703e-06
457.6  0.008207287785699208  -9.175759555859389e-06
457.65000000000003  0.008139675954683345  -8.419678164428094e-06
457.70000000000005  0.008071853564289782  -7.627451568189288e-06
457.75  0.008003992053682862  -6.8057690559708296e-06
457.8  0.007936264766923752  -5.961115991912672e-06
457.85  0.007868847144999868  -5.098802689946208e-06
457.90000000000003  0.007801916487878339  -4.222287074011894e-06
457.95000000000005  0.0077356512169900185  -3.3328930235602688e-06
458.0  0.007670229647918447  -2.429929795368168e-06
458.05  0.007605828381842562  -1.511126839617301e-06
458.1  0.0075426205190493225  -5.732505010452375e-07
458.15000000000003  0.007480773949510839  3.8724212706953156e-07
458.20000000000005  0.007420449972984164  1.373636152450373e-06
458.25  0.00736180243435334  2.3885608229916535e-06
458.3  0.00730497746693199  3.4338178494476594e-06
458.35  0.007250113870733351  4.510466050679886e-06
458.40000000000003  0.0071973440927881206  5.619132788082664e-06
458.45000000000005  0.007146795691513024  6.7604608768530925e-06
458.5  0.007098593070804009  7.935568859638529e-06
458.55  0.007052859203157763  9.146404890234201e-06
458.6  0.00700971705115104  1.0395898107955284e-05
458.65000000000003  0.006969290439971951  1.1687849449551104e-05
458.70000000000005  0.006931704210381081  1.3026544487368003e-05
458.75  0.006897083569361908  1.4416102112520253e-05
458.8  0.006865552639987418  1.5859596339084387e-05
458.85  0.006837232285609462  1.735801693952316e-05
458.90000000000003  0.006812237351337483  1.8909170463211653e-05
458.95000000000005  0.006790673534002457  2.0506653586188334e-05
459.0  0.0067726341584703025  2.2139049565284998e-05
459.05  0.0067581972130636644  2.3789506365214738e-05
459.1  0.006747423089163198  2.5435842707888032e-05
459.15000000000003  0.006740353531821558  2.7051297136389938e-05
459.20000000000005  0.00673701219606708  2.8606003383308482e-05
459.25  0.006737406729639941  3.006921811417784e-05
459.3  0.006741531511846272  3.141217819298805e-05
459.35  0.006749369677520992  3.2611190463958736e-05
459.40000000000003  0.006760893535594812  3.365032009318431e-05
459.45000000000005  0.006776063640888135  3.452311250842525e-05
459.5  0.006794827523838731  3.523312042099121e-05
459.55  0.006817118988924053  3.579330786755271e-05
459.6  0.00684285836589613  3.622451291436541e-05
459.65000000000003  0.0068719536354632646  3.6553162695608214e-05
459.70000000000005  0.006904302118890572  3.6808474026969455e-05
459.75  0.006939792367588531  3.701942757283796e-05
459.8  0.006978305934999506  3.721181838414524e-05
459.85  0.007019718666963682  3.740565102592398e-05
459.90000000000003  0.007063900703485889  3.761305998356221e-05
459.95000000000005  0.007110714261210262  3.783688241852663e-05
460.0  0.007160011002732355  3.807032535516148e-05
460.05  0.007211632980668299  3.829840876621372e-05
460.1  0.007265415560598892  3.8500566799407885e-05
460.15000000000003  0.0073211882572686935  3.865311780046906e-05
460.20000000000005  0.0073787739545981765  3.873142337190531e-05
460.25  0.007437988222583482  3.87119703402463e-05
460.3  0.007498639302063149  3.857442355744009e-05
460.35  0.007560528827664196  3.830352418572871e-05
460.40000000000003  0.007623453264365035  3.789061414088861e-05
460.45000000000005  0.00768720596949821  3.7334578333722456e-05
460.5  0.007751579745581439  3.664207171343331e-05
460.55  0.007816369706645761  3.5826996430060525e-05
460.6  0.007881376243755674  3.490929772024488e-05
460.65000000000003  0.007946407867850697  3.391323084625257e-05
460.70000000000005  0.008011283720219038  3.286529778791205e-05
460.75  0.008075835561057008  3.1792066699824696e-05
460.8  0.008139909078586995  3.071807995501448e-05
460.85  0.008203364413584414  2.9664031087805598e-05
460.90000000000003  0.008266075868501796  2.864535100174123e-05
460.95000000000005  0.008327930855437433  2.7671298701663708e-05
461.0  0.0083888282189146  2.674460696971478e-05
461.05  0.008448676139257292  2.5861686042968513e-05
461.1  0.00850738986525952  2.501333751989443e-05
461.15000000000003  0.008564889523018097  2.4185883515097634e-05
461.20000000000005  0.008621098209564752  2.336258619014186e-05
461.25  0.00867594051719388  2.2525217687143222e-05
461.3  0.008729341557166807  2.1655637388120218e-05
461.35  0.008781226473625727  2.0737246754571814e-05
461.40000000000003  0.00883152037422916  1.975621677792292e-05
461.45000000000005  0.008880148563646495  1.8702411650276615e-05
461.5  0.008927036949022539  1.7569961921494153e-05
461.55  0.008972112489302329  1.63574723045149e-05
461.6  0.009015303578217579  1.5067877241546335e-05
461.65000000000003  0.009056540277164259  1.370797704794162e-05
461.70000000000005  0.009095754342448883  1.2287705163899616e-05
461.75  0.009132879017723349  1.0819199887750733e-05
461.8  0.00916784859376769  9.315779323460208e-06
461.85  0.00920059777854981  7.790930609744283e-06
461.90000000000003  0.009231060959273096  6.2574149670016324e-06
461.95000000000005  0.009259171465944824  4.726564448433728e-06
462.0  0.009284860965834963  3.2078143532443147e-06
462.05  0.00930805913584497  1.7084770667228582e-06
462.1  0.009328693759277445  2.3370440144561573e-07
462.15000000000003  0.009346691365642677  -1.213450850962978e-06
462.20000000000005  0.009361978488932967  -2.631951083971154e-06
462.25  0.009374483540458898  -4.02269194483889e-06
462.3  0.009384139175253015  -5.388347942420567e-06
462.35  0.009390884894278098  -6.732973526607001e-06
462.40000000000003  0.009394669532012716  -8.061209930698486e-06
462.45000000000005  0.009395453336082486  -9.377138027752409e-06
462.5  0.00939320952213198  -1.0682985122402256e-05
462.55  0.00938792527181356  -1.1977845819533879e-05
462.6  0.009379602022066698  -1.3256476285750702e-05
462.65000000000003  0.009368254773584751  -1.4508353143978762e-05
462.70000000000005  0.009353910244902177  -1.5717412281852994e-05
462.75  0.00933660398059889  -1.6862783463084256e-05
462.8  0.009316376899707369  -1.792037099149568e-05
462.85  0.009293272084808506  -1.8865004372890352e-05
462.90000000000003  0.009267332503207885  -1.9673059276199274e-05
462.95000000000005  0.009238600204228446  -2.0324412731780783e-05
463.0  0.009207116579877956  -2.0803472689254302e-05
463.05  0.009172923657644029  -2.110038939158746e-05
463.1  0.00913606647672595  -2.121123271337969e-05
463.15000000000003  0.009096595764487472  -2.1138396012969982e-05
463.20000000000005  0.00905457022744269  -2.089070785883606e-05
463.25  0.009010058009572322  -2.0482774707674037e-05
463.3  0.008963137283905695  -1.9933608078576895e-05
463.35  0.008913896208564094  -1.9264835183690877e-05
463.40000000000003  0.00886243254326377  -1.849880863172261e-05
463.45000000000005  0.008808853186380836  -1.7656877964170964e-05
463.5  0.008753273817567984  -1.675803650301934e-05
463.55  0.008695818731137192  -1.581809834947215e-05
463.6  0.008636620843859511  -1.4849463210314076e-05
463.65000000000003  0.008575821782085142  -1.386140723117498e-05
463.70000000000005  0.008513571905431347  -1.2860747490119725e-05
463.75  0.008450030110732004  -1.1852681877469118e-05
463.8  0.008385363286945889  -1.0841596746151886e-05
463.85  0.008319745355664113  -9.831661769954217e-06
463.90000000000003  0.008253355910741014  -8.827090432063497e-06
463.95000000000005  0.008186378548467307  -7.832023241397709e-06
464.0  0.008118999042858038  -6.8500747166425465e-06
464.05  0.008051403551100317  -5.8836603016167924e-06
464.1  0.007983777029627048  -4.933271621242291e-06
464.15000000000003  0.00791630200823895  -3.996881755950709e-06
464.20000000000005  0.007849157813671443  -3.0696335623398175e-06
464.25  0.007782520264982875  -2.1439062724649692e-06
464.3  0.007716561793072878  -1.2097773591866272e-06
464.35  0.00765145188132958  -2.5581064191904187e-07
464.40000000000003  0.007587357699036545  7.299670189825872e-07
464.45000000000005  0.007524444794771743  1.7590558701329994e-06
464.5  0.007462877707693809  2.841555692129483e-06
464.55  0.007402820355396742  3.985386534245536e-06
464.6  0.007344436097623088  5.195706004303756e-06
464.65000000000003  0.007287887437724101  6.474569621204423e-06
464.70000000000005  0.007233335375230107  7.820861239594245e-06
464.75  0.007180938458259033  9.230480863647432e-06
464.8  0.0071308516058006715  1.069674458400875e-05
464.85  0.007083224783816677  1.2210934523050843e-05
464.90000000000003  0.007038201634317851  1.3762926693591334e-05
464.95000000000005  0.006995918161129783  1.534182166897822e-05
465.0  0.006956501559162561  1.6936512690089474e-05
465.05  0.006920069244309744  1.8536153193764972e-05
465.1  0.006886728114078637  2.0130517129632964e-05
465.15000000000003  0.006856574051668008  2.1710266326870632e-05
465.20000000000005  0.006829691679117629  2.3267144772810987e-05
465.25  0.0068061543656743155  2.4794111171616035e-05
465.3  0.006786024504666876  2.6285402897358003e-05
465.35  0.006769354086146561  2.7736497974749015e-05
465.40000000000003  0.006756185587755705  2.9143944333767388e-05
465.45000000000005  0.006746553129777269  3.0505093773707542e-05
465.5  0.006740483675948761  3.181785531548025e-05
465.55  0.006737997901364579  3.308058631245317e-05
465.6  0.006739110345995268  3.429214463512603e-05
465.65000000000003  0.006743828700459963  3.545200278073733e-05
465.70000000000005  0.00675215241136467  3.656028427864752e-05
465.75  0.0067640710241120335  3.761762146571935e-05
465.8  0.006779562680184655  3.8624796456207275e-05
465.85  0.0067985930235077595  3.9582196315350235e-05
465.90000000000003  0.006821114590228333  4.048917233741997e-05
465.95000000000005  0.006847066623520817  4.1343426565524074e-05
466.0  0.006876375165541548  4.214055037140607e-05
466.05  0.0069089532227793  4.2873797967807893e-05
466.1  0.006944700740133901  4.353410097649531e-05
466.15000000000003  0.0069835040820875735  4.411022466727705e-05
466.20000000000005  0.00702523511713595  4.458885139388533e-05
466.25  0.00706975127655317  4.4954645800310706e-05
466.3  0.0071168982322954676  4.519126835781144e-05
466.35  0.007166513575613705  4.5283991350145474e-05
466.40000000000003  0.007218428170320288  4.5222531975603795e-05
466.45000000000005  0.0072724653975034526  4.500258239047906e-05
466.5  0.007328440632603925  4.462598235515923e-05
466.55  0.007386161994765862  4.4100131435431096e-05
466.6  0.007445432142660744  4.343712551498206e-05
466.65000000000003  0.00750605061533683  4.2652809683978946e-05
466.70000000000005  0.00756781631427416  4.176574415801631e-05
466.75  0.007630529851299475  4.079603810609825e-05
466.8  0.007693995585372486  3.976405931053149e-05
466.85  0.007758023247031195  3.8689099509256136e-05
466.90000000000003  0.007822429108451965  3.758811923765574e-05
466.95000000000005  0.007887036707948838  3.6474707990804854e-05
467.0  0.00795167718651152  3.5358383250274035e-05
467.05  0.008016189323500747  3.424431534381933e-05
467.1  0.008080419356855488  3.313350722496901e-05
467.15000000000003  0.008144220662829549  3.202338595603248e-05
467.20000000000005  0.008207453383911193  3.090870869516232e-05
467.25  0.008269984109174698  2.9782669590294243e-05
467.3  0.008331685694409782  2.8638086267141813e-05
467.35  0.00839243727253017  2.7468536965322774e-05
467.40000000000003  0.008452124462680972  2.6269323669451252e-05
467.45000000000005  0.008510639741400514  2.5038155554748332e-05
467.5  0.008567882895702525  2.377548313346706e-05
467.55  0.008623761444563107  2.2484461788233392e-05
467.6  0.00867819089902051  2.1170575478658686e-05
467.65000000000003  0.00873109473789449  1.984100072659643e-05
467.70000000000005  0.008782404010589419  1.850382715791739e-05
467.75  0.008832056539100708  1.716726005485657e-05
467.8  0.008879995753234176  1.5838911761544973e-05
467.85  0.008926169228192182  1.4525253638764645e-05
467.90000000000003  0.008970527016029947  1.3231258831285068e-05
467.95000000000005  0.009013019878511722  1.1960221945697871e-05
468.0  0.009053597520424554  1.071370762394855e-05
468.05  0.009092206905663642  9.491581364228576e-06
468.1  0.009128790742910033  8.29209712164681e-06
468.15000000000003  0.009163286244811657  7.112035262666555e-06
468.20000000000005  0.009195624279578957  5.946908309826394e-06
468.25  0.009225729048262347  4.791268426599997e-06
468.3  0.00925351842236847  3.6391487832788763e-06
468.35  0.009278905044247537  2.484650135929645e-06
468.40000000000003  0.009301798231043204  1.322628594826739e-06
468.45000000000005  0.00932210663072294  1.4937742726870698e-07
468.5  0.00933974144198053  -1.036832759195462e-06
468.55  0.009354619855690794  -2.235474907977447e-06
468.6  0.009366668274022556  -3.443783569758561e-06
468.65000000000003  0.009375824886144794  -4.6569829497717016e-06
468.70000000000005  0.009382041303311942  -5.86858574826884e-06
468.75  0.009385283134381368  -7.070713972676665e-06
468.8  0.009385529557552168  -8.254502261701582e-06
468.85  0.0093827720656406  -9.410506265246332e-06
468.90000000000003  0.009377012646875169  -1.0528750408307765e-05
468.95000000000005  0.009368261645755263  -1.1598230204669336e-05
469.0  0.009356535419730711  -1.2606318486981428e-05
469.05  0.009341853959344216  -1.3538729990099012e-05
469.1  0.009324238860896995  -1.438028845886586e-05
469.15000000000003  0.009303712065681573  -1.5116193178966973e-05
469.20000000000005  0.009280295764239771  -1.5733271734130314e-05
469.25  0.009254013728289127  -1.6221039348629985e-05
469.3  0.009224894008892625  -1.657265454466052e-05
469.35  0.00919297133026567  -1.678600912279588e-05
469.40000000000003  0.009158288715501981  -1.6863280537965956e-05
469.45000000000005  0.009120899828335504  -1.68105920198227e-05
469.5  0.009080870599420619  -1.6637747168901358e-05
469.55  0.009038279531693037  -1.6357255041728906e-05
469.6  0.008993216736350486  -1.5982998744142714e-05
469.65000000000003  0.008945782009711724  -1.5528848297123915e-05
469.70000000000005  0.008896082471185077  -1.5007486517102367e-05
469.75  0.008844230351402107  -1.4429657313693498e-05
469.8  0.008790341419313055  -1.3803913203808107e-05
469.85  0.008734534312907057  -1.3136786201869426e-05
469.90000000000003  0.00867693077133878  -1.2433218097471197e-05
469.95000000000005  0.008617656540020262  -1.169706190577339e-05
470.0  0.00855684260604109  -1.0931484468707118e-05
470.05  0.008494626420617124  -1.0139162018086878e-05
470.1  0.008431152830244476  -9.322239841073908e-06
470.15000000000003  0.008366574536077784  -8.482099019663028e-06
470.20000000000005  0.008301052022249244  -7.619032985916346e-06
470.25  0.008234753003721808  -6.731971725749159e-06
470.3  0.008167851513509248  -5.818383748431436e-06
470.35  0.008100526773606714  -4.874444595335468e-06
470.40000000000003  0.008032961985335147  -3.8954980092113865e-06
470.45000000000005  0.007965343152410202  -2.876756275983247e-06
470.5  0.007897858016760434  -1.814105614285021e-06
470.55  0.007830695140946854  -7.048325993645314e-07
470.6  0.007764043126573361  4.518996273345038e-07
470.65000000000003  0.007698089927914939  1.65492857613461e-06
470.70000000000005  0.007633022207622861  2.901334648282721e-06
470.75  0.007569024683039574  4.186971586089352e-06
470.8  0.007506279420836582  5.507142978831854e-06
470.85  0.007444965054858866  6.857256350027337e-06
470.90000000000003  0.007385255933124089  8.23330604992923e-06
470.95000000000005  0.007327321234518331  9.632089587080552e-06
471.0  0.007271324117422637  1.1051129108127855e-05
471.05  0.007217420970787448  1.2488337374499172e-05
471.1  0.007165760831685326  1.3941527217502871e-05
471.15000000000003  0.007116485009504016  1.5407902638065546e-05
471.20000000000005  0.00706972693011735  1.6883673667387764e-05
471.25  0.00702561219163143  1.8363904467387935e-05
471.3  0.006984258799888512  1.9842643528959e-05
471.35  0.006945777523680632  2.131331264614159e-05
471.40000000000003  0.006910272283070787  2.276926990734134e-05
471.45000000000005  0.006877840473841757  2.4204424560033245e-05
471.5  0.006848573142388927  2.561376910305656e-05
471.55  0.006822554950294837  2.6993710217171265e-05
471.6  0.006799863900312323  2.8342124785551413e-05
471.65000000000003  0.006780570829306408  2.965813240782268e-05
471.70000000000005  0.006764738714278086  3.094164749032431e-05
471.75  0.006752421891287851  3.219282496128771e-05
471.8  0.006743665337683684  3.3411532209554085e-05
471.85  0.006738504175967493  3.459696517186215e-05
471.90000000000003  0.006736963469936127  3.574746674328557e-05
471.95000000000005  0.006739058184027349  3.6860518639362986e-05
472.0  0.006744792985399366  3.7932809070105314e-05
472.05  0.006754161591219437  3.896027093139582e-05
472.1  0.006767145635636063  3.9938053149980175e-05
472.15000000000003  0.00678371333375302  4.08604701106024e-05
472.20000000000005  0.006803818346372366  4.172099641286683e-05
472.25  0.006827399172238623  4.251234980501484e-05
472.3  0.006854379206028287  4.3226677698999446e-05
472.35  0.00688466742320636  4.385584152717053e-05
472.40000000000003  0.006918159560116775  4.439178014997569e-05
472.45000000000005  0.006954739640821577  4.482692868317781e-05
472.5  0.00699428159794238  4.515463255314875e-05
472.55  0.007036650306415239  4.536941792748577e-05
472.6  0.007081701043421927  4.54669277439768e-05
472.65000000000003  0.007129278203309945  4.544371163273018e-05
472.70000000000005  0.007179216492385506  4.5297721625294856e-05
472.75  0.007231344401077356  4.502949683277897e-05
472.8  0.007285486511321663  4.4642787159370655e-05
472.85  0.00734146409719362  4.414416646922006e-05
472.90000000000003  0.007399095263778224  4.354209622930614e-05
472.95000000000005  0.007458195245950471  4.2845922083542835e-05
473.0  0.007518576999284215  4.20650400614498e-05
473.05  0.007580052099196626  4.120827038318622e-05
473.1  0.00764243188525085  4.0283386220978004e-05
473.15000000000003  0.007705528747217124  3.929674551097731e-05
473.20000000000005  0.007769157481442498  3.8253020212574454e-05
473.25  0.007833136646093811  3.715505568578115e-05
473.3  0.00789728982519822  3.6003904780625e-05
473.35  0.00796144672709779  3.4799077827950685e-05
473.40000000000003  0.008025444071897144  3.353903330743698e-05
473.45000000000005  0.008089126247830914  3.2221899046075124e-05
473.5  0.008152345736723772  3.084636655808053e-05
473.55  0.008214963326002932  2.9412653331613574e-05
473.6  0.008276848141940945  2.7923392936102943e-05
473.65000000000003  0.008337877555146287  2.63843004647248e-05
473.70000000000005  0.008397937020057292  2.480447889931212e-05
473.75  0.008456919904769891  2.3196285478447972e-05
473.8  0.008514727340028259  2.1574758117503996e-05
473.85  0.008571268075361247  1.995668886768344e-05
473.90000000000003  0.008626458292121424  1.835950142088741e-05
473.95000000000005  0.008680221300876562  1.680012666326589e-05
474.0  0.008732487052451082  1.529406149086722e-05
474.05  0.008783191419595547  1.3854738747496322e-05
474.1  0.008832275245310446  1.24932471172595e-05
474.15000000000003  0.008879683185808339  1.1218349222135442e-05
474.20000000000005  0.008925362399569505  1.003667445327198e-05
474.25  0.008969261145589186  8.952926451019496e-06
474.3  0.009011327337645224  7.969948434878832e-06
474.35  0.009051507071529411  7.088529876872642e-06
474.40000000000003  0.009089743142914865  6.30691971799501e-06
474.45000000000005  0.009125973617522792  5.6201185981598306e-06
474.5  0.009160130591990084  5.019124613361158e-06
474.55  0.009192139360395087  4.490375032480463e-06
474.6  0.009221918256842512  4.01564766440019e-06
474.65000000000003  0.00924937943611748  3.5726135757705943e-06
474.70000000000005  0.00927443070387026  3.136030721675985e-06
474.75  0.009296978261258691  2.6793924004421526e-06
474.8  0.00931692999843356  2.1767917303135465e-06
474.85  0.009334198846495646  1.6048112500334928e-06
474.90000000000003  0.009348705721268946  9.443340172057194e-07
474.95000000000005  0.00936038167384436  1.8218105716153334e-07
475.0  0.009369168924108892  -6.875794157537208e-07
475.05  0.009375020661710573  -1.6627665279370325e-06
475.1  0.009377900020767277  -2.7326527582435847e-06
475.15000000000003  0.009377778936435908  -3.877987085582872e-06
475.20000000000005  0.00937463713899064  -5.071650425390582e-06
475.25  0.009368461209904581  -6.280130724755664e-06
475.3  0.009359243938714448  -7.465886267748248e-06
475.35  0.009346984362927031  -8.590451562587662e-06
475.40000000000003  0.0093316885782973  -9.617921807531976e-06
475.45000000000005  0.00931337104053558  -1.0518356392623682e-05
475.5  0.009292055800835754  -1.1270605697493763e-05
475.55  0.009267777030928487  -1.1863956620530166e-05
475.6  0.009240578622394576  -1.2298193507306998e-05
475.65000000000003  0.00921051318081552  -1.2582386415150954e-05
475.70000000000005  0.009177640567453686  -1.273265952905381e-05
475.75  0.009142026681804017  -1.2770046624920311e-05
475.8  0.009103741700590168  -1.271789985034214e-05
475.85  0.0090628585575817  -1.2598701371586677e-05
475.90000000000003  0.009019453252377872  -1.2431883796130052e-05
475.95000000000005  0.008973605884497186  -1.2232126476068954e-05
476.0  0.008925402202045778  -1.2008258336086902e-05
476.05  0.008874935459584968  -1.176294683200282e-05
476.1  0.008822308252601795  -1.14931693173801e-05
476.15000000000003  0.008767633945710899  -1.1191336231568893e-05
476.20000000000005  0.008711037379838658  -1.0846860178744664e-05
476.25  0.008652654699155672  -1.0447933929222954e-05
476.3  0.00859263232701268  -9.983292076477498e-06
476.35  0.008531125291535671  -9.443774148672808e-06
476.40000000000003  0.00846829520318035  -8.82354941170188e-06
476.45000000000005  0.008404308199725666  -8.120877385432704e-06
476.5  0.00833933312185387  -7.338281655759485e-06
476.55  0.008273540091794599  -6.482077744455299e-06
476.6  0.008207099574662232  -5.561332954327703e-06
476.65000000000003  0.0081401819469101  -4.586461133543698e-06
476.70000000000005  0.00807295756564833  -3.567704912364872e-06
476.75  0.008005597283834797  -2.513755262352016e-06
476.8  0.007938273276771756  -1.4307244822856968e-06
476.85  0.007871159963631625  -3.2162128997234814e-07
476.90000000000003  0.007804434761676957  8.136150841212547e-07
476.95000000000005  0.0077382784217765845  1.9775601331246295e-06
477.0  0.007672874762086862  3.174348046472276e-06
477.05  0.00760840972407972  4.4084938942693805e-06
477.1  0.007545069800035562  5.683707423098953e-06
477.15000000000003  0.007483040000670968  7.0019076971180545e-06
477.20000000000005  0.007422501619133564  8.362601800435794e-06
477.25  0.007363630083644497  9.762714218455083e-06
477.3  0.007306593170575567  1.1196864948253938e-05
477.35  0.007251549781736738  1.2658014310452708e-05
477.40000000000003  0.0071986493919429335  1.4138334284191176e-05
477.45000000000005  0.007148032162478082  1.5630134496776693e-05
477.5  0.007099829607715291  1.7126669469324143e-05
477.55  0.007054165616247538  1.862268582015838e-05
477.6  0.007011157582066824  2.0114628582635162e-05
477.65000000000003  0.006970917401692248  2.1600496441990886e-05
477.70000000000005  0.006933552135850195  2.3079399283163336e-05
477.75  0.006899164209969506  2.4550921894780096e-05
477.8  0.006867851117308737  2.601442807506142e-05
477.85  0.006839704667203831  2.746843598145285e-05
477.90000000000003  0.006814809883449577  2.8910163148124804e-05
477.95000000000005  0.006793243710074838  3.0335292019584932e-05
478.0  0.006775073711693523  3.173796012153834e-05
478.05  0.006760356964530451  3.311093352491504e-05
478.1  0.00674913934346859  3.4445883430405354e-05
478.15000000000003  0.006741455396952655  3.57336972264297e-05
478.20000000000005  0.006737328899532878  3.6964821576048676e-05
478.25  0.006736773928716989  3.812970130881656e-05
478.3  0.006739795989460513  3.9219360764269104e-05
478.35  0.0067463925526336085  4.0226048078925583e-05
478.40000000000003  0.006756552615340881  4.114373797545071e-05
478.45000000000005  0.006770255406930865  4.196830173750399e-05
478.5  0.0067874687535278535  4.269729607825688e-05
478.55  0.006808147655843292  4.332946499039392e-05
478.6  0.006832233428900425  4.3864105777830626e-05
478.65000000000003  0.006859653498114255  4.430044986980511e-05
478.70000000000005  0.006890321771382784  4.463718888523601e-05
478.75  0.006924139425868838  4.48722432717742e-05
478.8  0.00696099592695758  4.500282157353197e-05
478.85  0.007000770121106323  4.502576099215846e-05
478.90000000000003  0.007043331245649475  4.493809590774314e-05
478.95000000000005  0.007088539575531776  4.473773670430002e-05
479.0  0.007136246301817986  4.442399053342252e-05
479.05  0.007186292854157035  4.39976036747681e-05
479.1  0.007238511231765768  4.3460597918286735e-05
479.15000000000003  0.007292726131909974  4.2816680476244354e-05
479.20000000000005  0.007348757239236353  4.207198647884143e-05
479.25  0.007406420496494618  4.123519897757926e-05
479.3  0.007465528765115033  4.03168398035491e-05
479.35  0.007525892433026813  3.932816942387019e-05
479.40000000000003  0.007587320213640789  3.8280134116058895e-05
479.45000000000005  0.007649620208978609  3.718257662447153e-05
479.5  0.007712601220331226  3.604375166418766e-05
479.55  0.007776074234110983  3.48701087230193e-05
479.6  0.007839853980179822  3.3666292194821804e-05
479.65000000000003  0.007903760457132359  3.243531234680603e-05
479.70000000000005  0.00796762033327826  3.117883981296837e-05
479.75  0.008031268148404089  2.9897579188634535e-05
479.8  0.00809454725962612  2.859168335346656e-05
479.85  0.0081573104984085  2.7261174485544796e-05
479.90000000000003  0.008219420534282243  2.5906337471345826e-05
479.95000000000005  0.008280749968126094  2.4528052842995235e-05
480.0  0.008341181193691094  2.3128044495479427e-05
480.05  0.008400606067948145  2.170902835075173e-05
480.1  0.008458925422980917  2.0274758605439943e-05
480.15000000000003  0.008516048441263826  1.8829981651129747e-05
480.20000000000005  0.00857189190448744  1.7380324944081628e-05
480.25  0.008626379319651059  1.5932157602033775e-05
480.3  0.008679439929382983  1.4492455381695896e-05
480.35  0.008731007617951772  1.3068690501579845e-05
480.40000000000003  0.008781019737905854  1.1668747381520222e-05
480.45000000000005  0.008829415896851628  1.030084159476417e-05
480.5  0.008876136743475711  8.97340391092431e-06
480.55  0.008921122787279308  7.694892734257237e-06
480.6  0.008964313285711588  6.473506697953168e-06
480.65000000000003  0.009005645236672714  5.316772247540696e-06
480.70000000000005  0.009045052516894697  4.230985141901705e-06
480.75  0.00908246521759717  3.2205138165591104e-06
480.8  0.00911780925906811  2.2870150779399345e-06
480.85  0.009151006389830161  1.4286502056463133e-06
480.90000000000003  0.009181974654496085  6.394232601530701e-07
480.95000000000005  0.0092106293498679  -9.120544079835514e-08
481.0  0.00923688444590006  -7.78268474144478e-07
481.05  0.009260654408369755  -1.4407145224138243e-06
481.1  0.009281856267357138  -2.1003097224637645e-06
481.15000000000003  0.009300411689444257  -2.780045384028689e-06
481.20000000000005  0.00931624879425631  -3.5020751136099473e-06
481.25  0.009329303532788834  -4.285289060935436e-06
481.3  0.009339520564477302  -5.14284160191395e-06
481.35  0.009346853643938257  -6.0801397823782105e-06
481.40000000000003  0.009351265509135492  -7.0937786424121704e-06
481.45000000000005  0.009352727269362732  -8.171547047444816e-06
481.5  0.009351217556059107  -9.293216534503102e-06
481.55  0.009346721905704939  -1.0431882306463297e-05
481.6  0.009339232519219282  -1.155588885189614e-05
481.65000000000003  0.009328748238462747  -1.2631304449963834e-05
481.70000000000005  0.009315274686272454  -1.3624725583588965e-05
481.75  0.009298824608574282  -1.4506138508173221e-05
481.8  0.009279418344720472  -1.5251562346444718e-05
481.85  0.009257084195197518  -1.5845149147517075e-05
481.90000000000003  0.009231858519920848  -1.6280325429901746e-05
481.95000000000005  0.009203785530543906  -1.65597525886241e-05
482.0  0.00917291671504669  -1.669427988909124e-05
482.05  0.00913931053763941  -1.670064403234298e-05
482.1  0.009103032373902309  -1.6599202793600426e-05
482.15000000000003  0.00906415326340469  -1.6412493736716366e-05
482.20000000000005  0.00902274940073483  -1.616255696114884e-05
482.25  0.00897890186519381  -1.5868692020512584e-05
482.3  0.008932696358116526  -1.554563595881568e-05
482.35  0.008884223069954131  -1.5202200758166314e-05
482.40000000000003  0.008833576780885996  -1.4840535600535526e-05
482.45000000000005  0.008780857299087737  -1.445614355889348e-05
482.5  0.008726170304624647  -1.403868950839842e-05
482.55  0.008669628576161716  -1.3573519965829076e-05
482.6  0.00861135343291148  -1.3043712057843561e-05
482.65000000000003  0.008551476093148496  -1.2432396534433482e-05
482.70000000000005  0.00849013861813421  -1.1725064110985764e-05
482.75  0.008427494194655482  -1.091158598075005e-05
482.8  0.008363706627700149  -9.987740909696274e-06
482.85  0.008298949036245264  -8.956069119697725e-06
482.90000000000003  0.008233401882406  -7.82591785008326e-06
482.95000000000005  0.008167250564964668  -6.6126447865936156e-06
483.0  0.008100682872402598  -5.3360482648367635e-06
483.05  0.008033886616239093  -4.01818636282505e-06
483.1  0.007967047719889663  -2.6808500636160346e-06
483.15000000000003  0.007900348940356568  -1.3430397458628625e-06
483.20000000000005  0.007833969287033888  -1.88193623763942e-08
483.25  0.007768084087820428  1.2841241809128959e-06
483.3  0.007702865548200987  2.5649996497325644e-06
483.35  0.007638483569064903  3.829441003719375e-06
483.40000000000003  0.0075751065516768915  5.088133895542143e-06
483.45000000000005  0.007512901934164491  6.354760327247064e-06
483.5  0.007452036272114552  7.643587567801659e-06
483.55  0.007392674785812658  8.967086059564103e-06
483.6  0.0073349804311704375  1.0333964350878836e-05
483.65000000000003  0.007279112676530362  1.1747959399624284e-05
483.70000000000005  0.007225226243143229  1.3207593776519668e-05
483.75  0.007173470070349922  1.4706861855143062e-05
483.8  0.0071239866728798765  1.62365149536234e-05
483.85  0.007076911888479221  1.7785525455052326e-05
483.90000000000003  0.007032374888677424  1.9342480095886723e-05
483.95000000000005  0.0069904983188835545  2.0896798401549522e-05
484.0  0.006951398474462097  2.2439645621428254e-05
484.05  0.006915185422878228  2.3964374257159988e-05
484.1  0.0068819629773402766  2.5466407573223912e-05
484.15000000000003  0.006851828454064043  2.6942622688805223e-05
484.20000000000005  0.006824872193344126  2.8390421328699994e-05
484.25  0.0068011768914409765  2.980674168665069e-05
484.3  0.006780816874348839  3.1187251857844386e-05
484.35  0.006763857508669005  3.252590009208246e-05
484.40000000000003  0.006750354929772411  3.3814904457970255e-05
484.45000000000005  0.006740356123687722  3.5045166012618394e-05
484.5  0.006733899155380599  3.6207003489661455e-05
484.55  0.0067310131520707675  3.7291044931865675e-05
484.6  0.006731717721604229  3.8289088198797955e-05
484.65000000000003  0.006736021810154836  3.919477212145169e-05
484.70000000000005  0.006743922334624831  4.000397290549752e-05
484.75  0.006755403022927405  4.071491464979392e-05
484.8  0.006770433749526191  4.132801725501723e-05
484.85  0.006788970430229264  4.1845512061443334e-05
484.90000000000003  0.006810955374782348  4.227087472507743e-05
484.95000000000005  0.006836317921870025  4.260816265618807e-05
485.0  0.006864975175925756  4.2861369505589966e-05
485.05  0.0068968327016136095  4.3033905809137244e-05
485.1  0.006931785094930273  4.3128287499559185e-05
485.15000000000003  0.00696971642495409  4.314606829528828e-05
485.20000000000005  0.007010500602378195  4.308800199771525e-05
485.25  0.007054001759020687  4.2954378703964986e-05
485.3  0.007100074719459842  4.274545411003099e-05
485.35  0.0071485656201154225  4.246189305771483e-05
485.40000000000003  0.007199312693238466  4.210516022571306e-05
485.45000000000005  0.007252147206277689  4.1677800472704615e-05
485.5  0.0073068945344959505  4.118356674755599e-05
485.55  0.0073633753303274305  4.06273795217251e-05
485.6  0.007421406730299783  4.0015122627219484e-05
485.65000000000003  0.007480803530752648  3.935329064592749e-05
485.70000000000005  0.0075413792948176815  3.8648532447889124e-05
485.75  0.00760294738584304  3.7907168586614356e-05
485.8  0.007665321937570339  3.713476521864194e-05
485.85  0.007728318785176243  3.633583570968919e-05
485.90000000000003  0.007791756380749906  3.551372079253566e-05
485.95000000000005  0.007855456703955842  3.467066749120114e-05
486.0  0.00791924616888301  3.38080897850011e-05
486.05  0.007982956520366137  3.2926959451239936e-05
486.1  0.008046425696583518  3.202824993134763e-05
486.15000000000003  0.008109498618532458  3.111334045659331e-05
486.20000000000005  0.008172027867368013  3.0184290125355416e-05
486.25  0.008233874215520857  2.924391418221641e-05
486.3  0.008294906983460486  2.8295627912194986e-05
486.35  0.008355004209026153  2.7343063204718757e-05
486.40000000000003  0.008414052637245723  2.63895090436033e-05
486.45000000000005  0.008471947552934244  2.5437275022738904e-05
486.5  0.008528592472724262  2.4487108605822114e-05
486.55  0.008583898687264814  2.353779537631852e-05
486.6  0.008637784619513526  2.25860372530434e-05
486.65000000000003  0.00869017496345172  2.1626641716947673e-05
486.70000000000005  0.008740999592091486  2.0652983212431737e-05
486.75  0.008790192272110444  1.9657652492314884e-05
486.8  0.008837689285870594  1.8633199276689963e-05
486.85  0.008883428101805743  1.7572885491236695e-05
486.90000000000003  0.008927346226292435  1.6471391887602168e-05
486.95000000000005  0.008969380332528152  1.5325439234202175e-05
487.0  0.009009465719412071  1.4134273926909276e-05
487.05  0.009047536101101596  1.2899958910423833e-05
487.1  0.009083523688861355  1.162743666047421e-05
487.15000000000003  0.009117359513028611  1.0324350135855332e-05
487.20000000000005  0.009148973921977097  9.000629007480754e-06
487.25  0.009178297193098327  7.667883832724343e-06
487.3  0.009205260205392838  6.338683922252096e-06
487.35  0.009229795143558536  5.0258137508259905e-06
487.40000000000003  0.00925183621043136  3.7416010263578265e-06
487.45000000000005  0.009271320318796239  2.4973837200849526e-06
487.5  0.009288187728510828  1.3031430703716823e-06
487.55  0.009302382594282496  1.672852838031966e-07
487.6  0.009313853395920564  -9.034840955432822e-07
487.65000000000003  0.0093225532463828  -1.9042716921380638e-06
487.70000000000005  0.009328440120441896  -2.832158677746567e-06
487.75  0.00933147708713784  -3.686408332148484e-06
487.8  0.009331632603158713  -4.4686049692748745e-06
487.85  0.00932888085209555  -5.182533282253923e-06
487.90000000000003  0.009323202121528394  -5.8336362071323016e-06
487.95000000000005  0.009314583207364656  -6.428093481294054e-06
488.0  0.009303017748925942  -6.971767534066774e-06
488.05  0.00928850644042007  -7.46924848659309e-06
488.1  0.009271057125596675  -7.923153601715889e-06
488.15000000000003  0.009250684786998396  -8.333805175689648e-06
488.20000000000005  0.009227411469861918  -8.699354679909714e-06
488.25  0.009201266200335349  -9.016341459186626e-06
488.3  0.00917228489248752  -9.280556036755762e-06
488.35  0.009140510219979497  -9.48789854752857e-06
488.40000000000003  0.009105991645864498  -9.634968440466481e-06
488.45000000000005  0.009068785887887489  -9.719442753199337e-06
488.5  0.009028957855590894  -9.740711619614594e-06
488.55  0.008986581589749746  -9.70056621602811e-06
488.6  0.008941741113795736  -9.602261979044365e-06
488.65000000000003  0.008894531050041336  -9.450038291672844e-06
488.70000000000005  0.008845056610525783  -9.248581020336837e-06
488.75  0.00879343331167608  -9.002310492004852e-06
488.8  0.008739786285370536  -8.714733279470869e-06
488.85  0.008684249251533601  -8.388001023692234e-06
488.90000000000003  0.008626963292452461  -8.022738269260203e-06
488.95000000000005  0.008568075583522598  -7.618119172431744e-06
489.0  0.008507738212471382  -7.172122504159165e-06
489.05  0.008446107175708288  -6.681881993101564e-06
489.1  0.008383341596605209  -6.144056084737066e-06
489.15000000000003  0.008319603168601971  -5.555165026538892e-06
489.20000000000005  0.008255055786735382  -4.911875083082825e-06
489.25  0.008189865298234327  -4.2112347232727136e-06
489.3  0.008124199289915911  -3.4508778015276953e-06
489.35  0.0080582268460943  -2.629204858074794e-06
489.40000000000003  0.0079921182379629  -1.7455446512451275e-06
489.45000000000005  0.007926044524248377  -8.002899575990184e-07
489.5  0.00786017705860377  2.05001990015593e-07
489.55  0.007794686919658465  1.2675540247055944e-06
489.6  0.007729744303377087  2.3833711407862535e-06
489.65000000000003  0.00766551793542501  3.5473136093731574e-06
489.70000000000005  0.007602174562704264  4.753250184604891e-06
489.75  0.0075398785698158185  5.99429297905528e-06
489.8  0.007478791744684738  7.2631047610295985e-06
489.85  0.007419073184537044  8.552254854000615e-06
489.90000000000003  0.007360879293747552  9.854589336614509e-06
489.95000000000005  0.007304363801965367  1.116358093062764e-05
490.0  0.007249677731157889  1.2473634810815602e-05
490.05  0.007196969256315349  1.3780338955245545e-05
490.1  0.007146383429414975  1.5080644929912439e-05
490.15000000000003  0.007098061757483381  1.637295081820081e-05
490.20000000000005  0.007052141645867821  1.7657057355416e-05
490.25  0.007008755750100765  1.8933982148401642e-05
490.3  0.006968031308239283  2.0205623276596815e-05
490.35  0.006930089528708683  2.1474275802471774e-05
490.40000000000003  0.006895045081253583  2.274203039821719e-05
490.45000000000005  0.006863005689515815  2.401011168562371e-05
490.5  0.006834071774817256  2.5278243426693805e-05
490.55  0.006808336069649614  2.6544147846358625e-05
490.6  0.006785883104452218  2.7803280160492642e-05
490.65000000000003  0.006766788480635975  2.904885694135699e-05
490.70000000000005  0.006751117943703517  3.0272145283439925e-05
490.75  0.006738926487740804  3.146291507629652e-05
490.8  0.006730257719816558  3.261004881771245e-05
490.85  0.006725143432228442  3.370234214035641e-05
490.90000000000003  0.006723603316619205  3.472934792814952e-05
490.95000000000005  0.006725644883514967  3.5682030372806275e-05
491.0  0.006731263613866669  3.655314847319514e-05
491.05  0.006740443275741975  3.7337418023745425e-05
491.1  0.006753156289841321  3.803149100092779e-05
491.15000000000003  0.006769364051701855  3.8633766692317144e-05
491.20000000000005  0.006789017177228362  3.914407402103797e-05
491.25  0.0068120556753720075  3.95632982339209e-05
491.3  0.006838409058507732  3.989302718149595e-05
491.35  0.006867996402861742  4.013527405978225e-05
491.40000000000003  0.006900726374035789  4.0292310398919756e-05
491.45000000000005  0.006936497226300932  4.036661363114054e-05
491.5  0.006975196781670199  4.036090393512959e-05
491.55  0.007016702400243588  4.0278227236240834e-05
491.6  0.007060880960997383  4.0122044011484005e-05
491.65000000000003  0.007107588889132476  3.9896296477374246e-05
491.70000000000005  0.007156672308089045  3.9605435713861e-05
491.75  0.007207967437157885  3.925439639645699e-05
491.8  0.0072613013551865255  3.884850201371297e-05
491.85  0.007316493193480272  3.8393279399568894e-05
491.90000000000003  0.007373355719124058  3.789418747305717e-05
491.95000000000005  0.007431697181109112  3.73563123063541e-05
492.0  0.00749132327995473  3.678409471397739e-05
492.05  0.00755203916655188  3.618113133401781e-05
492.1  0.0076136514262416955  3.555006374028724e-05
492.15000000000003  0.007675970016309562  3.4892541553212496e-05
492.20000000000005  0.00773881004374932  3.4209224310532385e-05
492.25  0.007801993135856714  3.349980480795107e-05
492.3  0.007865348144513323  3.2763098565318625e-05
492.35  0.007928711148577124  3.1997295829154195e-05
492.40000000000003  0.007991925024241385  3.1200428710894245e-05
492.45000000000005  0.008054838972717738  3.0370991439830755e-05
492.5  0.008117308272635688  2.9508566747865085e-05
492.55  0.008179194321600407  2.8614302698115458e-05
492.6  0.008240364894595441  2.7691130252742612e-05
492.65000000000003  0.008300694506012323  2.6743673731007142e-05
492.70000000000005  0.00836006477503769  2.5777861042507033e-05
492.75  0.00841836471375203  2.480027589011767e-05
492.8  0.00847549087277794  2.381732100299956e-05
492.85  0.008531347300565123  2.2834301134701788e-05
492.90000000000003  0.008585845293920572  2.1854569037826988e-05
492.95000000000005  0.008638902934616405  2.087888010405518e-05
493.0  0.00869044442138786  1.9905070079173757e-05
493.05  0.008740399218231734  1.892812052508669e-05
493.1  0.008788701052218958  1.7940621659595296e-05
493.15000000000003  0.008835286810804043  1.6933580404137094e-05
493.20000000000005  0.008880095404051389  1.5897469556809756e-05
493.25  0.00892306666465904  1.4823392669044663e-05
493.3  0.008964140356963742  1.3704234499343954e-05
493.35  0.00900325535963698  1.2535662595644385e-05
493.40000000000003  0.009040349077710312  1.131685251601633e-05
493.45000000000005  0.00907535712436346  1.0050844809440049e-05
493.5  0.009108213295231822  8.744502555765296e-06
493.55  0.009138849841599  7.408098933812508e-06
493.6  0.00916719803162551  6.054606377619364e-06
493.65000000000003  0.009193188966831365  4.698784626563189e-06
493.70000000000005  0.009216754589111299  3.3561739765641762e-06
493.75  0.009237828780062077  2.0420947083413773e-06
493.8  0.009256348438487057  7.707372034844262e-07
493.85  0.009272254424002972  -4.45597776951755e-07
493.90000000000003  0.00928549226638869  -1.5970759524147068e-06
493.95000000000005  0.009296012573648649  -2.676712716041737e-06
494.0  0.009303771130096256  -3.680562829995287e-06
494.05  0.00930872875283422  -4.607716879790234e-06
494.1  0.009310851060357839  -5.4601000180967425e-06
494.15000000000003  0.009310108360062417  -6.2420663977879286e-06
494.20000000000005  0.00930647583198167  -6.959787986468928e-06
494.25  0.009299934036986503  -7.620456930547892e-06
494.3  0.009290469578318054  -8.2313485476411e-06
494.35  0.009278075708895286  -8.79881291079805e-06
494.40000000000003  0.00926275283262021  -9.327279313664292e-06
494.45000000000005  0.009244508988406196  -9.81838704509598e-06
494.5  0.009223360281266843  -1.0270396948860097e-05
494.55  0.00919933096407581  -1.0678035496359006e-05
494.6  0.009172453092810994  -1.1033179718411913e-05
494.65000000000003  0.009142765632198065  -1.132745657933385e-05
494.70000000000005  0.009110314522263543  -1.1553148345848205e-05
494.75  0.009075153654562521  -1.1703133725425957e-05
494.8  0.009037345446046858  -1.1772171645701011e-05
494.85  0.008996961624510332  -1.1757245951908673e-05
494.90000000000003  0.008954084047749802  -1.1657570781008685e-05
494.95000000000005  0.008908805238364353  -1.1474442520160132e-05
495.0  0.008861228435408973  -1.12109578534062e-05
495.05  0.008811467077920538  -1.0871631232351987e-05
495.1  0.008759643723199782  -1.0461965337607089e-05
495.15000000000003  0.008705888482904923  -9.988028598420022e-06
495.20000000000005  0.008650337162521263  -9.456085547429823e-06
495.25  0.008593129393539747  -8.872305760290106e-06
495.3  0.008534407096343885  -8.242551745138655e-06
495.35  0.008474313557243679  -7.5722316560799385e-06
495.40000000000003  0.008412993243271822  -6.8661932444534736e-06
495.45000000000005  0.008350592285654566  -6.128631483866654e-06
495.5  0.00828725941016331  -5.362992146907336e-06
495.55  0.008223147019695749  -4.571868958212676e-06
495.6  0.008158412139236897  -3.756907498379179e-06
495.65000000000003  0.008093216974003045  -2.918742565039258e-06
495.70000000000005  0.008027728906043658  -2.056998321660933e-06
495.75  0.007962119880607648  -1.1703691924014863e-06
495.8  0.007896565281319852  -2.5678959765512586e-07
495.85  0.007831242496605082  6.863033411768396e-07
495.90000000000003  0.007766329402286507  1.661628103466799e-06
495.95000000000005  0.00770200295469395  2.6716768845009575e-06
496.0  0.00763843803613951  3.7183425687248415e-06
496.05  0.007575806626782918  4.80260376110383e-06
496.1  0.0075142773073391435  5.924307509511439e-06
496.15000000000003  0.007454015038605266  7.082064728104714e-06
496.20000000000005  0.007395181120951055  8.273247240543853e-06
496.25  0.007337933217260887  9.494067723022773e-06
496.3  0.007282425333344086  1.0739730387981297e-05
496.35  0.0072288076908677565  1.200464073250266e-05
496.40000000000003  0.007177226477413154  1.3282657761076503e-05
496.45000000000005  0.007127823492280655  1.4567370716467167e-05
496.5  0.007080735722437453  1.5852382777097362e-05
496.55  0.007036094888306298  1.713158402373835e-05
496.6  0.0069940269933788  1.839939168035875e-05
496.65000000000003  0.006954651895410566  1.965093694518523e-05
496.70000000000005  0.006918082901463259  2.0882189349192786e-05
496.75  0.006884426372704773  2.20900093780723e-05
496.8  0.006853781304843825  2.3272124122919696e-05
496.85  0.006826238862373148  2.4427040181038342e-05
496.90000000000003  0.006801881896498887  2.5553910198168576e-05
496.95000000000005  0.006780784539364225  2.6652356951343637e-05
497.0  0.006763012010468288  2.7722254065610204e-05
497.05  0.006748620743033408  2.8763471131719773e-05
497.1  0.006737658781495968  2.977561667472671e-05
497.15000000000003  0.006730166152612335  3.075782094284099e-05
497.20000000000005  0.006726174781662353  3.170854935273134e-05
497.25  0.00672570771035363  3.262539213288027e-05
497.3  0.006728777758329869  3.350482294311054e-05
497.35  0.006735386047436951  3.434200645264946e-05
497.40000000000003  0.00674552083542492  3.5130755421286225e-05
497.45000000000005  0.006759156930069931  3.5863694972657465e-05
497.5  0.006776255716411213  3.65326449788012e-05
497.55  0.006796765675861816  3.712920134135491e-05
497.6  0.006820623214775479  3.764547453029156e-05
497.65000000000003  0.006847753597911613  3.807489156803062e-05
497.70000000000005  0.006878071811062835  3.8412902526043305e-05
497.75  0.006911483268878415  3.865743334007808e-05
497.8  0.00694788436175634  3.880899422183629e-05
497.85  0.006987162784701814  3.8870419929292496e-05
497.90000000000003  0.007029197270760252  3.8846239242815283e-05
497.95000000000005  0.007073856035918356  3.874169382883286e-05
498.0  0.007120994626921848  3.856169955789333e-05
498.05  0.007170456325633255  3.831051290628805e-05
498.1  0.007222075275895211  3.7992208015662744e-05
498.15000000000003  0.007275678607131729  3.761100087363256e-05
498.20000000000005  0.007331086966881377  3.717104705361513e-05
498.25  0.007388115004638976  3.667598704540664e-05
498.3  0.00744657233849989  3.6128547976180576e-05
498.35  0.0075062649323996925  3.553042219649e-05
498.40000000000003  0.007566996801782234  3.488248068589015e-05
498.45000000000005  0.007628571967170052  3.418522379823054e-05
498.5  0.0076907965178484635  3.343930831207456e-05
498.55  0.007753480607222473  3.264601265519439e-05
498.6  0.00781644021036731  3.1807561706575034e-05
498.65000000000003  0.007879498524123722  3.092728794380973e-05
498.70000000000005  0.00794248695853186  3.000963991679209e-05
498.75  0.008005245732477753  2.906006170323188e-05
498.8  0.008067624134280818  2.8084765803976914e-05
498.85  0.008129480534592927  2.709041872383233e-05
498.90000000000003  0.008190682241433968  2.608376346151032e-05
498.95000000000005  0.008251105268678154  2.5071211513035115e-05
499.0  0.008310634060508122  2.4058435295164584e-05
499.05  0.008369161187928336  2.30499832411164e-05
499.1  0.008426587011234905  2.2048939003917248e-05
499.15000000000003  0.008482819283615974  2.1056650288431528e-05
499.20000000000005  0.0085377726605993  2.007255670913363e-05
499.25  0.008591368080564788  1.9094148438018534e-05
499.3  0.00864353198972885  1.811708342546725e-05
499.35  0.008694195402693982  1.7135476040576988e-05
499.40000000000003  0.008743292818595578  1.61423466105239e-05
499.45000000000005  0.00879076104056178  1.5130203312216478e-05
499.5  0.008836537973826226  1.4091720341809376e-05
499.55  0.008880561496581332  1.302046541276358e-05
499.6  0.00892276849899166  1.1911612539070645e-05
499.65000000000003  0.008963094173758157  1.0762568367054162e-05
499.70000000000005  0.009001471611621256  9.573448298824852e-06
499.75  0.009037831713506084  8.347347032511502e-06
499.8  0.009072103401123698  7.090360889094963e-06
499.85  0.009104214086791454  5.8113513712126525e-06
499.90000000000003  0.009134090353044466  4.521478520233335e-06
499.95000000000005  0.009161658795975991  3.2335617299394335e-06
500.0  0.009186846997280907  1.96133347127885e-06
